window_start_pt,hours_since_quake,r_bin_km,n_tiles,n_tiles_crisis,n_tiles_overlap,baseline_sum,crisis_sum,baseline_sum_overlap,crisis_sum_overlap,phi_aggregate,phi_overlap,tile_overlap_ratio
2024-07-05 00:00:00,-16.0,0.0,3,1,1,63.2331564045728,29.0,27.264510625778914,29.0,0.4586201551359347,1.0636537878138241,0.3333333333333333
2024-07-05 00:00:00,-16.0,10.0,12,7,7,377.0027544910714,202.84826135897262,286.8472210514525,202.84826135897262,0.5380551174826408,0.707164812736977,0.5833333333333334
2024-07-05 00:00:00,-16.0,20.0,26,19,19,1320.2802126696167,1238.8396141156425,1213.3938576856115,1238.8396141156425,0.9383156713457814,1.0209707312006386,0.7307692307692307
2024-07-05 00:00:00,-16.0,30.0,33,28,26,2378.8807183869612,2362.1647412893763,2175.0631809895012,2300.0662171908957,0.9929731755912001,1.0574709908631374,0.7878787878787878
2024-07-05 00:00:00,-16.0,40.0,67,57,53,10898.833919963481,10733.874562336277,10155.034702815565,10683.99239949543,0.9848644947855343,1.05208822147434,0.7910447761194029
2024-07-05 00:00:00,-16.0,50.0,78,63,61,13818.34948814076,13559.18483799082,13388.721467071224,13434.320179277656,0.9812448910506743,1.003405755532265,0.782051282051282
2024-07-05 00:00:00,-16.0,60.0,97,71,68,5752.561116765952,5746.434741466401,5006.780568088139,5669.80158914221,0.9989350177816111,1.1324246213784537,0.7010309278350515
2024-07-05 00:00:00,-16.0,70.0,143,107,100,19632.276140406313,21197.76062201392,18356.90917855328,20946.393560383047,1.0797403454602799,1.1410632016883926,0.6993006993006993
2024-07-05 00:00:00,-16.0,80.0,159,132,124,16086.830650977734,17265.444493847226,15080.845326439452,17137.98730898506,1.0732657580875236,1.136407604349543,0.779874213836478
2024-07-05 00:00:00,-16.0,90.0,161,126,120,24351.157871765194,25504.65336179739,22323.927931707254,25403.98299472042,1.047369225566463,1.1379710180231537,0.7453416149068323
2024-07-05 00:00:00,-16.0,100.0,188,151,143,21965.773542387717,22188.75746849767,20402.090615138062,22069.02619886472,1.010151426066542,1.081704155479528,0.7606382978723404
2024-07-05 00:00:00,-16.0,110.0,190,169,161,139942.75949571573,146631.19052494146,138591.00226706776,146424.16826945593,1.0477940484618677,1.056520018430154,0.8473684210526315
2024-07-05 00:00:00,-16.0,120.0,194,167,164,196669.6901167045,180829.46208992484,195739.56117216454,180786.62734743452,0.9194577058753689,0.9236080139590278,0.845360824742268
2024-07-05 00:00:00,-16.0,130.0,172,145,141,45057.58713602889,46251.74771406049,42837.99324968873,46141.089907564776,1.026502985488913,1.0771067084917674,0.8197674418604651
2024-07-05 00:00:00,-16.0,140.0,147,110,108,34256.5244410468,33744.214576758226,31825.566242956775,33693.2244801726,0.9850448966248685,1.0586842107681005,0.7346938775510204
2024-07-05 00:00:00,-16.0,150.0,148,119,112,67109.40681811984,54789.40064971146,64668.87586411215,54561.05187227065,0.8164190870916487,0.8436987831197045,0.7567567567567568
2024-07-05 00:00:00,-16.0,160.0,129,103,99,64374.543991034196,53999.71692723663,62470.80840844011,53920.803228884106,0.8388364962205787,0.863135992675887,0.7674418604651163
2024-07-05 00:00:00,-16.0,170.0,103,80,75,32401.18581663092,25992.81759120244,30219.65196779245,25930.272987331886,0.8022180959148976,0.8580599477111084,0.7281553398058253
2024-07-05 00:00:00,-16.0,180.0,71,53,49,15925.268867057915,14118.646603623796,14996.094834257246,14070.926088815153,0.8865562472749711,0.9383060219565544,0.6901408450704225
2024-07-05 00:00:00,-16.0,190.0,118,102,100,169758.04870281846,176658.74393192068,167750.95597590727,176635.84436654876,1.0406501799580807,1.0529647556340458,0.847457627118644
2024-07-05 00:00:00,-16.0,200.0,98,81,80,110538.7983201892,104565.43531619113,109243.44856653774,104549.93758159796,0.9459613900750441,0.9570362246292411,0.8163265306122449
2024-07-05 00:00:00,-16.0,210.0,108,98,91,86436.85333322061,86790.36303392405,85472.10992094078,86604.95401092108,1.004089802984158,1.0132539619184333,0.8425925925925926
2024-07-05 00:00:00,-16.0,220.0,50,47,46,5430.599144702732,5599.377430299789,5380.213045289155,5576.5834111362,1.0310791279377878,1.0364986226742423,0.92
2024-07-05 00:00:00,-16.0,230.0,53,50,45,4569.300569742709,4755.575903179056,4344.551698226657,4648.254023929288,1.0407667061059271,1.0699041804075196,0.8490566037735849
2024-07-05 00:00:00,-16.0,240.0,42,39,37,2925.5162005645448,2892.3834428936716,2805.1574902456105,2871.173034698173,0.9886745601803608,1.0235336321337105,0.8809523809523809
2024-07-05 00:00:00,-16.0,250.0,47,39,37,7598.400257561844,7476.608726710174,7399.9215147703735,7446.076631438309,0.9839714246784427,1.0062372440810095,0.7872340425531915
2024-07-05 00:00:00,-16.0,260.0,28,23,20,1335.543176983668,1293.4736348193271,1216.2065648531488,1259.5409774305165,0.9685000508487077,1.035630799758592,0.7142857142857143
2024-07-05 00:00:00,-16.0,270.0,26,28,24,966.9514741336139,899.1823048430315,939.9786574116011,847.6036006157026,0.9299146119495775,0.9017264316933857,0.9230769230769231
2024-07-05 00:00:00,-16.0,280.0,14,15,12,440.11347601758666,492.59286856229403,410.5779426446991,455.67447947468787,1.1192405945384192,1.1098367256153696,0.8571428571428571
2024-07-05 00:00:00,-16.0,290.0,25,22,22,1850.9207486296405,1801.2907242309334,1813.9696048339647,1801.2907242309334,0.9731863050130852,0.9930104227936103,0.88
2024-07-05 00:00:00,-16.0,300.0,37,28,27,7455.672043812252,7144.632406659826,6666.430873834745,7133.384893164963,0.9582814754559156,1.0700455803363953,0.7297297297297297
2024-07-05 00:00:00,-16.0,310.0,25,26,17,1632.097808436301,1554.3430337859172,1424.8589939971127,1395.1601964193655,0.9523589981871982,0.9791566760620753,0.68
2024-07-05 00:00:00,-16.0,320.0,10,9,8,347.7711619869799,289.34815469946733,312.1024858638517,274.5875276416591,0.8320073264450264,0.8797992328758389,0.8
2024-07-05 00:00:00,-16.0,330.0,22,19,16,719.4661718157674,610.85802847921,629.9017784347229,550.5274018481814,0.8490434330463996,0.8739892800687383,0.7272727272727273
2024-07-05 00:00:00,-16.0,340.0,10,9,8,378.50873148755136,338.73850500698927,351.15803891686704,326.1684413856413,0.8949291702617695,0.9288366069923811,0.8
2024-07-05 00:00:00,-16.0,350.0,22,23,19,3416.2405051298488,3207.1607162432756,3362.1243051523074,3130.9518729558085,0.938798281744913,0.9312421519209634,0.8636363636363636
2024-07-05 00:00:00,-16.0,360.0,16,18,16,650.1899373452658,671.3080210070341,650.1899373452658,641.2000632958648,1.0324798684950336,0.9861734648092113,1.0
2024-07-05 00:00:00,-16.0,370.0,14,14,14,391.00881603263525,346.9306016134969,391.00881603263525,346.9306016134969,0.8872705355690512,0.8872705355690512,1.0
2024-07-05 00:00:00,-16.0,380.0,27,25,22,29751.09059470337,29848.957428614733,29608.436733114228,29809.00711543731,1.0032895208866321,1.0067740956447986,0.8148148148148148
2024-07-05 00:00:00,-16.0,390.0,22,21,20,20277.56558184996,20006.06636691395,20184.388364226405,19994.84236002399,0.986610857509492,0.9906092767944183,0.9090909090909091
2024-07-05 00:00:00,-16.0,400.0,26,21,19,617.2622028662224,579.583057133499,539.3925839740892,556.90108092651,0.9389576333075921,1.03245965456815,0.7307692307692307
2024-07-05 00:00:00,-16.0,410.0,24,24,23,658.1844216730475,627.1188846119039,648.1605926820063,614.9515162440879,0.9528011663020257,0.9487641229459763,0.9583333333333334
2024-07-05 00:00:00,-16.0,420.0,38,29,25,3388.255950279738,3103.3671396589257,3172.717862066347,3017.8742920317445,0.915918745572544,0.9511952916186014,0.6578947368421053
2024-07-05 00:00:00,-16.0,430.0,60,60,57,3464.550782611636,3348.257319414018,3419.872642880081,3313.6373692550674,0.9664333212313448,0.9689358977018669,0.95
2024-07-05 00:00:00,-16.0,440.0,80,74,71,10554.735499803573,9918.43643683064,10383.666060579371,9847.799248481646,0.9397143525780655,0.9483932929881004,0.8875
2024-07-05 00:00:00,-16.0,450.0,56,57,50,2567.32616983629,2694.359130379972,2500.984632847451,2593.677947854722,1.049480647233765,1.0370627287308585,0.8928571428571429
2024-07-05 00:00:00,-16.0,460.0,59,52,45,1949.645422777581,1857.155891749537,1752.5447554148523,1778.6254210812674,0.9525608451939543,1.0148815975088987,0.7627118644067796
2024-07-05 00:00:00,-16.0,470.0,117,99,91,9269.044997515673,8785.48521274661,8830.707938787473,8690.170798180287,0.9478306788996418,0.984085404977567,0.7777777777777778
2024-07-05 00:00:00,-16.0,480.0,122,111,102,12739.97790536754,11800.197900129548,12454.511864930668,11623.217220317372,0.9262337806063189,0.933253534652446,0.8360655737704918
2024-07-05 00:00:00,-16.0,490.0,116,111,103,5093.265755268948,4702.541874418275,4806.350343128785,4599.899388539271,0.9232861783333274,0.957046211813365,0.8879310344827587
2024-07-05 08:00:00,-8.0,0.0,2,1,1,70.43222002186079,15.0,37.45626996833758,15.0,0.2129707113497813,0.40046699825369036,0.5
2024-07-05 08:00:00,-8.0,10.0,15,2,2,525.7310873874407,83.66600124903808,137.30719585869286,83.66600124903808,0.1591421988469552,0.6093344250882625,0.13333333333333333
2024-07-05 08:00:00,-8.0,20.0,29,18,17,2056.846691400253,1252.2986031369705,1779.9756304937684,1242.1021838679753,0.6088439203431516,0.6978197693208945,0.5862068965517241
2024-07-05 08:00:00,-8.0,30.0,42,25,24,3082.017681012632,2094.091757440294,2644.1649094776667,2078.0720677250156,0.6794548163501308,0.7859086474812654,0.5714285714285714
2024-07-05 08:00:00,-8.0,40.0,76,57,55,14268.552844816839,10793.731696191246,12948.283108854917,10772.452292442586,0.756469966757151,0.8319598978397105,0.7236842105263158
2024-07-05 08:00:00,-8.0,50.0,92,56,55,16319.18097437338,11682.162420241657,14379.587816571813,11667.447544165072,0.7158547012001762,0.8113895678371863,0.5978260869565217
2024-07-05 08:00:00,-8.0,60.0,108,64,63,7090.051167810124,5682.225513641546,5600.0902664922805,5623.10041141065,0.8014364606336957,1.0041088882184719,0.5833333333333334
2024-07-05 08:00:00,-8.0,70.0,171,106,103,23890.696722378787,23727.314440975333,21916.67027500413,23679.109481471347,0.9931612592423723,1.0804154638616466,0.6023391812865497
2024-07-05 08:00:00,-8.0,80.0,178,131,127,19790.00358048579,20453.27746563922,18067.669762262372,20385.12156195067,1.0335156020793983,1.1282651183125296,0.7134831460674157
2024-07-05 08:00:00,-8.0,90.0,178,134,130,28972.425913070652,30179.03142782303,26830.142101380785,30124.841420764147,1.0416466856580355,1.1227984297263116,0.7303370786516854
2024-07-05 08:00:00,-8.0,100.0,210,152,146,25910.711775544187,24800.597333897455,23271.9479104594,24600.024499112667,0.9571561579912091,1.0570677020145947,0.6952380952380952
2024-07-05 08:00:00,-8.0,110.0,216,163,160,155661.8167801415,173821.98138874918,153388.39263607247,173282.4526587907,1.1166642210932003,1.1296972976952606,0.7407407407407407
2024-07-05 08:00:00,-8.0,120.0,210,170,168,262852.6648765028,219618.46157991583,260955.80003758072,219584.311542131,0.8355192506155497,0.841461701600456,0.8
2024-07-05 08:00:00,-8.0,130.0,196,153,149,49872.75176135331,54238.865778387204,47067.02131709705,54141.352313740324,1.0875450794840082,1.1503033503858788,0.7602040816326531
2024-07-05 08:00:00,-8.0,140.0,158,119,114,41116.118237856484,33924.5702297264,37942.306582221965,33691.655818766434,0.8250917568013832,0.8879706811117489,0.7215189873417721
2024-07-05 08:00:00,-8.0,150.0,166,140,136,76818.47772177887,71300.75856066178,75259.4200716792,71248.08131779078,0.9281719799095582,0.9466998450151768,0.8192771084337349
2024-07-05 08:00:00,-8.0,160.0,151,126,119,76656.7421871991,68549.2008959633,73561.7651436425,68425.95493763122,0.8942357702674497,0.930183700785555,0.7880794701986755
2024-07-05 08:00:00,-8.0,170.0,125,96,92,39710.33384423921,35335.7151832769,37837.7454660512,35280.94196072311,0.8898367694887325,0.9324271709681512,0.736
2024-07-05 08:00:00,-8.0,180.0,93,63,59,19626.55828246283,17943.657538819985,18203.19078256191,17886.8243943187,0.9142539043563951,0.9826202783884308,0.6344086021505376
2024-07-05 08:00:00,-8.0,190.0,124,110,108,187428.34818118266,233296.46820084416,185796.32275978813,233272.5773505642,1.2447234928161552,1.255528494243436,0.8709677419354839
2024-07-05 08:00:00,-8.0,200.0,106,89,88,138907.27675780046,133001.23711154563,137835.13627163623,132987.92842402536,0.9574821435989086,0.9648332930287215,0.8301886792452831
2024-07-05 08:00:00,-8.0,210.0,118,103,98,108973.64610217365,102837.58295099065,107544.31901072904,102719.7273890695,0.943692228619846,0.9551385729526242,0.8305084745762712
2024-07-05 08:00:00,-8.0,220.0,59,48,47,6423.838173614243,6530.540850719382,6231.34412177597,6515.496053700055,1.0166104242076675,1.045600423659976,0.7966101694915254
2024-07-05 08:00:00,-8.0,230.0,56,59,49,5118.575998259342,5684.543966452647,4848.707802232848,5447.064626260146,1.1105713714880412,1.1234054202548054,0.875
2024-07-05 08:00:00,-8.0,240.0,46,45,40,3698.6147994121884,3362.7027062059974,3261.224755425608,3283.4617794692385,0.909178946328886,1.0068186113228277,0.8695652173913043
2024-07-05 08:00:00,-8.0,250.0,56,47,44,9442.586102131087,9614.629518523163,9105.674762498298,9572.030255024561,1.018219946795428,1.051215918061004,0.7857142857142857
2024-07-05 08:00:00,-8.0,260.0,30,32,29,1477.8031111918533,1616.6690742954634,1463.8381478217163,1580.0975042537862,1.0939678378343745,1.0794209090704947,0.9666666666666667
2024-07-05 08:00:00,-8.0,270.0,38,34,32,1475.6696555439698,1479.6214054332627,1390.4744799307089,1450.5223729604995,1.0026779366740017,1.0431851816746633,0.8421052631578947
2024-07-05 08:00:00,-8.0,280.0,18,22,15,601.0024953535498,691.5929469700139,563.5697614724268,602.5730527321438,1.150732238745819,1.0692075656398135,0.8333333333333334
2024-07-05 08:00:00,-8.0,290.0,30,28,27,2338.659974043528,2324.4703838021155,2296.481190181171,2311.55544893069,0.9939325979839305,1.0065640680245806,0.9
2024-07-05 08:00:00,-8.0,300.0,39,39,35,8707.419445195335,8765.807987742528,8387.294268055975,8672.356092835156,1.0067056081212915,1.0339873403351154,0.8974358974358975
2024-07-05 08:00:00,-8.0,310.0,33,29,26,2107.8851642009363,2133.930050809775,1963.0681667864121,2085.2689105365907,1.0123559324061715,1.062249872835656,0.7878787878787878
2024-07-05 08:00:00,-8.0,320.0,13,12,11,498.2215552472631,423.5983640204563,449.0267672767471,411.32879555174475,0.8502208697297893,0.9160451570545948,0.8461538461538461
2024-07-05 08:00:00,-8.0,330.0,30,23,21,994.0491213067869,915.8995751135222,880.923887173,893.471239777896,0.9213826112631854,1.0142434014874566,0.7
2024-07-05 08:00:00,-8.0,340.0,15,14,12,515.1763853296438,490.20136986135077,471.13907118947725,465.0533083498758,0.9515214280400054,0.9870828738014938,0.8
2024-07-05 08:00:00,-8.0,350.0,33,30,28,4280.72163820244,4152.457708825738,4152.932881924359,4060.24958150456,0.9700368442012123,0.9776824468261447,0.8484848484848485
2024-07-05 08:00:00,-8.0,360.0,22,21,20,906.4834508188842,885.1701510157322,859.8700237920964,873.3779201043617,0.9764879328090345,1.0157092303935593,0.9090909090909091
2024-07-05 08:00:00,-8.0,370.0,16,17,16,611.058957916657,551.6573752563776,611.058957916657,541.5353605723473,0.9027891140606087,0.8862244036461827,1.0
2024-07-05 08:00:00,-8.0,380.0,34,29,28,35307.52883186483,35371.53691739542,35152.40182970829,35360.968960039056,1.0018128735611997,1.0059332255969633,0.8235294117647058
2024-07-05 08:00:00,-8.0,390.0,27,30,24,26128.181515076314,25456.122979304117,26087.155377801228,25358.49938407869,0.9742784037463759,0.9720683998247434,0.8888888888888888
2024-07-05 08:00:00,-8.0,400.0,31,30,28,845.9627804367351,854.5356470270788,812.434820299637,831.4872201307423,1.0101338578819246,1.023450988750185,0.9032258064516129
2024-07-05 08:00:00,-8.0,410.0,27,30,27,876.5301873718347,916.9205798143732,876.5301873718347,884.804458656487,1.0460798647033984,1.0094398018503636,1.0
2024-07-05 08:00:00,-8.0,420.0,50,37,36,4321.0939160162625,3986.0174457799276,4025.4331556352154,3962.0001472048907,0.9224556381442292,0.984241942176701,0.72
2024-07-05 08:00:00,-8.0,430.0,71,70,66,4436.152002840901,4416.484414974206,4370.069879021003,4335.8735468764,0.9955665207472376,0.9921748774982373,0.9295774647887324
2024-07-05 08:00:00,-8.0,440.0,90,88,81,13292.410719555415,12657.763923712504,12995.523710588777,12573.557429169674,0.9522549513980006,0.9675298748387274,0.9
2024-07-05 08:00:00,-8.0,450.0,71,74,64,3381.282693696415,3582.323005139964,3240.8711092508697,3431.5800872056584,1.059456818508059,1.0588449745534223,0.9014084507042254
2024-07-05 08:00:00,-8.0,460.0,85,82,72,2785.9973633595023,2697.1541027424046,2571.8175421470037,2584.633162643802,0.9681107879764947,1.0049830986400767,0.8470588235294118
2024-07-05 08:00:00,-8.0,470.0,142,136,121,12035.611330989748,11483.126696391799,11440.371819004742,11287.635116140173,0.9540958394713702,0.9866493235289046,0.852112676056338
2024-07-05 08:00:00,-8.0,480.0,140,139,128,16315.997172503701,15510.626617553718,16106.229881139188,15363.231285230213,0.9506392072494826,0.9538688692889548,0.9142857142857143
2024-07-05 08:00:00,-8.0,490.0,140,126,123,6813.186969554234,6313.608961849091,6395.377526262126,6267.223302821015,0.9266748424874317,0.9799614294989067,0.8785714285714286
2024-07-05 16:00:00,0.0,0.0,3,1,1,86.8953802607376,31.0,39.4057667811524,31.0,0.35675084114922617,0.78668688702759,0.3333333333333333
2024-07-05 16:00:00,0.0,10.0,16,8,8,555.6569163590833,276.84440700391815,383.35174524152205,276.84440700391815,0.4982290309961919,0.7221681143762594,0.5
2024-07-05 16:00:00,0.0,20.0,26,21,20,1714.7449414760094,1591.9766464859806,1600.406923710074,1580.284189718271,0.9284043404820586,0.9874264890424528,0.7692307692307693
2024-07-05 16:00:00,0.0,30.0,37,29,28,3197.006311259129,2943.109403652312,2951.9653630920334,2927.861450429483,0.9205829194916977,0.9918346221253412,0.7567567567567568
2024-07-05 16:00:00,0.0,40.0,74,63,60,13812.519134878896,12526.200771613934,12939.61015033683,12466.035717553279,0.9068730076893219,0.963401182316824,0.8108108108108109
2024-07-05 16:00:00,0.0,50.0,88,65,62,17086.36691660908,14193.4040333892,15640.192307231751,14137.730709970805,0.8306858972806134,0.903935861673118,0.7045454545454546
2024-07-05 16:00:00,0.0,60.0,99,81,76,7599.84125542682,7347.271291801194,6948.049423286557,7241.781331736455,0.966766415884638,1.042275448914547,0.7676767676767676
2024-07-05 16:00:00,0.0,70.0,149,112,106,25151.006133679453,24812.61515025545,23989.219458033145,24545.208069208693,0.9865456283686851,1.0231766028131177,0.7114093959731543
2024-07-05 16:00:00,0.0,80.0,169,141,132,20820.211447585174,21205.093239360245,19393.977493033537,20965.592311471326,1.0184859694025687,1.0810362298812777,0.7810650887573964
2024-07-05 16:00:00,0.0,90.0,166,141,136,30883.92481693241,31473.339480286577,29973.620269468614,31399.109316501796,1.0190848367507686,1.0475581205812898,0.8192771084337349
2024-07-05 16:00:00,0.0,100.0,195,157,152,26508.188640399116,25936.72100372417,24921.84422838236,25702.312650214386,0.9784418451057794,1.0313166399195766,0.7794871794871795
2024-07-05 16:00:00,0.0,110.0,200,171,163,168611.4712180902,173586.50804486216,167130.82109499467,173342.78245459232,1.0295059214585525,1.0371682572902987,0.815
2024-07-05 16:00:00,0.0,120.0,200,168,166,235513.7870392029,219944.85800263612,234403.73313057172,219903.81127370044,0.9338937680367085,0.9381412502982865,0.83
2024-07-05 16:00:00,0.0,130.0,179,150,145,52682.70590837925,53309.47300938184,50715.442550544474,52663.78888560906,1.0118970180099065,1.0384172204180768,0.8100558659217877
2024-07-05 16:00:00,0.0,140.0,145,116,111,42577.21764334028,36608.371769605175,39645.90434780935,36475.790215277215,0.8598112745709507,0.9200393033106002,0.7655172413793103
2024-07-05 16:00:00,0.0,150.0,155,137,133,80619.97382978044,79352.64721746973,79232.58481366387,79148.75940927438,0.984280240341103,0.9989420337025906,0.8580645161290322
2024-07-05 16:00:00,0.0,160.0,140,121,115,75711.075166022,73133.45976093896,73568.12716336965,73037.20054919578,0.965954579307839,0.9927831979058696,0.8214285714285714
2024-07-05 16:00:00,0.0,170.0,109,94,90,37673.454978354464,35774.903900791134,36541.07248559576,35727.63503447577,0.9496050712987658,0.9777390920466101,0.8256880733944955
2024-07-05 16:00:00,0.0,180.0,77,66,65,18337.850358737804,18786.856876229704,17783.80720177254,18775.974550061732,1.0244852318405986,1.055790491711488,0.8441558441558441
2024-07-05 16:00:00,0.0,190.0,115,103,101,199699.0696375883,218906.4980409094,198022.90144455145,218880.44771261845,1.0961818622298969,1.1053289600137859,0.8782608695652174
2024-07-05 16:00:00,0.0,200.0,98,86,83,130488.13913657391,128251.0782864209,129468.12520340011,128080.56468518803,0.9828562131013945,0.9892826090125878,0.8469387755102041
2024-07-05 16:00:00,0.0,210.0,113,94,91,101062.13544449276,99917.27421640944,100316.96785534745,99857.8926507994,0.9886717095077402,0.9954237531859016,0.8053097345132744
2024-07-05 16:00:00,0.0,220.0,48,44,40,6397.062712036114,6510.409226131047,6223.7944952426515,6419.740660643693,1.017718524766323,1.0314833925751918,0.8333333333333334
2024-07-05 16:00:00,0.0,230.0,55,51,46,5651.102670817936,5755.2045212291005,5265.52246363623,5693.080051847319,1.0184215110705281,1.081199461433088,0.8363636363636363
2024-07-05 16:00:00,0.0,240.0,43,43,40,3668.3512606843005,3700.8166947055593,3577.507605576179,3657.250347090348,1.008850143215348,1.0222900271099007,0.9302325581395349
2024-07-05 16:00:00,0.0,250.0,53,51,47,9669.574717611258,9551.848129108805,9430.638156384106,9492.483973646675,0.9878250500212757,1.0065579673651992,0.8867924528301887
2024-07-05 16:00:00,0.0,260.0,32,33,29,1702.7314354659377,1794.590209293132,1657.4196756548092,1738.8264915305588,1.0539478933165158,1.0491165979694235,0.90625
2024-07-05 16:00:00,0.0,270.0,36,40,34,1434.1603923279226,1536.3744280259032,1410.5315755428921,1439.0144422197773,1.0712709932897164,1.020193001823389,0.9444444444444444
2024-07-05 16:00:00,0.0,280.0,17,20,15,604.8318571555345,731.0413239634594,577.9297013280434,654.9412350789821,1.208668682568203,1.1332541545692694,0.8823529411764706
2024-07-05 16:00:00,0.0,290.0,28,26,26,2325.6907028335677,2287.4887310910676,2295.0657785541553,2287.4887310910676,0.9835739242127272,0.996698548889583,0.9285714285714286
2024-07-05 16:00:00,0.0,300.0,40,30,29,8740.74053933332,8656.353017813464,8092.859470908057,8645.84182665103,0.9903454951968759,1.0683296624302963,0.725
2024-07-05 16:00:00,0.0,310.0,30,30,25,2123.6298759569218,2212.112268927256,2053.5308074903915,2144.573488792024,1.0416656376763693,1.044334704387949,0.8333333333333334
2024-07-05 16:00:00,0.0,320.0,14,14,11,512.3298303989121,504.45164249412716,469.90434385389904,467.52025636053406,0.9846228202276436,0.994926440828761,0.7857142857142857
2024-07-05 16:00:00,0.0,330.0,29,27,23,977.179111133092,1010.953006713479,905.1627345762962,964.2132626011672,1.0345626458809833,1.065237471417239,0.7931034482758621
2024-07-05 16:00:00,0.0,340.0,16,16,13,540.2896080213585,554.4470053920027,507.17151488648875,515.998504437231,1.0262033493897675,1.0174043480196593,0.8125
2024-07-05 16:00:00,0.0,350.0,33,29,26,4231.042889393149,4213.865403051525,4098.214169858147,4181.302966646496,0.9959401294690994,1.0202743910748875,0.7878787878787878
2024-07-05 16:00:00,0.0,360.0,21,21,18,850.3162397172146,782.1337197458327,692.4533396084175,737.3063303180966,0.919815103150262,1.0647740261243355,0.8571428571428571
2024-07-05 16:00:00,0.0,370.0,15,13,11,489.6915474663766,362.509095468618,419.5924225433043,334.99145924189287,0.7402804833863479,0.798373472074129,0.7333333333333333
2024-07-05 16:00:00,0.0,380.0,34,28,28,36146.86381258745,36182.83488010971,36031.42877900083,36182.83488010971,1.0009951366101568,1.004202056544511,0.8235294117647058
2024-07-05 16:00:00,0.0,390.0,26,31,25,24299.84569955365,24156.746438602226,24283.401766630228,24087.97033839523,0.9941111041312475,0.9919520572070938,0.9615384615384616
2024-07-05 16:00:00,0.0,400.0,31,31,28,907.235129664992,897.7791469683904,872.6231657361188,858.3948800553544,0.9895771422562821,0.9836948109568443,0.9032258064516129
2024-07-05 16:00:00,0.0,410.0,29,28,27,921.2087314567332,871.9701406054796,899.905526372206,861.7590149645373,0.9465500172003459,0.9576105376733833,0.9310344827586207
2024-07-05 16:00:00,0.0,420.0,43,38,38,4206.225985796537,4059.4191398496196,4117.98897047683,4059.4191398496196,0.9650977274063137,0.9857770792862447,0.8837209302325582
2024-07-05 16:00:00,0.0,430.0,71,66,63,4639.00324844542,4454.682028752187,4504.204807202932,4415.064203069112,0.9602670638881314,0.9802094691628432,0.8873239436619719
2024-07-05 16:00:00,0.0,440.0,93,87,85,13135.153005581118,12614.309873887816,12866.755567423581,12589.275362299806,0.9603473875430308,0.978434329954452,0.9139784946236559
2024-07-05 16:00:00,0.0,450.0,73,73,68,3442.480609526316,3510.604703284722,3381.4465157287864,3447.9894045298765,1.0197892454557005,1.0196788233945342,0.9315068493150684
2024-07-05 16:00:00,0.0,460.0,88,84,77,2974.1476517948518,2805.765064322686,2734.6442427824704,2722.268059409132,0.9433845904151567,0.9954742985651597,0.875
2024-07-05 16:00:00,0.0,470.0,151,141,135,12230.823663576015,12215.785193490594,11889.786639775899,12147.364106995563,0.9987704450248754,1.0216637585705675,0.8940397350993378
2024-07-05 16:00:00,0.0,480.0,141,138,132,16168.07224745315,15744.07939677236,16035.524156386356,15655.962097447078,0.9737759181062802,0.9763299250315985,0.9361702127659575
2024-07-05 16:00:00,0.0,490.0,144,132,127,6878.797085882596,6630.597713734713,6550.439457693878,6551.661361566249,0.963918201242298,1.0001865376941903,0.8819444444444444
2024-07-06 00:00:00,8.0,0.0,3,1,1,64.8695835089858,23.0,29.869194865495896,23.0,0.354557540774314,0.770024103547866,0.3333333333333333
2024-07-06 00:00:00,8.0,10.0,11,9,8,368.5870444940663,237.42525486992096,326.67411243309687,223.3608718076829,0.6441497562558609,0.6837421861930594,0.7272727272727273
2024-07-06 00:00:00,8.0,20.0,25,19,18,1309.2863335813795,1122.6692439291971,1202.1543316193586,1111.1117032601517,0.8574665565005051,0.9242671045101437,0.72
2024-07-06 00:00:00,8.0,30.0,32,28,26,2407.3223355979403,2102.5131719055084,2299.346066519862,2077.9284284223595,0.8733824884249569,0.9037040829471027,0.8125
2024-07-06 00:00:00,8.0,40.0,70,61,55,10763.106142485607,9504.558383779107,10131.935275595613,9414.005137022528,0.8830683501541821,0.9291418550311573,0.7857142857142857
2024-07-06 00:00:00,8.0,50.0,82,56,54,13360.768040097102,11270.619172891009,12076.70882980695,11231.536623843962,0.8435607248824819,0.9300163465167771,0.6585365853658537
2024-07-06 00:00:00,8.0,60.0,98,77,73,5959.915493898458,5551.5446411630555,5400.618270820884,5486.763274753017,0.9314804290172439,1.0159509522081143,0.7448979591836735
2024-07-06 00:00:00,8.0,70.0,140,116,107,19919.697889909687,19213.394668829853,18999.25761727138,18977.40867659198,0.9645424732351181,0.9988500108204469,0.7642857142857142
2024-07-06 00:00:00,8.0,80.0,160,139,127,16470.541402500567,15963.394088327621,15497.248367583203,15703.548462189252,0.9692088255158419,1.0133120467397028,0.79375
2024-07-06 00:00:00,8.0,90.0,159,144,132,24593.743975596448,24083.974874366068,23678.906789657405,23896.671578562586,0.9792724075790897,1.0091965727488863,0.8301886792452831
2024-07-06 00:00:00,8.0,100.0,184,165,156,22107.203670723124,20608.89941550519,21051.06157394711,20307.55106365164,0.9322255189966808,0.964680616809575,0.8478260869565217
2024-07-06 00:00:00,8.0,110.0,194,168,162,136541.4925666611,132336.36649029155,135401.74985858402,131826.68904900126,0.9692025771996263,0.9735966424856649,0.8350515463917526
2024-07-06 00:00:00,8.0,120.0,193,162,160,184590.3911942885,171907.14387982275,183460.4966590028,171879.1969851438,0.9312897749855454,0.9368730604965868,0.8290155440414507
2024-07-06 00:00:00,8.0,130.0,169,151,144,45440.15061677425,41878.19721639609,44664.07275547822,41728.201005733,0.921612200839333,0.9342677107433037,0.8520710059171598
2024-07-06 00:00:00,8.0,140.0,143,123,117,34420.18556082381,30381.91280588716,33334.15972106845,30208.00049161395,0.8826771939447965,0.9062175481364048,0.8181818181818182
2024-07-06 00:00:00,8.0,150.0,147,129,123,66759.1183712762,63916.477769167,65233.28048324953,63837.04746248932,0.9574194406477922,0.9785963083503253,0.8367346938775511
2024-07-06 00:00:00,8.0,160.0,132,120,111,64002.22524252748,59793.85948315119,63288.827874290655,59600.16871466955,0.9342465712179651,0.9417170568090182,0.8409090909090909
2024-07-06 00:00:00,8.0,170.0,102,93,85,31448.345712405833,28306.448814993004,30502.691532246157,28166.18494607961,0.9000934126664283,0.9233999864013152,0.8333333333333334
2024-07-06 00:00:00,8.0,180.0,74,65,58,15806.641316784493,14575.169218952838,15087.643421984943,14474.66988833079,0.9220914757821449,0.9593724800812193,0.7837837837837838
2024-07-06 00:00:00,8.0,190.0,115,105,101,167788.30275817256,174398.19859369774,166090.93620008358,174246.8310969821,1.0393942588778182,1.049104996837837,0.8782608695652174
2024-07-06 00:00:00,8.0,200.0,98,84,83,106719.44063538054,102937.94633846307,106129.51954491566,102926.2601056535,0.9645660221380152,0.9698174508562956,0.8469387755102041
2024-07-06 00:00:00,8.0,210.0,110,103,99,81623.01542311627,79395.33843284259,81211.78652123,79331.53220761693,0.9727077347151918,0.9768475193792031,0.9
2024-07-06 00:00:00,8.0,220.0,49,45,44,5194.744431533771,5227.886687250919,5119.005773409966,5216.849905374594,1.0063799588514815,1.0191138936535031,0.8979591836734694
2024-07-06 00:00:00,8.0,230.0,51,51,42,4465.4098866356035,4437.13428639428,4291.0285405609375,4257.748979343174,0.9936678600712672,0.9922443859547453,0.8235294117647058
2024-07-06 00:00:00,8.0,240.0,42,42,39,2865.099876112115,2585.9886967252232,2576.961611225071,2523.3377280119057,0.9025823910314638,0.9791910430564494,0.9285714285714286
2024-07-06 00:00:00,8.0,250.0,46,46,40,7399.18554439773,7292.767953615983,7231.787293948147,7162.697735371175,0.9856176615462332,0.9904464061553928,0.8695652173913043
2024-07-06 00:00:00,8.0,260.0,26,26,22,1373.4857313411317,1358.973543011683,1323.9023222447117,1289.4270216466302,0.9894340450735675,0.9739593321812233,0.8461538461538461
2024-07-06 00:00:00,8.0,270.0,26,27,24,955.1729739006503,936.0142006512307,931.3598217271098,904.1477697181252,0.9799420903093806,0.9707824501613966,0.9230769230769231
2024-07-06 00:00:00,8.0,280.0,13,12,9,429.1622871303169,455.2833161215699,383.6624944652349,408.73532261107715,1.0608651546852281,1.0653512618709051,0.6923076923076923
2024-07-06 00:00:00,8.0,290.0,23,25,22,1748.2667580665122,1721.357190530268,1725.1352996620956,1678.2152114440319,0.9846078595202459,0.9728020821165424,0.9565217391304348
2024-07-06 00:00:00,8.0,300.0,37,27,26,6935.4697264084925,6639.206968382306,6415.419186362846,6623.583411364434,0.957282957072382,1.0324474861197035,0.7027027027027027
2024-07-06 00:00:00,8.0,310.0,26,25,21,1606.2547472799502,1611.9959052268996,1507.774088355482,1561.5903783842405,1.0035742511931383,1.0356925420355614,0.8076923076923077
2024-07-06 00:00:00,8.0,320.0,11,10,10,350.8553300559224,305.0871261890459,336.78509356153177,305.0871261890459,0.869552490881123,0.9058807293479735,0.9090909090909091
2024-07-06 00:00:00,8.0,330.0,23,20,18,668.7003770780939,627.2909368188502,615.8916682814244,604.4561234796929,0.9380747466598068,0.981432538560489,0.782608695652174
2024-07-06 00:00:00,8.0,340.0,10,10,8,357.921642274703,353.7891293525458,331.50091883772564,328.30075179347307,0.9884541406999202,0.9903464308470918,0.8
2024-07-06 00:00:00,8.0,350.0,25,24,22,3224.67975402221,3021.4158253005185,3180.91824332305,2977.4497421904043,0.9369661658748729,0.9360346649714312,0.88
2024-07-06 00:00:00,8.0,360.0,16,17,15,592.8961332457383,605.6633483099897,578.7095022901757,577.9735671340861,1.0215336453526167,0.9987283167924889,0.9375
2024-07-06 00:00:00,8.0,370.0,15,11,10,381.8052135446296,265.90097814676403,262.88971643337726,253.79050899229617,0.6964309776657426,0.965387739145791,0.6666666666666666
2024-07-06 00:00:00,8.0,380.0,26,25,23,28257.19216536084,27766.28308754899,28136.241041215035,27656.519868461168,0.9826271104737139,0.9829500617352847,0.8846153846153846
2024-07-06 00:00:00,8.0,390.0,25,24,22,18608.67445795696,18116.279175624997,18576.238958719798,18080.56608099902,0.9735394757190017,0.9733168334654682,0.88
2024-07-06 00:00:00,8.0,400.0,24,23,21,594.3875190154129,566.323485628914,562.8609494551692,544.8988915734899,0.952784955119875,0.9680879302444662,0.875
2024-07-06 00:00:00,8.0,410.0,23,24,22,618.3599719794114,646.5388909268472,607.665951938063,615.2580654889334,1.0455704124205085,1.012493893275831,0.9565217391304348
2024-07-06 00:00:00,8.0,420.0,39,39,37,3216.2119491908297,3070.631941767393,3175.449136746027,3044.8565598517166,0.9547355678906475,0.9588742973763604,0.9487179487179487
2024-07-06 00:00:00,8.0,430.0,57,54,49,3250.900534578284,3129.94542613327,3081.6193060274495,3044.5144920392036,0.9627933530544931,0.9879593128470894,0.8596491228070176
2024-07-06 00:00:00,8.0,440.0,75,76,70,9963.525565597736,9714.153838108903,9759.909900417939,9608.151431413678,0.974971537349202,0.9844508329940872,0.9333333333333333
2024-07-06 00:00:00,8.0,450.0,53,58,49,2497.928369540215,2673.6423427339623,2443.222769878335,2542.6119132536683,1.0703438798871925,1.0406795256661276,0.9245283018867925
2024-07-06 00:00:00,8.0,460.0,60,50,45,1860.5752128780534,1782.0615456540365,1620.5322214074818,1723.7392800136645,0.9578014010502875,1.0636871376223203,0.75
2024-07-06 00:00:00,8.0,470.0,104,114,101,8717.899998787654,8853.182104616315,8628.196854283602,8679.424988357929,1.015517740034581,1.0059372931493669,0.9711538461538461
2024-07-06 00:00:00,8.0,480.0,116,118,107,12144.741842870244,11974.861704708055,12025.696305173658,11850.75774866436,0.9860120420540747,0.9854529374374741,0.9224137931034483
2024-07-06 00:00:00,8.0,490.0,110,103,96,4655.586616560414,4548.610714473178,4435.8199821815915,4464.909634171671,0.9770220359112831,1.0065578973238163,0.8727272727272727
2024-07-06 08:00:00,16.0,0.0,3,2,2,90.85949280888181,47.77183360483586,77.30805607124077,47.77183360483586,0.5257770226091997,0.6179412086214308,0.6666666666666666
2024-07-06 08:00:00,16.0,10.0,16,13,12,584.1763080225461,417.43720789372713,525.8960604909979,398.84063330037003,0.7145740115801072,0.7584020175545644,0.75
2024-07-06 08:00:00,16.0,20.0,29,26,24,2072.36483537964,1756.9937730553731,1958.7292360554993,1692.752835453094,0.8478206843987035,0.8642097153060163,0.8275862068965517
2024-07-06 08:00:00,16.0,30.0,42,32,29,3240.452065366507,2892.6281960030396,3001.499076418173,2827.8041860562057,0.892661930388985,0.9421306200869316,0.6904761904761905
2024-07-06 08:00:00,16.0,40.0,74,68,65,14674.046381742504,14021.741148999345,14360.425879690796,13941.331347770369,0.9555470102946683,0.9708160095367971,0.8783783783783784
2024-07-06 08:00:00,16.0,50.0,91,76,74,16589.526812111868,15968.105403777314,15997.724329222156,15925.108386620675,0.9625413421749401,0.9954608579878554,0.8131868131868132
2024-07-06 08:00:00,16.0,60.0,107,93,87,7756.949474880994,7564.906961756373,7255.046903537244,7435.922333339581,0.9752425210778407,1.024930980075973,0.8130841121495327
2024-07-06 08:00:00,16.0,70.0,169,135,129,25470.935811294512,25391.847172868627,23971.376573847017,25218.278805645416,0.9968949457133485,1.0520162965175217,0.7633136094674556
2024-07-06 08:00:00,16.0,80.0,189,168,153,21155.993628614586,21272.894548978824,20366.925673868252,20725.81624949004,1.0055256643774992,1.017621244431714,0.8095238095238095
2024-07-06 08:00:00,16.0,90.0,185,164,156,30706.04378548802,30982.43945080858,29733.592027756662,30766.103317454646,1.009001344075826,1.0347254138932869,0.8432432432432433
2024-07-06 08:00:00,16.0,100.0,203,185,170,27255.520286605693,26797.289844220886,26442.549819874836,26457.987361429907,0.983187609791841,1.0005838144074695,0.8374384236453202
2024-07-06 08:00:00,16.0,110.0,216,191,187,162947.33956706082,163315.39912506015,161799.79701903526,163236.6239275388,1.0022587638373062,1.0088802763351705,0.8657407407407407
2024-07-06 08:00:00,16.0,120.0,207,191,188,245434.2189481721,234281.37159307746,244259.11118407757,234236.9213143468,0.9545587106684184,0.9589690234229261,0.9082125603864735
2024-07-06 08:00:00,16.0,130.0,190,169,164,53644.85394069512,51521.00852141691,52694.532347130036,51426.96973968556,0.960409149000086,0.9759450828959959,0.8631578947368421
2024-07-06 08:00:00,16.0,140.0,156,142,134,42981.24167385224,40773.092858972625,41633.91333817934,40607.73976373732,0.9486252902688257,0.9753524592774468,0.8589743589743589
2024-07-06 08:00:00,16.0,150.0,165,148,144,78835.84413037426,77683.76907815131,78359.66818426076,77510.52651248622,0.985386405575645,0.9891635366579423,0.8727272727272727
2024-07-06 08:00:00,16.0,160.0,153,148,137,77873.19051051294,74902.0099787873,77421.87552434449,74685.86089662698,0.9618459124090398,0.9646609616573135,0.8954248366013072
2024-07-06 08:00:00,16.0,170.0,124,104,98,38946.59298269281,36447.42618817355,37408.88652152574,36340.5542913461,0.9358309263244196,0.9714417527620102,0.7903225806451613
2024-07-06 08:00:00,16.0,180.0,92,80,73,19760.24693247164,18667.246011635743,18923.84313153879,18566.63392639217,0.9446868794417852,0.9811238550930867,0.7934782608695652
2024-07-06 08:00:00,16.0,190.0,122,114,110,195772.7897305721,206233.26242649852,195291.03548160833,206141.37115066373,1.0534316986049104,1.0555598245577291,0.9016393442622951
2024-07-06 08:00:00,16.0,200.0,105,96,96,135578.4214496188,135224.43045356183,135267.9626728458,135224.43045356183,0.9973890314382476,0.9996781779038895,0.9142857142857143
2024-07-06 08:00:00,16.0,210.0,118,113,106,104321.89247475745,103130.53694273284,103966.2136290096,103018.3782895148,0.9885800046014993,0.9908832369054333,0.8983050847457628
2024-07-06 08:00:00,16.0,220.0,54,50,46,6397.712198146831,6226.429732053727,6248.367694817164,6171.838535133796,0.9732275443489443,0.9877521356902784,0.8518518518518519
2024-07-06 08:00:00,16.0,230.0,59,55,49,5548.42199284375,5729.588709960444,5349.492475266399,5641.7131485873415,1.0326519355143426,1.0546258686542764,0.8305084745762712
2024-07-06 08:00:00,16.0,240.0,46,44,40,3729.1195152398664,3260.012797678883,3307.0816451143673,3196.3584090238924,0.8742044293179997,0.9665193521139555,0.8695652173913043
2024-07-06 08:00:00,16.0,250.0,58,56,50,9505.324021142707,9693.690574398262,9267.452293825798,9561.670485710376,1.0198169523560239,1.031747473043977,0.8620689655172413
2024-07-06 08:00:00,16.0,260.0,33,32,30,1649.4045517299846,1715.7490196161975,1612.5283556239933,1694.5702088580151,1.0402232841037253,1.0508777739925537,0.9090909090909091
2024-07-06 08:00:00,16.0,270.0,34,37,29,1413.1499403049672,1375.2738734787088,1343.3226348850874,1262.9434717676095,0.9731974182314408,0.9401639181607673,0.8529411764705882
2024-07-06 08:00:00,16.0,280.0,17,22,16,573.2982657138609,672.5709965615478,561.2780876001013,600.1014888826772,1.1731607032232587,1.0691696364783738,0.9411764705882353
2024-07-06 08:00:00,16.0,290.0,30,27,26,2282.153306918801,2241.030273127177,2218.8099695710607,2230.5034875989572,0.9819805997840062,1.0052701755392586,0.8666666666666667
2024-07-06 08:00:00,16.0,300.0,41,31,31,8568.931129213808,8352.676339747291,8262.267634707916,8352.676339747291,0.9747629212785658,1.0109423597777913,0.7560975609756098
2024-07-06 08:00:00,16.0,310.0,33,31,28,2145.3756946829785,2171.1669323016818,2009.8665858761753,2134.763591376216,1.0120217813982992,1.0621419383643285,0.8484848484848485
2024-07-06 08:00:00,16.0,320.0,14,13,13,510.55921600797853,467.11011131911664,499.91224395883177,467.11011131911664,0.9148989905057694,0.9343842183580996,0.9285714285714286
2024-07-06 08:00:00,16.0,330.0,28,27,23,925.1874583597015,910.2322556427234,852.098118844752,864.0167081503303,0.9838354891413112,1.0139873437600557,0.8214285714285714
2024-07-06 08:00:00,16.0,340.0,15,15,13,506.5627021773933,538.1412794658357,476.90975354669143,514.2330616675727,1.0623389309017541,1.0782607355863758,0.8666666666666667
2024-07-06 08:00:00,16.0,350.0,36,33,30,4308.16927737352,4006.6882277087248,4235.823129878811,3967.89708099666,0.9300210761800443,0.9367475834880251,0.8333333333333334
2024-07-06 08:00:00,16.0,360.0,23,22,20,887.7321926871494,881.288149848831,847.9192417708584,816.3058317592718,0.9927410057994941,0.9627164847143193,0.8695652173913043
2024-07-06 08:00:00,16.0,370.0,16,16,15,563.2252002470524,502.42400135250983,545.9480129438913,490.28919283330595,0.892048156105457,0.8980510620224466,0.9375
2024-07-06 08:00:00,16.0,380.0,33,26,26,35171.6533465476,35013.04951690808,34995.30025576526,35013.04951690808,0.9954905779356804,1.000507189851583,0.7878787878787878
2024-07-06 08:00:00,16.0,390.0,27,25,22,24135.88846405577,24036.345101162813,24072.09255868876,23984.41685492006,0.9958757116796756,0.9963577863638176,0.8148148148148148
2024-07-06 08:00:00,16.0,400.0,31,32,28,869.7095314930235,848.7211256611744,832.6262569695092,806.0987690574635,0.975867338379265,0.9681399815463457,0.9032258064516129
2024-07-06 08:00:00,16.0,410.0,29,30,27,899.6325864081662,851.1289132037665,873.2470687173169,796.5400418474911,0.94608501966558,0.9121588498630769,0.9310344827586207
2024-07-06 08:00:00,16.0,420.0,46,44,40,4129.702836825041,4007.000504822089,4023.667274667566,3884.120634152956,0.9702878543926209,0.965318543759029,0.8695652173913043
2024-07-06 08:00:00,16.0,430.0,71,68,62,4328.8426339242515,4322.702745572496,4209.007233211999,4234.87588293691,0.9985816328125123,1.006146021684351,0.8732394366197183
2024-07-06 08:00:00,16.0,440.0,92,87,82,13031.905628358458,12594.712805837335,12853.083355454311,12531.466150421596,0.96645211874695,0.9749774278950557,0.8913043478260869
2024-07-06 08:00:00,16.0,450.0,74,81,67,3357.0182467559484,3641.6074848664966,3276.0353499929106,3447.168989001536,1.0847744090713718,1.0522380318664741,0.9054054054054054
2024-07-06 08:00:00,16.0,460.0,84,75,66,2687.633113543156,2549.3274344079127,2412.4400231686063,2435.4739120736463,0.9485399705643185,1.0095479633416071,0.7857142857142857
2024-07-06 08:00:00,16.0,470.0,140,133,122,11751.448322669441,11537.865822607735,11293.189947591109,11396.354275653857,0.9818250062292586,1.0091350919041926,0.8714285714285714
2024-07-06 08:00:00,16.0,480.0,141,143,132,16087.789942185918,15958.52145982741,15963.91545074576,15736.87818147759,0.9919648079181134,0.9857780962340561,0.9361702127659575
2024-07-06 08:00:00,16.0,490.0,135,136,127,6455.945157018028,6410.395298778114,6348.140860130724,6306.099029203233,0.9929445097298575,0.9933773002436771,0.9407407407407408
2024-07-06 16:00:00,24.0,0.0,3,2,2,104.52903330073565,50.543667209671725,89.47514122155081,50.543667209671725,0.483537115131017,0.5648906111756756,0.6666666666666666
2024-07-06 16:00:00,24.0,10.0,16,17,13,649.4460919754467,542.9571276245933,596.5222148006891,488.5351219863321,0.8360310953185636,0.8189722190808304,0.8125
2024-07-06 16:00:00,24.0,20.0,27,25,23,1865.2979663003719,1869.265650056581,1784.7893667958306,1807.9162325378581,1.0021271045312288,1.0129577563449665,0.8518518518518519
2024-07-06 16:00:00,24.0,30.0,38,36,32,3427.046565748283,3145.6378509479287,3285.0528934598183,3098.1381227346847,0.9178859378180321,0.9431014425681667,0.8421052631578947
2024-07-06 16:00:00,24.0,40.0,75,65,64,14366.26380795183,13746.915719373763,14100.467502993879,13727.974129135631,0.9568887153363248,0.9735829061143428,0.8533333333333334
2024-07-06 16:00:00,24.0,50.0,89,79,71,17273.01592484012,17099.290257825545,16865.68159469701,16942.79968740602,0.989942366302995,1.0045724859843943,0.797752808988764
2024-07-06 16:00:00,24.0,60.0,100,84,81,8384.895679044259,7817.597572908311,7966.05205453515,7771.808792626266,0.9323428545982089,0.9756161194304148,0.81
2024-07-06 16:00:00,24.0,70.0,153,123,121,27048.63464617004,26554.338828226868,26273.990416111643,26341.26039114168,0.9817256647365318,1.0025603257809208,0.7908496732026143
2024-07-06 16:00:00,24.0,80.0,169,145,138,22286.73699557729,21596.476731708077,21418.44778377617,21324.370917979588,0.9690282043528314,0.9956076711652353,0.8165680473372781
2024-07-06 16:00:00,24.0,90.0,169,153,141,32220.346523326363,32418.935440057914,31173.52222478268,32207.08467363506,1.0061634630958354,1.033155138562774,0.834319526627219
2024-07-06 16:00:00,24.0,100.0,189,176,166,27383.757088269995,27126.27849595156,26573.820285098558,26683.343956723238,0.9905973971545078,1.0041214876314226,0.8783068783068783
2024-07-06 16:00:00,24.0,110.0,197,179,173,165222.6374698467,164949.63263802405,164259.19793103277,164827.12395628908,0.9983476548007989,1.003457499077128,0.8781725888324873
2024-07-06 16:00:00,24.0,120.0,201,183,180,221768.7015986773,217281.03183019458,220867.3837247018,217227.19125505653,0.9797641879303428,0.983518650838086,0.8955223880597015
2024-07-06 16:00:00,24.0,130.0,176,156,153,53390.18535407928,51512.85125388678,52385.444073049286,51353.218082804684,0.964837468015101,0.9802955571245096,0.8693181818181818
2024-07-06 16:00:00,24.0,140.0,149,133,126,44049.472710528935,41695.134653039844,43128.957017936365,41533.93623692531,0.9465524122624436,0.9630174042848353,0.8456375838926175
2024-07-06 16:00:00,24.0,150.0,154,143,137,81324.9330759747,79606.80396032045,80695.95698206233,79390.45104558156,0.9788732796859587,0.9838219164217736,0.8896103896103896
2024-07-06 16:00:00,24.0,160.0,137,126,121,75783.71041759434,73428.24034839061,75159.02736375676,73334.83239972909,0.9689185174990208,0.975728864142974,0.8832116788321168
2024-07-06 16:00:00,24.0,170.0,107,102,95,37874.848455029416,36189.740987118545,36952.20952613061,36077.73036501467,0.9555085356998411,0.9763348613701285,0.8878504672897196
2024-07-06 16:00:00,24.0,180.0,79,75,71,18191.199870038854,17445.9869878024,17925.328739225763,17338.963701006378,0.9590344294185987,0.9672884638965505,0.8987341772151899
2024-07-06 16:00:00,24.0,190.0,113,106,103,197902.17880224765,207506.02960170386,196430.54503192627,207472.17334188335,1.0485282721877094,1.0562113611615875,0.911504424778761
2024-07-06 16:00:00,24.0,200.0,101,87,87,129409.97190009762,128352.72428616195,128498.29143837518,128352.72428616195,0.9918302461671822,0.9988671666324603,0.8613861386138614
2024-07-06 16:00:00,24.0,210.0,107,103,99,98529.80425107898,99086.82594570464,97902.70049975275,98976.31900322279,1.0056533319928884,1.01096617864461,0.9252336448598131
2024-07-06 16:00:00,24.0,220.0,46,46,40,6586.366822389327,6570.208615242745,6467.242218783054,6472.096043911278,0.9975467192183017,1.000750524715794,0.8695652173913043
2024-07-06 16:00:00,24.0,230.0,54,51,44,5842.090244007949,5728.553043725577,5344.805844287611,5599.276676744695,0.9805656544934711,1.0476108655525918,0.8148148148148148
2024-07-06 16:00:00,24.0,240.0,45,44,41,3744.066146786584,3759.112360091237,3625.5675864288696,3724.349384072977,1.004018682553877,1.0272458850343502,0.9111111111111111
2024-07-06 16:00:00,24.0,250.0,51,51,47,9534.860178277968,9325.262713220145,9396.008431844757,9260.270435943241,0.9780177725589179,0.9855536532468963,0.9215686274509803
2024-07-06 16:00:00,24.0,260.0,27,29,26,1660.6454117101832,1765.5257614938519,1648.8195985311293,1726.6597993329044,1.063156378263593,1.0472096528153354,0.9629629629629629
2024-07-06 16:00:00,24.0,270.0,35,34,32,1429.7691490929926,1418.7342899720848,1387.935785183806,1389.4139821580588,0.9922820693621008,1.0010650326838118,0.9142857142857143
2024-07-06 16:00:00,24.0,280.0,17,21,17,633.6657090734666,723.7123030762243,633.6657090734666,671.1008575457308,1.1421042557824725,1.0590771252668874,1.0
2024-07-06 16:00:00,24.0,290.0,25,23,23,2278.064541594887,2273.2655959140875,2236.968546318757,2273.2655959140875,0.9978934110104537,1.0162259990892863,0.92
2024-07-06 16:00:00,24.0,300.0,36,31,30,8811.726832529837,8713.122485808468,8714.785513336521,8693.732040099136,0.988809872503383,0.9975841662189888,0.8333333333333334
2024-07-06 16:00:00,24.0,310.0,32,31,28,2310.857498056721,2356.438678153174,2256.8803759773723,2197.1254790493063,1.0197247905311269,0.9735232325274713,0.875
2024-07-06 16:00:00,24.0,320.0,15,16,13,528.4858838721832,555.149822584624,500.4957316908215,515.567717401218,1.0504534549098563,1.0301141143791155,0.8666666666666667
2024-07-06 16:00:00,24.0,330.0,31,28,24,996.9619934360821,949.9895742353206,905.5230300451212,904.4677894852194,0.9528844434291134,0.9988346618198665,0.7741935483870968
2024-07-06 16:00:00,24.0,340.0,17,19,14,582.2871787685559,587.3018837168892,549.3428710739972,520.116117904341,1.0086120820295899,0.9467968827691962,0.8235294117647058
2024-07-06 16:00:00,24.0,350.0,37,32,29,4444.817556023934,4139.034022799516,4284.975614013672,4105.859872212417,0.931204480415625,0.9581991222504344,0.7837837837837838
2024-07-06 16:00:00,24.0,360.0,23,22,19,887.6369335203958,886.5908956217752,840.1996193481464,837.3141447162047,0.9988215475729789,0.9965657272801667,0.8260869565217391
2024-07-06 16:00:00,24.0,370.0,16,20,15,514.8735967453676,520.4612638175477,500.4895871029221,464.03434774406463,1.0108525026482245,0.9271608435055,0.9375
2024-07-06 16:00:00,24.0,380.0,33,29,28,35272.91357811535,34675.85097948331,35165.47085641064,34662.28378723168,0.9830730569701935,0.9856908763931074,0.8484848484848485
2024-07-06 16:00:00,24.0,390.0,26,26,23,23121.606382538343,22931.277899361332,23079.433993902072,22897.518289710486,0.9917683711058783,0.9921178437807595,0.8846153846153846
2024-07-06 16:00:00,24.0,400.0,31,29,26,919.0675828714648,915.0284808707993,861.6084780782653,872.9862912019064,0.9956052176402023,1.0132053170472721,0.8387096774193549
2024-07-06 16:00:00,24.0,410.0,27,27,25,887.352958964394,879.2779541691156,865.6696721046437,856.7391362699473,0.9908998953418687,0.9896836678903348,0.9259259259259259
2024-07-06 16:00:00,24.0,420.0,46,40,38,4133.509719686253,3982.9278768575937,4010.1179768151183,3961.2076577385333,0.9635704635913885,0.9878032717841807,0.8260869565217391
2024-07-06 16:00:00,24.0,430.0,70,68,64,4550.332323393965,4506.880203361398,4473.927278718126,4440.695322419215,0.9904507809662224,0.9925720839368598,0.9142857142857143
2024-07-06 16:00:00,24.0,440.0,92,93,87,13015.323464494852,12565.984962123324,12880.049899889016,12501.331156743985,0.9654761939956928,0.9705964847893722,0.9456521739130435
2024-07-06 16:00:00,24.0,450.0,75,70,66,3460.9223391353585,3504.1266684638404,3343.789564753061,3459.185757920206,1.0124834726396303,1.0345106026956774,0.88
2024-07-06 16:00:00,24.0,460.0,89,80,72,3025.7599315515745,2827.446114257309,2684.7808224783403,2724.162688067228,0.9344581785136628,1.0146685588853894,0.8089887640449438
2024-07-06 16:00:00,24.0,470.0,149,143,136,12150.224167129069,12061.051191787565,11849.814125376852,11970.851424074248,0.992660795873812,1.0102142782508452,0.912751677852349
2024-07-06 16:00:00,24.0,480.0,138,144,133,15871.185097563965,15555.820077435188,15805.064541724198,15419.616133110452,0.9801297119156414,0.9756123483332706,0.9637681159420289
2024-07-06 16:00:00,24.0,490.0,144,142,136,7014.490640092309,6781.788766731361,6910.141071365425,6715.308334410884,0.9668255493804627,0.9718048105035223,0.9444444444444444
2024-07-07 00:00:00,32.0,0.0,3,1,1,77.75827706314729,18.088838452920054,30.18035166565537,18.088838452920054,0.2326291056864616,0.5993581073312936,0.3333333333333333
2024-07-07 00:00:00,32.0,10.0,13,10,9,445.8987779332654,292.0036764547675,393.15798593032304,281.16163780526574,0.6548653885265182,0.7151365300133934,0.6923076923076923
2024-07-07 00:00:00,32.0,20.0,25,23,20,1430.2653407882651,1257.0199520293074,1347.8951991373137,1223.0756128301296,0.8788718541809336,0.9073966682372103,0.8
2024-07-07 00:00:00,32.0,30.0,32,30,27,2569.213436020752,2123.7524048929426,2470.791453087661,2058.7378990923494,0.8266157942028561,0.8332301362462693,0.84375
2024-07-07 00:00:00,32.0,40.0,68,58,56,10903.71974465764,10081.47723405586,10435.009296058992,10043.665242714627,0.9245906415556358,0.9624970096105075,0.8235294117647058
2024-07-07 00:00:00,32.0,50.0,78,66,64,13297.649590957939,12679.188481117068,12982.722283835024,12649.932434154449,0.9534909454779581,0.9743667127429093,0.8205128205128205
2024-07-07 00:00:00,32.0,60.0,94,73,71,6524.900475327269,5727.069022469608,6101.553386986596,5698.210576785251,0.8777251153677338,0.93389506169665,0.7553191489361702
2024-07-07 00:00:00,32.0,70.0,139,120,108,21125.772381306444,19993.43759372964,20288.619700271756,19645.45301088361,0.9464003129855373,0.9682991401638067,0.7769784172661871
2024-07-07 00:00:00,32.0,80.0,160,147,137,17225.998729109568,16223.272917221875,16736.777310991652,15990.634317145545,0.9417899752777049,0.9554189567094205,0.85625
2024-07-07 00:00:00,32.0,90.0,153,150,136,25276.42869614729,24003.485598489762,24690.05672083282,23709.55427855769,0.9496391237480651,0.9602875581307269,0.8888888888888888
2024-07-07 00:00:00,32.0,100.0,187,169,158,21890.89321754749,21164.366534407316,20969.545308939523,21004.84660621846,0.966811464661579,1.0016834555427336,0.8449197860962567
2024-07-07 00:00:00,32.0,110.0,192,170,165,129082.863434418,126193.58251014867,128264.6500313475,126057.91869510882,0.9776168513201812,0.9827954831225957,0.859375
2024-07-07 00:00:00,32.0,120.0,191,180,176,166606.64201494522,160344.8610771037,165666.98578130308,160270.52838339919,0.9624157784941143,0.9674258732211874,0.9214659685863874
2024-07-07 00:00:00,32.0,130.0,175,158,155,43893.27607547196,41373.50829695573,43316.23590418776,41281.8261853937,0.9425933080460063,0.9530335525161047,0.8857142857142857
2024-07-07 00:00:00,32.0,140.0,140,127,119,34585.77011600411,31733.30540048135,33687.91751512024,31517.492105126286,0.9175249038562591,0.9355725859569741,0.85
2024-07-07 00:00:00,32.0,150.0,148,139,130,65674.23836480547,63518.09770653563,64827.809573124054,63192.86018263042,0.9671691562482542,0.9747801228938724,0.8783783783783784
2024-07-07 00:00:00,32.0,160.0,132,124,114,61018.39889907394,57075.31221018171,59897.51959458262,56739.96174930747,0.9353787257608284,0.9472839966221116,0.8636363636363636
2024-07-07 00:00:00,32.0,170.0,105,96,90,31093.41490492378,28936.249316333826,30237.21919009373,28768.676353027156,0.9306230725963665,0.9514326093337414,0.8571428571428571
2024-07-07 00:00:00,32.0,180.0,68,60,57,15567.489477633766,14299.28056671507,14831.473890329666,14260.136106418862,0.9185347828408192,0.961478017078038,0.8382352941176471
2024-07-07 00:00:00,32.0,190.0,113,101,101,161243.60128329854,165730.76582528523,160385.86108581573,165730.76582528523,1.0278284812933625,1.0333252863019493,0.8938053097345132
2024-07-07 00:00:00,32.0,200.0,95,83,82,101784.3350961631,97424.75877246427,101223.41878350049,97413.50860316501,0.9571684943505303,0.9623613761901857,0.8631578947368421
2024-07-07 00:00:00,32.0,210.0,104,101,95,77399.92217310081,76674.35417457815,76751.13025216112,76553.41784062325,0.9906257270272188,0.9974239804562057,0.9134615384615384
2024-07-07 00:00:00,32.0,220.0,44,41,39,5055.014653204936,4967.098266537637,4958.94656066994,4929.542086382444,0.9826080847042532,0.9940704192054203,0.8863636363636364
2024-07-07 00:00:00,32.0,230.0,50,49,39,4487.612343974751,4315.927420263476,4250.39831071523,4167.718592701545,0.9617424789505747,0.9805477717687658,0.78
2024-07-07 00:00:00,32.0,240.0,42,40,37,2860.1672121486044,2647.315340974639,2620.1729442050514,2614.2170526876225,0.9255806198078652,0.997726909007819,0.8809523809523809
2024-07-07 00:00:00,32.0,250.0,45,47,42,7060.992530229275,7176.613964900241,6958.366018282352,6967.107705810816,1.0163746717159055,1.0012562845221846,0.9333333333333333
2024-07-07 00:00:00,32.0,260.0,25,27,23,1227.7988529350637,1359.3115144697226,1199.1671303548114,1302.613269867206,1.1071125463428124,1.0862649891694303,0.92
2024-07-07 00:00:00,32.0,270.0,25,28,21,961.9698375883779,951.7340665618581,906.6190471472612,849.5771627061501,0.9893595717593594,0.9370828523616427,0.84
2024-07-07 00:00:00,32.0,280.0,13,15,11,446.28494963898174,473.9756699427213,423.70973884086357,420.8918327106088,1.0620471748512688,0.9933494421488549,0.8461538461538461
2024-07-07 00:00:00,32.0,290.0,23,23,22,1711.074745595249,1643.1251645299458,1700.3106169851762,1628.8371714138195,0.9602883618963911,0.9579644772799888,0.9565217391304348
2024-07-07 00:00:00,32.0,300.0,36,26,26,6773.988576469384,6439.1934986577435,6360.047507013316,6439.1934986577435,0.950576374017723,1.012444245354638,0.7222222222222222
2024-07-07 00:00:00,32.0,310.0,26,30,23,1698.440442160024,1756.7487844204268,1655.928235183479,1559.6216118848627,1.034330519229893,0.9418413061312736,0.8846153846153846
2024-07-07 00:00:00,32.0,320.0,10,11,9,350.4024852444295,326.9441991724623,340.22305888779573,302.8882832524519,0.9330533113781899,0.8902638293906566,0.9
2024-07-07 00:00:00,32.0,330.0,22,18,17,676.5111949068132,633.6684306073164,621.6970365229237,621.7451504114563,0.9366710194568203,1.0000773912142187,0.7727272727272727
2024-07-07 00:00:00,32.0,340.0,10,14,10,368.17881318374253,437.099992616031,368.17881318374253,392.6634397890157,1.1871948546857116,1.0665019977481809,1.0
2024-07-07 00:00:00,32.0,350.0,24,22,21,3162.50168160228,2914.17567752138,3033.76320020559,2902.775972884994,0.9214779851262922,0.9568235163140884,0.875
2024-07-07 00:00:00,32.0,360.0,16,15,14,570.4690178501533,555.8981792922361,546.4036313020633,539.1916711688679,0.9744581421567324,0.9868010391585254,0.875
2024-07-07 00:00:00,32.0,370.0,13,13,12,338.725167336731,323.66461390176914,328.7242469664419,309.6174165809129,0.9555375422695122,0.9418758106167947,0.9230769230769231
2024-07-07 00:00:00,32.0,380.0,28,29,26,26411.14798370178,25667.953654001183,26348.607154478563,25635.688446746946,0.9718605821239115,0.9729428313401212,0.9285714285714286
2024-07-07 00:00:00,32.0,390.0,23,22,21,17329.56785438726,16934.83953607683,17307.3624919189,16911.100876314784,0.9772222641887461,0.9771044481336115,0.9130434782608695
2024-07-07 00:00:00,32.0,400.0,25,23,22,621.9929633864598,622.7469664035914,590.0648864245628,609.1386384076706,1.00121223721411,1.0323248382032748,0.88
2024-07-07 00:00:00,32.0,410.0,22,23,21,617.4806854924913,647.0237339971359,605.4049538224418,599.6881850732022,1.0478444900362862,0.9905571160045112,0.9545454545454546
2024-07-07 00:00:00,32.0,420.0,37,34,32,3090.5059948848293,2919.2519341164893,3022.593135931106,2880.116590744111,0.9445870478647229,0.9528628105803246,0.8648648648648649
2024-07-07 00:00:00,32.0,430.0,56,63,55,3363.412151011692,3257.397803496884,3353.2329449054314,3125.082081513109,0.9684801199630204,0.9319609263236687,0.9821428571428571
2024-07-07 00:00:00,32.0,440.0,77,78,70,9691.14853173371,9214.268517342023,9534.631155106325,9127.415850103052,0.950792208701565,0.9572909220735628,0.9090909090909091
2024-07-07 00:00:00,32.0,450.0,56,55,52,2445.536094482371,2542.0031968366725,2395.0959695010633,2501.4508120075216,1.0394461985541539,1.0444052530089696,0.9285714285714286
2024-07-07 00:00:00,32.0,460.0,64,57,52,2034.4924260204298,1903.6013925352997,1840.696969583948,1847.0923415850066,0.9356640350138047,1.0034744295811515,0.8125
2024-07-07 00:00:00,32.0,470.0,112,107,98,8626.569558114255,7851.216661089033,8366.058350270356,7734.981588885059,0.9101203680325146,0.9245670141226181,0.875
2024-07-07 00:00:00,32.0,480.0,116,114,101,11687.424474628033,11225.19799526587,11446.097178516722,10952.900776610506,0.960450954753496,0.956911391349018,0.8706896551724138
2024-07-07 00:00:00,32.0,490.0,113,116,108,4720.176337655126,4642.963390811241,4659.916093122962,4544.867757245394,0.9836419359531295,0.97531107136299,0.9557522123893806
2024-07-07 08:00:00,40.0,0.0,3,2,2,105.23019452668197,67.09142821986504,88.02042928150853,67.09142821986504,0.6375682238509353,0.7622256420187639,0.6666666666666666
2024-07-07 08:00:00,40.0,10.0,16,18,16,650.9973309171327,567.7251123850929,650.9973309171327,547.1565549155026,0.8720851613712073,0.8404897054564909,1.0
2024-07-07 08:00:00,40.0,20.0,29,30,28,2433.3646002587902,1945.4575242182036,2385.496343081631,1923.7300522943308,0.7994928191243116,0.8064275838751521,0.9655172413793104
2024-07-07 08:00:00,40.0,30.0,42,39,33,3601.940091831474,3472.6631392464787,3384.4414316601383,3360.559711582666,0.9641090775279213,0.9929436745886432,0.7857142857142857
2024-07-07 08:00:00,40.0,40.0,81,70,67,14982.340063244415,14353.368262606153,14627.62089977138,14307.68613023989,0.958019121313279,0.9781280379274465,0.8271604938271605
2024-07-07 08:00:00,40.0,50.0,91,82,79,17429.61789014566,17294.390145065525,17097.74501013045,17258.505456941286,0.9922414968628435,1.0094024356261944,0.8681318681318682
2024-07-07 08:00:00,40.0,60.0,106,98,92,8782.502215338161,8223.715195898018,8488.120730661964,8043.561268308809,0.9363749640205894,0.9476256904844372,0.8679245283018868
2024-07-07 08:00:00,40.0,70.0,165,137,129,27749.023784591693,27243.58380751413,26845.27296780803,26775.614304823877,0.9817853059984682,0.9974051795611211,0.7818181818181819
2024-07-07 08:00:00,40.0,80.0,182,163,150,22628.74684563189,22011.012798193697,21544.075742755886,21479.55269784206,0.9727013585130351,0.9970050678578996,0.8241758241758241
2024-07-07 08:00:00,40.0,90.0,180,161,150,32782.50328975467,32896.653050491426,31778.45926566296,32685.343381967956,1.0034820330750163,1.0285376993492221,0.8333333333333334
2024-07-07 08:00:00,40.0,100.0,205,182,173,28350.385695625344,28522.94723284809,27172.904642035166,28287.474122636813,1.0060867439009613,1.0410176790182917,0.8439024390243902
2024-07-07 08:00:00,40.0,110.0,215,194,184,165807.61553550683,164774.63773010246,164871.77030309942,164603.29189370986,0.9937700219494251,0.9983715926086316,0.8558139534883721
2024-07-07 08:00:00,40.0,120.0,203,191,186,225211.03884138644,219189.81156053534,224696.13962091052,218993.95917558533,0.9732640668422484,0.9746227039995193,0.916256157635468
2024-07-07 08:00:00,40.0,130.0,189,166,162,55428.56891870504,53394.62477805768,54626.90358189555,53301.62179543001,0.9633051298215823,0.975739393969517,0.8571428571428571
2024-07-07 08:00:00,40.0,140.0,152,140,136,44872.48990748022,42438.73990529581,44151.48847316367,42265.30653592947,0.9457629829055083,0.9572793126016427,0.8947368421052632
2024-07-07 08:00:00,40.0,150.0,162,146,141,81440.19685723826,80390.5772530234,80676.86632370844,80292.72230336827,0.9871117747166696,0.9952384861008504,0.8703703703703703
2024-07-07 08:00:00,40.0,160.0,152,142,134,76846.80693269319,73430.74313240094,75543.76540741316,73308.29007208516,0.9555470951020225,0.9704082087612139,0.881578947368421
2024-07-07 08:00:00,40.0,170.0,118,107,102,39501.051426590966,38681.194223017614,38495.15627075762,38620.54454149812,0.9792446739019851,1.0032572479991657,0.864406779661017
2024-07-07 08:00:00,40.0,180.0,84,74,69,19980.09977424785,18675.847886181706,18988.95052383407,18490.56304558698,0.9347224537012983,0.9737538165881501,0.8214285714285714
2024-07-07 08:00:00,40.0,190.0,118,112,109,200301.0472983387,208954.53866792214,199798.7566844564,208784.48487758724,1.0432024269782998,1.044973894443808,0.923728813559322
2024-07-07 08:00:00,40.0,200.0,106,94,93,133114.34946174716,130268.07518946983,132321.54838755366,130249.75405469733,0.9786178253224664,0.9843427290709424,0.8773584905660378
2024-07-07 08:00:00,40.0,210.0,114,105,101,102007.93230805696,102382.47284533086,101345.88439366843,102294.15620878352,1.0036716805134607,1.0093567866202797,0.8859649122807017
2024-07-07 08:00:00,40.0,220.0,47,47,44,6675.785381948967,6519.705057800303,6613.527751666494,6482.360823146016,0.9766199308068383,0.980166874103246,0.9361702127659575
2024-07-07 08:00:00,40.0,230.0,57,50,47,5833.181060332443,5605.983188031612,5444.860046178431,5556.042873731045,0.9610507765915495,1.0204197769290047,0.8245614035087719
2024-07-07 08:00:00,40.0,240.0,46,41,40,3962.2742283513694,3539.1779461529422,3367.0212901628693,3525.9049431662306,0.8932188289313661,1.0471881937508258,0.8695652173913043
2024-07-07 08:00:00,40.0,250.0,51,50,45,9340.317661492922,9573.268517824541,9023.949945648588,9482.333525827959,1.024940356931542,1.050796334525371,0.8823529411764706
2024-07-07 08:00:00,40.0,260.0,29,33,24,1552.3222702354894,1685.920207847508,1475.230756081395,1524.6455423942361,1.0860632744718348,1.033496309719098,0.8275862068965517
2024-07-07 08:00:00,40.0,270.0,36,35,29,1444.6923716396393,1363.6858254591411,1353.1236707825876,1275.5581507555078,0.9439281692277778,0.9426766956325439,0.8055555555555556
2024-07-07 08:00:00,40.0,280.0,17,16,16,608.5532439683982,645.739529047986,597.6372233643076,645.739529047986,1.0611060502070364,1.0804874659796018,0.9411764705882353
2024-07-07 08:00:00,40.0,290.0,26,25,24,2303.472852885828,2226.775774229662,2278.554570112904,2207.993827808045,0.9667037193166489,0.9690326739458504,0.9230769230769231
2024-07-07 08:00:00,40.0,300.0,39,30,28,8974.628614930387,8727.593102273071,8232.383579134852,8576.826011690966,0.9724740127690251,1.0418399397021672,0.717948717948718
2024-07-07 08:00:00,40.0,310.0,33,31,28,2343.783521753273,2354.93316485578,2211.3000618219503,2309.66988176534,1.004757113017915,1.044485061815781,0.8484848484848485
2024-07-07 08:00:00,40.0,320.0,15,14,13,546.0913839065377,532.9382854111283,523.8784588329278,522.9277087123392,0.9759141072665953,0.9981851704253948,0.8666666666666667
2024-07-07 08:00:00,40.0,330.0,28,26,22,946.5441098459595,920.427084736051,858.8597899349934,859.4293106386494,0.9724080210967043,1.000663112547974,0.7857142857142857
2024-07-07 08:00:00,40.0,340.0,17,17,16,545.2127054824291,567.6330140560248,533.7653672761141,554.9255809853703,1.0411221315060095,1.0396432871192822,0.9411764705882353
2024-07-07 08:00:00,40.0,350.0,34,35,32,4383.522605773808,4282.4296843453085,4329.722555417825,4248.643191398844,0.9769379719188983,0.9812737737854529,0.9411764705882353
2024-07-07 08:00:00,40.0,360.0,22,20,18,848.8044189129313,870.4533480408116,783.6754429597881,848.128181706335,1.025505203136909,1.0822441730509271,0.8181818181818182
2024-07-07 08:00:00,40.0,370.0,17,17,14,520.770123491661,507.67026259989063,487.0739829024835,469.7689419604896,0.9748452142301512,0.9644714323707605,0.8235294117647058
2024-07-07 08:00:00,40.0,380.0,34,29,29,35363.542478973905,34575.94088093582,35128.40326675245,34575.94088093582,0.9777284303882631,0.9842730572858257,0.8529411764705882
2024-07-07 08:00:00,40.0,390.0,26,27,24,23344.654520881348,22893.068259400225,23324.40788991635,22860.842218547023,0.9806556888183037,0.980125297347002,0.9230769230769231
2024-07-07 08:00:00,40.0,400.0,32,28,26,952.8804086743569,863.5284881730457,879.35934688028,840.4437297233864,0.9062296593697239,0.9557454898330753,0.8125
2024-07-07 08:00:00,40.0,410.0,28,26,25,941.2507033241291,873.612722593624,904.3470754023097,861.3449052257987,0.9281403132113111,0.95244948389159,0.8928571428571429
2024-07-07 08:00:00,40.0,420.0,44,40,37,4136.359769198047,4039.6965030074634,4032.390297920563,4003.3687155952944,0.9766308368748775,0.9928028836047357,0.8409090909090909
2024-07-07 08:00:00,40.0,430.0,73,72,67,4663.304333479395,4655.163734183137,4574.25856542799,4570.011140232298,0.9982543281085445,0.9990714505673567,0.9178082191780822
2024-07-07 08:00:00,40.0,440.0,96,90,86,13104.042329967619,12717.608175035499,12952.355290765554,12668.741982566888,0.9705103093227665,0.9781033409112186,0.8958333333333334
2024-07-07 08:00:00,40.0,450.0,76,72,63,3541.2476156347793,3424.146565825133,3365.137763541439,3299.90464216913,0.9669322615869504,0.9806150220418737,0.8289473684210527
2024-07-07 08:00:00,40.0,460.0,89,81,73,3032.2514710034047,2575.348605381502,2781.212868593041,2470.412916405602,0.8493189400710526,0.8882502106555165,0.8202247191011236
2024-07-07 08:00:00,40.0,470.0,152,134,129,12165.280565738181,9750.85049078671,11735.639140645522,9687.25649478109,0.80153108167917,0.8254562345249685,0.8486842105263158
2024-07-07 08:00:00,40.0,480.0,142,135,128,15882.455119360386,15497.158345831438,15660.89377324863,15375.37851958038,0.9757407295891377,0.9817689042654796,0.9014084507042254
2024-07-07 08:00:00,40.0,490.0,141,134,130,6988.216562610238,6544.56836388281,6800.316143933154,6495.789769734281,0.9365148182297149,0.9552187916335988,0.9219858156028369
2024-07-07 16:00:00,48.0,0.0,3,2,2,99.8269329740672,67.18987024135484,85.06477764202725,67.18987024135484,0.673063553488208,0.78986711190977,0.6666666666666666
2024-07-07 16:00:00,48.0,10.0,18,16,16,673.3633141547404,590.7496435116564,650.9713848995183,590.7496435116564,0.8773118925452787,0.90748941845246,0.8888888888888888
2024-07-07 16:00:00,48.0,20.0,26,25,24,1900.0328898247524,1890.0304790930509,1850.2331316176908,1879.0848775770783,0.9947356644270384,1.0155935732996857,0.9230769230769231
2024-07-07 16:00:00,48.0,30.0,38,37,36,3423.6682092029164,3356.0749938762992,3361.1074231262796,3344.8333532136103,0.9802570777317368,0.9951581226471089,0.9473684210526315
2024-07-07 16:00:00,48.0,40.0,78,69,67,14198.957337093882,13995.036011418773,13969.347131657327,13953.470834191852,0.9856382887254421,0.9988634903753307,0.8589743589743589
2024-07-07 16:00:00,48.0,50.0,85,84,77,17504.440833399203,17407.17348788039,17213.320003210345,17282.831350835324,0.994443276055227,1.0040382301387538,0.9058823529411765
2024-07-07 16:00:00,48.0,60.0,100,93,87,8344.786741083442,8088.095336782828,8058.382165959944,7988.295981618273,0.9692393092519836,0.9913026978743044,0.87
2024-07-07 16:00:00,48.0,70.0,152,133,129,26883.72246168155,26626.948714115497,26216.128548982895,26305.60832942595,0.9904487279270181,1.0034131576779488,0.8486842105263158
2024-07-07 16:00:00,48.0,80.0,170,163,148,21907.618510976026,21941.678967140426,21197.13685237029,21485.22762390301,1.001554731115449,1.0135910228602645,0.8705882352941177
2024-07-07 16:00:00,48.0,90.0,163,149,143,31842.912035597932,31570.680428575204,31131.31959676298,31382.70037569601,0.9914507942389693,1.0080748513776194,0.8773006134969326
2024-07-07 16:00:00,48.0,100.0,189,162,155,27068.519910590647,26837.402974119672,25862.75447731329,26700.39079629595,0.9914617815368416,1.0323877458496322,0.8201058201058201
2024-07-07 16:00:00,48.0,110.0,196,182,175,168842.29214568593,166050.99925642423,167946.3367373422,165933.10395060643,0.9834680466973688,0.9880126424556414,0.8928571428571429
2024-07-07 16:00:00,48.0,120.0,192,185,179,220924.6877409586,214244.37234491162,220454.6343857164,214133.68810818158,0.969762024043778,0.9713276779363348,0.9322916666666666
2024-07-07 16:00:00,48.0,130.0,178,153,150,53678.159318957514,52383.761811268705,52974.83154532822,52343.28393565517,0.9758859557758407,0.9880783460513195,0.8426966292134831
2024-07-07 16:00:00,48.0,140.0,146,131,128,42646.65156922571,41561.5823210658,41753.37049726571,41481.595810143495,0.9745567539716785,0.9934909521342712,0.8767123287671232
2024-07-07 16:00:00,48.0,150.0,155,139,134,81195.40365389724,81022.98266227073,80195.75913662976,80819.32886977778,0.9978764685700502,1.0077755948676244,0.864516129032258
2024-07-07 16:00:00,48.0,160.0,136,126,122,75688.70289122514,73042.67800279008,74253.9928585419,72986.26489438489,0.9650406891998433,0.982927140812857,0.8970588235294118
2024-07-07 16:00:00,48.0,170.0,108,101,95,37152.032696983835,36723.90119648343,36452.41737008554,36612.92574189233,0.9884762294436944,1.0044032298373307,0.8796296296296297
2024-07-07 16:00:00,48.0,180.0,74,67,62,18445.161085669988,17578.38708334719,17511.821550295394,17411.7339535891,0.9530080546167637,0.99428456963093,0.8378378378378378
2024-07-07 16:00:00,48.0,190.0,114,104,103,202222.6845683422,209011.33292451996,201654.21261187413,208999.78049512385,1.0335701623715885,1.036426553098535,0.9035087719298246
2024-07-07 16:00:00,48.0,200.0,99,85,84,128172.35847415274,125886.11300279519,126541.66568997205,125875.55727043438,0.9821627260465945,0.9947360545958859,0.8484848484848485
2024-07-07 16:00:00,48.0,210.0,109,105,100,99643.38432192017,99038.18384203385,99194.67883841194,98948.52383135448,0.9939263355615152,0.9975184656078332,0.9174311926605505
2024-07-07 16:00:00,48.0,220.0,45,44,39,6507.356165385935,6299.083855933892,6368.99232723168,6208.561673692506,0.9679943276257277,0.9748106693655091,0.8666666666666667
2024-07-07 16:00:00,48.0,230.0,58,55,50,5814.053606439837,5627.360067471747,5523.341528144669,5506.6726146775345,0.9678892642542372,0.9969820961853986,0.8620689655172413
2024-07-07 16:00:00,48.0,240.0,46,43,41,3802.5330169071835,3673.3837170712595,3626.2215241738622,3645.243380311774,0.9660359819989233,1.00524564095467,0.8913043478260869
2024-07-07 16:00:00,48.0,250.0,48,51,47,9489.975559140605,9348.316096573915,9478.435813263564,9281.422731958368,0.98507272630115,0.97921459983624,0.9791666666666666
2024-07-07 16:00:00,48.0,260.0,28,28,25,1694.9276853962901,1618.4802050814467,1653.7924211686318,1561.6831979051656,0.9548963174219617,0.9443042415212072,0.8928571428571429
2024-07-07 16:00:00,48.0,270.0,35,32,29,1446.9712214681167,1332.8568080828368,1347.3745683058114,1274.4490185619056,0.9211356717450829,0.9458758154864075,0.8285714285714286
2024-07-07 16:00:00,48.0,280.0,18,15,13,676.9998531857532,672.6059577944771,616.292965157993,650.1303729392587,0.9935097542922651,1.0549047444872117,0.7222222222222222
2024-07-07 16:00:00,48.0,290.0,25,23,22,2345.8465246518053,2292.0579731904154,2294.785496897728,2272.1123264910048,0.9770707286703789,0.9901196994501775,0.88
2024-07-07 16:00:00,48.0,300.0,33,34,29,8893.117623750508,8711.343859640256,8836.294258678405,8606.241903441345,0.9795601754299532,0.9739650640299673,0.8787878787878788
2024-07-07 16:00:00,48.0,310.0,30,31,27,2250.0125373370774,2159.189780073795,2187.5159156501963,2084.1892539699365,0.9596345550275145,0.9527652983271905,0.9
2024-07-07 16:00:00,48.0,320.0,15,14,14,537.9178230867128,478.59510447505676,525.9691662272539,478.59510447505676,0.8897178787063666,0.909929963971066,0.9333333333333333
2024-07-07 16:00:00,48.0,330.0,28,26,25,983.4373668145546,953.0668635419933,941.1011835312695,941.4640193552248,0.9691180096492222,1.0003855439035725,0.8928571428571429
2024-07-07 16:00:00,48.0,340.0,15,19,13,541.384735377897,618.2819317520677,516.9860481006906,530.4472043530457,1.1420379839865544,1.0260377553742674,0.8666666666666667
2024-07-07 16:00:00,48.0,350.0,35,30,28,4273.254251921084,4112.903341730195,4138.721084400611,4092.0676068847756,0.9624756916537786,0.9887275618326447,0.8
2024-07-07 16:00:00,48.0,360.0,23,21,21,843.427820524168,844.0324641306005,821.1093409831335,844.0324641306005,1.0007168883829995,1.027917260227512,0.9130434782608695
2024-07-07 16:00:00,48.0,370.0,15,14,13,484.268925022056,413.00594563597724,458.71915931583004,401.6745642731638,0.8528442034912046,0.8756437487203564,0.8666666666666667
2024-07-07 16:00:00,48.0,380.0,32,29,28,36369.70317759595,35587.27416545921,36245.57474939478,35577.055788212645,0.978486791373686,0.9815558460362587,0.875
2024-07-07 16:00:00,48.0,390.0,26,30,23,23396.518315700927,22948.3782567569,22099.29153251949,22833.318107189447,0.9808458654874606,1.0332149369399386,0.8846153846153846
2024-07-07 16:00:00,48.0,400.0,32,30,29,955.1419464542558,948.2801919908495,919.9019545073949,932.9663645828223,0.9928159845885954,1.0142019592538243,0.90625
2024-07-07 16:00:00,48.0,410.0,28,30,26,920.2342868572372,904.544703740796,897.9814532612525,860.5882951094106,0.982950447140995,0.9583586520456087,0.9285714285714286
2024-07-07 16:00:00,48.0,420.0,42,37,35,4251.946069889481,4090.400983272418,4138.8472080874535,4063.568869568128,0.9620067884301126,0.9818117618905503,0.8333333333333334
2024-07-07 16:00:00,48.0,430.0,71,67,66,4674.8429700799825,4599.167160902816,4614.579847091433,4581.371933832784,0.9838121173991281,0.9928036973334462,0.9295774647887324
2024-07-07 16:00:00,48.0,440.0,91,85,83,13091.473279180278,12515.526851313665,12770.635342098878,12494.071238827893,0.9560059883571274,0.9783437475221549,0.9120879120879121
2024-07-07 16:00:00,48.0,450.0,72,72,65,3376.2387021535433,3429.704465587075,3300.134140214858,3322.212309727005,1.0158358955483298,1.0066900824554694,0.9027777777777778
2024-07-07 16:00:00,48.0,460.0,86,89,79,3002.2696992872707,2868.875329702342,2867.9282723261294,2741.38832386927,0.9555688252735601,0.9558775755733163,0.9186046511627907
2024-07-07 16:00:00,48.0,470.0,150,140,134,12180.542520059686,11909.477503478935,11929.598677653732,11834.495669685955,0.9777460637624027,0.9920279792692506,0.8933333333333333
2024-07-07 16:00:00,48.0,480.0,142,144,135,15806.90958068992,15439.188369711253,15716.578576789847,15269.7380235896,0.9767366790389006,0.9715688404434195,0.9507042253521126
2024-07-07 16:00:00,48.0,490.0,141,142,133,7064.68848180517,6866.311477726145,6884.721296968379,6740.26871322022,0.9719199219342881,0.9790183832406162,0.9432624113475178
2024-07-08 00:00:00,56.0,0.0,3,2,2,69.39711485227303,45.514902348905466,57.14779575299603,45.514902348905466,0.6558615937534854,0.7964419580700853,0.6666666666666666
2024-07-08 00:00:00,56.0,10.0,13,12,11,440.66158103113577,340.40227848497267,416.5387455528557,330.0567916869398,0.7724800462260424,0.7923795690335319,0.8461538461538461
2024-07-08 00:00:00,56.0,20.0,26,25,22,1487.4017497056673,1413.0967350151543,1408.1463686895947,1357.213979758814,0.9500437493063211,0.963830188350251,0.8461538461538461
2024-07-08 00:00:00,56.0,30.0,34,35,29,2571.045774250025,2509.430637208412,2472.1771081936085,2384.6363140715025,0.976034990252328,0.9645895943975992,0.8529411764705882
2024-07-08 00:00:00,56.0,40.0,71,65,61,11439.941099135376,10810.678560133198,10912.094292098574,10694.508170778376,0.9449942500971672,0.9800600952030123,0.8591549295774648
2024-07-08 00:00:00,56.0,50.0,78,75,68,14223.292488448385,13601.928054485154,13948.745448968602,13499.684162992598,0.9563136007736689,0.9678063315716176,0.8717948717948718
2024-07-08 00:00:00,56.0,60.0,98,87,84,6428.080631351336,5956.500996399376,6102.601101623011,5898.274777387576,0.9266375669508641,0.9665181582684319,0.8571428571428571
2024-07-08 00:00:00,56.0,70.0,147,122,118,21308.91119986278,20201.44140337636,20528.006447276057,20068.34645834734,0.9480278562288272,0.977608152544705,0.8027210884353742
2024-07-08 00:00:00,56.0,80.0,164,157,141,17381.77718828628,16439.0301639854,16908.407460519436,16154.853860481138,0.9457623340761608,0.9554332008027474,0.8597560975609756
2024-07-08 00:00:00,56.0,90.0,159,159,144,25380.159293320437,24315.16463176006,24750.074364918393,24057.285061915332,0.9580382987651042,0.9720085971141548,0.9056603773584906
2024-07-08 00:00:00,56.0,100.0,192,169,157,22575.673658879197,21436.196616444577,21574.92166327524,21217.45817931119,0.9495263326511431,0.9834315280702723,0.8177083333333334
2024-07-08 00:00:00,56.0,110.0,195,178,170,140223.74911691205,134268.06748591817,139451.27216044316,133745.61692068743,0.9575272971340375,0.9590849538239337,0.8717948717948718
2024-07-08 00:00:00,56.0,120.0,192,179,174,193982.7594895578,182364.90199030167,193542.8767735971,182286.42611489305,0.9401088141553038,0.9418400157817659,0.90625
2024-07-08 00:00:00,56.0,130.0,169,161,154,44781.14166399742,42954.69402950753,44214.497233709655,42805.94202923047,0.9592139108869953,0.9681426841283794,0.9112426035502958
2024-07-08 00:00:00,56.0,140.0,142,130,126,34744.51122033438,32553.36242604395,34268.43393556704,32453.370720151215,0.9369353973525449,0.9470339607923554,0.8873239436619719
2024-07-08 00:00:00,56.0,150.0,148,138,132,67875.2946507508,66658.49552126689,67044.5259446121,66518.51816883907,0.9820730188245237,0.9921543516288327,0.8918918918918919
2024-07-08 00:00:00,56.0,160.0,134,129,121,65155.82165552418,62565.29377252842,64570.417486788814,62374.381169047665,0.9602410372983743,0.9659900554585935,0.9029850746268657
2024-07-08 00:00:00,56.0,170.0,106,92,87,32114.23224993726,32499.62676725033,31116.70033740748,32351.007104425455,1.0120007389344898,1.039667019755759,0.8207547169811321
2024-07-08 00:00:00,56.0,180.0,72,66,62,15677.34682247321,14913.850700138762,15353.568534404088,14854.53856673698,0.9512994047411142,0.9674974605057521,0.8611111111111112
2024-07-08 00:00:00,56.0,190.0,117,107,104,170678.15923607448,172076.40342647035,170118.17173243337,171155.9478241706,1.0081922853905512,1.0061003247399665,0.8888888888888888
2024-07-08 00:00:00,56.0,200.0,94,93,91,110548.83142425075,106021.20092191566,110317.80582967769,105316.2638784269,0.9590440672777489,0.9546624235894177,0.9680851063829787
2024-07-08 00:00:00,56.0,210.0,116,106,103,87361.1712232703,83178.01807841324,86701.85745984621,83145.25801471356,0.9521165629274119,0.9589789705857247,0.8879310344827587
2024-07-08 00:00:00,56.0,220.0,47,52,43,5444.0552204257165,5408.618448953782,5350.97414437475,5264.178574137604,0.9934907398920242,0.9837794824091255,0.9148936170212766
2024-07-08 00:00:00,56.0,230.0,52,50,44,4639.318087554702,4400.026560925386,4384.334069620843,4314.385153457057,0.9484209700405685,0.9840457147988644,0.8461538461538461
2024-07-08 00:00:00,56.0,240.0,42,40,37,2893.2850930300297,2905.8767486215456,2778.085924411514,2866.5187627289656,1.004352027258513,1.031832290549539,0.8809523809523809
2024-07-08 00:00:00,56.0,250.0,46,49,41,7700.9641794997615,7247.67805761365,7530.3425256985765,7128.606261425688,0.9411390429405223,0.946650997228626,0.8913043478260869
2024-07-08 00:00:00,56.0,260.0,30,24,23,1412.2841225762777,1311.9868874603483,1320.3568539317223,1301.0798112703037,0.9289822539865646,0.9854001267884391,0.7666666666666667
2024-07-08 00:00:00,56.0,270.0,27,27,23,1004.5126598813375,899.9580683186821,944.975847526168,848.8603133235192,0.8959151081530357,0.8982878404201889,0.8518518518518519
2024-07-08 00:00:00,56.0,280.0,13,14,11,473.95230578556055,489.49044237737223,445.10156568909474,447.31495798048275,1.0327841776527655,1.0049727802865875,0.8461538461538461
2024-07-08 00:00:00,56.0,290.0,25,23,22,1851.5913949523865,1790.655194241388,1797.6670414014625,1779.3665969637982,0.9670898229074102,0.9898198921067178,0.88
2024-07-08 00:00:00,56.0,300.0,37,30,28,7450.197905925198,7139.920344132927,7217.576512414614,7089.889427936599,0.958353111459562,0.9823088699844904,0.7567567567567568
2024-07-08 00:00:00,56.0,310.0,28,25,24,1734.2176741274168,1607.7378820981228,1673.6999694044719,1589.2056443744111,0.9270680988227541,0.949516444658761,0.8571428571428571
2024-07-08 00:00:00,56.0,320.0,13,8,8,385.56877453937057,292.55271167588694,329.1113563795724,292.55271167588694,0.7587562349295334,0.8889170975263417,0.6153846153846154
2024-07-08 00:00:00,56.0,330.0,23,23,21,743.1286007740982,709.2159389722807,716.6158551526161,688.1845457266863,0.9543650160059893,0.9603255925451513,0.9130434782608695
2024-07-08 00:00:00,56.0,340.0,9,10,9,371.39964541940344,403.64687595470775,371.39964541940344,383.01603168703303,1.0868262286542818,1.0312773219115807,1.0
2024-07-08 00:00:00,56.0,350.0,24,24,21,3364.474632131193,3218.646101079226,3304.53855410695,3173.893540728184,0.9566563737294124,0.9604649752939339,0.875
2024-07-08 00:00:00,56.0,360.0,16,17,16,636.8290237201975,621.3762561425502,636.8290237201975,603.5587898565964,0.9757348252009997,0.947756410866382,1.0
2024-07-08 00:00:00,56.0,370.0,13,13,12,359.9529527528845,315.9283017310288,348.94536557234915,305.6828482342072,0.8776933188485896,0.8760192236191999,0.9230769230769231
2024-07-08 00:00:00,56.0,380.0,27,27,24,29496.409140707132,28456.210917817203,29422.403847162423,28357.431940637172,0.964734750663111,0.9638040483688093,0.8888888888888888
2024-07-08 00:00:00,56.0,390.0,24,21,21,20091.298555174675,19074.189505574792,20050.717139697263,19074.189505574792,0.9493756440477602,0.9512971218276727,0.875
2024-07-08 00:00:00,56.0,400.0,24,27,23,642.0315586788074,641.8487464871924,627.9540294366858,594.3276897541127,0.999715259804376,0.9464509532445583,0.9583333333333334
2024-07-08 00:00:00,56.0,410.0,23,22,22,660.4875456507294,609.5662654144456,649.5040894215529,609.5662654144456,0.9229034967099723,0.9385102809088149,0.9565217391304348
2024-07-08 00:00:00,56.0,420.0,39,33,32,3493.6668859663005,3323.046888613921,3369.8221173064167,3312.958536604291,0.9511630607835732,0.9831256432171624,0.8205128205128205
2024-07-08 00:00:00,56.0,430.0,59,59,54,3562.4566606135013,3491.505475116981,3477.321848241922,3433.7979919124505,0.9800836354639886,0.98748351224622,0.9152542372881356
2024-07-08 00:00:00,56.0,440.0,80,76,73,10684.455931546749,10106.809687178411,10541.16593804174,10071.634707757827,0.945935829763424,0.9554573722637801,0.9125
2024-07-08 00:00:00,56.0,450.0,57,53,46,2566.8734009375994,2400.6907274504974,2374.727021129457,2317.768706489548,0.9352587184757921,0.9760147949077453,0.8070175438596491
2024-07-08 00:00:00,56.0,460.0,56,59,49,1944.0389074283974,1950.6980778941509,1826.0602060153121,1827.7149323417232,1.0034254306538353,1.0009061729295454,0.875
2024-07-08 00:00:00,56.0,470.0,106,113,99,9063.488392152605,8977.66457288133,8926.958303453895,8803.761918280376,0.9905308182062015,0.9861995115261315,0.9339622641509434
2024-07-08 00:00:00,56.0,480.0,116,121,109,12474.81628421328,12261.972589094548,12387.760887106737,12045.448260813013,0.9829381298874852,0.9723668684427058,0.9396551724137931
2024-07-08 00:00:00,56.0,490.0,114,110,103,5032.285079107503,4943.091988468509,4827.807940986293,4855.3034241876685,0.9822758271368018,1.0056952313632754,0.9035087719298246
2024-07-08 08:00:00,64.0,0.0,3,2,2,88.60090665362532,65.66795409082462,76.40894424591038,65.66795409082462,0.7411657123052438,0.8594275806178195,0.6666666666666666
2024-07-08 08:00:00,64.0,10.0,14,16,13,535.9440410801308,506.27150539284435,525.7956620898526,466.85092841504115,0.9446350114696956,0.8878942183727289,0.9285714285714286
2024-07-08 08:00:00,64.0,20.0,30,27,26,2135.3655597825673,2199.8551728322846,2081.961634196425,2186.6192468249837,1.030200736709589,1.050268751791362,0.8666666666666667
2024-07-08 08:00:00,64.0,30.0,43,44,39,3178.9861020491253,3190.5263265116946,3081.1388448955017,3123.570129064942,1.0036301588280399,1.013771298959713,0.9069767441860465
2024-07-08 08:00:00,64.0,40.0,76,72,65,14426.301243463467,14189.193933313018,14005.742953798064,14010.150574270276,0.9835642340923747,1.0003147009399467,0.8552631578947368
2024-07-08 08:00:00,64.0,50.0,88,83,79,16660.596183270067,16321.716455380896,16390.928508866695,16232.972723066458,0.9796598078387219,0.990363219160233,0.8977272727272727
2024-07-08 08:00:00,64.0,60.0,108,99,94,7470.868399126494,7162.648908331889,7096.1883597722435,7067.641565591927,0.9587438200851399,0.9959771651014584,0.8703703703703703
2024-07-08 08:00:00,64.0,70.0,165,141,131,24488.534738381983,23877.293765612478,23633.6299208454,23466.069563424473,0.9750397082022437,0.9929100879559286,0.793939393939394
2024-07-08 08:00:00,64.0,80.0,181,165,157,20379.37063720318,19573.36583007179,19864.94399250052,19365.972521985273,0.9604499657285783,0.9748818083401786,0.8674033149171271
2024-07-08 08:00:00,64.0,90.0,175,170,154,29437.08207262651,28922.649784959438,28390.34476899558,28595.06868374322,0.9825243450965053,1.0072110401058325,0.88
2024-07-08 08:00:00,64.0,100.0,211,185,175,26221.372797712233,25489.781192864983,25219.610152428635,25282.75553929892,0.9720994163619427,1.0025038208952728,0.8293838862559242
2024-07-08 08:00:00,64.0,110.0,211,200,195,157989.27794445778,153465.30018817395,157093.31885245905,153374.5933481332,0.9713652862071168,0.9763279206812198,0.9241706161137441
2024-07-08 08:00:00,64.0,120.0,204,193,188,262513.68747551704,252627.85025871807,262192.5725037721,252547.50595255272,0.9623416313569517,0.963213807091806,0.9215686274509803
2024-07-08 08:00:00,64.0,130.0,190,175,169,49530.51527984871,47417.51301147003,48776.41796211178,47300.40385494805,0.9573393844897401,0.9697391860896742,0.8894736842105263
2024-07-08 08:00:00,64.0,140.0,158,149,138,40680.23973160164,39626.07571249918,39774.89294155126,39212.397465544615,0.9740865829194326,0.9858580266492929,0.8734177215189873
2024-07-08 08:00:00,64.0,150.0,163,151,143,77038.64896278211,76168.11287144844,76341.39524126386,75934.71614044736,0.9887000083327754,0.9946728888104381,0.8773006134969326
2024-07-08 08:00:00,64.0,160.0,154,147,140,75861.62440748292,74219.62389737499,75218.65640857557,73822.00366905768,0.9783553209816851,0.9814320966871372,0.9090909090909091
2024-07-08 08:00:00,64.0,170.0,117,114,104,39256.1937482277,38892.48543867462,37860.37296436403,38623.06972818128,0.990735008292303,1.020144988126111,0.8888888888888888
2024-07-08 08:00:00,64.0,180.0,91,84,80,19026.465505535547,18725.801811111305,18757.287185278677,18674.087415592447,0.9841976065214653,0.9955644028443768,0.8791208791208791
2024-07-08 08:00:00,64.0,190.0,122,114,111,188770.2663987086,192815.7633360551,188334.67686203265,191930.70915022452,1.0214307952969768,1.0190938405401901,0.9098360655737705
2024-07-08 08:00:00,64.0,200.0,104,99,96,138477.64073070168,135872.86196998126,137063.1157768238,135780.62412007546,0.9811898964556599,0.9906430577659084,0.9230769230769231
2024-07-08 08:00:00,64.0,210.0,117,108,104,110377.6798120555,107425.38023677161,109302.79324114588,107366.54899412334,0.9732527483789215,0.9822855007671144,0.8888888888888888
2024-07-08 08:00:00,64.0,220.0,53,58,51,6437.1497069076795,6257.603021457686,6415.144242689625,6116.605727192014,0.9721077350030678,0.9534634757686375,0.9622641509433962
2024-07-08 08:00:00,64.0,230.0,59,53,47,5188.915051589747,4880.544016581245,4985.817216010941,4787.251353005846,0.9405711922545301,0.9601738582859715,0.7966101694915254
2024-07-08 08:00:00,64.0,240.0,45,43,39,3670.4132020671263,3643.505967655948,3525.516097233198,3561.6782876911857,0.9926691538718244,1.0102572756613897,0.8666666666666667
2024-07-08 08:00:00,64.0,250.0,58,55,51,9549.329753701537,9299.430850502476,9358.456937804642,9252.312209169379,0.9738307389477053,0.9886578813857145,0.8793103448275862
2024-07-08 08:00:00,64.0,260.0,31,31,28,1575.520318109758,1608.7133313583454,1531.3479941578848,1549.135902972689,1.021067969017633,1.0116158501416173,0.9032258064516129
2024-07-08 08:00:00,64.0,270.0,39,37,35,1492.2511570215243,1369.239888299243,1445.8680134317501,1342.8820268813404,0.9175666454380192,0.928772207702435,0.8974358974358975
2024-07-08 08:00:00,64.0,280.0,18,17,15,610.8563274597985,594.9842206593862,572.8610951683089,573.0332037614664,0.9740166286458629,1.000300436867871,0.8333333333333334
2024-07-08 08:00:00,64.0,290.0,29,27,27,2321.128803198046,2221.831736478296,2274.279435745197,2221.831736478296,0.9572203547761163,0.9769387620348791,0.9310344827586207
2024-07-08 08:00:00,64.0,300.0,41,36,34,8860.20107120361,8479.208831621587,8714.997549449141,8428.73939479104,0.9569995944200094,0.9671533866723584,0.8292682926829268
2024-07-08 08:00:00,64.0,310.0,30,32,28,2079.786586392656,2084.3032786233493,2041.8522951395043,1899.318507884544,1.0021717094726184,0.9301938795503217,0.9333333333333333
2024-07-08 08:00:00,64.0,320.0,14,15,13,497.3374473193864,459.5098448512306,484.66926462417604,436.957697317108,0.9239397663054654,0.9015585043461242,0.9285714285714286
2024-07-08 08:00:00,64.0,330.0,29,27,24,999.7068757607733,938.8213737971498,925.328263119949,904.8025807552879,0.9390966457870065,0.9778179450658361,0.8275862068965517
2024-07-08 08:00:00,64.0,340.0,14,17,13,516.7600067614813,596.3070310457884,505.7385023270682,547.8071893349702,1.1539341730077484,1.083182685942103,0.9285714285714286
2024-07-08 08:00:00,64.0,350.0,32,35,31,4268.615700107421,4323.367075255175,4257.464151034515,4271.99841392144,1.01282649434719,1.0034138309499079,0.96875
2024-07-08 08:00:00,64.0,360.0,21,16,16,921.4323807981018,841.1501584611167,840.9016518145772,841.1501584611167,0.9128723669690787,1.000295524031857,0.7619047619047619
2024-07-08 08:00:00,64.0,370.0,16,18,15,614.5443242743781,572.6893109447548,600.5873295386984,540.2326855022975,0.931892604526055,0.899507297160667,0.9375
2024-07-08 08:00:00,64.0,380.0,33,29,29,35568.944397168074,34331.24570449903,35473.1965148827,34331.24570449903,0.9652028275326724,0.9678080657347987,0.8787878787878788
2024-07-08 08:00:00,64.0,390.0,27,25,23,26323.95695404983,25486.80768877181,26175.2212660815,25445.933035674654,0.9681981980619662,0.9721382209917792,0.8518518518518519
2024-07-08 08:00:00,64.0,400.0,32,34,30,891.2306572527883,848.6516748646146,869.2134355004276,800.90069218903,0.9522245088387971,0.9214085510861112,0.9375
2024-07-08 08:00:00,64.0,410.0,26,27,26,860.4296993296316,814.7348472769264,860.4296993296316,803.4617222807178,0.9468929860413855,0.9337912474507818,1.0
2024-07-08 08:00:00,64.0,420.0,47,41,40,4445.553699211208,4292.817289062243,4156.826253959029,4282.330375328633,0.9656428826456271,1.030192294241327,0.851063829787234
2024-07-08 08:00:00,64.0,430.0,68,65,61,4593.098058017329,4635.637665496971,4442.946524490766,4571.135260151048,1.0092616371221137,1.0288521896344396,0.8970588235294118
2024-07-08 08:00:00,64.0,440.0,92,83,81,13462.523969985967,12818.985220244665,13055.479244622256,12797.448449969306,0.9521977638683475,0.9802358236095211,0.8804347826086957
2024-07-08 08:00:00,64.0,450.0,70,74,64,3345.46029519674,3354.043669318019,3270.0511218640604,3197.8374970760624,1.0025656780723426,0.9779166679367284,0.9142857142857143
2024-07-08 08:00:00,64.0,460.0,81,82,72,2741.5266137761296,2664.528887783541,2572.831341887724,2554.550611912827,0.9719142883364049,0.9928947033265367,0.8888888888888888
2024-07-08 08:00:00,64.0,470.0,134,140,125,11865.786360781642,11775.852803376441,11689.967450521286,11587.181645758428,0.99242076718131,0.9912073489342116,0.9328358208955224
2024-07-08 08:00:00,64.0,480.0,136,152,131,16119.537169532929,16009.34527185226,16046.833855210525,15694.499750122446,0.9931640780673939,0.9780433879812576,0.9632352941176471
2024-07-08 08:00:00,64.0,490.0,133,137,123,6772.645777470985,6631.129153769901,6556.258293678684,6462.202285551804,0.9791046766137046,0.9856540111884297,0.924812030075188
2024-07-08 16:00:00,72.0,0.0,3,2,2,99.11239731695002,75.36815459800701,85.61989322948529,75.36815459800701,0.7604311532995044,0.8802645244604458,0.6666666666666666
2024-07-08 16:00:00,72.0,10.0,17,14,14,578.8016249552072,512.8949180260702,546.8102259178902,512.8949180260702,0.8861324777133487,0.93797609063567,0.8235294117647058
2024-07-08 16:00:00,72.0,20.0,28,26,26,1712.1125881344199,1759.0784758809173,1677.1319842722812,1759.0784758809173,1.0274315416357478,1.0488610868894694,0.9285714285714286
2024-07-08 16:00:00,72.0,30.0,37,38,34,3179.6950544449137,3250.139867284617,3109.9566110885917,3153.2973741560504,1.022154581377616,1.0139361311064363,0.918918918918919
2024-07-08 16:00:00,72.0,40.0,75,70,65,13840.227972243203,13978.292617094385,13623.807130146011,13863.234122783928,1.0099756048186541,1.0175741619321756,0.8666666666666667
2024-07-08 16:00:00,72.0,50.0,85,78,74,17696.30013530113,17562.19324907899,17378.693816952735,17496.12615015267,0.9924217556666198,1.006757258884749,0.8705882352941177
2024-07-08 16:00:00,72.0,60.0,98,94,88,7590.746680716488,7647.492447549456,7350.9959698572675,7461.949929648987,1.0074756501856563,1.0150937315496682,0.8979591836734694
2024-07-08 16:00:00,72.0,70.0,146,126,123,25249.222575518805,25129.37349802376,24765.830851697116,24979.677362739403,0.9952533557365347,1.0086347400304414,0.8424657534246576
2024-07-08 16:00:00,72.0,80.0,165,153,141,20683.23057846054,20295.326341088687,19819.948294646718,20002.034888264592,0.9812454714992243,1.0091870367627072,0.8545454545454545
2024-07-08 16:00:00,72.0,90.0,162,157,147,31198.48436165115,30887.204529719093,30523.315682242333,30659.889459107402,0.9900225976260988,1.0044744082945263,0.9074074074074074
2024-07-08 16:00:00,72.0,100.0,190,173,165,26637.08424777999,26206.203620279717,25896.512599055513,26067.249527561795,0.9838240318087299,1.0065930471469162,0.868421052631579
2024-07-08 16:00:00,72.0,110.0,196,183,177,172554.6746977092,168784.12346941733,171915.25062110726,168624.53283988434,0.9781486578969979,0.9808584882997059,0.9030612244897959
2024-07-08 16:00:00,72.0,120.0,195,185,178,236611.77154503093,228574.17067135632,235945.89110731543,228435.71350058424,0.9660304268837067,0.9681699156892064,0.9128205128205128
2024-07-08 16:00:00,72.0,130.0,174,160,155,53413.08530596124,51710.42700134893,52432.72960553378,51640.438803149314,0.9681228243068317,0.9848893847727347,0.8908045977011494
2024-07-08 16:00:00,72.0,140.0,146,129,126,41390.60845362113,40572.562067638035,40637.62239650184,40538.217138930304,0.9802359420036135,0.997553861379939,0.863013698630137
2024-07-08 16:00:00,72.0,150.0,157,142,134,81004.08368025522,81406.55533075816,79897.60183086823,80994.29855591609,1.0049685353159674,1.0137262783852938,0.8535031847133758
2024-07-08 16:00:00,72.0,160.0,135,126,121,75352.60236168675,73614.33067334464,74077.5307781247,73528.98464868237,0.9769314976011242,0.9925949728118595,0.8962962962962963
2024-07-08 16:00:00,72.0,170.0,109,105,97,37710.79907724545,37955.89759436877,37035.1608178848,37812.09530042062,1.0064994251811337,1.0209782937451328,0.8899082568807339
2024-07-08 16:00:00,72.0,180.0,78,68,62,18109.31117926256,17564.439664130106,17568.640914462947,17334.586556788017,0.9699120794966293,0.9866777197613362,0.7948717948717948
2024-07-08 16:00:00,72.0,190.0,115,109,107,204396.68573023664,209956.12381704795,203664.9312735495,209922.20205576412,1.0271992574974953,1.030723358916466,0.9304347826086956
2024-07-08 16:00:00,72.0,200.0,97,90,87,129369.64648692384,126934.00379888022,128768.57868244749,126632.25577349299,0.9811729972664817,0.9834095947100353,0.8969072164948454
2024-07-08 16:00:00,72.0,210.0,113,107,101,103604.07730628531,101250.64435476929,102644.0830508568,100996.12344747497,0.9772843597211087,0.9839449137797321,0.8938053097345132
2024-07-08 16:00:00,72.0,220.0,48,53,45,6630.813730719206,6632.741720548498,6583.406463548609,6485.593317003313,1.0002907621760448,0.9851424718970531,0.9375
2024-07-08 16:00:00,72.0,230.0,55,50,47,5671.24856933032,5576.737977666261,5392.10127460949,5481.887279863163,0.9833351350220894,1.0166513944529305,0.8545454545454545
2024-07-08 16:00:00,72.0,240.0,43,44,40,3680.130430062342,3617.572224762936,3618.703772989697,3508.8699784115342,0.9830010901819188,0.9696483046227847,0.9302325581395349
2024-07-08 16:00:00,72.0,250.0,56,52,49,9687.032724640156,9478.459098699297,9505.340431577368,9438.932698205752,0.978468780702028,0.9930136396639719,0.875
2024-07-08 16:00:00,72.0,260.0,31,31,29,1749.3506464756686,1760.414875131312,1724.6851210622146,1718.901556820422,1.0063247632359664,0.9966465970099918,0.9354838709677419
2024-07-08 16:00:00,72.0,270.0,37,36,34,1491.8167436246267,1465.1216628214954,1443.8866964931483,1439.9070341062188,0.9821056567991917,0.9972437848505737,0.918918918918919
2024-07-08 16:00:00,72.0,280.0,20,18,15,674.8459164053683,672.4627585494281,612.1399281721006,624.6739711182723,0.9964685896469015,1.0204757807313753,0.75
2024-07-08 16:00:00,72.0,290.0,27,26,25,2385.2837316237883,2249.2284836902845,2355.2631803669615,2237.971893595221,0.9429605601506854,0.9502003479910615,0.9259259259259259
2024-07-08 16:00:00,72.0,300.0,38,32,30,9193.742262471245,8894.132270707436,8807.856646090295,8832.181523068568,0.9674115302332529,1.0027617248958145,0.7894736842105263
2024-07-08 16:00:00,72.0,310.0,30,29,27,2177.7163785949497,2185.682829452866,2137.1606186924164,2025.3120280357475,1.0036581673059997,0.9476648644568879,0.9
2024-07-08 16:00:00,72.0,320.0,14,16,13,524.2582529184106,532.7683985003019,510.0700111564835,493.60914445588026,1.016232735554505,0.9677282209489606,0.9285714285714286
2024-07-08 16:00:00,72.0,330.0,31,28,25,1061.746540881668,1002.3424733676322,971.2725348572043,967.4977805737592,0.9440506135629065,0.9961135992752024,0.8064516129032258
2024-07-08 16:00:00,72.0,340.0,16,16,13,569.0264874783853,610.7440541499947,534.8467013296818,577.6047299227807,1.073313927540489,1.079944456022255,0.8125
2024-07-08 16:00:00,72.0,350.0,35,32,30,4433.890471451061,4326.751763433563,4329.214077872748,4297.925589271444,0.9758364107757413,0.9927727093097048,0.8571428571428571
2024-07-08 16:00:00,72.0,360.0,21,22,18,885.5881541630315,885.5653809294911,853.5867019680943,829.881156798033,0.9999742846226732,0.9722283101231497,0.8571428571428571
2024-07-08 16:00:00,72.0,370.0,15,13,10,495.695527186219,443.0821103534605,387.61719924536817,407.9337036478961,0.8938594077468989,1.0524138362334825,0.6666666666666666
2024-07-08 16:00:00,72.0,380.0,34,28,28,37404.66696244319,36276.55428610933,37252.65893097116,36276.55428610933,0.9698403229343932,0.9737977187971858,0.8235294117647058
2024-07-08 16:00:00,72.0,390.0,27,22,20,25058.00750207387,24117.83632240725,24840.205941165732,24094.859919665076,0.9624802099852189,0.9699943702855759,0.7407407407407407
2024-07-08 16:00:00,72.0,400.0,32,22,21,920.7327877902413,594.6620790578997,656.1435262480192,582.4362020873017,0.6458573941795738,0.8876658517349199,0.65625
2024-07-08 16:00:00,72.0,410.0,29,17,17,901.5544762521481,604.9406231869012,668.0168640887966,604.9406231869012,0.6709973042357903,0.9055768734402625,0.5862068965517241
2024-07-08 16:00:00,72.0,420.0,41,41,38,4283.767690158955,4207.8118292751,4224.55600948881,4168.532655400864,0.9822689122338852,0.9867386409454364,0.926829268292683
2024-07-08 16:00:00,72.0,430.0,69,66,62,4620.7972304974155,4546.267136210463,4531.262183319607,4426.036813719139,0.9838707282381812,0.9767779119054683,0.8985507246376812
2024-07-08 16:00:00,72.0,440.0,95,89,84,13305.471793485054,12951.561678046226,13155.811610708266,12895.574315689792,0.9734011599940321,0.9802188338721229,0.8842105263157894
2024-07-08 16:00:00,72.0,450.0,71,71,64,3410.452375359929,3335.378371155088,3241.1298780448524,3244.0508423302067,0.9779870832540455,1.0009012179071073,0.9014084507042254
2024-07-08 16:00:00,72.0,460.0,87,81,73,2934.1527228617797,2784.483112487613,2728.473049585859,2694.1312045777013,0.9489905180435909,0.987413529698096,0.8390804597701149
2024-07-08 16:00:00,72.0,470.0,143,139,127,12060.786691961323,12035.136911031652,11630.658483033609,11890.404891712422,0.99787329122181,1.0223329065209612,0.8881118881118881
2024-07-08 16:00:00,72.0,480.0,137,140,129,16151.989563730094,15922.481276385475,16063.095270205606,15740.062457056189,0.9857907110180415,0.979889753019856,0.9416058394160584
2024-07-08 16:00:00,72.0,490.0,137,143,130,6726.658060728832,6700.10634424853,6613.106793284582,6467.789895629946,0.9960527625693782,0.9780259260591102,0.948905109489051
2024-07-09 00:00:00,80.0,0.0,2,2,2,58.40984747690953,53.52611594850525,58.40984747690953,53.52611594850525,0.9163885587899384,0.9163885587899384,1.0
2024-07-09 00:00:00,80.0,10.0,12,13,12,369.95583138152614,358.81445065021893,369.95583138152614,346.59435796742514,0.9698845651663283,0.9368533445550453,1.0
2024-07-09 00:00:00,80.0,20.0,25,23,21,1351.9035550603069,1319.555696206922,1298.5472260170156,1272.053756045485,0.9760723620170213,0.9795976076643796,0.84
2024-07-09 00:00:00,80.0,30.0,34,36,31,2422.772087212203,2459.393518322838,2389.9707046831563,2293.0670390882215,1.0151155081007945,0.9594540362335606,0.9117647058823529
2024-07-09 00:00:00,80.0,40.0,67,69,62,10929.395559568937,10942.66624948619,10552.798248229825,10776.011925681109,1.0012142199305463,1.0211520842340303,0.9253731343283582
2024-07-09 00:00:00,80.0,50.0,81,79,74,14027.06005934181,13819.829750052875,13920.25158864686,13749.918366414935,0.9852263903902713,0.987763639101836,0.9135802469135802
2024-07-09 00:00:00,80.0,60.0,98,88,83,5894.456615011331,5601.38004229439,5558.017470312465,5517.801950714385,0.9502792891934148,0.9927644128841109,0.8469387755102041
2024-07-09 00:00:00,80.0,70.0,141,130,119,20043.379142108122,19537.619752758117,19611.63983866394,19246.09738800137,0.9747667603469377,0.9813609441296228,0.8439716312056738
2024-07-09 00:00:00,80.0,80.0,157,154,139,16288.010618016526,15807.553579740492,15781.863526186815,15425.367067328563,0.9705024112800743,0.97741100356959,0.8853503184713376
2024-07-09 00:00:00,80.0,90.0,156,153,137,24618.87574883208,23881.56414480223,23901.174396838032,23608.807701070582,0.9700509636771358,0.9877676849299033,0.8782051282051282
2024-07-09 00:00:00,80.0,100.0,184,173,159,21971.201830672195,21631.20973249286,21264.350979665578,21277.32445546409,0.9845255575548582,1.0006101044800717,0.8641304347826086
2024-07-09 00:00:00,80.0,110.0,194,175,168,139835.8942115109,134537.9187188032,138777.71478851838,134399.63945657137,0.9621129072576019,0.9684526053868324,0.865979381443299
2024-07-09 00:00:00,80.0,120.0,195,181,177,196153.55349965696,186027.12032658095,195498.06489159344,185976.82067924115,0.9483749695460209,0.9512975014988923,0.9076923076923077
2024-07-09 00:00:00,80.0,130.0,165,170,157,44676.670700852585,43238.91116616683,44433.623801058646,42657.43534413316,0.9678185614073003,0.9600260274768955,0.9515151515151515
2024-07-09 00:00:00,80.0,140.0,145,132,125,34023.79899531312,32419.403718284182,33423.67103787215,32311.305166827857,0.9528449107858312,0.9667192191490912,0.8620689655172413
2024-07-09 00:00:00,80.0,150.0,150,140,130,67247.92542529252,66687.67891418425,66711.648951704,66541.2300550692,0.9916689398585141,0.9974454401995343,0.8666666666666667
2024-07-09 00:00:00,80.0,160.0,132,129,123,64728.411659116886,62598.69661757856,64411.66694684434,62490.000664934836,0.9670976780219145,0.9701658663251899,0.9318181818181818
2024-07-09 00:00:00,80.0,170.0,105,98,90,31963.657942732345,31127.056137272422,31468.638025386423,31033.74292087298,0.9738264685800724,0.9861800468084255,0.8571428571428571
2024-07-09 00:00:00,80.0,180.0,75,69,66,15972.04113694648,14973.225182992925,15277.32240145312,14928.47693631076,0.93746472693192,0.9771657980387205,0.88
2024-07-09 00:00:00,80.0,190.0,116,104,101,170397.1155190062,172546.5096021634,168595.53569371975,172474.7874055537,1.0126140285685612,1.0230092196443519,0.8706896551724138
2024-07-09 00:00:00,80.0,200.0,98,91,90,109770.65617205444,106098.19967516548,109481.60688930599,106087.87854111746,0.9665442785444158,0.9690018401755847,0.9183673469387755
2024-07-09 00:00:00,80.0,210.0,111,109,103,87516.91628065177,84258.22267296964,87304.79728410843,84146.93983446766,0.9627649859458935,0.9638295082529723,0.9279279279279279
2024-07-09 00:00:00,80.0,220.0,47,51,43,5480.284479283686,5380.447445897545,5414.094280594201,5218.580972920447,0.9817825089621642,0.9638880858845522,0.9148936170212766
2024-07-09 00:00:00,80.0,230.0,53,48,43,4520.414366767567,4321.941537388958,4215.443093928498,4168.49096510061,0.9560941070275086,0.988861875778726,0.8113207547169812
2024-07-09 00:00:00,80.0,240.0,43,41,37,2893.4899707847694,2793.171293822725,2740.6981483455097,2740.8460691471073,0.9653295231796376,1.000053971942035,0.8604651162790697
2024-07-09 00:00:00,80.0,250.0,44,46,41,7467.840859626623,7263.996717830107,7327.62395685997,7193.582527468769,0.9727037378503125,0.981707381522258,0.9318181818181818
2024-07-09 00:00:00,80.0,260.0,29,27,25,1313.9473481968935,1404.1210947876427,1269.5653754931623,1361.2374842612835,1.0686281278427885,1.0722074739416323,0.8620689655172413
2024-07-09 00:00:00,80.0,270.0,27,35,25,984.2284117468266,1013.1152736525338,962.1895306707048,887.8891526039466,1.0293497541433885,0.9227798934634361,0.9259259259259259
2024-07-09 00:00:00,80.0,280.0,13,17,13,438.4811155822324,518.3651812370284,438.4811155822324,471.9292720610236,1.182183594266592,1.0762818632094964,1.0
2024-07-09 00:00:00,80.0,290.0,24,22,22,1816.6148534209074,1797.4762752353406,1795.3049858793538,1797.4762752353406,0.9894647023558535,1.001209426461278,0.9166666666666666
2024-07-09 00:00:00,80.0,300.0,34,26,26,7525.831708214382,7191.711707687436,7215.343008920927,7191.711707687436,0.9556035779856388,0.9967248540777238,0.7647058823529411
2024-07-09 00:00:00,80.0,310.0,26,30,25,1637.3796863496689,1737.8314342010851,1625.9194843690218,1557.4803694002621,1.0613490864024095,0.9579074390665051,0.9615384615384616
2024-07-09 00:00:00,80.0,320.0,9,13,9,336.8723417448108,367.4459490267559,336.8723417448108,316.59362988543114,1.0907572498341385,0.9398029777263778,1.0
2024-07-09 00:00:00,80.0,330.0,23,21,19,726.9869870084101,702.9792381671247,672.6779202075118,672.8880392077406,0.9669763705949145,1.0003123619698473,0.8260869565217391
2024-07-09 00:00:00,80.0,340.0,9,11,9,362.80104274588456,444.3047410375412,362.80104274588456,410.4721964519195,1.2246512239181848,1.131397510175915,1.0
2024-07-09 00:00:00,80.0,350.0,24,24,22,3373.4017294782166,3280.1298392096182,3351.4518991323457,3255.781415312675,0.9723507907600957,0.9714540185271826,0.9166666666666666
2024-07-09 00:00:00,80.0,360.0,16,19,15,677.5495517299574,669.6113017890835,666.1304287381898,616.8510217411267,0.9882838828236171,0.9260213842949494,0.9375
2024-07-09 00:00:00,80.0,370.0,14,12,11,393.75940226987274,341.4822977610718,355.71987455532604,330.1268417236537,0.8672359206981639,0.9280528453360516,0.7857142857142857
2024-07-09 00:00:00,80.0,380.0,27,28,24,29556.662984401453,28608.93256544181,29489.535547154963,28563.59252575201,0.9679351346442658,0.9686009628763962,0.8888888888888888
2024-07-09 00:00:00,80.0,390.0,23,19,18,20277.056777929436,19302.310281991042,20182.60498976142,19282.771925253524,0.9519286005551182,0.9554154151575389,0.782608695652174
2024-07-09 00:00:00,80.0,400.0,25,18,15,623.091333896424,431.0273504956365,436.729261226704,389.2991018574952,0.6917562916503118,0.8913968822790007,0.6
2024-07-09 00:00:00,80.0,410.0,24,14,13,652.6383924602621,461.00575963317624,456.5865816106733,450.40046278797416,0.706372418415832,0.9864513783982071,0.5416666666666666
2024-07-09 00:00:00,80.0,420.0,39,35,31,3450.089486701441,3172.2924519126605,3323.8673027234854,3128.097060951452,0.9194812088615196,0.9411016674427332,0.7948717948717948
2024-07-09 00:00:00,80.0,430.0,58,58,54,3506.2300565814126,3459.3156655070243,3431.710125496124,3413.696511411167,0.9866197054051468,0.994750834590858,0.9310344827586207
2024-07-09 00:00:00,80.0,440.0,79,79,70,10434.547297805126,10135.726442695417,10247.395379620753,10030.147166665696,0.971362355588482,0.9787996651922786,0.8860759493670886
2024-07-09 00:00:00,80.0,450.0,53,54,47,2505.949544518699,2482.8465277828177,2404.790653572076,2395.8143192753814,0.9907807334802831,0.9962673115502337,0.8867924528301887
2024-07-09 00:00:00,80.0,460.0,51,63,48,1835.1471273927168,2020.4800354290264,1772.6702833989207,1793.1209485348732,1.1009907626859439,1.0115366435188051,0.9411764705882353
2024-07-09 00:00:00,80.0,470.0,104,111,96,8925.536953244191,8718.7555500008,8659.386596086528,8532.17590544988,0.9768326091386321,0.9853095032511727,0.9230769230769231
2024-07-09 00:00:00,80.0,480.0,113,118,104,12481.319375616788,11337.047229517173,12347.13297109578,11135.073181169682,0.9083212189622326,0.9018347180059137,0.9203539823008849
2024-07-09 00:00:00,80.0,490.0,112,118,104,4966.083225171739,4948.608953341549,4782.061123402528,4763.85846519498,0.9964812768860541,0.9961935538384343,0.9285714285714286
2024-07-09 08:00:00,88.0,0.0,2,2,2,83.48886596830195,70.62975213803315,83.48886596830195,70.62975213803315,0.8459780992216257,0.8459780992216257,1.0
2024-07-09 08:00:00,88.0,10.0,14,15,14,517.3239646286995,501.80426814664867,517.3239646286995,488.5913358368148,0.9700000434095686,0.9444591189342889,1.0
2024-07-09 08:00:00,88.0,20.0,30,29,27,2089.8009783491684,2154.2676873903115,2038.5143064623835,2098.3800845931505,1.0308482528762468,1.0293673573646178,0.9
2024-07-09 08:00:00,88.0,30.0,43,43,36,3107.0641341487217,3055.769516254934,2966.9498718748982,2967.0848341425667,0.9834909690694745,1.000045488556766,0.8372093023255814
2024-07-09 08:00:00,88.0,40.0,75,80,68,14041.739388842307,14277.8551134497,13787.268259141005,13998.271083826116,1.0168152760900129,1.0153041792412514,0.9066666666666666
2024-07-09 08:00:00,88.0,50.0,89,85,80,16465.0449582477,16232.809450124336,16291.81121187988,16136.59048607622,0.9858952399636763,0.9904724696484039,0.898876404494382
2024-07-09 08:00:00,88.0,60.0,111,105,100,7194.068721537817,7191.029934722154,6898.061103546534,7072.120715072078,0.9995775983058705,1.0252331211499497,0.9009009009009009
2024-07-09 08:00:00,88.0,70.0,164,142,133,23850.288467671082,23736.989352895594,22818.25778312779,23489.970223522156,0.995249570464145,1.0294374989878081,0.8109756097560976
2024-07-09 08:00:00,88.0,80.0,188,173,159,19837.291117378805,19368.879821286115,19120.780096685885,19021.8235092299,0.9763873356840375,0.9948246574169254,0.8457446808510638
2024-07-09 08:00:00,88.0,90.0,174,173,156,28888.3238019574,28363.890275381313,28281.27277904374,27966.014022525313,0.9818461766708475,0.9888527380298092,0.896551724137931
2024-07-09 08:00:00,88.0,100.0,212,198,177,25786.559993465664,25560.709969072712,24792.935345760856,25106.231399695353,0.9912415605474254,1.0126365050997508,0.8349056603773585
2024-07-09 08:00:00,88.0,110.0,211,203,193,156674.36490154106,152358.3336228395,156063.17309772602,152147.38250305597,0.9724522178123148,0.9749089390088334,0.9146919431279621
2024-07-09 08:00:00,88.0,120.0,204,200,195,263668.7213250658,252250.10669199505,263394.85668657545,252181.7324552653,0.9566933287509926,0.9574284616929589,0.9558823529411765
2024-07-09 08:00:00,88.0,130.0,194,180,177,49325.06679503046,47945.76760161048,48669.284921052604,47687.33042569855,0.9720365468707496,0.9798239383022187,0.9123711340206185
2024-07-09 08:00:00,88.0,140.0,160,149,140,40350.046653586534,39417.16228043218,39473.50151774818,39205.41155448483,0.9768802157488601,0.9932083561641268,0.875
2024-07-09 08:00:00,88.0,150.0,163,157,144,76524.43088766062,75263.97398373144,76064.8451200645,75014.26340664158,0.9835286994060818,0.986188340858847,0.8834355828220859
2024-07-09 08:00:00,88.0,160.0,156,150,141,76016.79536030412,74074.92895463094,75690.10389626204,73970.55765231326,0.9744547715216206,0.9772817560627804,0.9038461538461539
2024-07-09 08:00:00,88.0,170.0,125,118,110,39158.07613898008,38483.389404201684,38379.19584856195,38390.049242421155,0.9827701766454563,1.000282793675564,0.88
2024-07-09 08:00:00,88.0,180.0,91,83,80,19114.68531140086,18449.851489622248,18622.095835159264,18231.48706465313,0.9652186886183225,0.9790244463370955,0.8791208791208791
2024-07-09 08:00:00,88.0,190.0,127,122,115,188095.71711553674,192137.5497572688,187164.63726744143,191949.06707707566,1.0214881694475233,1.0255626804266327,0.905511811023622
2024-07-09 08:00:00,88.0,200.0,104,103,99,137995.62549927144,135625.0463214313,137768.28150582936,135553.1676238619,0.9828213454646599,0.9839214523273723,0.9519230769230769
2024-07-09 08:00:00,88.0,210.0,121,115,111,110214.33742491828,107305.00333126911,109702.07974110526,107255.2134292193,0.9736029434860858,0.9776953516500277,0.9173553719008265
2024-07-09 08:00:00,88.0,220.0,57,59,52,6506.090658457776,6160.738855894862,6338.274804244682,6051.037316804492,0.946918691931542,0.9546820710190997,0.9122807017543859
2024-07-09 08:00:00,88.0,230.0,63,58,51,5125.893479225553,5111.817165274751,4970.949954935969,4917.875607826094,0.9972538809072308,0.9893230976793129,0.8095238095238095
2024-07-09 08:00:00,88.0,240.0,47,48,43,3625.9964254114,3550.5525566766446,3571.3285233074394,3465.773671052515,0.9791936174547674,0.9704438133971587,0.9148936170212766
2024-07-09 08:00:00,88.0,250.0,57,59,53,9495.976093419175,9324.051188405776,9444.13197294843,9227.809299995275,0.9818949728472312,0.9770944885593738,0.9298245614035088
2024-07-09 08:00:00,88.0,260.0,30,32,27,1561.5336450522493,1619.567148982215,1507.7122561646952,1519.5279180267935,1.0371644274933467,1.0078368148920902,0.9
2024-07-09 08:00:00,88.0,270.0,40,32,31,1484.4000239584418,1355.7215486124928,1374.3117188331316,1340.2388416425483,0.9133128043188771,0.975207315251948,0.775
2024-07-09 08:00:00,88.0,280.0,20,17,16,623.0081367124473,610.3941087601249,565.8811867061457,592.7380474231511,0.9797530285577243,1.0474602466877059,0.8
2024-07-09 08:00:00,88.0,290.0,29,27,27,2281.2748171422513,2245.8163936859473,2246.7617922883983,2245.8163936859473,0.9844567505896888,0.9995792172513811,0.9310344827586207
2024-07-09 08:00:00,88.0,300.0,39,36,32,8852.256961293699,8441.554073727719,8503.685220821373,8384.374647393268,0.9536047259629076,0.9859695449290653,0.8205128205128205
2024-07-09 08:00:00,88.0,310.0,33,31,29,2113.345248773473,2184.9293929893533,2041.7489079730622,2160.1556461050454,1.033872432465744,1.0579928010097632,0.8787878787878788
2024-07-09 08:00:00,88.0,320.0,14,14,13,497.835909879277,507.110018544164,487.0597866059453,492.6401440786369,1.0186288463343995,1.0114572330259044,0.9285714285714286
2024-07-09 08:00:00,88.0,330.0,27,29,23,954.1010673461795,960.4532413644782,898.7153090012899,876.0345672184227,1.0066577580045761,0.9747631518505325,0.8518518518518519
2024-07-09 08:00:00,88.0,340.0,12,16,11,479.7281847192314,583.6765440002648,463.91514484780146,528.772962946982,1.2166817847941764,1.1398053476362768,0.9166666666666666
2024-07-09 08:00:00,88.0,350.0,33,33,29,4223.423646864807,4409.42183073495,4149.78535723833,4361.893087803178,1.0440396700454657,1.0511129401415606,0.8787878787878788
2024-07-09 08:00:00,88.0,360.0,20,20,17,901.8685261710383,898.3475546695772,817.225765498013,841.6094687812064,0.996095914870863,1.0298371690084125,0.85
2024-07-09 08:00:00,88.0,370.0,17,17,15,631.1253446527885,581.4948518206432,600.1692467401467,558.846140670892,0.9213619081334005,0.9311475782977827,0.8823529411764706
2024-07-09 08:00:00,88.0,380.0,33,29,26,35653.350681447046,34622.12056038926,35511.68974947833,34574.39302289735,0.9710762073873072,0.9736059665650026,0.7878787878787878
2024-07-09 08:00:00,88.0,390.0,26,25,20,26433.5774061912,25501.568657717842,26239.283297530517,25447.653581885337,0.9647414826169133,0.9698303605830696,0.7692307692307693
2024-07-09 08:00:00,88.0,400.0,30,28,24,865.1338487858716,656.3242631009186,775.3979764879821,602.7111544839653,0.7586389828834045,0.7772926584279095,0.8
2024-07-09 08:00:00,88.0,410.0,28,17,16,871.7048692351419,614.8667248219703,617.9277181363326,603.8829804428348,0.7053611222356385,0.9772712288488098,0.5714285714285714
2024-07-09 08:00:00,88.0,420.0,48,44,43,4444.551641219947,4221.295931265212,4320.50628528142,4184.7015775755435,0.9497686768032567,0.9685674088315716,0.8958333333333334
2024-07-09 08:00:00,88.0,430.0,69,68,64,4583.97930275264,4630.143273069225,4490.394869383928,4585.291617660345,1.0100707196232024,1.0211332746978299,0.927536231884058
2024-07-09 08:00:00,88.0,440.0,91,84,81,13236.113068805536,12905.825253698746,12889.79308989291,12874.38192319717,0.9750464646690573,0.998804389908491,0.8901098901098901
2024-07-09 08:00:00,88.0,450.0,73,65,61,3417.4112970040496,3452.8463536453382,3242.8076406043124,3398.9308928600726,1.010368976269363,1.0481444691016781,0.8356164383561644
2024-07-09 08:00:00,88.0,460.0,78,76,67,2662.654620977669,2749.794638798191,2540.38599861441,2573.086490166196,1.0327267446307122,1.0128722531023324,0.8589743589743589
2024-07-09 08:00:00,88.0,470.0,130,128,117,11868.389132991313,11057.56470520539,11251.068455404156,10916.425563416618,0.9316820152507451,0.9702567899827504,0.9
2024-07-09 08:00:00,88.0,480.0,142,136,125,16133.73827443246,11941.529415750512,15871.699303614623,11800.55681376909,0.7401588653929358,0.7434967477667391,0.8802816901408451
2024-07-09 08:00:00,88.0,490.0,136,127,119,6804.026307623293,6017.484998784412,6438.117633400672,5922.16613776861,0.8844006073348609,0.919859883740656,0.875
2024-07-09 16:00:00,96.0,0.0,3,3,3,100.96390110265662,89.46543137288407,100.96390110265662,89.46543137288407,0.8861130601710674,0.8861130601710674,1.0
2024-07-09 16:00:00,96.0,10.0,18,18,17,570.3607104483685,548.3443288202268,560.024496796527,538.0392176552565,0.9613991966402553,0.9607422902622447,0.9444444444444444
2024-07-09 16:00:00,96.0,20.0,26,28,26,1672.9782979927115,1740.4408086114904,1672.9782979927115,1711.1899380332916,1.04032479721926,1.0228404875821926,1.0
2024-07-09 16:00:00,96.0,30.0,35,39,33,3109.3132403104555,3165.1339510997454,3055.750848195419,3079.8576003765606,1.0179527459844209,1.007888978316206,0.9428571428571428
2024-07-09 16:00:00,96.0,40.0,74,70,66,13671.784957358177,13752.959761001082,13504.96925559821,13675.463217545355,1.0059373961700018,1.012624535363268,0.8918918918918919
2024-07-09 16:00:00,96.0,50.0,84,75,72,17502.03571732539,17420.299429296658,17249.129319715023,17368.290619481777,0.9953298982273346,1.0069082501242865,0.8571428571428571
2024-07-09 16:00:00,96.0,60.0,96,96,89,7440.939093045911,7606.206720568984,7204.732735076279,7442.441194123053,1.0222105873272807,1.0329933764079116,0.9270833333333334
2024-07-09 16:00:00,96.0,70.0,146,129,121,25000.504892871908,24951.467647132027,24531.875196411867,24747.961631631777,0.9980385497832941,1.0088083945271136,0.8287671232876712
2024-07-09 16:00:00,96.0,80.0,165,158,146,20516.100397848204,20819.20900667581,19978.1029542123,20555.173372256482,1.0147741823713925,1.0288851458702943,0.8848484848484849
2024-07-09 16:00:00,96.0,90.0,166,150,143,31110.93039689416,30246.97422433186,30037.085895673386,30138.62333866016,0.9722298188597873,1.003380402590965,0.8614457831325302
2024-07-09 16:00:00,96.0,100.0,195,179,167,26402.547758249224,26465.194536905386,25596.45099499239,26184.282040332342,1.0023727550549204,1.0229653339619214,0.8564102564102564
2024-07-09 16:00:00,96.0,110.0,196,187,181,172578.28247364113,168085.7456141002,171878.1955893014,167976.4237466236,0.97396812162488,0.9772992040712307,0.923469387755102
2024-07-09 16:00:00,96.0,120.0,199,194,188,237737.29957068534,229331.92770158613,237369.85076532525,229241.27107267443,0.9646442864275907,0.9657556354927016,0.9447236180904522
2024-07-09 16:00:00,96.0,130.0,172,162,158,53418.69844613582,52248.81718291971,52709.51216657608,52175.52371243999,0.9780997797167269,0.989869220332593,0.9186046511627907
2024-07-09 16:00:00,96.0,140.0,148,134,126,41219.83059355484,40542.190260319185,40509.70660069869,40376.26331164626,0.9835603319208785,0.9967058934697361,0.8513513513513513
2024-07-09 16:00:00,96.0,150.0,153,146,136,80815.64615443518,80478.32866334135,80217.06828251848,80317.18454108467,0.9958260868143128,1.0012480667856571,0.8888888888888888
2024-07-09 16:00:00,96.0,160.0,132,131,122,75335.24314267607,75402.98328650072,75099.49360360239,75278.1974148372,1.0008991826534144,1.002379560802075,0.9242424242424242
2024-07-09 16:00:00,96.0,170.0,107,101,95,37664.79843174878,37575.2930613245,36814.69881565266,37486.2477166335,0.9976236333618917,1.0182413254103635,0.8878504672897196
2024-07-09 16:00:00,96.0,180.0,81,80,72,18029.016863729583,17776.915217165726,17744.46656596278,17669.985492505624,0.9860168944058714,0.9958025746685435,0.8888888888888888
2024-07-09 16:00:00,96.0,190.0,114,108,105,204167.47410311442,209382.29722486777,203480.66709487385,209333.6689018792,1.0255418897875948,1.028764412317738,0.9210526315789473
2024-07-09 16:00:00,96.0,200.0,95,93,89,129241.1791689812,127834.6340542722,128636.24997928657,127792.46670204385,0.9891168966133468,0.9934405482328769,0.9368421052631579
2024-07-09 16:00:00,96.0,210.0,112,108,100,103346.16474851707,101473.25675764342,102890.69138463838,101360.46072548052,0.9818773343410354,0.9851276083524663,0.8928571428571429
2024-07-09 16:00:00,96.0,220.0,48,54,46,6640.833709216326,6430.354197992299,6600.886433345309,6278.580563128582,0.9683052579780883,0.9511723351899294,0.9583333333333334
2024-07-09 16:00:00,96.0,230.0,52,51,46,5563.4512262677,5571.484306640076,5484.020127738781,5497.796517937471,1.00144390236306,1.0025120969430814,0.8846153846153846
2024-07-09 16:00:00,96.0,240.0,45,46,40,3608.767214564419,3591.7630345333005,3516.2322605068903,3470.8637020967494,0.9952880917443241,0.9870973942990897,0.8888888888888888
2024-07-09 16:00:00,96.0,250.0,53,57,50,9532.594531613013,9471.837917878926,9479.26527968124,9378.175579786217,0.9936264346991158,0.9893357030410671,0.9433962264150944
2024-07-09 16:00:00,96.0,260.0,31,29,26,1715.9058153712056,1800.6360122123895,1642.0498959110635,1738.382423300721,1.0493792818243082,1.0586660171713047,0.8387096774193549
2024-07-09 16:00:00,96.0,270.0,35,35,31,1450.0833329129987,1478.5099539814971,1387.9695367350243,1418.6095469631957,1.0196034396253584,1.0220754198253135,0.8857142857142857
2024-07-09 16:00:00,96.0,280.0,20,21,17,653.2527096386706,692.8559404964462,621.6278322526498,646.1945690787473,1.0606246713919965,1.0395200078752471,0.85
2024-07-09 16:00:00,96.0,290.0,27,25,25,2355.4828126776906,2288.9371820080105,2316.2918651833797,2288.9371820080105,0.9717486239714771,0.9881903124616795,0.9259259259259259
2024-07-09 16:00:00,96.0,300.0,36,30,28,9225.661234789644,8872.202894832131,8757.338091770105,8838.672473518516,0.9616874789825759,1.0092875689959768,0.7777777777777778
2024-07-09 16:00:00,96.0,310.0,28,30,27,2125.1387904380613,2183.2306871286933,2113.862600143409,2137.105480469617,1.0273355777759143,1.010995454635808,0.9642857142857143
2024-07-09 16:00:00,96.0,320.0,17,16,14,532.0108019182511,553.0969178479884,496.60009055939247,527.8757768955301,1.0396347515007363,1.0629796226998414,0.8235294117647058
2024-07-09 16:00:00,96.0,330.0,27,26,21,952.1351104247469,945.2299789015694,868.3337683893573,878.8756430458702,0.9927477398453491,1.0121403486081932,0.7777777777777778
2024-07-09 16:00:00,96.0,340.0,16,18,15,541.8726843465688,618.8202928740967,531.3498100166692,582.497690927764,1.1420031139239233,1.096260278910216,0.9375
2024-07-09 16:00:00,96.0,350.0,34,35,31,4375.502261754917,4227.410663010881,4318.049583600284,4178.780802510443,0.9661543772840745,0.9677472946075525,0.9117647058823529
2024-07-09 16:00:00,96.0,360.0,19,22,18,804.6941403746663,925.8945564494428,794.5493861952913,870.934124346964,1.1506167498850501,1.0961359224219427,0.9473684210526315
2024-07-09 16:00:00,96.0,370.0,16,15,14,498.8371170995097,484.5715331342283,478.13963689260476,473.31073973450407,0.9714023205646188,0.9899006549854696,0.875
2024-07-09 16:00:00,96.0,380.0,33,30,29,37441.38310226212,36390.110601711116,37323.133494341964,36375.904069769975,0.9719221777229834,0.9746208494333525,0.8787878787878788
2024-07-09 16:00:00,96.0,390.0,27,27,25,25117.42413540025,24263.03235706558,25095.141705540715,24239.173109894204,0.9659841003707661,0.9658910634699654,0.9259259259259259
2024-07-09 16:00:00,96.0,400.0,30,26,24,899.4146205718533,779.1609738800712,825.5836240035359,754.88861556704,0.8662978742603449,0.9143696575597373,0.8
2024-07-09 16:00:00,96.0,410.0,28,24,24,891.1047349341834,776.386895957379,840.7493103900908,776.386895957379,0.8712633493241652,0.923446366666838,0.8571428571428571
2024-07-09 16:00:00,96.0,420.0,44,41,39,4340.724649155669,4123.433640786366,4261.454179786923,4099.883604479761,0.9499413056731048,0.9620855772488346,0.8863636363636364
2024-07-09 16:00:00,96.0,430.0,70,66,63,4579.841590339437,4489.41683440368,4454.188636983113,4453.966340582935,0.9802559206138273,0.9999500927288234,0.9
2024-07-09 16:00:00,96.0,440.0,91,90,85,13352.23618344915,13079.750706636867,13123.742532416016,13021.818612984192,0.97959252120255,0.9922336239696817,0.9340659340659341
2024-07-09 16:00:00,96.0,450.0,70,70,63,3319.134143717997,3206.5751380361016,3216.5088536747144,3104.346315077697,0.9660878407415585,0.9651291062143738,0.9
2024-07-09 16:00:00,96.0,460.0,86,85,75,2885.2710651015077,2892.9900344021253,2732.6691625151057,2775.5348676234153,1.0026753012547007,1.015686386664113,0.872093023255814
2024-07-09 16:00:00,96.0,470.0,145,134,125,12192.6839407518,11851.41972133981,11810.658090551622,11749.563263526774,0.9720107384829867,0.994827144553975,0.8620689655172413
2024-07-09 16:00:00,96.0,480.0,136,116,112,16372.182642710508,14723.181872266356,15898.191858986365,14652.34932871658,0.8992803338180235,0.9216362123869086,0.8235294117647058
2024-07-09 16:00:00,96.0,490.0,142,118,113,6937.503534281646,6098.696720538019,6403.386573717749,6021.250673127497,0.8790909713272697,0.9403228438278735,0.795774647887324
2024-07-10 00:00:00,104.0,0.0,2,2,2,59.56942615592898,46.22038470289773,59.56942615592898,46.22038470289773,0.7759078387277261,0.7759078387277261,1.0
2024-07-10 00:00:00,104.0,10.0,13,10,9,380.99728429419645,251.002268864767,327.44760655494713,240.63714428109498,0.6588033017866589,0.7348874734887244,0.6923076923076923
2024-07-10 00:00:00,104.0,20.0,25,24,21,1335.9682331093954,1312.5585937501035,1273.471277331735,1272.6343170001178,0.9824773982051899,0.9993427725096627,0.84
2024-07-10 00:00:00,104.0,30.0,33,28,27,2381.4047193301017,2329.075687791697,2301.0995031253206,2318.5299101175224,0.9780259814244741,1.0075748167206713,0.8181818181818182
2024-07-10 00:00:00,104.0,40.0,67,69,62,10942.584778132954,10712.39444579136,10832.499811261838,10565.514483997964,0.9789638063575625,0.9753533042311889,0.9253731343283582
2024-07-10 00:00:00,104.0,50.0,77,77,67,13873.973401480773,13615.10079551691,13645.161583347402,13341.659577798402,0.9813411343331367,0.9777575367140104,0.8701298701298701
2024-07-10 00:00:00,104.0,60.0,98,95,85,5859.926538600311,5646.001616327883,5580.263430052891,5497.431676238936,0.9634935829206615,0.9851563004413271,0.8673469387755102
2024-07-10 00:00:00,104.0,70.0,143,136,119,19841.965470660405,19363.178199628484,19283.043871171176,18947.737340467575,0.9758699675322041,0.9826113277061566,0.8321678321678322
2024-07-10 00:00:00,104.0,80.0,165,153,139,16233.990309377834,15920.182933851564,15576.884479729611,15536.858774709743,0.9806697324843792,0.997430442199661,0.8424242424242424
2024-07-10 00:00:00,104.0,90.0,156,149,133,24256.180281448636,23497.363640122087,23482.664431616675,23208.59372988028,0.9687165649116279,0.9883288072980597,0.8525641025641025
2024-07-10 00:00:00,104.0,100.0,184,174,161,21895.70585686181,21414.62041962867,21081.808269536203,21176.92309800929,0.9780283202387663,1.0045117016176706,0.875
2024-07-10 00:00:00,104.0,110.0,196,185,177,139533.45017888915,134842.01692066627,138989.6226779182,134691.80908634618,0.966377716223542,0.969078169227559,0.9030612244897959
2024-07-10 00:00:00,104.0,120.0,194,190,183,194703.8818063293,187558.80394107685,194411.70521048942,187445.8731353354,0.963302848412855,0.9641696878919295,0.9432989690721649
2024-07-10 00:00:00,104.0,130.0,167,167,157,44528.49568247139,43043.13420805106,44284.2073587293,42804.26837155274,0.9666424510494963,0.9665808857051873,0.9401197604790419
2024-07-10 00:00:00,104.0,140.0,146,137,124,33807.7202373793,32666.21870474157,33064.93963496306,32451.235083009356,0.9662354774405748,0.9814394171370339,0.8493150684931506
2024-07-10 00:00:00,104.0,150.0,149,133,130,66374.15020193659,65939.83800227255,65631.16068455405,65868.75452094099,0.9934566062489284,1.003620137658831,0.87248322147651
2024-07-10 00:00:00,104.0,160.0,135,127,122,64349.381252190506,63443.67557101463,63990.455783327096,63366.36358773506,0.9859251843055594,0.9902471050103906,0.9037037037037037
2024-07-10 00:00:00,104.0,170.0,105,99,92,31690.92377402539,31280.438095809965,31159.28820979838,31125.874812754548,0.9870472163846524,0.9989276585261238,0.8761904761904762
2024-07-10 00:00:00,104.0,180.0,76,68,63,15605.246971477114,14947.753180662141,15029.419460268764,14861.923934927472,0.9578671332778825,0.9888554893431462,0.8289473684210527
2024-07-10 00:00:00,104.0,190.0,118,108,106,169982.8247486498,171405.8257332155,169357.0916997454,171380.56104229737,1.0083714398008732,1.0119479457414124,0.8983050847457628
2024-07-10 00:00:00,104.0,200.0,100,89,89,108709.92772216018,106697.17955591224,108203.1727720006,106697.17955591224,0.9814851485193504,0.9860818016929901,0.89
2024-07-10 00:00:00,104.0,210.0,111,104,99,86727.10765384306,84081.71138645672,85907.50201519432,84011.3243315736,0.9694974692578818,0.9779276822263399,0.8918918918918919
2024-07-10 00:00:00,104.0,220.0,46,48,44,5425.238648290938,5234.097809008549,5397.1262848324905,5168.603000069208,0.9647682154327715,0.9576583402531269,0.9565217391304348
2024-07-10 00:00:00,104.0,230.0,52,49,42,4470.820950039873,4460.430983042474,4267.041857353492,4350.999667646217,0.9976760494071436,1.019675881582469,0.8076923076923077
2024-07-10 00:00:00,104.0,240.0,42,38,37,2831.643829468199,2744.538950019345,2738.72918028751,2731.9266741480096,0.9692387585817202,0.997516181523729,0.8809523809523809
2024-07-10 00:00:00,104.0,250.0,45,51,43,7477.927174471688,7473.353877045917,7455.928050046916,7348.184544009839,0.9993884271243797,0.9855492830250153,0.9555555555555556
2024-07-10 00:00:00,104.0,260.0,28,25,22,1436.3163552803537,1432.9879804018265,1343.8827515047735,1370.2517508061294,0.9976827007042766,1.0196215028966105,0.7857142857142857
2024-07-10 00:00:00,104.0,270.0,25,30,22,997.372512168659,1050.33744115418,953.4821975260065,954.0553580708104,1.0531044603087722,1.0006011234885046,0.88
2024-07-10 00:00:00,104.0,280.0,15,14,12,451.0342323846182,494.5926303262777,413.95727534289887,470.63201252979536,1.0965744832966806,1.1369096294779464,0.8
2024-07-10 00:00:00,104.0,290.0,24,22,20,1830.6875754903363,1764.8214529890167,1765.8481289415872,1741.9604004500334,0.9640211014794932,0.9864723765877468,0.8333333333333334
2024-07-10 00:00:00,104.0,300.0,35,34,29,7397.276357925208,7214.091996250887,6949.6625221827435,7110.205551168343,0.9752362419881659,1.023100838130364,0.8285714285714286
2024-07-10 00:00:00,104.0,310.0,26,27,24,1616.4326072903214,1641.5073395906493,1567.5885832281892,1596.8601223742385,1.0155123895591054,1.018672972908344,0.9230769230769231
2024-07-10 00:00:00,104.0,320.0,9,11,8,332.9534794582686,362.12976260090596,319.13876645537323,330.81458810798637,1.0876287077405187,1.0365854069760774,0.8888888888888888
2024-07-10 00:00:00,104.0,330.0,24,22,19,697.9439973959195,725.5606498890818,637.4966134380695,671.0909924039042,1.0395685794221343,1.0526973449861288,0.7916666666666666
2024-07-10 00:00:00,104.0,340.0,10,11,10,364.48704909834817,429.0863211356773,364.48704909834817,414.97782471616324,1.1772333809860513,1.1385255683095377,1.0
2024-07-10 00:00:00,104.0,350.0,24,29,21,3367.5437689208284,3306.675114536569,3315.401439359982,3205.0072032727485,0.9819249106883129,0.9667026035590597,0.875
2024-07-10 00:00:00,104.0,360.0,17,19,16,629.4192930523393,692.7543982483804,613.4255819240904,649.6070671177961,1.100624664504484,1.0589826806378333,0.9411764705882353
2024-07-10 00:00:00,104.0,370.0,14,17,14,392.18003825455617,414.53994957087394,392.18003825455617,380.86667485533246,1.0570144044450431,0.9711526281409549,1.0
2024-07-10 00:00:00,104.0,380.0,28,28,25,29446.559189127267,27971.26975878777,29399.81792647249,27939.99904713109,0.9498994289667559,0.9503459891148871,0.8928571428571429
2024-07-10 00:00:00,104.0,390.0,22,25,22,20225.97462409512,19444.819849965632,20225.97462409512,19398.629656145873,0.9613786337297733,0.9590949270269707,1.0
2024-07-10 00:00:00,104.0,400.0,22,23,19,583.4571708406256,613.6300366129302,509.6896699187883,565.2352877269714,1.051713934253019,1.1089792889407264,0.8636363636363636
2024-07-10 00:00:00,104.0,410.0,21,24,21,602.1604285340118,689.7889886956209,602.1604285340118,650.1785094333428,1.145523611332191,1.0797430030668627,1.0
2024-07-10 00:00:00,104.0,420.0,36,35,32,3343.228643043,3298.6398529346147,3278.1788285246143,3259.07971652436,0.9866629552240852,0.9941738651247253,0.8888888888888888
2024-07-10 00:00:00,104.0,430.0,58,60,55,3398.0356015566726,3427.6158601556294,3345.6807743546906,3329.6294057138675,1.008705105557283,0.9952023609772157,0.9482758620689655
2024-07-10 00:00:00,104.0,440.0,77,81,71,10384.914886769795,10206.590392127526,10248.491382414113,10086.826639081723,0.9828285068691847,0.9842255081943281,0.922077922077922
2024-07-10 00:00:00,104.0,450.0,57,44,41,2501.505219924517,2306.3642406471913,2251.006754661542,2262.2168058716056,0.9219905768242954,1.0049800166911314,0.7192982456140351
2024-07-10 00:00:00,104.0,460.0,52,54,46,1809.1288239612743,1889.9321831870939,1681.8249402344156,1796.4524939314115,1.044664237369726,1.068156649931127,0.8846153846153846
2024-07-10 00:00:00,104.0,470.0,105,106,91,8923.17290952196,8725.898852697694,8615.377840397628,8537.290700701487,0.9778919383469804,0.9909363070148833,0.8666666666666667
2024-07-10 00:00:00,104.0,480.0,116,94,82,12497.812852809893,11443.698043407676,11865.885462399629,11191.627906040949,0.9156560574384646,0.94317680222894,0.7068965517241379
2024-07-10 00:00:00,104.0,490.0,112,97,87,4961.685979329331,4596.483778793277,4468.359083998192,4459.054049582699,0.9263955433581434,0.9979175723703999,0.7767857142857143
2024-07-10 08:00:00,112.0,0.0,3,2,2,94.40147555484006,70.32932026625238,82.97005393072277,70.32932026625238,0.7450023408309588,0.8476470357000734,0.6666666666666666
2024-07-10 08:00:00,112.0,10.0,14,16,12,531.7234994202188,500.0241961879333,506.38622504496504,451.19067961565236,0.9403838587783879,0.8910010922504625,0.8571428571428571
2024-07-10 08:00:00,112.0,20.0,30,30,28,2109.44934549773,2123.1753422722013,2071.973097013915,2065.987925574268,1.0065069098737862,0.997111366239131,0.9333333333333333
2024-07-10 08:00:00,112.0,30.0,41,44,38,3068.4612002924396,3162.096342117227,3032.9736591707247,3053.8012970905465,1.030515341636343,1.0068670685143757,0.926829268292683
2024-07-10 08:00:00,112.0,40.0,75,73,70,14087.85754897716,14291.90395352495,14013.365950183168,14161.446519193007,1.0144838492182657,1.0105670949817664,0.9333333333333333
2024-07-10 08:00:00,112.0,50.0,92,83,78,16426.5400633999,16388.488098302234,16073.936329119926,16289.72958397614,0.9976835069983817,1.013425041037725,0.8478260869565217
2024-07-10 08:00:00,112.0,60.0,109,107,100,7136.932204481925,7064.195601475939,6870.773925131935,6912.234900534246,0.9898084217529336,1.0060343966857437,0.9174311926605505
2024-07-10 08:00:00,112.0,70.0,170,147,137,23827.47323135927,23571.818682911027,22848.00816897658,23258.44999771606,0.9892705976011013,1.0179640091908224,0.8058823529411765
2024-07-10 08:00:00,112.0,80.0,182,170,158,19804.251658703542,19176.5898997247,19188.174536445476,18875.495602008683,0.9683067166689432,0.9837046023402122,0.8681318681318682
2024-07-10 08:00:00,112.0,90.0,177,166,155,28955.58709501705,27794.281654749724,27696.46208476674,27599.997064274074,0.9598935626324366,0.9965170634358487,0.8757062146892656
2024-07-10 08:00:00,112.0,100.0,210,196,180,25746.685271434297,25659.162208124566,24996.425310039645,25367.94727016961,0.9966006084904904,1.014863003630393,0.8571428571428571
2024-07-10 08:00:00,112.0,110.0,213,202,199,156515.58617451828,150702.6739975951,156107.6753011212,150606.68370908874,0.9628604900061413,0.9647615558849274,0.9342723004694836
2024-07-10 08:00:00,112.0,120.0,207,209,200,261096.22401023904,252440.79816159385,260987.9427102103,252275.71789477573,0.9668496705325552,0.9666182861745907,0.966183574879227
2024-07-10 08:00:00,112.0,130.0,194,180,170,49660.85775104022,47719.02457702566,48762.64780770053,47507.522808784444,0.9608981144919132,0.974260524082577,0.8762886597938144
2024-07-10 08:00:00,112.0,140.0,160,153,144,40402.84400383132,39576.985086352746,39686.57567724855,39324.21749914382,0.9795593865273381,0.990869502547874,0.9
2024-07-10 08:00:00,112.0,150.0,165,150,142,76203.09865815309,75640.96944303904,75005.55488744189,75516.7031189995,0.9926232761526436,1.0068148050144377,0.8606060606060606
2024-07-10 08:00:00,112.0,160.0,153,151,141,76132.55741576235,74957.7410980775,75695.58667879351,74797.07868861385,0.9845688052843262,0.988129981817931,0.9215686274509803
2024-07-10 08:00:00,112.0,170.0,125,114,110,39061.233440759606,38620.355827450185,38313.11999427427,38466.36649022051,0.9887131671359518,1.0039998438124889,0.88
2024-07-10 08:00:00,112.0,180.0,93,84,79,19430.138010558272,18634.765967092277,18577.12446788952,18555.4119976074,0.9590650337617884,0.9988312254504377,0.8494623655913979
2024-07-10 08:00:00,112.0,190.0,124,116,114,187217.56352656233,191465.65400557275,186597.6329096459,191428.20820257312,1.0226906621312146,1.025887655795003,0.9193548387096774
2024-07-10 08:00:00,112.0,200.0,110,102,96,137236.10040526307,135865.63922810828,136320.53392134618,135732.5179112391,0.9900138434922897,0.9956865191677846,0.8727272727272727
2024-07-10 08:00:00,112.0,210.0,119,116,108,109460.0283127077,106562.01897896006,108346.26263529544,106285.55067786259,0.9735244967645308,0.9809803134200445,0.907563025210084
2024-07-10 08:00:00,112.0,220.0,60,55,53,6472.40504419378,6046.304952498304,6288.657304154788,6022.630308885909,0.934166652305279,0.9576973299064777,0.8833333333333333
2024-07-10 08:00:00,112.0,230.0,58,59,51,5111.327310611213,4986.114338606617,4977.961527427098,4854.796370984947,0.9755028460524038,0.9752579131510866,0.8793103448275862
2024-07-10 08:00:00,112.0,240.0,45,46,42,3631.0386899576124,3719.924990990094,3555.683483404357,3667.7091174594098,1.0244795797076784,1.0315060759985855,0.9333333333333333
2024-07-10 08:00:00,112.0,250.0,57,57,50,9393.707151714503,9719.702161785206,9151.072607314196,9614.530717987887,1.0347035525810706,1.0506452227581784,0.8771929824561403
2024-07-10 08:00:00,112.0,260.0,32,30,28,1546.2719187027953,1667.6412501895331,1485.5467311399266,1617.3691776759326,1.0784915835427946,1.0887366541709884,0.875
2024-07-10 08:00:00,112.0,270.0,38,39,35,1482.9923839612816,1455.0590780624475,1445.5380557258698,1398.7804763291292,0.9811642283527983,0.9676538578755981,0.9210526315789473
2024-07-10 08:00:00,112.0,280.0,21,17,16,626.9928579341673,618.252131485084,560.1315739573372,605.5568850467969,0.9860592886530118,1.0810975727872814,0.7619047619047619
2024-07-10 08:00:00,112.0,290.0,30,22,22,2323.8938395419614,2070.0235412914,2197.287368873416,2070.0235412914,0.8907564993155629,0.9420813911804051,0.7333333333333333
2024-07-10 08:00:00,112.0,300.0,40,36,32,8776.835682792924,8443.097361798991,8439.612739619442,8392.813985601508,0.9619750975117114,0.9944548694991371,0.8
2024-07-10 08:00:00,112.0,310.0,35,30,29,2112.8784297135517,2116.5077064449956,2012.4975770281328,2089.681942081892,1.0017176931149494,1.03835252570477,0.8285714285714286
2024-07-10 08:00:00,112.0,320.0,17,16,15,537.5125030378622,544.0560963328,515.4772730047656,526.1160393459174,1.0121738438788965,1.020638671961496,0.8823529411764706
2024-07-10 08:00:00,112.0,330.0,29,27,23,991.7184064987916,922.8735190938728,897.4459719162218,876.3973098636221,0.9305802060809055,0.9765460398605872,0.7931034482758621
2024-07-10 08:00:00,112.0,340.0,15,16,13,529.115400768473,559.8596913011559,503.8117363163604,516.6338744944042,1.0581050759211141,1.0254502570182134,0.8666666666666667
2024-07-10 08:00:00,112.0,350.0,31,38,31,4225.986268444455,4448.483661847636,4225.986268444455,4353.63139274449,1.0526498145686307,1.0302048128393517,1.0
2024-07-10 08:00:00,112.0,360.0,22,22,20,893.9077745130288,937.4940198373722,850.8757195683785,916.585618681596,1.0487592194262856,1.0772262007271167,0.9090909090909091
2024-07-10 08:00:00,112.0,370.0,17,19,17,636.3634265735961,632.240823926962,636.3634265735961,608.0844060950463,0.9935216222767048,0.9555615245979582,1.0
2024-07-10 08:00:00,112.0,380.0,32,33,30,35514.37188935289,34153.732603076634,35464.20948134009,34119.35119893148,0.9616876432303122,0.9620784362015393,0.9375
2024-07-10 08:00:00,112.0,390.0,27,25,23,26347.82073619344,25584.529228877374,26161.858438185343,25556.208269259143,0.9710301844331456,0.9768498797454617,0.8518518518518519
2024-07-10 08:00:00,112.0,400.0,33,30,27,883.6739254407144,834.0909445201106,820.6354188072659,796.8042432668568,0.9438899581699491,0.9709600938562389,0.8181818181818182
2024-07-10 08:00:00,112.0,410.0,28,29,25,875.4227240948283,853.6044613171587,837.7747243573832,808.9431467924665,0.9750768832277809,0.9655855246921754,0.8928571428571429
2024-07-10 08:00:00,112.0,420.0,47,46,41,4349.28891328934,4179.180086966275,4202.351054709741,4108.79091367265,0.9608881291368587,0.977736238639027,0.8723404255319149
2024-07-10 08:00:00,112.0,430.0,69,67,64,4488.514084584862,4604.475735453598,4415.281948008085,4570.820336689528,1.0258351981710359,1.0352272834471221,0.927536231884058
2024-07-10 08:00:00,112.0,440.0,90,90,83,13250.52254062028,12763.502291074712,12910.477175865877,12683.719001168763,0.9632452042511849,0.9824361120345728,0.9222222222222223
2024-07-10 08:00:00,112.0,450.0,73,74,65,3403.5588501413536,3376.7592007041694,3226.127928817273,3240.6087668657456,0.9921259920520924,1.004488612469184,0.8904109589041096
2024-07-10 08:00:00,112.0,460.0,82,83,73,2705.8547271049415,2699.722791108242,2580.834065401703,2583.0800876383523,0.9977338266037437,1.0008702699126455,0.8902439024390244
2024-07-10 08:00:00,112.0,470.0,135,131,119,11903.085822697549,11438.507420856362,11280.126886997414,11279.947622040712,0.9609699191653899,0.9999841078953723,0.8814814814814815
2024-07-10 08:00:00,112.0,480.0,138,137,123,16056.069767182023,15435.044484242155,15807.577402393568,15245.235192606695,0.9613214633503138,0.9644257816696362,0.8913043478260869
2024-07-10 08:00:00,112.0,490.0,135,135,121,6815.891802189539,6404.151090332822,6541.626698144618,6235.830432692848,0.9395910727742994,0.9532537884592984,0.8962962962962963
2024-07-10 16:00:00,120.0,0.0,3,3,3,95.62873397115625,88.33666423505059,95.62873397115625,88.33666423505059,0.9237460391527811,0.9237460391527811,1.0
2024-07-10 16:00:00,120.0,10.0,17,16,15,562.3838242157605,543.3740313841595,541.4588705646487,532.0939778693368,0.9661978314221431,0.9827043323058944,0.8823529411764706
2024-07-10 16:00:00,120.0,20.0,28,28,26,1704.0037341798422,1726.961936437024,1663.7092938548008,1692.2362416922408,1.0134730938651562,1.0171465940250555,0.9285714285714286
2024-07-10 16:00:00,120.0,30.0,37,41,35,3103.7573429918043,3266.367893248509,3079.965731758545,3151.1824434631835,1.0523915152786911,1.0231225662578967,0.9459459459459459
2024-07-10 16:00:00,120.0,40.0,71,74,67,13630.388191024726,13950.198262123511,13564.99711286436,13795.018233000239,1.0234630200267791,1.0169569604933966,0.9436619718309859
2024-07-10 16:00:00,120.0,50.0,86,88,77,17428.57472470619,17362.746846712238,17238.001583778,17120.634671495245,0.9962229913212216,0.9931913852245375,0.8953488372093024
2024-07-10 16:00:00,120.0,60.0,98,93,88,7420.772755644632,7401.427750345642,7071.837306861338,7342.124697652748,0.9973931279213105,1.0382202501362932,0.8979591836734694
2024-07-10 16:00:00,120.0,70.0,146,134,125,24945.56951117884,24851.060756407496,24325.55260575909,24576.98310745726,0.9962114011977561,1.010336065361929,0.8561643835616438
2024-07-10 16:00:00,120.0,80.0,167,160,149,20470.695952626134,20536.98713798828,20047.347534043307,20146.933522600273,1.0032383454629759,1.0049675393908273,0.8922155688622755
2024-07-10 16:00:00,120.0,90.0,160,155,147,31046.39308062021,30101.651274527107,30519.00388163687,29915.96420218298,0.9695699979176379,0.980240518930674,0.91875
2024-07-10 16:00:00,120.0,100.0,195,179,167,26656.08447985466,26477.915359075836,25857.090162930235,26051.85989662375,0.9933160055478713,1.0075325464878777,0.8564102564102564
2024-07-10 16:00:00,120.0,110.0,202,186,179,171795.16958190058,166416.84675318206,170825.69720945082,166244.21610222678,0.9686933989948158,0.973180375189064,0.8861386138613861
2024-07-10 16:00:00,120.0,120.0,198,194,190,236673.48935976927,228104.09546804053,236185.22117925563,228025.7490775196,0.9637923372198973,0.9654530793205588,0.9595959595959596
2024-07-10 16:00:00,120.0,130.0,177,166,158,53385.82270437815,52470.97436672784,52632.43546897144,52260.26552380407,0.9828634590363766,0.9929288861164941,0.8926553672316384
2024-07-10 16:00:00,120.0,140.0,146,135,128,41549.12037477676,40803.70410948612,40691.92013582899,40667.2520019243,0.9820593972010258,0.9993937829961737,0.8767123287671232
2024-07-10 16:00:00,120.0,150.0,157,142,137,80816.42321207374,80357.66770827895,80353.67267374997,80272.25618858839,0.9943234866681621,0.9989867733178527,0.8726114649681529
2024-07-10 16:00:00,120.0,160.0,136,137,129,75568.74819099884,75160.11182725764,75307.09862557269,74967.56306188734,0.9945925217299038,0.9954913206074566,0.9485294117647058
2024-07-10 16:00:00,120.0,170.0,108,100,95,37559.486347775055,38035.76454069094,37095.19630691725,37851.59451182482,1.0126806364843726,1.0203907319602599,0.8796296296296297
2024-07-10 16:00:00,120.0,180.0,79,74,70,18226.41126663592,17661.176200361944,17404.17181812358,17602.69299152019,0.9689881316730375,1.0114065280135813,0.8860759493670886
2024-07-10 16:00:00,120.0,190.0,115,107,103,203454.95229460706,208452.31206792776,202581.3250495009,208266.34641945723,1.0245624877495458,1.0280629093948674,0.8956521739130435
2024-07-10 16:00:00,120.0,200.0,93,89,86,129314.43928013396,128610.48587441801,127995.29947786918,128533.72887200702,0.9945562660315839,1.004206634121208,0.9247311827956989
2024-07-10 16:00:00,120.0,210.0,112,97,96,102952.15421005986,101158.9406090384,101926.4704110526,101147.9772125714,0.9825820681968184,0.9923622078215631,0.8571428571428571
2024-07-10 16:00:00,120.0,220.0,52,51,47,6723.4643198981485,6546.2701690103395,6565.453747213364,6491.608887080593,0.9736454092031988,0.9887525123203993,0.9038461538461539
2024-07-10 16:00:00,120.0,230.0,57,58,53,5640.21638686033,5651.435147037872,5554.422893211756,5587.276214466687,1.0019890655620374,1.00591480373147,0.9298245614035088
2024-07-10 16:00:00,120.0,240.0,44,42,39,3701.935159286239,3602.1044826476495,3522.9511254284835,3547.855177003886,0.9730328403002505,1.0070690880142068,0.8863636363636364
2024-07-10 16:00:00,120.0,250.0,54,55,49,9635.790659964687,9563.197230901402,9471.581463220857,9435.444882927282,0.9924662716714155,0.9961847363680609,0.9074074074074074
2024-07-10 16:00:00,120.0,260.0,31,33,30,1757.9634241904748,1848.2045524529424,1745.739216667327,1765.5134830680097,1.051332767804326,1.0113271594129807,0.967741935483871
2024-07-10 16:00:00,120.0,270.0,36,35,34,1423.5522415070147,1480.6554778864643,1396.2557493896102,1470.6504622378675,1.0401132004252955,1.0532815803127613,0.9444444444444444
2024-07-10 16:00:00,120.0,280.0,20,20,17,658.1364457914017,692.2114547716825,622.2662867196692,649.4757007425759,1.0517749916422057,1.0437263187860353,0.85
2024-07-10 16:00:00,120.0,290.0,27,25,24,2365.431068373966,2229.1131503715983,2325.107840033821,2214.187306171854,0.9423707924424639,0.952294456217414,0.8888888888888888
2024-07-10 16:00:00,120.0,300.0,36,34,30,9138.962593773678,8818.491889211758,8926.212641431162,8681.039019037577,0.9649335795749668,0.972533298024337,0.8333333333333334
2024-07-10 16:00:00,120.0,310.0,29,30,26,2175.508667546246,2236.154353321871,2136.887643636377,2023.5866164796662,1.027876554426247,0.9469784817680424,0.896551724137931
2024-07-10 16:00:00,120.0,320.0,16,16,14,545.945772954544,555.8841961405191,517.5960672663817,530.9542872471906,1.0182040482375938,1.0258081945084292,0.875
2024-07-10 16:00:00,120.0,330.0,31,32,27,1051.1342914070553,1079.2250072233003,992.5445578502254,996.2528918538953,1.0267241931367708,1.003736188944204,0.8709677419354839
2024-07-10 16:00:00,120.0,340.0,17,20,15,577.9495242800734,646.1319944794568,555.0842973698692,588.7713263029058,1.117973053588573,1.0606881316813577,0.8823529411764706
2024-07-10 16:00:00,120.0,350.0,34,32,31,4412.520503358438,4256.066131107593,4357.066499638803,4243.305504049785,0.9645430832260687,0.973890461484017,0.9117647058823529
2024-07-10 16:00:00,120.0,360.0,23,24,20,921.8607695854041,916.3956834438949,889.065014163901,840.6405196911113,0.9940716794533223,0.9455332358136607,0.8695652173913043
2024-07-10 16:00:00,120.0,370.0,15,17,13,505.4337249183229,525.6698308478022,478.5097003210009,482.75942614614337,1.040037110568254,1.0088811696446105,0.8666666666666667
2024-07-10 16:00:00,120.0,380.0,32,29,28,37182.15515087402,35950.303477056914,37070.207620585104,35939.93042292299,0.9668698151352813,0.9695098228412815,0.875
2024-07-10 16:00:00,120.0,390.0,26,28,26,24984.377647917983,24486.986906608396,24984.377647917983,24465.812144200627,0.9800919299124092,0.9792444098057984,1.0
2024-07-10 16:00:00,120.0,400.0,31,29,27,894.521522707439,849.514452655612,847.9127250692967,818.9967574687241,0.9496858723805722,0.9658974718203346,0.8709677419354839
2024-07-10 16:00:00,120.0,410.0,28,28,26,878.9085351861556,896.9548177694478,855.072765872932,876.267867531063,1.020532605909294,1.0247874830120371,0.9285714285714286
2024-07-10 16:00:00,120.0,420.0,45,42,41,4368.101087345945,4063.239783469195,4268.761656362625,4053.1373152158585,0.9302073606400937,0.9494878471780271,0.9111111111111111
2024-07-10 16:00:00,120.0,430.0,69,67,64,4503.671749212508,4550.188067582552,4450.162342416596,4514.803596787533,1.0103285321311835,1.0145255946631004,0.927536231884058
2024-07-10 16:00:00,120.0,440.0,93,91,88,13404.567416130252,13154.50464988264,13341.485739826405,13117.81449437089,0.9813449581411555,0.9832349072796427,0.946236559139785
2024-07-10 16:00:00,120.0,450.0,71,71,62,3360.376899681994,3339.8254590569704,3242.17009682606,3212.458887792577,0.9938841858402941,0.9908360116384489,0.8732394366197183
2024-07-10 16:00:00,120.0,460.0,86,81,74,2951.8421820334725,2788.702276609422,2767.767239563798,2705.572347604493,0.9447328497380351,0.9775288575317097,0.8604651162790697
2024-07-10 16:00:00,120.0,470.0,149,139,132,12280.00264813504,12379.372983536417,11844.96756581971,12291.686950905712,1.0080920451117712,1.0377138546478653,0.8859060402684564
2024-07-10 16:00:00,120.0,480.0,140,142,132,16369.30258383166,15915.080940292435,16260.003089505293,15764.51403112926,0.9722516190770478,0.9695271239710995,0.9428571428571428
2024-07-10 16:00:00,120.0,490.0,142,140,130,6919.163785997014,6713.9721241814095,6750.393727629123,6592.288392683477,0.9703444421664261,0.9765783536005423,0.9154929577464789
2024-07-11 00:00:00,128.0,0.0,2,2,2,56.88029303949649,57.39845528692865,56.88029303949649,57.39845528692865,1.0091096972210103,1.0091096972210103,1.0
2024-07-11 00:00:00,128.0,10.0,12,12,11,364.50691941456546,323.3877896743726,353.9260098708846,313.04230287633965,0.8871924576734118,0.8844851583260023,0.9166666666666666
2024-07-11 00:00:00,128.0,20.0,24,25,23,1335.4862070087302,1283.9909672913072,1323.1220871190008,1232.752301944211,0.9614408299784961,0.9316995868676312,0.9583333333333334
2024-07-11 00:00:00,128.0,30.0,34,38,30,2380.9320880591094,2408.9277336008086,2324.8028430586955,2267.1916337762127,1.0117582713434388,0.9752188838487977,0.8823529411764706
2024-07-11 00:00:00,128.0,40.0,68,71,61,10938.061688756246,10831.093502911126,10744.413126341879,10553.162847432694,0.9902205537974723,0.9822000255704706,0.8970588235294118
2024-07-11 00:00:00,128.0,50.0,84,71,70,14035.85876419963,13455.679606559679,13629.742987919955,13437.62124391321,0.958664505864096,0.9859042284086338,0.8333333333333334
2024-07-11 00:00:00,128.0,60.0,97,89,83,5829.649660400219,5483.729116175613,5561.055144274328,5286.214794902599,0.9406618640268586,0.9505776615693687,0.8556701030927835
2024-07-11 00:00:00,128.0,70.0,138,132,119,19958.70521822838,19221.38129592326,19576.37653155235,18967.058421223417,0.9630575273173673,0.9688748267920337,0.8623188405797102
2024-07-11 00:00:00,128.0,80.0,167,153,138,16375.951828155215,15522.363391679333,15721.903947416497,15166.105573295703,0.9478754917312162,0.9646481510140428,0.8263473053892215
2024-07-11 00:00:00,128.0,90.0,161,150,136,24596.836858664086,22737.02111117263,23902.140019898106,22521.516372996222,0.9243880114269105,0.9422384922123065,0.84472049689441
2024-07-11 00:00:00,128.0,100.0,185,173,163,21914.60384073088,21045.83749935266,21270.015394682763,20804.525826228622,0.9603567398392338,0.9781152218361578,0.8810810810810811
2024-07-11 00:00:00,128.0,110.0,197,180,175,139856.43671827595,131585.07956868946,139182.60499590775,131472.5826075395,0.9408582304563633,0.9446049857408909,0.8883248730964467
2024-07-11 00:00:00,128.0,120.0,195,185,179,196810.71211265266,183921.75956775242,196347.25625270774,183832.99005561377,0.934510919621475,0.9362646240343305,0.9179487179487179
2024-07-11 00:00:00,128.0,130.0,174,161,154,44580.09658679705,43025.89890301712,44051.20678179516,42868.335968656174,0.9651369601509516,0.973147822737337,0.8850574712643678
2024-07-11 00:00:00,128.0,140.0,145,135,127,34038.34209676514,32598.795358757456,33614.716536051,32414.119817807234,0.9577080830225132,0.964283598317536,0.8758620689655172
2024-07-11 00:00:00,128.0,150.0,150,137,130,67290.12540310237,65634.2798198275,66213.30393003572,65502.561487882,0.9753924431949634,0.9892658665257857,0.8666666666666667
2024-07-11 00:00:00,128.0,160.0,129,128,120,64778.34714008386,62632.21141210623,64487.10072118044,62525.47084662055,0.9668695509730035,0.9695810502779263,0.9302325581395349
2024-07-11 00:00:00,128.0,170.0,104,97,90,31918.517519448487,31235.958846013094,31410.246695544374,31079.854295184647,0.9786155897428664,0.9894813815516261,0.8653846153846154
2024-07-11 00:00:00,128.0,180.0,78,74,67,15802.171475973377,15080.48926809382,15387.912490355977,14971.69176925892,0.9543301875329698,0.9729514499541173,0.8589743589743589
2024-07-11 00:00:00,128.0,190.0,113,106,105,169914.4230395536,168782.8316975629,168689.4912385718,168770.33266238944,0.993340227852657,1.0004792321277638,0.9292035398230089
2024-07-11 00:00:00,128.0,200.0,96,92,90,110153.89533093588,106336.49434529193,109822.12934927586,106111.23589273207,0.9653448389258018,0.9662099662560563,0.9375
2024-07-11 00:00:00,128.0,210.0,108,104,100,87631.90614978751,83256.45404365494,87233.40794176234,83193.92696523099,0.9500701023363147,0.9536934177875047,0.9259259259259259
2024-07-11 00:00:00,128.0,220.0,51,46,44,5544.650759768675,5174.714680969931,5408.4732666539385,5121.723828168993,0.933280544649817,0.9469814447909163,0.8627450980392157
2024-07-11 00:00:00,128.0,230.0,52,47,41,4527.8934858201665,4286.944326796314,4340.6562730774785,4133.908195009347,0.9467855947189519,0.952369396454986,0.7884615384615384
2024-07-11 00:00:00,128.0,240.0,41,39,36,2887.7229936343488,2757.3653847930655,2807.0822218030157,2720.660266959203,0.9548579939527989,0.969212887968667,0.8780487804878049
2024-07-11 00:00:00,128.0,250.0,51,47,46,7720.83013994198,7429.845089998803,7529.727173717592,7419.261592208275,0.9623116886825639,0.9853294045108439,0.9019607843137255
2024-07-11 00:00:00,128.0,260.0,27,30,24,1395.210728805484,1517.4422304547143,1357.3594120231671,1388.503568738146,1.0876079140775239,1.02294466479483,0.8888888888888888
2024-07-11 00:00:00,128.0,270.0,25,28,21,1000.2359822715906,974.2790303431715,943.015968008934,891.1400779363705,0.9740491720069203,0.9449893831786399,0.84
2024-07-11 00:00:00,128.0,280.0,16,18,15,466.95879976900807,497.56593634709054,456.32613394534013,453.1133090210514,1.065545689669459,0.9929593668096302,0.9375
2024-07-11 00:00:00,128.0,290.0,24,25,22,1848.5108186458056,1795.1248110477768,1820.7941925332652,1717.737554724471,0.9711194508252114,0.943400172171347,0.9166666666666666
2024-07-11 00:00:00,128.0,300.0,38,31,29,7521.082516319933,7062.78584643007,7086.021940791943,7015.4880422253445,0.9390650655812631,0.990046051345035,0.7631578947368421
2024-07-11 00:00:00,128.0,310.0,29,24,23,1674.8319306162473,1600.2562346987443,1580.4504357116284,1589.3720295971275,0.9554727286038407,1.0056449691074822,0.7931034482758621
2024-07-11 00:00:00,128.0,320.0,11,10,9,367.92186982963653,383.17184522338727,343.0413855882534,372.37598034589263,1.0414489505633686,1.0855132820412785,0.8181818181818182
2024-07-11 00:00:00,128.0,330.0,23,22,19,729.9336619556166,745.6815566797336,676.5479568051601,709.992603207313,1.021574419080668,1.0494342582306913,0.8260869565217391
2024-07-11 00:00:00,128.0,340.0,10,9,9,393.0120459395948,386.08751135012733,382.8263352562366,386.08751135012733,0.9823808591593862,1.0085186827382393,0.9
2024-07-11 00:00:00,128.0,350.0,25,26,21,3487.666978488814,3299.83955844355,3427.2314172059214,3240.32695694108,0.946145253774588,0.9454648847677707,0.84
2024-07-11 00:00:00,128.0,360.0,16,16,14,693.7700665081512,661.2963609672789,666.6912622386394,586.8473258931197,0.9531924089715814,0.8802385138850973,0.875
2024-07-11 00:00:00,128.0,370.0,15,11,11,424.4826261837916,325.27077620118314,373.99171223073665,325.27077620118314,0.7662758288259084,0.8697272307481113,0.7333333333333333
2024-07-11 00:00:00,128.0,380.0,27,26,24,29847.41660154418,28022.42518396991,29781.47592836035,28001.051463517513,0.9388559672705525,0.9402170507222118,0.8888888888888888
2024-07-11 00:00:00,128.0,390.0,24,21,21,20585.37118060122,19096.451677494115,20554.126855987695,19096.451677494115,0.9276709907222755,0.929081143231879,0.875
2024-07-11 00:00:00,128.0,400.0,23,23,20,612.6169157179479,567.9856894523032,577.8557895130165,528.0970740940361,0.9271465982728542,0.9138907728848504,0.8695652173913043
2024-07-11 00:00:00,128.0,410.0,23,21,19,637.6840176069354,570.3090761091606,588.6830659055524,545.6021647127309,0.8943443153074219,0.9268181748585691,0.8260869565217391
2024-07-11 00:00:00,128.0,420.0,37,36,32,3466.839599617117,3091.3771602399374,3370.479972942201,3015.5011261531527,0.8916989296480153,0.8946800308446349,0.8648648648648649
2024-07-11 00:00:00,128.0,430.0,58,56,53,3456.0724146715393,3307.741447865006,3370.361215578865,3272.637593701582,0.9570810593618218,0.9710050004653584,0.9137931034482759
2024-07-11 00:00:00,128.0,440.0,80,72,68,10596.779555760055,9986.236306872628,10409.924647185893,9909.03766699717,0.9423840756831111,0.9518837074076105,0.85
2024-07-11 00:00:00,128.0,450.0,55,51,46,2598.579783354519,2335.165659671038,2427.3785878547787,2222.3960549335748,0.8986315042659809,0.9155539502791942,0.8363636363636363
2024-07-11 00:00:00,128.0,460.0,59,54,48,1935.5458312510596,1755.7913626173558,1793.1592156267304,1686.6439666110182,0.9071298309079473,0.9405991124003543,0.8135593220338984
2024-07-11 00:00:00,128.0,470.0,110,104,93,9135.62371663182,8488.862724018083,8775.758405317798,8343.585520865623,0.9292045061536106,0.9507537850870765,0.8454545454545455
2024-07-11 00:00:00,128.0,480.0,121,116,104,12698.2958321872,11756.44423680132,12423.316571561187,11601.51043640657,0.9258285042471206,0.9338496986355598,0.859504132231405
2024-07-11 00:00:00,128.0,490.0,121,100,97,5148.068291950743,4574.563103842287,4704.415970788889,4540.118233431913,0.8885979836349182,0.9650758482291639,0.8016528925619835
2024-07-11 08:00:00,136.0,0.0,2,3,2,79.76499459108099,77.38157165544342,79.76499459108099,65.9084069168692,0.9701194371308329,0.8262823467205351,1.0
2024-07-11 08:00:00,136.0,10.0,14,14,12,524.5585882477365,446.5367182152776,496.94918592212855,420.595134117581,0.8512618575303718,0.8463544081214932,0.8571428571428571
2024-07-11 08:00:00,136.0,20.0,28,28,27,2071.7215162988714,2079.9214360900146,2050.6699309591145,2031.077081519394,1.0039580222180597,0.9904456347928421,0.9642857142857143
2024-07-11 08:00:00,136.0,30.0,43,47,39,3090.0255299930523,3163.8703463687093,3046.1701454575195,3050.5339659061,1.023897801380244,1.0014325596536648,0.9069767441860465
2024-07-11 08:00:00,136.0,40.0,76,78,65,14089.7821500196,14220.541879855913,13818.481367538843,13908.795871189815,1.0092804649812226,1.0065357763453755,0.8552631578947368
2024-07-11 08:00:00,136.0,50.0,94,82,78,16464.479771883383,16162.339664104797,16115.010659276993,16101.628926736652,0.9816489733070974,0.999169610692585,0.8297872340425532
2024-07-11 08:00:00,136.0,60.0,108,103,97,7086.287971224255,7173.323178906861,6818.706762504387,7038.042740390627,1.0122822002204872,1.0321668001757098,0.8981481481481481
2024-07-11 08:00:00,136.0,70.0,161,151,135,23638.51118764368,23709.183471890174,22846.910100582183,23213.592232277086,1.0029897096177292,1.016049528364256,0.8385093167701864
2024-07-11 08:00:00,136.0,80.0,180,177,160,19682.749271580364,19414.504303092523,19224.685984640986,18886.020291680645,0.9863715701101189,0.9823838114583038,0.8888888888888888
2024-07-11 08:00:00,136.0,90.0,176,163,157,28817.866139449874,27930.74964996203,27764.718512876163,27843.618517066207,0.9692164407595246,1.0028417361463058,0.8920454545454546
2024-07-11 08:00:00,136.0,100.0,211,191,179,25560.246862209446,25348.664417776912,24725.876669920777,25076.043851493083,0.9917222065352836,1.0141619723436657,0.8483412322274881
2024-07-11 08:00:00,136.0,110.0,213,201,194,155750.5545082014,150979.95153953743,155163.3335658248,150841.56869786122,0.9693702344513145,0.9721469965316891,0.9107981220657277
2024-07-11 08:00:00,136.0,120.0,208,209,204,263641.2197269781,252554.2995830194,263592.2426845976,252466.95665277788,0.9579469395740161,0.9577935757194048,0.9807692307692307
2024-07-11 08:00:00,136.0,130.0,194,180,171,49391.188164436455,48029.97913169088,48656.10764703834,47633.91835829221,0.9724402452475177,0.9789915523830779,0.8814432989690721
2024-07-11 08:00:00,136.0,140.0,158,151,140,40536.890391002,40045.844690392325,39768.003328077015,39830.167942000626,0.9878864487168786,1.0015631816717265,0.8860759493670886
2024-07-11 08:00:00,136.0,150.0,161,150,143,76692.8320167884,75810.7388828446,76024.69505464725,75648.88641447236,0.9884983627446343,0.9950567557041202,0.8881987577639752
2024-07-11 08:00:00,136.0,160.0,152,154,144,76667.71572239223,75575.95445743774,76286.96513599486,75406.08360369332,0.9857598305275238,0.9884530531430734,0.9473684210526315
2024-07-11 08:00:00,136.0,170.0,124,116,106,39221.847817493595,38821.57628793125,38391.710115275666,38602.78776495863,0.9897946794494518,1.0054980007154977,0.8548387096774194
2024-07-11 08:00:00,136.0,180.0,92,90,81,19163.705243109955,19726.078854032516,18922.77345961092,19603.793854660846,1.0293457660608067,1.0359894598169506,0.8804347826086957
2024-07-11 08:00:00,136.0,190.0,127,118,113,187369.057870181,189282.57816708597,186800.70338814036,189197.30840449146,1.0102125736162413,1.0128297429981907,0.889763779527559
2024-07-11 08:00:00,136.0,200.0,105,100,96,138615.4999200638,136405.9889378316,138078.1361744252,135811.84214622,0.984060144907991,0.9835868726867639,0.9142857142857143
2024-07-11 08:00:00,136.0,210.0,118,111,107,110052.47111503273,107866.77515039878,109015.77848551347,107811.75023240887,0.9801395103400328,0.988955468008105,0.9067796610169492
2024-07-11 08:00:00,136.0,220.0,59,57,55,6540.26850754263,6204.208604127444,6416.800763245612,6181.028928874291,0.9486168032661624,0.9632571053597637,0.9322033898305084
2024-07-11 08:00:00,136.0,230.0,60,54,49,5113.162164904129,5117.770278505413,4884.6172385878235,5018.426934120514,1.0009012257880092,1.027394100498932,0.8166666666666667
2024-07-11 08:00:00,136.0,240.0,47,47,44,3702.4652949231677,3919.3900561796913,3647.473473671994,3860.810443280046,1.0585892760572182,1.0584889708308916,0.9361702127659575
2024-07-11 08:00:00,136.0,250.0,56,59,52,9442.090157627901,9160.962859404215,9249.10781698214,9056.292410411063,0.9702261582413959,0.979153080449873,0.9285714285714286
2024-07-11 08:00:00,136.0,260.0,32,34,30,1555.5149488147465,1766.1213477554952,1533.5564112425322,1718.5096792978595,1.1353933622439465,1.1206041503914894,0.9375
2024-07-11 08:00:00,136.0,270.0,36,36,31,1480.0640485223878,1469.297240695654,1414.0014403929813,1393.8602969783874,0.9927254446606667,0.9857559244006171,0.8611111111111112
2024-07-11 08:00:00,136.0,280.0,20,16,15,616.415338829573,591.6408502703156,545.2176900511247,579.857704336679,0.9598087734054472,1.063534281659691,0.75
2024-07-11 08:00:00,136.0,290.0,29,24,24,2320.735271549706,2112.7153105463212,2223.5765790294918,2112.7153105463212,0.9103646316089831,0.9501428151705226,0.8275862068965517
2024-07-11 08:00:00,136.0,300.0,40,35,32,8814.046415105768,8263.754218490958,8459.567275442363,8192.441450513521,0.9375664512417698,0.968423228253732,0.8
2024-07-11 08:00:00,136.0,310.0,31,30,27,2096.996199412692,1966.2634864466197,2030.9397101488223,1923.2963354683618,0.9376571531208846,0.9469982421720571,0.8709677419354839
2024-07-11 08:00:00,136.0,320.0,16,14,13,532.9515875235918,520.7841838286091,495.6643811349028,508.98412286057305,0.9771697768055826,1.026872501298505,0.8125
2024-07-11 08:00:00,136.0,330.0,28,26,23,992.1358792104576,954.326511722384,930.3180025143839,921.3263292562707,0.9618909382471257,0.990334839018689,0.8214285714285714
2024-07-11 08:00:00,136.0,340.0,15,18,13,541.2222761997679,586.1969012650685,515.7315824791652,529.3218331002167,1.0830982519439023,1.0263514027117013,0.8666666666666667
2024-07-11 08:00:00,136.0,350.0,33,35,31,4275.130523508393,4305.6925884843595,4192.973455339221,4225.045187031103,1.007148802781087,1.0076489231409378,0.9393939393939394
2024-07-11 08:00:00,136.0,360.0,21,20,18,927.067102943381,888.1991943258724,876.6934419919122,867.1328324886034,0.9580743308719452,0.9890946948552661,0.8571428571428571
2024-07-11 08:00:00,136.0,370.0,16,18,15,642.7329484273382,637.4314405703362,628.6284342810749,604.9158445886133,0.991751616483994,0.9622788464546942,0.9375
2024-07-11 08:00:00,136.0,380.0,32,30,29,35548.73420677615,34107.978779584315,35461.574842201575,34095.472579265384,0.9594709780997714,0.9614765483762318,0.90625
2024-07-11 08:00:00,136.0,390.0,26,24,22,26448.985783061093,25109.471814571727,26397.3984759476,25083.114487671304,0.9493548077995777,0.9502116093192355,0.8461538461538461
2024-07-11 08:00:00,136.0,400.0,29,24,22,857.6227039789459,681.1965993185406,725.0759022794962,653.0474255808108,0.7942847083666568,0.90066077706866,0.7586206896551724
2024-07-11 08:00:00,136.0,410.0,29,27,25,910.3210137723039,795.8561036128621,861.3252038387802,774.8568889770816,0.8742587412267815,0.8996101420505007,0.8620689655172413
2024-07-11 08:00:00,136.0,420.0,47,39,38,4367.1325207236505,4153.453835087244,4202.179223719079,4140.464910858207,0.9510711697841955,0.9853137361413508,0.8085106382978723
2024-07-11 08:00:00,136.0,430.0,69,68,64,4507.556058146129,4535.6655575807945,4430.408649562341,4492.267907699714,1.006236084270958,1.0139624271777916,0.927536231884058
2024-07-11 08:00:00,136.0,440.0,94,86,84,13286.670114540031,12791.285313608569,13137.92682856636,12769.992397883176,0.9627156543617842,0.9719944831871671,0.8936170212765957
2024-07-11 08:00:00,136.0,450.0,72,68,59,3407.438169265971,3266.0295176886684,3103.307306349146,3132.2972694851774,0.9585000095224723,1.0093416346736657,0.8194444444444444
2024-07-11 08:00:00,136.0,460.0,83,82,71,2734.36797732088,2604.2692573682602,2542.7935194367697,2451.4383598933705,0.9524209173631085,0.9640729147510041,0.8554216867469879
2024-07-11 08:00:00,136.0,470.0,140,133,126,12028.17734177545,11283.65186046969,11581.467130131285,11178.508452618684,0.9381015543626943,0.965206594899861,0.9
2024-07-11 08:00:00,136.0,480.0,143,148,138,16231.011063565116,15767.781339228532,16139.56017421289,15593.595164600592,0.9714602052501566,0.9661722498185163,0.965034965034965
2024-07-11 08:00:00,136.0,490.0,136,131,125,6822.77238879034,6467.88929692914,6547.962622607006,6394.047377744313,0.9479855003745596,0.9764941778483438,0.9191176470588235
2024-07-11 16:00:00,144.0,0.0,3,2,2,94.01606242058719,95.76264121255433,81.4659768946034,95.76264121255433,1.0185774509908072,1.175492455414206,0.6666666666666666
2024-07-11 16:00:00,144.0,10.0,16,15,14,553.5172584424616,461.34084224818685,528.5049398360773,451.137264888746,0.8334714685253909,0.8536103087866542,0.875
2024-07-11 16:00:00,144.0,20.0,26,26,25,1673.6925668574243,1655.6876129336822,1654.1084438138976,1644.611299485989,0.9892423768377315,0.9942584512137482,0.9615384615384616
2024-07-11 16:00:00,144.0,30.0,37,41,36,3084.912894645044,3204.405638761456,3074.887103251307,3082.008647814396,1.0387345601633788,1.002316034483204,0.972972972972973
2024-07-11 16:00:00,144.0,40.0,73,66,63,13615.039224775335,13687.619710956713,13191.351138379001,13629.918008527597,1.0053309054041726,1.0332465465855598,0.863013698630137
2024-07-11 16:00:00,144.0,50.0,86,79,73,17402.373378549313,17159.69653203716,16971.236471140273,17053.517504180545,0.9860549569168948,1.00484826389522,0.8488372093023255
2024-07-11 16:00:00,144.0,60.0,97,94,88,7415.496003787437,7186.419333787548,7211.5700945921235,7031.480676055376,0.9691083819770263,0.9750277101692744,0.9072164948453608
2024-07-11 16:00:00,144.0,70.0,144,133,126,24771.68387117859,24639.21516055568,24332.960833778576,24306.88430882088,0.9946524139694422,0.9989283455829389,0.875
2024-07-11 16:00:00,144.0,80.0,164,155,145,20319.00297808821,20245.226181737624,19774.813828351787,19992.285828598404,0.996369073992944,1.0109974233959573,0.8841463414634146
2024-07-11 16:00:00,144.0,90.0,165,148,141,30902.48133380986,29906.127943891268,30275.97829522903,29766.47463705236,0.9677581428120304,0.9831713560761484,0.8545454545454545
2024-07-11 16:00:00,144.0,100.0,193,180,171,26439.05468575137,26724.346652990214,25770.52652502031,26499.22627338259,1.0107905509720283,1.0282764788548187,0.8860103626943006
2024-07-11 16:00:00,144.0,110.0,195,184,180,171038.8321524845,165174.6579126179,170480.25014956825,165059.98738487664,0.9657143692688536,0.9682059196890184,0.9230769230769231
2024-07-11 16:00:00,144.0,120.0,200,195,189,238319.46354992443,228614.41380160052,238024.85309897448,228518.27083145527,0.959277141683013,0.9600605476959744,0.945
2024-07-11 16:00:00,144.0,130.0,174,160,154,53173.998495548476,52322.89631202925,52397.21609927017,52238.038178920135,0.9839940157295021,0.996962092030835,0.8850574712643678
2024-07-11 16:00:00,144.0,140.0,147,131,126,41475.03545433762,40792.96375198157,40787.831330883106,40528.27778032023,0.9835546445015826,0.9936364954425427,0.8571428571428571
2024-07-11 16:00:00,144.0,150.0,158,143,138,80834.6794366939,80448.31952935844,79949.76774905648,80140.14871149979,0.9952203694005116,1.0023812572294253,0.8734177215189873
2024-07-11 16:00:00,144.0,160.0,134,135,129,75589.22072671572,75183.64503337287,75499.49429258709,75003.913893041,0.9946344771193083,0.9934359772315091,0.9626865671641791
2024-07-11 16:00:00,144.0,170.0,109,101,97,37677.00373532521,37637.49050854341,37193.506654822486,37556.030542289474,0.9989512640904415,1.0097469671475567,0.8899082568807339
2024-07-11 16:00:00,144.0,180.0,75,75,67,18390.003634332195,17776.405440328766,17707.07969091368,17555.789577960822,0.9666341450385629,0.9914559534607792,0.8933333333333333
2024-07-11 16:00:00,144.0,190.0,113,107,106,202695.23998451207,206890.12803439234,202010.40434121483,206765.27941475992,1.0206955429747675,1.0235377731609985,0.9380530973451328
2024-07-11 16:00:00,144.0,200.0,99,92,90,130609.6995391795,129015.59816194796,130040.62010493384,128993.3409482511,0.9877949234792217,0.9919465228954025,0.9090909090909091
2024-07-11 16:00:00,144.0,210.0,111,104,103,102752.52375659444,100925.04147974143,102256.57882288814,100912.20439100283,0.9822147212541266,0.9868529296856898,0.9279279279279279
2024-07-11 16:00:00,144.0,220.0,52,48,46,6672.935143402729,6397.898395211917,6537.893376278338,6370.555116186492,0.9587832427140056,0.9744048655337505,0.8846153846153846
2024-07-11 16:00:00,144.0,230.0,53,49,44,5599.453806261785,5435.123190771904,5223.667039444776,5374.438178915851,0.970652384826157,1.028863083793928,0.8301886792452831
2024-07-11 16:00:00,144.0,240.0,44,41,40,3648.1578399156415,3562.0497676394048,3544.0119047267867,3537.0497676394048,0.9763968347712094,0.9980355209647868,0.9090909090909091
2024-07-11 16:00:00,144.0,250.0,54,52,48,9782.016243504757,9570.319383397373,9621.644318905554,9523.66672445881,0.9783585658786909,0.9898169594302891,0.8888888888888888
2024-07-11 16:00:00,144.0,260.0,31,33,30,1744.5021442615944,1823.1110694053361,1731.7779597121978,1761.8915031352278,1.0450609507144029,1.0173888016383086,0.967741935483871
2024-07-11 16:00:00,144.0,270.0,35,36,33,1462.5408354101494,1467.2655134249749,1427.4214707694628,1424.0150734807207,1.0032304588702308,0.9976136009171098,0.9428571428571428
2024-07-11 16:00:00,144.0,280.0,19,22,18,649.9045612257413,698.9895608598205,638.5555194982226,651.3753947202447,1.0755264735202092,1.0200763674113975,0.9473684210526315
2024-07-11 16:00:00,144.0,290.0,28,26,25,2389.1289216887203,2265.784283203351,2346.8455802116528,2255.3702880369988,0.948372548100843,0.9610220233721538,0.8928571428571429
2024-07-11 16:00:00,144.0,300.0,36,32,31,9143.227157542555,8658.6626897259,8848.40017866331,8648.175284432953,0.9470029061438201,0.9773716276177051,0.8611111111111112
2024-07-11 16:00:00,144.0,310.0,30,27,25,2175.597003246203,2048.6899186446835,2107.254069332515,2026.1974326773477,0.9416679263612877,0.9615344737804481,0.8333333333333334
2024-07-11 16:00:00,144.0,320.0,17,13,12,556.8346883602276,534.5222182638571,487.51482520096596,523.4040746626572,0.9599298129897825,1.0736167345206309,0.7058823529411765
2024-07-11 16:00:00,144.0,330.0,31,27,23,1044.370037418536,942.8749493495916,923.5907679409553,884.2992830720916,0.9028169284520848,0.9574579064313735,0.7419354838709677
2024-07-11 16:00:00,144.0,340.0,18,16,15,587.1475086120423,560.5900216586384,554.2615836270278,549.2407971800066,0.9547686287280974,0.9909414857617125,0.8333333333333334
2024-07-11 16:00:00,144.0,350.0,35,32,30,4395.178667624166,4162.910134634901,4297.6939501365,4138.748849681705,0.9471537904249022,0.9630161890774595,0.8571428571428571
2024-07-11 16:00:00,144.0,360.0,22,18,17,899.0310848548555,603.1288846000913,664.5280029620607,592.6406136851963,0.6708654403172986,0.8918218811601103,0.7727272727272727
2024-07-11 16:00:00,144.0,370.0,17,12,11,522.0210451469701,408.3364182996216,436.7336298998814,397.44930699150973,0.7822221385435875,0.9100496956980909,0.6470588235294118
2024-07-11 16:00:00,144.0,380.0,35,27,27,37217.91771138829,35484.97060579634,36987.579020443685,35484.97060579634,0.9534378274725003,0.9593753239751965,0.7714285714285715
2024-07-11 16:00:00,144.0,390.0,27,30,26,24990.398931344764,23962.460365563187,24904.99481335249,23917.561543527045,0.9588666604080393,0.9603519985759625,0.9629629629629629
2024-07-11 16:00:00,144.0,400.0,30,29,25,897.4541693777412,855.5420352754344,812.7135111004449,804.1819062854825,0.9532988585574603,0.9895023219148771,0.8333333333333334
2024-07-11 16:00:00,144.0,410.0,28,26,25,912.2685021214978,886.6370034030916,874.2984482019274,875.8831325018376,0.9719035583725628,1.001812521002604,0.8928571428571429
2024-07-11 16:00:00,144.0,420.0,41,43,38,4302.73986238293,4118.071885777145,4224.70648730648,4062.3472527051495,0.9570813057465406,0.961569108980907,0.926829268292683
2024-07-11 16:00:00,144.0,430.0,69,70,67,4555.10975741354,4479.540546010615,4531.947540253992,4428.220329659036,0.983410013056231,0.9771120010384889,0.9710144927536232
2024-07-11 16:00:00,144.0,440.0,94,82,81,13221.075369066046,12288.320138687262,12980.345359777897,12277.750941497156,0.9294493674424401,0.9458724403082628,0.8617021276595744
2024-07-11 16:00:00,144.0,450.0,72,67,58,3411.2907661288064,3443.1507381343717,3203.336161071922,3309.6054764759683,1.0093395650473151,1.0331745748995902,0.8055555555555556
2024-07-11 16:00:00,144.0,460.0,88,60,55,2952.313303948962,2387.4821026024483,2334.0414272774306,2318.4941281319225,0.8086818222879646,0.9933388932330806,0.625
2024-07-11 16:00:00,144.0,470.0,150,126,119,12285.89296405182,11366.514581051324,11605.557691163362,10825.22751606124,0.9251679641284055,0.9327623716268046,0.7933333333333333
2024-07-11 16:00:00,144.0,480.0,139,141,130,16335.049374580094,15718.748977613757,16213.89409415697,15519.677451197038,0.9622712865548239,0.9571838425162708,0.935251798561151
2024-07-11 16:00:00,144.0,490.0,144,137,129,6900.189862693115,6664.7865265341325,6621.727647676916,6564.530545195863,0.9658845132027851,0.9913622085467199,0.8958333333333334
2024-07-12 00:00:00,152.0,0.0,3,2,2,63.2331564045728,55.62441320190716,52.82947520173323,55.62441320190716,0.879671621103586,1.0529048980611913,0.6666666666666666
2024-07-12 00:00:00,152.0,10.0,12,11,10,377.00275449107147,294.74025663469587,353.17991459425355,282.14948883582036,0.7817986821676556,0.7988831674076494,0.8333333333333334
2024-07-12 00:00:00,152.0,20.0,26,24,22,1320.2802126696167,1136.5204660772217,1261.111981091665,1110.194582300831,0.8608176167233231,0.8803298984914928,0.8461538461538461
2024-07-12 00:00:00,152.0,30.0,33,37,31,2378.8807183869612,2411.4865790457293,2358.267723605476,2328.5353979497886,1.013706387380733,0.9873923026812959,0.9393939393939394
2024-07-12 00:00:00,152.0,40.0,67,65,62,10898.833919963481,10840.477292361145,10763.325463326588,10767.556831624024,0.9946456081420377,1.0003931283423375,0.9253731343283582
2024-07-12 00:00:00,152.0,50.0,78,74,66,13818.34948814076,13297.112557256873,13467.742085262977,13156.180827892747,0.9622793640201946,0.976866110488472,0.8461538461538461
2024-07-12 00:00:00,152.0,60.0,97,91,84,5752.561116765952,5523.556404972921,5401.650795295469,5376.331397995241,0.9601908250699689,0.9953126556566226,0.865979381443299
2024-07-12 00:00:00,152.0,70.0,143,133,119,19632.276140406313,19151.789758627237,18920.36289845343,18828.01239771249,0.9755256915528934,0.9951189889307838,0.8321678321678322
2024-07-12 00:00:00,152.0,80.0,159,152,143,16086.830650977736,15396.10552038014,15777.868394018045,15178.48888633405,0.9570626964637304,0.9620113761431016,0.89937106918239
2024-07-12 00:00:00,152.0,90.0,161,160,143,24351.157871765186,23234.289868497366,23952.87933092714,22900.315104290108,0.9541349118120247,0.9560568810081218,0.8881987577639752
2024-07-12 00:00:00,152.0,100.0,188,178,165,21965.773542387713,21837.839627408368,21437.59827746549,21615.777723875057,0.9941757609977874,1.008311539571896,0.8776595744680851
2024-07-12 00:00:00,152.0,110.0,190,182,170,139942.75949571576,132319.7265126804,139268.0193135336,132116.49929536934,0.945527492736995,0.9486492300715209,0.8947368421052632
2024-07-12 00:00:00,152.0,120.0,194,192,184,196669.69011670447,184420.46748172864,196410.66008571925,184309.2438233562,0.9377167746198862,0.9383871717702,0.9484536082474226
2024-07-12 00:00:00,152.0,130.0,172,161,155,45057.58713602889,43326.059470930006,44538.494467104334,43187.94887116671,0.9615707858507514,0.9696768915946379,0.9011627906976745
2024-07-12 00:00:00,152.0,140.0,147,135,130,34256.5244410468,32735.746692405348,33713.68357510086,32617.178628285896,0.9556061867496626,0.9674759673064979,0.8843537414965986
2024-07-12 00:00:00,152.0,150.0,148,139,134,67109.40681811984,65761.71611926072,66692.07394507292,65634.30132562062,0.9799180060924747,0.9841394553073357,0.9054054054054054
2024-07-12 00:00:00,152.0,160.0,129,134,122,64374.54399103421,63414.981510048136,64177.4801679443,63240.5955989206,0.9850940694644809,0.9854016616643098,0.9457364341085271
2024-07-12 00:00:00,152.0,170.0,103,101,96,32401.185816630918,31643.31247756255,32053.20110874699,31576.31956159563,0.9766097036275949,0.9851221865319022,0.9320388349514563
2024-07-12 00:00:00,152.0,180.0,71,70,62,15925.26886705792,15233.196380217034,15359.87998102774,15079.462408449835,0.9565424927755872,0.9817435049672086,0.8732394366197183
2024-07-12 00:00:00,152.0,190.0,118,107,104,169758.04870281852,169650.93226138034,169177.11039691456,169601.2591205912,0.9993690052268114,1.0025071283147082,0.8813559322033898
2024-07-12 00:00:00,152.0,200.0,98,86,86,110538.79832018919,107130.54460110306,109968.55767456908,107130.54460110306,0.969166900935419,0.9741925043532481,0.8775510204081632
2024-07-12 00:00:00,152.0,210.0,108,107,102,86436.85333322061,83849.13648198725,86073.24628973425,83762.18398551871,0.9700623431852903,0.9731500506390083,0.9444444444444444
2024-07-12 00:00:00,152.0,220.0,50,47,44,5430.599144702729,5097.022200409606,5339.841191683306,5049.57911900622,0.9385745595642959,0.945642190046932,0.88
2024-07-12 00:00:00,152.0,230.0,53,50,42,4569.300569742709,4298.866335944822,4293.230459618495,4174.4202910219265,0.9408149606990912,0.9723261609843498,0.7924528301886793
2024-07-12 00:00:00,152.0,240.0,42,39,38,2925.5162005645448,2674.656882913066,2849.985951829653,2661.926367104232,0.9142512635537381,0.9340138555403443,0.9047619047619048
2024-07-12 00:00:00,152.0,250.0,47,49,42,7598.400257561845,7340.60336327141,7392.056666173005,7108.958343556408,0.9660722144725294,0.9617023603306383,0.8936170212765957
2024-07-12 00:00:00,152.0,260.0,28,27,22,1335.5431769836682,1379.3178553070147,1257.4544587348933,1317.0583385717164,1.0327766852302087,1.047400428240391,0.7857142857142857
2024-07-12 00:00:00,152.0,270.0,26,25,21,966.9514741336139,954.7584472724143,905.8509757583084,878.9528472614868,0.9873902391305369,0.9703062322427763,0.8076923076923077
2024-07-12 00:00:00,152.0,280.0,14,13,11,440.11347601758666,443.0059703033039,405.41307462649536,413.02402405230373,1.0065721556901421,1.0187733201076958,0.7857142857142857
2024-07-12 00:00:00,152.0,290.0,25,23,23,1850.9207486296405,1729.1329498874497,1830.3517610128683,1729.1329498874497,0.9342015054764725,0.9446998040041185,0.92
2024-07-12 00:00:00,152.0,300.0,37,33,31,7455.672043812252,7038.31274932785,7202.535474897302,6991.588618441848,0.9440212375179801,0.970712139191725,0.8378378378378378
2024-07-12 00:00:00,152.0,310.0,25,26,22,1632.0978084363012,1524.5824294505965,1589.243952996466,1474.3032196302152,0.9341244265938239,0.9276758403582194,0.88
2024-07-12 00:00:00,152.0,320.0,10,11,9,347.7711619869799,360.4847457150077,337.02846237104137,336.53236244561106,1.0365573259593726,0.9985280177171383,0.9
2024-07-12 00:00:00,152.0,330.0,22,21,19,719.4661718157674,692.4830953107951,686.1053516203838,656.9036847130828,0.9624956981134036,0.957438508767881,0.8636363636363636
2024-07-12 00:00:00,152.0,340.0,10,11,9,378.50873148755136,389.9108516075519,364.58988658192663,365.16277538144084,1.0301237968149106,1.001571323891853,0.9
2024-07-12 00:00:00,152.0,350.0,22,27,21,3416.2405051298483,2545.030292244944,3400.184432904058,2459.408197387991,0.7449798362917689,0.7233161159106416,0.9545454545454546
2024-07-12 00:00:00,152.0,360.0,16,15,14,650.1899373452658,411.007866052177,488.29152630095103,400.048046584282,0.6321350769135672,0.8192811569245183,0.875
2024-07-12 00:00:00,152.0,370.0,14,13,12,391.00881603263525,333.56969751347435,363.88726347491286,323.0930804750878,0.8531001957910668,0.8878933474882736,0.8571428571428571
2024-07-12 00:00:00,152.0,380.0,27,25,23,29751.09059470337,27996.676595105353,29655.983090217935,27971.64836420471,0.941030262604546,0.9432042188286517,0.8518518518518519
2024-07-12 00:00:00,152.0,390.0,22,23,21,20277.565581849954,18934.313756974967,20266.684703543106,18901.911657773613,0.933756751053129,0.9326592846470396,0.9545454545454546
2024-07-12 00:00:00,152.0,400.0,26,21,18,617.2622028662225,542.1500559897964,521.4771305976799,504.8365273633062,0.8783140348985454,0.9680894860810072,0.6923076923076923
2024-07-12 00:00:00,152.0,410.0,24,23,21,658.1844216730475,612.6912442384985,620.8047390416847,588.1192587208996,0.930880804928641,0.9473498215054856,0.875
2024-07-12 00:00:00,152.0,420.0,38,38,33,3388.2559502797385,3170.516124214695,3301.7560664063258,3113.3093486321213,0.9357369014442175,0.9429253058117911,0.868421052631579
2024-07-12 00:00:00,152.0,430.0,60,65,55,3464.5507826116345,3495.1807882671637,3377.9706058115567,3342.0299537579667,1.008840974653701,0.9893602827710352,0.9166666666666666
2024-07-12 00:00:00,152.0,440.0,80,78,72,10554.735499803572,10000.120127205595,10389.089406395977,9935.574418888222,0.9474534086990339,0.9563469934883272,0.9
2024-07-12 00:00:00,152.0,450.0,56,51,44,2567.32616983629,2462.039706290772,2365.481314653884,2366.882991846594,0.9589898374493523,1.0005925547515537,0.7857142857142857
2024-07-12 00:00:00,152.0,460.0,59,51,44,1949.6454227775807,1669.8751890903561,1626.4888826759861,1586.6243925754031,0.8565019924040099,0.9754904626000297,0.7457627118644068
2024-07-12 00:00:00,152.0,470.0,117,102,91,9269.044997515673,8408.794279192807,8621.546009798893,8280.241901133817,0.9071910085069784,0.9604126558882637,0.7777777777777778
2024-07-12 00:00:00,152.0,480.0,122,96,91,12739.977905367537,11551.723990216338,12090.135673467441,11490.056176694405,0.9067303001639767,0.9503661900097657,0.7459016393442623
2024-07-12 00:00:00,152.0,490.0,116,96,92,5093.265755268949,4496.170440378923,4611.966482536379,4437.714324855194,0.8827676890269598,0.9622173842023773,0.7931034482758621
2024-07-12 08:00:00,160.0,0.0,2,2,2,70.43222002186079,69.0,70.43222002186079,69.0,0.9796652722089939,0.9796652722089939,1.0
2024-07-12 08:00:00,160.0,10.0,15,13,13,525.7310873874408,386.2456278718999,504.33104645344133,386.2456278718999,0.7346828771174678,0.7658573284116809,0.8666666666666667
2024-07-12 08:00:00,160.0,20.0,29,29,27,2056.8466914002533,1877.087577690078,2022.2424757102435,1834.2561050344498,0.9126045152214045,0.9070406378395499,0.9310344827586207
2024-07-12 08:00:00,160.0,30.0,42,43,38,3082.017681012632,3030.6244767274097,3033.7447112892273,2912.1002562001863,0.9833248184778952,0.9599028703251214,0.9047619047619048
2024-07-12 08:00:00,160.0,40.0,76,80,71,14268.552844816837,14602.570479882346,14110.43800385977,14341.101548407523,1.0234093561343078,1.0163470152014173,0.9342105263157895
2024-07-12 08:00:00,160.0,50.0,92,86,82,16319.18097437338,15975.36930883422,16005.898552574956,15915.139484363248,0.9789320514259228,0.9943296486658597,0.8913043478260869
2024-07-12 08:00:00,160.0,60.0,108,108,99,7090.051167810125,7102.237885384442,6893.199082770065,6987.074437409588,1.0017188476198375,1.013618546847743,0.9166666666666666
2024-07-12 08:00:00,160.0,70.0,171,155,144,23890.69672237879,23716.04232052611,23050.794176605545,23467.611594949296,0.9926894387433632,1.018082562151667,0.8421052631578947
2024-07-12 08:00:00,160.0,80.0,178,178,161,19790.00358048579,19403.83380816387,19349.60634951509,18975.486405153817,0.9804866244338273,0.9806652426099279,0.9044943820224719
2024-07-12 08:00:00,160.0,90.0,178,170,161,28972.425913070656,27928.535393655606,28009.82260537978,27788.21849968406,0.9639695163067409,0.9920883431209894,0.9044943820224719
2024-07-12 08:00:00,160.0,100.0,210,197,183,25910.711775544187,26101.454312915033,25250.84410331837,25826.828800532276,1.007361532134786,1.0228105125855262,0.8714285714285714
2024-07-12 08:00:00,160.0,110.0,216,211,200,155661.81678014144,150572.63684858143,155235.067632896,150278.2716601019,0.9673061767051837,0.9680690964459391,0.9259259259259259
2024-07-12 08:00:00,160.0,120.0,210,210,202,262852.6648765028,252760.08170483928,262720.44347693224,252615.22880615512,0.9616036490388812,0.9615362453829582,0.9619047619047619
2024-07-12 08:00:00,160.0,130.0,196,177,172,49872.75176135331,47940.21022927334,49041.205602087684,47851.0147388264,0.9612505533817866,0.9757307992605586,0.8775510204081632
2024-07-12 08:00:00,160.0,140.0,158,154,141,41116.11823785649,40243.23788224626,40375.61541266544,39920.10560016823,0.9787703607971788,0.9887181951818791,0.8924050632911392
2024-07-12 08:00:00,160.0,150.0,166,150,145,76818.47772177887,76209.19464251059,76214.69110310264,76143.08434827806,0.9920685348455487,0.9990604599482309,0.8734939759036144
2024-07-12 08:00:00,160.0,160.0,151,160,147,76656.7421871991,75598.98072678247,76592.37179890771,75439.51954120133,0.9862013251511064,0.9849482104989099,0.9735099337748344
2024-07-12 08:00:00,160.0,170.0,125,117,110,39710.33384423922,39146.86479794525,38679.11672838511,39023.08955174276,0.9858105185289014,1.0088929854777482,0.88
2024-07-12 08:00:00,160.0,180.0,93,82,79,19626.55828246283,18946.89244072386,18959.273990300833,18907.083305954475,0.9653700953597004,0.997247221366543,0.8494623655913979
2024-07-12 08:00:00,160.0,190.0,124,117,115,187428.34818118264,190352.18500033967,186860.02242085495,190293.7917603346,1.0155997577075728,1.0183761582332789,0.9274193548387096
2024-07-12 08:00:00,160.0,200.0,106,96,95,138907.27675780052,136658.50311139805,138434.76246250782,136640.6074210791,0.9838109730541803,0.9870397072995691,0.8962264150943396
2024-07-12 08:00:00,160.0,210.0,118,110,103,108973.64610217365,107081.7527897103,107870.24452952253,106869.9911301674,0.9826389830923936,0.9907272538064806,0.8728813559322034
2024-07-12 08:00:00,160.0,220.0,59,54,53,6423.838173614244,6073.475463068863,6333.987343761302,6061.189122675355,0.9454589762263179,0.9569310441779393,0.8983050847457628
2024-07-12 08:00:00,160.0,230.0,56,60,50,5118.575998259341,5103.4778570890385,4991.762789572428,4847.834010224478,0.9970503239230136,0.9711667430093812,0.8928571428571429
2024-07-12 08:00:00,160.0,240.0,46,46,41,3698.6147994121893,3532.570882966243,3587.370466993233,3457.8489856878837,0.9551064586470764,0.9638951475747894,0.8913043478260869
2024-07-12 08:00:00,160.0,250.0,56,57,51,9442.586102131083,9295.870231648,9266.637982312643,9209.771562949969,0.9844623211378531,0.9938633170443029,0.9107142857142857
2024-07-12 08:00:00,160.0,260.0,30,32,29,1477.8031111918535,1640.5983637922466,1465.4605400594357,1571.3439178931453,1.1101603125392652,1.0722526297633475,0.9666666666666667
2024-07-12 08:00:00,160.0,270.0,38,37,35,1475.6696555439698,1472.306014854928,1440.853298419113,1436.579618441117,0.9977206004904926,0.9970339242845299,0.9210526315789473
2024-07-12 08:00:00,160.0,280.0,18,20,17,601.0024953535498,637.6182543197825,589.2904573052197,602.4058694247828,1.0609244707789323,1.022256277794721,0.9444444444444444
2024-07-12 08:00:00,160.0,290.0,30,27,26,2338.659974043528,2256.134505012739,2279.173871824003,2246.1153028202143,0.9647124977779035,0.9854953720677166,0.8666666666666667
2024-07-12 08:00:00,160.0,300.0,39,35,34,8707.419445195337,8253.299532792626,8408.691455799863,8232.865203059206,0.947846785691105,0.9790899388252162,0.8717948717948718
2024-07-12 08:00:00,160.0,310.0,33,31,29,2107.8851642009363,1994.4193850069814,1997.62259314889,1953.80843017232,0.9461707966254567,0.9780668464970127,0.8787878787878788
2024-07-12 08:00:00,160.0,320.0,13,13,11,498.22155524726304,553.7330429365749,468.6275022131434,530.8624586176869,1.111419281451526,1.1328026121186492,0.8461538461538461
2024-07-12 08:00:00,160.0,330.0,30,27,24,994.049121306787,945.2059379532507,918.9529652620196,911.2263349100178,0.9508644167510287,0.9915919196693612,0.8
2024-07-12 08:00:00,160.0,340.0,15,16,12,515.176385329644,570.6022155384816,471.0730221049413,520.1571403102375,1.107586123485401,1.1041964109639921,0.8
2024-07-12 08:00:00,160.0,350.0,33,31,26,4280.72163820244,3338.719237057045,4087.265291726444,3273.809478390711,0.7799430841896647,0.8009779754247044,0.7878787878787878
2024-07-12 08:00:00,160.0,360.0,22,18,17,906.4834508188842,576.3513632110605,659.4647956171178,566.1422154198904,0.6358101327612828,0.8584873964198536,0.7727272727272727
2024-07-12 08:00:00,160.0,370.0,16,15,13,611.0589579166572,559.8510784476608,564.5515907216451,535.7673775638257,0.9161981363572766,0.9490140252354516,0.8125
2024-07-12 08:00:00,160.0,380.0,34,27,26,35307.528831864845,33703.568546777235,35121.37409827589,33693.523019858396,0.9545717205889513,0.9593452387591069,0.7647058823529411
2024-07-12 08:00:00,160.0,390.0,27,27,23,26128.181515076314,25038.251458276864,26073.926036239718,24996.454708695703,0.9582852692534095,0.9586762911712469,0.8518518518518519
2024-07-12 08:00:00,160.0,400.0,31,23,22,845.962780436735,663.1249696729537,726.3090273256395,652.018991360366,0.7838701477275516,0.8977156648612525,0.7096774193548387
2024-07-12 08:00:00,160.0,410.0,27,28,24,876.5301873718347,837.2506904365179,837.8046412094992,792.4188042326454,0.9551875137887819,0.9458276610746242,0.8888888888888888
2024-07-12 08:00:00,160.0,420.0,50,46,44,4321.093916016262,4086.4521595852602,4184.936841613465,4062.3676041358517,0.9456985288930437,0.9707118071033164,0.88
2024-07-12 08:00:00,160.0,430.0,71,71,64,4436.152002840901,4493.233410974349,4338.683243242458,4351.096095497579,1.0128673246761817,1.0028609722257218,0.9014084507042254
2024-07-12 08:00:00,160.0,440.0,90,86,81,13292.410719555415,12396.907650039606,12823.170862235625,12340.833401872476,0.9326304995828657,0.962385476607534,0.9
2024-07-12 08:00:00,160.0,450.0,71,71,61,3381.2826936964143,3246.149587167978,3124.8383687503715,3105.8925326887447,0.9600349575087704,0.9939370188707702,0.8591549295774648
2024-07-12 08:00:00,160.0,460.0,85,73,69,2785.9973633595023,2444.286785194199,2470.5741135120857,2391.1557242261943,0.8773471279408354,0.967854277735877,0.8117647058823529
2024-07-12 08:00:00,160.0,470.0,142,127,116,12035.611330989748,11073.353613366247,11469.10870850177,10686.373828750733,0.9200491199690171,0.9317527717589063,0.8169014084507042
2024-07-12 08:00:00,160.0,480.0,140,122,109,16315.997172503701,15000.755719781351,15662.75260111759,14828.786728179015,0.9193894532576383,0.9467548333184379,0.7785714285714286
2024-07-12 08:00:00,160.0,490.0,140,120,113,6813.186969554235,6158.872556881657,6339.14147672733,6052.56791177068,0.9039635319570003,0.9547930005965733,0.8071428571428572
2024-07-12 16:00:00,168.0,0.0,3,2,2,86.8953802607376,89.93583299161638,75.17086197919222,89.93583299161638,1.0349898086843698,1.1964188067513606,0.6666666666666666
2024-07-12 16:00:00,168.0,10.0,16,13,12,555.6569163590834,377.32488026622315,462.2210284695967,366.7086585762367,0.6790608901957474,0.7933621276176047,0.75
2024-07-12 16:00:00,168.0,20.0,26,26,25,1714.7449414760094,1603.8660864785197,1689.6136362240281,1591.437484308562,0.9353379897408836,0.9418943184343188,0.9615384615384616
2024-07-12 16:00:00,168.0,30.0,37,32,29,3197.006311259129,3120.310474918992,2988.463389415787,3068.123165691911,0.9760101079344037,1.0266557644835985,0.7837837837837838
2024-07-12 16:00:00,168.0,40.0,74,75,71,13812.519134878894,13926.769327864115,13753.94069035113,13822.014450022803,1.0082714957256942,1.0049494004085264,0.9594594594594594
2024-07-12 16:00:00,168.0,50.0,88,85,79,17086.36691660908,17418.238333590907,16901.264217369855,17281.999388476866,1.019423170449373,1.022527023198402,0.8977272727272727
2024-07-12 16:00:00,168.0,60.0,99,100,93,7599.84125542682,7651.290594885724,7467.966330695331,7554.4581086536455,1.0067697913324394,1.011581704325957,0.9393939393939394
2024-07-12 16:00:00,168.0,70.0,149,133,127,25151.006133679457,24727.372066170665,24366.29114683516,24416.55056172755,0.9831563769156134,1.002062661674258,0.8523489932885906
2024-07-12 16:00:00,168.0,80.0,169,167,153,20820.21144758517,20775.737480994034,20442.344150046516,20389.1884788219,0.9978639041825728,0.997399727211593,0.9053254437869822
2024-07-12 16:00:00,168.0,90.0,166,163,148,30883.924816932413,29978.16402756491,30242.54098370899,29443.73293790975,0.9706720957670862,0.9735866094641472,0.891566265060241
2024-07-12 16:00:00,168.0,100.0,195,179,167,26508.188640399116,26869.217124454357,25594.52098513536,26559.191662637284,1.013619507879351,1.0376905150153886,0.8564102564102564
2024-07-12 16:00:00,168.0,110.0,200,188,177,168611.4712180902,164880.11667212367,167926.84868048155,164604.85903931927,0.9778701026744483,0.9802176384106207,0.885
2024-07-12 16:00:00,168.0,120.0,200,192,186,235513.78703920293,228095.5011202867,235034.31626032304,228014.85256810742,0.9685016915052986,0.9701343029226384,0.93
2024-07-12 16:00:00,168.0,130.0,179,167,160,52682.70590837924,52431.52035294754,52078.26096437483,52288.08618784716,0.9952321060374435,1.0040290366764717,0.8938547486033519
2024-07-12 16:00:00,168.0,140.0,145,133,128,42577.21764334027,41859.99364349878,41800.67361938799,41697.46419354056,0.983154747079776,0.9975309147697667,0.8827586206896552
2024-07-12 16:00:00,168.0,150.0,155,145,137,80619.97382978043,80871.9102760618,79585.24992805593,80759.78243431772,1.0031249879442197,1.0147581682199096,0.8838709677419355
2024-07-12 16:00:00,168.0,160.0,140,136,126,75711.07516602198,75359.02648487478,74276.69102714467,75230.11944868446,0.9953501032659328,1.0128361725375106,0.9
2024-07-12 16:00:00,168.0,170.0,109,104,97,37673.454978354464,38614.65030216638,36764.62909962679,38485.13928426273,1.0249829840229066,1.0467979747592069,0.8899082568807339
2024-07-12 16:00:00,168.0,180.0,77,73,69,18337.850358737804,17823.950231037972,17756.38520707274,17768.54945358162,0.9719759885893625,1.0006850632246949,0.8961038961038961
2024-07-12 16:00:00,168.0,190.0,115,105,104,199699.0696375883,204907.46339252882,199007.2650807728,204895.7696568108,1.026081211917475,1.0295893950085087,0.9043478260869565
2024-07-12 16:00:00,168.0,200.0,98,96,91,130488.1391365739,130084.250799937,130220.58618182069,130029.20180427228,0.9969047889002833,0.9985303062813649,0.9285714285714286
2024-07-12 16:00:00,168.0,210.0,113,109,104,101062.13544449277,100919.75702385779,100623.3310377323,100816.1880119589,0.9985911793768382,1.0019166228372451,0.9203539823008849
2024-07-12 16:00:00,168.0,220.0,48,53,44,6397.062712036114,6289.5044786352855,6297.162606596356,6151.405396713664,0.9831863093668822,0.9768535102253816,0.9166666666666666
2024-07-12 16:00:00,168.0,230.0,55,54,48,5651.102670817936,5544.6485568797325,5462.839425664459,5465.094106868598,0.9811622403379914,1.000412730638493,0.8727272727272727
2024-07-12 16:00:00,168.0,240.0,43,41,39,3668.3512606843015,3654.576030604854,3584.0406738604624,3617.5590684216186,0.9962448443181863,1.0093521244905552,0.9069767441860465
2024-07-12 16:00:00,168.0,250.0,53,55,50,9669.57471761126,9409.768604412215,9573.102607092083,9326.238051942244,0.9731315884321304,0.9742126909862061,0.9433962264150944
2024-07-12 16:00:00,168.0,260.0,32,35,29,1702.7314354659375,1867.6097585596879,1663.7640242105344,1757.497594852999,1.0968316668498181,1.0563382602811968,0.90625
2024-07-12 16:00:00,168.0,270.0,36,35,30,1434.1603923279226,1407.3693105767834,1360.5394247658346,1341.9227771746737,0.9813193266984231,0.9863167158170627,0.8333333333333334
2024-07-12 16:00:00,168.0,280.0,17,20,16,604.8318571555345,651.5160744447667,594.5143077957883,598.0493885053106,1.077185447057606,1.0059461659091584,0.9411764705882353
2024-07-12 16:00:00,168.0,290.0,28,28,26,2325.690702833568,2216.908124355227,2297.329584427729,2144.189235411311,0.9532256897506607,0.933339843767099,0.9285714285714286
2024-07-12 16:00:00,168.0,300.0,40,33,33,8740.740539333317,8551.126643934904,8567.275324918324,8551.126643934904,0.9783068843486257,0.9981150738862739,0.825
2024-07-12 16:00:00,168.0,310.0,30,30,27,2123.6298759569218,2152.533638973053,2086.2215211709417,2110.185627014639,1.013610546424954,1.0114868462435604,0.9
2024-07-12 16:00:00,168.0,320.0,14,13,11,512.3298303989122,540.6263479538643,469.9043438538991,514.966894568757,1.0552310560033558,1.0958972848501025,0.7857142857142857
2024-07-12 16:00:00,168.0,330.0,29,30,23,977.179111133092,1019.7853112142019,892.0309950539532,931.2694931861973,1.0436012186462988,1.0439878192011376,0.7931034482758621
2024-07-12 16:00:00,168.0,340.0,16,19,16,540.2896080213584,613.3768862991334,540.2896080213584,576.6068573936569,1.1352742625301167,1.067218115679291,1.0
2024-07-12 16:00:00,168.0,350.0,33,29,25,4231.042889393149,4111.069046085831,3970.1822380774156,4057.413866857629,0.9716443802524238,1.0219716938793357,0.7575757575757576
2024-07-12 16:00:00,168.0,360.0,21,20,17,850.3162397172146,652.0355864210593,638.3388049114035,610.9499099794989,0.7668153987484745,0.9570934827693799,0.8095238095238095
2024-07-12 16:00:00,168.0,370.0,15,15,13,489.69154746637656,462.13162394873166,463.03367117875615,436.7313943659577,0.9437198300435495,0.9431957577818475,0.8666666666666667
2024-07-12 16:00:00,168.0,380.0,34,25,25,36146.86381258744,34287.54228872016,35954.50908164713,34287.54228872016,0.9485620237067479,0.953636780601244,0.7352941176470589
2024-07-12 16:00:00,168.0,390.0,26,24,23,24299.845699553647,23512.521062752046,24250.373481367125,23502.521062752046,0.9675996034486728,0.969161199962974,0.8846153846153846
2024-07-12 16:00:00,168.0,400.0,31,16,15,907.2351296649921,515.6156340162277,608.8049628058611,499.68785019849065,0.5683373771104137,0.820768358877248,0.4838709677419355
2024-07-12 16:00:00,168.0,410.0,29,20,20,921.2087314567332,709.6116657265129,775.4506995619103,709.6116657265129,0.7703049716044095,0.915095783816311,0.6896551724137931
2024-07-12 16:00:00,168.0,420.0,43,26,26,4206.225985796537,3783.7319977881775,3777.330638051607,3783.7319977881775,0.8995550906121009,1.0016946781603087,0.6046511627906976
2024-07-12 16:00:00,168.0,430.0,71,44,41,4639.00324844542,3405.528194073453,4068.4082554292586,3344.6180094848355,0.7341077407554484,0.8220949815008042,0.5774647887323944
2024-07-12 16:00:00,168.0,440.0,93,69,68,13135.15300558112,11841.139145586902,12585.634103729264,11827.7481726358,0.9014846755538826,0.93978166496443,0.7311827956989247
2024-07-12 16:00:00,168.0,450.0,73,64,57,3442.4806095263157,3254.5821305869094,3248.9747831180257,3156.395617176443,0.9454177088407011,0.9715051140370087,0.7808219178082192
2024-07-12 16:00:00,168.0,460.0,88,79,74,2974.147651794852,2784.731948831466,2755.363956801953,2719.449584302227,0.9363126094802063,0.9869656520652863,0.8409090909090909
2024-07-12 16:00:00,168.0,470.0,151,133,126,12230.823663576015,11518.27001530021,11754.753271324127,11439.784441348416,0.9417411559617342,0.9732049816184504,0.8344370860927153
2024-07-12 16:00:00,168.0,480.0,141,133,126,16168.07224745315,15285.678636719502,15942.555219662547,15188.61207836301,0.9454236969486176,0.9527087640022931,0.8936170212765957
2024-07-12 16:00:00,168.0,490.0,144,130,125,6878.797085882596,6401.9932161031775,6611.884655033038,6340.293268183563,0.9306849927645102,0.9589237560817494,0.8680555555555556
2024-07-13 00:00:00,176.0,0.0,3,3,2,64.8695835089858,97.29969717989769,54.803881645507346,85.6608673123611,1.4999278847908688,1.5630437980004528,0.6666666666666666
2024-07-13 00:00:00,176.0,10.0,11,9,8,368.5870444940663,273.2991895165078,295.4468549591304,255.91273140248853,0.7414780134001903,0.8661887141695562,0.7272727272727273
2024-07-13 00:00:00,176.0,20.0,25,26,23,1309.2863335813793,1200.2568507810754,1286.8782515595815,1150.574553034705,0.9167260208834013,0.8940819006307019,0.92
2024-07-13 00:00:00,176.0,30.0,32,31,28,2407.3223355979403,2350.097583121128,2333.8073618551252,2288.6758244788302,0.9762288781894268,0.9806618411982297,0.875
2024-07-13 00:00:00,176.0,40.0,70,67,60,10763.106142485605,10599.865414741944,10551.967301583292,10466.31241506198,0.9848333068927663,0.9918825671011642,0.8571428571428571
2024-07-13 00:00:00,176.0,50.0,82,78,69,13360.768040097102,13351.386105592093,13005.140487477369,13180.14540322074,0.999297799761447,1.013456595560185,0.8414634146341463
2024-07-13 00:00:00,176.0,60.0,98,97,91,5959.915493898458,5944.3854551391105,5857.88211660701,5836.534418009367,0.997394251852187,0.9963557309326655,0.9285714285714286
2024-07-13 00:00:00,176.0,70.0,140,133,118,19919.697889909687,19350.706453355637,19236.643439007057,18923.00198678662,0.9714357396533473,0.9836956247998833,0.8428571428571429
2024-07-13 00:00:00,176.0,80.0,160,150,134,16470.541402500567,15580.727535037451,15710.467598578074,15287.647069067574,0.9459754330037977,0.9730866998797179,0.8375
2024-07-13 00:00:00,176.0,90.0,159,157,145,24593.743975596448,23753.834106056478,24284.348082944998,23574.690188982197,0.9658486373456037,0.9707771486581023,0.9119496855345912
2024-07-13 00:00:00,176.0,100.0,184,174,159,22107.20367072312,22187.74930443535,21370.602670457953,21832.932454111553,1.003643411211654,1.0216339141568858,0.8641304347826086
2024-07-13 00:00:00,176.0,110.0,194,179,174,136541.4925666611,131839.7353784606,135743.25286855307,131693.2795752038,0.9655653596586764,0.9701644596857344,0.8969072164948454
2024-07-13 00:00:00,176.0,120.0,193,192,186,184590.3911942885,177681.05475880578,184441.09436184334,177556.05261233676,0.9625693602425363,0.9626707823799872,0.9637305699481865
2024-07-13 00:00:00,176.0,130.0,169,163,156,45440.15061677425,44352.05016975173,45065.94590173004,44244.22250774471,0.9760542068577378,0.9817662011183086,0.9230769230769231
2024-07-13 00:00:00,176.0,140.0,143,134,123,34420.18556082382,33430.66457707938,33718.16567525084,33148.82567430491,0.9712517243117164,0.9831147397984397,0.8601398601398601
2024-07-13 00:00:00,176.0,150.0,147,141,135,66759.1183712762,66099.48819592569,66456.05352331675,65949.71257592054,0.99011924975279,0.9923808152824098,0.9183673469387755
2024-07-13 00:00:00,176.0,160.0,132,135,126,64002.225242527486,62803.8592513612,63894.39363061926,62692.59694677299,0.9812761824042017,0.9811908899113434,0.9545454545454546
2024-07-13 00:00:00,176.0,170.0,102,103,94,31448.345712405837,31283.058253322233,31089.204142284445,31183.195867303162,0.9947441604529805,1.0030232914483288,0.9215686274509803
2024-07-13 00:00:00,176.0,180.0,74,74,63,15806.641316784491,15128.048672007726,15286.85041099016,14988.934742978816,0.9570691438379011,0.9805116384342216,0.8513513513513513
2024-07-13 00:00:00,176.0,190.0,115,107,105,167788.3027581725,169478.90299250194,167361.776271361,169454.77953673518,1.0100757931663809,1.0125058619238156,0.9130434782608695
2024-07-13 00:00:00,176.0,200.0,98,90,89,106719.44063538054,105336.94705003996,106323.13185409749,105306.76507782901,0.9870455319376717,0.990440774659806,0.9081632653061225
2024-07-13 00:00:00,176.0,210.0,110,105,100,81623.01542311629,80651.79920045563,81390.93407386672,80552.28887689247,0.9881011964869703,0.9896960858538233,0.9090909090909091
2024-07-13 00:00:00,176.0,220.0,49,46,43,5194.744431533772,4914.163121579778,5106.963269510447,4876.440360303394,0.9459874660530411,0.9548610598820401,0.8775510204081632
2024-07-13 00:00:00,176.0,230.0,51,52,43,4465.409886635604,4366.4083041884105,4296.106243486168,4205.767671455146,0.977829228455938,0.9789719883748232,0.8431372549019608
2024-07-13 00:00:00,176.0,240.0,42,43,39,2865.0998761121145,2768.8109789226846,2799.991630458038,2711.7443693020346,0.9663924814655703,0.9684830268076311,0.9285714285714286
2024-07-13 00:00:00,176.0,250.0,46,49,42,7399.185544397731,7252.149341364631,7262.711593252129,7095.340813695127,0.9801280556960181,0.9769547809508905,0.9130434782608695
2024-07-13 00:00:00,176.0,260.0,26,22,21,1373.4857313411314,1388.3272173458374,1298.6376085655163,1377.721251834205,1.0108057081817763,1.0608973918105182,0.8076923076923077
2024-07-13 00:00:00,176.0,270.0,26,29,23,955.1729739006502,976.631678424743,914.2040699527452,902.5919164365564,1.022465778566223,0.9872980728287625,0.8846153846153846
2024-07-13 00:00:00,176.0,280.0,13,12,11,429.16228713031694,439.2442911842608,404.20012511651726,428.96467979247296,1.0234922880138404,1.061268052969595,0.8461538461538461
2024-07-13 00:00:00,176.0,290.0,23,22,21,1748.2667580665122,1685.5986855959222,1714.140110513617,1675.4314141508573,0.9641541703052814,0.9774180091082746,0.9130434782608695
2024-07-13 00:00:00,176.0,300.0,37,33,32,6935.469726408494,6755.48886513178,6827.42196670343,6742.565604064605,0.9740492182394808,0.9875712438673543,0.8648648648648649
2024-07-13 00:00:00,176.0,310.0,26,29,23,1606.25474727995,1594.555420734744,1555.7292456218925,1519.8972186533442,0.992716394105594,0.9769676972587703,0.8846153846153846
2024-07-13 00:00:00,176.0,320.0,11,10,9,350.8553300559224,382.5620284339922,326.7760236806819,369.7376119656881,1.0903697212552426,1.1314710540911266,0.8181818181818182
2024-07-13 00:00:00,176.0,330.0,23,20,18,668.700377078094,621.2608597826038,608.1016809521924,598.2277144406409,0.9290571399065475,0.9837626390111429,0.782608695652174
2024-07-13 00:00:00,176.0,340.0,10,12,9,357.9216422747029,391.5866697912711,347.3059851750597,350.296487239977,1.0940569765567025,1.0086105687565676,0.9
2024-07-13 00:00:00,176.0,350.0,25,23,22,3224.6797540222105,3274.895723387245,3188.817468781751,3262.1616933230134,1.0155723895690414,1.0230004461714401,0.88
2024-07-13 00:00:00,176.0,360.0,16,14,13,592.8961332457382,419.0219613429707,429.2195744324485,406.1031287922793,0.7067375512285528,0.9461430768372207,0.8125
2024-07-13 00:00:00,176.0,370.0,15,12,12,381.8052135446296,328.68408170578994,339.0792715783014,328.68408170578994,0.8608685006009477,0.9693428919316556,0.8
2024-07-13 00:00:00,176.0,380.0,26,24,19,28257.192165360844,26216.645636928944,27893.517360794685,26158.565659637545,0.9277866492717805,0.9378008990864782,0.7307692307692307
2024-07-13 00:00:00,176.0,390.0,25,21,20,18608.674457956964,17952.849354455262,18442.71359221902,17942.66920481946,0.9647570220553096,0.9728866153617151,0.8
2024-07-13 00:00:00,176.0,400.0,24,16,15,594.3875190154129,428.80162847273436,469.9000853026295,417.08457615857446,0.7214176185647924,0.8876026823658899,0.625
2024-07-13 00:00:00,176.0,410.0,23,20,18,618.3599719794114,529.7558216570368,535.6756855503164,507.59916065331845,0.8567110512688154,0.9475867102906601,0.782608695652174
2024-07-13 00:00:00,176.0,420.0,39,31,30,3216.2119491908293,3101.925805869335,2974.4271803023894,3047.7105064194616,0.9644656057725773,1.024637794665937,0.7692307692307693
2024-07-13 00:00:00,176.0,430.0,57,42,37,3250.9005345782825,2485.4846564066597,2842.6189893006717,2414.1312017652085,0.7645526616301366,0.849263024996228,0.6491228070175439
2024-07-13 00:00:00,176.0,440.0,75,66,60,9963.525565597734,9299.49976134059,9542.269012417526,9063.0127514364,0.9333543332743677,0.9497754401644449,0.8
2024-07-13 00:00:00,176.0,450.0,53,56,44,2497.9283695402146,2411.211012545753,2290.722654776566,2252.4864122843637,0.965284289953269,0.9833082182985039,0.8301886792452831
2024-07-13 00:00:00,176.0,460.0,60,52,44,1860.575212878053,1817.295418494278,1610.0292431520097,1693.1940183545717,0.9767384870634566,1.0516542016589385,0.7333333333333333
2024-07-13 00:00:00,176.0,470.0,104,115,97,8717.899998787654,8424.313590750115,8572.030226917095,8211.669777382074,0.9663237238235852,0.9579608984108047,0.9326923076923077
2024-07-13 00:00:00,176.0,480.0,116,117,105,12144.741842870248,11807.907275916172,12012.170646676954,11631.765861116986,0.9722649874890655,0.9683317198240767,0.9051724137931034
2024-07-13 00:00:00,176.0,490.0,110,101,91,4655.586616560415,4449.016983520434,4356.777179233038,4336.955601164744,0.9556297304607779,0.9954504035315886,0.8272727272727273
2024-07-13 08:00:00,184.0,0.0,3,4,3,90.85949280888181,118.02757441332491,90.85949280888181,106.36761690869858,1.2990120323650687,1.1706824858954177,1.0
2024-07-13 08:00:00,184.0,10.0,16,14,14,584.176308022546,482.81380921662424,562.5847402174838,482.81380921662424,0.8264864606559674,0.8582063726612603,0.875
2024-07-13 08:00:00,184.0,20.0,29,30,28,2072.3648353796407,2093.35042816063,2058.08773553067,2037.9297095729808,1.0101263987994398,0.9902054583924277,0.9655172413793104
2024-07-13 08:00:00,184.0,30.0,42,40,36,3240.452065366507,3186.7085163692122,3124.9763296679816,3131.410966478361,0.9834147989499062,1.0020590993759824,0.8571428571428571
2024-07-13 08:00:00,184.0,40.0,74,77,70,14674.046381742508,14586.81557489897,14571.423021784436,14379.516870527856,0.9940554360689448,0.986829964995891,0.9459459459459459
2024-07-13 08:00:00,184.0,50.0,91,85,79,16589.526812111868,16584.304704169568,16175.344597902678,16489.933871154237,0.9996852165826401,1.019448690650606,0.8681318681318682
2024-07-13 08:00:00,184.0,60.0,107,103,95,7756.949474880995,7637.644806095752,7469.088109200404,7444.777463351911,0.9846196408560373,0.9967451654749464,0.8878504672897196
2024-07-13 08:00:00,184.0,70.0,169,152,145,25470.93581129451,24835.996596762387,24630.012873620573,24542.522913018285,0.9750720107326967,0.9964478313084443,0.8579881656804734
2024-07-13 08:00:00,184.0,80.0,189,178,167,21155.99362861459,20375.02183454474,20628.9692689702,20106.752774970206,0.9630850808626854,0.9746852842141026,0.8835978835978836
2024-07-13 08:00:00,184.0,90.0,185,175,161,30706.04378548802,29155.729471635343,30039.42216573249,28876.77014609397,0.9495111019614526,0.9612957928010741,0.8702702702702703
2024-07-13 08:00:00,184.0,100.0,203,192,181,27255.520286605693,27552.55777560475,26683.320311067226,27320.736478987288,1.0108982505516517,1.023888187845037,0.8916256157635468
2024-07-13 08:00:00,184.0,110.0,216,200,191,162947.33956706082,155406.27771726437,162066.1037989845,155286.030398079,0.9537208654659076,0.9581647658457007,0.8842592592592593
2024-07-13 08:00:00,184.0,120.0,207,211,202,245434.2189481721,234795.9763182386,245366.86443955931,234636.59791632445,0.9566554220698135,0.9562684776212803,0.9758454106280193
2024-07-13 08:00:00,184.0,130.0,190,182,174,53644.85394069512,51902.34648343836,53130.13919135508,51770.66930024432,0.9675177145755097,0.9744124538011381,0.9157894736842105
2024-07-13 08:00:00,184.0,140.0,156,147,138,42981.241673852244,40812.43374656612,41970.881164215665,40637.71098323597,0.9495405939236623,0.9682358305568206,0.8846153846153846
2024-07-13 08:00:00,184.0,150.0,165,152,145,78835.84413037427,77552.42194201294,78382.49764486229,77350.66310105134,0.9837203216060085,0.9868359062952291,0.8787878787878788
2024-07-13 08:00:00,184.0,160.0,153,152,141,77873.19051051294,76683.97212785282,77470.37365996448,76395.02473059259,0.9847287831041213,0.9861192236648832,0.9215686274509803
2024-07-13 08:00:00,184.0,170.0,124,111,107,38946.59298269282,38091.40177073298,37723.7449236426,38033.269885847214,0.9780419506183795,1.0082050433442156,0.8629032258064516
2024-07-13 08:00:00,184.0,180.0,92,84,79,19760.24693247164,19798.56021832916,19516.81361354664,19730.043910028322,1.0019389072408078,1.0109254666619185,0.8586956521739131
2024-07-13 08:00:00,184.0,190.0,122,118,111,195772.78973057214,196281.04200040447,195321.54140088474,196175.94106208358,1.0025961333571014,1.0043743237692624,0.9098360655737705
2024-07-13 08:00:00,184.0,200.0,105,102,96,135578.4214496188,134032.50509887032,135256.206360111,133754.38571035262,0.9885976224371151,0.9888964751402247,0.9142857142857143
2024-07-13 08:00:00,184.0,210.0,118,109,104,104321.89247475742,103845.19768894084,103825.28980663873,103785.6779344429,0.9954305393191374,0.9996184756886342,0.8813559322033898
2024-07-13 08:00:00,184.0,220.0,54,58,52,6397.71219814683,6295.920300149809,6369.297214692247,6098.82911404087,0.9840893283654576,0.9575356445876824,0.9629629629629629
2024-07-13 08:00:00,184.0,230.0,59,54,46,5548.421992843749,5175.311170016203,5207.28479886841,4996.197839411129,0.9327537048716235,0.9594631429601946,0.7796610169491526
2024-07-13 08:00:00,184.0,240.0,46,47,42,3729.1195152398664,3643.0503683770053,3597.656540647439,3564.26393228794,0.9769197134843438,0.9907182333882573,0.9130434782608695
2024-07-13 08:00:00,184.0,250.0,58,59,54,9505.324021142706,9258.928260204355,9428.659711368184,9149.645716158886,0.9740781313303689,0.9704078836493707,0.9310344827586207
2024-07-13 08:00:00,184.0,260.0,33,30,30,1649.4045517299846,1725.537430393388,1601.5346995429873,1725.537430393388,1.0461577959049229,1.077427439371614,0.9090909090909091
2024-07-13 08:00:00,184.0,270.0,34,36,29,1413.149940304967,1398.4995212453418,1341.7819060832621,1304.3802175602832,0.9896327922170357,0.9721253593051075,0.8529411764705882
2024-07-13 08:00:00,184.0,280.0,17,16,13,573.2982657138609,576.0768108431257,518.8426396754135,540.42427425588,1.0048465960834627,1.0415957227300516,0.7647058823529411
2024-07-13 08:00:00,184.0,290.0,30,25,25,2282.1533069188,2012.6850730129513,2210.7586067763027,2012.6850730129513,0.8819236932554433,0.9104047211865526,0.8333333333333334
2024-07-13 08:00:00,184.0,300.0,41,39,36,8568.931129213808,8158.147565440654,8402.597595523886,8092.46419910811,0.9520612830726715,0.9630907712894657,0.8780487804878049
2024-07-13 08:00:00,184.0,310.0,33,33,28,2145.3756946829785,2079.208793136929,2014.1549987703856,2000.419409005984,0.9691583615354481,0.9931804703348119,0.8484848484848485
2024-07-13 08:00:00,184.0,320.0,14,14,12,510.55921600797865,503.0677102857537,477.3985069029283,480.65132387361916,0.9853268622182547,1.0068136303814461,0.8571428571428571
2024-07-13 08:00:00,184.0,330.0,28,30,24,925.1874583597015,875.9488030204279,868.2743054671132,794.5009562773294,0.9467798067360634,0.9150345130274293,0.8571428571428571
2024-07-13 08:00:00,184.0,340.0,15,19,14,506.5627021773933,584.8489197500828,495.9305264952567,523.2924610542304,1.1545439828794866,1.0551729185786176,0.9333333333333333
2024-07-13 08:00:00,184.0,350.0,36,32,30,4308.16927737352,4179.4727961112785,4214.572793975697,4145.374117034015,0.9701273387890873,0.98358109342883,0.8333333333333334
2024-07-13 08:00:00,184.0,360.0,23,22,20,887.7321926871494,879.8676557564102,847.4833006464953,859.1837566550643,0.9911408677126674,1.0138061198369848,0.8695652173913043
2024-07-13 08:00:00,184.0,370.0,16,17,15,563.2252002470524,487.841518236405,544.619363066852,464.3923094982557,0.8661571215606454,0.8526915144609936,0.9375
2024-07-13 08:00:00,184.0,380.0,33,27,26,35171.6533465476,33041.24173352809,34959.06218399156,33026.50563040142,0.939428164151725,0.9447194394569572,0.7878787878787878
2024-07-13 08:00:00,184.0,390.0,27,26,24,24135.888464055766,23492.62451435466,24089.47985654727,23455.87249333245,0.9733482382196502,0.9736977565730788,0.8888888888888888
2024-07-13 08:00:00,184.0,400.0,31,25,24,869.7095314930236,663.177239764797,749.6986133596323,650.742161955322,0.7625272757748507,0.8680050227639401,0.7741935483870968
2024-07-13 08:00:00,184.0,410.0,29,26,24,899.6325864081664,761.1743482545997,809.7717723512067,740.7283691464011,0.8460946832680117,0.9147372067510637,0.8275862068965517
2024-07-13 08:00:00,184.0,420.0,46,35,33,4129.702836825041,3978.4500889231063,3773.3896090072426,3952.914924463168,0.9633744233233451,1.0475766708604357,0.717391304347826
2024-07-13 08:00:00,184.0,430.0,71,49,46,4328.8426339242515,3450.0183556054235,3806.0220342317284,3405.420222875772,0.7969840087436623,0.8947452726881492,0.647887323943662
2024-07-13 08:00:00,184.0,440.0,92,73,72,13031.905628358456,12259.476220914486,12661.39497709421,12248.975742684488,0.9407278237372206,0.9674270303425624,0.782608695652174
2024-07-13 08:00:00,184.0,450.0,74,77,65,3357.018246755949,3329.485842328969,3205.242976671925,3151.4575271792996,0.9917985538346162,0.9832195406450989,0.8783783783783784
2024-07-13 08:00:00,184.0,460.0,84,85,78,2687.633113543156,2868.522399777903,2606.580027493893,2784.212818033344,1.0673043077655333,1.0681478368842705,0.9285714285714286
2024-07-13 08:00:00,184.0,470.0,140,139,125,11751.448322669441,11478.092795966466,11343.06915271263,11296.968256332366,0.976738567094266,0.9959357652007933,0.8928571428571429
2024-07-13 08:00:00,184.0,480.0,141,137,127,16087.789942185918,15847.8561313654,15847.287923085212,15708.05231924243,0.9850859681980708,0.9912139159382626,0.900709219858156
2024-07-13 08:00:00,184.0,490.0,135,125,116,6455.945157018029,5981.144336200834,6115.128632800752,5869.659570982637,0.9264552580188734,0.9598587247206133,0.8592592592592593
2024-07-13 16:00:00,192.0,0.0,3,4,3,104.52903330073565,133.83826433583198,104.52903330073565,120.61794511730027,1.280393208562181,1.1539181154605722,1.0
2024-07-13 16:00:00,192.0,10.0,16,18,16,649.446091975447,620.3403463115152,649.446091975447,599.0769138645863,0.9551837388452064,0.9224428651843133,1.0
2024-07-13 16:00:00,192.0,20.0,27,28,26,1865.2979663003723,1869.7527924860688,1854.8206436325743,1829.6607831816777,1.002388265181317,0.9864354213776583,0.9629629629629629
2024-07-13 16:00:00,192.0,30.0,38,40,36,3427.046565748283,3361.245459571705,3397.915576578862,3268.0877313716487,0.9807994712315179,0.9617919155784534,0.9473684210526315
2024-07-13 16:00:00,192.0,40.0,75,76,68,14366.263807951831,14409.511129649089,14213.302614928198,14284.507131525368,1.0030103388240246,1.005009709462063,0.9066666666666666
2024-07-13 16:00:00,192.0,50.0,89,88,80,17273.01592484012,17509.63977669211,16973.957658926,17354.946423137193,1.0136990467027651,1.0224454880745413,0.898876404494382
2024-07-13 16:00:00,192.0,60.0,100,95,91,8384.895679044257,8277.599731707827,8094.798702360886,8206.213628139432,0.9872036634153258,1.0137637673122188,0.91
2024-07-13 16:00:00,192.0,70.0,153,133,127,27048.634646170045,26937.0313832394,26188.734827618595,26667.714608725335,0.9958739779515471,1.018289534956901,0.8300653594771242
2024-07-13 16:00:00,192.0,80.0,169,163,150,22286.73699557729,21806.097960339033,21672.313202976133,21392.009132970707,0.9784338534917141,0.9870662597305518,0.8875739644970414
2024-07-13 16:00:00,192.0,90.0,169,166,150,32220.346523326363,31692.02020054404,31681.540515643203,31345.77794116109,0.9836027113364584,0.9894019492418203,0.8875739644970414
2024-07-13 16:00:00,192.0,100.0,189,169,161,27383.757088269995,27146.549243289483,26087.822257434425,26738.475872058614,0.9913376442751852,1.0249408941920695,0.8518518518518519
2024-07-13 16:00:00,192.0,110.0,197,191,180,165222.6374698467,159332.32978880237,164542.39244352683,159123.64200467078,0.9643492697414462,0.9670677546473877,0.9137055837563451
2024-07-13 16:00:00,192.0,120.0,201,198,190,221768.7015986773,213551.66996154975,221554.62574924383,213274.2848846598,0.9629477397942409,0.9626261882974372,0.945273631840796
2024-07-13 16:00:00,192.0,130.0,176,165,159,53390.18535407928,51892.989773068446,52548.343892106546,51696.1746240414,0.9719574754970121,0.9837831374892644,0.9034090909090909
2024-07-13 16:00:00,192.0,140.0,149,136,128,44049.47271052893,43294.38107995325,42800.83879659258,42672.727897375,0.9828581005830022,0.9970068133518033,0.8590604026845637
2024-07-13 16:00:00,192.0,150.0,154,140,134,81324.9330759747,80995.81164852767,79362.45941888248,80883.18288179874,0.9959530070914469,1.0191617481873858,0.8701298701298701
2024-07-13 16:00:00,192.0,160.0,137,133,127,75783.71041759432,75917.4142631051,75441.75134723309,75829.9311557826,1.0017642821230845,1.0051454241400475,0.927007299270073
2024-07-13 16:00:00,192.0,170.0,107,101,97,37874.848455029416,37443.9334423416,37304.791787050024,37387.3132745194,0.988622660412768,1.0022120881397876,0.9065420560747663
2024-07-13 16:00:00,192.0,180.0,79,68,66,18191.199870038854,17604.77566627497,17813.728441888572,17545.14539801325,0.9677633026983705,0.9849226934860108,0.8354430379746836
2024-07-13 16:00:00,192.0,190.0,113,108,104,197902.17880224762,200737.2063484483,196633.18787976005,200695.6789661375,1.0143253983526557,1.0206602513552372,0.9203539823008849
2024-07-13 16:00:00,192.0,200.0,101,91,90,129409.9719000976,128488.94801785062,128012.54841129432,128475.74430126646,0.9928828986767883,1.0036183631661166,0.8910891089108911
2024-07-13 16:00:00,192.0,210.0,107,99,94,98529.80425107901,98450.58276999729,97819.52469241523,98365.44749355974,0.9991959642903598,1.0055809185626399,0.8785046728971962
2024-07-13 16:00:00,192.0,220.0,46,44,41,6586.366822389328,5760.205507155591,6453.237465179719,5721.54390304619,0.8745649403514346,0.8866160487535768,0.8913043478260869
2024-07-13 16:00:00,192.0,230.0,54,50,45,5842.090244007951,5628.279212752221,5478.113005443396,5560.150229993982,0.9634016212818641,1.0149754531294022,0.8333333333333334
2024-07-13 16:00:00,192.0,240.0,45,44,42,3744.066146786584,3778.2269724350876,3671.8021115832644,3701.3808291510404,1.0091239909524097,1.0080556404372842,0.9333333333333333
2024-07-13 16:00:00,192.0,250.0,51,52,47,9534.860178277966,9249.58436339307,9490.051027470403,9161.515394667174,0.9700807552967791,0.965381046755994,0.9215686274509803
2024-07-13 16:00:00,192.0,260.0,27,32,27,1660.645411710183,1707.7543431490346,1660.645411710183,1636.3286154299944,1.0283678448792615,0.9853570207651094,1.0
2024-07-13 16:00:00,192.0,270.0,35,35,31,1429.7691490929926,1465.0099158299947,1383.0248706032396,1408.5734009139742,1.0246478718325667,1.018472936281754,0.8857142857142857
2024-07-13 16:00:00,192.0,280.0,17,18,16,633.6657090734666,622.4777725534105,623.3082189671536,598.8501494975094,0.9823441029554608,0.9607608744351676,0.9411764705882353
2024-07-13 16:00:00,192.0,290.0,25,24,24,2278.0645415948875,2187.960184106809,2193.620872885437,2187.960184106809,0.9604469689761309,0.9974194771536877,0.96
2024-07-13 16:00:00,192.0,300.0,36,33,29,8811.726832529837,8476.12695013443,8320.026773554364,8418.310299059758,0.9619144023897236,1.0118128857250548,0.8055555555555556
2024-07-13 16:00:00,192.0,310.0,32,30,28,2310.8574980567214,2178.2257395530223,2245.509184497211,2152.5170679317794,0.94260496001366,0.9585875144900583,0.875
2024-07-13 16:00:00,192.0,320.0,15,14,12,528.4858838721832,531.3469727071686,489.6821691233588,503.21645541358396,1.0054137469368574,1.027638919984476,0.8
2024-07-13 16:00:00,192.0,330.0,31,23,19,996.961993436082,903.1433055437868,807.1914748903203,859.8267964583482,0.9058954217813819,1.0652079750658665,0.6129032258064516
2024-07-13 16:00:00,192.0,340.0,17,19,15,582.2871787685559,639.4833813781081,559.8680547296119,573.6861853885316,1.0982267937455072,1.0246810485831221,0.8823529411764706
2024-07-13 16:00:00,192.0,350.0,37,29,29,4444.817556023935,4471.378276507296,4267.491103420165,4471.378276507296,1.0059756604514314,1.047776824402452,0.7837837837837838
2024-07-13 16:00:00,192.0,360.0,23,21,19,887.6369335203956,727.3458914261462,714.3220470147921,695.6192805890408,0.8194182372982948,0.9738174588003946,0.8260869565217391
2024-07-13 16:00:00,192.0,370.0,16,11,11,514.8735967453675,330.72321669990174,405.3751210990879,330.72321669990174,0.6423386609654835,0.8158448791904558,0.6875
2024-07-13 16:00:00,192.0,380.0,33,23,22,35272.91357811535,33293.65279264937,34899.88807617314,33281.98003730398,0.9438872328739527,0.9536414547995717,0.6666666666666666
2024-07-13 16:00:00,192.0,390.0,26,16,16,23121.60638253835,22038.167000011406,22888.960195530937,22038.167000011406,0.9531416907371467,0.9628295392952954,0.6153846153846154
2024-07-13 16:00:00,192.0,400.0,31,13,10,919.0675828714647,364.3517596015584,438.6969183231681,322.8440970833346,0.39643630826713044,0.7359160358758435,0.3225806451612903
2024-07-13 16:00:00,192.0,410.0,27,9,8,887.3529589643941,386.5357637349224,410.57355539101894,371.1943124649414,0.4356054260370506,0.9040872398891501,0.2962962962962963
2024-07-13 16:00:00,192.0,420.0,46,33,32,4133.509719686253,3882.3302974698872,3764.472318568212,3871.7257936267206,0.9392333781096246,1.028490971903149,0.6956521739130435
2024-07-13 16:00:00,192.0,430.0,70,52,51,4550.332323393965,3841.5353272208154,4106.4500263800555,3815.876851295133,0.8442318174149359,0.929239812193436,0.7285714285714285
2024-07-13 16:00:00,192.0,440.0,92,69,67,13015.323464494852,12169.133276088061,12489.38960532197,12142.067322832418,0.9349850819524267,0.9721906119141681,0.7282608695652174
2024-07-13 16:00:00,192.0,450.0,75,58,54,3460.922339135358,2985.5051849816073,3048.7773462890477,2934.6803524114225,0.8626328164669178,0.9625761474459579,0.72
2024-07-13 16:00:00,192.0,460.0,89,93,78,3025.7599315515745,2977.9957109766797,2828.8161325720775,2788.3466489869534,0.9842141406934416,0.985693844460535,0.8764044943820225
2024-07-13 16:00:00,192.0,470.0,149,134,126,12150.224167129069,11677.518990099303,11798.986779082563,11577.124458123595,0.9610949419099105,0.981196493808071,0.8456375838926175
2024-07-13 16:00:00,192.0,480.0,138,126,116,15871.185097563965,15170.180847956668,15556.730955840136,15027.65584673854,0.9558316379465014,0.9659905985001961,0.8405797101449275
2024-07-13 16:00:00,192.0,490.0,144,104,98,7014.49064009231,5580.4495920144855,6223.159907059775,5508.250726898885,0.7955602022075045,0.8851211939211345,0.6805555555555556
2024-07-14 00:00:00,200.0,0.0,3,2,2,77.75827706314729,57.74712408356786,66.42639583295691,57.74712408356786,0.742649223524739,0.8693400170134942,0.6666666666666666
2024-07-14 00:00:00,200.0,10.0,13,12,12,445.8987779332654,366.55344616091196,434.04953028180734,366.55344616091196,0.8220552831740917,0.8444968156581728,0.9230769230769231
2024-07-14 00:00:00,200.0,20.0,25,27,24,1430.2653407882651,1421.5053148928837,1416.0830542217254,1349.9174766444244,0.993875244232267,0.9532756377671185,0.96
2024-07-14 00:00:00,200.0,30.0,32,35,28,2569.2134360207524,2507.84731309441,2476.8505210743397,2405.0300429172385,0.9761148209541565,0.9710033053888335,0.875
2024-07-14 00:00:00,200.0,40.0,68,66,62,10903.71974465764,10860.43241571978,10807.451924251764,10735.432096925413,0.9960300402109044,0.9933360955171368,0.9117647058823529
2024-07-14 00:00:00,200.0,50.0,78,79,70,13297.649590957937,13474.068593426895,13103.474542446713,13301.235659399943,1.0132669312168459,1.015092265514205,0.8974358974358975
2024-07-14 00:00:00,200.0,60.0,94,90,83,6524.900475327268,6264.398044454134,6258.8978888702995,6124.418506041733,0.9600756468457753,0.9785138877137298,0.8829787234042553
2024-07-14 00:00:00,200.0,70.0,139,127,116,21125.77238130645,21605.11048330227,20666.96168749559,21356.06012678557,1.0226897314495336,1.033342996890874,0.8345323741007195
2024-07-14 00:00:00,200.0,80.0,160,152,138,17225.99872910957,17320.011561834468,16722.08707974683,16772.297546734466,1.0054576128910324,1.0030026435544908,0.8625
2024-07-14 00:00:00,200.0,90.0,153,155,142,25276.42869614729,24803.242663344754,24930.396194900335,24601.471863602732,0.9812795534333274,0.9868062934609565,0.9281045751633987
2024-07-14 00:00:00,200.0,100.0,187,172,157,21890.893217547487,22898.378465495774,20807.386793056627,22534.19605646375,1.0460230305787932,1.0829902034590597,0.839572192513369
2024-07-14 00:00:00,200.0,110.0,192,184,171,129082.86343441802,128023.48270170619,127898.15989327621,127575.95051057011,0.9917930180310103,0.9974807348051374,0.890625
2024-07-14 00:00:00,200.0,120.0,191,194,188,166606.64201494522,165597.5218284773,166335.34090271598,165480.2159775652,0.9939430975004142,0.9948590304350842,0.9842931937172775
2024-07-14 00:00:00,200.0,130.0,175,161,156,43893.27607547195,43607.575370369996,43416.90705192702,43487.309089043396,0.9934910143273264,1.0016215350631075,0.8914285714285715
2024-07-14 00:00:00,200.0,140.0,140,130,119,34585.7701160041,34675.15545346043,33859.47611355242,34346.97927250834,1.002584454160093,1.0143978352565473,0.85
2024-07-14 00:00:00,200.0,150.0,148,135,132,65674.23836480547,66147.69562758619,64976.94977992732,66098.97856682361,1.0072091778232855,1.0172681049310028,0.8918918918918919
2024-07-14 00:00:00,200.0,160.0,132,121,118,61018.398899073945,60776.90455755468,60000.6641294062,60728.19620235127,0.9960422701041581,1.0121254003351692,0.8939393939393939
2024-07-14 00:00:00,200.0,170.0,105,97,94,31093.414904923768,31830.82276471363,30521.760766865216,31791.331428057238,1.0237158852459494,1.0415955904670573,0.8952380952380953
2024-07-14 00:00:00,200.0,180.0,68,64,60,15567.489477633764,14789.705595829944,14885.572190313778,14740.96318446322,0.9500379375286373,0.9902852907498808,0.8823529411764706
2024-07-14 00:00:00,200.0,190.0,113,104,101,161243.60128329854,166178.64277424884,160001.36960283003,166142.8266790648,1.030606122982081,1.0383837781606473,0.8938053097345132
2024-07-14 00:00:00,200.0,200.0,95,85,83,101784.33509616308,102088.80281630807,100543.58735168207,102063.27472439,1.0029913023438954,1.0151147120640558,0.8736842105263158
2024-07-14 00:00:00,200.0,210.0,104,102,97,77399.92217310083,78195.67861138268,76936.15081816641,77870.65474024603,1.0102811012716806,1.0121464865624517,0.9326923076923077
2024-07-14 00:00:00,200.0,220.0,44,47,42,5055.0146532049375,4518.243979622363,5019.899372074834,4444.378055026759,0.8938142200552761,0.8853520211481453,0.9545454545454546
2024-07-14 00:00:00,200.0,230.0,50,48,42,4487.612343974751,4450.358149163896,4318.339955828318,4290.92642011069,0.9916984373971443,0.9936518347332454,0.84
2024-07-14 00:00:00,200.0,240.0,42,43,38,2860.167212148604,3149.772529069789,2788.484901540407,2814.720815977695,1.1012546803875949,1.0094086628989078,0.9047619047619048
2024-07-14 00:00:00,200.0,250.0,45,45,41,7060.992530229274,6793.641525817118,6943.161624305377,6737.870485243273,0.9621369087606902,0.9704326141071731,0.9111111111111111
2024-07-14 00:00:00,200.0,260.0,25,21,18,1227.7988529350637,1227.0441200998084,1129.7158065594147,1172.0628047929436,0.9993852960251176,1.0374846470126837,0.72
2024-07-14 00:00:00,200.0,270.0,25,26,21,961.9698375883779,952.802900667123,912.0066591426314,887.128258755297,0.9904706607597634,0.9727212513878766,0.84
2024-07-14 00:00:00,200.0,280.0,13,10,8,446.28494963898174,413.04932356826464,388.0849523317893,391.83196835185214,0.9255282390822214,1.0096551437966073,0.6153846153846154
2024-07-14 00:00:00,200.0,290.0,23,22,21,1711.074745595249,1705.2819971777246,1687.147024570825,1694.7828759345666,0.9966145555987918,1.00452589564071,0.9130434782608695
2024-07-14 00:00:00,200.0,300.0,36,32,30,6773.988576469383,6724.096087754679,6649.768640470417,6680.792881242571,0.99263469547498,1.0046654616798756,0.8333333333333334
2024-07-14 00:00:00,200.0,310.0,26,26,23,1698.440442160024,1664.1102781237412,1654.8043957854768,1622.4066463807367,0.9797872429411638,0.9804220066811207,0.8846153846153846
2024-07-14 00:00:00,200.0,320.0,10,12,8,350.40248524442956,386.9811796030867,329.5077872659003,326.57050847427325,1.104390510624207,0.9910858592569263,0.8
2024-07-14 00:00:00,200.0,330.0,22,21,18,676.511194906813,670.8177372561653,610.3130794953669,631.8052263947421,0.9915840895265127,1.0352149538023105,0.8181818181818182
2024-07-14 00:00:00,200.0,340.0,10,10,8,368.17881318374253,352.9004636059952,341.26026843866583,324.22486162267796,0.9585029093726734,0.9500808960447453,0.8
2024-07-14 00:00:00,200.0,350.0,24,24,21,3162.5016816022803,3265.632445707978,3122.6356697729034,3215.869461543304,1.0326105009542466,1.029857403049899,0.875
2024-07-14 00:00:00,200.0,360.0,16,17,16,570.4690178501533,597.3646773309997,570.4690178501533,582.6957142495496,1.0471465735022814,1.021432708905864,1.0
2024-07-14 00:00:00,200.0,370.0,13,10,10,338.72516733673103,255.78181448796374,278.83927429973784,255.78181448796374,0.7551308233134262,0.9173091385003803,0.7692307692307693
2024-07-14 00:00:00,200.0,380.0,28,24,19,26411.147983701783,25770.177699668944,26107.316411054766,25701.85157780407,0.9757310706665088,0.9844693025178564,0.6785714285714286
2024-07-14 00:00:00,200.0,390.0,23,18,17,17329.567854387264,17121.900410010505,17207.883094669123,17106.182148790398,0.9880165826336988,0.9940898630401417,0.7391304347826086
2024-07-14 00:00:00,200.0,400.0,25,13,10,621.9929633864598,297.7658864287921,339.7015532933575,261.8065600634782,0.4787287058805241,0.7706957990780477,0.4
2024-07-14 00:00:00,200.0,410.0,22,13,11,617.4806854924911,455.933966522889,409.2163685654129,396.4926635128282,0.7383776970436647,0.9689071453881718,0.5
2024-07-14 00:00:00,200.0,420.0,37,32,30,3090.505994884829,3190.1249640889855,2856.9523358418537,3150.4043900598217,1.0322338702364722,1.1027150682692426,0.8108108108108109
2024-07-14 00:00:00,200.0,430.0,56,49,44,3363.4121510116925,2941.4478642604977,3102.0951006644545,2874.036970258264,0.8745427952907078,0.9264825471155472,0.7857142857142857
2024-07-14 00:00:00,200.0,440.0,77,69,65,9691.148531733712,9459.828028705851,9424.683481385244,9409.244578524249,0.9761307442280551,0.998361865107567,0.8441558441558441
2024-07-14 00:00:00,200.0,450.0,56,51,45,2445.5360944823706,2410.164851322959,2278.9790551177666,2336.105999549662,0.9855364051918037,1.0250669019110152,0.8035714285714286
2024-07-14 00:00:00,200.0,460.0,64,65,55,2034.4924260204298,2034.2803770990854,1893.7574719825345,1846.2225314428545,0.9998957730593477,0.9748991403371643,0.859375
2024-07-14 00:00:00,200.0,470.0,112,106,94,8626.569558114255,8525.903686704569,8225.027636507826,8385.341490739238,0.9883307181688462,1.0194909806162642,0.8392857142857143
2024-07-14 00:00:00,200.0,480.0,116,119,106,11687.424474628031,11825.375440867308,11412.358529697596,11656.92838224686,1.0118033675031444,1.0214302636841313,0.9137931034482759
2024-07-14 00:00:00,200.0,490.0,113,86,80,4720.176337655126,4087.4268970159474,4070.438905253003,4017.826633730886,0.8659479232605293,0.987074545829881,0.7079646017699115
2024-07-14 08:00:00,208.0,0.0,3,3,3,105.23019452668197,112.19889894099448,105.23019452668197,112.19889894099448,1.0662234299352695,1.0662234299352695,1.0
2024-07-14 08:00:00,208.0,10.0,16,16,15,650.9973309171328,514.1928275202097,639.9409849159258,503.44079252556446,0.7898539718984849,0.7866987806566343,0.9375
2024-07-14 08:00:00,208.0,20.0,29,31,28,2433.3646002587902,2468.491391678358,2423.099470964037,2435.6067081120123,1.0144354822190773,1.0051616688864198,0.9655172413793104
2024-07-14 08:00:00,208.0,30.0,42,48,39,3601.9400918314736,3621.963632799146,3548.844959988854,3473.8254981830833,1.0055590988348424,0.9788608793419912,0.9285714285714286
2024-07-14 08:00:00,208.0,40.0,81,73,70,14982.340063244415,14823.80750775266,14661.889626393704,14773.228498829518,0.989418705300871,1.0075937601000207,0.8641975308641975
2024-07-14 08:00:00,208.0,50.0,91,88,81,17429.617890145655,17554.6095778973,17055.78531641149,17430.56880485817,1.0071712236343582,1.0219739801770402,0.8901098901098901
2024-07-14 08:00:00,208.0,60.0,106,106,95,8782.502215338161,8691.580247561913,8576.7802084755,8387.194015732233,0.9896473732033385,0.9778954120153481,0.8962264150943396
2024-07-14 08:00:00,208.0,70.0,165,149,141,27749.023784591693,27146.148855761006,27096.628464912905,26719.498284514513,0.9782740130423815,0.9860820256333096,0.8545454545454545
2024-07-14 08:00:00,208.0,80.0,182,168,157,22628.74684563189,22247.93375344246,21754.24957046688,22015.812803307617,0.9831712690593408,1.012023546571601,0.8626373626373627
2024-07-14 08:00:00,208.0,90.0,180,163,151,32782.50328975467,31658.292823405238,31787.056194585195,31482.94465384759,0.9657069975281365,0.9904328498091808,0.8388888888888889
2024-07-14 08:00:00,208.0,100.0,205,191,180,28350.385695625344,29137.512520031127,27588.541531574676,28922.44658793528,1.0277642368910431,1.0483499664102929,0.8780487804878049
2024-07-14 08:00:00,208.0,110.0,215,196,187,165807.6155355068,158827.7202102883,164359.38321429907,158608.52530849463,0.9579036505490075,0.965010467955418,0.8697674418604651
2024-07-14 08:00:00,208.0,120.0,203,208,197,225211.03884138647,215025.40363022021,224998.30987302744,214785.32126157277,0.9547729309204072,0.9546085985391707,0.9704433497536946
2024-07-14 08:00:00,208.0,130.0,189,172,168,55428.56891870503,54013.47951118044,54666.2462512396,53923.36835814555,0.9744700353061605,0.9864106657391496,0.8888888888888888
2024-07-14 08:00:00,208.0,140.0,152,139,130,44872.48990748022,43999.830340932924,43327.963193080715,43646.94111408343,0.9805524594613184,1.00736194128446,0.8552631578947368
2024-07-14 08:00:00,208.0,150.0,162,147,141,81440.19685723828,80299.89561190529,80529.22483290592,80165.98881307995,0.9859982994966,0.9954893888451097,0.8703703703703703
2024-07-14 08:00:00,208.0,160.0,152,153,143,76846.80693269319,76437.25774556909,76547.23626652194,76292.29835338189,0.9946705763912507,0.9966695347138019,0.9407894736842105
2024-07-14 08:00:00,208.0,170.0,118,112,108,39501.05142659096,39016.92284715191,39173.84807792799,38961.89930182502,0.9877439065049001,0.9945895339237201,0.9152542372881356
2024-07-14 08:00:00,208.0,180.0,84,72,70,19980.099774247854,18725.778328100358,18982.849012652878,18704.013233714002,0.937221462339033,0.985311173325299,0.8333333333333334
2024-07-14 08:00:00,208.0,190.0,118,106,105,200301.04729833873,201785.25886259883,198489.68096953357,201774.48338613915,1.0074099041631541,1.0165489833051309,0.8898305084745762
2024-07-14 08:00:00,208.0,200.0,106,97,95,133114.34946174716,131456.2983317996,132306.30434990753,131432.90250222318,0.9875441593137633,0.9933986377143867,0.8962264150943396
2024-07-14 08:00:00,208.0,210.0,114,105,102,102007.932308057,101790.79642679702,101376.45032888517,101753.65214962518,0.9978713823881437,1.003720803199523,0.8947368421052632
2024-07-14 08:00:00,208.0,220.0,47,47,42,6675.785381948968,5873.869608445949,6592.621722264077,5805.580395384519,0.8798769391731249,0.8806178543171035,0.8936170212765957
2024-07-14 08:00:00,208.0,230.0,57,54,47,5833.181060332442,5604.926899015141,5440.808171446211,5491.4749189742315,0.9608696937474641,1.009312356902036,0.8245614035087719
2024-07-14 08:00:00,208.0,240.0,46,46,43,3962.27422835137,3848.384619233217,3716.827138491293,3804.7325316679194,0.9712565050891139,1.0236506541469959,0.9347826086956522
2024-07-14 08:00:00,208.0,250.0,51,51,47,9340.317661492922,9147.591251384276,9198.154999216591,9011.425463515534,0.9793661824904314,0.9796992401501213,0.9215686274509803
2024-07-14 08:00:00,208.0,260.0,29,30,27,1552.3222702354894,1574.242752913889,1513.6142301800783,1518.9872736344864,1.014121090123299,1.003549810346173,0.9310344827586207
2024-07-14 08:00:00,208.0,270.0,36,28,28,1444.6923716396395,1276.1198580404573,1331.2567270494987,1276.1198580404573,0.8833159799910465,0.9585828428966945,0.7777777777777778
2024-07-14 08:00:00,208.0,280.0,17,15,14,608.5532439683981,589.0159891537569,563.5581241217061,575.7353844818377,0.9678955703411619,1.0216078161930673,0.8235294117647058
2024-07-14 08:00:00,208.0,290.0,26,25,23,2303.472852885828,2232.0792231389332,2267.0205695607783,2210.0383402771095,0.969006090235684,0.9748647056631211,0.8846153846153846
2024-07-14 08:00:00,208.0,300.0,39,33,32,8974.628614930385,8581.373237634994,8699.879271019616,8564.183563447741,0.9561814316593377,0.9844025757893108,0.8205128205128205
2024-07-14 08:00:00,208.0,310.0,33,33,28,2343.783521753273,2218.1471198631803,2203.8739467346954,2139.3168971071304,0.9463959018723239,0.9707074673108169,0.8484848484848485
2024-07-14 08:00:00,208.0,320.0,15,14,12,546.0913839065377,615.1553129437507,506.01651937458803,593.3015213461548,1.1264695453408458,1.1724943724751256,0.8
2024-07-14 08:00:00,208.0,330.0,28,29,23,946.5441098459596,959.5054303117441,870.7204448426467,886.7278123793761,1.0136933084585924,1.0183840492451308,0.8214285714285714
2024-07-14 08:00:00,208.0,340.0,17,15,12,545.2127054824291,538.7122091867461,486.3315697515359,505.4537295195626,0.9880771371790923,1.0393191825441153,0.7058823529411765
2024-07-14 08:00:00,208.0,350.0,34,33,30,4383.522605773808,4370.411784591867,4326.606863034516,4335.675433732082,0.9970090672819454,1.0020960006269684,0.8823529411764706
2024-07-14 08:00:00,208.0,360.0,22,20,19,848.8044189129315,727.5571770620669,710.2119435266964,717.5113637936971,0.8571552655131713,1.0102778055671016,0.8636363636363636
2024-07-14 08:00:00,208.0,370.0,17,12,11,520.7701234916609,403.56182652195275,403.6778277935059,385.7315629831961,0.7749327550055106,0.9555431000300322,0.6470588235294118
2024-07-14 08:00:00,208.0,380.0,34,24,24,35363.542478973905,33444.73188300932,35005.69550834035,33444.73188300932,0.9457404303569007,0.9554082956312318,0.7058823529411765
2024-07-14 08:00:00,208.0,390.0,26,22,17,23344.65452088134,22567.100688759543,23139.809338442134,22490.644264016628,0.9666924249649405,0.9719459626943836,0.6538461538461539
2024-07-14 08:00:00,208.0,400.0,32,15,14,952.8804086743569,467.34510701649225,531.2930122925042,445.66495608872316,0.4904551534086641,0.8388308255094491,0.4375
2024-07-14 08:00:00,208.0,410.0,28,16,15,941.2507033241292,650.5925811260297,639.3883989949321,640.4824242665967,0.6912001009172065,1.0017110496114479,0.5357142857142857
2024-07-14 08:00:00,208.0,420.0,44,42,38,4136.359769198047,4130.302242460114,4047.178585875691,4074.652603946801,0.9985355416172836,1.0067884372997504,0.8636363636363636
2024-07-14 08:00:00,208.0,430.0,73,61,58,4663.304333479396,4117.03612892967,4439.527529265425,4070.247347700511,0.8828581268805712,0.9168199365516682,0.7945205479452054
2024-07-14 08:00:00,208.0,440.0,96,81,76,13104.042329967617,12433.649233647904,12709.15726885154,12341.983734974432,0.9488407409378866,0.9711095294432305,0.7916666666666666
2024-07-14 08:00:00,208.0,450.0,76,68,59,3541.247615634779,3352.2097432918113,3261.995027619382,3225.263212226433,0.9466182846101029,0.9887394630948423,0.7763157894736842
2024-07-14 08:00:00,208.0,460.0,89,83,75,3032.2514710034047,2884.9076262447857,2796.7989528100106,2696.200142789798,0.9514077753221895,0.9640307323774064,0.8426966292134831
2024-07-14 08:00:00,208.0,470.0,152,139,129,12165.28056573818,11681.65155188533,11487.64444342591,11552.789824830068,0.9602451409780944,1.0056709085770354,0.8486842105263158
2024-07-14 08:00:00,208.0,480.0,142,143,129,15882.455119360387,15774.913966719065,15597.13452060533,15501.866559585278,0.9932289339505054,0.9938919574685854,0.9084507042253521
2024-07-14 08:00:00,208.0,490.0,141,129,123,6988.216562610238,6285.86983673473,6692.601300952634,6197.309999080782,0.8994955694943192,0.9259942017162517,0.8723404255319149
2024-07-14 16:00:00,216.0,0.0,3,3,3,99.8269329740672,113.1646805364039,99.8269329740672,113.1646805364039,1.133608708241107,1.133608708241107,1.0
2024-07-14 16:00:00,216.0,10.0,18,15,15,673.3633141547402,450.14318134433574,512.9337523428279,450.14318134433574,0.668499711644362,0.8775854177821291,0.8333333333333334
2024-07-14 16:00:00,216.0,20.0,26,28,26,1900.0328898247526,1880.5424816587054,1900.0328898247526,1858.7160608960519,0.9897420680081781,0.9782546769848224,1.0
2024-07-14 16:00:00,216.0,30.0,38,39,36,3423.668209202916,3368.529394392568,3360.822191276981,3316.87616933333,0.9838948135622099,0.9869240264903889,0.9473684210526315
2024-07-14 16:00:00,216.0,40.0,78,74,67,14198.957337093882,13931.560545706157,13781.08577604824,13818.7435318885,0.9811678572560277,1.0027325681337613,0.8589743589743589
2024-07-14 16:00:00,216.0,50.0,85,85,78,17504.440833399207,17339.57720757017,17228.87901856003,17153.786642295683,0.990581611409462,0.995641482177485,0.9176470588235294
2024-07-14 16:00:00,216.0,60.0,100,101,92,8344.786741083444,8396.40496353198,8204.387883132114,8239.855279919668,1.0061856850330766,1.0043229790318022,0.92
2024-07-14 16:00:00,216.0,70.0,152,135,129,26883.72246168155,26486.366722480772,26105.631113740485,26181.81634447783,0.9852194672903968,1.0029183447205474,0.8486842105263158
2024-07-14 16:00:00,216.0,80.0,170,152,143,21907.618510976026,20938.076662471605,21078.683786400325,20704.33890486104,0.9557440783434006,0.9822405950327503,0.8411764705882353
2024-07-14 16:00:00,216.0,90.0,163,157,146,31842.91203559794,30929.48398717003,31294.700931082043,30623.622213678525,0.9713145566772673,0.9785561549579469,0.8957055214723927
2024-07-14 16:00:00,216.0,100.0,189,174,165,27068.519910590643,27229.504507236,26019.043419492238,27013.432202318116,1.0059472995633711,1.0382177302521787,0.873015873015873
2024-07-14 16:00:00,216.0,110.0,196,187,180,168842.2921456859,161368.47978174096,168157.4399024531,161209.5831770688,0.9557349508291669,0.9586824304091767,0.9183673469387755
2024-07-14 16:00:00,216.0,120.0,192,196,185,220924.68774095856,211458.0710681117,220688.1000680921,211302.98334934155,0.9571500280496185,0.9574733902015794,0.9635416666666666
2024-07-14 16:00:00,216.0,130.0,178,162,156,53678.159318957514,52186.3895742286,52986.08962465013,52015.305386632266,0.9722089996442544,0.9816785076065279,0.8764044943820225
2024-07-14 16:00:00,216.0,140.0,146,131,127,42646.65156922571,42384.0594758621,41957.74466321088,42311.84358887517,0.9938426093561564,1.0084394175260514,0.8698630136986302
2024-07-14 16:00:00,216.0,150.0,155,140,135,81195.40365389724,80394.67933692978,80300.58017731244,80292.60889933357,0.9901383048678393,0.9999007320001765,0.8709677419354839
2024-07-14 16:00:00,216.0,160.0,136,133,126,75688.70289122514,75533.96988137165,75397.54702935935,75347.23851313171,0.9979556657210011,0.9993327565920938,0.9264705882352942
2024-07-14 16:00:00,216.0,170.0,108,98,96,37152.03269698382,36778.88558320497,36668.7943866165,36757.27469490999,0.9899562127105592,1.0024129592961415,0.8888888888888888
2024-07-14 16:00:00,216.0,180.0,74,67,66,18445.161085669984,17535.841472109223,17728.943423499953,17522.66523857595,0.9507014544715898,0.9883648912404686,0.8918918918918919
2024-07-14 16:00:00,216.0,190.0,114,103,103,202222.68456834226,204228.6597278398,201659.63335156435,204228.6597278398,1.0099196347026025,1.012739418065869,0.9035087719298246
2024-07-14 16:00:00,216.0,200.0,99,89,89,128172.35847415274,127400.21237494831,127416.54251402212,127400.21237494831,0.9939757205968857,0.9998718365861167,0.898989898989899
2024-07-14 16:00:00,216.0,210.0,109,107,103,99643.38432192015,98240.57445733441,99448.73737230373,98178.98972415662,0.9859216959145662,0.9872321390728814,0.944954128440367
2024-07-14 16:00:00,216.0,220.0,45,45,40,6507.356165385934,5600.06654910713,6387.892303017253,5535.129778648403,0.8605747721163814,0.8665033028239915,0.8888888888888888
2024-07-14 16:00:00,216.0,230.0,58,48,46,5814.053606439837,5583.217247501835,5550.850637492528,5545.863212183703,0.9602968299634665,0.9991015025201473,0.7931034482758621
2024-07-14 16:00:00,216.0,240.0,46,43,40,3802.5330169071835,3651.3789732124405,3596.234234572384,3605.1938819607453,0.9602491173587008,1.002491397057018,0.8695652173913043
2024-07-14 16:00:00,216.0,250.0,48,48,44,9489.975559140605,9191.30632192164,9305.440693448503,9110.688813838573,0.9685279234537869,0.9790711814705298,0.9166666666666666
2024-07-14 16:00:00,216.0,260.0,28,31,26,1694.9276853962901,1666.7181308167821,1668.5633119878523,1584.5557062038595,0.9833564848680182,0.9496527310768269,0.9285714285714286
2024-07-14 16:00:00,216.0,270.0,35,30,26,1446.9712214681167,1269.7628036629312,1325.6128159791986,1192.016277321779,0.8775314842644988,0.8992190351156684,0.7428571428571429
2024-07-14 16:00:00,216.0,280.0,18,16,14,676.9998531857533,627.417443326456,628.9274651747558,603.222370337087,0.9267615648275583,0.9591286813487685,0.7777777777777778
2024-07-14 16:00:00,216.0,290.0,25,24,21,2345.846524651806,2206.7368539121817,2277.851327001631,2167.4365911044506,0.9406995857240609,0.9515268030936326,0.84
2024-07-14 16:00:00,216.0,300.0,33,30,28,8893.117623750508,8441.176838711075,8824.183924086416,8382.99237940391,0.9491808380187785,0.950002000357423,0.8484848484848485
2024-07-14 16:00:00,216.0,310.0,30,30,27,2250.0125373370774,2114.1007333800053,2182.29993071482,2070.4967506236962,0.9395950903820626,0.9487681878565141,0.9
2024-07-14 16:00:00,216.0,320.0,15,14,12,537.9178230867129,501.19598461886966,497.014925482964,475.5004599780605,0.9317333672695138,0.9567126369816817,0.8
2024-07-14 16:00:00,216.0,330.0,28,25,22,983.4373668145547,898.3816614760053,900.7926909109821,866.3520102329971,0.9135118227060532,0.9617662520738766,0.7857142857142857
2024-07-14 16:00:00,216.0,340.0,15,15,12,541.3847353778971,528.6966370475045,506.28462204687406,494.5278126861879,0.9765636200999719,0.9767782609845935,0.8
2024-07-14 16:00:00,216.0,350.0,35,25,25,4273.254251921084,4022.7661323609705,4080.6505471602986,4022.7661323609705,0.9413823505943968,0.9858149052141675,0.7142857142857143
2024-07-14 16:00:00,216.0,360.0,23,18,17,843.427820524168,751.9175334154413,756.5692156609272,741.7007762866178,0.8915019342712035,0.980347549085353,0.7391304347826086
2024-07-14 16:00:00,216.0,370.0,15,12,12,484.26892502205595,384.1667728964983,435.24585140163225,384.1667728964983,0.7932922247261714,0.8826431582503479,0.8
2024-07-14 16:00:00,216.0,380.0,32,26,25,36369.70317759595,34746.173452686,36231.83744294061,34734.9576384086,0.9553603801223747,0.9586860642414463,0.78125
2024-07-14 16:00:00,216.0,390.0,26,27,24,23396.51831570093,22564.911660542515,23370.48813169868,22526.062007498072,0.9644559654587435,0.9638678439473729,0.9230769230769231
2024-07-14 16:00:00,216.0,400.0,32,24,24,955.1419464542557,777.9082100050659,826.6810280007505,777.9082100050659,0.8144425159976177,0.9410016483459926,0.75
2024-07-14 16:00:00,216.0,410.0,28,21,20,920.2342868572372,672.288127646052,775.11665359158,659.7833505623287,0.7305619202062497,0.8512052315030996,0.7142857142857143
2024-07-14 16:00:00,216.0,420.0,42,35,33,4251.946069889481,4000.2010039075562,4093.1907481542084,3977.410707770855,0.9407929776521206,0.9717139885465725,0.7857142857142857
2024-07-14 16:00:00,216.0,430.0,71,68,64,4674.8429700799825,4261.055576344299,4587.496255224901,4195.208788458768,0.9114863544328626,0.9144876758603695,0.9014084507042254
2024-07-14 16:00:00,216.0,440.0,91,79,76,13091.473279180282,12146.812273863106,12659.632324597958,12090.438516348422,0.9278415052934115,0.9550386777707928,0.8351648351648352
2024-07-14 16:00:00,216.0,450.0,72,63,58,3376.2387021535437,3090.6894159248022,3179.907980682315,3011.7390490918965,0.9154238454625252,0.9471151578561293,0.8055555555555556
2024-07-14 16:00:00,216.0,460.0,86,62,57,3002.26969928727,2449.8263127223695,2553.967911736035,2377.8084466995756,0.8159914191932693,0.931025184683422,0.6627906976744186
2024-07-14 16:00:00,216.0,470.0,150,112,111,12180.542520059686,10883.351714413457,11584.277129668117,10869.754930458086,0.893503035393544,0.9383196559256951,0.74
2024-07-14 16:00:00,216.0,480.0,142,127,122,15806.909580689922,14367.03352402656,15484.516257175692,14294.329429891546,0.9089084397355984,0.9231369706669008,0.8591549295774648
2024-07-14 16:00:00,216.0,490.0,141,115,114,7064.688481805171,5816.751058358324,6559.074465375825,5801.014137912219,0.8233556332086176,0.8844257171548714,0.8085106382978723
2024-07-15 00:00:00,224.0,0.0,3,2,2,69.39711485227303,49.87309078342551,57.14779575299603,49.87309078342551,0.7186623087947,0.8727036647045282,0.6666666666666666
2024-07-15 00:00:00,224.0,10.0,13,8,8,440.66158103113577,230.66577408910962,307.2678210114867,230.66577408910962,0.5234533347548886,0.7506994169769784,0.6153846153846154
2024-07-15 00:00:00,224.0,20.0,26,23,22,1487.4017497056673,1192.657630162341,1429.7562334892664,1180.5949282967474,0.8018396041273642,0.825731618190291,0.8461538461538461
2024-07-15 00:00:00,224.0,30.0,34,34,30,2571.0457742500253,2290.9107461403546,2523.8193164355257,2235.0479274938934,0.891042380141448,0.8855815917323774,0.8823529411764706
2024-07-15 00:00:00,224.0,40.0,71,66,61,11439.941099135374,10425.91533661209,11150.403459394234,10298.538190853684,0.9113609280208685,0.9236022919132265,0.8591549295774648
2024-07-15 00:00:00,224.0,50.0,78,77,69,14223.292488448385,13182.100576695702,14007.86932641286,12987.547299741062,0.9267967024795208,0.9271607977704428,0.8846153846153846
2024-07-15 00:00:00,224.0,60.0,98,92,88,6428.080631351338,5683.064413090807,6160.929440112305,5614.710027344883,0.8840997397221648,0.9113413944962393,0.8979591836734694
2024-07-15 00:00:00,224.0,70.0,147,128,120,21308.91119986278,19698.068029017362,20695.607105547133,19498.80729258013,0.9244051863684245,0.9421713116767559,0.8163265306122449
2024-07-15 00:00:00,224.0,80.0,164,154,138,17381.77718828628,15750.567108466355,16713.56378966653,15353.455805376063,0.9061540104817815,0.9186225031712639,0.8414634146341463
2024-07-15 00:00:00,224.0,90.0,159,154,143,25380.159293320434,23340.82154290707,24680.73189589325,23133.273398255136,0.9196483470870067,0.9373009477933837,0.89937106918239
2024-07-15 00:00:00,224.0,100.0,192,175,165,22575.673658879197,21468.575214880297,21925.334132816122,21296.062099054903,0.9509605577788165,0.9712993184072222,0.859375
2024-07-15 00:00:00,224.0,110.0,195,178,167,140223.74911691202,128898.92685185035,139209.40418277032,128657.07949902967,0.919237487683919,0.9241981908787834,0.8564102564102564
2024-07-15 00:00:00,224.0,120.0,192,195,187,193982.7594895578,177604.73588481126,193685.26401796096,177490.27061965538,0.9155696947097601,0.9163849997550471,0.9739583333333334
2024-07-15 00:00:00,224.0,130.0,169,169,160,44781.14166399741,42262.35701798733,44437.90841195738,41931.47013635175,0.9437534517340118,0.9435968441095397,0.9467455621301775
2024-07-15 00:00:00,224.0,140.0,142,136,124,34744.51122033438,32854.39837451738,34174.4442960298,32446.918684545282,0.9455996708708684,0.9494497819329513,0.8732394366197183
2024-07-15 00:00:00,224.0,150.0,148,138,130,67875.29465075079,66069.95722071419,67039.91095845118,65975.55059624695,0.9734021422768641,0.9841234818634548,0.8783783783783784
2024-07-15 00:00:00,224.0,160.0,134,130,125,65155.821655524174,63132.79249715057,64872.99843339767,63055.65187510247,0.968950907118181,0.9719860866279985,0.9328358208955224
2024-07-15 00:00:00,224.0,170.0,106,98,92,32114.23224993726,31100.381591426907,31616.7025719996,31024.51529846326,0.9684298646587656,0.9812697964884929,0.8679245283018868
2024-07-15 00:00:00,224.0,180.0,72,73,64,15677.346822473206,15271.372140652165,15487.979571307324,14968.59210104974,0.9741043757966059,0.9664651242683849,0.8888888888888888
2024-07-15 00:00:00,224.0,190.0,117,111,109,170678.1592360745,168888.87915997862,170184.0633507145,168753.101392224,0.989516642995774,0.9915916806173467,0.9316239316239316
2024-07-15 00:00:00,224.0,200.0,94,93,89,110548.83142425075,105626.20071876902,110244.69138325515,105375.65427341679,0.9554709837990936,0.955834271485131,0.9468085106382979
2024-07-15 00:00:00,224.0,210.0,116,103,100,87361.17122327028,82722.43292231379,86293.71258153243,82685.2870154992,0.946901601294914,0.9581843745264303,0.8620689655172413
2024-07-15 00:00:00,224.0,220.0,47,51,43,5444.0552204257165,4660.228913701782,5329.271910492904,4545.8793468526155,0.8560216098133846,0.8530019528375251,0.9148936170212766
2024-07-15 00:00:00,224.0,230.0,52,49,43,4639.318087554703,4360.477959502952,4397.479551669107,4263.706047345459,0.9398963117446594,0.9695795050888019,0.8269230769230769
2024-07-15 00:00:00,224.0,240.0,42,40,37,2893.2850930300297,2765.2348546273342,2817.9165176236997,2726.283778433754,0.9557422672549033,0.9674820958616552,0.8809523809523809
2024-07-15 00:00:00,224.0,250.0,46,51,43,7700.964179499761,7233.453594922827,7601.64661996323,7082.6593854830035,0.9392919414141071,0.9317269980536484,0.9347826086956522
2024-07-15 00:00:00,224.0,260.0,30,27,25,1412.2841225762777,1369.7959022726054,1358.1123132264067,1341.3965863465803,0.9699152460723232,0.9876919407054666,0.8333333333333334
2024-07-15 00:00:00,224.0,270.0,27,24,20,1004.5126598813374,882.065209096778,918.7597426049314,827.4393695864375,0.8781026305840445,0.900604729633042,0.7407407407407407
2024-07-15 00:00:00,224.0,280.0,13,12,10,473.95230578556055,405.1421789547158,428.53078999427885,382.702817576973,0.8548163475715258,0.8930579237540489,0.7692307692307693
2024-07-15 00:00:00,224.0,290.0,25,22,22,1851.5913949523865,1676.722066061143,1805.7959735349282,1676.722066061143,0.9055572793393004,0.9285224303490294,0.88
2024-07-15 00:00:00,224.0,300.0,37,29,27,7450.197905925197,6828.84497748371,7111.143909452452,6711.460189185035,0.9165991378635296,0.9437947360710646,0.7297297297297297
2024-07-15 00:00:00,224.0,310.0,28,26,22,1734.2176741274168,1631.2555392251552,1652.3947550244206,1575.088448709292,0.940629059178475,0.9532155944697451,0.7857142857142857
2024-07-15 00:00:00,224.0,320.0,13,10,9,385.5687745393706,350.25771022140316,339.76423068510275,338.28010826159334,0.9084182468869458,0.9956319050403958,0.6923076923076923
2024-07-15 00:00:00,224.0,330.0,23,18,18,743.1286007740982,647.5616204153038,679.1768038841984,647.5616204153038,0.8713991356822429,0.9534507314029453,0.782608695652174
2024-07-15 00:00:00,224.0,340.0,9,11,9,371.39964541940344,410.49065604774137,371.39964541940344,387.6212820636261,1.1052532254956635,1.043677038587111,1.0
2024-07-15 00:00:00,224.0,350.0,24,21,20,3364.474632131193,3074.6287503515887,3241.491432613518,3040.553075308503,0.9138510723155595,0.9380105234018761,0.8333333333333334
2024-07-15 00:00:00,224.0,360.0,16,17,15,636.8290237201976,466.50283049634515,488.24738254670274,439.48273026297954,0.7325401530400594,0.9001230646043276,0.9375
2024-07-15 00:00:00,224.0,370.0,13,14,13,359.9529527528845,383.52150949617885,359.9529527528845,373.1970427116771,1.0654767701252188,1.0367939472575598,1.0
2024-07-15 00:00:00,224.0,380.0,27,25,24,29496.40914070713,27339.756207038812,29389.74831618085,27327.28703769444,0.9268842209443053,0.929823785617419,0.8888888888888888
2024-07-15 00:00:00,224.0,390.0,24,25,22,20091.298555174675,18632.040943363703,20059.707763335122,18599.05088308416,0.9273686761558213,0.9271845384048549,0.9166666666666666
2024-07-15 00:00:00,224.0,400.0,24,21,20,642.0315586788075,562.660936227836,580.2447476935121,549.6572586582813,0.876375823932545,0.9472851944686844,0.8333333333333334
2024-07-15 00:00:00,224.0,410.0,23,17,16,660.4875456507295,533.7075918783005,551.3190340290038,494.619807351632,0.8080509547723234,0.8971571391921344,0.6956521739130435
2024-07-15 00:00:00,224.0,420.0,39,29,27,3493.6668859663,3004.5991062270364,3285.3642827871986,2921.453549370469,0.8600130476938719,0.8892327601772064,0.6923076923076923
2024-07-15 00:00:00,224.0,430.0,59,57,52,3562.4566606135013,3230.5394731981914,3446.8849030923357,3149.462537759465,0.9068291297168652,0.9137127076491467,0.8813559322033898
2024-07-15 00:00:00,224.0,440.0,80,70,67,10684.455931546747,9554.929889010971,10257.551534069447,9519.851779046681,0.8942832419570607,0.9280822764991656,0.8375
2024-07-15 00:00:00,224.0,450.0,57,46,40,2566.8734009375994,2295.2041923947627,2138.5708165610313,2214.1779596291044,0.8941633785119265,1.0353540516323207,0.7017543859649122
2024-07-15 00:00:00,224.0,460.0,56,43,40,1944.0389074283974,1662.7059424360357,1654.6191472632624,1616.511451138551,0.8552842929648394,0.9769689017634411,0.7142857142857143
2024-07-15 00:00:00,224.0,470.0,106,89,78,9063.488392152603,8285.963460056104,8458.78738285999,7959.3848339130345,0.9142135016392032,0.9409605033980529,0.7358490566037735
2024-07-15 00:00:00,224.0,480.0,116,109,95,12474.816284213282,11864.93812278429,12022.207999611152,11668.6639038744,0.9511112510569967,0.9705924156570751,0.8189655172413793
2024-07-15 00:00:00,224.0,490.0,114,89,85,5032.285079107505,4449.5126857038995,4524.824804615155,4404.616252398416,0.8841932870967313,0.9734335455166948,0.7456140350877193
2024-07-15 08:00:00,232.0,0.0,3,3,3,88.60090665362532,82.22666508896387,88.60090665362532,82.22666508896387,0.9280567004852356,0.9280567004852356,1.0
2024-07-15 08:00:00,232.0,10.0,14,14,12,535.9440410801308,399.37588057484,507.39972855779496,379.15996546810345,0.7451820525328464,0.7472608756528247,0.8571428571428571
2024-07-15 08:00:00,232.0,20.0,30,28,27,2135.3655597825677,2045.9785664494118,2092.9126001114873,2035.7501381059521,0.9581397232320925,0.9726876019560061,0.9
2024-07-15 08:00:00,232.0,30.0,43,42,41,3178.9861020491253,3054.1629476315557,3156.7016425929432,3040.1475041919675,0.9607349166021485,0.9630772396008774,0.9534883720930233
2024-07-15 08:00:00,232.0,40.0,76,76,71,14426.301243463471,14202.994672376286,14307.199271059322,14118.567652964646,0.9845208714750522,0.9868156153751041,0.9342105263157895
2024-07-15 08:00:00,232.0,50.0,88,83,77,16660.596183270067,16272.771387930843,16440.7158714731,16174.987564786468,0.976722033769196,0.9838371814972054,0.875
2024-07-15 08:00:00,232.0,60.0,108,103,93,7470.868399126495,7029.269468698011,7048.921656353466,6815.961845787199,0.9408905488845023,0.966951000177979,0.8611111111111112
2024-07-15 08:00:00,232.0,70.0,165,144,135,24488.534738381986,24148.29175885995,23659.034508133245,23937.71405378987,0.9861060294886178,1.0117789906245254,0.8181818181818182
2024-07-15 08:00:00,232.0,80.0,181,169,152,20379.37063720319,19587.38612671734,19724.20581713575,19174.221242210773,0.9611379308721117,0.9721162626255315,0.8397790055248618
2024-07-15 08:00:00,232.0,90.0,175,172,157,29437.082072626512,28642.365815274185,28750.30296776075,28324.242167500623,0.9730028861083574,0.9851806500704396,0.8971428571428571
2024-07-15 08:00:00,232.0,100.0,211,188,174,26221.37279771223,25747.273330355332,25347.966626424226,25369.246312260122,0.9819193498748372,1.0008395026768622,0.8246445497630331
2024-07-15 08:00:00,232.0,110.0,211,203,194,157989.27794445778,150897.00144537567,157181.55070423643,150712.30622998677,0.955109127711974,0.958842214972019,0.919431279620853
2024-07-15 08:00:00,232.0,120.0,204,201,195,262513.68747551704,249861.8543821838,262307.1142197206,249775.3391227341,0.951805053614535,0.9522247990327501,0.9558823529411765
2024-07-15 08:00:00,232.0,130.0,190,182,174,49530.5152798487,47686.58107758824,49033.12901077729,47547.6137676404,0.962771754102654,0.9697038456833874,0.9157894736842105
2024-07-15 08:00:00,232.0,140.0,158,152,141,40680.23973160164,39920.863406387565,39910.43443911485,39763.28865883696,0.9813330420316041,0.9963131000114176,0.8924050632911392
2024-07-15 08:00:00,232.0,150.0,163,154,146,77038.64896278211,76898.92386858241,76230.70531537889,76753.91605136491,0.9981862987463966,1.0068635169230222,0.8957055214723927
2024-07-15 08:00:00,232.0,160.0,154,152,144,75861.62440748292,76204.45842924801,75593.45003403904,76080.77233925651,1.0045192022243499,1.0064466207720117,0.935064935064935
2024-07-15 08:00:00,232.0,170.0,117,114,106,39256.19374822771,38910.207897220236,38824.842513354524,38761.68458526066,0.9911864646576161,0.9983732599025446,0.905982905982906
2024-07-15 08:00:00,232.0,180.0,91,85,78,19026.465505535543,18693.78388042088,18533.38733899917,18569.340256178264,0.9825147962968807,1.001939899950369,0.8571428571428571
2024-07-15 08:00:00,232.0,190.0,122,113,112,188770.26639870863,191419.05103235724,187948.64362779132,191399.65137892004,1.0140317894559412,1.0183614400429672,0.9180327868852459
2024-07-15 08:00:00,232.0,200.0,104,98,97,138477.64073070168,136171.23246706423,138375.12568996797,136149.74633333227,0.9833445439172182,0.9839177789682974,0.9326923076923077
2024-07-15 08:00:00,232.0,210.0,117,110,105,110377.6798120555,107857.37387815418,109591.08492554563,107770.59131019235,0.9771665255313143,0.9833883055670989,0.8974358974358975
2024-07-15 08:00:00,232.0,220.0,53,58,50,6437.1497069076795,5670.690161929282,6328.029979012074,5546.020534698943,0.8809318440806321,0.8764213433079819,0.9433962264150944
2024-07-15 08:00:00,232.0,230.0,59,62,53,5188.915051589747,4993.36239895287,5118.273917800283,4874.517757991232,0.9623133833002401,0.9523753195464358,0.8983050847457628
2024-07-15 08:00:00,232.0,240.0,45,45,42,3670.4132020671263,3439.086118191601,3603.0960445520286,3380.056080701787,0.93697519294415,0.9380976912376555,0.9333333333333333
2024-07-15 08:00:00,232.0,250.0,58,53,50,9549.329753701537,9080.567687394307,9259.242519371168,9021.063113059243,0.9509115217090993,0.9742765776127332,0.8620689655172413
2024-07-15 08:00:00,232.0,260.0,31,29,27,1575.520318109758,1622.3326698625335,1526.2334275815936,1572.8074589268062,1.029712312316568,1.0305156671997493,0.8709677419354839
2024-07-15 08:00:00,232.0,270.0,39,35,31,1492.2511570215247,1329.9003674735777,1392.460236752135,1246.4458920188852,0.8912041121335146,0.895139307479384,0.7948717948717948
2024-07-15 08:00:00,232.0,280.0,18,14,14,610.8563274597984,517.7433935209888,559.7744584802881,517.7433935209888,0.8475698298386906,0.9249142858832681,0.7777777777777778
2024-07-15 08:00:00,232.0,290.0,29,28,25,2321.1288031980466,2119.314795152739,2241.251279253827,2084.4084276586636,0.9130535075144263,0.9300199611498358,0.8620689655172413
2024-07-15 08:00:00,232.0,300.0,41,40,36,8860.201071203606,8453.909224517112,8685.309449046563,8305.131558626474,0.9541441730925299,0.9562274789804037,0.8780487804878049
2024-07-15 08:00:00,232.0,310.0,30,31,27,2079.7865863926554,2000.1147201183614,2026.452918679144,1790.0081401998436,0.9616922876628015,0.8833208626265955,0.9
2024-07-15 08:00:00,232.0,320.0,14,14,11,497.33744731938634,519.3490192585389,453.51737913159405,480.98619045626845,1.0442588267941482,1.0605683764032865,0.7857142857142857
2024-07-15 08:00:00,232.0,330.0,29,23,21,999.7068757607733,918.008560482752,890.8069492943246,896.4023383384783,0.9182777299437406,1.0062812588615146,0.7241379310344828
2024-07-15 08:00:00,232.0,340.0,14,11,10,516.7600067614813,428.73857873646506,469.02875963665633,414.09398937137195,0.8296667178703635,0.8828754758922654,0.7142857142857143
2024-07-15 08:00:00,232.0,350.0,32,28,25,4268.615700107421,4077.938302200814,4149.667888592752,4029.625647229729,0.9553303901539302,0.9710718436786198,0.78125
2024-07-15 08:00:00,232.0,360.0,21,17,17,921.4323807981017,637.7582709185959,663.8254203169737,637.7582709185959,0.6921378977003169,0.9607319204710015,0.8095238095238095
2024-07-15 08:00:00,232.0,370.0,16,18,16,614.5443242743783,593.2161089065298,614.5443242743783,565.5053204180914,0.9652942602748278,0.9202026576127124,1.0
2024-07-15 08:00:00,232.0,380.0,33,32,31,35568.944397168074,33992.330055264116,35496.97414052649,33938.35484800061,0.9556744129288952,0.9560914886334939,0.9393939393939394
2024-07-15 08:00:00,232.0,390.0,27,29,25,26323.95695404983,25710.181246276992,26302.53017049554,25620.375603649318,0.9766837596321775,0.9740650590485239,0.9259259259259259
2024-07-15 08:00:00,232.0,400.0,32,30,27,891.2306572527882,797.1672018059724,821.8395718534863,764.5507569746868,0.8944566654195159,0.9302919732258735,0.84375
2024-07-15 08:00:00,232.0,410.0,26,24,22,860.4296993296316,709.3335022865962,781.9132035949519,687.4347103334125,0.8243944889852642,0.8791701011990054,0.8461538461538461
2024-07-15 08:00:00,232.0,420.0,47,37,35,4445.5536992112075,4063.3487131854395,4037.431779950219,4013.128269389769,0.9140253359005461,0.993980452950031,0.7446808510638298
2024-07-15 08:00:00,232.0,430.0,68,67,59,4593.098058017328,4394.109693651917,4451.178768993117,4235.795377645339,0.956676656615664,0.9516120554743526,0.8676470588235294
2024-07-15 08:00:00,232.0,440.0,92,83,79,13462.523969985967,12414.551981137443,13040.225672462006,12368.649893913145,0.9221563511281446,0.948499681261876,0.8586956521739131
2024-07-15 08:00:00,232.0,450.0,70,71,61,3345.4602951967404,3398.177429692857,3222.0901049099925,3043.30234236677,1.0157578120331618,0.9445118675387829,0.8714285714285714
2024-07-15 08:00:00,232.0,460.0,81,82,67,2741.52661377613,2594.695380611792,2491.365151019667,2391.810485035257,0.9464417990959807,0.9600401145758726,0.8271604938271605
2024-07-15 08:00:00,232.0,470.0,134,132,121,11865.78636078164,11771.683079840674,11598.51894618382,11591.481285638612,0.9920693599160024,0.9993932276545081,0.9029850746268657
2024-07-15 08:00:00,232.0,480.0,136,135,124,16119.537169532929,15859.35907521898,15879.459804175087,15681.812531707921,0.9838594562872621,0.9875532748025093,0.9117647058823529
2024-07-15 08:00:00,232.0,490.0,133,126,120,6772.645777470985,6387.146340168504,6501.189588200936,6310.1242655487185,0.9430799350846262,0.9706107136147847,0.9022556390977443
2024-07-15 16:00:00,240.0,0.0,3,3,2,99.11239731695002,90.45793304753698,85.61989322948529,80.35833725681601,0.912680305353355,0.9385475060268199,0.6666666666666666
2024-07-15 16:00:00,240.0,10.0,17,14,14,578.8016249552072,430.26187006254884,544.4159344718613,430.26187006254884,0.7433667279283231,0.7903182894158792,0.8235294117647058
2024-07-15 16:00:00,240.0,20.0,28,29,27,1712.1125881344199,1645.9594814979323,1697.360128868013,1615.5677456257577,0.9613617076967056,0.9518120039164562,0.9642857142857143
2024-07-15 16:00:00,240.0,30.0,37,40,33,3179.6950544449132,3132.695118174549,3097.136507563022,3025.498103591082,0.9852187283794203,0.9768694715919032,0.8918918918918919
2024-07-15 16:00:00,240.0,40.0,75,70,67,13840.227972243203,13626.59684515016,13683.451277018892,13532.499485295877,0.9845644791746578,0.9889682954492237,0.8933333333333333
2024-07-15 16:00:00,240.0,50.0,85,80,77,17696.300135301135,17213.326946148332,17487.73157764779,17156.902161847174,0.972707674177081,0.9810821995790768,0.9058823529411765
2024-07-15 16:00:00,240.0,60.0,98,97,94,7590.746680716488,7439.043354152488,7535.960642079072,7374.905724932209,0.9800147030397699,0.9786284821808158,0.9591836734693877
2024-07-15 16:00:00,240.0,70.0,146,130,126,25249.222575518805,25104.439522640147,24708.830188943095,24738.9616898397,0.9942658411582527,1.0012194628667646,0.863013698630137
2024-07-15 16:00:00,240.0,80.0,165,153,142,20683.23057846054,20264.17664284766,20120.597249541075,19971.18807052449,0.9797394350934092,0.9925743168970796,0.8606060606060606
2024-07-15 16:00:00,240.0,90.0,162,149,141,31198.484361651143,29716.79055155095,30603.865307996875,29550.225219635897,0.9525075066812708,0.9655716662664288,0.8703703703703703
2024-07-15 16:00:00,240.0,100.0,190,181,167,26637.08424777999,26450.23987265096,25814.425648449906,26139.933801902713,0.9929855545227477,1.0126095446741947,0.8789473684210526
2024-07-15 16:00:00,240.0,110.0,196,188,175,172554.6746977092,165094.56745674383,171536.64607702053,164768.49313987396,0.9567667045008522,0.9605439823388663,0.8928571428571429
2024-07-15 16:00:00,240.0,120.0,195,196,186,236611.77154503093,226751.8589821098,236430.88823401614,226586.80027750926,0.9583287319200658,0.958363782202758,0.9538461538461539
2024-07-15 16:00:00,240.0,130.0,174,163,158,53413.08530596124,51570.99904736714,52771.86188870382,51474.90649404936,0.9655124535861906,0.9754233535024832,0.9080459770114943
2024-07-15 16:00:00,240.0,140.0,146,128,124,41390.60845362113,41110.6888910923,40301.23339360453,41007.22248053707,0.9932371237585821,1.0175178034884802,0.8493150684931506
2024-07-15 16:00:00,240.0,150.0,157,147,139,81004.08368025522,81435.5961442992,79989.57390344715,81338.97858110405,1.0053270458036074,1.016869757042158,0.8853503184713376
2024-07-15 16:00:00,240.0,160.0,135,131,125,75352.60236168673,76227.82826951564,74270.56731514966,76122.60661313249,1.0116150720797656,1.0249363828086049,0.9259259259259259
2024-07-15 16:00:00,240.0,170.0,109,104,96,37710.79907724545,38015.978854005894,36995.42471917374,37890.470548989164,1.0080926361739333,1.0241934195001023,0.8807339449541285
2024-07-15 16:00:00,240.0,180.0,78,77,69,18109.31117926256,17627.580963379154,17668.39072437609,17510.721030693203,0.9733987554184254,0.9910761712177125,0.8846153846153846
2024-07-15 16:00:00,240.0,190.0,115,109,106,204396.68573023667,206952.8152635825,203587.44923890804,206908.27134278548,1.0125057288684192,1.0163115266500564,0.9217391304347826
2024-07-15 16:00:00,240.0,200.0,97,92,88,129369.64648692383,128422.79275565971,129099.32615952799,128375.97544932585,0.992681020958345,0.9943969443395212,0.9072164948453608
2024-07-15 16:00:00,240.0,210.0,113,109,105,103604.07730628531,100894.6303212829,103365.8887152607,100694.86849354715,0.9738480660660442,0.9741595582942131,0.9292035398230089
2024-07-15 16:00:00,240.0,220.0,48,49,45,6630.813730719205,6389.412178637688,6567.7841752626555,6269.180464573937,0.9635939777703071,0.954535090873814,0.9375
2024-07-15 16:00:00,240.0,230.0,55,47,44,5671.24856933032,5379.884296689763,5309.393664711971,5331.37142740235,0.9486243163073061,1.0041394110285042,0.8
2024-07-15 16:00:00,240.0,240.0,43,42,40,3680.130430062342,3454.8042194759896,3633.183062700028,3426.483661686625,0.9387722215642952,0.9431079036078648,0.9302325581395349
2024-07-15 16:00:00,240.0,250.0,56,50,48,9687.032724640158,9258.599014678772,9496.733943821604,9235.186808867295,0.9557724514678667,0.9724592542550413,0.8571428571428571
2024-07-15 16:00:00,240.0,260.0,31,29,27,1749.3506464756686,1712.6437506079208,1673.3476017759654,1682.478565747293,0.9790168449408931,1.0054567048481957,0.8709677419354839
2024-07-15 16:00:00,240.0,270.0,37,28,26,1491.8167436246265,1218.7993640064706,1270.7151450679123,1183.6410673298224,0.8169900017646853,0.93147632018391,0.7027027027027027
2024-07-15 16:00:00,240.0,280.0,20,14,12,674.8459164053683,586.4455115847643,566.44378051035,554.3726220673274,0.8690065351636456,0.9786895736905313,0.6
2024-07-15 16:00:00,240.0,290.0,27,25,23,2385.2837316237888,2202.97398337672,2305.6156335111737,2179.4336404259766,0.9235689466078901,0.9452718869306775,0.8518518518518519
2024-07-15 16:00:00,240.0,300.0,38,35,33,9193.742262471247,8861.542017758145,8968.826774148118,8790.314674757214,0.9638667002805659,0.9800963822932282,0.868421052631579
2024-07-15 16:00:00,240.0,310.0,30,30,29,2177.7163785949497,2051.7343474036957,2157.6014941155527,2039.3821590967425,0.942149477117614,0.9452079842634374,0.9666666666666667
2024-07-15 16:00:00,240.0,320.0,14,11,10,524.2582529184106,496.91080594391076,465.9836314516885,482.7448723251847,0.947835924714082,1.0359695915096407,0.7142857142857143
2024-07-15 16:00:00,240.0,330.0,31,25,22,1061.7465408816677,927.4787353532646,940.9155048557415,890.9727538127185,0.8735406235306329,0.9469211095095302,0.7096774193548387
2024-07-15 16:00:00,240.0,340.0,16,14,12,569.0264874783853,518.6676658399314,522.2785899678945,485.5530746769105,0.9115000395471629,0.9296821351737937,0.75
2024-07-15 16:00:00,240.0,350.0,35,31,30,4433.89047145106,4173.41666920185,4329.3576353004655,4149.29475182636,0.9412538934088811,0.9584088683258876,0.8571428571428571
2024-07-15 16:00:00,240.0,360.0,21,19,16,885.5881541630315,852.9357742691179,829.5698657567315,808.3988671800113,0.9631291591464733,0.9744795472320972,0.7619047619047619
2024-07-15 16:00:00,240.0,370.0,15,16,15,495.695527186219,480.5415564566505,495.695527186219,470.147788778092,0.9694288733739661,0.9484608252304656,1.0
2024-07-15 16:00:00,240.0,380.0,34,29,29,37404.66696244319,35892.13018971197,37275.39647619901,35892.13018971197,0.9595628862502664,0.9628906351842488,0.8529411764705882
2024-07-15 16:00:00,240.0,390.0,27,26,25,25058.00750207387,24761.920764433966,25037.334930076617,24750.53595670305,0.9881839472825045,0.9885451477094296,0.9259259259259259
2024-07-15 16:00:00,240.0,400.0,32,28,27,920.7327877902414,827.5958998109674,862.2206484579539,810.8595886079166,0.8988448231513482,0.9404316517565493,0.84375
2024-07-15 16:00:00,240.0,410.0,29,25,24,901.5544762521482,776.2197192015217,838.0932251616622,763.7542711816895,0.8609792748501948,0.9112998986889159,0.8275862068965517
2024-07-15 16:00:00,240.0,420.0,41,37,32,4283.767690158956,4033.51981650212,3999.5992420931443,3966.1212014700695,0.9415822958299708,0.9916296512233674,0.7804878048780488
2024-07-15 16:00:00,240.0,430.0,69,62,60,4620.7972304974155,4357.671241353788,4483.194213605427,4308.922863068916,0.943056148967761,0.9611278605759173,0.8695652173913043
2024-07-15 16:00:00,240.0,440.0,95,84,83,13305.471793485056,12644.291508759121,13078.808263769994,12633.094676182252,0.9503076407219413,0.9659209326569588,0.8736842105263158
2024-07-15 16:00:00,240.0,450.0,71,63,58,3410.452375359929,3033.183880148652,3165.3478165336724,2951.0195649856614,0.889378752819716,0.9322891941199944,0.8169014084507042
2024-07-15 16:00:00,240.0,460.0,87,72,65,2934.15272286178,2679.1717770699624,2610.664768420629,2589.438558258136,0.9130989522784192,0.9918694232904769,0.7471264367816092
2024-07-15 16:00:00,240.0,470.0,143,131,124,12060.786691961323,11827.862715371066,11784.655324246225,11743.606703689566,0.9806874972139666,0.9965167737683253,0.8671328671328671
2024-07-15 16:00:00,240.0,480.0,137,135,128,16151.989563730094,15780.932608016443,16038.462513052113,15656.447873748106,0.9770271671951254,0.9761813428816433,0.9343065693430657
2024-07-15 16:00:00,240.0,490.0,137,137,128,6726.658060728832,6628.255446408213,6599.637808312496,6439.488859399389,0.9853712477381439,0.9757336760645572,0.9343065693430657
2024-07-16 00:00:00,248.0,0.0,2,2,2,58.40984747690953,48.57876973200466,58.40984747690953,48.57876973200466,0.8316880086223256,0.8316880086223256,1.0
2024-07-16 00:00:00,248.0,10.0,12,9,8,369.95583138152614,220.5197063438451,321.2131135405286,209.0032004885456,0.5960703620222941,0.6506683310181075,0.6666666666666666
2024-07-16 00:00:00,248.0,20.0,25,21,19,1351.9035550603069,1168.0750757059127,1246.1975064883243,1145.5590183927363,0.8640224898689657,0.9192435488182139,0.76
2024-07-16 00:00:00,248.0,30.0,34,32,28,2422.7720872122027,2248.0168379036977,2349.295192872584,2140.578018882747,0.9278697116287197,0.9111575358332772,0.8235294117647058
2024-07-16 00:00:00,248.0,40.0,67,66,60,10929.395559568937,10349.318306683974,10678.501456467773,10269.974576056235,0.9469250381026706,0.9617430514874256,0.8955223880597015
2024-07-16 00:00:00,248.0,50.0,81,77,72,14027.060059341813,13274.396433079375,13845.098670008536,13211.826223283284,0.9463420258359003,0.9542601709226489,0.8888888888888888
2024-07-16 00:00:00,248.0,60.0,98,91,85,5894.4566150113305,5316.889101075749,5668.60081030293,5211.699847414021,0.9020151386873052,0.9193979293693655,0.8673469387755102
2024-07-16 00:00:00,248.0,70.0,141,122,111,20043.37914210812,18623.916116670676,19028.678754818866,18113.218035128077,0.9291804532871722,0.9518904737692859,0.7872340425531915
2024-07-16 00:00:00,248.0,80.0,157,154,138,16288.010618016528,15227.212405039518,15858.700623461034,14922.750273214013,0.9348724507949646,0.9409819018298134,0.8789808917197452
2024-07-16 00:00:00,248.0,90.0,156,148,139,24618.875748832084,22518.75447767209,23914.49920711769,22305.10434069843,0.9146946719831581,0.9327021296795438,0.8910256410256411
2024-07-16 00:00:00,248.0,100.0,184,170,155,21971.20183067219,21232.41040325445,21201.79061042889,20953.078766818428,0.9663745555153758,0.9882693000709043,0.842391304347826
2024-07-16 00:00:00,248.0,110.0,194,178,172,139835.8942115109,131575.16151285009,139278.93142847548,131183.2163248906,0.9409255202661635,0.941874086622051,0.8865979381443299
2024-07-16 00:00:00,248.0,120.0,195,191,182,196153.55349965693,182125.0571418075,195751.27963447975,181997.67917393433,0.9284820687284977,0.9297394096926105,0.9333333333333333
2024-07-16 00:00:00,248.0,130.0,165,162,156,44676.670700852585,42772.146886607305,44207.87251226741,42642.39027355203,0.9573709548100026,0.9645881570464409,0.9454545454545454
2024-07-16 00:00:00,248.0,140.0,145,134,124,34023.79899531312,32335.56116030077,33326.30051647756,32126.48041901915,0.9503806780881551,0.9639978011701245,0.8551724137931035
2024-07-16 00:00:00,248.0,150.0,150,138,131,67247.92542529252,66462.74287294071,66504.92004579765,66327.90060448885,0.9883240628259368,0.9973382504454272,0.8733333333333333
2024-07-16 00:00:00,248.0,160.0,132,130,124,64728.411659116886,64185.6757390688,64516.4353602183,64037.79141573423,0.9916151824811286,0.9925810540862708,0.9393939393939394
2024-07-16 00:00:00,248.0,170.0,105,98,90,31963.65794273234,31051.851519581367,31357.737387732508,30649.457649128817,0.9714736522088738,0.9774129195022605,0.8571428571428571
2024-07-16 00:00:00,248.0,180.0,75,75,66,15972.041136946482,15221.857805735759,15313.840357057368,15024.87019549239,0.9530314676265514,0.9811301309908323,0.88
2024-07-16 00:00:00,248.0,190.0,116,108,106,170397.1155190062,169725.65493067732,169973.49439104728,169636.43825724456,0.9960594368849278,0.998017007681049,0.9137931034482759
2024-07-16 00:00:00,248.0,200.0,98,92,90,109770.65617205444,105728.41533251182,109468.66453534359,105699.59844356278,0.9631755791528949,0.9655694521552886,0.9183673469387755
2024-07-16 00:00:00,248.0,210.0,111,103,101,87516.91628065179,83347.09186863553,87043.05111364357,83273.73433277784,0.9523540751979384,0.9566959483538267,0.9099099099099099
2024-07-16 00:00:00,248.0,220.0,47,45,41,5480.284479283686,5297.931948090223,5334.794967266212,5252.341054096954,0.9667257180019061,0.9845441270610799,0.8723404255319149
2024-07-16 00:00:00,248.0,230.0,53,51,44,4520.414366767567,4318.64307478527,4223.490268867829,4201.334805801981,0.9553644255567264,0.9947542289302379,0.8301886792452831
2024-07-16 00:00:00,248.0,240.0,43,42,37,2893.48997078477,2657.654501749773,2743.916996085077,2573.4142443660817,0.9184944577599369,0.9378615490329109,0.8604651162790697
2024-07-16 00:00:00,248.0,250.0,44,46,40,7467.840859626623,6919.817117978607,7381.453773982436,6809.181830125792,0.9266155034702472,0.9224716483528295,0.9090909090909091
2024-07-16 00:00:00,248.0,260.0,29,27,24,1313.947348196894,1396.8169729173048,1236.6430237168188,1357.375683238019,1.0630692126546253,1.0976293539895852,0.8275862068965517
2024-07-16 00:00:00,248.0,270.0,27,21,18,984.2284117468267,874.5270744347129,845.6569849327658,834.1891688412537,0.888540773663083,0.9864391635192089,0.6666666666666666
2024-07-16 00:00:00,248.0,280.0,13,10,9,438.4811155822324,423.9548389129792,385.41450664908683,411.96349553323444,0.9668713744947381,1.0688842491035762,0.6923076923076923
2024-07-16 00:00:00,248.0,290.0,24,24,21,1816.6148534209071,1776.2474422893397,1750.9940299814778,1658.0647088467035,0.9777787729437802,0.9469276767689737,0.875
2024-07-16 00:00:00,248.0,300.0,34,35,28,7525.831708214381,7071.66690689763,7319.911063803132,6871.207738711453,0.9396525435426579,0.9387009867769418,0.8235294117647058
2024-07-16 00:00:00,248.0,310.0,26,22,21,1637.3796863496689,1457.269342898113,1575.7701413558536,1441.4564896146815,0.890000868489404,0.9147631699471069,0.8076923076923077
2024-07-16 00:00:00,248.0,320.0,9,11,9,336.87234174481085,369.6943181045738,336.87234174481085,347.95195023154764,1.097431496423136,1.0328896353715196,1.0
2024-07-16 00:00:00,248.0,330.0,23,18,17,726.9869870084101,639.8087683877413,648.5151163314142,617.2429806359636,0.8800828347981692,0.951778863887778,0.7391304347826086
2024-07-16 00:00:00,248.0,340.0,9,9,9,362.8010427458846,360.5634602659134,362.8010427458846,360.5634602659134,0.9938324805710703,0.9938324805710703,1.0
2024-07-16 00:00:00,248.0,350.0,24,28,22,3373.401729478216,3156.211764632125,3351.4518991323457,3045.1734984331124,0.9356169284706908,0.9086132190115795,0.9166666666666666
2024-07-16 00:00:00,248.0,360.0,16,18,16,677.5495517299573,637.4851935352488,677.5495517299573,610.3495199493805,0.9408687407549543,0.9008190152159381,1.0
2024-07-16 00:00:00,248.0,370.0,14,13,13,393.7594022698727,358.04498931371063,382.88137351360575,358.04498931371063,0.9092988948320165,0.9351329526114632,0.9285714285714286
2024-07-16 00:00:00,248.0,380.0,27,25,25,29556.662984401457,28288.09852626868,29509.925316075,28288.09852626868,0.9570802543303938,0.9585960731272759,0.9259259259259259
2024-07-16 00:00:00,248.0,390.0,23,25,23,20277.05677792944,19660.038822708026,20277.05677792944,19606.37872608702,0.9695706353254874,0.9669242898913999,1.0
2024-07-16 00:00:00,248.0,400.0,25,23,22,623.0913338964239,604.7456905875055,591.5461833631334,593.4937931861414,0.970557055906722,1.0032924053569836,0.88
2024-07-16 00:00:00,248.0,410.0,24,18,18,652.6383924602621,506.6086628400193,577.7608781868475,506.6086628400193,0.7762471051239385,0.8768483328775721,0.75
2024-07-16 00:00:00,248.0,420.0,39,34,30,3450.0894867014413,3109.1413600838014,3304.3705708329285,3057.12239596785,0.9011770193405583,0.9251754094872129,0.7692307692307693
2024-07-16 00:00:00,248.0,430.0,58,53,51,3506.230056581412,2975.3659441907716,3386.3289713377435,2920.933882780538,0.8485940443656356,0.8625664864529229,0.8793103448275862
2024-07-16 00:00:00,248.0,440.0,79,73,66,10434.547297805126,9525.943652457523,10182.988231486537,9445.922574332875,0.9129235203583078,0.9276179407853383,0.8354430379746836
2024-07-16 00:00:00,248.0,450.0,53,53,45,2505.949544518699,2392.047554853729,2385.3991736924304,2278.904254502843,0.9545473731048936,0.9553555143457433,0.8490566037735849
2024-07-16 00:00:00,248.0,460.0,51,58,45,1835.1471273927168,1968.9709448811716,1737.087315011671,1746.7744880327757,1.0729226640692209,1.0055766759318252,0.8823529411764706
2024-07-16 00:00:00,248.0,470.0,104,115,98,8925.53695324419,9003.208373201933,8694.08274640936,8799.872277684968,1.0087021565609575,1.0121679922265865,0.9423076923076923
2024-07-16 00:00:00,248.0,480.0,113,120,105,12481.319375616788,12275.200802112397,12268.435011978409,12050.025205028887,0.9834858345258708,0.9821974190892094,0.9292035398230089
2024-07-16 00:00:00,248.0,490.0,112,117,103,4966.083225171738,4953.255142829993,4816.642234687356,4788.864977393359,0.9974168611841374,0.9942330661193898,0.9196428571428571
2024-07-16 08:00:00,256.0,0.0,2,3,2,83.48886596830195,90.2822011977831,83.48886596830195,79.31550081450757,1.0813681579057541,0.9500129136335512,1.0
2024-07-16 08:00:00,256.0,10.0,14,13,12,517.3239646286995,369.5311114769164,491.01597782027693,359.36626317008387,0.714312764811004,0.7318830331456548,0.8571428571428571
2024-07-16 08:00:00,256.0,20.0,30,30,29,2089.8009783491684,1974.177733684807,2079.777192978563,1962.9198766860702,0.9446726047780408,0.9438125792094416,0.9666666666666667
2024-07-16 08:00:00,256.0,30.0,43,42,36,3107.0641341487217,3013.5372038314495,2992.7771829647486,2937.4938700677685,0.9698986160957064,0.9815277551527526,0.8372093023255814
2024-07-16 08:00:00,256.0,40.0,75,77,67,14041.739388842305,14048.323057415542,13887.53181882625,13859.370401440388,1.000468864176362,0.9979721798118449,0.8933333333333333
2024-07-16 08:00:00,256.0,50.0,89,89,81,16465.0449582477,15970.605114231026,16201.55630749968,15794.285560010992,0.9699703313734956,0.9748622453449016,0.9101123595505618
2024-07-16 08:00:00,256.0,60.0,111,108,98,7194.0687215378175,6944.011830221337,6928.36382804788,6769.624322727223,0.9652412423351124,0.977088457064273,0.8828828828828829
2024-07-16 08:00:00,256.0,70.0,164,161,148,23850.28846767108,23851.26383288583,23412.579816800222,23490.21214239873,1.0000408953214999,1.0033158381607652,0.9024390243902439
2024-07-16 08:00:00,256.0,80.0,188,174,163,19837.29111737881,19234.861994435298,19349.161377104967,18954.596411532053,0.969631482475158,0.9796081619309979,0.8670212765957447
2024-07-16 08:00:00,256.0,90.0,174,168,157,28888.3238019574,27553.80165647837,28415.81390104888,27337.325940856717,0.9538040990322669,0.9620462055407691,0.9022988505747126
2024-07-16 08:00:00,256.0,100.0,212,190,179,25786.559993465664,25831.344244011976,24943.50460639379,25655.92361601464,1.0017367283793441,1.0285613036685404,0.8443396226415094
2024-07-16 08:00:00,256.0,110.0,211,199,189,156674.3649015411,150104.84003773224,155818.66191565958,149903.34903414495,0.9580689229668342,0.9620371988259248,0.8957345971563981
2024-07-16 08:00:00,256.0,120.0,204,208,199,263668.72132506577,249777.97395049589,263536.2742530952,249626.17711506953,0.9473174242861951,0.9472175237452637,0.9754901960784313
2024-07-16 08:00:00,256.0,130.0,194,186,177,49325.066795030456,47847.38234071428,48866.69976893684,47611.4640083051,0.9700419168116553,0.9743130645906711,0.9123711340206185
2024-07-16 08:00:00,256.0,140.0,160,152,140,40350.046653586534,40035.17001947557,39907.931833331146,39773.200731533565,0.9921963749679338,0.9966239517908304,0.875
2024-07-16 08:00:00,256.0,150.0,163,153,143,76524.43088766062,76673.34679003371,76006.45817496037,76525.46095106585,1.001945991634903,1.00682840364579,0.8773006134969326
2024-07-16 08:00:00,256.0,160.0,156,155,144,76016.79536030411,75850.09885700485,75540.19065938922,75592.66010574924,0.9978071095669168,1.0006945898057975,0.9230769230769231
2024-07-16 08:00:00,256.0,170.0,125,119,108,39158.076138980075,38598.435579875564,37861.618383467896,38381.51257120673,0.9857081702094292,1.0137314306660976,0.864
2024-07-16 08:00:00,256.0,180.0,91,90,82,19114.68531140086,19334.378845726616,18689.298137164395,19047.29425312373,1.0114934423845692,1.0191551396597098,0.9010989010989011
2024-07-16 08:00:00,256.0,190.0,127,115,111,188095.71711553674,188843.85876181343,186961.7754326947,188782.02858576342,1.0039774517875766,1.0097359642036776,0.8740157480314961
2024-07-16 08:00:00,256.0,200.0,104,102,97,137995.62549927138,136347.8090206157,137620.27609041028,136236.11227752105,0.9880589223557353,0.9899421520417537,0.9326923076923077
2024-07-16 08:00:00,256.0,210.0,121,114,109,110214.33742491825,108134.85040862105,109644.80458545397,107939.04817980203,0.9811323366371111,0.9844428889074948,0.9008264462809917
2024-07-16 08:00:00,256.0,220.0,57,56,54,6506.090658457776,6004.05593156418,6420.208613283147,5980.470864485056,0.9228361925389156,0.9315072491743817,0.9473684210526315
2024-07-16 08:00:00,256.0,230.0,63,57,51,5125.893479225554,5046.660740310798,4926.337937595053,4961.034904735497,0.9845426481771669,1.0070431561090554,0.8095238095238095
2024-07-16 08:00:00,256.0,240.0,47,45,42,3625.9964254114007,3473.1166107422014,3558.1316316935045,3414.0770203678694,0.9578378473851216,0.9595139735577821,0.8936170212765957
2024-07-16 08:00:00,256.0,250.0,57,56,51,9495.976093419175,9082.35153231081,9423.070765859457,8995.335905401687,0.9564421227434416,0.9546076994340861,0.8947368421052632
2024-07-16 08:00:00,256.0,260.0,30,30,28,1561.5336450522495,1694.5190448588392,1530.186464530715,1618.027423122484,1.085163326597513,1.057405395112228,0.9333333333333333
2024-07-16 08:00:00,256.0,270.0,40,35,30,1484.4000239584418,1421.447807191577,1330.5642879333993,1342.1760040796926,0.957590800491238,1.0087269110193302,0.75
2024-07-16 08:00:00,256.0,280.0,20,14,13,623.0081367124471,533.6501242274146,533.4970631734066,520.8667458070249,0.856570071529778,0.9763254228781456,0.65
2024-07-16 08:00:00,256.0,290.0,29,27,23,2281.274817142251,2135.6037636648584,2173.374481637364,2091.0112358902047,0.936144890399538,0.9621035185408503,0.7931034482758621
2024-07-16 08:00:00,256.0,300.0,39,39,35,8852.256961293699,8457.50985914422,8696.430917927559,8380.078911248373,0.9554071799005043,0.96362277701453,0.8974358974358975
2024-07-16 08:00:00,256.0,310.0,33,30,26,2113.3452487734735,1922.2041766229538,1994.0833126674288,1866.562640858731,0.9095552076682915,0.9360504794365301,0.7878787878787878
2024-07-16 08:00:00,256.0,320.0,14,14,11,497.8359098792769,525.1536037807243,459.60908159252506,487.25243474817955,1.0548728875505824,1.0601453588773126,0.7857142857142857
2024-07-16 08:00:00,256.0,330.0,27,26,21,954.1010673461794,943.0843366988169,885.5126533620532,887.3925956561434,0.9884532875767497,1.0021229987927924,0.7777777777777778
2024-07-16 08:00:00,256.0,340.0,12,14,10,479.7281847192314,495.10031130139066,450.8853434395257,450.334045239007,1.0320434093134554,0.9987772984672486,0.8333333333333334
2024-07-16 08:00:00,256.0,350.0,33,30,26,4223.423646864807,4017.398362576803,4128.437952386624,3933.744965876006,0.9512184186303584,0.9528410045746075,0.7878787878787878
2024-07-16 08:00:00,256.0,360.0,20,19,19,901.8685261710386,847.8413502667601,861.8600605486278,847.8413502667601,0.9400941774366429,0.9837343544229862,0.95
2024-07-16 08:00:00,256.0,370.0,17,18,17,631.1253446527886,646.1919330646276,631.1253446527886,635.1010777280159,1.0238725770395545,1.0062994349837344,1.0
2024-07-16 08:00:00,256.0,380.0,33,33,30,35653.35068144705,33951.655091147375,35575.11501299732,33903.476929884244,0.9522710893148904,0.9530110280036385,0.9090909090909091
2024-07-16 08:00:00,256.0,390.0,26,29,25,26433.5774061912,26107.90454229106,26421.731682545913,26039.719427762764,0.9876795766650993,0.9855417404365096,0.9615384615384616
2024-07-16 08:00:00,256.0,400.0,30,30,26,865.1338487858716,866.7269091363751,815.7859413059447,812.3969940546169,1.001841403330524,0.9958457886073612,0.8666666666666667
2024-07-16 08:00:00,256.0,410.0,28,27,23,871.7048692351418,821.9630357983449,816.2578402558909,742.0014111139404,0.9429373000056295,0.9090282194181785,0.8214285714285714
2024-07-16 08:00:00,256.0,420.0,48,41,38,4444.551641219947,4032.887554840294,4263.582810390871,3932.975382387991,0.9073778145444927,0.9224578382300563,0.7916666666666666
2024-07-16 08:00:00,256.0,430.0,69,63,58,4583.97930275264,4054.5703752646887,4399.721085983464,3962.16536655895,0.8845088748175529,0.900549214172128,0.8405797101449275
2024-07-16 08:00:00,256.0,440.0,91,91,84,13236.113068805536,12627.910409023043,13006.072938171395,12527.348053107742,0.9540497533814601,0.9631922035698687,0.9230769230769231
2024-07-16 08:00:00,256.0,450.0,73,67,61,3417.4112970040496,3227.993116690635,3178.284737629302,3138.4911512210865,0.9445726124685453,0.987479540162944,0.8356164383561644
2024-07-16 08:00:00,256.0,460.0,78,84,67,2662.654620977668,2628.261349456399,2470.9332400692274,2403.5060602422236,0.987083089466316,0.972711856907508,0.8589743589743589
2024-07-16 08:00:00,256.0,470.0,130,134,118,11868.389132991313,11951.893365497548,11648.235462695042,11748.813224218606,1.0070358522601954,1.0086345920672428,0.9076923076923077
2024-07-16 08:00:00,256.0,480.0,142,142,125,16133.738274432457,15953.344852226815,15806.188694268996,15736.470400597214,0.9888188701752082,0.9955891774405389,0.8802816901408451
2024-07-16 08:00:00,256.0,490.0,136,139,129,6804.026307623293,6693.1422898108385,6636.317848264091,6548.279231726176,0.9837031762078552,0.9867338155659703,0.9485294117647058
2024-07-16 16:00:00,264.0,0.0,3,3,3,100.9639011026566,90.57850074808458,100.9639011026566,90.57850074808458,0.8971374893288592,0.8971374893288592,1.0
2024-07-16 16:00:00,264.0,10.0,18,14,14,570.3607104483684,444.3581116541821,527.1969169996476,444.3581116541821,0.7790826112564206,0.8428693289465484,0.7777777777777778
2024-07-16 16:00:00,264.0,20.0,26,29,26,1672.9782979927113,1625.6228106384817,1672.9782979927113,1554.709756822022,0.9716939021796946,0.9293065897432193,1.0
2024-07-16 16:00:00,264.0,30.0,35,38,31,3109.3132403104555,3042.811286775811,3027.020791758882,2886.6934639506726,0.9786120122371446,0.9536417694287885,0.8857142857142857
2024-07-16 16:00:00,264.0,40.0,74,71,64,13671.784957358179,13647.025462871577,13387.062279994052,13549.357725007385,0.9981890079046866,1.012123305443635,0.8648648648648649
2024-07-16 16:00:00,264.0,50.0,84,85,76,17502.03571732539,17108.791375857127,17276.43863284015,16943.317700287495,0.9775315084588139,0.9807181943204755,0.9047619047619048
2024-07-16 16:00:00,264.0,60.0,96,91,86,7440.939093045913,7147.849873157093,7170.118060806821,7014.410570729762,0.9606112593822017,0.9782838317644749,0.8958333333333334
2024-07-16 16:00:00,264.0,70.0,146,134,124,25000.50489287191,24614.156660494882,24402.075228888512,24257.466312854947,0.9845463828017655,0.9940739090967817,0.8493150684931506
2024-07-16 16:00:00,264.0,80.0,165,159,147,20516.100397848197,20389.40916381054,19905.6239809585,20060.93096985003,0.9938247897221761,1.0078021663144092,0.8909090909090909
2024-07-16 16:00:00,264.0,90.0,166,151,143,31110.930396894157,29711.049645551473,30393.46207944058,29566.43359964408,0.9550035716230963,0.9727892637688045,0.8614457831325302
2024-07-16 16:00:00,264.0,100.0,195,172,166,26402.54775824923,26442.788270649966,25477.737114097297,26311.82326423243,1.001524114747152,1.032737842705568,0.8512820512820513
2024-07-16 16:00:00,264.0,110.0,196,188,180,172578.2824736411,165767.71190680578,171838.27599152585,165475.72947600682,0.9605363405567816,0.9629736362355451,0.9183673469387755
2024-07-16 16:00:00,264.0,120.0,199,198,190,237737.2995706853,226692.3803124551,237561.0555626987,226517.58152810473,0.9535414961044163,0.9535131126251487,0.9547738693467337
2024-07-16 16:00:00,264.0,130.0,172,167,159,53418.69844613582,51940.20910345025,53032.96076008973,51732.98209105023,0.9723226251164395,0.9754873450320767,0.9244186046511628
2024-07-16 16:00:00,264.0,140.0,148,134,128,41219.830593554856,41471.62379489423,40613.25102529365,41223.16057996766,1.0061085452733216,1.0150175014133729,0.8648648648648649
2024-07-16 16:00:00,264.0,150.0,153,143,133,80815.64615443518,81225.85259484351,80134.49769895928,80890.07442317651,1.0050758294950022,1.009428857057989,0.869281045751634
2024-07-16 16:00:00,264.0,160.0,132,128,122,75335.24314267609,74728.45309646244,74043.8342963711,74620.23039073893,0.9919454690673201,1.007784525205174,0.9242424242424242
2024-07-16 16:00:00,264.0,170.0,107,104,98,37664.79843174877,38322.11757507798,37172.52141678012,38248.76831145116,1.0174518163032338,1.0289527547137336,0.9158878504672897
2024-07-16 16:00:00,264.0,180.0,81,76,68,18029.016863729586,18866.99550489242,17827.26786392825,18705.955012701335,1.0464794418628929,1.0492889407103723,0.8395061728395061
2024-07-16 16:00:00,264.0,190.0,114,107,105,204167.47410311436,205264.05212472996,202392.9076565226,205190.93390634615,1.0053709731505116,1.0138247248000014,0.9210526315789473
2024-07-16 16:00:00,264.0,200.0,95,95,90,129241.17916898122,128567.8520653102,129010.5159451124,128432.8688514249,0.9947901504149026,0.9955224805555132,0.9473684210526315
2024-07-16 16:00:00,264.0,210.0,112,106,102,103346.16474851707,100894.54027400223,102906.16141463986,100827.11425567168,0.9762775475947207,0.9797966697971457,0.9107142857142857
2024-07-16 16:00:00,264.0,220.0,48,52,45,6640.833709216325,6383.355531071904,6571.738881875033,6204.531984095891,0.9612280340965192,0.9441233280293736,0.9375
2024-07-16 16:00:00,264.0,230.0,52,53,44,5563.4512262677,5547.037883691866,5243.7087624342985,5364.553109278323,0.9970497912342003,1.023045587068021,0.8461538461538461
2024-07-16 16:00:00,264.0,240.0,45,43,41,3608.767214564419,3413.3339543470584,3535.802676617671,3372.914507410394,0.9458448692870455,0.9539317704903446,0.9111111111111111
2024-07-16 16:00:00,264.0,250.0,53,50,47,9532.594531613011,9347.074182932838,9445.475792281773,9296.70559934537,0.9805383153489923,0.9842495818942262,0.8867924528301887
2024-07-16 16:00:00,264.0,260.0,31,24,24,1715.9058153712053,1820.2215456007073,1593.615858651048,1820.2215456007073,1.0607933892962156,1.1421959286609225,0.7741935483870968
2024-07-16 16:00:00,264.0,270.0,35,29,26,1450.0833329129982,1290.5167276775423,1277.6996512793567,1252.8265245700002,0.8899603894385085,0.980532884481536,0.7428571428571429
2024-07-16 16:00:00,264.0,280.0,20,16,14,653.2527096386705,609.7762789573115,564.6710389271426,585.4355069152433,0.9334462298588754,1.0367726810065425,0.7
2024-07-16 16:00:00,264.0,290.0,27,24,24,2355.482812677691,2264.203294141386,2301.954477802291,2264.203294141386,0.9612480642843072,0.9836003778419864,0.8888888888888888
2024-07-16 16:00:00,264.0,300.0,36,33,31,9225.661234789643,8854.252109585705,8801.850002739999,8782.863636825843,0.9597417338712408,0.9978429118982662,0.8611111111111112
2024-07-16 16:00:00,264.0,310.0,28,26,25,2125.1387904380613,2029.9137893351792,2077.519674397535,2019.237152944335,0.9551911613813924,0.97194610372578,0.8928571428571429
2024-07-16 16:00:00,264.0,320.0,17,15,14,532.0108019182511,519.3381746646537,495.4044634468123,503.1215491313065,0.9761797557344621,1.01557734387535,0.8235294117647058
2024-07-16 16:00:00,264.0,330.0,27,25,24,952.135110424747,961.2252033988146,901.6527742061415,929.8101496084884,1.0095470620446005,1.0312286239313553,0.8888888888888888
2024-07-16 16:00:00,264.0,340.0,16,18,15,541.8726843465688,575.3191473728514,531.3498100166692,543.1558987862153,1.0617238402902978,1.022219051455341,0.9375
2024-07-16 16:00:00,264.0,350.0,34,32,28,4375.502261754917,4209.985245195106,4284.736465894388,4159.861500137944,0.9621718818416458,0.9708558585223566,0.8235294117647058
2024-07-16 16:00:00,264.0,360.0,19,19,16,804.6941403746662,734.5638190227553,634.1318218116261,689.8961632800095,0.9128484751743586,1.0879380903943165,0.8421052631578947
2024-07-16 16:00:00,264.0,370.0,16,18,15,498.8371170995098,532.0996148803481,488.7854096457055,497.69343348509295,1.066680077806245,1.0182248153557703,0.9375
2024-07-16 16:00:00,264.0,380.0,33,29,29,37441.38310226212,35292.71802097286,37323.56035898248,35292.71802097286,0.9426125612021142,0.9455881936643574,0.8787878787878788
2024-07-16 16:00:00,264.0,390.0,27,27,25,25117.424135400244,25208.870763303337,24971.84941966356,25186.964825755236,1.0036407645708467,1.0086143161636354,0.9259259259259259
2024-07-16 16:00:00,264.0,400.0,30,29,26,899.4146205718534,872.6474361723575,848.0935020316813,812.8448918923364,0.970239327016413,0.9584378254816198,0.8666666666666667
2024-07-16 16:00:00,264.0,410.0,28,30,26,891.1047349341834,936.945074987514,868.6540005434013,889.4434905636784,1.0514421461992527,1.0239329928916139,0.9285714285714286
2024-07-16 16:00:00,264.0,420.0,44,41,38,4340.724649155669,4120.751674692462,4245.35631867454,4084.7487349412627,0.9493234442995607,0.9621686445901387,0.8636363636363636
2024-07-16 16:00:00,264.0,430.0,70,64,63,4579.841590339438,4259.248048207395,4486.234907865148,4234.359770629866,0.9299989888715164,0.9438560078979144,0.9
2024-07-16 16:00:00,264.0,440.0,91,87,83,13352.236183449148,12789.77178337117,13074.987701309723,12716.473090223462,0.9578748913402847,0.9725801186757256,0.9120879120879121
2024-07-16 16:00:00,264.0,450.0,70,71,65,3319.134143717997,3214.0065685400755,3241.8379929182247,3071.358087236093,0.9683268073461591,0.94741257704594,0.9285714285714286
2024-07-16 16:00:00,264.0,460.0,86,84,74,2885.2710651015077,2911.8415994008033,2727.31758993146,2772.551129691935,1.0092090253219799,1.0165853584223066,0.8604651162790697
2024-07-16 16:00:00,264.0,470.0,145,144,138,12192.683940751802,12200.665706943531,12098.14100028192,12127.273757046689,1.0006546357004344,1.0024080358101373,0.9517241379310345
2024-07-16 16:00:00,264.0,480.0,136,142,130,16372.182642710506,16119.539369828837,16296.13639834247,15845.678604439629,0.9845687481996083,0.9723580005166955,0.9558823529411765
2024-07-16 16:00:00,264.0,490.0,142,135,131,6937.503534281646,6780.885459042132,6752.999939147936,6660.059743079393,0.9774244330881294,0.986237198740406,0.9225352112676056
2024-07-17 00:00:00,272.0,0.0,2,2,2,59.56942615592898,50.01334251291573,59.56942615592898,50.01334251291573,0.8395807336132592,0.8395807336132592,1.0
2024-07-17 00:00:00,272.0,10.0,13,10,10,380.9972842941964,269.761483981502,348.9402642259778,269.761483981502,0.708040437824221,0.7730878652822976,0.7692307692307693
2024-07-17 00:00:00,272.0,20.0,25,24,22,1335.9682331093954,1173.9213666484186,1292.8131704782854,1148.7278078951715,0.8787045511674919,0.8885489675744807,0.88
2024-07-17 00:00:00,272.0,30.0,33,34,29,2381.4047193301017,2298.3654822266158,2323.9904718983976,2208.1492160964326,0.9651301450654531,0.9501541606117956,0.8787878787878788
2024-07-17 00:00:00,272.0,40.0,67,66,61,10942.584778132954,10439.462155963967,10760.996109137664,10365.998563773022,0.9540215924875082,0.9632935890545271,0.9104477611940298
2024-07-17 00:00:00,272.0,50.0,77,75,68,13873.973401480773,13040.052786641578,13564.849674978459,12760.36127823295,0.9398931660954323,0.9406931579765709,0.8831168831168831
2024-07-17 00:00:00,272.0,60.0,98,88,81,5859.926538600311,5092.977858556327,5478.385272296457,4943.661250748018,0.8691197449333256,0.902393863342822,0.826530612244898
2024-07-17 00:00:00,272.0,70.0,143,122,107,19841.965470660412,18401.440618301407,18745.661805776756,17988.501626718327,0.9274000927736188,0.9596087784521378,0.7482517482517482
2024-07-17 00:00:00,272.0,80.0,165,154,141,16233.990309377836,15037.12624789526,15826.350392710858,14791.429925037926,0.9262741914542608,0.9346077622450729,0.8545454545454545
2024-07-17 00:00:00,272.0,90.0,156,150,139,24256.18028144864,22696.13580413835,23947.319722590546,22552.202783355064,0.935684660189328,0.9417422510996332,0.8910256410256411
2024-07-17 00:00:00,272.0,100.0,184,177,160,21895.70585686181,21413.4818607163,21210.427121398978,21002.79966048533,0.9779763210513541,0.9902110664851168,0.8695652173913043
2024-07-17 00:00:00,272.0,110.0,196,184,178,139533.45017888915,130427.5149189615,138777.75908857048,130311.38856622764,0.9347401268423209,0.9389933186848806,0.9081632653061225
2024-07-17 00:00:00,272.0,120.0,194,196,184,194703.88180632936,181756.2496455494,194488.95862912867,181535.21532026504,0.9335009038306751,0.9333959963579982,0.9484536082474226
2024-07-17 00:00:00,272.0,130.0,167,171,161,44528.49568247139,43362.941313504896,44416.28158981295,42978.93227305824,0.973824528515898,0.9676391344500939,0.9640718562874252
2024-07-17 00:00:00,272.0,140.0,146,133,124,33807.7202373793,32374.774234207394,33266.93200945293,32167.497993885205,0.9576148290061992,0.9669511449010291,0.8493150684931506
2024-07-17 00:00:00,272.0,150.0,149,146,136,66374.1502019366,65772.02656442951,66014.93591118645,65457.02030589777,0.9909283412943867,0.9915486458088929,0.912751677852349
2024-07-17 00:00:00,272.0,160.0,135,134,128,64349.381252190506,62822.69614447782,64073.49457768244,62667.004028107796,0.9762750615778343,0.978048792892521,0.9481481481481482
2024-07-17 00:00:00,272.0,170.0,105,88,84,31690.923774025392,31092.85617685078,30635.537747487317,31029.169337113835,0.9811281109557052,1.0128488552370458,0.8
2024-07-17 00:00:00,272.0,180.0,76,71,67,15605.246971477114,15985.550621772025,15412.747131406397,15929.843122465934,1.0243702423287513,1.0335498913108006,0.881578947368421
2024-07-17 00:00:00,272.0,190.0,118,108,107,169982.82474864976,167462.18873255694,168546.46481654377,167452.03983894634,0.9851712311533826,0.9935066868427725,0.9067796610169492
2024-07-17 00:00:00,272.0,200.0,100,93,90,108709.9277221602,105669.69097465459,108221.89519730856,105357.69446877915,0.972033494905122,0.9735339995357922,0.9
2024-07-17 00:00:00,272.0,210.0,111,103,99,86727.10765384306,82828.87743171387,86449.08656210222,82750.96915000654,0.9550517672318979,0.9572220186567376,0.8918918918918919
2024-07-17 00:00:00,272.0,220.0,46,46,42,5425.238648290938,5111.0075453303,5279.335618394033,5040.8323102397235,0.9420797639824329,0.9548232343245375,0.9130434782608695
2024-07-17 00:00:00,272.0,230.0,52,45,40,4470.820950039873,4177.604891258048,4073.8502786113413,4087.132863326656,0.9344156113477973,1.0032604498955329,0.7692307692307693
2024-07-17 00:00:00,272.0,240.0,42,40,37,2831.6438294681993,2651.002242880581,2736.8347329000185,2611.55290950891,0.936206105899433,0.9542238258360757,0.8809523809523809
2024-07-17 00:00:00,272.0,250.0,45,48,40,7477.927174471687,7256.699811700208,7347.1101654769855,7091.569090011413,0.9704159511573327,0.9652188316616889,0.8888888888888888
2024-07-17 00:00:00,272.0,260.0,28,25,22,1436.3163552803533,1385.7720534009432,1363.4947423456583,1339.7446488403093,0.9648097707071334,0.9825814557491501,0.7857142857142857
2024-07-17 00:00:00,272.0,270.0,25,24,19,997.3725121686589,930.9884467447542,899.7123317651502,860.9744671393852,0.9334410517495003,0.9569441661983614,0.76
2024-07-17 00:00:00,272.0,280.0,15,13,11,451.03423238461824,456.1314620850843,399.9823578651286,430.0188036330455,1.0113012036215456,1.0750944264847926,0.7333333333333333
2024-07-17 00:00:00,272.0,290.0,24,22,21,1830.687575490336,1757.3374241580239,1785.8818143401309,1746.9212335360733,0.9599330042360363,0.9781841214288566,0.875
2024-07-17 00:00:00,272.0,300.0,35,33,30,7397.276357925207,7132.828331758643,7141.103691239736,7084.933361451241,0.9642506223411211,0.992134222913273,0.8571428571428571
2024-07-17 00:00:00,272.0,310.0,26,28,22,1616.4326072903214,1533.3261627494485,1546.6640935981104,1453.8383361269066,0.9485865082366861,0.9399832466173977,0.8461538461538461
2024-07-17 00:00:00,272.0,320.0,9,10,8,332.9534794582686,371.12264501238747,319.13876645537323,338.32576504831525,1.1146381338805107,1.0601211780256254,0.8888888888888888
2024-07-17 00:00:00,272.0,330.0,24,22,21,697.9439973959194,722.9449381664981,666.1525724899205,711.5124277552878,1.0358208407320058,1.0680922916739972,0.875
2024-07-17 00:00:00,272.0,340.0,10,12,10,364.48704909834817,381.1045993588549,364.48704909834817,360.39352871134474,1.0455916068941666,0.9887690923528565,1.0
2024-07-17 00:00:00,272.0,350.0,24,23,20,3367.543768920829,3161.105345155412,3301.3240306034827,3096.915628661918,0.9386976271338643,0.9380829024819479,0.8333333333333334
2024-07-17 00:00:00,272.0,360.0,17,17,15,629.4192930523392,637.9027752534248,603.002776488098,591.9818632010499,1.013478268452728,0.9817232793665824,0.8823529411764706
2024-07-17 00:00:00,272.0,370.0,14,14,13,392.18003825455617,387.3191710827908,377.73794320793377,376.1737237045759,0.9876055211953182,0.9958589823143691,0.9285714285714286
2024-07-17 00:00:00,272.0,380.0,28,25,24,29446.55918912727,28505.43932871483,29354.793955273566,28494.43932871483,0.9680397341377687,0.9706911713340719,0.8571428571428571
2024-07-17 00:00:00,272.0,390.0,22,25,22,20225.974624095124,19907.578657781127,20225.974624095124,19857.776933924768,0.9842580655700668,0.9817957998557101,1.0
2024-07-17 00:00:00,272.0,400.0,22,21,18,583.4571708406256,572.5513049590023,538.1681826301422,536.3110675730793,0.9813081980534912,0.9965491920239752,0.8181818181818182
2024-07-17 00:00:00,272.0,410.0,21,22,18,602.1604285340117,620.4917948445388,566.8981730709235,559.8896869077862,1.0304426618586608,0.9876371339756277,0.8571428571428571
2024-07-17 00:00:00,272.0,420.0,36,33,30,3343.2286430430004,2996.2999086547206,3144.2726697211765,2960.7870011037376,0.89622943225549,0.9416444793785299,0.8333333333333334
2024-07-17 00:00:00,272.0,430.0,58,54,48,3398.035601556672,3068.9549086236275,3249.974221193689,2983.976653883448,0.9031556076745371,0.9181539454757451,0.8275862068965517
2024-07-17 00:00:00,272.0,440.0,77,76,68,10384.914886769793,9834.516143404453,10242.111922357644,9743.998955083323,0.9470001680931888,0.951366185895022,0.8831168831168831
2024-07-17 00:00:00,272.0,450.0,57,55,50,2501.5052199245165,2373.1360386202164,2409.5440905144987,2303.48047539766,0.9486832246913426,0.9559818741087276,0.8771929824561403
2024-07-17 00:00:00,272.0,460.0,52,55,43,1809.1288239612743,1885.4736366673617,1633.3121183127123,1745.125500232678,1.0421997658181812,1.0684580617913213,0.8269230769230769
2024-07-17 00:00:00,272.0,470.0,105,114,101,8923.172909521956,8818.886958657462,8819.731257846353,8663.43356287765,0.9883129070878801,0.982278632942511,0.9619047619047619
2024-07-17 00:00:00,272.0,480.0,116,120,104,12497.812852809893,12297.834269834464,12347.549956673422,12098.33612887941,0.9839989136234771,0.9798167386511102,0.896551724137931
2024-07-17 00:00:00,272.0,490.0,112,105,98,4961.685979329331,4791.301616328578,4739.449661572714,4712.041937034034,0.9656599866032265,0.9942171082096513,0.875
2024-07-17 08:00:00,280.0,0.0,3,2,2,94.40147555484006,76.38570585917347,82.97005393072277,76.38570585917347,0.8091579650659083,0.9206418730660701,0.6666666666666666
2024-07-17 08:00:00,280.0,10.0,14,13,13,531.7234994202187,409.01724737420534,521.2250519919357,409.01724737420534,0.7692292099562839,0.7847229249842994,0.9285714285714286
2024-07-17 08:00:00,280.0,20.0,30,29,28,2109.4493454977296,2004.5563623333765,2071.1499428795,1956.1948890569006,0.9502747087109582,0.9444969910470227,0.9333333333333333
2024-07-17 08:00:00,280.0,30.0,41,38,35,3068.46120029244,2922.1376915123833,2938.5686038818776,2881.897989609433,0.9523137171276237,0.9807148915299843,0.8536585365853658
2024-07-17 08:00:00,280.0,40.0,75,72,69,14087.857548977161,14151.896252125121,13970.802284430813,14113.843440451115,1.0045456665731696,1.0102385785088168,0.92
2024-07-17 08:00:00,280.0,50.0,92,84,81,16426.5400633999,16090.299787033464,16143.4990039914,16057.844628815648,0.979530669570787,0.9946941877250667,0.8804347826086957
2024-07-17 08:00:00,280.0,60.0,109,104,94,7136.9322044819255,6852.248568693449,6758.5812881708825,6656.067832286857,0.9601112035771199,0.9848321043258815,0.8623853211009175
2024-07-17 08:00:00,280.0,70.0,170,153,142,23827.47323135927,23301.80905168099,22933.960776400727,22778.050814456557,0.977938735904802,0.9932017864919085,0.8352941176470589
2024-07-17 08:00:00,280.0,80.0,182,180,167,19804.251658703546,18984.003715990868,19414.772978510315,18542.629439476623,0.9585822298742505,0.9550783550238242,0.9175824175824175
2024-07-17 08:00:00,280.0,90.0,177,169,156,28955.587095017047,27743.041325211787,28155.906602441275,27418.33114113829,0.9581239445836024,0.9738038816608721,0.8813559322033898
2024-07-17 08:00:00,280.0,100.0,210,200,182,25746.685271434297,25484.533037299916,25145.20454369908,25039.49503012224,0.9898180200142022,0.9957960368390271,0.8666666666666667
2024-07-17 08:00:00,280.0,110.0,213,204,195,156515.58617451828,149259.66528965882,155626.5602811989,149043.95270845311,0.9536409052784753,0.9577025440846871,0.9154929577464789
2024-07-17 08:00:00,280.0,120.0,207,212,200,261096.22401023904,248982.0669623279,260942.76490268658,248786.73597043834,0.953602710671771,0.9534149607988496,0.966183574879227
2024-07-17 08:00:00,280.0,130.0,194,184,177,49660.85775104022,48287.089709232445,49114.582079951855,48110.79671168981,0.9723370053595379,0.9795623758616531,0.9123711340206185
2024-07-17 08:00:00,280.0,140.0,160,148,139,40402.84400383132,39789.160710678,39739.04770926087,39649.766007279024,0.9848108887311219,0.9977533004153736,0.86875
2024-07-17 08:00:00,280.0,150.0,165,155,146,76203.09865815309,76092.1850998949,75396.219208498,75953.01393852355,0.9985445006802709,1.0073849157937986,0.8848484848484849
2024-07-17 08:00:00,280.0,160.0,153,151,138,76132.55741576236,74815.84956108824,75715.45616990398,74535.55529596328,0.9827050620737257,0.984416644452448,0.9019607843137255
2024-07-17 08:00:00,280.0,170.0,125,121,113,39061.23344075962,39203.86500029644,38319.47818044649,38537.319678777756,1.0036514863196304,1.0056848764303483,0.904
2024-07-17 08:00:00,280.0,180.0,93,87,84,19430.13801055827,18796.094935202236,18776.50694036444,18755.685568743007,0.967368061152654,0.9988910945104132,0.9032258064516129
2024-07-17 08:00:00,280.0,190.0,124,118,114,187217.56352656236,188867.19255497813,186388.1062450719,188804.50212876336,1.0088112941827796,1.0129643244538054,0.9193548387096774
2024-07-17 08:00:00,280.0,200.0,110,103,98,137236.1004052631,135453.21827734157,136664.11015894354,135350.29135960096,0.9870086506199417,0.9903865118807376,0.8909090909090909
2024-07-17 08:00:00,280.0,210.0,119,112,105,109460.0283127077,107341.35533924752,108827.06146995752,107097.23041366781,0.9806443228078883,0.9841047710659059,0.8823529411764706
2024-07-17 08:00:00,280.0,220.0,60,58,54,6472.40504419378,6022.7885071435885,6347.194897959227,5972.247149082741,0.9305333127361165,0.9409270150193371,0.9
2024-07-17 08:00:00,280.0,230.0,58,62,54,5111.327310611212,5071.552803283769,5004.1834155026,4953.517523749266,0.9922183603376622,0.9898752928207278,0.9310344827586207
2024-07-17 08:00:00,280.0,240.0,45,47,42,3631.0386899576124,3850.263516956923,3567.825305553504,3767.87275718449,1.0603752385248943,1.0560698561444704,0.9333333333333333
2024-07-17 08:00:00,280.0,250.0,57,57,49,9393.707151714503,8941.403345352406,9240.416313717846,8842.026072813533,0.9518503399076536,0.9568861155841124,0.8596491228070176
2024-07-17 08:00:00,280.0,260.0,32,30,30,1546.2719187027956,1667.2856907899388,1509.650836457206,1667.2856907899388,1.0782616373119318,1.1044180882929622,0.9375
2024-07-17 08:00:00,280.0,270.0,38,32,31,1482.992383961282,1377.6740076504248,1354.3432929499675,1361.9725304591307,0.9289825238147636,1.0056331637250888,0.8157894736842105
2024-07-17 08:00:00,280.0,280.0,21,16,15,626.9928579341674,585.3603466749739,554.5322983950018,572.816221216679,0.933599704155538,1.0329717905965023,0.7142857142857143
2024-07-17 08:00:00,280.0,290.0,30,28,27,2323.8938395419614,2204.763316041917,2285.1742171240458,2190.623239075985,0.9487366757151329,0.9586241708227149,0.9
2024-07-17 08:00:00,280.0,300.0,40,35,34,8776.835682792924,8263.757635894273,8640.779096193179,8248.37100794378,0.9415417964466914,0.9545864922733323,0.85
2024-07-17 08:00:00,280.0,310.0,35,33,29,2112.8784297135517,2076.6375073367512,1984.1421922530965,2015.8056834736788,0.9828476064371987,1.015958277256645,0.8285714285714286
2024-07-17 08:00:00,280.0,320.0,17,12,12,537.5125030378622,540.6797641046023,476.16790055262754,540.6797641046023,1.0058924416619888,1.1354813364720806,0.7058823529411765
2024-07-17 08:00:00,280.0,330.0,29,25,24,991.7184064987916,895.6438832988025,913.8432372357437,884.4104293440711,0.9031231823767646,0.9677922791432992,0.8275862068965517
2024-07-17 08:00:00,280.0,340.0,15,16,12,529.115400768473,505.84595866867556,491.7817688465852,460.00445013125636,0.956021990541191,0.9353832924919956,0.8
2024-07-17 08:00:00,280.0,350.0,31,36,30,4225.986268444456,4357.794260339129,4213.174393635702,4272.809765566148,1.0311898769948418,1.0141544988074858,0.967741935483871
2024-07-17 08:00:00,280.0,360.0,22,21,19,893.9077745130289,875.2930554626589,836.8397170702033,825.399292268256,0.979176018397971,0.9863290131089851,0.8636363636363636
2024-07-17 08:00:00,280.0,370.0,17,19,16,636.363426573596,634.3839484353772,622.0462650506059,596.0063867304107,0.9968893904716098,0.9581383575736496,0.9411764705882353
2024-07-17 08:00:00,280.0,380.0,32,33,28,35514.37188935289,34442.65371619354,35369.919583861985,34371.061155683805,0.9698229726123736,0.971759663580521,0.875
2024-07-17 08:00:00,280.0,390.0,27,29,23,26347.82073619344,26111.520717276333,26163.3743643472,26043.691042169172,0.9910315156125035,0.995425539515227,0.8518518518518519
2024-07-17 08:00:00,280.0,400.0,33,31,28,883.6739254407146,853.7427461544801,819.8912580755724,814.1987076401713,0.966128706048097,0.9930569445895026,0.8484848484848485
2024-07-17 08:00:00,280.0,410.0,28,30,26,875.4227240948284,925.9502073169695,853.087291010257,884.1978010549458,1.0577178108717542,1.0364681438494372,0.9285714285714286
2024-07-17 08:00:00,280.0,420.0,47,47,40,4349.28891328934,4029.017539856766,4205.90094403415,3881.681772018307,0.9263623594988187,0.922913264879495,0.851063829787234
2024-07-17 08:00:00,280.0,430.0,69,66,60,4488.514084584862,4230.06195285398,4351.300374685934,4152.840649602305,0.9424192222948575,0.9543907089847933,0.8695652173913043
2024-07-17 08:00:00,280.0,440.0,90,84,79,13250.52254062028,12664.327579136225,12892.054455177382,12605.995814818507,0.9557606155012348,0.9778112447978379,0.8777777777777778
2024-07-17 08:00:00,280.0,450.0,73,72,64,3403.5588501413527,3317.121749424488,3209.363413187936,3198.3857603140277,0.9746039059341445,0.9965794921108656,0.8767123287671232
2024-07-17 08:00:00,280.0,460.0,82,82,69,2705.8547271049415,2653.929896128109,2495.7224593240308,2500.796522409376,0.9808101926327774,1.0020331039080042,0.8414634146341463
2024-07-17 08:00:00,280.0,470.0,135,140,119,11903.08582269755,11820.492028665705,11684.23918238639,11475.68306931161,0.9930611443736421,0.9821506467114117,0.8814814814814815
2024-07-17 08:00:00,280.0,480.0,138,149,127,16056.069767182023,16121.598339817861,15855.1828346107,15766.058272494485,1.0040812336758635,0.9943788373148456,0.9202898550724637
2024-07-17 08:00:00,280.0,490.0,135,134,122,6815.891802189539,6603.8610642835065,6515.183774586902,6445.0704926348335,0.9688917101298586,0.9892384797761881,0.9037037037037037
2024-07-17 16:00:00,288.0,0.0,3,3,3,95.62873397115625,100.97624457217627,95.62873397115625,100.97624457217627,1.0559194959397136,1.0559194959397136,1.0
2024-07-17 16:00:00,288.0,10.0,17,15,14,562.3838242157605,430.04021111433997,530.8374909947252,419.8323618759521,0.7646738625777999,0.790886794919547,0.8235294117647058
2024-07-17 16:00:00,288.0,20.0,28,26,25,1704.0037341798418,1574.4362808867058,1650.574803543324,1560.6605912345372,0.9239629287810813,0.9455255150413262,0.8928571428571429
2024-07-17 16:00:00,288.0,30.0,37,36,31,3103.7573429918043,3094.942096576102,2971.7516231386153,3003.382408051344,0.997159814559728,1.0106438185030153,0.8378378378378378
2024-07-17 16:00:00,288.0,40.0,71,69,65,13630.388191024726,13579.946786120916,13488.786590267518,13526.73656400428,0.9962993420145566,1.0028134460785483,0.9154929577464789
2024-07-17 16:00:00,288.0,50.0,86,79,75,17428.57472470619,17024.66371581784,17179.309067867413,16959.378014069076,0.9768247825614919,0.9871979104089988,0.872093023255814
2024-07-17 16:00:00,288.0,60.0,98,96,91,7420.772755644631,7355.574193022494,7296.620271053978,7235.936999244087,0.9912140467348844,0.9916833726361471,0.9285714285714286
2024-07-17 16:00:00,288.0,70.0,146,134,127,24945.56951117884,24472.361900781016,24416.490432014387,24214.356806155756,0.9810303945882748,0.9917214299728516,0.8698630136986302
2024-07-17 16:00:00,288.0,80.0,167,156,148,20470.695952626134,20310.897537647932,20006.221680971215,20085.96582305754,0.9921937966668054,1.003985967133523,0.8862275449101796
2024-07-17 16:00:00,288.0,90.0,160,154,143,31046.39308062021,29710.724823301745,30456.077388045866,29502.928811267528,0.9569783113339431,0.968704158298716,0.89375
2024-07-17 16:00:00,288.0,100.0,195,180,166,26656.084479854668,26124.48562718712,25739.55006229827,25709.06956804588,0.9800571290554957,0.998815810914386,0.8512820512820513
2024-07-17 16:00:00,288.0,110.0,202,197,183,171795.16958190058,165004.68777693334,170895.11980921665,164735.0035369959,0.9604733833815392,0.9639538198685969,0.905940594059406
2024-07-17 16:00:00,288.0,120.0,198,198,192,236673.4893597693,226427.17342919667,236554.50342752182,226303.88304064068,0.9567069553996513,0.956666982710723,0.9696969696969697
2024-07-17 16:00:00,288.0,130.0,177,169,160,53385.822704378144,52392.033731090014,52801.16165050592,52152.5895167853,0.9813847774007118,0.9877167071055452,0.903954802259887
2024-07-17 16:00:00,288.0,140.0,146,132,131,41549.12037477676,41363.222443073886,40929.503715358805,41349.38699782609,0.9955258275018567,1.0102586946909333,0.8972602739726028
2024-07-17 16:00:00,288.0,150.0,157,149,141,80816.42321207374,81089.6766157616,80295.34220940937,80974.1473234311,1.0033811618087922,1.0084538541756434,0.8980891719745223
2024-07-17 16:00:00,288.0,160.0,136,129,123,75568.74819099884,74541.6367813641,74006.74178706891,74451.55389167182,0.986408251635468,1.0060104268052055,0.9044117647058824
2024-07-17 16:00:00,288.0,170.0,108,106,99,37559.486347775055,38588.54106341706,36945.06353491094,38499.903809637915,1.0273979975688077,1.042085196937278,0.9166666666666666
2024-07-17 16:00:00,288.0,180.0,79,74,68,18226.411266635914,17755.989668619368,17555.187004811047,17608.987346615108,0.9741901139431837,1.0030646407690966,0.8607594936708861
2024-07-17 16:00:00,288.0,190.0,115,106,105,203454.95229460712,205930.2536363393,202895.90505633893,205920.1141429227,1.0121663361536066,1.014905224852833,0.9130434782608695
2024-07-17 16:00:00,288.0,200.0,93,89,87,129314.43928013394,128693.64969391696,128793.63947619736,127955.94344460354,0.9951993792056573,0.9934958276278183,0.9354838709677419
2024-07-17 16:00:00,288.0,210.0,112,107,102,102952.15421005986,100898.77080449328,102457.44866898282,100809.16089714953,0.9800549738728446,0.9839124651916862,0.9107142857142857
2024-07-17 16:00:00,288.0,220.0,52,54,48,6723.4643198981485,6386.631410071048,6635.809134281301,6287.603075580359,0.9499018818572085,0.9475262094411255,0.9230769230769231
2024-07-17 16:00:00,288.0,230.0,57,53,45,5640.21638686033,5354.069432062122,5215.7597039835855,5220.083022933631,0.9492666707850381,1.0008288953470659,0.7894736842105263
2024-07-17 16:00:00,288.0,240.0,44,45,39,3701.935159286239,3297.660094451547,3296.705302467511,3218.51583416485,0.8907935856681404,0.9762825423782532,0.8863636363636364
2024-07-17 16:00:00,288.0,250.0,54,50,48,9635.790659964685,9655.964320316623,9408.638588775077,9592.956101706854,1.0020936175415016,1.019590242646973,0.8888888888888888
2024-07-17 16:00:00,288.0,260.0,31,34,31,1757.9634241904753,1803.7637757563684,1757.9634241904753,1742.8195653992893,1.0260530742196663,0.9913855666262457,1.0
2024-07-17 16:00:00,288.0,270.0,36,33,32,1423.5522415070147,1418.689277630337,1369.155612826005,1403.3898178751456,0.9965839231361614,1.0250038817563474,0.8888888888888888
2024-07-17 16:00:00,288.0,280.0,20,19,17,658.1364457914017,651.665967962415,622.2662867196691,628.9076077051282,0.9901684857746998,1.010672795758339,0.85
2024-07-17 16:00:00,288.0,290.0,27,26,25,2365.431068373965,2242.8097839618417,2340.2310821857996,2228.7172224940587,0.9481611254491491,0.9523492100670734,0.9259259259259259
2024-07-17 16:00:00,288.0,300.0,36,32,32,9138.962593773678,8697.279734319762,8992.204592672324,8697.279734319762,0.9516703504449364,0.9672021632389354,0.8888888888888888
2024-07-17 16:00:00,288.0,310.0,29,31,27,2175.508667546246,2180.4135854660894,2147.8328549164776,1994.5166680471723,1.0022546073904526,0.9286181946056192,0.9310344827586207
2024-07-17 16:00:00,288.0,320.0,16,16,14,545.945772954544,585.4665946414457,517.5960672663819,562.7319653300447,1.0723896468197258,1.0872029385811264,0.875
2024-07-17 16:00:00,288.0,330.0,31,25,23,1051.1342914070556,999.6801454891778,942.0875000127924,978.1795474744208,0.9510489322453738,1.038310716850758,0.7419354838709677
2024-07-17 16:00:00,288.0,340.0,17,16,15,577.9495242800735,579.4335266771643,556.2109218721979,567.5007892367847,1.0025677024285802,1.0202978167465415,0.8823529411764706
2024-07-17 16:00:00,288.0,350.0,34,29,29,4412.520503358438,4259.033828479466,4239.455523577782,4259.033828479466,0.9652156460775309,1.004618117773096,0.8529411764705882
2024-07-17 16:00:00,288.0,360.0,23,20,18,921.860769585404,887.7020850508427,849.3451433579075,792.0602635033157,0.9629459397106965,0.9325540620293481,0.782608695652174
2024-07-17 16:00:00,288.0,370.0,15,19,15,505.4337249183229,543.8693298932487,505.4337249183229,500.04562228841604,1.0760447969338351,0.9893396456067952,1.0
2024-07-17 16:00:00,288.0,380.0,32,30,29,37182.15515087403,35703.192184103435,37106.97505041956,35689.192184103435,0.9602238503720559,0.9617920117608698,0.90625
2024-07-17 16:00:00,288.0,390.0,26,26,25,24984.37764791798,25004.318425655965,24962.30552103986,24992.239547758505,1.0007981298561441,1.0011991691509992,0.9615384615384616
2024-07-17 16:00:00,288.0,400.0,31,32,27,894.5215227074392,949.5968414877046,845.088044804858,887.655561211453,1.0615695848363373,1.0503705107039165,0.8709677419354839
2024-07-17 16:00:00,288.0,410.0,28,29,26,878.9085351861555,907.8232548507374,857.4702713494959,873.4963424946158,1.0328984399479721,1.0186899437573478,0.9285714285714286
2024-07-17 16:00:00,288.0,420.0,45,44,39,4368.101087345945,4179.1001466321195,4252.928024530008,4124.794214738536,0.9567315552148399,0.9698716251362772,0.8666666666666667
2024-07-17 16:00:00,288.0,430.0,69,67,64,4503.671749212508,4436.518039091009,4435.918579485805,4376.903647303261,0.985089119753623,0.9866961191633539,0.927536231884058
2024-07-17 16:00:00,288.0,440.0,93,88,83,13404.567416130252,12742.720033575026,13148.815908518449,12677.184866239606,0.9506252337722738,0.9641312917026014,0.8924731182795699
2024-07-17 16:00:00,288.0,450.0,71,75,63,3360.376899681994,3276.3455300852106,3252.4905636559383,3120.282252181119,0.9749934688562061,0.9593516694707297,0.8873239436619719
2024-07-17 16:00:00,288.0,460.0,86,82,76,2951.842182033473,2808.4645340158127,2736.8273192823985,2734.0979223187505,0.9514277392977392,0.9990027149523033,0.8837209302325582
2024-07-17 16:00:00,288.0,470.0,149,147,139,12280.002648135036,12225.618965803875,12157.438340849134,12069.871347061486,0.9955713623287027,0.9927972496069816,0.9328859060402684
2024-07-17 16:00:00,288.0,480.0,140,136,128,16369.302583831657,16111.560008123557,16200.168118503878,15985.169360569424,0.9842545169906824,0.9867286094587573,0.9142857142857143
2024-07-17 16:00:00,288.0,490.0,142,138,131,6919.163785997014,6665.567312135186,6744.869651275225,6584.922520845356,0.9633486817619412,0.9762861050399056,0.9225352112676056
2024-07-18 00:00:00,296.0,0.0,2,2,2,56.88029303949649,64.35060333684052,56.88029303949649,64.35060333684052,1.131333892604189,1.131333892604189,1.0
2024-07-18 00:00:00,296.0,10.0,12,8,8,364.50691941456546,212.73407342489102,268.85793189377864,212.73407342489102,0.5836214954892028,0.7912508733755297,0.6666666666666666
2024-07-18 00:00:00,296.0,20.0,24,23,22,1335.4862070087304,1141.0602893525042,1305.5077710480305,1128.8638835197953,0.8544156303255963,0.8646933465693355,0.9166666666666666
2024-07-18 00:00:00,296.0,30.0,34,34,29,2380.932088059109,2234.472893236112,2317.9176148022425,2123.8049850804655,0.9384866138948181,0.9162555957631229,0.8529411764705882
2024-07-18 00:00:00,296.0,40.0,68,65,63,10938.061688756245,10361.654047352939,10688.061656159001,10338.258038181857,0.947302579030449,0.967271556879954,0.9264705882352942
2024-07-18 00:00:00,296.0,50.0,84,74,71,14035.858764199627,13053.265021162293,13724.275362003365,12998.709850928954,0.9299940417223652,0.9471326906567912,0.8452380952380952
2024-07-18 00:00:00,296.0,60.0,97,89,83,5829.64966040022,5145.9037886850165,5557.257542813521,5022.1643975381485,0.8827123563942842,0.9037127321969559,0.8556701030927835
2024-07-18 00:00:00,296.0,70.0,138,129,115,19958.70521822838,18530.084685220463,19149.18358677836,18139.626358994967,0.9284211817656813,0.9472793592892156,0.8333333333333334
2024-07-18 00:00:00,296.0,80.0,167,146,137,16375.951828155215,15042.62580057433,15340.589682874597,14864.180271294339,0.9185802424449921,0.9689445176861685,0.8203592814371258
2024-07-18 00:00:00,296.0,90.0,161,148,135,24596.83685866409,22663.07767877593,23753.94943289602,22373.46413193876,0.9213817942933177,0.941883967343743,0.8385093167701864
2024-07-18 00:00:00,296.0,100.0,185,180,166,21914.60384073088,20942.24120786588,21498.182231644278,20535.28110906451,0.9556294679140972,0.955210114408537,0.8972972972972973
2024-07-18 00:00:00,296.0,110.0,197,186,181,139856.43671827595,131011.9388583246,139412.94990646103,130916.31897260254,0.9367601658708957,0.9390542202890099,0.9187817258883249
2024-07-18 00:00:00,296.0,120.0,195,189,185,196810.71211265263,182363.55634315126,196373.58314091357,182280.85253055693,0.926593651258007,0.9282350997270138,0.9487179487179487
2024-07-18 00:00:00,296.0,130.0,174,165,158,44580.096586797044,43474.52255985438,43986.126179180435,43317.972683284635,0.9752002774424204,0.9848099036233827,0.9080459770114943
2024-07-18 00:00:00,296.0,140.0,145,135,129,34038.34209676515,32543.109531654227,33531.61106642896,32451.381267739984,0.9560721094799438,0.9677847331418419,0.8896551724137931
2024-07-18 00:00:00,296.0,150.0,150,136,128,67290.12540310239,65547.59323274052,66562.0904242976,65318.25057357762,0.974104191960957,0.9813130891354048,0.8533333333333334
2024-07-18 00:00:00,296.0,160.0,129,126,122,64778.34714008386,62960.56043117857,64653.04271155619,62876.99420297117,0.9719383592024307,0.9725295448737238,0.9457364341085271
2024-07-18 00:00:00,296.0,170.0,104,96,88,31918.51751944849,31172.67848672737,31347.64269348351,30448.849296611497,0.9766330302694457,0.9713281982425156,0.8461538461538461
2024-07-18 00:00:00,296.0,180.0,78,70,62,15802.171475973375,15857.056445530554,15530.51645113371,15646.3341121873,1.0034732549030132,1.007457424961881,0.7948717948717948
2024-07-18 00:00:00,296.0,190.0,113,104,100,169914.42303955366,167379.82593683532,168869.68376625006,167180.10112562182,0.9850830961999717,0.9899947545175309,0.8849557522123894
2024-07-18 00:00:00,296.0,200.0,96,93,89,110153.89533093588,106641.37331919557,109221.41424964799,106584.96031874108,0.9681125937381732,0.9758613825959006,0.9270833333333334
2024-07-18 00:00:00,296.0,210.0,108,101,97,87631.90614978751,83110.51366186245,87168.10800090834,82997.97658468422,0.9484047228164052,0.9521598952660454,0.8981481481481481
2024-07-18 00:00:00,296.0,220.0,51,45,40,5544.650759768674,4820.762782739888,5280.6449244372525,4743.9320430946445,0.869443900365875,0.898362247599936,0.7843137254901961
2024-07-18 00:00:00,296.0,230.0,52,54,46,4527.8934858201665,4376.804377718575,4403.937224435853,4125.096543309113,0.966631479169121,0.9366837747868989,0.8846153846153846
2024-07-18 00:00:00,296.0,240.0,41,41,37,2887.7229936343497,2657.5064073869044,2815.21539538967,2611.968984535478,0.9202774688725577,0.9278043125271913,0.9024390243902439
2024-07-18 00:00:00,296.0,250.0,51,47,45,7720.83013994198,7220.710870928741,7522.215290208492,7190.196728431879,0.9352246766282315,0.9558615980841715,0.8823529411764706
2024-07-18 00:00:00,296.0,260.0,27,29,26,1395.210728805484,1385.1859480610387,1383.2286678575372,1348.9548137805136,0.9928148626315194,0.9752218451847807,0.9629629629629629
2024-07-18 00:00:00,296.0,270.0,25,25,22,1000.2359822715905,840.8457314379402,957.0832725361124,804.7589617025155,0.8406473535658392,0.8408452898461357,0.88
2024-07-18 00:00:00,296.0,280.0,16,15,12,466.9587997690081,451.00162328239924,421.1036783806617,410.8695513501324,0.9658274423899872,0.9756968947175094,0.75
2024-07-18 00:00:00,296.0,290.0,24,25,23,1848.5108186458058,1798.7434690199075,1838.0423929101328,1777.950321938197,0.9730770579626051,0.9673064825905384,0.9583333333333334
2024-07-18 00:00:00,296.0,300.0,38,31,29,7521.082516319932,7100.804927394848,7258.714128991611,7029.560839707157,0.9441200667572617,0.9684305945636837,0.7631578947368421
2024-07-18 00:00:00,296.0,310.0,29,28,24,1674.8319306162475,1606.3338239594627,1586.2310922338825,1550.9798780780216,0.9591015042138699,0.9777767474559985,0.8275862068965517
2024-07-18 00:00:00,296.0,320.0,11,11,9,367.9218698296366,377.0131653432825,333.0666978544229,353.066743718377,1.0247098535291082,1.0600481705099671,0.8181818181818182
2024-07-18 00:00:00,296.0,330.0,23,22,21,729.9336619556167,733.4250476267239,707.5736673769718,720.801356405665,1.0047831547619728,1.018694433722681,0.9130434782608695
2024-07-18 00:00:00,296.0,340.0,10,11,8,393.01204593959494,402.756972480057,369.89772910515535,357.0097791688854,1.0247954907264085,0.9651580722935281,0.8
2024-07-18 00:00:00,296.0,350.0,25,25,21,3487.6669784888136,3259.167733413523,3430.7821055967124,3205.54167235127,0.9344836400709629,0.9343472052981731,0.84
2024-07-18 00:00:00,296.0,360.0,16,15,14,693.7700665081512,609.2914861824947,666.6912622386394,593.1526077368164,0.8782325954896701,0.8896960877289852,0.875
2024-07-18 00:00:00,296.0,370.0,15,13,12,424.4826261837917,384.2205109089723,391.3587040877975,372.0838305960506,0.9051501456330824,0.9507488314673518,0.8
2024-07-18 00:00:00,296.0,380.0,27,24,22,29847.416601544188,28176.037813713767,29734.329506558268,28153.098492888515,0.9440025644382251,0.9468213664168552,0.8148148148148148
2024-07-18 00:00:00,296.0,390.0,24,26,22,20585.371180601218,19548.170154184085,20564.98133512058,19499.981680100285,0.9496146551200132,0.9482129529968741,0.9166666666666666
2024-07-18 00:00:00,296.0,400.0,23,23,20,612.6169157179479,590.2494699205414,578.2486693612354,549.7558226775182,0.9634886905282508,0.950725616515137,0.8695652173913043
2024-07-18 00:00:00,296.0,410.0,23,25,21,637.6840176069353,625.6930032961184,613.73297074402,579.1046096137727,0.981195993658715,0.9435774794887297,0.9130434782608695
2024-07-18 00:00:00,296.0,420.0,37,33,31,3466.8395996171175,3121.1231268334227,3360.3301747127566,2981.76859060567,0.9002790689185978,0.8873439321659973,0.8378378378378378
2024-07-18 00:00:00,296.0,430.0,58,57,55,3456.0724146715393,3231.879739764977,3407.9544940246965,3195.8018527535837,0.9351307935693618,0.9377478068902949,0.9482758620689655
2024-07-18 00:00:00,296.0,440.0,80,72,69,10596.779555760057,9861.250850268954,10336.642966768062,9828.528353860444,0.9305894114697051,0.9508433623429591,0.8625
2024-07-18 00:00:00,296.0,450.0,55,56,48,2598.5797833545184,2395.427402712852,2453.954741799856,2296.81898607255,0.9218217651260967,0.9359663187544957,0.8727272727272727
2024-07-18 00:00:00,296.0,460.0,59,55,48,1935.5458312510596,1812.754871360947,1795.8044466174401,1705.0786681559068,0.936560034948516,0.949479032289722,0.8135593220338984
2024-07-18 00:00:00,296.0,470.0,110,116,102,9135.62371663182,8898.381713144883,8999.69537656458,8722.274290212099,0.9740311104259879,0.969174391493862,0.9272727272727272
2024-07-18 00:00:00,296.0,480.0,121,118,106,12698.2958321872,12262.733829366243,12484.450316420334,12102.183120715843,0.9656991765999884,0.9693805345036529,0.8760330578512396
2024-07-18 00:00:00,296.0,490.0,121,113,109,5148.068291950744,4864.099235930463,4932.21399325318,4818.755459789787,0.9448396874485365,0.9769964292671417,0.9008264462809917
2024-07-18 08:00:00,304.0,0.0,2,2,2,79.76499459108099,61.695562699881364,79.76499459108099,61.695562699881364,0.7734666443114122,0.7734666443114122,1.0
2024-07-18 08:00:00,304.0,10.0,14,13,12,524.5585882477365,355.57303313396966,498.4815480197753,344.79150326108334,0.677851895098591,0.6916835831351678,0.8571428571428571
2024-07-18 08:00:00,304.0,20.0,28,32,27,2071.7215162988714,1972.102802035297,2043.7243632624534,1907.3761934469417,0.9519150071668208,0.933284462295172,0.9642857142857143
2024-07-18 08:00:00,304.0,30.0,43,42,39,3090.025529993052,3019.5340735513037,2996.12399904767,2942.1875759074624,0.977187419405591,0.9819979336111083,0.9069767441860465
2024-07-18 08:00:00,304.0,40.0,76,70,65,14089.782150019602,13859.420929825312,13886.730155478228,13795.755234596312,0.9836504767964798,0.9934487874493603,0.8552631578947368
2024-07-18 08:00:00,304.0,50.0,94,83,77,16464.47977188338,15770.95247946632,16191.230199030719,15677.238640019119,0.9578773637536118,0.9682549409344838,0.8191489361702128
2024-07-18 08:00:00,304.0,60.0,108,106,97,7086.287971224255,6784.279670597714,6827.605174903439,6623.463841755567,0.9573813113645784,0.9701005948764811,0.8981481481481481
2024-07-18 08:00:00,304.0,70.0,161,148,136,23638.51118764367,23200.630521924984,22954.715055633,22862.849468272158,0.9814759625831437,0.9959979643773317,0.84472049689441
2024-07-18 08:00:00,304.0,80.0,180,174,159,19682.749271580364,19215.522761807617,19005.097757269286,18872.227283566317,0.9762621317110731,0.9930086929622791,0.8833333333333333
2024-07-18 08:00:00,304.0,90.0,176,158,152,28817.86613944987,27731.025901041787,28230.16252403343,27600.950042361343,0.9622858877493269,0.9777113404452981,0.8636363636363636
2024-07-18 08:00:00,304.0,100.0,211,200,184,25560.24686220945,25621.16088547858,24990.43967337904,25250.93077274729,1.0023831547323274,1.010423630107066,0.8720379146919431
2024-07-18 08:00:00,304.0,110.0,213,204,194,155750.55450820137,149605.99974561896,154934.63121404132,149193.94464952056,0.960548745511793,0.9629476862626662,0.9107981220657277
2024-07-18 08:00:00,304.0,120.0,208,207,199,263641.2197269781,249732.4855711471,263421.1946035332,249593.95063096052,0.9472437042650818,0.947508992230547,0.9567307692307693
2024-07-18 08:00:00,304.0,130.0,194,189,178,49391.18816443646,49070.773355645135,48933.09978091932,48770.802874738365,0.9935127130830589,0.9966832899017724,0.9175257731958762
2024-07-18 08:00:00,304.0,140.0,158,153,142,40536.890391002,40318.42426901433,39793.61574286509,40086.70354303485,0.9946106837529856,1.0073651965195525,0.8987341772151899
2024-07-18 08:00:00,304.0,150.0,161,156,148,76692.83201678838,76396.30962651686,76319.91022961705,76153.53334195152,0.9961336361890168,0.997820006769335,0.9192546583850931
2024-07-18 08:00:00,304.0,160.0,152,157,145,76667.71572239223,76603.53397730956,76315.8908494367,76455.19796013123,0.999162858258161,1.001825401094634,0.9539473684210527
2024-07-18 08:00:00,304.0,170.0,124,112,104,39221.8478174936,39404.898892857964,38211.092718520915,39270.28920281735,1.0046670691349406,1.0277196072904518,0.8387096774193549
2024-07-18 08:00:00,304.0,180.0,92,88,80,19163.705243109955,18484.833760665366,18582.366982799296,18314.684398440422,0.9645751448463409,0.9855948069152518,0.8695652173913043
2024-07-18 08:00:00,304.0,190.0,127,122,115,187369.057870181,190090.52408394308,186776.14665899682,189769.1711408089,1.0145246298652346,1.0160246612608224,0.905511811023622
2024-07-18 08:00:00,304.0,200.0,105,100,95,138615.4999200638,136692.2456071225,137991.08319390015,136616.34741337894,0.9861252578964805,0.9900375027958185,0.9047619047619048
2024-07-18 08:00:00,304.0,210.0,118,113,108,110052.47111503275,107370.82149618026,109259.27398805728,107160.4236650528,0.9756329904119146,0.9807901860739631,0.9152542372881356
2024-07-18 08:00:00,304.0,220.0,59,57,55,6540.26850754263,5963.015188381123,6486.548623884105,5938.667742727476,0.9117385901670881,0.9155358399474139,0.9322033898305084
2024-07-18 08:00:00,304.0,230.0,60,58,51,5113.162164904129,4956.951058221353,4949.988751580228,4826.128895927785,0.9694492172075078,0.9749777500781386,0.85
2024-07-18 08:00:00,304.0,240.0,47,44,41,3702.465294923168,3564.336417167117,3596.329224967176,3507.4937731736127,0.9626927285596832,0.975298298282362,0.8723404255319149
2024-07-18 08:00:00,304.0,250.0,56,52,47,9442.090157627901,9171.540962134703,9169.232905643108,9072.682651821475,0.9713464719170647,0.9894701928923397,0.8392857142857143
2024-07-18 08:00:00,304.0,260.0,32,34,31,1555.5149488147465,1619.9150893129006,1539.978728666136,1583.2560076324764,1.0414011710702138,1.028102517366474,0.96875
2024-07-18 08:00:00,304.0,270.0,36,33,29,1480.064048522388,1357.481469698348,1328.8580691664115,1310.1489431418581,0.9171775174551268,0.9859208997118183,0.8055555555555556
2024-07-18 08:00:00,304.0,280.0,20,16,14,616.415338829573,575.6997725061798,546.8292314027541,553.3097432475272,0.9339478371827955,1.0118510706315917,0.7
2024-07-18 08:00:00,304.0,290.0,29,27,27,2320.735271549706,2228.6017343383883,2297.9749039199082,2228.6017343383883,0.9602998505082425,0.969811171800361,0.9310344827586207
2024-07-18 08:00:00,304.0,300.0,40,34,31,8814.04641510577,8349.477178910023,8433.509647654802,8240.511634078235,0.947292172707469,0.9771153384960867,0.775
2024-07-18 08:00:00,304.0,310.0,31,29,26,2096.9961994126925,2092.2157028379775,2012.1613609679928,2029.5036451376916,0.9977203122370685,1.0086187343153017,0.8387096774193549
2024-07-18 08:00:00,304.0,320.0,16,14,12,532.9515875235918,545.0356899026924,480.3896027189308,520.4859657527776,1.0226739213504372,1.083466342333197,0.75
2024-07-18 08:00:00,304.0,330.0,28,26,23,992.1358792104576,977.2006570731778,931.2302223210208,943.7501332963056,0.9849463944906768,1.0134444852359707,0.8214285714285714
2024-07-18 08:00:00,304.0,340.0,15,17,14,541.2222761997677,549.1466896979625,528.9686631622234,514.1374302111918,1.014641698700646,0.971961981901973,0.9333333333333333
2024-07-18 08:00:00,304.0,350.0,33,33,31,4275.130523508393,4237.647052272146,4250.948691751735,4198.514036224909,0.991232204249641,0.9876651873901544,0.9393939393939394
2024-07-18 08:00:00,304.0,360.0,21,20,19,927.0671029433809,865.2122409796585,887.9392504766399,842.8718277277511,0.9332789808123523,0.949244925568166,0.9047619047619048
2024-07-18 08:00:00,304.0,370.0,16,19,15,642.7329484273382,589.0525632820377,628.6284342810749,533.5347598928776,0.9164810435241454,0.8487283278922145,0.9375
2024-07-18 08:00:00,304.0,380.0,32,34,30,35548.73420677616,34270.22463124259,35472.62173316049,34196.04860389854,0.9640350182907537,0.9640124392590754,0.9375
2024-07-18 08:00:00,304.0,390.0,26,31,24,26448.9857830611,26074.866019383346,26424.67121268007,25947.263298415244,0.9858550431102975,0.9819332505436912,0.9230769230769231
2024-07-18 08:00:00,304.0,400.0,29,33,27,857.622703978946,895.9032653551835,829.9401273734475,821.1271343315341,1.0446356669414587,0.989381170097409,0.9310344827586207
2024-07-18 08:00:00,304.0,410.0,29,29,27,910.3210137723039,936.2412853185945,882.5745792336941,913.4939223739267,1.0284737704108124,1.035033122262686,0.9310344827586207
2024-07-18 08:00:00,304.0,420.0,47,41,39,4367.1325207236505,4061.6831638109675,4190.699842999337,4039.3899508123245,0.9300572273767252,0.9638938845883273,0.8297872340425532
2024-07-18 08:00:00,304.0,430.0,69,66,60,4507.5560581461295,4349.986161380632,4374.720501033684,4252.305769460693,0.9650431642484547,0.9720177022637068,0.8695652173913043
2024-07-18 08:00:00,304.0,440.0,94,89,82,13286.670114540027,12420.043149496823,12885.207256024993,12328.542642917793,0.9347747059592586,0.9567981638132433,0.8723404255319149
2024-07-18 08:00:00,304.0,450.0,72,76,64,3407.4381692659704,3570.5443346923907,3267.2794367911742,3385.901284473504,1.0478676816200474,1.0363060001377873,0.8888888888888888
2024-07-18 08:00:00,304.0,460.0,83,82,72,2734.36797732088,2688.6757858743495,2490.633426009905,2573.237268357616,0.9832896699253699,1.0331657968953085,0.8674698795180723
2024-07-18 08:00:00,304.0,470.0,140,135,125,12028.17734177545,11835.63376017461,11592.719804136806,11718.689811061005,0.9839922894275835,1.0108663030809428,0.8928571428571429
2024-07-18 08:00:00,304.0,480.0,143,144,133,16231.011063565116,16160.00580127025,16085.603791534924,16009.353931763733,0.9956253333808479,0.9952597452505129,0.9300699300699301
2024-07-18 08:00:00,304.0,490.0,136,130,124,6822.772388790341,6498.57906617864,6624.1085576048,6429.363571057006,0.9524836380084518,0.9706005744238269,0.9117647058823529
2024-07-18 16:00:00,312.0,0.0,3,2,2,94.01606242058719,66.89391200580312,81.4659768946034,66.89391200580312,0.7115157802136904,0.8211269852241152,0.6666666666666666
2024-07-18 16:00:00,312.0,10.0,16,14,12,553.5172584424615,339.5912951439421,445.74538610320803,317.49187828197296,0.6135152788180729,0.7122718219420017,0.75
2024-07-18 16:00:00,312.0,20.0,26,28,24,1673.6925668574243,1593.336559172757,1630.1886559067898,1515.239539860187,0.9519887885768973,0.9294872310452544,0.9230769230769231
2024-07-18 16:00:00,312.0,30.0,37,39,33,3084.9128946450437,3105.3413288538436,3027.1873206003684,2974.091312590698,1.0066220457129473,0.9824602832971896,0.8918918918918919
2024-07-18 16:00:00,312.0,40.0,73,66,65,13615.039224775335,13313.472618944441,13259.587360291258,13250.545006076492,0.9778504783679115,0.9993180516128394,0.8904109589041096
2024-07-18 16:00:00,312.0,50.0,86,84,77,17402.373378549313,17099.38347790271,17199.73825810863,16847.48157182498,0.9825891621760008,0.9795196484389765,0.8953488372093024
2024-07-18 16:00:00,312.0,60.0,97,86,85,7415.496003787437,6611.399437766265,7033.751351288214,6583.20245427313,0.8915653699212456,0.9359447221669888,0.8762886597938144
2024-07-18 16:00:00,312.0,70.0,144,126,121,24771.68387117859,24254.412573795176,24194.499069817997,24084.835003150896,0.9791184442659043,0.9954673966858895,0.8402777777777778
2024-07-18 16:00:00,312.0,80.0,164,154,143,20319.00297808821,20095.18016696338,19642.207758665172,19693.595244779724,0.9889845573935788,1.0026161766918427,0.8719512195121951
2024-07-18 16:00:00,312.0,90.0,165,152,146,30902.48133380986,29716.326162488018,30446.68551497862,29576.734057811344,0.9616161835514454,0.9714270554428891,0.8848484848484849
2024-07-18 16:00:00,312.0,100.0,193,179,170,26439.05468575137,26265.073445339527,25930.57061337136,26113.936813339424,0.9934195362701222,1.007071429422132,0.8808290155440415
2024-07-18 16:00:00,312.0,110.0,195,192,180,171038.8321524845,164205.99001962808,170350.9398788655,163707.07409230596,0.9600509308508093,0.9609989484573205,0.9230769230769231
2024-07-18 16:00:00,312.0,120.0,200,197,190,238319.46354992443,226424.79629148886,238023.34409627173,226283.9200218717,0.9500894006672527,0.9506795263339722,0.95
2024-07-18 16:00:00,312.0,130.0,174,163,155,53173.99849554848,52477.56546122779,52500.216260467,52249.50659692632,0.9869027522092588,0.9952245975083828,0.8908045977011494
2024-07-18 16:00:00,312.0,140.0,147,138,132,41475.035454337616,41177.272830712885,40872.40330004342,41067.216777574664,0.9928206782619257,1.004766381758888,0.8979591836734694
2024-07-18 16:00:00,312.0,150.0,158,147,140,80834.67943669388,79967.43446923915,80310.30803023773,79818.66159310922,0.9892713749408268,0.9938781652170553,0.8860759493670886
2024-07-18 16:00:00,312.0,160.0,134,133,125,75589.22072671572,75118.68830110933,75300.79951183315,74834.07589843034,0.9937751385570233,0.9938018770527203,0.9328358208955224
2024-07-18 16:00:00,312.0,170.0,109,108,100,37677.003735325205,37542.23843908976,37123.5045865134,37423.53125220575,0.996423141893603,1.008081851889634,0.9174311926605505
2024-07-18 16:00:00,312.0,180.0,75,70,64,18390.0036343322,17710.86611417547,17564.529192007612,17599.197551593534,0.9630702889645519,1.0019737710704877,0.8533333333333334
2024-07-18 16:00:00,312.0,190.0,113,107,105,202695.2399845121,205230.4801571662,201410.30265602245,205209.63164179513,1.0125076453341866,1.0188636278068721,0.9292035398230089
2024-07-18 16:00:00,312.0,200.0,99,92,89,130609.69953917954,129112.95850928272,129703.27887306976,128828.52500520209,0.9885403531653648,0.9932557304991207,0.898989898989899
2024-07-18 16:00:00,312.0,210.0,111,109,102,102752.52375659444,100461.69505040282,102427.15221225245,100321.41029534601,0.977705377712977,0.9794415653327658,0.918918918918919
2024-07-18 16:00:00,312.0,220.0,52,51,47,6672.9351434027285,6481.370809896109,6575.329998060418,6409.726151226392,0.9712923429660467,0.9748143672054672,0.9038461538461539
2024-07-18 16:00:00,312.0,230.0,53,50,45,5599.453806261784,5376.650233442312,5277.319864679407,5312.632152876679,0.960209766786483,1.0066913298990297,0.8490566037735849
2024-07-18 16:00:00,312.0,240.0,44,45,43,3648.157839915641,3532.3609556334745,3623.0828100204158,3501.2733178500885,0.9682588063994391,0.9663796003134577,0.9772727272727273
2024-07-18 16:00:00,312.0,250.0,54,49,48,9782.016243504757,9402.237762562045,9635.94519293262,9389.066480647789,0.9611758484663236,0.9743793984563235,0.8888888888888888
2024-07-18 16:00:00,312.0,260.0,31,28,26,1744.5021442615941,1530.285891855227,1663.9343846476502,1507.0624825676155,0.8772049360265821,0.9057223027978634,0.8387096774193549
2024-07-18 16:00:00,312.0,270.0,35,30,28,1462.5408354101496,1321.049225362115,1349.7643894339171,1290.0318286312067,0.9032563012106564,0.9557459351644609,0.8
2024-07-18 16:00:00,312.0,280.0,19,14,12,649.9045612257412,534.9995584128064,558.9371134805308,506.68674139861884,0.8231971128249659,0.9065183348506844,0.631578947368421
2024-07-18 16:00:00,312.0,290.0,28,25,24,2389.12892168872,2183.239610054666,2318.365939247153,2172.7926559665093,0.9138224355475452,0.9372086689093111,0.8571428571428571
2024-07-18 16:00:00,312.0,300.0,36,32,31,9143.227157542555,8672.613769514284,8848.40017866331,8661.826984948792,0.9485287437444835,0.9789144715488327,0.8611111111111112
2024-07-18 16:00:00,312.0,310.0,30,31,27,2175.5970032462033,2099.8459534037142,2136.775625188404,2046.3782145738169,0.9651814882400275,0.9576944768795664,0.9
2024-07-18 16:00:00,312.0,320.0,17,14,13,556.8346883602276,561.7856627258462,499.6115104588418,549.5996880744672,1.0088912822227336,1.1000540951702982,0.7647058823529411
2024-07-18 16:00:00,312.0,330.0,31,27,24,1044.370037418536,1028.346457643107,954.7638731188125,975.9252810422746,0.9846571816489145,1.0221640224554545,0.7741935483870968
2024-07-18 16:00:00,312.0,340.0,18,14,12,587.1475086120424,539.6439236487544,515.99907604145,515.5377584306186,0.9190942918661416,0.9991059720215577,0.6666666666666666
2024-07-18 16:00:00,312.0,350.0,35,31,28,4395.178667624167,4182.776003979386,4278.4289182370085,4135.866529303453,0.9516737134694011,0.9666787992372909,0.8
2024-07-18 16:00:00,312.0,360.0,22,17,17,899.0310848548554,779.1008673589771,844.7025328305858,779.1008673589771,0.8666005886601346,0.9223375532546605,0.7727272727272727
2024-07-18 16:00:00,312.0,370.0,17,16,14,522.0210451469701,502.22813595343155,482.2874865647838,480.3963046217466,0.962084078070136,0.9960787248358699,0.8235294117647058
2024-07-18 16:00:00,312.0,380.0,35,29,29,37217.9177113883,35609.066290291266,37041.41523961698,35609.066290291266,0.9567721269746174,0.9613311494698569,0.8285714285714286
2024-07-18 16:00:00,312.0,390.0,27,28,24,24990.39893134477,24996.35502752204,24883.9507108839,24948.41676718894,1.000238335378064,1.0025906680596681,0.8888888888888888
2024-07-18 16:00:00,312.0,400.0,30,26,25,897.4541693777414,838.5320443316701,829.2394144556137,828.2251314962781,0.9343452545471759,0.9987768514838367,0.8333333333333334
2024-07-18 16:00:00,312.0,410.0,28,31,26,912.2685021214978,920.7391166376349,883.9417318934131,866.6979853983584,1.0092852208493863,0.9804922136008688,0.9285714285714286
2024-07-18 16:00:00,312.0,420.0,41,40,34,4302.7398623829295,4067.942933281925,4167.9371190701295,3990.8117278807154,0.9454308332340199,0.9575028638558417,0.8292682926829268
2024-07-18 16:00:00,312.0,430.0,69,67,63,4555.109757413541,4425.592669647277,4474.269285153423,4357.169321490859,0.9715666373229598,0.9738281367974149,0.9130434782608695
2024-07-18 16:00:00,312.0,440.0,94,86,85,13221.075369066048,12663.52682905066,13066.772163221527,12652.483303953051,0.9578288055660048,0.968294475935338,0.9042553191489362
2024-07-18 16:00:00,312.0,450.0,72,76,66,3411.2907661288064,3269.078933074609,3247.560537658841,3103.1022239302874,0.9583114302462167,0.9555178996500884,0.9166666666666666
2024-07-18 16:00:00,312.0,460.0,88,84,77,2952.3133039489617,2886.6239994373514,2771.742523639327,2804.454702970978,0.977749887038159,1.011802026722417,0.875
2024-07-18 16:00:00,312.0,470.0,150,137,131,12285.89296405182,12118.026312671505,11970.57096675182,12045.909805139676,0.9863366340670973,1.006293671254037,0.8733333333333333
2024-07-18 16:00:00,312.0,480.0,139,140,130,16335.049374580094,16005.75195346283,16207.91228120817,15823.941852995855,0.9798410513757183,0.9763096923557824,0.935251798561151
2024-07-18 16:00:00,312.0,490.0,144,138,133,6900.189862693114,6627.539982203859,6747.090884969233,6574.155489784429,0.9604866118302952,0.9743688949603363,0.9236111111111112
