window_start_pt,hours_since_quake,r_bin_km,n_tiles,n_tiles_crisis,n_tiles_overlap,baseline_sum,crisis_sum,baseline_sum_overlap,crisis_sum_overlap,phi_aggregate,phi_overlap,tile_overlap_ratio
2024-05-09 00:00:00,-8.0,0.0,62,61,61,2218.3231666695715,2229.1488468698135,2208.010261681041,2229.1488468698135,1.0048801186242375,1.0095735901030998,0.9838709677419355
2024-05-09 00:00:00,-8.0,10.0,180,177,176,6366.485636841914,6817.18046856303,6324.217944867461,6807.135033091727,1.0707917770383415,1.0763599693170263,0.9777777777777777
2024-05-09 00:00:00,-8.0,20.0,295,300,292,11041.97496426362,11902.565202824619,11007.784302531354,11815.666294618459,1.0779380718889713,1.073391880680413,0.9898305084745763
2024-05-09 00:00:00,-8.0,30.0,453,449,446,43041.98755998358,45913.063323489725,42956.15486253931,45880.27223917389,1.0667040702872979,1.0680721397432296,0.9845474613686535
2024-05-09 00:00:00,-8.0,40.0,587,590,584,28957.083698637325,31214.534969996617,28924.05340850133,31148.128912195363,1.0779585159490879,1.0768936314797544,0.9948892674616695
2024-05-09 00:00:00,-8.0,50.0,719,720,711,69678.56702368849,73882.68329402765,69500.93962559332,73757.46043280212,1.0603358600774595,1.0612440756936379,0.9888734353268428
2024-05-09 00:00:00,-8.0,60.0,838,836,831,312926.00384547614,325887.2082703578,312844.24007875804,325826.77820371697,1.0414193907364822,1.0414984086703678,0.9916467780429594
2024-05-09 00:00:00,-8.0,70.0,956,951,941,183943.5495351858,194919.99666643172,183750.8237683106,194791.1549522935,1.059672911384948,1.0600831656564627,0.9843096234309623
2024-05-09 00:00:00,-8.0,80.0,1054,1059,1039,181906.33632733198,192756.8566543467,181602.7109741164,192532.2131584075,1.059648941021437,1.0601835849567733,0.9857685009487666
2024-05-09 00:00:00,-8.0,90.0,1137,1136,1118,222303.53738270618,231277.0423446096,221889.8087191824,231071.9305543697,1.0403660016729968,1.0413814491444622,0.9832893579595426
2024-05-09 00:00:00,-8.0,100.0,1255,1261,1245,66230.6508832381,70777.04793336634,66081.18335541975,70559.04126305575,1.0686449097132287,1.067762980023401,0.9920318725099602
2024-05-09 00:00:00,-8.0,110.0,1384,1397,1372,81829.68666008432,88281.5357356332,81666.03822366174,87982.38259921558,1.078844846398465,1.0773435875296782,0.9913294797687862
2024-05-09 00:00:00,-8.0,120.0,1456,1475,1438,63563.79591404164,68825.01273749629,63257.10684390615,68340.49535957638,1.0827706518749993,1.0803607494761664,0.9876373626373627
2024-05-09 00:00:00,-8.0,130.0,1480,1501,1462,94691.9230805526,101452.05868664022,94324.54130327763,100958.77773119557,1.0713908365799785,1.0703341499068326,0.9878378378378379
2024-05-09 00:00:00,-8.0,140.0,1440,1442,1412,101911.2931559378,109680.02534814688,101483.7657609315,109246.82109514195,1.076230336713733,1.0764955387297916,0.9805555555555555
2024-05-09 00:00:00,-8.0,150.0,1428,1466,1410,161270.6247693225,171541.39518134302,160803.23541253922,170848.22737359343,1.0636865543660639,1.062467598585836,0.9873949579831933
2024-05-09 00:00:00,-8.0,160.0,1453,1481,1430,136517.21163056427,145947.08378034458,135946.2681041445,145321.6685834257,1.0690746026610838,1.0689640150482025,0.9841706813489333
2024-05-09 00:00:00,-8.0,170.0,1421,1459,1392,126722.39499512853,136143.21246624272,126251.6563680823,135326.29972401267,1.074342167155824,1.0718774202017085,0.9795918367346939
2024-05-09 00:00:00,-8.0,180.0,1493,1523,1461,112731.11171791023,121481.71134582782,112076.37135593119,120722.17998280362,1.0776236435050373,1.0771421176673819,0.9785666443402545
2024-05-09 00:00:00,-8.0,190.0,1540,1570,1514,119975.59917490273,130398.7088554348,119450.99469814883,129708.67138314233,1.0868769129074076,1.0858735141629796,0.9831168831168832
2024-05-09 00:00:00,-8.0,200.0,1540,1584,1510,127736.83486333824,137716.69463554572,127256.78294536087,136784.6143109412,1.0781282844755362,1.0748709117507018,0.9805194805194806
2024-05-09 00:00:00,-8.0,210.0,1603,1635,1582,165231.80298975733,176163.35904613812,164808.89000377792,175500.1253895429,1.0661589104432785,1.064870501740045,0.9868995633187773
2024-05-09 00:00:00,-8.0,220.0,1683,1721,1648,144030.04358569504,155757.37786894123,143283.20894473392,154871.63345513577,1.0814228336761467,1.0808777566872587,0.9792038027332145
2024-05-09 00:00:00,-8.0,230.0,1707,1726,1666,225316.02413226425,239192.52530900764,223852.6203058192,238462.96415651523,1.0615868366672299,1.0652676918891364,0.9759812536613942
2024-05-09 00:00:00,-8.0,240.0,1747,1772,1706,496318.76606634574,519207.31285683817,494562.41334177257,518427.04024761444,1.046116625756264,1.0482540246934413,0.976531196336577
2024-05-09 00:00:00,-8.0,250.0,1836,1874,1808,251537.10514561014,265785.53660708445,250769.09423669818,264943.39337280847,1.0566454458209105,1.056523309538022,0.9847494553376906
2024-05-09 00:00:00,-8.0,260.0,1936,1948,1887,217248.63774181402,231861.15251316753,216577.12317429547,231118.17798275262,1.0672617095473784,1.0671403082437054,0.9746900826446281
2024-05-09 00:00:00,-8.0,270.0,1917,1948,1885,252507.94938416165,266443.11198580527,251520.60195914414,265664.65405592124,1.0551870253416968,1.0562341692354673,0.9833072509128847
2024-05-09 00:00:00,-8.0,280.0,1942,1975,1888,185652.00929349937,198209.24912748628,184053.12894000812,197133.43588286394,1.067638588355567,1.0710681041837617,0.972193614830072
2024-05-09 00:00:00,-8.0,290.0,1893,1944,1846,246914.68397005554,263438.81096731,246259.63321628596,262212.1202658706,1.0669224151904162,1.0647791391599037,0.9751716851558373
2024-05-09 00:00:00,-8.0,300.0,1838,1887,1795,186697.05553346503,200243.78775975324,185972.9873050362,199140.59112438333,1.0725599672023751,1.0708038517322378,0.9766050054406964
2024-05-09 00:00:00,-8.0,310.0,1910,1975,1870,234451.50518200686,247017.39285336202,233816.2903434629,245737.18508540076,1.0535969588320626,1.0509840213632111,0.9790575916230366
2024-05-09 00:00:00,-8.0,320.0,1882,1909,1835,395118.2159285689,412800.27477402124,394114.8543755582,411880.4781155853,1.0447513127277557,1.045077275171917,0.9750265674814028
2024-05-09 00:00:00,-8.0,330.0,1888,1931,1852,1080324.7178379819,1106648.6571260747,1079807.3588872002,1105673.6749255192,1.0243666916561662,1.0239545654374642,0.9809322033898306
2024-05-09 00:00:00,-8.0,340.0,1917,1946,1874,1016555.5472892964,1032025.8306008554,1015528.409896487,1030890.6865597303,1.0152183354395257,1.0151273726205348,0.9775691184141888
2024-05-09 00:00:00,-8.0,350.0,1899,1905,1841,1142514.2480142107,1163143.2113676267,1141418.4486455382,1162206.8178690912,1.0180557602579319,1.0182127503267724,0.9694576092680358
2024-05-09 00:00:00,-8.0,360.0,2048,2062,1995,1287038.4880613717,1299743.0535428186,1285900.7030143645,1298938.9914158136,1.009871162050937,1.0101394208517696,0.97412109375
2024-05-09 00:00:00,-8.0,370.0,1915,1925,1845,583287.8823498122,598145.5139516561,581016.2959276137,597115.424229251,1.0254722102951788,1.0277085658603333,0.9634464751958225
2024-05-09 00:00:00,-8.0,380.0,1545,1562,1494,264525.4441389671,277157.5108465822,263594.1293731479,276256.09286488907,1.0477536924613533,1.0480358326714352,0.9669902912621359
2024-05-09 00:00:00,-8.0,390.0,1617,1613,1552,193737.73780799648,201693.8766660834,192358.06679954415,200825.71172288543,1.0410665415427316,1.044020222620377,0.9598021026592455
2024-05-09 00:00:00,-8.0,400.0,1499,1500,1442,212249.514639123,220736.26318480753,210747.31856542605,219787.88005983725,1.039984772451019,1.0428976347407457,0.961974649766511
2024-05-09 00:00:00,-8.0,410.0,1425,1420,1386,370297.7598904883,381455.6564015772,369531.66592870676,380991.8613507472,1.030132227951875,1.0310127560874618,0.9726315789473684
2024-05-09 00:00:00,-8.0,420.0,1245,1236,1204,154872.06734346994,161831.15937147723,153734.86623523894,161347.74454511562,1.0449344555630788,1.0495195299303657,0.9670682730923694
2024-05-09 00:00:00,-8.0,430.0,1128,1138,1085,163825.4789612878,168934.19267424752,162892.15434933978,168187.5325495298,1.031183877778663,1.0325084914085765,0.9618794326241135
2024-05-09 00:00:00,-8.0,440.0,1100,1108,1066,190241.17327344237,195979.57668816805,189648.6584661877,195415.6643898802,1.03016383528332,1.030408893847887,0.9690909090909091
2024-05-09 00:00:00,-8.0,450.0,1097,1094,1060,147134.4318497285,153949.93587610434,145777.1462484391,153419.02154565393,1.0463216117443987,1.0524216277645555,0.9662716499544212
2024-05-09 00:00:00,-8.0,460.0,1068,1076,1051,115817.20083875438,122888.67285323133,115394.78300348447,122511.58843196262,1.0610571828991286,1.061673545746546,0.9840823970037453
2024-05-09 00:00:00,-8.0,470.0,1015,1016,990,109404.51861632426,116035.77967777406,108839.10954126282,115673.86627395626,1.0606123142381831,1.0627968821272125,0.9753694581280788
2024-05-09 00:00:00,-8.0,480.0,915,911,891,117067.6450194679,123677.23407807681,116566.95323723824,123423.58945001446,1.0564595713658522,1.0588214414322172,0.9737704918032787
2024-05-09 00:00:00,-8.0,490.0,896,904,884,263937.83215273556,278443.54677476804,263794.9453821751,278197.0496483138,1.0549588306599347,1.0545958310356307,0.9866071428571429
2024-05-09 08:00:00,0.0,0.0,38,46,38,868.3971835988947,1184.2867341638826,868.3971835988947,1095.2847862543133,1.3637616018696055,1.2612716933455832,1.0
2024-05-09 08:00:00,0.0,10.0,79,109,78,2435.896261569137,3332.316353095855,2425.1741696832355,2972.6525198499594,1.3680042149862608,1.225748054309119,0.9873417721518988
2024-05-09 08:00:00,0.0,20.0,148,201,146,4750.936748530443,6367.626890707214,4730.044685802487,5715.687444978143,1.34028871099512,1.2083791643943917,0.9864864864864865
2024-05-09 08:00:00,0.0,30.0,263,357,262,24347.736666793186,28989.130173772865,24335.190072214893,27861.99854773221,1.1906293620018435,1.1449262761068018,0.9961977186311787
2024-05-09 08:00:00,0.0,40.0,373,456,365,14108.882740508572,18030.834988237544,13983.814149423872,16886.817803779817,1.2779775209605009,1.207597413934134,0.9785522788203753
2024-05-09 08:00:00,0.0,50.0,449,560,443,46650.92043702206,54747.06944392475,46549.242880488964,53335.516962168665,1.1735474655389138,1.145786991618808,0.9866369710467706
2024-05-09 08:00:00,0.0,60.0,584,673,577,221855.17227310434,240503.28798749734,221693.2788156896,239352.9432957419,1.084055357030113,1.079658095971119,0.988013698630137
2024-05-09 08:00:00,0.0,70.0,685,778,673,120424.87972753892,136381.31448407267,120281.86300933949,135117.24492753384,1.1325011475422284,1.1233384780300788,0.9824817518248176
2024-05-09 08:00:00,0.0,80.0,750,867,739,117289.25979155509,133372.56481544086,116750.04022104834,131796.22176257026,1.137125130233312,1.128875172231498,0.9853333333333333
2024-05-09 08:00:00,0.0,90.0,806,954,798,156442.1712296544,174037.05697566617,156312.13807592355,172110.25257142686,1.1124689436851576,1.1010677397799389,0.9900744416873449
2024-05-09 08:00:00,0.0,100.0,930,1064,921,32990.375839746215,41805.69798098832,32892.55991766621,40064.43822924043,1.2672089031074802,1.2180395302015485,0.9903225806451613
2024-05-09 08:00:00,0.0,110.0,970,1151,958,40394.31318186618,51180.283443007,40218.226462551596,48863.06203041995,1.2670170479834488,1.2149482045389997,0.9876288659793815
2024-05-09 08:00:00,0.0,120.0,1034,1249,1026,28457.458078458287,38610.24408420676,28359.631462442747,35906.374796254975,1.3567706566678182,1.266108653203288,0.9922630560928434
2024-05-09 08:00:00,0.0,130.0,1120,1290,1111,49066.96598743537,61060.95527813291,48962.02613882449,58867.759489053096,1.2444412253606398,1.2023146125967579,0.9919642857142857
2024-05-09 08:00:00,0.0,140.0,1077,1231,1065,53980.378326853825,66342.66780990518,53802.36218167538,64293.08524076252,1.2290145024215482,1.194986291190393,0.9888579387186629
2024-05-09 08:00:00,0.0,150.0,1106,1248,1096,98153.03806933574,114419.62480639666,98007.94104353947,112362.97496355622,1.1657267778667242,1.146468069496936,0.9909584086799277
2024-05-09 08:00:00,0.0,160.0,1090,1253,1081,80376.81668035593,95646.52297046164,80227.53136548465,93543.729443836,1.1899764997017805,1.165980404129451,0.9917431192660551
2024-05-09 08:00:00,0.0,170.0,1063,1226,1054,72457.57645898685,86652.42851248565,72136.23449525889,84510.95481104736,1.1959056974743492,1.1715465244668652,0.9915333960489181
2024-05-09 08:00:00,0.0,180.0,1180,1319,1168,60766.796787357496,74560.44271366038,60380.092072326435,72678.46204108911,1.2269931386143533,1.203682530891656,0.9898305084745763
2024-05-09 08:00:00,0.0,190.0,1251,1352,1232,65179.13922845068,80389.04158904805,64824.79781705038,78775.31344945064,1.2333553732166849,1.2152033805299576,0.9848121502797762
2024-05-09 08:00:00,0.0,200.0,1235,1362,1226,73306.22859112866,88549.22678375493,73057.85926627152,86805.86306865411,1.2079359214841798,1.1881796693806166,0.9927125506072875
2024-05-09 08:00:00,0.0,210.0,1333,1416,1321,95143.8041247066,112476.099975082,94656.71758816393,111240.09133266551,1.1821694645261154,1.1751948954817255,0.9909977494373593
2024-05-09 08:00:00,0.0,220.0,1386,1496,1372,80733.55398144654,97708.57733380914,80501.79475621425,96170.30551074835,1.2102598302096752,1.1946355457289304,0.98989898989899
2024-05-09 08:00:00,0.0,230.0,1450,1520,1438,141278.0895136202,164883.20582454978,141047.16371958132,162977.1379870437,1.1670826409968822,1.1554797252858044,0.9917241379310345
2024-05-09 08:00:00,0.0,240.0,1480,1560,1461,334895.3366050696,370794.46494049334,334243.1279244942,369541.3488002429,1.1071950678661087,1.1056064221721937,0.9871621621621621
2024-05-09 08:00:00,0.0,250.0,1586,1679,1569,158167.94870980558,182851.12522961566,157634.66920951832,181428.43119532368,1.1560567530979167,1.1509424424533168,0.989281210592686
2024-05-09 08:00:00,0.0,260.0,1673,1776,1655,129780.11978026063,152711.7397813514,129518.58113826258,150871.81958114507,1.1766959380213073,1.1648662165321875,0.9892408846383742
2024-05-09 08:00:00,0.0,270.0,1588,1692,1568,154021.3080918262,177368.6754617575,153664.52620322673,175853.90381166775,1.15158530763816,1.1444014318509321,0.9874055415617129
2024-05-09 08:00:00,0.0,280.0,1565,1666,1545,108444.96499746441,128388.11009290989,108085.37722623165,126854.65452320971,1.183901069965874,1.1736523272495263,0.987220447284345
2024-05-09 08:00:00,0.0,290.0,1483,1589,1458,150250.27402910852,173672.56667665695,149918.25085494632,171890.53303541272,1.1558885186659342,1.1465617565250659,0.983142279163857
2024-05-09 08:00:00,0.0,300.0,1445,1544,1418,108708.08249175163,127449.99406840475,108213.21573648762,125819.80510907038,1.1724058703553637,1.1627027646554462,0.9813148788927336
2024-05-09 08:00:00,0.0,310.0,1489,1615,1467,141823.21344852127,159342.0067514663,141422.05287337757,157353.97242427946,1.123525570158541,1.1126551285828565,0.9852249832102082
2024-05-09 08:00:00,0.0,320.0,1509,1594,1473,261874.1044772483,295015.4963472303,261173.82759700538,293495.94571259327,1.1265546738045698,1.1237571100173993,0.9761431411530815
2024-05-09 08:00:00,0.0,330.0,1511,1600,1484,789942.4557943519,853068.1883758754,789549.133357001,851658.9973655209,1.079911811447133,1.0786649764840366,0.9821310390469887
2024-05-09 08:00:00,0.0,340.0,1564,1638,1536,762440.7260756013,808494.0132137532,761106.9046141088,807183.8052407342,1.060402449086364,1.0605393281118465,0.9820971867007673
2024-05-09 08:00:00,0.0,350.0,1566,1632,1537,782049.1817202086,826395.9256450422,781411.0763954704,825063.4496934034,1.0567058248527128,1.0558635200044704,0.9814814814814815
2024-05-09 08:00:00,0.0,360.0,1704,1782,1676,981551.4696873026,1042120.7489762225,981057.488001231,1040776.6916589312,1.0617076955813796,1.060872277504726,0.9835680751173709
2024-05-09 08:00:00,0.0,370.0,1553,1644,1529,418514.9038191226,462344.72317471437,417992.9420880097,460803.48270431475,1.1047270215603469,1.102419290628336,0.9845460399227302
2024-05-09 08:00:00,0.0,380.0,1298,1339,1272,169924.9836450697,192697.91292390204,169507.96668176778,191744.32998021197,1.134017545803619,1.1311818183754778,0.9799691833590138
2024-05-09 08:00:00,0.0,390.0,1317,1375,1290,114157.94365329463,130244.34910807933,113723.03548049825,129018.66061459237,1.1409135881392556,1.1344989172111668,0.979498861047836
2024-05-09 08:00:00,0.0,400.0,1224,1291,1198,127942.53323099265,144090.96130181418,127253.77997011851,142627.16933604295,1.1262162602460475,1.1208089014686589,0.9787581699346405
2024-05-09 08:00:00,0.0,410.0,1187,1260,1170,244624.4494682675,268098.23305071815,244285.6571174733,266855.36676398246,1.0959584523684156,1.092390645905403,0.9856781802864364
2024-05-09 08:00:00,0.0,420.0,1064,1102,1040,90996.72158337513,104800.57596755694,90343.95656192856,103989.26394944871,1.1516961726091872,1.1510373012960378,0.9774436090225563
2024-05-09 08:00:00,0.0,430.0,949,982,923,96331.89580639871,108105.76507452218,95880.33019546399,107241.0173408509,1.1222219200563206,1.1184881937956068,0.9726027397260274
2024-05-09 08:00:00,0.0,440.0,929,961,913,111838.62534609789,125372.64630422463,111502.98156452956,124704.99838730379,1.1210138350345786,1.1184005722316392,0.9827771797631862
2024-05-09 08:00:00,0.0,450.0,940,964,925,84855.24181232438,95961.0798887134,84345.17558663261,95430.60276386469,1.1308798117734666,1.1314292975280609,0.9840425531914894
2024-05-09 08:00:00,0.0,460.0,919,953,910,62422.29449133987,71730.44271663768,62263.592688241406,71192.33768555266,1.149115765467243,1.143402341750791,0.9902067464635473
2024-05-09 08:00:00,0.0,470.0,886,916,878,57927.177493572744,66872.65406965159,57743.77410898676,66282.82594877796,1.1544262462480825,1.1478783119315066,0.9909706546275395
2024-05-09 08:00:00,0.0,480.0,808,834,798,66499.1021981758,76066.20155294739,66215.75673443507,75589.39281397022,1.1438680980422926,1.1415620169853085,0.9876237623762376
2024-05-09 08:00:00,0.0,490.0,776,813,767,172665.13642811027,189456.59792974108,172489.9384948183,188872.64617920373,1.0972487083900808,1.0949777582816957,0.9884020618556701
2024-05-09 16:00:00,8.0,0.0,60,63,60,1865.431558463356,2140.909435557602,1865.431558463356,2107.592343737077,1.147675145648962,1.1298148860916668,1.0
2024-05-09 16:00:00,8.0,10.0,180,180,175,5431.618211118446,6066.946826126039,5348.271092048661,6009.719043607881,1.1169685700123555,1.1236750980223502,0.9722222222222222
2024-05-09 16:00:00,8.0,20.0,293,301,290,9297.138516062852,10474.653513028958,9262.029766780692,10347.277408308455,1.126653485363447,1.1171716857810288,0.9897610921501706
2024-05-09 16:00:00,8.0,30.0,449,456,447,34337.84134951237,37936.86155172267,34313.72845941955,37830.63819882386,1.1048120691565084,1.102492789250912,0.9955456570155902
2024-05-09 16:00:00,8.0,40.0,588,596,587,23960.901931751363,27139.17814557498,23902.713668849858,27032.36311046312,1.1326442645137653,1.1309328089258686,0.9982993197278912
2024-05-09 16:00:00,8.0,50.0,722,722,718,57111.883586580094,63005.50846573016,57056.11305268519,62959.76615779877,1.1031943705764053,1.1034710005510222,0.9944598337950139
2024-05-09 16:00:00,8.0,60.0,835,850,835,239061.28147563085,251320.36274368849,239061.28147563085,251149.63003563174,1.0512800784484513,1.050565898774508,1.0
2024-05-09 16:00:00,8.0,70.0,957,971,950,146832.95421543845,158069.0770083525,146748.9812316627,157825.91977266443,1.0765231677926197,1.0754822176483483,0.9926854754440961
2024-05-09 16:00:00,8.0,80.0,1050,1071,1043,140664.49115412764,152627.14558773706,140397.94799166912,152295.19518048363,1.085043882329207,1.0847394663454801,0.9933333333333333
2024-05-09 16:00:00,8.0,90.0,1135,1153,1128,171492.38301238423,183517.4003138174,171266.68660156342,183166.22935705123,1.070119833255596,1.069479610960017,0.9938325991189427
2024-05-09 16:00:00,8.0,100.0,1254,1273,1247,56402.47745602923,63234.526740575006,56299.88482391058,62918.50935061233,1.1211303047791112,1.1175601788068104,0.9944178628389154
2024-05-09 16:00:00,8.0,110.0,1383,1418,1380,67586.6848814887,75904.86756951323,67553.58677457442,75446.93329504892,1.1230742816075416,1.1168457057182546,0.9978308026030369
2024-05-09 16:00:00,8.0,120.0,1463,1482,1450,54279.99903951897,61697.336254844486,54143.29539543661,61316.07601451732,1.1366495458101478,1.1324777253895273,0.9911141490088858
2024-05-09 16:00:00,8.0,130.0,1474,1518,1470,77516.0645736128,87217.20283709558,77467.79508806269,86625.56052788292,1.1251500358905622,1.1182138387882345,0.9972862957937585
2024-05-09 16:00:00,8.0,140.0,1420,1464,1412,83410.9930691685,93891.16356596607,83322.33689442187,93292.43893288937,1.1256449553131072,1.1196570140741573,0.9943661971830986
2024-05-09 16:00:00,8.0,150.0,1416,1476,1407,129204.15151466732,142263.82747887034,128999.36659769637,141403.89673408004,1.1010778354341073,1.0961596204969675,0.9936440677966102
2024-05-09 16:00:00,8.0,160.0,1433,1478,1410,110056.10167482299,122690.90748760733,109730.18065953051,121841.27383488495,1.1148033195843674,1.1103715778335643,0.9839497557571528
2024-05-09 16:00:00,8.0,170.0,1400,1482,1387,103392.6540360193,115111.9622396364,103182.43085369351,113920.74043448156,1.1133475904345622,1.1040711048571274,0.9907142857142858
2024-05-09 16:00:00,8.0,180.0,1468,1532,1446,92478.4859283022,104085.01176729644,91863.60592169955,103045.0783814743,1.1255051455750766,1.1217181967503578,0.9850136239782016
2024-05-09 16:00:00,8.0,190.0,1524,1597,1505,97653.31328850336,110828.88060376194,97305.75223901862,109681.1223744351,1.1349218666686012,1.1271802524584367,0.9875328083989501
2024-05-09 16:00:00,8.0,200.0,1522,1601,1504,105265.01711772411,117782.87984378984,104839.75084106936,116593.58824216033,1.1189175955015165,1.1121124125801203,0.988173455978975
2024-05-09 16:00:00,8.0,210.0,1593,1644,1577,133772.39224081082,149074.91265522482,133063.80992462827,148201.44697018652,1.1143922161970994,1.1137622397414646,0.9899560577526679
2024-05-09 16:00:00,8.0,220.0,1676,1743,1655,117412.68176118104,131902.429588403,117036.40967514091,130825.86070237236,1.1234087119881504,1.1178218903459785,0.9874701670644391
2024-05-09 16:00:00,8.0,230.0,1683,1760,1665,181714.8789078266,201305.85487431352,181225.0919451447,200174.44817753037,1.1078116227148591,1.1045625416932965,0.9893048128342246
2024-05-09 16:00:00,8.0,240.0,1738,1803,1710,384159.2160058697,411205.6203169044,383130.1226998079,410077.4108987708,1.0704041532368742,1.0703345589458564,0.9838895281933256
2024-05-09 16:00:00,8.0,250.0,1830,1909,1811,203703.7886781736,222098.60136909032,203430.35514379735,220916.1715454337,1.090301770086261,1.0859548044797753,0.9896174863387979
2024-05-09 16:00:00,8.0,260.0,1927,1972,1900,174478.02305668444,191307.13277590912,174019.40333268928,190391.02599587548,1.0964540371583489,1.0940792943180424,0.9859885832900882
2024-05-09 16:00:00,8.0,270.0,1917,1980,1895,202752.6541957092,221407.22020117077,202143.50415376527,220304.66210577116,1.0920065193694335,1.0898428966492595,0.9885237350026083
2024-05-09 16:00:00,8.0,280.0,1904,1997,1871,151869.06724890147,168089.71189511937,151231.56704249076,166410.99882454303,1.1068067707272708,1.1003721119796859,0.9826680672268907
2024-05-09 16:00:00,8.0,290.0,1882,1962,1835,198093.08157055476,216517.03791644238,197394.31237624103,214960.22398223626,1.0930065613590123,1.0889889449930752,0.9750265674814028
2024-05-09 16:00:00,8.0,300.0,1832,1905,1781,151786.04623714916,167743.33452805475,151019.1266052751,166201.85658344056,1.105130139999655,1.1005351462391197,0.9721615720524017
2024-05-09 16:00:00,8.0,310.0,1913,1987,1878,190602.91272593275,205484.69742960978,190087.66607617948,204148.46590876987,1.0780774254225354,1.0739700798207255,0.98170412963931
2024-05-09 16:00:00,8.0,320.0,1858,1894,1794,319980.8688003933,341237.83889225934,318969.23335952393,339974.91211440344,1.0664320031743095,1.0658548742574276,0.9655543595263725
2024-05-09 16:00:00,8.0,330.0,1877,1924,1835,865099.021795002,896586.3728078473,864519.4568118881,895525.9182409178,1.0363973952340297,1.0358655449391192,0.9776238678742675
2024-05-09 16:00:00,8.0,340.0,1905,1969,1858,804047.712752027,826830.9741712876,802551.698361059,825464.6770630712,1.028335708264476,1.0285501591346753,0.9753280839895013
2024-05-09 16:00:00,8.0,350.0,1869,1959,1834,865351.6586896328,881401.0144461382,864626.5121047543,879891.1276329141,1.0185466285241866,1.0176545772243337,0.9812734082397003
2024-05-09 16:00:00,8.0,360.0,2023,2078,1978,1035671.0818440889,1059079.1169528344,1034921.488202525,1057854.1250511687,1.0226018042978142,1.022158817949054,0.9777558082056352
2024-05-09 16:00:00,8.0,370.0,1882,1945,1840,477258.0000792128,503530.4332936229,476291.6344169363,502159.3321528473,1.0550487015619425,1.0543106279151377,0.9776833156216791
2024-05-09 16:00:00,8.0,380.0,1511,1547,1469,215296.53002581012,229857.60775168717,214328.44271084495,228876.78585476085,1.0676326633045663,1.0678787330319168,0.972203838517538
2024-05-09 16:00:00,8.0,390.0,1578,1612,1527,159215.58156801498,171582.69156047795,158313.0581444651,170505.95964489056,1.0776752493108213,1.077017661356141,0.967680608365019
2024-05-09 16:00:00,8.0,400.0,1463,1517,1429,175092.09341751342,190345.83920164412,174155.5542553768,188852.14377345092,1.0871184157228482,1.084387716377529,0.9767600820232399
2024-05-09 16:00:00,8.0,410.0,1396,1413,1360,293708.4636516763,308425.5733025531,293080.69858959643,307682.6226097209,1.0501078840830769,1.049822196038135,0.9742120343839542
2024-05-09 16:00:00,8.0,420.0,1227,1251,1201,128347.03517364201,137833.32580913277,127820.8938816376,137142.0412033805,1.0739112564825253,1.0729235028693689,0.9788101059494703
2024-05-09 16:00:00,8.0,430.0,1111,1142,1089,136815.82672937133,144633.3839917634,136479.74860486726,143971.684765786,1.0571392758372582,1.0548941233956197,0.9801980198019802
2024-05-09 16:00:00,8.0,440.0,1089,1113,1063,157257.9978840995,165788.48898097887,156920.17832061375,164993.4467089933,1.0542451971388218,1.0514482488790227,0.9761248852157943
2024-05-09 16:00:00,8.0,450.0,1089,1094,1045,122606.86469396212,133095.9890779832,121724.98110179332,132392.84653505747,1.0855508736007797,1.0876390806283476,0.9595959595959596
2024-05-09 16:00:00,8.0,460.0,1065,1083,1046,98756.14800414548,107678.84147398523,98442.78169178683,107222.79781290873,1.090350764485723,1.089189029101302,0.9821596244131455
2024-05-09 16:00:00,8.0,470.0,1006,1027,987,92466.83879976558,102290.57263938949,92162.12198943956,101750.55771747338,1.106240615199325,1.1040387907857907,0.9811133200795229
2024-05-09 16:00:00,8.0,480.0,911,923,894,98889.2786579601,109549.688458562,98657.73224983456,109200.87279767683,1.1078014719621356,1.106865831064751,0.9813391877058177
2024-05-09 16:00:00,8.0,490.0,889,918,885,211910.11536647903,230061.37862092874,211840.81067040903,229667.26713337714,1.08565548285913,1.0841502466241184,0.9955005624296963
2024-05-10 00:00:00,16.0,0.0,60,62,60,2157.462120998083,2268.0785189614735,2157.462120998083,2245.3936122965715,1.0512715365367422,1.0407569108364276,1.0
2024-05-10 00:00:00,16.0,10.0,179,173,170,6295.198534917169,6573.061047475056,6196.45449486725,6538.066140193734,1.044138800550401,1.055130178977261,0.9497206703910615
2024-05-10 00:00:00,16.0,20.0,292,292,284,10813.629285218762,11452.059227292337,10719.544132191506,11359.884195154478,1.059039377551647,1.0597357550905535,0.9726027397260274
2024-05-10 00:00:00,16.0,30.0,446,443,441,42474.084214428534,45333.0383269476,42419.3864889855,45299.97309659339,1.0673105533738116,1.067907314226618,0.9887892376681614
2024-05-10 00:00:00,16.0,40.0,586,591,584,28431.521293952414,30901.491126921537,28406.205481660363,30823.742812829252,1.0868743465195618,1.08510595801786,0.9965870307167235
2024-05-10 00:00:00,16.0,50.0,719,724,716,68688.05410575742,72883.7837430206,68645.93708843808,72790.6396307689,1.0610838331626502,1.0603779730909801,0.9958275382475661
2024-05-10 00:00:00,16.0,60.0,832,841,830,312464.6422928784,324245.31901962927,312440.49263357243,324109.92104630684,1.0377024313544847,1.0373492831046718,0.9975961538461539
2024-05-10 00:00:00,16.0,70.0,955,951,944,182779.04793262534,192547.41698763863,182629.4769471901,192469.7650969558,1.053443593045818,1.053881160447123,0.9884816753926702
2024-05-10 00:00:00,16.0,80.0,1052,1048,1031,180101.3220514759,190820.8688534189,179097.4060277496,190596.68075855734,1.0595195342257353,1.0642068189922642,0.9800380228136882
2024-05-10 00:00:00,16.0,90.0,1133,1145,1124,220841.39300789477,229779.02822423115,220676.1083685491,229525.7974257868,1.0404708333641821,1.0401026151977355,0.9920564872021183
2024-05-10 00:00:00,16.0,100.0,1251,1257,1241,65742.93804645505,70352.25642524382,65616.45912131661,70158.60583019629,1.0701112319551607,1.0692226732393746,0.9920063948840927
2024-05-10 00:00:00,16.0,110.0,1377,1390,1367,81045.88880775563,87231.4530361235,80914.32938194684,86946.59222332927,1.0763217520266857,1.0745512307580012,0.9927378358750908
2024-05-10 00:00:00,16.0,120.0,1452,1482,1445,62711.663813858715,68293.31417901837,62544.27759904398,67826.09329119264,1.0890049797072385,1.0844492237324905,0.9951790633608816
2024-05-10 00:00:00,16.0,130.0,1481,1504,1471,93359.49322466757,100133.3366906057,93216.81776963396,99677.11618097985,1.0725565577957565,1.0693040007792498,0.9932478055367995
2024-05-10 00:00:00,16.0,140.0,1433,1446,1413,100431.34286175379,108455.8074972454,100140.51332060118,108040.23716564923,1.0799000033937363,1.0788863925607908,0.9860432658757851
2024-05-10 00:00:00,16.0,150.0,1424,1457,1405,160135.4885881064,169711.8423689578,159723.4604720102,169014.00511018507,1.0598015709402384,1.058166437232951,0.9866573033707865
2024-05-10 00:00:00,16.0,160.0,1446,1483,1422,135759.84664851765,145429.9462348757,135210.33772484103,144665.70422003328,1.071229452780644,1.0699307956351263,0.983402489626556
2024-05-10 00:00:00,16.0,170.0,1410,1443,1377,126319.62031860677,135459.10951337923,125516.67085540922,134607.9488472019,1.0723520951988343,1.0724308406989658,0.9765957446808511
2024-05-10 00:00:00,16.0,180.0,1483,1510,1452,111580.73933620918,120353.64520522434,111075.94615975325,119624.52789902307,1.078623837063681,1.0769615928094365,0.9790964261631827
2024-05-10 00:00:00,16.0,190.0,1540,1566,1506,118737.79700729152,129133.39010404036,118208.45363262869,128401.23055517324,1.0875508335067936,1.0862271403551385,0.977922077922078
2024-05-10 00:00:00,16.0,200.0,1541,1581,1513,127111.71713474562,135945.23446690946,126718.78853998805,135052.9232334663,1.069494123211315,1.065768737134417,0.981829980532122
2024-05-10 00:00:00,16.0,210.0,1599,1624,1575,163552.46779298538,174618.4655376469,162973.68931526563,174040.2065855109,1.067660230958228,1.0679037046822788,0.9849906191369606
2024-05-10 00:00:00,16.0,220.0,1689,1724,1657,142864.6313250348,154176.656244869,142366.992886192,153311.2986732202,1.0791800238793738,1.0768738986836441,0.9810538780343399
2024-05-10 00:00:00,16.0,230.0,1707,1723,1669,221435.19351749538,235485.75360511188,220380.7521713803,234841.0163709371,1.06345224471514,1.0656149144473004,0.9777387229056825
2024-05-10 00:00:00,16.0,240.0,1744,1779,1704,493883.4808224003,511271.4073024097,492393.7634272403,510253.9629152215,1.0352065358635918,1.0362721886720654,0.9770642201834863
2024-05-10 00:00:00,16.0,250.0,1833,1875,1807,250727.7199611398,263699.6638299119,250079.32254427002,262873.8156690482,1.051737174775819,1.0511617393817647,0.9858156028368794
2024-05-10 00:00:00,16.0,260.0,1938,1971,1904,215654.08424184384,229479.01361015282,214911.88118594215,228550.14988639925,1.0641069674933914,1.0634598172292635,0.9824561403508771
2024-05-10 00:00:00,16.0,270.0,1924,1967,1892,251949.1768313707,265478.9485935202,250960.59404515708,264540.25786523666,1.053700400740761,1.0541107414562307,0.9833679833679834
2024-05-10 00:00:00,16.0,280.0,1932,1971,1886,184607.401045869,196757.70229435962,183631.38638290728,195729.7064503441,1.0658169779740936,1.065883726664294,0.9761904761904762
2024-05-10 00:00:00,16.0,290.0,1892,1923,1841,245064.19642673264,260070.61564208788,244324.05814011174,259071.59428315778,1.061234645591494,1.0603605566120256,0.9730443974630021
2024-05-10 00:00:00,16.0,300.0,1837,1887,1781,186046.99637611126,198190.9378838276,185044.09047681492,196959.56460762915,1.065273515532421,1.06439262178063,0.9695155144256941
2024-05-10 00:00:00,16.0,310.0,1917,1969,1871,232983.35686918662,244868.9000310289,232285.5768818017,243663.87067732663,1.0510145588146695,1.0489840736057183,0.9760041731872717
2024-05-10 00:00:00,16.0,320.0,1874,1915,1828,392278.0448319453,405858.5691628197,391471.95394092856,404736.4301940957,1.0346196390794504,1.033883592731572,0.9754535752401281
2024-05-10 00:00:00,16.0,330.0,1884,1913,1840,1073138.8192196693,1088618.180644806,1072298.1873944914,1087738.7613761392,1.0144243793513987,1.0143995151378236,0.9766454352441614
2024-05-10 00:00:00,16.0,340.0,1918,1937,1858,1011003.2570100125,1020900.2493155729,1010009.0543840488,1019920.81953472,1.0097892783598246,1.0098135408862408,0.9687174139728885
2024-05-10 00:00:00,16.0,350.0,1893,1888,1818,1134478.914464502,1145991.5195306041,1132595.9477046416,1145053.002850652,1.0101479233499342,1.010998675362786,0.9603803486529319
2024-05-10 00:00:00,16.0,360.0,2042,2067,1984,1280007.9438144001,1281215.0481022955,1279023.5123592746,1280109.3746588714,1.0009430443722858,1.0008489775904073,0.9715964740450539
2024-05-10 00:00:00,16.0,370.0,1916,1942,1862,581109.4165284316,593530.5555357957,579721.9241040169,592560.230741992,1.0213748713307185,1.022145628971713,0.9718162839248434
2024-05-10 00:00:00,16.0,380.0,1540,1558,1488,263384.841047232,272971.100591459,261949.20244018274,271867.64485348854,1.0363963981606215,1.0378639916476582,0.9662337662337662
2024-05-10 00:00:00,16.0,390.0,1607,1640,1558,192665.73898988118,203308.21615964762,191805.57595217542,202105.09396244533,1.0552380367446927,1.0536976986155917,0.9695084007467331
2024-05-10 00:00:00,16.0,400.0,1496,1506,1449,211450.40289444136,221669.6168212037,210409.89514073887,220460.2109772839,1.04832912960617,1.047765414406117,0.9685828877005348
2024-05-10 00:00:00,16.0,410.0,1418,1412,1367,368007.29887211625,374071.67751708714,367024.3389827693,373480.65951854415,1.0164789629541513,1.017590987436062,0.964033850493653
2024-05-10 00:00:00,16.0,420.0,1246,1251,1207,154427.93674953247,162117.38233684673,153441.89187760264,161529.34486191673,1.0497930992873772,1.0527069425784015,0.9686998394863563
2024-05-10 00:00:00,16.0,430.0,1127,1135,1090,162846.47739210696,167788.70882671792,162059.1776628298,167214.02620404912,1.0303490226731211,1.0318084332869082,0.9671694764862466
2024-05-10 00:00:00,16.0,440.0,1104,1103,1068,189052.51650848362,195887.9709706575,188417.1720347468,195409.98179969055,1.0361563791290085,1.037113441887633,0.967391304347826
2024-05-10 00:00:00,16.0,450.0,1090,1106,1059,146014.0526131319,155539.70306737846,145234.76257477916,154763.65931774623,1.0652379019948512,1.06561030275421,0.9715596330275229
2024-05-10 00:00:00,16.0,460.0,1072,1081,1054,115422.907503722,122549.24744646394,115032.59571439202,122179.89996553544,1.0617411231172817,1.062132860749218,0.9832089552238806
2024-05-10 00:00:00,16.0,470.0,1016,1030,999,108856.44948000516,116114.18796837272,108556.23140310516,115645.627908427,1.0666725630225582,1.0653062142420602,0.9832677165354331
2024-05-10 00:00:00,16.0,480.0,911,917,890,116773.10497548216,125186.94033612346,116332.49825400855,124846.0866439075,1.072052852944245,1.0731832335561968,0.9769484083424808
2024-05-10 00:00:00,16.0,490.0,895,914,886,263241.1073389186,277997.6375727608,263064.5221600592,277635.26675125986,1.0560570891948249,1.0553884821547135,0.9899441340782122
2024-05-10 08:00:00,24.0,0.0,37,42,37,843.4771446490768,1057.8220520721286,843.4771446490768,1001.0687879705923,1.25412058736011,1.186835700672222,1.0
2024-05-10 08:00:00,24.0,10.0,78,96,74,2381.381431534391,3034.2624953142745,2314.8542514666074,2782.3543415667946,1.274160642698559,1.2019565982627183,0.9487179487179487
2024-05-10 08:00:00,24.0,20.0,136,194,134,4481.0979559741945,6083.776543433147,4460.181922917094,5368.409359662599,1.3576531027004806,1.2036301326811119,0.9852941176470589
2024-05-10 08:00:00,24.0,30.0,254,328,251,23828.989950471427,28545.24945702748,23790.24513943876,27625.096693402673,1.1979210833677298,1.161194284946926,0.9881889763779528
2024-05-10 08:00:00,24.0,40.0,356,458,353,13531.374966111878,17780.28421294805,13472.877594673968,16526.253186432074,1.3140042499359588,1.226631287214036,0.9915730337078652
2024-05-10 08:00:00,24.0,50.0,437,553,432,45920.115989791404,53840.428294005935,45829.7994354819,52367.13296944154,1.1724802329762258,1.1426437299417542,0.988558352402746
2024-05-10 08:00:00,24.0,60.0,565,678,562,220343.38929265607,239758.5681853783,220236.64653939675,238360.24836914544,1.0881132806164444,1.0822914901517384,0.9946902654867257
2024-05-10 08:00:00,24.0,70.0,670,773,666,118901.16347903051,134661.17398195015,118837.71007620977,133316.26337934093,1.13254715127913,1.1218346709461682,0.9940298507462687
2024-05-10 08:00:00,24.0,80.0,725,842,717,115057.09340086608,131485.59701181197,114689.78218549673,129935.51111139084,1.142785665145459,1.1329301410760027,0.9889655172413793
2024-05-10 08:00:00,24.0,90.0,793,918,788,154590.8986605307,171175.6292804412,154435.78678049287,169584.78096389564,1.107281416717353,1.0980925114522502,0.9936948297604036
2024-05-10 08:00:00,24.0,100.0,903,1045,894,31910.806292401474,40854.47105223799,31798.91251432626,39006.82866026161,1.280270723274271,1.2266717813915176,0.9900332225913622
2024-05-10 08:00:00,24.0,110.0,943,1133,938,39225.94104007298,50078.37564895596,39171.25270354083,47654.810197853745,1.276664735660419,1.2165761089776448,0.9946977730646872
2024-05-10 08:00:00,24.0,120.0,994,1219,988,27294.420240081137,37449.95783257806,27227.42796289525,34624.71554184135,1.3720737609800475,1.2716851400369844,0.993963782696177
2024-05-10 08:00:00,24.0,130.0,1085,1265,1078,47445.18344283543,59671.055033456374,47339.224028717144,57379.32195967917,1.2576841462811783,1.2120883503470916,0.9935483870967742
2024-05-10 08:00:00,24.0,140.0,1049,1234,1043,52532.66528499428,65376.67078811383,52449.17207906854,63050.81756245304,1.2444955997080998,1.2021317985230011,0.994280266920877
2024-05-10 08:00:00,24.0,150.0,1073,1242,1066,96319.32635300829,112632.93978555332,96200.79321099265,110425.85119700372,1.1693700947695167,1.1478684063946534,0.9934762348555451
2024-05-10 08:00:00,24.0,160.0,1050,1249,1046,78626.11321923483,94724.25092914642,78558.70117368997,92227.51019252025,1.2047428907623199,1.1739948448054036,0.9961904761904762
2024-05-10 08:00:00,24.0,170.0,1038,1215,1029,71365.03979475814,86216.73009468992,71219.21794324537,83853.5219644757,1.2081087650570141,1.1774002072207337,0.9913294797687862
2024-05-10 08:00:00,24.0,180.0,1151,1306,1142,59093.72506898961,73798.7871394848,58959.13415938885,71521.15723094522,1.2488430379592352,1.2130632216815882,0.9921807124239791
2024-05-10 08:00:00,24.0,190.0,1225,1364,1215,63272.035927898825,79701.42371006678,63132.11899886058,77791.97645555457,1.259662701558868,1.2322091779773554,0.9918367346938776
2024-05-10 08:00:00,24.0,200.0,1210,1351,1203,71376.38759535455,87645.10572235353,71244.02186863599,85777.29063854,1.2279285723904836,1.2039928177651358,0.9942148760330578
2024-05-10 08:00:00,24.0,210.0,1306,1437,1298,92427.65542384378,111764.33011360143,92325.66942564973,109930.57346680627,1.2092087546858765,1.190682657928994,0.9938744257274119
2024-05-10 08:00:00,24.0,220.0,1374,1514,1362,78400.06937246806,97273.12544103776,78207.83424862946,95293.86430976178,1.2407275429681877,1.2184695462453845,0.9912663755458515
2024-05-10 08:00:00,24.0,230.0,1433,1534,1422,137258.37844097454,163732.55697722084,137039.5848696116,162291.93269395415,1.192878415415865,1.1842704635187655,0.9923237962316818
2024-05-10 08:00:00,24.0,240.0,1452,1562,1432,329534.1086730602,364406.54716102243,328396.75214277947,362099.6617100536,1.1058234567231404,1.1026286324312393,0.9862258953168044
2024-05-10 08:00:00,24.0,250.0,1565,1663,1550,155349.53122184944,181092.67130192323,154873.65377399026,179608.1626254422,1.1657110895514122,1.1597076600746272,0.9904153354632588
2024-05-10 08:00:00,24.0,260.0,1663,1763,1648,126721.5120792198,151440.8394346806,126383.17181054232,149919.76144745026,1.195068121819818,1.186231990380737,0.9909801563439568
2024-05-10 08:00:00,24.0,270.0,1575,1694,1555,151687.80229304556,177879.63926934398,151041.32234167508,176040.5063501654,1.1726693681387672,1.1655122162658171,0.9873015873015873
2024-05-10 08:00:00,24.0,280.0,1555,1667,1540,106196.00105669023,128315.64355710578,105939.90925241164,126676.64807669978,1.2082907292206557,1.1957405756774904,0.9903536977491961
2024-05-10 08:00:00,24.0,290.0,1465,1614,1456,147400.6837052297,172770.76621062434,147251.78522454307,170787.38119464117,1.172116450668095,1.1598323302784335,0.9938566552901024
2024-05-10 08:00:00,24.0,300.0,1432,1546,1413,106306.27050486476,128458.11186097356,105974.16765782617,126762.48384461807,1.2083775608993366,1.196163995870334,0.986731843575419
2024-05-10 08:00:00,24.0,310.0,1459,1624,1450,138371.08310555088,163093.88248433196,138268.80013655033,160884.03331528607,1.1786702743370323,1.1635599148643916,0.9938313913639479
2024-05-10 08:00:00,24.0,320.0,1486,1606,1461,256617.004758605,291062.2271587567,255971.84852490868,289207.8047837808,1.134228136722871,1.1298422324579882,0.9831763122476447
2024-05-10 08:00:00,24.0,330.0,1504,1621,1487,776217.8192321018,838503.1627695702,775983.0701339843,836872.9242409924,1.0802420944150526,1.0784680187629538,0.9886968085106383
2024-05-10 08:00:00,24.0,340.0,1548,1656,1536,749786.0044307729,793983.6728753349,748773.1195447753,792436.3087023732,1.058947043801006,1.0583129762779724,0.9922480620155039
2024-05-10 08:00:00,24.0,350.0,1548,1637,1526,770103.8093240191,808224.647289505,769557.9402807704,806785.6744899799,1.0495009081943738,1.0483754792987088,0.9857881136950905
2024-05-10 08:00:00,24.0,360.0,1690,1794,1667,965328.5186606008,1013596.3565384564,964842.7335863927,1011854.5199592118,1.0500014626573215,1.0487248177721904,0.9863905325443787
2024-05-10 08:00:00,24.0,370.0,1552,1654,1520,411975.6824332842,447295.82302920334,411033.7575533973,445507.6741106038,1.0857335568626407,1.083871253695575,0.979381443298969
2024-05-10 08:00:00,24.0,380.0,1290,1357,1268,166552.26278456906,190769.87906661935,166038.37745668422,189472.95544319152,1.1454055074194647,1.1411395265689155,0.9829457364341085
2024-05-10 08:00:00,24.0,390.0,1304,1409,1285,111568.23846139904,130840.36835881791,111060.85160029365,129193.85985928623,1.1727384976512536,1.1632709275834927,0.9854294478527608
2024-05-10 08:00:00,24.0,400.0,1223,1308,1202,125165.68749185404,144501.90248955524,124571.23899871617,142794.5998166941,1.1544849501902,1.1462886695553034,0.9828291087489779
2024-05-10 08:00:00,24.0,410.0,1186,1256,1171,240248.15541257657,263793.3750276953,240025.71308184502,262691.1563041924,1.0980037477277804,1.0944292298159688,0.9873524451939292
2024-05-10 08:00:00,24.0,420.0,1057,1112,1038,89047.71493030622,103898.111657221,88499.51435607033,102890.17243387786,1.1667689815346474,1.1626071982712576,0.9820245979186376
2024-05-10 08:00:00,24.0,430.0,944,993,925,94128.04613764194,108392.1819252951,93757.09727602292,107493.54773446036,1.1515396990902684,1.1465110467103843,0.9798728813559322
2024-05-10 08:00:00,24.0,440.0,924,960,913,108919.78308320328,125796.04876761723,108714.75870189955,125114.05359881266,1.1549421529009314,1.1508469971577702,0.9880952380952381
2024-05-10 08:00:00,24.0,450.0,937,966,922,82177.4244369173,97401.21149604951,81590.02485805925,96767.9995879236,1.1852551009409964,1.1860273330749587,0.983991462113127
2024-05-10 08:00:00,24.0,460.0,907,964,899,60382.44306886496,73801.7778330416,60239.160046838544,72840.30471832721,1.222239016544464,1.2091852652276482,0.9911797133406836
2024-05-10 08:00:00,24.0,470.0,880,919,874,56135.185394050975,68479.85541015767,56049.09116996237,67853.25181050596,1.2199096685875548,1.2106039615298818,0.9931818181818182
2024-05-10 08:00:00,24.0,480.0,791,839,783,64728.42303634716,78456.75528809478,64514.71163554583,77655.68283306826,1.212091251536264,1.203689528549053,0.9898862199747156
2024-05-10 08:00:00,24.0,490.0,762,812,755,170376.0467970766,192830.21351777992,170183.22492884786,192100.72392353433,1.1317918049093307,1.1287876581481517,0.9908136482939632
2024-05-10 16:00:00,32.0,0.0,59,63,59,1841.1066891588835,2170.9597626244704,1841.1066891588835,2125.834433907852,1.179160216736968,1.154650323322136,1.0
2024-05-10 16:00:00,32.0,10.0,181,189,181,5369.182875244092,6238.824627903329,5369.182875244092,6147.915506685232,1.1619691064480089,1.1450374571951485,1.0
2024-05-10 16:00:00,32.0,20.0,295,304,294,9299.490244736706,10596.722664159779,9287.802776036351,10479.358674708654,1.139495002982263,1.1282925496379683,0.9966101694915255
2024-05-10 16:00:00,32.0,30.0,450,464,449,34435.87773790421,38517.403039532976,34425.47083433135,38346.37786473194,1.1185253743985784,1.1138955237321084,0.9977777777777778
2024-05-10 16:00:00,32.0,40.0,588,594,587,24069.658885930257,27406.568435479145,24059.59795347254,27327.999924126016,1.1386355147517049,1.135846075939176,0.9982993197278912
2024-05-10 16:00:00,32.0,50.0,721,727,721,57815.648677498095,64345.79957399525,57815.648677498095,64261.359514964846,1.1129478099073669,1.1114873046469065,1.0
2024-05-10 16:00:00,32.0,60.0,836,846,836,240685.4761621122,252842.57779651764,240685.4761621122,252730.1071904351,1.0505103250443624,1.0500430321778549,1.0
2024-05-10 16:00:00,32.0,70.0,956,978,955,147708.25913913484,159810.19507765287,147697.06766508572,159533.54630682495,1.0819313422895231,1.0801402412983536,0.9989539748953975
2024-05-10 16:00:00,32.0,80.0,1050,1074,1045,141237.7707323166,154333.8616470011,140908.3863644736,153972.39236948284,1.0927237158076155,1.092712764243981,0.9952380952380953
2024-05-10 16:00:00,32.0,90.0,1135,1152,1125,173291.7556353045,185637.8422077688,173018.03966717428,185273.08641448268,1.071244512049649,1.0708310345608052,0.9911894273127754
2024-05-10 16:00:00,32.0,100.0,1251,1272,1246,56373.16335699311,63704.24412282639,56295.69131250359,63375.96782282027,1.1300455807208816,1.1257694211625056,0.9960031974420464
2024-05-10 16:00:00,32.0,110.0,1386,1415,1382,67396.94922221579,75932.24317822406,67342.0819480317,75513.73604437946,1.126642141143012,1.1213454330481478,0.9971139971139971
2024-05-10 16:00:00,32.0,120.0,1457,1499,1451,54240.03676821186,62512.23919762578,54144.08320753671,61891.48148555886,1.1525110033528214,1.1430885485368,0.9958819492107069
2024-05-10 16:00:00,32.0,130.0,1479,1517,1469,77918.8724943529,86858.80105157608,77795.96456057404,86270.86688574981,1.1147338028777445,1.1089375570191302,0.993238674780257
2024-05-10 16:00:00,32.0,140.0,1417,1459,1408,83843.65403237214,92509.93010972001,83729.51272852684,91888.18585827257,1.103362337643369,1.0974408289726743,0.9936485532815809
2024-05-10 16:00:00,32.0,150.0,1427,1467,1405,129833.35467330685,140548.4730374184,129444.03471038236,139797.22679982014,1.0825297812805765,1.0799819946326765,0.98458304134548
2024-05-10 16:00:00,32.0,160.0,1432,1478,1413,110555.35629180988,121695.75535094841,110172.64163631373,120882.43996377209,1.1007676102977186,1.0972092360534662,0.986731843575419
2024-05-10 16:00:00,32.0,170.0,1393,1477,1378,103991.93683851726,114259.357234906,103543.82396336841,112966.81393496273,1.0987328509164358,1.091004848101109,0.9892318736539842
2024-05-10 16:00:00,32.0,180.0,1465,1525,1437,92985.43657000171,103628.50008252537,92420.01461839734,102563.52729927085,1.114459467042576,1.109754502017297,0.9808873720136518
2024-05-10 16:00:00,32.0,190.0,1522,1592,1500,97824.6089845562,109871.14895744792,97379.23343360653,108688.1929984135,1.1231442690948403,1.116133175072871,0.985545335085414
2024-05-10 16:00:00,32.0,200.0,1524,1597,1510,105389.79276645694,117289.78184497217,105005.07649751678,116243.04409393569,1.1129140571030964,1.1070230885140555,0.9908136482939632
2024-05-10 16:00:00,32.0,210.0,1590,1635,1573,134450.4825332499,146281.89823956697,134129.6605839479,145530.63305289787,1.08799831345634,1.0849996370624857,0.9893081761006289
2024-05-10 16:00:00,32.0,220.0,1666,1737,1641,117686.01743651048,129968.94044620328,117277.235534893,128718.61250219976,1.1043702835497788,1.0975583787861596,0.9849939975990396
2024-05-10 16:00:00,32.0,230.0,1686,1757,1661,182328.13866933616,199451.99815229457,181674.00136032363,198251.9453456662,1.0939178099877038,1.0912510533219482,0.9851720047449585
2024-05-10 16:00:00,32.0,240.0,1737,1796,1710,387393.6623921591,406889.84805188095,385626.21549484064,405890.99452563236,1.0503265477791577,1.0525503148295758,0.9844559585492227
2024-05-10 16:00:00,32.0,250.0,1831,1880,1804,205483.63642775893,221471.7437198524,205029.73738353155,220565.94934621372,1.0778072043596247,1.075775407806429,0.9852539595849262
2024-05-10 16:00:00,32.0,260.0,1920,1965,1889,176056.47449190833,190783.9796463164,175491.77397221615,189784.2331670919,1.083652164437071,1.0814423312920556,0.9838541666666667
2024-05-10 16:00:00,32.0,270.0,1909,1957,1880,204262.2016331412,219482.7060584622,203810.41246349068,218509.81151925196,1.0745145421112092,1.0721229051945245,0.9848088004190676
2024-05-10 16:00:00,32.0,280.0,1903,1993,1880,152713.80253158338,167664.07926677237,151905.48793600034,166032.13525410887,1.0978973510406635,1.0929962933535375,0.9879138202837625
2024-05-10 16:00:00,32.0,290.0,1876,1946,1823,199396.6429661105,216803.39120402906,198682.0189190476,215340.3369425505,1.0872970977795098,1.0838441149034743,0.9717484008528785
2024-05-10 16:00:00,32.0,300.0,1832,1909,1782,152578.93530958315,165918.0383135943,151745.20013223757,164399.88831165497,1.087424276338972,1.083394322643415,0.972707423580786
2024-05-10 16:00:00,32.0,310.0,1915,1977,1873,191400.43678012298,204070.1375984759,190859.8956096311,202789.42177755485,1.0661947330502053,1.0625041008736766,0.9780678851174934
2024-05-10 16:00:00,32.0,320.0,1861,1901,1812,321145.1860727454,333263.9826598335,320271.29076372634,332129.6952612697,1.037736192577842,1.0370261239128413,0.9736700698549167
2024-05-10 16:00:00,32.0,330.0,1868,1905,1823,869362.7865661653,872545.2752266596,867538.9196542508,871315.2512757005,1.003660714157164,1.004352924734437,0.9759100642398287
2024-05-10 16:00:00,32.0,340.0,1900,1953,1852,803419.4763040398,792948.8914878168,801826.9298363744,791618.5117113101,0.9869674744949043,0.9872685516721826,0.9747368421052631
2024-05-10 16:00:00,32.0,350.0,1871,1918,1819,846172.1661018347,820696.9615494529,845243.9583575452,819517.7069487692,0.9698935919037119,0.9695635193195978,0.9722073757349011
2024-05-10 16:00:00,32.0,360.0,2023,2076,1977,1037257.1975899411,1007220.7241222824,1036526.164829947,1006013.373676527,0.9710424053576603,0.9705624496624009,0.9772614928324271
2024-05-10 16:00:00,32.0,370.0,1896,1949,1849,481826.81564173254,482619.1828280346,480057.3386104092,481360.4502457996,1.0016445062013553,1.0027144916462738,0.9752109704641351
2024-05-10 16:00:00,32.0,380.0,1503,1554,1463,216720.0106963776,220720.27443328296,215495.0351289823,219589.72474725873,1.0184582112378615,1.0190013176676,0.9733865602129075
2024-05-10 16:00:00,32.0,390.0,1567,1605,1528,159877.8438570024,165916.77777795974,158823.70930182078,164887.8786377083,1.0377721751511653,1.0381817636834274,0.9751116783663051
2024-05-10 16:00:00,32.0,400.0,1472,1522,1438,176733.16998521722,187082.5994091051,175915.59174604175,185892.12667674554,1.0585596321548103,1.0567120562292527,0.9769021739130435
2024-05-10 16:00:00,32.0,410.0,1402,1421,1368,294898.07727965,298226.40190034657,294200.46637365216,297571.371711215,1.0112863557856986,1.0114578517808384,0.9757489300998573
2024-05-10 16:00:00,32.0,420.0,1240,1250,1206,129051.13822575998,135058.11982509185,128314.75407475577,134452.94564040023,1.0465472965362255,1.0478369896735988,0.9725806451612903
2024-05-10 16:00:00,32.0,430.0,1113,1143,1087,137036.4040370178,144067.33801035013,136501.97724936198,143225.77030555805,1.051307052478063,1.0492578436714732,0.9766397124887691
2024-05-10 16:00:00,32.0,440.0,1088,1120,1071,157360.7078928888,166795.86980368782,157136.49221229565,166050.86736451235,1.0599588171478058,1.0567301396811961,0.984375
2024-05-10 16:00:00,32.0,450.0,1089,1111,1060,123169.86288576735,133608.11487319664,122269.28267424516,132735.07955385657,1.0847468020412603,1.0855962891963211,0.9733700642791552
2024-05-10 16:00:00,32.0,460.0,1070,1082,1054,99232.88889950806,108696.30158854515,99029.43743322318,108261.63123293492,1.0953656876665212,1.0932267620518104,0.9850467289719627
2024-05-10 16:00:00,32.0,470.0,1005,1024,992,92958.04194240371,102670.59105384207,92728.35472573017,102268.8498920938,1.104483150768776,1.1028864924281498,0.9870646766169154
2024-05-10 16:00:00,32.0,480.0,907,926,892,99222.30621822993,110177.17097596807,98976.7620999739,109775.21823819508,1.1104072781138947,1.1091009233795095,0.9834619625137817
2024-05-10 16:00:00,32.0,490.0,890,919,883,212471.32677175332,230241.87876134642,212166.4181680614,229811.487832725,1.0836374124433414,1.0831661759529094,0.9921348314606742
2024-05-11 00:00:00,40.0,0.0,62,59,59,2176.223743803744,2177.1703696724535,2144.1011038471515,2177.1703696724535,1.000434985543837,1.0154233705518672,0.9516129032258065
2024-05-11 00:00:00,40.0,10.0,177,171,168,6147.562011368947,6394.142119452215,6047.3120445494005,6359.502996004305,1.0401102270505376,1.0516247465245803,0.9491525423728814
2024-05-11 00:00:00,40.0,20.0,298,293,290,10896.672430077439,11695.597882525912,10806.590179368719,11661.074781444082,1.0733182957985639,1.0790706955563738,0.9731543624161074
2024-05-11 00:00:00,40.0,30.0,451,452,444,42438.10308444082,45290.55697154568,42359.661990299464,45195.583478302346,1.0672144530453969,1.0669486335526548,0.9844789356984479
2024-05-11 00:00:00,40.0,40.0,587,590,584,28553.125597654947,30712.265690812743,28500.617731593004,30644.380389074708,1.0756183446808052,1.0752181120307907,0.9948892674616695
2024-05-11 00:00:00,40.0,50.0,720,716,712,69256.40472589355,74029.49117110798,69144.33165500709,73978.1161214792,1.06891906191356,1.0699086150776622,0.9888888888888889
2024-05-11 00:00:00,40.0,60.0,838,836,833,309119.46028444136,322036.0658173705,309061.1853761901,322002.3162730488,1.041785158142563,1.0418723913231185,0.9940334128878282
2024-05-11 00:00:00,40.0,70.0,953,955,943,182904.4214831001,195106.9643971541,182698.7009153142,194971.50272871403,1.0667154069601401,1.0671750907472988,0.9895068205666316
2024-05-11 00:00:00,40.0,80.0,1050,1049,1029,179479.09856113937,190556.2229754199,178710.19219680715,190288.0580031769,1.061718186145821,1.064785705079537,0.98
2024-05-11 00:00:00,40.0,90.0,1141,1142,1125,221706.33620042773,234064.23776769638,221322.41181601165,233866.4920839956,1.0557399566429027,1.0566778581755742,0.985977212971078
2024-05-11 00:00:00,40.0,100.0,1247,1258,1237,65331.4747903892,69609.11476942612,65187.71660357823,69348.15541864348,1.065475943911589,1.0638224351432013,0.991980753809142
2024-05-11 00:00:00,40.0,110.0,1383,1398,1371,80275.93337409213,86402.43363928972,80140.41216247623,86073.0390176402,1.0763180197064495,1.0740279054609325,0.9913232104121475
2024-05-11 00:00:00,40.0,120.0,1449,1473,1438,62687.27400964601,67832.91487673395,62545.99253225577,67413.26114504797,1.0820842977842067,1.0778190322950283,0.9924085576259489
2024-05-11 00:00:00,40.0,130.0,1485,1507,1473,93457.83454911441,99654.244738942,93236.40274112395,99233.62373586281,1.0663016666256184,1.0643227411013536,0.9919191919191919
2024-05-11 00:00:00,40.0,140.0,1432,1450,1413,100349.10389504083,107473.65121782917,100062.13854105584,107004.09432129757,1.0709976177788314,1.0693764482896138,0.986731843575419
2024-05-11 00:00:00,40.0,150.0,1429,1457,1413,159596.5339913519,167973.69605377252,159254.20682563633,167423.24450902452,1.0524896240094699,1.051295584877907,0.9888033589923023
2024-05-11 00:00:00,40.0,160.0,1450,1489,1429,135358.4366269494,144839.34383544582,134861.01533007558,144087.2850041792,1.07004297216158,1.0684131707856575,0.9855172413793103
2024-05-11 00:00:00,40.0,170.0,1416,1463,1394,126533.32757153749,135238.47422377038,125951.92297090421,134396.4469683664,1.0687972632926397,1.0670456138999396,0.9844632768361582
2024-05-11 00:00:00,40.0,180.0,1482,1526,1463,111927.9136601513,119901.7954239104,111602.29900446041,119129.34667915993,1.0712412257407955,1.0674452743522667,0.9871794871794872
2024-05-11 00:00:00,40.0,190.0,1542,1584,1516,118691.74195917725,128891.4785214565,118291.5539140405,128046.50972084343,1.0859346774587515,1.0824653619301645,0.9831387808041504
2024-05-11 00:00:00,40.0,200.0,1545,1583,1515,126788.86405049087,137871.76713000375,126113.27049252122,137010.4877772587,1.0874122752223678,1.0864081729240676,0.9805825242718447
2024-05-11 00:00:00,40.0,210.0,1605,1640,1579,162423.8822262155,174360.20774350638,161943.99324136,173623.31166384846,1.0734887342531723,1.0721194913668808,0.9838006230529595
2024-05-11 00:00:00,40.0,220.0,1690,1728,1656,142646.77212461358,153542.26816506725,142025.53257161257,152631.97737765737,1.0763809504987296,1.0746798453348294,0.9798816568047337
2024-05-11 00:00:00,40.0,230.0,1713,1736,1684,222290.81597794453,238514.97358914977,221653.19812922738,237898.9595446939,1.0729861804673702,1.0732936025854,0.9830706363105662
2024-05-11 00:00:00,40.0,240.0,1753,1796,1720,492571.3071826893,518997.4855310585,491454.98207439145,518119.1436385043,1.053649447223218,1.05425555246498,0.9811751283513976
2024-05-11 00:00:00,40.0,250.0,1837,1884,1819,251150.25151250605,269877.70348698075,250850.5836849569,269100.56543512084,1.074566725940715,1.0727523989861794,0.9902014153511159
2024-05-11 00:00:00,40.0,260.0,1938,1989,1910,217273.56702035462,234115.9602755483,216648.1280104495,232993.8053816168,1.0775169915336082,1.075448043430031,0.9855521155830753
2024-05-11 00:00:00,40.0,270.0,1926,1979,1898,253473.9687551618,270407.611938389,252619.29611354397,269419.411424939,1.0668062415497346,1.066503689820448,0.9854620976116303
2024-05-11 00:00:00,40.0,280.0,1936,2000,1894,185092.19666971554,200093.83798094222,183543.55129377497,198523.6442140206,1.0810495611438233,1.0816160132821495,0.9783057851239669
2024-05-11 00:00:00,40.0,290.0,1904,1988,1868,245298.83186049422,265370.92373846006,244740.50569463862,263864.3399357776,1.0818270993209669,1.0781392282689801,0.9810924369747899
2024-05-11 00:00:00,40.0,300.0,1849,1919,1801,186032.68985425407,200784.49916656865,185001.0848946355,199328.17487226095,1.0792968661791202,1.0774432754585477,0.9740400216333153
2024-05-11 00:00:00,40.0,310.0,1915,1986,1884,232217.17660892388,248724.6069907241,231786.7678660405,247466.02535183704,1.0710861729647172,1.0676451793609645,0.9838120104438642
2024-05-11 00:00:00,40.0,320.0,1886,1927,1842,390077.0994390077,410109.91544384183,389100.18077481736,409059.6421010603,1.0513560422635537,1.0512964586305191,0.9766702014846236
2024-05-11 00:00:00,40.0,330.0,1894,1931,1853,1070759.892938851,1107011.1817275453,1068932.2437550635,1106018.1972311307,1.0338556655210513,1.0346943912420374,0.9783526927138332
2024-05-11 00:00:00,40.0,340.0,1917,1955,1877,1002721.9488210233,1021214.5428440841,1001956.6416559794,1020235.1584534282,1.018442394768364,1.0182428221317432,0.9791340636411059
2024-05-11 00:00:00,40.0,350.0,1912,1933,1849,1094657.9143396944,1106396.3571348628,1093404.0010606986,1105273.2087042318,1.0107233891441318,1.0108552809684426,0.9670502092050209
2024-05-11 00:00:00,40.0,360.0,2042,2116,2008,1277444.722667806,1293602.142412317,1276934.1652254425,1292176.972128794,1.0126482339766278,1.011937034279806,0.9833496571988247
2024-05-11 00:00:00,40.0,370.0,1915,1983,1876,581135.0656794163,601252.5260801069,580015.3481833765,599873.1289995618,1.0346175297082973,1.0342366471480116,0.9796344647519583
2024-05-11 00:00:00,40.0,380.0,1544,1572,1494,263726.02621794154,274286.1329256325,262506.90041527146,273330.0571838482,1.040041958919004,1.0412299895791506,0.9676165803108808
2024-05-11 00:00:00,40.0,390.0,1612,1625,1565,191705.62116276694,198830.8468472904,190760.878356754,198029.1408921054,1.0371675365662534,1.0381014314777823,0.9708436724565757
2024-05-11 00:00:00,40.0,400.0,1497,1524,1454,210923.67741857568,220723.5237469589,209393.9861860156,219711.30123936784,1.0464615753353075,1.0492722605900766,0.9712758851035405
2024-05-11 00:00:00,40.0,410.0,1426,1450,1396,366878.40552522603,376025.3718884501,366330.6841223273,375331.42139918136,1.024931874499752,1.0245699791662783,0.9789621318373072
2024-05-11 00:00:00,40.0,420.0,1245,1265,1215,153956.15356214385,161121.11272762335,153128.03050332196,160391.17693859732,1.0465389593056271,1.0474318543208703,0.9759036144578314
2024-05-11 00:00:00,40.0,430.0,1132,1151,1104,161928.32048775099,169286.18942240358,161374.07956386107,168579.24197680043,1.0454390492811243,1.0446488211267413,0.9752650176678446
2024-05-11 00:00:00,40.0,440.0,1107,1145,1085,187642.25433187233,197899.07239052368,187266.65494680492,197137.21908067897,1.0546615584809096,1.0527086049391863,0.980126467931346
2024-05-11 00:00:00,40.0,450.0,1098,1094,1057,145437.19848454883,155936.05881671875,144162.29463237856,155328.90590537037,1.072188273987451,1.0774586121944525,0.9626593806921676
2024-05-11 00:00:00,40.0,460.0,1073,1076,1055,115299.60655065051,123930.68258756306,115013.91580687952,123619.13655605387,1.0748578099711117,1.0748189528963037,0.983224603914259
2024-05-11 00:00:00,40.0,470.0,1014,1031,999,108379.3738527178,116767.647550728,108148.68982718606,116360.02247422947,1.0773973257070986,1.0759263256925677,0.985207100591716
2024-05-11 00:00:00,40.0,480.0,910,926,894,116585.18101578855,125986.56046759614,116137.57431645854,125585.07031738776,1.0806395750291318,1.0813474541424992,0.9824175824175824
2024-05-11 00:00:00,40.0,490.0,901,913,890,260607.5896376961,279112.0340342924,260239.30024731567,278850.6406564617,1.0710050095713701,1.0715162559669464,0.9877913429522752
2024-05-11 08:00:00,48.0,0.0,36,43,32,847.7079635157506,1058.48817236041,795.7884962683497,934.3191019975601,1.2486471968134851,1.17407967868198,0.8888888888888888
2024-05-11 08:00:00,48.0,10.0,77,104,76,2358.887561184289,3053.771917259483,2341.2209615942197,2732.8658707112645,1.2945813812873406,1.1672823349618227,0.987012987012987
2024-05-11 08:00:00,48.0,20.0,148,185,145,4663.977410723895,5985.263430764722,4626.2804202906145,5501.024869856988,1.283295973304414,1.1890815882517176,0.9797297297297297
2024-05-11 08:00:00,48.0,30.0,262,342,260,23880.604946759482,28598.202052791887,23859.198261375444,27613.44753797948,1.197549313199981,1.1573501856800283,0.9923664122137404
2024-05-11 08:00:00,48.0,40.0,377,458,373,13869.322338468406,17808.39974574889,13803.728036058676,16808.533514014638,1.2840136894327512,1.2176807214765957,0.9893899204244032
2024-05-11 08:00:00,48.0,50.0,447,536,438,46195.398700567326,53491.517435425245,46032.18859454974,52322.882353744455,1.1579403780482647,1.1366585850306397,0.9798657718120806
2024-05-11 08:00:00,48.0,60.0,577,673,571,219838.13133851625,240159.28773161338,219767.2735376038,238962.17981609778,1.0924369046869569,1.0873419684810788,0.9896013864818024
2024-05-11 08:00:00,48.0,70.0,677,764,666,118741.25381091356,134498.21975473384,118617.58038227643,133356.0507478377,1.1327000131640184,1.1242519896128607,0.983751846381093
2024-05-11 08:00:00,48.0,80.0,738,834,721,115539.31738847669,131807.01251956707,115269.52634296345,130279.08118882909,1.1407979162313524,1.1302126877940615,0.9769647696476965
2024-05-11 08:00:00,48.0,90.0,803,917,791,155229.50045496674,173412.0115404005,154934.16695021826,171935.4007354788,1.1171330902447159,1.1097319856550634,0.9850560398505604
2024-05-11 08:00:00,48.0,100.0,915,1047,901,32295.81310456791,40869.09068980539,32130.649925207836,39090.31051907801,1.2654609610688166,1.2166050363148748,0.9846994535519126
2024-05-11 08:00:00,48.0,110.0,963,1119,948,39539.805827626806,49406.47713822864,39311.48443705938,47347.98604479401,1.2495376773880844,1.2044313951207228,0.9844236760124611
2024-05-11 08:00:00,48.0,120.0,1022,1224,1013,27894.311899886645,36943.1311025739,27800.931557749544,34358.998538391636,1.3243965735797205,1.2358937853222411,0.9911937377690803
2024-05-11 08:00:00,48.0,130.0,1112,1283,1102,48097.37180256048,59535.09610798803,47972.976391988384,57391.197203889744,1.2378035197511281,1.1963234620871726,0.9910071942446043
2024-05-11 08:00:00,48.0,140.0,1067,1211,1052,53094.01427177823,64289.99206705539,52892.715129264296,62333.05629864497,1.2108708099931391,1.1784809334576503,0.985941893158388
2024-05-11 08:00:00,48.0,150.0,1096,1244,1086,97152.00272104773,112108.49522840069,96999.82209724575,110124.47627049002,1.1539493997905272,1.1353059612839944,0.9908759124087592
2024-05-11 08:00:00,48.0,160.0,1069,1248,1064,79319.0901158103,93060.1103082556,79263.50778217336,90802.42770967883,1.1732372392621075,1.145576700430871,0.9953227315247896
2024-05-11 08:00:00,48.0,170.0,1061,1193,1044,72011.77296827281,85579.91304756381,71576.1583202292,83665.81896921332,1.1884155815087194,1.1689062522033582,0.9839773798303487
2024-05-11 08:00:00,48.0,180.0,1177,1304,1166,60283.5852215061,73024.14654567293,59894.05251423434,71244.13542406034,1.2113437891484538,1.189502670688856,0.9906542056074766
2024-05-11 08:00:00,48.0,190.0,1243,1371,1232,63911.76128266866,78589.945432492,63727.08076570224,76802.24471785211,1.2296632709730018,1.205174374772034,0.9911504424778761
2024-05-11 08:00:00,48.0,200.0,1228,1356,1217,72447.01315745251,88067.93633970103,72269.32212235981,86383.89737316091,1.2156185949074094,1.1953052116208258,0.991042345276873
2024-05-11 08:00:00,48.0,210.0,1316,1419,1303,92609.81044609856,111489.93871628463,92090.752254362,110011.225828089,1.2038674755864534,1.1945957996328362,0.9901215805471124
2024-05-11 08:00:00,48.0,220.0,1389,1508,1375,79423.06054353467,96560.34072491096,79214.26753682442,94827.04118326296,1.2157720952088307,1.1970954744886155,0.9899208063354932
2024-05-11 08:00:00,48.0,230.0,1443,1540,1428,139463.90400470796,164226.67164680178,139192.90897711384,162573.19259208904,1.1775568224539152,1.1679703642002295,0.9896049896049897
2024-05-11 08:00:00,48.0,240.0,1464,1559,1450,332957.50408507703,372861.95148254524,332272.385810127,371420.7253642139,1.1198484698734161,1.1178200212414213,0.9904371584699454
2024-05-11 08:00:00,48.0,250.0,1578,1677,1556,157795.19796235347,185744.91228041795,156968.18364597904,184160.48660955377,1.1771265201919052,1.1732344882380965,0.9860583016476553
2024-05-11 08:00:00,48.0,260.0,1677,1791,1668,129741.1395238785,155384.41175284935,129542.48702073582,153743.4368156576,1.1976495067260549,1.1868186287873872,0.9946332737030411
2024-05-11 08:00:00,48.0,270.0,1583,1705,1565,154865.96814525904,181983.0082692025,154446.46263152122,180181.79490066285,1.1751000587715215,1.1666294703721447,0.9886291850915983
2024-05-11 08:00:00,48.0,280.0,1570,1699,1551,108262.47079335249,131718.15711625625,107386.83944331977,129816.37243740859,1.2166557455323104,1.2088666833884,0.9878980891719745
2024-05-11 08:00:00,48.0,290.0,1475,1616,1460,149085.40796110564,176708.3214412482,148837.22973162163,174741.1375265933,1.1852824757158595,1.1740418566085966,0.9898305084745763
2024-05-11 08:00:00,48.0,300.0,1439,1574,1422,107855.47352892434,132067.71235421736,107449.39047430613,130112.1310667417,1.224487807925667,1.210915487676543,0.9881862404447533
2024-05-11 08:00:00,48.0,310.0,1486,1637,1474,139903.11038204058,166703.71164024022,139740.15238617876,164626.3571115201,1.1915654425767508,1.17808914832558,0.9919246298788694
2024-05-11 08:00:00,48.0,320.0,1499,1629,1482,257141.9536077089,295844.4453610033,256720.73678281443,293883.3149282729,1.150510219006651,1.1447587702153488,0.9886591060707138
2024-05-11 08:00:00,48.0,330.0,1517,1624,1501,775989.3433443452,851330.6983824052,775631.1935112091,849742.3884330691,1.0970907083766837,1.0955495286185766,0.989452867501648
2024-05-11 08:00:00,48.0,340.0,1563,1664,1547,750152.5224700484,806824.6800595743,749712.2663261594,805345.0632865303,1.0755475131949432,1.074205531187305,0.9897632757517595
2024-05-11 08:00:00,48.0,350.0,1560,1658,1539,770064.5420956756,824734.8964746634,769611.7727040325,823027.800214024,1.0709945094085314,1.0694064584307412,0.9865384615384616
2024-05-11 08:00:00,48.0,360.0,1693,1802,1680,963432.8692586126,1035176.7791638584,963109.4257436531,1033519.2952714132,1.07446695270056,1.0731068221800384,0.9923213230950975
2024-05-11 08:00:00,48.0,370.0,1553,1660,1525,412321.3160499082,466551.83181653026,411596.1058575798,464691.0113884025,1.1315248900691273,1.1289975895670756,0.9819703799098519
2024-05-11 08:00:00,48.0,380.0,1294,1352,1268,168142.50878296891,195976.8874495816,167506.466198402,194748.71484551474,1.1655404030074281,1.1626340120795446,0.9799072642967542
2024-05-11 08:00:00,48.0,390.0,1311,1400,1295,112325.97875447509,132432.10042411296,111993.34930840992,130887.50445044538,1.1789979654981357,1.168707831837445,0.9877955758962624
2024-05-11 08:00:00,48.0,400.0,1228,1312,1205,125906.07901237706,147044.164139328,125189.24510339556,145322.99607092194,1.167887724665566,1.160826522684897,0.9812703583061889
2024-05-11 08:00:00,48.0,410.0,1199,1272,1189,241374.69118871307,270784.50837526744,241187.49441956315,269666.4936094992,1.121843002850539,1.1180782579895903,0.9916597164303587
2024-05-11 08:00:00,48.0,420.0,1064,1116,1044,89908.85888073171,106383.07007218071,89414.7746186628,105392.86442746094,1.1832323465844763,1.1786963046872474,0.981203007518797
2024-05-11 08:00:00,48.0,430.0,942,999,930,94503.94331890748,109948.692018884,94302.2141200486,108977.7391522986,1.1634296745465698,1.1556222742932396,0.9872611464968153
2024-05-11 08:00:00,48.0,440.0,931,967,917,109575.85730886216,126689.4331138433,109268.85882151173,126056.2794194968,1.1561801680158705,1.1536340800026743,0.9849624060150376
2024-05-11 08:00:00,48.0,450.0,936,973,922,83064.48815101365,98183.07844188873,82737.78191768055,97411.2630940422,1.182010274515736,1.177349221072435,0.9850427350427351
2024-05-11 08:00:00,48.0,460.0,908,964,899,61482.05327450634,74949.00059254783,61327.07697372942,74093.22945476213,1.2190386722758588,1.2081650245046136,0.9900881057268722
2024-05-11 08:00:00,48.0,470.0,882,926,876,56952.08318032467,68980.08317612726,56782.160583084085,68264.42053729143,1.2111950840800485,1.2022159748114272,0.9931972789115646
2024-05-11 08:00:00,48.0,480.0,803,827,793,65712.33636865288,78803.43234257388,65511.612159953336,78340.0798143819,1.1992182396388804,1.1958197521243492,0.987546699875467
2024-05-11 08:00:00,48.0,490.0,777,806,766,171490.72121214643,193167.1307455877,171304.11831908577,192657.84888758737,1.1263998972085842,1.124653924132322,0.9858429858429858
2024-05-11 16:00:00,56.0,0.0,59,61,59,1862.8209649313224,2022.3995356418384,1862.8209649313224,1999.0587764527024,1.0856650068442832,1.073135214862907,1.0
2024-05-11 16:00:00,56.0,10.0,180,185,177,5289.053006695389,5828.240291742462,5253.609106395309,5740.495843814624,1.1019440123524038,1.0926766205020124,0.9833333333333333
2024-05-11 16:00:00,56.0,20.0,293,296,287,9093.452193688148,10199.509214664595,9022.58495788579,10098.271676305394,1.1216322467438902,1.1192215671496057,0.9795221843003413
2024-05-11 16:00:00,56.0,30.0,448,453,444,33189.206554222445,38247.107985113034,33133.60051881863,38138.618739076715,1.1523959731495028,1.1510556698302505,0.9910714285714286
2024-05-11 16:00:00,56.0,40.0,587,591,583,23715.371804620332,27033.61541538799,23665.48258760487,26941.932749454958,1.139919527220787,1.1384484829211206,0.9931856899488927
2024-05-11 16:00:00,56.0,50.0,719,722,715,57454.02310056302,63480.51751010856,57364.2285271756,63388.96468132405,1.1048924702626524,1.1050260120084123,0.9944367176634215
2024-05-11 16:00:00,56.0,60.0,836,849,833,231195.28230683808,244144.52811275155,231163.61669160792,243951.33614300346,1.0560099915392196,1.055318910624484,0.9964114832535885
2024-05-11 16:00:00,56.0,70.0,959,965,952,143589.63226494152,155874.5431297295,143498.43769124948,155719.26455819726,1.0855556955680528,1.0851634837533357,0.9927007299270073
2024-05-11 16:00:00,56.0,80.0,1047,1073,1038,136858.08289123664,150491.14430762973,136608.34861723208,150071.89207286717,1.099614587084546,1.0985557880752888,0.9914040114613181
2024-05-11 16:00:00,56.0,90.0,1141,1159,1134,169915.25068505114,182231.23603661277,169563.10359498783,181912.1085081231,1.0724831073250163,1.072828372749249,0.9938650306748467
2024-05-11 16:00:00,56.0,100.0,1249,1269,1242,55363.39428478751,62193.176350587324,55275.70189000264,61871.72821782972,1.1233627770484527,1.1193295806709613,0.9943955164131305
2024-05-11 16:00:00,56.0,110.0,1382,1411,1379,65602.35754584937,74233.37150968164,65547.67924602222,73837.4702857174,1.1315656065835755,1.1264696345477134,0.9978292329956585
2024-05-11 16:00:00,56.0,120.0,1456,1497,1447,53370.35517364721,60852.63521830125,53245.26933940983,60254.83883290898,1.1401954328448722,1.1316468031895366,0.9938186813186813
2024-05-11 16:00:00,56.0,130.0,1483,1515,1466,76543.5865098498,85703.73880809052,76304.06707234838,85116.66724229498,1.1196723685930494,1.115493190704905,0.9885367498314228
2024-05-11 16:00:00,56.0,140.0,1416,1452,1407,81638.5479712115,90331.17258025563,81503.27188730447,89805.70607684887,1.1064769624774493,1.1018662686453162,0.9936440677966102
2024-05-11 16:00:00,56.0,150.0,1415,1455,1400,127325.86647134274,138283.6511769311,127029.49191289255,137611.48922859103,1.086060947467062,1.0833034687956937,0.9893992932862191
2024-05-11 16:00:00,56.0,160.0,1433,1482,1420,108685.89020150722,119190.13599810816,108403.42516351801,118459.34525608036,1.0966477412764961,1.092763859420436,0.9909281228192603
2024-05-11 16:00:00,56.0,170.0,1398,1462,1374,102473.14569589178,113431.57965347162,102068.29363590575,112327.30225784521,1.1069395682465046,1.100511219071958,0.9828326180257511
2024-05-11 16:00:00,56.0,180.0,1457,1531,1439,92198.9839124041,102189.0351219365,91568.91731887226,101053.21680063668,1.1083531594992813,1.1035755337014312,0.9876458476321208
2024-05-11 16:00:00,56.0,190.0,1511,1575,1501,95872.47052236834,107415.39706810047,95749.63099519664,106423.05478481796,1.1203987597569942,1.1114722185212051,0.9933818663136995
2024-05-11 16:00:00,56.0,200.0,1521,1590,1503,103886.08659452203,116708.1115676612,103664.86890497166,115667.27412591394,1.1234238904694218,1.1157808363404649,0.9881656804733728
2024-05-11 16:00:00,56.0,210.0,1593,1623,1573,131060.64277959103,144632.69821369246,130452.49088691315,144010.22745947697,1.1035555384611229,1.1039285373578398,0.9874450721908349
2024-05-11 16:00:00,56.0,220.0,1666,1729,1643,115472.97921238649,128531.09291492702,115174.30066106723,127393.14081204921,1.1130837170012136,1.1060899877911077,0.9861944777911165
2024-05-11 16:00:00,56.0,230.0,1688,1733,1662,181965.30953402357,198929.2657783418,181265.52870239713,198103.35868886515,1.0932263203780956,1.0928904138972417,0.9845971563981043
2024-05-11 16:00:00,56.0,240.0,1735,1800,1710,377897.6209154417,404269.75344243704,377378.64993811754,403186.4685633535,1.0697864476180345,1.0683870659600587,0.9855907780979827
2024-05-11 16:00:00,56.0,250.0,1826,1897,1804,201847.85331418464,221725.29270061536,201327.0658530216,220584.2572924611,1.0984773385500943,1.0956512794633293,0.9879518072289156
2024-05-11 16:00:00,56.0,260.0,1928,1976,1900,174240.73776148024,191541.30443247312,173682.74168002908,190599.96364461695,1.0992911697531709,1.097403010805495,0.9854771784232366
2024-05-11 16:00:00,56.0,270.0,1897,1976,1883,201805.1040602873,219064.04357653248,201554.35065316153,217956.3920140739,1.0855228097258098,1.08137775894075,0.992619926199262
2024-05-11 16:00:00,56.0,280.0,1905,2005,1882,151363.27981075124,167811.7626585692,150997.54083075075,166279.3829969282,1.1086689114320423,1.1012059009842186,0.9879265091863517
2024-05-11 16:00:00,56.0,290.0,1876,1971,1836,195670.57952419447,213400.51703503495,195108.47933701467,211732.85304818035,1.0906111565364285,1.0852057981675418,0.9786780383795309
2024-05-11 16:00:00,56.0,300.0,1821,1935,1783,149782.39493281965,165693.0146510098,149157.2411197011,163863.3613599195,1.1062248986292842,1.0985947455840679,0.9791323448654585
2024-05-11 16:00:00,56.0,310.0,1914,2006,1891,187672.27229569817,204365.96258559864,187335.13987647105,202971.5235385641,1.088951287719252,1.0834674352735087,0.9879832810867294
2024-05-11 16:00:00,56.0,320.0,1860,1923,1831,314989.3267967347,336837.161522758,314406.699082469,335707.9947817892,1.0693605556359753,1.0677507691836199,0.9844086021505376
2024-05-11 16:00:00,56.0,330.0,1866,1931,1829,852847.4059237683,890975.1473083862,852311.4864894692,889739.6253412821,1.044706404826687,1.0439136858356484,0.9801714898177921
2024-05-11 16:00:00,56.0,340.0,1905,1962,1862,784165.0174142942,805839.6452275643,782600.569145249,804635.0415918622,1.0276403911573868,1.0281554515998872,0.9774278215223097
2024-05-11 16:00:00,56.0,350.0,1857,1921,1811,805812.4824175868,820956.7536739563,804827.401032469,819548.9895986975,1.01879379084689,1.0182916095393162,0.9752288637587506
2024-05-11 16:00:00,56.0,360.0,2017,2092,1981,1018542.5805362497,1047141.8299636517,1017994.0350993715,1045755.4363161272,1.028078599730553,1.0272706914378391,0.9821517104610809
2024-05-11 16:00:00,56.0,370.0,1890,1961,1852,479141.93343295966,509884.03151294927,477667.05598257354,508539.1113275017,1.0641607338763452,1.064630907571014,0.9798941798941799
2024-05-11 16:00:00,56.0,380.0,1501,1566,1473,213286.6496139294,229069.45549045625,212638.0853724197,227969.01289859693,1.073998095544636,1.0720986905959309,0.9813457694870087
2024-05-11 16:00:00,56.0,390.0,1568,1637,1537,156098.32262363512,166917.84544200823,155579.60863806942,165680.191497132,1.0693122298595086,1.0649222796450142,0.9802295918367347
2024-05-11 16:00:00,56.0,400.0,1466,1516,1433,171456.16283956694,182606.34743889002,170297.04214535086,181409.02915999255,1.0650322765578069,1.065250616655793,0.9774897680763983
2024-05-11 16:00:00,56.0,410.0,1398,1424,1366,286883.5210548798,298769.28812503314,286342.7192634353,297938.9213910252,1.0414306371674782,1.0404976321989923,0.977110157367668
2024-05-11 16:00:00,56.0,420.0,1232,1250,1199,125925.18178112002,133682.40567200715,125133.27158501264,133011.71023228235,1.0616018478684475,1.0629603825383664,0.9732142857142857
2024-05-11 16:00:00,56.0,430.0,1109,1148,1086,133209.69898909208,140602.9395600774,132783.65131027807,139852.3177734117,1.0555007677901194,1.053234463681196,0.9792605951307484
2024-05-11 16:00:00,56.0,440.0,1084,1133,1067,153035.65697320458,162001.5704614268,152792.628231215,161193.72101570084,1.058587087908487,1.054983626381325,0.9843173431734318
2024-05-11 16:00:00,56.0,450.0,1079,1115,1057,119590.26216787292,130918.55323482811,119012.4737321863,129922.6601140192,1.0947258653137937,1.0916726292605605,0.9796107506950881
2024-05-11 16:00:00,56.0,460.0,1066,1095,1055,96346.52084082864,106442.03900832882,96169.98561729069,105889.35463490758,1.104783422166107,1.101064474068814,0.9896810506566605
2024-05-11 16:00:00,56.0,470.0,1007,1026,990,90226.8806471882,100520.35765176214,89864.96758521732,100058.31103594645,1.1140843718716626,1.1134295568633346,0.9831181727904668
2024-05-11 16:00:00,56.0,480.0,905,933,893,97041.93927645429,108626.35453013169,96807.3302550937,108091.02238420236,1.1193753478140578,1.1165582409862496,0.9867403314917127
2024-05-11 16:00:00,56.0,490.0,888,920,882,206963.5150008133,224776.29123139995,206815.6473598088,224317.55471107177,1.0860672289534543,1.0846256440201254,0.9932432432432432
2024-05-12 00:00:00,64.0,0.0,60,62,60,2112.1890657944928,2292.3969603655164,2112.1890657944928,2268.8489613970864,1.0853180700011054,1.0741694472997694,1.0
2024-05-12 00:00:00,64.0,10.0,177,183,174,6016.283774070227,6553.791119279871,5982.447959368374,6449.560156341555,1.0893420864764165,1.0780804446851384,0.9830508474576272
2024-05-12 00:00:00,64.0,20.0,295,293,288,10537.375452560376,11301.447657926923,10457.296719066757,11243.076442336906,1.0725106748645739,1.075141764107873,0.976271186440678
2024-05-12 00:00:00,64.0,30.0,449,452,446,40424.894045663874,44648.41764579575,40372.38109077207,44576.19670317094,1.1044782849736352,1.1041260262293457,0.9933184855233853
2024-05-12 00:00:00,64.0,40.0,586,586,581,27954.596974712338,30778.18102372178,27897.22045001462,30716.336165285393,1.101006072509779,1.101053641538302,0.9914675767918089
2024-05-12 00:00:00,64.0,50.0,719,725,716,69441.42970459402,75071.093392401,69389.46172625571,74950.58928069621,1.0810706765652112,1.0801436906425268,0.9958275382475661
2024-05-12 00:00:00,64.0,60.0,831,849,831,298026.0129094238,310494.7434951508,298026.0129094238,310268.2659860246,1.0418377257206624,1.041077800414427,1.0
2024-05-12 00:00:00,64.0,70.0,952,963,944,177908.80770657354,190080.1964366745,177762.4530293728,189859.18237953295,1.0684136377900713,1.0680499686182963,0.9915966386554622
2024-05-12 00:00:00,64.0,80.0,1046,1062,1032,172706.21029718238,184175.32302779856,172384.1009227832,183816.0731357746,1.0664082241795523,1.0663168595699681,0.9866156787762906
2024-05-12 00:00:00,64.0,90.0,1141,1151,1131,216597.47917040536,228387.7414101105,216240.67879760626,228129.07970285456,1.0544339771859916,1.0549776340481036,0.9912357581069238
2024-05-12 00:00:00,64.0,100.0,1247,1271,1241,63748.52770909499,70450.24064093878,63667.26287196433,70092.53617266053,1.1051273366253391,1.100919577988102,0.9951884522854851
2024-05-12 00:00:00,64.0,110.0,1378,1389,1368,77174.68171580724,84544.66451185364,77061.69051372327,84279.59575174731,1.0954974174456085,1.0936639877727399,0.9927431059506531
2024-05-12 00:00:00,64.0,120.0,1453,1490,1444,60653.56766783872,67239.42770074742,60471.86847069564,66663.55451922989,1.1085815770801035,1.1023895276451514,0.993805918788713
2024-05-12 00:00:00,64.0,130.0,1480,1518,1472,90688.12950239603,99005.97690426058,90570.71012083298,98438.30069719907,1.0917192519848453,1.086866831074524,0.9945945945945946
2024-05-12 00:00:00,64.0,140.0,1431,1455,1423,96681.0204267758,104982.56199269644,96539.68936865925,104595.13827664079,1.0858652663084796,1.083441835794809,0.9944095038434662
2024-05-12 00:00:00,64.0,150.0,1427,1455,1409,154755.06642839318,164363.2500313847,154323.82051076874,163628.69931974553,1.0620863912551601,1.0602945078613284,0.9873861247372109
2024-05-12 00:00:00,64.0,160.0,1450,1478,1426,131632.19606612594,140964.19995024765,130961.11612207195,140315.66478346058,1.070894539200985,1.071429970501084,0.983448275862069
2024-05-12 00:00:00,64.0,170.0,1401,1457,1387,122505.13754435096,132720.89568391195,122269.11648546642,131740.39153340473,1.0833904466730022,1.0774625295428883,0.9900071377587437
2024-05-12 00:00:00,64.0,180.0,1467,1519,1438,109085.84347949194,117365.61480884203,108300.30841567519,116379.22866448389,1.075901428317843,1.0745973891210026,0.9802317655078391
2024-05-12 00:00:00,64.0,190.0,1532,1579,1511,114790.9776268717,125326.19600606852,114415.7004861898,124473.07070747046,1.0917774079199984,1.0879020115119131,0.9862924281984334
2024-05-12 00:00:00,64.0,200.0,1538,1574,1506,123470.15836476993,133609.20077841147,122973.84834771036,132756.78536376805,1.0821173516574556,1.0795529874644265,0.9791937581274383
2024-05-12 00:00:00,64.0,210.0,1597,1605,1564,157078.25623306824,168462.99824655487,156638.1616838671,167926.27869249618,1.072478153797393,1.0720649226681502,0.9793362554790231
2024-05-12 00:00:00,64.0,220.0,1682,1711,1648,138139.79706659314,148861.94926569765,137508.38575136446,148057.85481896772,1.0776181261793492,1.0767187325337253,0.9797859690844233
2024-05-12 00:00:00,64.0,230.0,1698,1737,1669,219628.8145231621,235378.09962235804,218856.7758401663,234511.543432021,1.0717086468521417,1.071529736887322,0.9829210836277974
2024-05-12 00:00:00,64.0,240.0,1748,1768,1711,475632.98760932934,500322.1555490758,474141.24682873534,499664.8956573813,1.0519080227463646,1.0538313192521411,0.9788329519450801
2024-05-12 00:00:00,64.0,250.0,1833,1859,1793,242378.0172128913,259481.93705155764,241772.7098807694,258677.53877950902,1.070567125003103,1.0699203351241597,0.9781778505182761
2024-05-12 00:00:00,64.0,260.0,1932,1962,1895,211376.39585071226,227554.09888655064,210608.57834326837,226687.88664114152,1.0765350500500734,1.0763468820897963,0.9808488612836439
2024-05-12 00:00:00,64.0,270.0,1917,1942,1882,245155.58978660492,260467.29212023172,244299.85839957074,259704.2120253809,1.062457080203453,1.0630551066493668,0.9817423056859677
2024-05-12 00:00:00,64.0,280.0,1934,1970,1884,181821.37590776352,194884.39095024936,181003.66675292602,193792.02267329575,1.0718453205915273,1.0706524688133867,0.9741468459152016
2024-05-12 00:00:00,64.0,290.0,1887,1913,1827,237865.46366734477,254217.63118846124,236923.2840337556,253176.1513304648,1.0687454465604347,1.0685997045963351,0.9682034976152624
2024-05-12 00:00:00,64.0,300.0,1836,1879,1787,180224.82407572275,193333.98110300046,179374.89380846743,192234.67984942687,1.0727377989936049,1.0716922294303395,0.9733115468409586
2024-05-12 00:00:00,64.0,310.0,1908,1960,1870,225816.9403420047,241424.39504385507,225171.35065799934,240303.40706908447,1.069115517543602,1.067202405487492,0.980083857442348
2024-05-12 00:00:00,64.0,320.0,1880,1919,1841,382567.7437733686,404268.9734826819,381803.97159699723,403260.21666921803,1.0567251945897693,1.056197019068383,0.9792553191489362
2024-05-12 00:00:00,64.0,330.0,1871,1919,1833,1056823.0724482322,1098742.1390047465,1056190.574669532,1097686.6126961717,1.0396651697425612,1.0392884002393443,0.9796900053447354
2024-05-12 00:00:00,64.0,340.0,1904,1945,1856,987180.3680459177,1014910.9831074434,986401.423512291,1013829.6127689353,1.0280907278539355,1.0278063155657058,0.9747899159663865
2024-05-12 00:00:00,64.0,350.0,1896,1908,1833,1035559.6488774499,1060383.9161463473,1034258.457989136,1059454.0436912838,1.023971837156659,1.0243610148967353,0.9667721518987342
2024-05-12 00:00:00,64.0,360.0,2029,2083,1980,1271538.5287869023,1308528.5957279603,1270746.1922664838,1307209.4214359592,1.0290907952088153,1.0286943446231698,0.9758501724987678
2024-05-12 00:00:00,64.0,370.0,1911,1951,1860,580856.2530238874,610816.4446401638,579774.02997009,609640.5593746877,1.051579356269828,1.051514086283131,0.9733124018838305
2024-05-12 00:00:00,64.0,380.0,1531,1576,1489,257425.59081988333,272791.3817446608,256231.5692964589,271696.848239625,1.0596902230110008,1.0603566492045826,0.9725669497060745
2024-05-12 00:00:00,64.0,390.0,1607,1630,1557,185361.2503477939,194475.7967241754,184295.6244564159,193416.2305345197,1.0491718002510226,1.0494889995625518,0.9688861232109521
2024-05-12 00:00:00,64.0,400.0,1483,1521,1450,203322.27085284347,213639.2900936518,202668.20936940884,212532.0018087491,1.050742199551152,1.0486696580091714,0.9777478084962913
2024-05-12 00:00:00,64.0,410.0,1419,1428,1384,354640.5731520504,366663.4568016499,353949.2996895832,366052.22110204614,1.033901602241221,1.0341939408358127,0.9753347427766033
2024-05-12 00:00:00,64.0,420.0,1245,1250,1210,149133.44235506043,157121.18873771976,147989.24734716385,156497.35589044966,1.0535610675682112,1.0574913968129513,0.9718875502008032
2024-05-12 00:00:00,64.0,430.0,1122,1145,1090,156441.589842661,163976.161119488,155717.75476699532,163260.3617995702,1.048162200885358,1.048437681649476,0.9714795008912656
2024-05-12 00:00:00,64.0,440.0,1092,1129,1065,182133.76605450682,190827.10387814304,181711.66653615294,190046.60353684193,1.0477305115463027,1.0458690251406102,0.9752747252747253
2024-05-12 00:00:00,64.0,450.0,1081,1094,1045,140495.68419767157,152255.96794430705,139506.29699835886,151328.98167714954,1.0837056583894011,1.0847466023625425,0.9666975023126735
2024-05-12 00:00:00,64.0,460.0,1072,1081,1050,111544.4854752946,121211.87844366061,111206.24122362395,120817.48098137866,1.0866684975700318,1.086427161389508,0.9794776119402985
2024-05-12 00:00:00,64.0,470.0,1013,1030,994,104588.21004087284,114044.76513890474,104158.73903151428,113591.89975592753,1.0904170278307306,1.0905652354485507,0.981243830207305
2024-05-12 00:00:00,64.0,480.0,904,916,886,113161.21610882883,124044.83100519195,112790.45957708081,123602.22792128383,1.0961779598223493,1.0958571175677698,0.9800884955752213
2024-05-12 00:00:00,64.0,490.0,892,909,882,253862.65897602457,271445.2830195799,253746.30514519342,271133.32860935485,1.0692603792715174,1.0685212872526857,0.9887892376681614
2024-05-12 08:00:00,72.0,0.0,38,49,38,890.1724799546937,1192.6915685526492,890.1724799546937,1063.8609770324456,1.3398432274758174,1.1951178013126085,1.0
2024-05-12 08:00:00,72.0,10.0,80,117,78,2395.767816492866,3396.293448799218,2370.7537621135093,2933.644794801767,1.41762211906286,1.2374312514794639,0.975
2024-05-12 08:00:00,72.0,20.0,152,219,152,4699.4770185768875,6742.784324282949,4699.4770185768875,5917.566987819392,1.4347946160027871,1.2591969200886466,1.0
2024-05-12 08:00:00,72.0,30.0,274,364,272,24041.752183177432,28109.963067662742,24020.756296590687,27013.42071025677,1.1692144088953687,1.124586602383158,0.9927007299270073
2024-05-12 08:00:00,72.0,40.0,392,494,389,14262.356546307554,18809.997492283284,14205.096706189572,17565.75379675882,1.3188562094356764,1.2365810779102204,0.9923469387755102
2024-05-12 08:00:00,72.0,50.0,472,614,469,46410.965209675516,55150.71686354806,46364.59562217043,53377.44022636839,1.1883122148912026,1.1512543032046758,0.9936440677966102
2024-05-12 08:00:00,72.0,60.0,594,721,590,217940.28645495657,240161.648459026,217811.89710524757,238549.43849019305,1.101960781852336,1.09520848796852,0.9932659932659933
2024-05-12 08:00:00,72.0,70.0,697,834,693,117880.71098093809,136010.7728825119,117815.58280232147,134305.01795368796,1.1538000725539017,1.1399597129611752,0.994261119081779
2024-05-12 08:00:00,72.0,80.0,755,911,748,114937.09536466727,132705.95210130542,114274.0196691601,130687.20619798977,1.1545963614293706,1.1436300794909309,0.990728476821192
2024-05-12 08:00:00,72.0,90.0,819,997,816,153299.72009362426,175171.33327488205,153135.06839507085,172932.9992417182,1.1426722316772673,1.1292841088206587,0.9963369963369964
2024-05-12 08:00:00,72.0,100.0,931,1101,923,32832.533086447205,43319.75459440511,32729.72926974447,41126.26216449192,1.3194155467793278,1.256541471075022,0.99140708915145
2024-05-12 08:00:00,72.0,110.0,993,1187,989,40118.07491467189,51858.181503854736,40068.86596529234,49425.2098696375,1.29263883210132,1.233506581205708,0.9959718026183283
2024-05-12 08:00:00,72.0,120.0,1067,1278,1060,28884.54487896696,39495.62693786314,28805.86972270334,36753.154811941306,1.3673619267106027,1.2758911696033366,0.993439550140581
2024-05-12 08:00:00,72.0,130.0,1138,1315,1132,48981.27653186959,62676.11021754405,48902.26781467207,60336.223628037,1.2795932375662757,1.233812383848882,0.9947275922671354
2024-05-12 08:00:00,72.0,140.0,1079,1250,1068,53402.22227010089,67242.60059454679,53247.90571386878,65000.59099916965,1.2591723290922843,1.2207163855129763,0.989805375347544
2024-05-12 08:00:00,72.0,150.0,1122,1288,1114,97260.15193695755,114693.52550556717,97071.47027563823,112422.75138981297,1.1792447700463151,1.158144108362469,0.9928698752228164
2024-05-12 08:00:00,72.0,160.0,1104,1283,1101,79740.44982600308,96072.6059474986,79684.57196352826,93778.68704487456,1.204816453344983,1.1768738255605764,0.9972826086956522
2024-05-12 08:00:00,72.0,170.0,1081,1232,1073,72124.37455084425,88257.09446989323,71986.73500776244,86216.12424477047,1.2236791656013069,1.197666823415087,0.9925994449583718
2024-05-12 08:00:00,72.0,180.0,1193,1320,1185,61196.38639900935,75701.40273033173,60881.99820063119,73987.53088307119,1.2370240660412128,1.2152612113559722,0.9932942162615256
2024-05-12 08:00:00,72.0,190.0,1262,1389,1251,64860.21104402816,81219.73380428218,64701.18388824791,79411.14668123974,1.2522274056300697,1.2273522972686082,0.991283676703645
2024-05-12 08:00:00,72.0,200.0,1243,1360,1232,72873.13914429472,89616.50073158063,72679.25958516535,88009.26069769241,1.2297603998385838,1.2109267650775035,0.9911504424778761
2024-05-12 08:00:00,72.0,210.0,1338,1436,1323,92649.85022852398,113388.11901443425,92427.55805206127,111915.77717213768,1.2238348873177738,1.2108485773160789,0.9887892376681614
2024-05-12 08:00:00,72.0,220.0,1404,1510,1391,79951.03399762133,97870.93822009646,79730.58582211088,96322.01934710973,1.2241359908241871,1.2080937115151325,0.9907407407407407
2024-05-12 08:00:00,72.0,230.0,1444,1539,1431,140173.17704344817,166224.96477683596,139882.54540576573,164707.12672442725,1.1858543002511297,1.1774673262246649,0.9909972299168975
2024-05-12 08:00:00,72.0,240.0,1484,1571,1470,328787.6938225927,372370.5198192926,328127.5914094574,370852.10402224533,1.1325561352068618,1.130207010112337,0.9905660377358491
2024-05-12 08:00:00,72.0,250.0,1588,1687,1575,156655.30964397802,184648.40135015539,156419.14271358313,183139.2636799765,1.1786922624569556,1.1708238550784043,0.9918136020151134
2024-05-12 08:00:00,72.0,260.0,1680,1781,1660,129371.48537531048,155160.0241531035,129010.84840831978,153606.5968471847,1.1993371159261232,1.1906486837526973,0.9880952380952381
2024-05-12 08:00:00,72.0,270.0,1604,1709,1583,153889.28729506466,180635.11831781693,153290.98723421563,179065.50452682236,1.1737991740222324,1.1681411135621786,0.9869077306733167
2024-05-12 08:00:00,72.0,280.0,1575,1673,1559,108571.12662186637,131383.36206366055,108203.28235203002,129887.41574578552,1.2101132792076947,1.2004018078047582,0.9898412698412699
2024-05-12 08:00:00,72.0,290.0,1487,1621,1471,148593.1594424483,175996.20647957,148351.99186171318,174118.20868749567,1.184416612042866,1.1736829853272248,0.9892400806993947
2024-05-12 08:00:00,72.0,300.0,1454,1570,1437,107289.39393621527,131080.7570734006,106978.90105510269,129395.47134846463,1.2217494410615233,1.2095419757753505,0.9883081155433288
2024-05-12 08:00:00,72.0,310.0,1491,1617,1480,138407.86023371032,165222.9365988431,138259.0541730639,163454.68308157218,1.1937395486055045,1.18223492891084,0.9926224010731053
2024-05-12 08:00:00,72.0,320.0,1509,1633,1494,253554.34895352102,295421.4073464249,253271.98643998316,293598.9494371718,1.1651206479624552,1.1592239377280864,0.9900596421471173
2024-05-12 08:00:00,72.0,330.0,1509,1607,1492,760092.438740306,846206.4491357221,759808.5295810831,844737.0543956248,1.1132941284590754,1.1117762192816742,0.9887342611000662
2024-05-12 08:00:00,72.0,340.0,1575,1664,1563,742405.8850524515,806112.1096454291,742112.3101223981,804832.1481752333,1.08581050591817,1.0845152912804945,0.9923809523809524
2024-05-12 08:00:00,72.0,350.0,1561,1646,1546,759545.980285404,822772.815707481,759184.2399360233,821429.9593231655,1.0832429333617422,1.0819902681230418,0.9903907751441384
2024-05-12 08:00:00,72.0,360.0,1708,1814,1686,951996.9406037186,1040858.2597871276,951561.7632897163,1039095.2780465944,1.0933420218000456,1.0919893149702224,0.9871194379391101
2024-05-12 08:00:00,72.0,370.0,1562,1674,1535,403697.11867062096,464864.63474792766,402994.40346087085,462851.9785084242,1.1515183370115,1.1485320255901899,0.9827144686299616
2024-05-12 08:00:00,72.0,380.0,1295,1339,1271,165353.49258431367,194257.11302167646,164805.8569212584,193281.198209606,1.1747989714981366,1.1727811245321982,0.9814671814671815
2024-05-12 08:00:00,72.0,390.0,1313,1378,1283,111597.41598677478,131866.21217847022,110996.9537547155,130532.30316691825,1.1816242429313726,1.1759989689029895,0.9771515613099772
2024-05-12 08:00:00,72.0,400.0,1229,1305,1205,125506.87677728696,146047.7082092412,124858.59526330947,144548.70710493572,1.163662995681138,1.1576992901458047,0.9804719283970708
2024-05-12 08:00:00,72.0,410.0,1201,1253,1177,239581.11239525874,268276.0322378939,239180.67371445853,267162.5158690207,1.1197712104921467,1.1169903977608484,0.9800166527893422
2024-05-12 08:00:00,72.0,420.0,1060,1110,1038,89656.78469961062,105654.48880314453,89109.09706915016,104652.1948481348,1.178432721596399,1.1744277328601247,0.9792452830188679
2024-05-12 08:00:00,72.0,430.0,948,992,934,94392.79233490404,109186.83634836413,94118.8229997977,108337.78098264706,1.1567285345365257,1.1510745409861312,0.9852320675105485
2024-05-12 08:00:00,72.0,440.0,928,977,918,108932.66214562587,126830.88296364984,108736.99867524474,126036.86857487574,1.1643053650345647,1.1590982840284105,0.9892241379310345
2024-05-12 08:00:00,72.0,450.0,936,968,925,83016.24056770197,98339.1298810883,82712.54684342828,97747.93197981978,1.1845770081685414,1.181778771301202,0.9882478632478633
2024-05-12 08:00:00,72.0,460.0,920,961,914,61553.636721489034,74347.98442898077,61461.9086789323,73757.11834704905,1.207856893417722,1.2000460111374847,0.9934782608695653
2024-05-12 08:00:00,72.0,470.0,886,921,878,56938.34760425828,69107.90782743637,56829.94067447006,68538.30070236571,1.213732233814737,1.206024498511494,0.9909706546275395
2024-05-12 08:00:00,72.0,480.0,805,845,795,65470.01110686546,78615.55108898264,65238.87252298646,77917.46622492312,1.2007871964564045,1.1943410916163435,0.9875776397515528
2024-05-12 08:00:00,72.0,490.0,775,820,770,169469.2201554887,194224.89513214692,169252.5654700477,193540.5673702199,1.1460777063465848,1.1435015288112156,0.9935483870967742
2024-05-12 16:00:00,80.0,0.0,61,64,61,1805.8853422999603,2102.7103729609344,1805.8853422999603,2069.237829036141,1.1643653800760907,1.1458301258488413,1.0
2024-05-12 16:00:00,80.0,10.0,179,196,179,5281.472359617612,6189.791492069273,5281.472359617612,5983.861572128302,1.171982180461023,1.132991174559805,1.0
2024-05-12 16:00:00,80.0,20.0,293,310,292,9222.898826329983,10566.711977232693,9212.870607529705,10365.300267404025,1.145703989191156,1.1250890964356361,0.9965870307167235
2024-05-12 16:00:00,80.0,30.0,449,463,447,33959.53279050409,35032.40340525471,33929.897752395234,34831.66270613474,1.0315926199977232,1.0265772965282762,0.9955456570155902
2024-05-12 16:00:00,80.0,40.0,589,595,588,23959.804100034795,27192.521043616238,23944.68613265396,27109.71209464575,1.134922511473153,1.132180724543955,0.99830220713073
2024-05-12 16:00:00,80.0,50.0,721,727,718,56806.77379491173,63088.275350565156,56728.8001754421,62968.345811422194,1.110576629088837,1.109989028794605,0.9958391123439667
2024-05-12 16:00:00,80.0,60.0,836,853,836,237525.90446923234,252066.27240685845,237525.90446923234,251855.73549331713,1.0612159249329776,1.060329550396222,1.0
2024-05-12 16:00:00,80.0,70.0,961,987,960,144940.10900344455,156357.65572610334,144929.7202617979,156016.24709216668,1.078774238553853,1.0764958823514068,0.9989594172736732
2024-05-12 16:00:00,80.0,80.0,1055,1083,1048,139110.4644709528,146991.43459500925,138604.1758005361,146564.80856266612,1.0566526044897366,1.0574342924096753,0.9933649289099526
2024-05-12 16:00:00,80.0,90.0,1139,1164,1131,170133.81589733815,183447.61972686648,169776.16926345794,183017.03870406956,1.0782548945916908,1.0779901531413665,0.9929762949956101
2024-05-12 16:00:00,80.0,100.0,1253,1288,1250,55795.52480103751,62790.021201946074,55735.72546529324,62303.82114784596,1.1253594517813104,1.1178435487781118,0.9976057462090981
2024-05-12 16:00:00,80.0,110.0,1392,1428,1390,66854.94496872704,73473.33915817938,66831.3939067215,73015.51560146263,1.0989963299281489,1.092533184379971,0.9985632183908046
2024-05-12 16:00:00,80.0,120.0,1462,1506,1455,53831.71799375142,61652.09299496759,53754.19739845727,60995.46497722205,1.145274483012486,1.1347107375650745,0.9952120383036935
2024-05-12 16:00:00,80.0,130.0,1484,1526,1476,77074.08077514637,86738.19880717515,76938.2523839643,86115.27483534472,1.1253873926855202,1.1192777606330597,0.9946091644204852
2024-05-12 16:00:00,80.0,140.0,1418,1462,1408,82731.73982206339,93142.45155906641,82504.03925245239,92505.58426858691,1.125836973323588,1.1212249134315837,0.9929478138222849
2024-05-12 16:00:00,80.0,150.0,1412,1469,1405,128012.4868969032,139832.33160759392,127886.47047004369,139002.899043898,1.0923335293080434,1.0869241956009588,0.9950424929178471
2024-05-12 16:00:00,80.0,160.0,1435,1483,1415,108848.63421556177,120950.61998400936,108487.10587490849,119976.17659406629,1.1111817879540964,1.1059026381661,0.9860627177700348
2024-05-12 16:00:00,80.0,170.0,1400,1478,1381,102108.16434284614,114756.10879134043,101382.45963808557,113544.96050971907,1.1238681013403258,1.1199665199981448,0.9864285714285714
2024-05-12 16:00:00,80.0,180.0,1459,1548,1442,91930.71308898466,103235.59908668394,91254.81460481789,101930.19752339613,1.1229718079827868,1.1169843253181584,0.9883481836874571
2024-05-12 16:00:00,80.0,190.0,1519,1583,1507,96731.46870051364,110118.46255049302,96554.89090409444,109150.24700786841,1.1383933690847423,1.1304476239974692,0.9921000658327848
2024-05-12 16:00:00,80.0,200.0,1531,1589,1508,104311.53281851338,117463.07239448119,104022.84157306238,116462.22281002779,1.1260794393545106,1.1195831708579924,0.984977139124755
2024-05-12 16:00:00,80.0,210.0,1589,1642,1580,131627.75562316543,147768.5838070154,130897.12813581876,146942.82065981644,1.1226248074156886,1.1225824642031006,0.9943360604153556
2024-05-12 16:00:00,80.0,220.0,1667,1745,1647,116451.35704634074,131599.12698174478,116084.82916744958,130437.09636188141,1.1300780885651347,1.1236360280440179,0.9880023995200959
2024-05-12 16:00:00,80.0,230.0,1694,1745,1666,180990.35592809482,200834.34364956128,180396.99519482875,199909.4489686292,1.1096411331957943,1.108163962225241,0.9834710743801653
2024-05-12 16:00:00,80.0,240.0,1739,1786,1714,379225.9651677492,410682.5438632312,377824.74016348063,409809.7934265308,1.082949432751967,1.084655793713272,0.9856239217941346
2024-05-12 16:00:00,80.0,250.0,1830,1882,1803,201495.48289874627,223332.79325012694,200664.744832566,222385.96542537946,1.1083761781516173,1.108246322047939,0.9852459016393442
2024-05-12 16:00:00,80.0,260.0,1917,1984,1901,173081.26759991923,193633.94097793195,172711.8978897439,192495.54894265567,1.118745798797364,1.1145471232418585,0.9916536254564423
2024-05-12 16:00:00,80.0,270.0,1917,1955,1879,200847.5787887454,221382.12209189418,200153.96006291203,220442.56553624716,1.1022394366264547,1.101364996560438,0.9801773604590506
2024-05-12 16:00:00,80.0,280.0,1910,1973,1871,150734.2139378316,169083.84173871652,149479.69306088996,167831.52798097685,1.1217349885040233,1.1227714249627965,0.9795811518324608
2024-05-12 16:00:00,80.0,290.0,1881,1988,1848,196777.51954693557,220411.13633202884,196288.60407863397,218758.06659515307,1.1201032355703424,1.1144715589679253,0.9824561403508771
2024-05-12 16:00:00,80.0,300.0,1825,1921,1793,149960.54045743262,168664.76168972993,149200.83864326862,167085.84571482026,1.124727619514059,1.1198720277592658,0.9824657534246576
2024-05-12 16:00:00,80.0,310.0,1914,1985,1871,187773.86886820826,208796.53084987027,187136.95739159142,207434.5662844525,1.1119573352158871,1.1084639249017367,0.977533960292581
2024-05-12 16:00:00,80.0,320.0,1863,1921,1825,315551.61539480154,343789.4619297228,314906.88297201373,342629.8693320318,1.0894872507611522,1.0880355046494232,0.9796027911969941
2024-05-12 16:00:00,80.0,330.0,1880,1935,1844,854186.8720861673,907154.1196860744,853625.7138627409,906056.6768005127,1.0620089693845869,1.0614214896368532,0.9808510638297873
2024-05-12 16:00:00,80.0,340.0,1908,1968,1863,796083.4778809487,830242.0058852711,795319.2461782646,828868.7507363298,1.0429082237647327,1.0421836950624295,0.9764150943396226
2024-05-12 16:00:00,80.0,350.0,1873,1948,1830,852269.061195909,882790.6294138205,851502.339998343,881296.8793152231,1.035812127422628,1.0349905548315206,0.9770421783235451
2024-05-12 16:00:00,80.0,360.0,2020,2078,1978,1024771.7109006833,1066816.6893969239,1024058.9685700536,1065581.9070004907,1.0410286291561335,1.0405474095778076,0.9792079207920792
2024-05-12 16:00:00,80.0,370.0,1891,1956,1857,473125.7155226669,507210.5296351906,471766.8240967352,505999.46850488643,1.0720417702827034,1.072562636157586,0.9820200951877314
2024-05-12 16:00:00,80.0,380.0,1500,1570,1469,212578.20805700577,231492.6946876711,211809.5645137887,230165.98001811263,1.0889766020870453,1.086664714818055,0.9793333333333333
2024-05-12 16:00:00,80.0,390.0,1564,1620,1530,157431.0720209357,172010.58387492382,156800.10557480052,170861.83743647847,1.0926088583837457,1.0896793520012644,0.9782608695652174
2024-05-12 16:00:00,80.0,400.0,1472,1512,1443,173498.4297926731,189204.31735693224,173014.08492441807,188287.01619832218,1.0905246668977198,1.0882756527052473,0.9802989130434783
2024-05-12 16:00:00,80.0,410.0,1400,1419,1367,291087.2010318201,309558.5147034596,290480.5816137518,308873.4700394999,1.0634562894079986,1.0633188226337444,0.9764285714285714
2024-05-12 16:00:00,80.0,420.0,1233,1240,1200,127074.08167606712,138160.83837952188,126293.87951549485,137644.90134310967,1.0872464042802745,1.0898778457923781,0.9732360097323601
2024-05-12 16:00:00,80.0,430.0,1110,1119,1068,135565.73337608378,146165.9197675935,134801.98233057186,145517.23171197833,1.07819222548004,1.0794888116343104,0.9621621621621622
2024-05-12 16:00:00,80.0,440.0,1084,1129,1062,155418.20961789016,169366.21775489632,154865.47106175855,168452.26105506255,1.089745005886367,1.087732855491627,0.9797047970479705
2024-05-12 16:00:00,80.0,450.0,1084,1118,1058,121773.28458683951,135394.9006160772,121174.31335761368,134549.0841603321,1.1118604632818605,1.1103762871199143,0.9760147601476015
2024-05-12 16:00:00,80.0,460.0,1066,1086,1049,97817.51346625485,108946.55733589867,97470.69058739828,108410.77240536221,1.1137735306825514,1.112239707670424,0.9840525328330206
2024-05-12 16:00:00,80.0,470.0,1003,1017,986,91738.6300573983,103177.61086860739,91470.31314022688,102759.50829295222,1.1246909922684918,1.123419224939338,0.9830508474576272
2024-05-12 16:00:00,80.0,480.0,909,927,894,98061.42564616489,109947.55663888238,97858.5827394269,109517.7073078698,1.1212110767755532,1.1191425855766608,0.9834983498349835
2024-05-12 16:00:00,80.0,490.0,887,923,877,211016.21259422082,232842.88122070284,210674.87919835962,232272.28160948268,1.1034359794356379,1.1025153188329975,0.9887260428410372
2024-05-13 00:00:00,88.0,0.0,61,61,59,2094.247095943555,2233.121233997062,2072.2489308810746,2208.46201998021,1.066312202758929,1.0657320107971875,0.9672131147540983
2024-05-13 00:00:00,88.0,10.0,179,194,179,6261.357686661952,6731.564699816483,6261.357686661952,6552.566838466515,1.075096654221843,1.0465089468414974,1.0
2024-05-13 00:00:00,88.0,20.0,295,305,293,10912.077214503359,11731.307817047582,10890.379415232223,11591.606897023525,1.0750755870252984,1.0643896282264056,0.9932203389830508
2024-05-13 00:00:00,88.0,30.0,450,464,449,42523.18739188756,41833.47296815193,42504.461704749345,41642.15421119497,0.9837802745739797,0.9797125417198725,0.9977777777777778
2024-05-13 00:00:00,88.0,40.0,588,595,587,28756.20973087105,30534.955028699707,28688.50233895208,30441.615602324873,1.0618560413377114,1.0611085668627773,0.9982993197278912
2024-05-13 00:00:00,88.0,50.0,720,729,720,68666.87872186396,72878.97515930052,68666.87872186396,72759.22266891136,1.0613410208216643,1.059597057900702,1.0
2024-05-13 00:00:00,88.0,60.0,837,852,835,311575.44487909327,325476.9416441824,311544.6501508658,325272.44773130736,1.044616791835068,1.0440636601328057,0.997610513739546
2024-05-13 00:00:00,88.0,70.0,958,977,953,181107.31042557044,190765.622115138,181052.50546568027,190478.59318967766,1.0533292204874127,1.0520627300890026,0.9947807933194155
2024-05-13 00:00:00,88.0,80.0,1053,1088,1047,179305.3690012237,182161.0110994705,179140.1207204496,181678.10070115374,1.015926138264311,1.0141675687751974,0.9943019943019943
2024-05-13 00:00:00,88.0,90.0,1142,1156,1134,219848.4535546656,232994.45655328082,219539.1648964861,232712.92318760854,1.0597957492357182,1.0600064152441044,0.9929947460595446
2024-05-13 00:00:00,88.0,100.0,1251,1276,1246,65476.09434907475,71154.19855132273,65397.76125273164,70763.40060354101,1.0867202642230938,1.0820462237242907,0.9960031974420464
2024-05-13 00:00:00,88.0,110.0,1387,1419,1383,80985.3531449165,84261.34789671062,80943.60093116647,83754.85079223444,1.0404516943444329,1.0347309710554962,0.9971160778658976
2024-05-13 00:00:00,88.0,120.0,1457,1496,1444,62623.69947204218,69008.76211690903,62466.979953985276,68334.65395322944,1.1019592055195877,1.0939324104281405,0.9910775566231984
2024-05-13 00:00:00,88.0,130.0,1478,1533,1473,93283.99695754153,102008.37420090182,93168.89391995114,101185.91967349962,1.0935249081075633,1.0860483087889456,0.996617050067659
2024-05-13 00:00:00,88.0,140.0,1440,1462,1421,100675.0963920413,110155.68359606387,100376.93414494899,109673.04948741748,1.0941701328708342,1.0926120669221124,0.9868055555555556
2024-05-13 00:00:00,88.0,150.0,1431,1445,1407,160254.92048729758,170079.65624001552,159800.28099701914,169616.57290306472,1.0613069210158617,1.0614285021578196,0.9832285115303984
2024-05-13 00:00:00,88.0,160.0,1451,1493,1429,135309.567740709,147330.77197763504,134728.45847142834,146536.76592222223,1.0888422336841843,1.0876452353479429,0.9848380427291523
2024-05-13 00:00:00,88.0,170.0,1418,1464,1385,125845.61840865226,138017.81474626015,124922.27171072639,137002.71741640964,1.096723243061842,1.0967036985499037,0.9767277856135402
2024-05-13 00:00:00,88.0,180.0,1482,1520,1459,111705.90526512082,121528.53414863654,111164.47257720528,120770.92491376298,1.0879329419532733,1.0864165691955754,0.9844804318488529
2024-05-13 00:00:00,88.0,190.0,1539,1585,1507,118949.99672742054,131237.073353062,118441.80901336337,130246.40572259206,1.1032961493374218,1.0996657920675361,0.9792072774528915
2024-05-13 00:00:00,88.0,200.0,1543,1573,1511,126853.06927866103,138860.34812075458,126474.61602092408,138033.10151971062,1.0946550123727545,1.0913897654915536,0.9792611795204148
2024-05-13 00:00:00,88.0,210.0,1604,1619,1573,162498.33969903702,177809.71976265102,161954.04553197656,177235.46013056947,1.094224840032041,1.094356485806807,0.9806733167082294
2024-05-13 00:00:00,88.0,220.0,1683,1721,1655,143172.95077166072,157230.77117445756,142632.42270651693,156258.85399361578,1.0981876836862638,1.0955352999586696,0.9833630421865716
2024-05-13 00:00:00,88.0,230.0,1709,1743,1676,223823.17104517116,241016.82743803016,222945.51607009143,240211.5363554703,1.0768180359190294,1.0774450215000093,0.9806904622586308
2024-05-13 00:00:00,88.0,240.0,1752,1764,1710,490172.1120817363,524648.7224969899,488561.390287029,524002.7691404387,1.0703357240558486,1.0725423243793129,0.976027397260274
2024-05-13 00:00:00,88.0,250.0,1837,1866,1797,249347.43768263896,269528.84571557736,248372.43512387527,268682.6927313188,1.08093689760961,1.0817733964613014,0.9782253674469243
2024-05-13 00:00:00,88.0,260.0,1937,1967,1902,215867.5997094976,235495.78545827663,215143.73582531093,234660.03248843228,1.090926965302776,1.0907128278137175,0.9819308208569953
2024-05-13 00:00:00,88.0,270.0,1920,1958,1891,250745.54650590205,270664.1953853571,250004.19251489616,269815.03490587696,1.079437697526509,1.0792420406701795,0.9848958333333333
2024-05-13 00:00:00,88.0,280.0,1946,1998,1893,184068.51715488068,201437.11455124908,183183.43162854444,200144.79103488,1.0943594139010417,1.0925922134744668,0.972764645426516
2024-05-13 00:00:00,88.0,290.0,1906,1961,1864,245625.73042633425,266978.7096123968,245008.21385851255,265767.4386262237,1.0869329900780347,1.0847286890540706,0.9779643231899265
2024-05-13 00:00:00,88.0,300.0,1845,1890,1794,185230.0465024254,202030.7847977486,184252.73455693634,200902.65514482773,1.090702014130862,1.0903645779148334,0.9723577235772358
2024-05-13 00:00:00,88.0,310.0,1923,1977,1882,231906.91472926812,251215.33097632165,231273.96542300892,250097.85999979434,1.0832593382116031,1.081392190177376,0.9786791471658867
2024-05-13 00:00:00,88.0,320.0,1883,1917,1840,390883.9422957177,417721.13256300567,389927.2895010309,416785.8562209027,1.068657694428861,1.0688809617665933,0.9771640998406798
2024-05-13 00:00:00,88.0,330.0,1881,1917,1844,1069992.23315433,1121756.6070393552,1069324.6201222627,1120844.9129386735,1.0483782706837266,1.0481802175381691,0.9803296119085593
2024-05-13 00:00:00,88.0,340.0,1923,1948,1870,1009697.5430066192,1044025.2629034297,1008846.1105707439,1043081.8423377435,1.033998022610406,1.0339355342784948,0.9724388975559022
2024-05-13 00:00:00,88.0,350.0,1906,1922,1856,1120414.7399181034,1162466.1385340807,1119526.8940160936,1161612.6835596173,1.0375319933929565,1.0375924774728267,0.9737670514165793
2024-05-13 00:00:00,88.0,360.0,2035,2102,1994,1280359.4708697563,1318963.7458413425,1279438.9087627188,1317556.0452663272,1.0301511222823712,1.029792072323695,0.9798525798525799
2024-05-13 00:00:00,88.0,370.0,1926,1949,1870,580553.605904988,610375.4855697572,578933.4333616612,609329.9460034932,1.0513680035081028,1.052504331051206,0.9709241952232607
2024-05-13 00:00:00,88.0,380.0,1531,1562,1485,262230.0929209828,280440.5965705207,261331.0402537701,279499.52860456635,1.0694447515412553,1.0695228868838291,0.9699542782495101
2024-05-13 00:00:00,88.0,390.0,1607,1635,1564,191459.46382269223,204626.47103023293,190634.47773691223,203582.553378464,1.0687717752084298,1.067920954253726,0.9732420659614188
2024-05-13 00:00:00,88.0,400.0,1498,1517,1451,210055.9656921564,223740.98923641178,209172.75926350857,222548.49900690722,1.065149416248007,1.0639458971163083,0.9686248331108144
2024-05-13 00:00:00,88.0,410.0,1427,1425,1382,366548.8555735559,383446.4154302123,365720.96224466746,382861.931591496,1.046099065921829,1.0468689824111346,0.9684653118430273
2024-05-13 00:00:00,88.0,420.0,1244,1253,1205,153187.77205154224,162662.77297695755,152154.23774419999,161969.71055864744,1.0618522013769305,1.0645100193065218,0.9686495176848875
2024-05-13 00:00:00,88.0,430.0,1133,1142,1098,162188.93567803668,171672.08724477672,161572.93341274164,171098.2438968181,1.0584697811049526,1.0589536272126956,0.9691085613415711
2024-05-13 00:00:00,88.0,440.0,1096,1136,1072,187771.42056934384,199443.03899458557,187341.3980543054,198587.755348414,1.0621586522051762,1.0600313513772786,0.9781021897810219
2024-05-13 00:00:00,88.0,450.0,1088,1117,1059,145573.96778477385,157247.00964522437,144579.25051885017,155946.18314920663,1.0801863275287564,1.0786207743473843,0.9733455882352942
2024-05-13 00:00:00,88.0,460.0,1072,1096,1055,114679.33519891881,124267.24316916004,114393.93100160814,123750.91262103175,1.0836062395514447,1.0817961367136868,0.9841417910447762
2024-05-13 00:00:00,88.0,470.0,1018,1030,997,108527.35133622901,117611.58190603225,108093.95277391834,117214.43911898881,1.0837045266281249,1.0843755465594476,0.9793713163064833
2024-05-13 00:00:00,88.0,480.0,910,940,901,116003.48478478735,125213.06175870009,115783.9684855947,124751.03491949278,1.0793905199572116,1.0774465286618131,0.9901098901098901
2024-05-13 00:00:00,88.0,490.0,898,920,887,261560.90041194973,281973.0972858623,261041.14740387927,281592.33011967054,1.078039939615455,1.0787277520045326,0.987750556792873
2024-05-13 08:00:00,96.0,0.0,41,50,40,905.2613885669039,1220.576693791378,895.1031806993417,1103.7026634394185,1.3483140993383598,1.2330451809780172,0.975609756097561
2024-05-13 08:00:00,96.0,10.0,85,121,84,2484.9659605259967,3378.023335619774,2474.813108499357,2942.824530137929,1.3593841482258142,1.1891098039004482,0.9882352941176471
2024-05-13 08:00:00,96.0,20.0,162,220,159,4914.768173089578,6604.8641066922555,4883.4643433275105,5901.353456212063,1.3438811097655965,1.208435864649107,0.9814814814814815
2024-05-13 08:00:00,96.0,30.0,272,366,272,24492.32261001779,30384.897871004585,24492.32261001779,29277.01668009985,1.2405886675107174,1.1953548524681377,1.0
2024-05-13 08:00:00,96.0,40.0,391,488,385,14460.541812041956,19003.307657200196,14385.43702530237,17775.552286128623,1.3141490757542202,1.2356630010519263,0.9846547314578005
2024-05-13 08:00:00,96.0,50.0,463,578,457,46895.302527573935,55415.70086834581,46829.94810046813,53970.3836938567,1.1816898043415325,1.1524758382834337,0.9870410367170627
2024-05-13 08:00:00,96.0,60.0,590,717,587,221290.7408084443,246838.5811728175,221255.91319476953,245256.6617609442,1.1154492061938017,1.1084750604836808,0.9949152542372881
2024-05-13 08:00:00,96.0,70.0,696,800,684,119724.9416876943,139498.45171332365,119563.29804098082,138069.75216869338,1.1651578171339525,1.154783737408861,0.9827586206896551
2024-05-13 08:00:00,96.0,80.0,758,884,749,116948.2836551709,133742.29230533872,116590.7403741428,132089.08046588657,1.1436020104381006,1.1329294251156583,0.9881266490765171
2024-05-13 08:00:00,96.0,90.0,815,963,810,156307.89560184022,174170.31627081355,156243.53076660054,172279.85909830406,1.11427714895781,1.1026367508019188,0.9938650306748467
2024-05-13 08:00:00,96.0,100.0,929,1094,924,33226.582439006146,42923.71958879967,33170.69514563661,40816.517297271734,1.291848768003586,1.2304993042221752,0.9946178686759957
2024-05-13 08:00:00,96.0,110.0,998,1179,992,40915.13015425074,51556.561760917975,40846.19361209393,49291.42101726614,1.2600854883401043,1.2067567784987365,0.9939879759519038
2024-05-13 08:00:00,96.0,120.0,1051,1270,1045,28933.35504643601,39075.76715321239,28855.028689769715,36349.331172198086,1.3505439341721182,1.259722579485267,0.994291151284491
2024-05-13 08:00:00,96.0,130.0,1135,1309,1127,49504.347183021775,63347.32873549377,49393.874323958604,61070.51366612282,1.279631635203537,1.236398531234478,0.9929515418502203
2024-05-13 08:00:00,96.0,140.0,1092,1244,1084,54439.85510349975,67828.51794321116,54328.7299688747,65904.78929316917,1.2459349462678988,1.2130743592004907,0.9926739926739927
2024-05-13 08:00:00,96.0,150.0,1120,1267,1111,98792.23029733959,116843.24967815413,98626.13179096117,114869.15070398574,1.182716994306997,1.1646928518645725,0.9919642857142857
2024-05-13 08:00:00,96.0,160.0,1093,1284,1082,80626.52783319146,97652.51116547902,80387.72426112981,95095.95484797796,1.2111709854046138,1.1829661272543335,0.989935956084172
2024-05-13 08:00:00,96.0,170.0,1085,1234,1074,72982.7765306786,89670.95680720231,72823.67218675476,87655.74400870374,1.2286591586373639,1.203671023124355,0.9898617511520738
2024-05-13 08:00:00,96.0,180.0,1198,1330,1192,61278.54204617919,75761.41418305453,61177.38869806786,73994.3521476303,1.2363449203142125,1.2095049122285801,0.994991652754591
2024-05-13 08:00:00,96.0,190.0,1266,1375,1262,65519.61401132145,82041.50187310194,65448.52852970828,80574.53986297746,1.252167051211956,1.231113084939766,0.9968404423380727
2024-05-13 08:00:00,96.0,200.0,1241,1361,1232,73480.53164759206,90900.95783047043,73380.06950707635,89262.79645785278,1.2370753966019956,1.2164446975516259,0.9927477840451249
2024-05-13 08:00:00,96.0,210.0,1338,1443,1327,94388.84404979092,116887.39320196261,93878.6278892759,115411.72471918495,1.2383602572810777,1.2293716611975414,0.9917787742899851
2024-05-13 08:00:00,96.0,220.0,1398,1513,1384,80853.8826674069,101450.7205625623,80611.63165238587,99720.03309012503,1.254741481987707,1.2370427324947169,0.9899856938483548
2024-05-13 08:00:00,96.0,230.0,1454,1548,1445,141409.0281157645,170198.36038074427,141130.80331346116,168885.3013892267,1.2035890681704664,1.196657975609484,0.9938101788170564
2024-05-13 08:00:00,96.0,240.0,1482,1582,1464,332732.9988555172,380405.13362003653,331958.7277782095,378184.8952319059,1.1432744420556256,1.1392527551936558,0.9878542510121457
2024-05-13 08:00:00,96.0,250.0,1587,1698,1573,158029.4960052643,189622.28318105504,157727.01296436932,187909.53448692855,1.1999170279878533,1.1913592412314147,0.9911783238815375
2024-05-13 08:00:00,96.0,260.0,1679,1801,1667,129996.45493767191,159104.98426768556,129688.49130787923,157314.7885215478,1.223917870252462,1.2130204225144698,0.9928528886241811
2024-05-13 08:00:00,96.0,270.0,1601,1728,1582,154042.92712246848,183545.70260063309,153589.19891767856,181693.82353059074,1.191523077555577,1.1829856839606008,0.9881324172392255
2024-05-13 08:00:00,96.0,280.0,1578,1704,1563,108744.67986019925,134275.17632966704,108145.24699824554,132305.82893781265,1.2347746712969265,1.2234086343152841,0.9904942965779467
2024-05-13 08:00:00,96.0,290.0,1493,1637,1480,150212.45441916597,182551.9329929814,149973.43475778194,180615.25594668684,1.2152915928234054,1.2043149924411192,0.9912926992632284
2024-05-13 08:00:00,96.0,300.0,1438,1590,1426,108678.1631066887,135805.24973154225,108335.43949135052,133621.6885628726,1.2496093589493507,1.233406992118594,0.9916550764951322
2024-05-13 08:00:00,96.0,310.0,1495,1672,1486,141181.3821443101,172900.65236704767,141027.7722251892,170515.61244734412,1.224670347753894,1.20909243446794,0.9939799331103679
2024-05-13 08:00:00,96.0,320.0,1511,1647,1497,260085.46037582852,306769.8859299518,259743.04360657875,304849.56139252277,1.1794964835276196,1.1736582322268652,0.9907346128391793
2024-05-13 08:00:00,96.0,330.0,1518,1644,1504,784527.1138193784,881344.7282026501,784297.950734034,879604.4167466211,1.123408882469245,1.1215181882387792,0.9907773386034255
2024-05-13 08:00:00,96.0,340.0,1566,1692,1556,757589.5013364675,834350.8710681453,757247.8763769757,832645.3307793031,1.1013231698647654,1.0995677330427966,0.9936143039591315
2024-05-13 08:00:00,96.0,350.0,1564,1670,1549,773445.926295154,852088.76005388,773144.1733517202,850336.5712627171,1.1016785156984785,1.0998421776579572,0.9904092071611253
2024-05-13 08:00:00,96.0,360.0,1713,1841,1694,976146.9578224411,1078600.4156727567,975819.006063439,1076526.0354373986,1.104957001637198,1.103202570095681,0.9889083479276124
2024-05-13 08:00:00,96.0,370.0,1563,1686,1545,415399.029650134,482545.354549972,415005.15286115574,480593.6164753535,1.1616429507704709,1.158042528296368,0.9884836852207294
2024-05-13 08:00:00,96.0,380.0,1299,1369,1280,169252.05623743995,203018.26267011304,168703.24267003237,201754.37526305666,1.199502488674662,1.1959128471387428,0.985373364126251
2024-05-13 08:00:00,96.0,390.0,1320,1402,1299,113833.31289294809,139405.95362500026,113453.58162777225,137924.62314572217,1.2246498857158041,1.2156921021518432,0.9840909090909091
2024-05-13 08:00:00,96.0,400.0,1233,1328,1210,127726.80249779238,153790.17773856502,127288.03112261467,151701.90694305068,1.2040556463567866,1.1918002470862203,0.981346309813463
2024-05-13 08:00:00,96.0,410.0,1198,1291,1188,243772.71927354595,279541.9788294475,243615.88097680637,278020.44895152823,1.1467320037389563,1.141224651844423,0.991652754590985
2024-05-13 08:00:00,96.0,420.0,1070,1137,1053,90970.8593505084,110226.88411825715,90420.61280216268,109039.43048045419,1.2116724509939583,1.2059134206381554,0.9841121495327103
2024-05-13 08:00:00,96.0,430.0,949,1014,939,96341.40817643258,114407.43716650011,96178.47948974674,113395.78036751263,1.187520914755395,1.179014068106591,0.9894625922023182
2024-05-13 08:00:00,96.0,440.0,937,981,926,111362.76917419085,131846.8923653166,111088.27232125535,131144.17623559717,1.1839404977356929,1.1805402451155447,0.9882604055496265
2024-05-13 08:00:00,96.0,450.0,938,981,923,84357.51811203992,101291.26818511197,84060.38970354073,100095.2132926005,1.2007378885967388,1.1907536194587065,0.9840085287846482
2024-05-13 08:00:00,96.0,460.0,918,976,911,62290.57396676211,76311.11652134128,62175.97482175319,75388.37470446518,1.2250828923499797,1.2125000841657805,0.9923747276688453
2024-05-13 08:00:00,96.0,470.0,886,930,884,57819.7311754627,71262.03047424987,57792.61324218204,70627.56290620042,1.2324863679838718,1.2220863349825186,0.9977426636568849
2024-05-13 08:00:00,96.0,480.0,804,845,795,66296.55112733519,81103.80371796986,66058.85151351005,80388.82767189945,1.2233487615697312,1.2169274189615407,0.9888059701492538
2024-05-13 08:00:00,96.0,490.0,771,819,764,172499.30896120053,199248.88400729978,172344.17393775552,198460.4034623285,1.1550706214835673,1.151535319865267,0.9909208819714657
2024-05-13 16:00:00,104.0,0.0,61,60,59,1851.197984818556,2011.5467979637172,1830.6781116466339,1999.8252357221866,1.086618943224961,1.0923958848906596,0.9672131147540983
2024-05-13 16:00:00,104.0,10.0,182,188,180,5441.318042988543,6121.990680275787,5420.074601899878,6028.3681072923255,1.1250933380312753,1.1122297293065349,0.989010989010989
2024-05-13 16:00:00,104.0,20.0,296,297,290,9431.989213386994,10671.418743422342,9364.34314920361,10590.93812303807,1.131407013090749,1.130985692673893,0.9797297297297297
2024-05-13 16:00:00,104.0,30.0,453,460,451,34415.59324575534,38338.162627993675,34387.32582964464,38234.021042387074,1.1139765150705958,1.1118637497954633,0.9955849889624724
2024-05-13 16:00:00,104.0,40.0,589,594,586,24319.597460074998,27512.198491343202,24283.829713038725,27416.69169554113,1.1312768863263232,1.129010210478468,0.9949066213921901
2024-05-13 16:00:00,104.0,50.0,719,724,717,57428.41903902227,62862.97606457414,57398.88782358203,62772.356131760695,1.0946318411074336,1.0936162443546686,0.9972183588317107
2024-05-13 16:00:00,104.0,60.0,838,845,835,240266.85149814238,256384.20465761278,240213.8084690497,256269.71738756844,1.067081052001029,1.0668400747685889,0.9964200477326969
2024-05-13 16:00:00,104.0,70.0,963,971,958,146779.9847076926,159968.0121050721,146723.1891299914,159820.81342510652,1.0898489492531491,1.0892675818510944,0.9948078920041536
2024-05-13 16:00:00,104.0,80.0,1056,1077,1048,141207.12493129104,155105.53976531557,140674.0184443368,154734.2321950188,1.0984257334096086,1.0999489024780043,0.9924242424242424
2024-05-13 16:00:00,104.0,90.0,1140,1158,1133,172472.15439568617,188496.59040731285,172345.36685578845,188197.63761322008,1.0929102791565029,1.0919796745722568,0.993859649122807
2024-05-13 16:00:00,104.0,100.0,1247,1271,1243,56545.24541076069,63769.242128611935,56498.01709297408,63401.70757596928,1.1277560414739398,1.122193500554796,0.9967923015236567
2024-05-13 16:00:00,104.0,110.0,1392,1422,1387,68119.87291734855,76775.27608584591,68065.05431496003,76341.00209232763,1.127061352257647,1.121588792672845,0.9964080459770115
2024-05-13 16:00:00,104.0,120.0,1464,1500,1456,54919.22981566211,62048.031991280455,54790.147385600154,61507.58525266235,1.1298052102978566,1.1226030260474835,0.994535519125683
2024-05-13 16:00:00,104.0,130.0,1486,1521,1481,78332.13879972268,87945.94434391285,78276.12574721566,87434.58234121294,1.1227313040535056,1.117001914780166,0.9966352624495289
2024-05-13 16:00:00,104.0,140.0,1428,1460,1413,84276.91116565248,93596.89252651099,84053.04950686503,93028.1828455294,1.1105876002329915,1.1067793898177523,0.9894957983193278
2024-05-13 16:00:00,104.0,150.0,1428,1454,1411,130221.94085346613,142529.02192616186,129912.50261962996,141981.88269754764,1.0945085059555704,1.092903914823776,0.9880952380952381
2024-05-13 16:00:00,104.0,160.0,1449,1486,1436,110497.96179476407,121599.16289896943,110264.82628398409,120864.71390051935,1.1004652115196878,1.096131177763211,0.9910282953761215
2024-05-13 16:00:00,104.0,170.0,1415,1479,1396,104177.11200939302,116331.70681097035,103870.0962534155,115323.38289671714,1.1166724107353008,1.1102654859908734,0.9865724381625441
2024-05-13 16:00:00,104.0,180.0,1478,1522,1452,93326.98318514199,103298.14061878697,92669.58116757199,102438.71398087064,1.1068410988263084,1.105418980966725,0.9824086603518268
2024-05-13 16:00:00,104.0,190.0,1530,1601,1511,98594.40630170013,110342.34859016593,98334.61178500416,109244.34544993464,1.119154247478472,1.1109450016316045,0.9875816993464053
2024-05-13 16:00:00,104.0,200.0,1542,1609,1525,105656.4864796302,117334.87584429032,105385.99800771862,116303.92182535683,1.110531683891567,1.103599377754515,0.9889753566796369
2024-05-13 16:00:00,104.0,210.0,1603,1647,1584,134872.00655592215,149765.8879526772,134612.8327799983,148970.2590118032,1.1104297457796002,1.1066571881394818,0.9881472239550843
2024-05-13 16:00:00,104.0,220.0,1673,1745,1647,118378.2259510878,132647.92799856095,117942.60653263346,131312.5118651744,1.1205433003647916,1.113359418835988,0.9844590555887627
2024-05-13 16:00:00,104.0,230.0,1700,1751,1663,183812.79587915592,201426.09679076602,183003.42085800285,200224.90706164087,1.095821952042934,1.0941047228674519,0.9782352941176471
2024-05-13 16:00:00,104.0,240.0,1750,1770,1713,384869.0396304799,412786.64722389425,383335.2593426403,412088.92035767133,1.0725379407504916,1.0750091735999945,0.9788571428571429
2024-05-13 16:00:00,104.0,250.0,1835,1895,1811,204409.51025364583,223750.6013084819,203889.28789683056,222748.37905888876,1.094619330728968,1.0924967238671266,0.9869209809264305
2024-05-13 16:00:00,104.0,260.0,1924,1982,1902,175438.8792467729,192692.5188920896,175101.3798861845,191752.21317012503,1.0983455874740722,1.0950925303659145,0.9885654885654885
2024-05-13 16:00:00,104.0,270.0,1926,1978,1899,203049.43478621525,220309.16995729733,202519.00482756356,219197.59988508205,1.0850026260317067,1.0823557032176787,0.985981308411215
2024-05-13 16:00:00,104.0,280.0,1911,2002,1880,152864.86714620306,169434.87372274295,152329.23224697096,167954.17326602992,1.1083964346149726,1.1025734902525228,0.9837781266352695
2024-05-13 16:00:00,104.0,290.0,1895,1957,1852,198861.0955602313,219296.75787357718,198248.59544756368,218011.38185784567,1.1027635006021392,1.099686892437577,0.9773087071240105
2024-05-13 16:00:00,104.0,300.0,1838,1913,1798,152667.23081031675,168963.85067798317,152010.310507333,167558.73422868777,1.1067460238924118,1.1022853230775074,0.9782372143634385
2024-05-13 16:00:00,104.0,310.0,1925,1981,1886,191785.2631401192,209676.47021531267,191186.24607379147,208513.79225616244,1.0932877051252998,1.090631761113627,0.9797402597402597
2024-05-13 16:00:00,104.0,320.0,1879,1951,1847,321061.91664434446,348112.41362311534,320513.4054060021,346847.6008961196,1.0842532096658977,1.0821625399934813,0.982969664715274
2024-05-13 16:00:00,104.0,330.0,1880,1943,1848,867579.9257140227,918365.4097361513,866299.1283486558,917180.342311928,1.0585369514864373,1.058734001106826,0.9829787234042553
2024-05-13 16:00:00,104.0,340.0,1911,1980,1870,805108.5795928297,835450.2259110487,803776.3136876834,834068.4864856674,1.0376864029117212,1.0376873170832879,0.97854526425955
2024-05-13 16:00:00,104.0,350.0,1882,1923,1827,866796.629757914,891227.8989455242,865996.2826050478,890042.0713694016,1.0281856993311496,1.0277666189189871,0.9707757704569607
2024-05-13 16:00:00,104.0,360.0,2018,2089,1979,1037533.3007942142,1076603.1704836874,1036836.686121434,1075095.676548249,1.0376564970585194,1.0368997267736861,0.9806739345887017
2024-05-13 16:00:00,104.0,370.0,1898,1966,1860,478277.0558340928,510687.67293338315,477444.3366437241,509146.2432989982,1.0677653604828854,1.0663991678655738,0.9799789251844047
2024-05-13 16:00:00,104.0,380.0,1512,1568,1482,215605.459634515,234216.9438921395,214830.7955388868,233102.41958517965,1.0863219525571102,1.0850512329969262,0.9801587301587301
2024-05-13 16:00:00,104.0,390.0,1578,1616,1539,159262.8001105341,173552.5066586667,158517.51988291158,172561.418263225,1.0897240695141304,1.0885952441767124,0.9752851711026616
2024-05-13 16:00:00,104.0,400.0,1464,1502,1429,175311.1921293643,191130.398809916,174709.56749167788,190004.50301312798,1.0902350071801377,1.0875449223590956,0.9760928961748634
2024-05-13 16:00:00,104.0,410.0,1413,1432,1373,294037.3536984172,310632.4370236671,293443.8837780816,309806.23225130676,1.0564386909231636,1.0557597189028456,0.9716914366595896
2024-05-13 16:00:00,104.0,420.0,1235,1261,1216,128330.47124079557,138187.19444745887,127943.65109576244,137589.83521030768,1.0768073483355987,1.075394003781597,0.9846153846153847
2024-05-13 16:00:00,104.0,430.0,1117,1151,1092,137525.89240490153,147450.81881917643,137111.81317236385,146708.48586227724,1.0721676932301163,1.0699915818183323,0.9776186213070726
2024-05-13 16:00:00,104.0,440.0,1091,1141,1070,157561.83975547357,170289.64097239065,157274.3153094766,169334.36860150198,1.0807797194845519,1.0766816454949697,0.9807516040329972
2024-05-13 16:00:00,104.0,450.0,1092,1119,1067,122855.55826370901,135264.81447406244,122405.60909587308,134543.1056116776,1.1010068765771022,1.099158009224054,0.9771062271062271
2024-05-13 16:00:00,104.0,460.0,1072,1094,1052,99059.60689242324,109031.45123750926,98687.10803802282,108517.48793286465,1.1006650910286293,1.0996115915267708,0.9813432835820896
2024-05-13 16:00:00,104.0,470.0,1006,1031,993,92994.04340162777,103677.81015388019,92803.02629577287,103229.15675752275,1.1148865708108935,1.1123468800308378,0.9870775347912525
2024-05-13 16:00:00,104.0,480.0,917,936,904,99301.72889093349,111228.91624678503,99085.89797210119,110832.26972713067,1.1201105709745656,1.1185473613847332,0.9858233369683751
2024-05-13 16:00:00,104.0,490.0,890,920,886,214079.26313461538,234601.5227435254,213940.19800090615,234189.52575363877,1.0958629028725935,1.0946494765450616,0.9955056179775281
2024-05-14 00:00:00,112.0,0.0,60,60,59,2132.90722117847,2162.034885745822,2122.7483158330438,2149.9018138843685,1.0136563204803903,1.0127916709902882,0.9833333333333333
2024-05-14 00:00:00,112.0,10.0,181,178,174,6318.714745054274,6473.170874064346,6244.174247099711,6426.107461732249,1.0244442319747011,1.0291364730439807,0.9613259668508287
2024-05-14 00:00:00,112.0,20.0,295,301,292,10968.94938128375,11632.588887708773,10935.705144415002,11535.922909645116,1.060501647273292,1.054886059682823,0.9898305084745763
2024-05-14 00:00:00,112.0,30.0,452,452,446,42624.73331675447,45005.49540550147,42554.727077272466,44929.8523023368,1.055854005491483,1.0558134286879928,0.9867256637168141
2024-05-14 00:00:00,112.0,40.0,588,583,580,28860.367237007704,30480.197616383393,28763.854780439407,30446.247816666946,1.0561264645759108,1.0584898320850804,0.9863945578231292
2024-05-14 00:00:00,112.0,50.0,721,718,713,68829.39929827792,71799.18744862266,68705.8212297876,71737.36826122804,1.0431470880266573,1.0441235833758742,0.9889042995839112
2024-05-14 00:00:00,112.0,60.0,835,839,832,313630.3710888232,327639.23172088666,313513.7856332868,327556.5409512969,1.0446667858837435,1.0447915082574255,0.9964071856287425
2024-05-14 00:00:00,112.0,70.0,957,954,944,182592.83484908356,192436.802657691,182433.59749239404,192322.84177987635,1.0539121253949733,1.0542073632456577,0.9864158829676071
2024-05-14 00:00:00,112.0,80.0,1052,1058,1044,180929.70457020626,190726.13586876553,180728.36010844013,190565.00663886772,1.0541449582412707,1.0544277971898015,0.9923954372623575
2024-05-14 00:00:00,112.0,90.0,1137,1147,1127,220730.6182393583,232177.18098415423,220557.27325458138,231895.0511167243,1.0518576119439098,1.0514051415981014,0.9912049252418645
2024-05-14 00:00:00,112.0,100.0,1252,1246,1235,65663.41122575739,68891.97807625562,65410.40748233374,68763.98065606876,1.0491684301840198,1.0512697184257835,0.9864217252396166
2024-05-14 00:00:00,112.0,110.0,1379,1386,1361,81375.96731682568,86523.719605943,81164.01286834374,86208.09173627902,1.0632588767771605,1.062146740774354,0.9869470630891951
2024-05-14 00:00:00,112.0,120.0,1456,1474,1438,63344.38283796811,67069.28531175698,63101.29546152616,66611.50618735225,1.0588039902972453,1.0556281879817557,0.9876373626373627
2024-05-14 00:00:00,112.0,130.0,1482,1491,1457,93587.51089231847,99271.74147122682,93234.19829710861,98835.56699379293,1.060737063361463,1.060078477629362,0.9831309041835358
2024-05-14 00:00:00,112.0,140.0,1436,1424,1402,101191.80541481255,107148.48650494558,100718.8929602139,106871.319546782,1.0588652516447847,1.0610851291723238,0.9763231197771588
2024-05-14 00:00:00,112.0,150.0,1430,1453,1413,160646.05847959372,169140.8952448712,160238.16699704225,168600.9226540715,1.0528792106427969,1.052189536449101,0.9881118881118881
2024-05-14 00:00:00,112.0,160.0,1453,1474,1423,135783.30374919716,142368.44316809584,135133.95483896966,141768.01079696725,1.0484974163764786,1.0490924428719857,0.9793530626290433
2024-05-14 00:00:00,112.0,170.0,1421,1453,1392,126795.54230575863,134513.1659580901,126320.30097907153,133775.66500035382,1.0608666796323245,1.05901952388886,0.9795918367346939
2024-05-14 00:00:00,112.0,180.0,1481,1509,1445,112034.66596266777,118819.4930551041,111150.99544852052,118013.06772516642,1.060560068922749,1.0617364896189712,0.9756920999324781
2024-05-14 00:00:00,112.0,190.0,1549,1577,1519,119737.90749905477,127998.28150943566,119253.42515332192,127267.05821969286,1.0689871251545473,1.067198347184309,0.9806326662362814
2024-05-14 00:00:00,112.0,200.0,1550,1579,1516,126773.62976727048,134049.00038320222,126360.05264579586,133241.71402779862,1.0573886748315702,1.0544607353187243,0.9780645161290322
2024-05-14 00:00:00,112.0,210.0,1607,1630,1577,164730.2117299018,175642.1214633661,163345.56263993145,175018.68938991512,1.0662410957824535,1.0714627723050865,0.9813316739265713
2024-05-14 00:00:00,112.0,220.0,1683,1698,1642,143454.96612380157,153498.1677121744,142562.03603686445,152634.87450837635,1.0700094382212295,1.0706558264144546,0.9756387403446227
2024-05-14 00:00:00,112.0,230.0,1710,1744,1679,224599.38642000657,236288.79790383088,223750.107522959,235460.33109136828,1.052045607381869,1.0523361695690254,0.9818713450292398
2024-05-14 00:00:00,112.0,240.0,1753,1769,1721,490738.35536452255,512054.7924644556,488347.1144362301,511297.0633584906,1.0434374791921432,1.0469951561989979,0.9817455790074159
2024-05-14 00:00:00,112.0,250.0,1839,1869,1801,249810.11850542587,265471.1452314464,249050.5609424548,264621.7944809211,1.062691722896246,1.0625223789078886,0.9793365959760739
2024-05-14 00:00:00,112.0,260.0,1934,1961,1894,215795.43530286243,228411.24647712806,214859.0854225694,227460.14614597568,1.0584619000701276,1.0586480236505869,0.9793174767321613
2024-05-14 00:00:00,112.0,270.0,1927,1962,1899,250187.83627252246,263271.64846780745,249534.14153870696,262382.7458131193,1.052295956471014,1.0514903659883323,0.9854696419304618
2024-05-14 00:00:00,112.0,280.0,1949,1974,1898,185500.48768952943,197525.95330436027,184519.2049538312,196536.3470936147,1.0648271374626128,1.0651267825633126,0.9738327347357619
2024-05-14 00:00:00,112.0,290.0,1906,1938,1848,244987.0461558726,260206.5791461314,244057.93177496898,259077.03854325108,1.0621238274801492,1.061539105322462,0.9695697796432319
2024-05-14 00:00:00,112.0,300.0,1846,1879,1792,185682.32900851918,198181.14772213384,184740.60612096527,197115.4732386714,1.067312914375612,1.0669850953590747,0.9707475622968581
2024-05-14 00:00:00,112.0,310.0,1914,1967,1866,233130.83314893887,245860.27124915158,232257.3128754506,244644.17788959807,1.0546021215995927,1.0533325080738793,0.9749216300940439
2024-05-14 00:00:00,112.0,320.0,1887,1909,1834,392123.26346281497,412413.5927366144,391234.2938941698,411318.20627233793,1.0517447730456408,1.0513347441459233,0.9719130895601484
2024-05-14 00:00:00,112.0,330.0,1889,1911,1842,1072657.5010431784,1110116.5729589846,1071787.5158260684,1109263.1458763308,1.0349217451790311,1.0349655407409541,0.9751191106405506
2024-05-14 00:00:00,112.0,340.0,1914,1955,1868,1008800.9883825928,1033553.104249357,1007845.2940573448,1032507.5671679871,1.0245361732906797,1.0244702964394048,0.9759665621734587
2024-05-14 00:00:00,112.0,350.0,1894,1902,1834,1137278.6415565768,1166016.1587108625,1136098.3312823535,1165134.1875280782,1.0252686686483032,1.0255575203714549,0.9683210137275607
2024-05-14 00:00:00,112.0,360.0,2046,2066,1986,1279125.8360547593,1304224.2320519667,1278153.0912251282,1303093.6983521194,1.019621522206618,1.0195130045831093,0.9706744868035191
2024-05-14 00:00:00,112.0,370.0,1921,1962,1875,579728.1917640826,603166.3276653814,578161.6302533476,602098.3705501179,1.040429525826539,1.041401468108981,0.9760541384695471
2024-05-14 00:00:00,112.0,380.0,1537,1553,1490,262635.95294353284,275645.61839674064,261187.3170234464,274794.3255721487,1.049534975342865,1.0520967430722559,0.9694209499024072
2024-05-14 00:00:00,112.0,390.0,1625,1627,1568,191827.45775082178,201900.89641551196,190829.2814743807,201076.9180307599,1.0525130175982174,1.0537005457296917,0.9649230769230769
2024-05-14 00:00:00,112.0,400.0,1499,1509,1447,210402.9136419882,220825.2065609923,209370.95406988222,219886.97167441962,1.0495349267678782,1.0502267262966545,0.9653102068045364
2024-05-14 00:00:00,112.0,410.0,1422,1420,1373,366566.23581934394,377129.22407908796,365644.7995113429,376420.50325413723,1.0288160425799548,1.0294704143398055,0.9655414908579466
2024-05-14 00:00:00,112.0,420.0,1240,1246,1208,153422.8230332304,159838.044995958,152510.27836589544,159218.02744786005,1.0418140002634293,1.0439822755150423,0.9741935483870968
2024-05-14 00:00:00,112.0,430.0,1129,1141,1091,162364.75879309227,167618.507709925,161615.0787762038,166979.2897525821,1.0323576923704718,1.0331912778002996,0.9663418954827281
2024-05-14 00:00:00,112.0,440.0,1091,1120,1066,188706.81332380534,197309.37830016346,188356.16310543712,196574.56889781155,1.0455869336397348,1.0436322637755897,0.9770852428964253
2024-05-14 00:00:00,112.0,450.0,1093,1105,1055,145374.0476965075,154537.19717718667,143636.57197073003,153606.1349669656,1.0630315357236855,1.069408249302045,0.9652333028362305
2024-05-14 00:00:00,112.0,460.0,1072,1083,1050,114951.23083150605,122598.39863040205,114630.62773732204,122165.57079431241,1.0665253233356424,1.0657323719299245,0.9794776119402985
2024-05-14 00:00:00,112.0,470.0,1009,1019,985,108436.05792864357,116332.08348043353,108018.46902727187,115918.37576644764,1.0728173423363099,1.0731347778793388,0.9762140733399405
2024-05-14 00:00:00,112.0,480.0,906,927,891,116138.07599483622,124698.83746067941,115710.01362892162,124194.61554242928,1.0737119277421456,1.0733264273973515,0.9834437086092715
2024-05-14 00:00:00,112.0,490.0,895,909,887,263277.96741988615,281229.6796377178,263176.6979148822,280961.6440757822,1.0681853950551112,1.067577966825361,0.9910614525139665
2024-05-14 08:00:00,120.0,0.0,36,47,35,858.7306841296813,1157.366330670262,848.7005554816157,1019.3596160979123,1.3477640336600365,1.2010827723795374,0.9722222222222222
2024-05-14 08:00:00,120.0,10.0,75,111,74,2367.209583364035,3240.5369694793617,2340.7776892128113,2820.2789669015447,1.3689269392337637,1.2048469958930559,0.9866666666666667
2024-05-14 08:00:00,120.0,20.0,145,200,142,4647.337577567726,6244.534544810647,4616.204993820296,5537.17911576179,1.3436799975436355,1.1995089306420317,0.9793103448275862
2024-05-14 08:00:00,120.0,30.0,263,328,262,24213.450479169005,28369.84235976007,24202.88023987083,27593.041879962708,1.1716563231732229,1.1400726527790304,0.9961977186311787
2024-05-14 08:00:00,120.0,40.0,376,458,375,14060.850524771646,17994.883243921646,14050.629567912292,16973.973907092703,1.2797862556194046,1.2080578898654128,0.9973404255319149
2024-05-14 08:00:00,120.0,50.0,450,548,445,46561.63976320281,54326.5077224908,46507.44477058982,53090.80396797936,1.1667653458679195,1.1415549538329548,0.9888888888888889
2024-05-14 08:00:00,120.0,60.0,579,672,573,221919.77894178484,244291.85514943243,221850.4786499038,243140.4052917916,1.1008115469217206,1.0959652049048985,0.9896373056994818
2024-05-14 08:00:00,120.0,70.0,684,777,674,119400.58792011239,136677.65781650646,119236.74655990455,135446.29602142103,1.144698365371146,1.135944244783405,0.9853801169590644
2024-05-14 08:00:00,120.0,80.0,734,846,721,116652.17084585803,133396.89283147454,116119.59411185567,131875.51633049105,1.143544023777686,1.1356870245641577,0.9822888283378747
2024-05-14 08:00:00,120.0,90.0,798,938,792,155725.23591195003,175021.45164553978,155635.40871976025,173258.6417170733,1.1239119377189462,1.113234084340317,0.9924812030075187
2024-05-14 08:00:00,120.0,100.0,912,1049,903,32416.971500735992,41307.79746609446,32312.945668850967,39550.37975318542,1.274264545815349,1.2239793969421735,0.9901315789473685
2024-05-14 08:00:00,120.0,110.0,970,1129,961,40252.38006036979,50449.93081128682,40155.693267974,48405.841908267386,1.2533403176563207,1.2054540208093794,0.9907216494845361
2024-05-14 08:00:00,120.0,120.0,1033,1241,1026,28314.616743335835,37698.3731778966,28235.295037309905,35061.78838043198,1.3314103284399688,1.2417716313607348,0.9932236205227493
2024-05-14 08:00:00,120.0,130.0,1118,1281,1108,48514.81871510694,60478.23770440606,48378.937340192984,58407.240527161615,1.246593088589113,1.2072865535770494,0.9910554561717353
2024-05-14 08:00:00,120.0,140.0,1066,1222,1052,53528.41995864069,65864.24594064252,53319.43945040342,63827.06966550687,1.2304537662709498,1.1970694051440172,0.9868667917448405
2024-05-14 08:00:00,120.0,150.0,1101,1243,1084,98072.74483130785,114287.01424907555,97814.55429716902,112332.26422872164,1.1653290059909858,1.148420754312764,0.9845594913714805
2024-05-14 08:00:00,120.0,160.0,1081,1254,1071,79953.45377457503,94108.68252076102,79702.3434370081,91754.66052138366,1.1770433680838353,1.1512165962083787,0.9907493061979649
2024-05-14 08:00:00,120.0,170.0,1066,1205,1060,72179.88087931689,86823.03243230178,72028.31400417048,85028.79660693038,1.2028702648798757,1.1804912801652856,0.9943714821763602
2024-05-14 08:00:00,120.0,180.0,1175,1306,1165,60366.4839047962,72977.8794024658,59984.1483498562,71145.26497610619,1.2089138654747391,1.1860677684569767,0.9914893617021276
2024-05-14 08:00:00,120.0,190.0,1249,1355,1237,64574.43348633175,79235.35642184349,64426.07751062419,77544.36726662466,1.227039125919935,1.203617700516335,0.9903923138510808
2024-05-14 08:00:00,120.0,200.0,1224,1336,1215,72265.08363204604,86719.17352835467,72027.60609555128,85212.89595189724,1.200014850462291,1.1830588377302789,0.9926470588235294
2024-05-14 08:00:00,120.0,210.0,1324,1429,1310,94023.34545306257,113575.6008485386,93574.9426115953,112053.75320386013,1.207951071101131,1.197476055838639,0.9894259818731118
2024-05-14 08:00:00,120.0,220.0,1382,1491,1365,79936.31859397434,97683.26804835195,79699.34751247024,95995.95631080976,1.2220135949032231,1.204476062941289,0.9876989869753979
2024-05-14 08:00:00,120.0,230.0,1451,1521,1435,140087.75962071872,164756.44269362476,139785.5910959382,163487.72880119862,1.1760944934781983,1.1695606644392489,0.988973121984838
2024-05-14 08:00:00,120.0,240.0,1472,1549,1457,331513.4510121284,373356.990512239,330743.1506493123,372246.708440362,1.1262197336860995,1.1254857665519913,0.9898097826086957
2024-05-14 08:00:00,120.0,250.0,1585,1659,1567,156636.06530316858,184302.82194319082,156218.0285501299,183054.1106054897,1.1766308198975333,1.1717860755536815,0.9886435331230284
2024-05-14 08:00:00,120.0,260.0,1668,1767,1648,128242.99170648209,152379.37283989252,127849.2624097309,150816.71314701723,1.1882081883168547,1.179644765283669,0.988009592326139
2024-05-14 08:00:00,120.0,270.0,1596,1681,1574,151980.1552626706,176932.485672084,151483.31541083654,175433.34993081374,1.1641815036067555,1.1581034482578,0.9862155388471178
2024-05-14 08:00:00,120.0,280.0,1569,1638,1536,107579.75357344,128751.37762677984,106480.68667172377,127325.9374350819,1.1967993358423794,1.1957655553783504,0.9789674952198852
2024-05-14 08:00:00,120.0,290.0,1475,1599,1462,148344.12958233032,175792.11155448796,148159.55995841775,174018.76974342208,1.1850291079899062,1.1745362215726203,0.9911864406779661
2024-05-14 08:00:00,120.0,300.0,1433,1549,1417,107459.66127525168,130708.90423336005,107187.99308793808,128953.62351557954,1.2163532127516834,1.2030603410009246,0.988834612700628
2024-05-14 08:00:00,120.0,310.0,1475,1583,1459,140251.94826541535,166354.3326619158,140012.29653171825,164741.4700401937,1.1861106723958217,1.176621440552354,0.9891525423728813
2024-05-14 08:00:00,120.0,320.0,1498,1588,1469,258642.2627056958,299883.2372494577,257978.14115808718,298352.88560117036,1.1594518007704302,1.1565045172503272,0.9806408544726302
2024-05-14 08:00:00,120.0,330.0,1501,1567,1476,783581.5896111501,867471.9329584243,783173.8717640287,866320.4011835463,1.1070601255306478,1.1061661176620174,0.983344437041972
2024-05-14 08:00:00,120.0,340.0,1554,1652,1537,758527.2112985264,820330.1955809129,757872.9784777007,818882.651542755,1.0814776099813026,1.0805011852878053,0.989060489060489
2024-05-14 08:00:00,120.0,350.0,1567,1625,1539,777253.3088991483,839169.9126274947,776742.6453061802,838039.9809708509,1.0796607785639936,1.0789158880809335,0.9821314613911933
2024-05-14 08:00:00,120.0,360.0,1697,1789,1669,977830.943504961,1060265.4988406503,977213.349243983,1058630.499038931,1.0843034840360124,1.0833156340505745,0.9835002946375958
2024-05-14 08:00:00,120.0,370.0,1549,1642,1521,414899.3060846217,473141.6296002212,413807.73645993695,470817.05089307146,1.140377008737924,1.13776763798773,0.9819238218205294
2024-05-14 08:00:00,120.0,380.0,1293,1328,1262,168123.76481127593,197011.96999341244,167666.62857508747,196006.33859267834,1.1718270181170662,1.1690241538130486,0.9760247486465584
2024-05-14 08:00:00,120.0,390.0,1315,1360,1277,112743.39328603857,134114.7574333269,111876.17210033446,132902.14124037037,1.1895575742790314,1.1879396545779122,0.9711026615969581
2024-05-14 08:00:00,120.0,400.0,1222,1291,1204,126200.87129893579,148932.14690088725,125893.09098706259,147417.7548463271,1.1801197992374173,1.1709757357651698,0.9852700490998363
2024-05-14 08:00:00,120.0,410.0,1188,1252,1169,242631.34168984153,272018.70891215757,242392.97033036983,270667.02481958613,1.1211194193530127,1.1166455217355526,0.984006734006734
2024-05-14 08:00:00,120.0,420.0,1060,1120,1046,89778.42624194427,106774.79418094567,89439.84599062764,105733.29377043968,1.1893146121006601,1.1821721359126605,0.9867924528301887
2024-05-14 08:00:00,120.0,430.0,938,985,919,95095.23621785056,111512.98913958383,94625.02671382122,110553.72310171407,1.172645377147204,1.168334920909103,0.9797441364605544
2024-05-14 08:00:00,120.0,440.0,924,970,914,110121.1652178668,129113.38417124987,109834.59952020268,128339.91750938079,1.1724665636783658,1.1684835021934439,0.9891774891774892
2024-05-14 08:00:00,120.0,450.0,927,980,913,82859.26041663674,99602.10574695183,82078.01280389258,98511.83232368508,1.2020636588611575,1.2002219468818953,0.9848975188781014
2024-05-14 08:00:00,120.0,460.0,908,954,901,61038.40242361028,74954.8402487346,60950.06067398749,74224.46753859155,1.2279947913535383,1.2177915283071958,0.9922907488986784
2024-05-14 08:00:00,120.0,470.0,881,915,872,56713.03438249009,70614.0036379317,56552.63131769175,70012.59410629289,1.2451106594242376,1.238007719092469,0.9897843359818388
2024-05-14 08:00:00,120.0,480.0,795,831,785,64961.63611330811,80523.99203134992,64659.292484142694,79843.79566751153,1.2395622531873653,1.2348386844333743,0.9874213836477987
2024-05-14 08:00:00,120.0,490.0,765,820,757,170102.64726431348,197114.31673507337,169223.74258960586,196291.08725993996,1.15879629097593,1.1599500416202038,0.9895424836601308
2024-05-14 16:00:00,128.0,0.0,58,61,58,1836.773613959738,2032.74395416206,1836.773613959738,1997.2557136064243,1.1066927021996178,1.0873717361938344,1.0
2024-05-14 16:00:00,128.0,10.0,180,188,179,5413.343001603278,5904.821365852256,5329.7927244213115,5801.101375131462,1.0907901760711296,1.0884290769039848,0.9944444444444445
2024-05-14 16:00:00,128.0,20.0,294,301,291,9277.819881208472,10307.80370702329,9243.244630954106,10196.8373298361,1.111015716946712,1.10316644608632,0.9897959183673469
2024-05-14 16:00:00,128.0,30.0,453,457,447,34517.169266294855,37343.28712869287,34440.68784340196,37229.72999231086,1.081875713520855,1.0809810234217845,0.9867549668874173
2024-05-14 16:00:00,128.0,40.0,589,592,587,24286.656543457935,26546.084596468107,24263.05281674043,26488.924736796438,1.0930316632496204,1.0917391532247853,0.9966044142614601
2024-05-14 16:00:00,128.0,50.0,719,721,713,57538.910466188914,62231.977501407084,57437.98692347829,62134.97803788135,1.0815633628998922,1.0817749953643157,0.9916550764951322
2024-05-14 16:00:00,128.0,60.0,836,838,833,240484.06910066638,253486.8556530805,240448.4166674111,253432.17071250774,1.0540692221361705,1.0539980850156971,0.9964114832535885
2024-05-14 16:00:00,128.0,70.0,957,961,946,147176.26279215066,157256.80789874654,147055.40213794634,157080.22677293405,1.0684930090991107,1.0681703935336144,0.9885057471264368
2024-05-14 16:00:00,128.0,80.0,1047,1069,1042,141046.35112135636,151716.45570851833,140668.8308254715,151406.5998265795,1.075649632211906,1.0763336763240068,0.9952244508118434
2024-05-14 16:00:00,128.0,90.0,1137,1148,1128,172234.93936623295,183456.13310257526,171945.40373172352,183205.11361452081,1.065150507659088,1.0654842155616162,0.9920844327176781
2024-05-14 16:00:00,128.0,100.0,1249,1265,1240,56510.79548955078,61126.70264868325,56392.67160834557,60823.96053472618,1.0816818648391877,1.078579162859254,0.9927942353883107
2024-05-14 16:00:00,128.0,110.0,1389,1406,1379,68052.71091031499,74024.78497287867,67939.61267379936,73698.85143714884,1.087756593127262,1.0847699675740203,0.9928005759539237
2024-05-14 16:00:00,128.0,120.0,1465,1488,1453,54593.872061839946,59890.06689029589,54426.63022355603,59467.93065397272,1.0970107931244886,1.092625621129026,0.9918088737201365
2024-05-14 16:00:00,128.0,130.0,1484,1505,1469,78435.18852128013,85244.28345219436,78201.56426812557,84804.70806915924,1.0868117366616243,1.084437490002039,0.9898921832884097
2024-05-14 16:00:00,128.0,140.0,1426,1439,1408,84116.58108710786,91004.43871372059,83882.9596789571,90635.21515400242,1.081884659808985,1.0804961520300196,0.9873772791023843
2024-05-14 16:00:00,128.0,150.0,1422,1450,1405,130172.11024611119,139754.37481699247,129799.30959676577,139202.7508698083,1.0736122703455024,1.072446003775022,0.9880450070323488
2024-05-14 16:00:00,128.0,160.0,1439,1484,1423,110598.0912873337,119579.59383144522,110297.47718850325,118848.69963849934,1.0812084769236894,1.0775287220339742,0.9888811674774148
2024-05-14 16:00:00,128.0,170.0,1402,1450,1379,104104.98296723005,112252.13281425196,103554.43390743074,111389.10173189422,1.0782589806444371,1.0756574830148464,0.9835948644793152
2024-05-14 16:00:00,128.0,180.0,1466,1520,1440,93343.42634296336,100937.12186046535,92691.82599437574,100004.95244452948,1.0813522260218,1.0788972098855565,0.9822646657571623
2024-05-14 16:00:00,128.0,190.0,1523,1571,1500,98031.88345901831,107380.74100293935,97587.76856183022,106486.85502995267,1.0953654792099274,1.0911905928301262,0.9848982271831911
2024-05-14 16:00:00,128.0,200.0,1534,1585,1514,105638.5707824887,114907.95063518034,105370.0837545187,114060.61651692036,1.0877461686960668,1.0824762821926577,0.9869621903520208
2024-05-14 16:00:00,128.0,210.0,1595,1628,1573,135132.09954685875,147320.1047922059,134766.06985893688,146633.82570641572,1.0901932648587378,1.0880618976267626,0.9862068965517241
2024-05-14 16:00:00,128.0,220.0,1667,1713,1637,118226.02136886933,129546.36098139329,117734.78881814689,128480.9286345297,1.0957516753203096,1.091274124872142,0.982003599280144
2024-05-14 16:00:00,128.0,230.0,1697,1739,1669,183601.27978715207,197635.4155751253,182852.20550651208,196802.4201442148,1.076438115269365,1.0762922962786243,0.9835002946375958
2024-05-14 16:00:00,128.0,240.0,1746,1774,1711,385611.61905393173,409314.73159372096,384811.1221370122,408570.06228871574,1.0614688753361297,1.0617418228968032,0.9799541809851088
2024-05-14 16:00:00,128.0,250.0,1840,1870,1808,203949.3009628025,219926.25730244373,203406.70625139063,219180.65261735622,1.0783378823277028,1.0775488018889139,0.9826086956521739
2024-05-14 16:00:00,128.0,260.0,1920,1955,1880,175020.1548292811,189394.29005497345,174400.49755945374,188488.29082711542,1.0821284568038076,1.0807784006628713,0.9791666666666666
2024-05-14 16:00:00,128.0,270.0,1910,1942,1872,202638.86530188227,217903.87062951442,201847.81309609115,217040.7014328239,1.075331083723209,1.0752690262217508,0.9801047120418848
2024-05-14 16:00:00,128.0,280.0,1908,1957,1870,152689.9784751829,165460.0208764107,151826.78579929273,164363.740436872,1.0836337952808301,1.082574063407708,0.980083857442348
2024-05-14 16:00:00,128.0,290.0,1887,1941,1838,199522.7284368794,216076.01870473963,198901.8667412408,214815.1596163884,1.0829644341651883,1.0800057492464352,0.9740328563857975
2024-05-14 16:00:00,128.0,300.0,1837,1888,1791,152496.7306188462,165835.27150136634,151812.46182603465,164679.49712799152,1.0874677170349232,1.0847561204606608,0.974959172563963
2024-05-14 16:00:00,128.0,310.0,1913,1955,1866,191192.90992665925,205453.4425983735,190528.7313833746,204354.62057703442,1.0745871417365034,1.0725659017056062,0.9754312598013591
2024-05-14 16:00:00,128.0,320.0,1866,1922,1830,321125.0579272295,344022.1799631069,320241.8041145197,342913.62178356084,1.0713028194799614,1.070795934127743,0.9807073954983923
2024-05-14 16:00:00,128.0,330.0,1879,1894,1824,867388.6704572382,907496.7252984282,866649.3346852404,906571.497537496,1.0462400031349814,1.0460649552875443,0.9707291112293773
2024-05-14 16:00:00,128.0,340.0,1917,1943,1865,805013.2576978451,827368.8183079392,804243.8795818695,826307.7319686143,1.02777042538905,1.0274342807535146,0.9728742827334377
2024-05-14 16:00:00,128.0,350.0,1876,1884,1806,867008.9106116693,886463.2407382187,865661.3230206656,885460.4817526283,1.022438443121449,1.0228717146133721,0.9626865671641791
2024-05-14 16:00:00,128.0,360.0,2025,2049,1972,1036663.6216188173,1069065.398134745,1035947.5278590246,1068064.9487718218,1.0312558247827104,1.031002941798774,0.9738271604938271
2024-05-14 16:00:00,128.0,370.0,1883,1951,1847,477887.8082160428,506019.4751986362,476855.44953241106,504723.91868441325,1.0588666764435966,1.0584421739949268,0.9808815719596389
2024-05-14 16:00:00,128.0,380.0,1504,1535,1457,215180.54098008835,229898.95537469548,214116.92972623237,228877.03860344467,1.0684003038916474,1.0689348053705254,0.96875
2024-05-14 16:00:00,128.0,390.0,1573,1585,1527,159197.50194036224,170718.14306836066,158502.80726293725,169893.31581215063,1.0723669717651363,1.071863134451101,0.9707565162110616
2024-05-14 16:00:00,128.0,400.0,1463,1491,1423,175282.37927530773,187954.85722207508,174524.75562994042,186855.91426746637,1.0722975007479976,1.0706556419060271,0.9726589200273411
2024-05-14 16:00:00,128.0,410.0,1408,1413,1370,294135.7813994824,307329.975136429,293629.0204583021,306769.8160127194,1.0448574929380212,1.0447530544968167,0.9730113636363636
2024-05-14 16:00:00,128.0,420.0,1230,1233,1198,128313.57241692956,136066.1190591208,127370.51400593692,135499.62283962744,1.060418757705544,1.0638225330025097,0.9739837398373984
2024-05-14 16:00:00,128.0,430.0,1115,1134,1084,137037.10082943802,144024.5220750438,136447.75095252792,143345.04725877722,1.0509892664345155,1.0505489922560098,0.9721973094170404
2024-05-14 16:00:00,128.0,440.0,1086,1114,1051,157340.46186166123,167461.5303789894,156900.70917774673,166664.74641142882,1.0643259108151528,1.0622306762337244,0.9677716390423573
2024-05-14 16:00:00,128.0,450.0,1085,1107,1053,122471.90749530174,132920.75301000004,121812.75377504586,132042.63197232783,1.0853162633651243,1.0839803541111441,0.9705069124423963
2024-05-14 16:00:00,128.0,460.0,1069,1071,1040,98830.51229821048,107601.10229690147,98412.87782021616,107208.28397844543,1.08874374719648,1.0893725125516296,0.9728718428437793
2024-05-14 16:00:00,128.0,470.0,1007,1015,982,92702.83644796186,102256.2212400607,92194.99960142223,101866.08682035719,1.1030538563667527,1.1048981751802704,0.9751737835153923
2024-05-14 16:00:00,128.0,480.0,908,919,892,98922.44444345069,109597.57102178395,98723.08354450332,109280.99851508324,1.1079141001659714,1.1069447447497982,0.9823788546255506
2024-05-14 16:00:00,128.0,490.0,890,907,880,212965.23947404674,232869.1596126909,212595.817357731,232553.44961738156,1.0934608867991802,1.0938759403063336,0.9887640449438202
2024-05-15 00:00:00,136.0,0.0,61,62,60,2168.157773075543,2174.952456101518,2158.1169449945014,2153.9239342815736,1.0031338508250423,0.9980570975439246,0.9836065573770492
2024-05-15 00:00:00,136.0,10.0,181,170,168,6347.0739057657665,6450.375814213565,6201.298974708966,6428.821547758955,1.016275516873052,1.036689502308775,0.9281767955801105
2024-05-15 00:00:00,136.0,20.0,297,289,287,10752.95114206336,11106.237130456964,10641.90719218866,11085.77770479492,1.0328547934168157,1.0417096770898424,0.9663299663299664
2024-05-15 00:00:00,136.0,30.0,450,446,439,42562.02399312803,44280.291637416594,42414.12999385417,44196.70001684042,1.040370910099717,1.0420277398886773,0.9755555555555555
2024-05-15 00:00:00,136.0,40.0,587,581,577,28806.79824874895,29732.664548220786,28688.344757994517,29686.26067108119,1.032140548612064,1.0347847155876284,0.9829642248722317
2024-05-15 00:00:00,136.0,50.0,717,717,709,68735.49731988534,71849.2912490452,68576.66289687651,71753.08839997051,1.0453011042412148,1.0463193361839525,0.9888423988842399
2024-05-15 00:00:00,136.0,60.0,836,830,826,311541.93032845506,325249.1115005977,311430.2586626436,325201.40826348023,1.0439978694286554,1.0442190481425062,0.9880382775119617
2024-05-15 00:00:00,136.0,70.0,950,942,932,181699.3177069595,189839.3254220887,181453.94091234848,189726.92640606884,1.0447993301122749,1.0455927573252137,0.9810526315789474
2024-05-15 00:00:00,136.0,80.0,1051,1035,1029,179713.2647791897,188100.2011575198,178788.82534834032,188033.5874369688,1.0466684325647024,1.0517077175859095,0.9790675547098002
2024-05-15 00:00:00,136.0,90.0,1137,1129,1115,220333.53469980074,229630.3725005259,219804.53257263935,229425.72084705048,1.042194384133999,1.0437715644977958,0.980650835532102
2024-05-15 00:00:00,136.0,100.0,1253,1252,1236,65568.42806580449,68067.3790964068,65330.97664862123,67866.7358336513,1.0381121082862375,1.0388140406758113,0.9864325618515563
2024-05-15 00:00:00,136.0,110.0,1382,1383,1366,81061.53153128448,84360.84910485128,80877.66152135446,84149.05258279303,1.0407013969664942,1.0404486356294416,0.9884225759768451
2024-05-15 00:00:00,136.0,120.0,1448,1458,1426,62806.21440057855,65365.08764523975,62475.78354993173,64983.81080762962,1.040742357568961,1.0401439904422076,0.9848066298342542
2024-05-15 00:00:00,136.0,130.0,1477,1493,1458,93631.56230687215,97423.82218078557,93397.50804776385,96951.32407242627,1.040501939522108,1.0380504373076527,0.987136086662153
2024-05-15 00:00:00,136.0,140.0,1430,1430,1400,100723.44257175413,104887.10497149502,100226.66514420048,104537.25539838684,1.0413375704148986,1.0430084174504313,0.9790209790209791
2024-05-15 00:00:00,136.0,150.0,1425,1448,1408,160189.89419305808,167317.5074227308,159861.62310026423,166813.20323101443,1.044494774564759,1.0434849840501756,0.9880701754385965
2024-05-15 00:00:00,136.0,160.0,1446,1469,1419,135236.91824611637,141377.26403904226,134682.12150223524,140782.15456986235,1.0454043605293573,1.0452920773714265,0.9813278008298755
2024-05-15 00:00:00,136.0,170.0,1414,1443,1386,126399.75114668132,133061.06754560926,125634.9212524853,132368.37849128706,1.0527003917214819,1.053595426905786,0.9801980198019802
2024-05-15 00:00:00,136.0,180.0,1482,1512,1451,111979.9494258885,116921.42952242828,110978.42246138921,116194.22429109094,1.0441282579772033,1.0469983417859121,0.9790823211875843
2024-05-15 00:00:00,136.0,190.0,1539,1562,1508,118606.34030164633,125686.15823215776,118147.70599570028,124978.54681308597,1.0596917324361046,1.0578161104341228,0.9798570500324886
2024-05-15 00:00:00,136.0,200.0,1541,1567,1511,126483.4320622921,133380.922110989,126095.49040858427,132714.51374377354,1.054532755288455,1.052492149510992,0.9805321219987021
2024-05-15 00:00:00,136.0,210.0,1594,1604,1557,164061.3058689113,174249.97561260112,162810.5672843094,173667.64691881122,1.0621028199777394,1.0666853498246374,0.9767879548306148
2024-05-15 00:00:00,136.0,220.0,1684,1716,1648,142897.16246183455,151860.97395344096,142270.37998589722,150822.16058503723,1.0627291076826,1.0601093537529578,0.9786223277909739
2024-05-15 00:00:00,136.0,230.0,1699,1716,1661,223771.49768053673,234409.9752632988,222848.89157757352,233753.34119019797,1.0475417007663321,1.0489320343279724,0.9776339022954679
2024-05-15 00:00:00,136.0,240.0,1755,1762,1713,492290.64357119246,513308.4818570158,490582.7863767075,512729.73989579844,1.042693962520504,1.045144171654822,0.976068376068376
2024-05-15 00:00:00,136.0,250.0,1830,1846,1793,249189.99371932735,263025.79093100544,248646.77317824867,262359.6779543387,1.055523085037122,1.0551501417082925,0.9797814207650273
2024-05-15 00:00:00,136.0,260.0,1928,1938,1884,215018.82780787957,226553.27190427727,214202.53289526858,225746.0623860446,1.053643879533674,1.0538907235817798,0.9771784232365145
2024-05-15 00:00:00,136.0,270.0,1922,1965,1889,249922.39287561164,263958.4972855549,249351.35281362993,262965.0874014602,1.0561618518790716,1.0545965940598103,0.9828303850156087
2024-05-15 00:00:00,136.0,280.0,1943,1958,1879,184357.65508455242,194157.66790513674,182865.69467271282,193127.2651083094,1.0531576126637634,1.056115338932009,0.9670612454966546
2024-05-15 00:00:00,136.0,290.0,1899,1920,1844,244725.82292619045,258990.13394956425,244034.34270427102,258039.2598575139,1.0582869059456628,1.05738912399807,0.9710373880989994
2024-05-15 00:00:00,136.0,300.0,1843,1854,1781,184843.63354873605,195032.62569311284,183885.65353282844,194159.9145904172,1.055122223842729,1.0558730975483879,0.9663591969614759
2024-05-15 00:00:00,136.0,310.0,1913,1946,1868,232213.31228043587,243535.97844946288,231406.703464535,242607.5490481356,1.0487597634168062,1.0484032891696986,0.9764767381076843
2024-05-15 00:00:00,136.0,320.0,1889,1891,1831,390953.67505970935,408852.78077442886,389877.8696895333,408098.26506025577,1.0457831882817978,1.0467335973319842,0.96929592376919
2024-05-15 00:00:00,136.0,330.0,1884,1899,1836,1068893.160872086,1105584.4741450087,1068262.8664620644,1104802.0439804285,1.0343264552679776,1.034204294341314,0.9745222929936306
2024-05-15 00:00:00,136.0,340.0,1908,1933,1862,1004953.4935758847,1027752.6186926994,1004156.7614841727,1026665.1981620349,1.0226867464639477,1.0224152617810331,0.9758909853249476
2024-05-15 00:00:00,136.0,350.0,1892,1898,1829,1131683.1848948475,1161870.1609716904,1130152.7944050678,1160884.8082200089,1.026674405416431,1.0271927954937445,0.9667019027484144
2024-05-15 00:00:00,136.0,360.0,2038,2073,1986,1271384.731597953,1301559.6771092708,1270414.3712194362,1300390.8780769622,1.0237339215749368,1.023595849934185,0.9744847890088322
2024-05-15 00:00:00,136.0,370.0,1911,1936,1856,576494.3281314953,599772.6403965099,574921.8888739373,598642.0353114234,1.0403790828965536,1.0412580333024808,0.9712192569335426
2024-05-15 00:00:00,136.0,380.0,1527,1545,1479,260718.18465801253,272936.056577004,259649.91873894105,271862.7859743938,1.0468623695543824,1.0470358985466577,0.9685658153241651
2024-05-15 00:00:00,136.0,390.0,1607,1616,1548,191022.42277179976,199657.1406268565,189871.4279077843,198634.96552030963,1.045202640243821,1.0461551151170652,0.9632856253889235
2024-05-15 00:00:00,136.0,400.0,1493,1505,1444,209709.24275355643,218550.57830202684,208684.8110967843,217615.08369878866,1.0421599707880327,1.0427931125177226,0.9671801741460148
2024-05-15 00:00:00,136.0,410.0,1419,1424,1378,366067.44797055656,376667.87401798595,365263.21518700256,376071.70516620623,1.0289575762778065,1.0295909621604522,0.971106412966878
2024-05-15 00:00:00,136.0,420.0,1237,1244,1208,152842.4299181469,158801.0276026759,151953.73852507578,158335.314492903,1.0389852326197644,1.0419968342323749,0.9765561843168957
2024-05-15 00:00:00,136.0,430.0,1129,1150,1098,161593.8334271813,167121.7380228357,161117.2930444235,166470.99420349774,1.0342086358025873,1.0332285942614372,0.9725420726306466
2024-05-15 00:00:00,136.0,440.0,1100,1104,1066,188471.75706303446,196224.57142967684,187897.12581208342,195712.12348044734,1.0411351519583354,1.0415918957492714,0.9690909090909091
2024-05-15 00:00:00,136.0,450.0,1091,1084,1057,145340.76230682308,152676.652773751,144105.50308763993,152205.80550596217,1.0504737304971707,1.0562109166184717,0.9688359303391384
2024-05-15 00:00:00,136.0,460.0,1069,1071,1040,114798.07238022692,121485.78296044841,114297.76192751178,121099.6694536696,1.0582562968311078,1.059510417452195,0.9728718428437793
2024-05-15 00:00:00,136.0,470.0,1017,1018,992,108164.95843621153,115010.6090133033,107584.14247287516,114595.92438779972,1.0632889863414396,1.0651748645641936,0.9754178957718781
2024-05-15 00:00:00,136.0,480.0,911,923,900,115925.75366943487,124163.74928725575,115703.38172406094,123877.3152613937,1.0710626876001317,1.070645588880251,0.9879253567508233
2024-05-15 00:00:00,136.0,490.0,892,910,886,262085.90988326274,280696.45057243254,261747.95067848795,280415.2837179825,1.0710093140736152,1.0713179720838544,0.9932735426008968
2024-05-15 08:00:00,144.0,0.0,34,43,33,791.1363177703001,1028.7636922933445,771.2869190019179,911.7845482319391,1.300362111036391,1.1821600052699348,0.9705882352941176
2024-05-15 08:00:00,144.0,10.0,72,104,71,2259.455963204326,3152.3937597301087,2232.5571619747147,2774.9889143095847,1.3952003540088616,1.2429643287856893,0.9861111111111112
2024-05-15 08:00:00,144.0,20.0,137,199,135,4395.435446899132,6155.9943636553835,4372.705092531893,5396.921090426629,1.4005425487475378,1.2342293788904235,0.9854014598540146
2024-05-15 08:00:00,144.0,30.0,253,339,251,23541.307520346207,28474.163136630603,23520.125147814142,27418.129575007915,1.209540426419435,1.1657305989103564,0.9920948616600791
2024-05-15 08:00:00,144.0,40.0,358,444,356,13402.268455327147,17735.581531570817,13379.941074702427,16645.83226345478,1.3233268375937703,1.2440886077538267,0.994413407821229
2024-05-15 08:00:00,144.0,50.0,431,550,425,45084.0170509255,54270.48364499368,44999.28918610775,52807.09523284367,1.2037632667845777,1.1735095417717476,0.9860788863109049
2024-05-15 08:00:00,144.0,60.0,560,648,554,216148.88228025596,243019.82968894113,216079.93104046403,241910.10274325946,1.1243168464495903,1.1195398923834272,0.9892857142857143
2024-05-15 08:00:00,144.0,70.0,669,764,663,116426.36218447851,135961.61596757703,116363.19620706157,134766.28147202823,1.1677906396503634,1.1581521122212854,0.9910313901345291
2024-05-15 08:00:00,144.0,80.0,725,836,712,113216.32492405489,131652.2268924805,112781.74420636885,130157.43772467432,1.162837841457867,1.1540647703276454,0.9820689655172414
2024-05-15 08:00:00,144.0,90.0,771,928,764,151428.12044541957,173332.52718090554,151340.5507421363,171368.00685103895,1.1446521733945787,1.1323337070645838,0.9909208819714657
2024-05-15 08:00:00,144.0,100.0,882,1028,872,31149.955773328,40419.804880885815,31036.738745005227,38454.387316823966,1.2975878738002922,1.2389957473548174,0.9886621315192744
2024-05-15 08:00:00,144.0,110.0,939,1117,930,38652.753825071704,49125.60695771014,38534.157836497034,46898.675118743085,1.2709471407919537,1.2170676031830576,0.9904153354632588
2024-05-15 08:00:00,144.0,120.0,990,1206,985,26833.106601067484,36522.93561129887,26776.708986827536,33813.41757482978,1.361114691425476,1.262792137430476,0.9949494949494949
2024-05-15 08:00:00,144.0,130.0,1059,1260,1050,46405.31761605315,59606.24370894913,46260.96952385002,56986.07009788332,1.284470116164647,1.2318390791291984,0.9915014164305949
2024-05-15 08:00:00,144.0,140.0,1045,1210,1035,51647.35400539411,65042.14040745598,51430.80733618314,62895.25563185818,1.259350874018888,1.222910136734514,0.9904306220095693
2024-05-15 08:00:00,144.0,150.0,1069,1228,1056,94800.06547218474,112815.84206337063,94592.15602366603,110573.1336193243,1.1900397062117207,1.168946118446227,0.9878391019644528
2024-05-15 08:00:00,144.0,160.0,1042,1232,1031,77019.10452234975,93329.74809794799,76853.2884611431,90788.77186226696,1.2117739965525716,1.1813257920403708,0.989443378119002
2024-05-15 08:00:00,144.0,170.0,1033,1185,1026,69719.70064167152,84749.7321683634,69476.17293360177,82782.99148764138,1.215577969904656,1.1915306786796807,0.9932236205227493
2024-05-15 08:00:00,144.0,180.0,1153,1301,1143,58322.055978283315,72496.68989168349,58088.09452449449,70434.43705432201,1.2430407103391248,1.2125451459699945,0.9913269731136166
2024-05-15 08:00:00,144.0,190.0,1218,1364,1211,62283.32249126235,78149.60075997392,62187.22769816891,76159.48627027354,1.2547436076637921,1.2246805186415481,0.9942528735632183
2024-05-15 08:00:00,144.0,200.0,1203,1329,1194,70045.04359148836,86809.69514735631,69921.95066907266,85076.46057317319,1.2393410111019638,1.2167346556995235,0.9925187032418953
2024-05-15 08:00:00,144.0,210.0,1307,1408,1291,91202.15590790779,111592.40814185725,90939.15634646307,110111.19589813375,1.2235720420308782,1.2108227118209498,0.9877582249426167
2024-05-15 08:00:00,144.0,220.0,1364,1494,1352,77433.87595858538,95673.59020207451,77216.4625085569,93750.47655993208,1.235552127769562,1.2141255052903122,0.9912023460410557
2024-05-15 08:00:00,144.0,230.0,1427,1523,1407,136635.26837988332,162853.66358806705,136209.76930918716,161311.70373391494,1.191886000730715,1.1842887962591586,0.9859845830413455
2024-05-15 08:00:00,144.0,240.0,1457,1559,1440,324343.69870122155,370965.5497117527,323448.9288000327,369472.30193148134,1.1437421204642493,1.1422894591186044,0.9883321894303363
2024-05-15 08:00:00,144.0,250.0,1567,1670,1552,153076.95974603208,183034.7998445406,152663.50396898086,181527.45940558967,1.1957044361751838,1.189069127107639,0.990427568602425
2024-05-15 08:00:00,144.0,260.0,1655,1767,1641,125108.91580056041,152499.67373122394,124681.718731617,150856.28464654644,1.2189352993381215,1.209931064322841,0.9915407854984895
2024-05-15 08:00:00,144.0,270.0,1572,1685,1556,148057.89016322774,176735.95353429328,147744.03219243808,175142.11730290845,1.1936949347275525,1.1854429224916785,0.989821882951654
2024-05-15 08:00:00,144.0,280.0,1552,1671,1541,104386.48426488924,128331.29884834797,103884.82121822966,126699.65086399183,1.2293861581035415,1.2196165847735863,0.9929123711340206
2024-05-15 08:00:00,144.0,290.0,1451,1607,1439,144402.7374308437,174608.36926880194,144139.49527127433,172483.09182924367,1.2091763104728128,1.1966400430681816,0.9917298414886285
2024-05-15 08:00:00,144.0,300.0,1422,1551,1400,104599.55325330123,130211.79397655818,104239.97461514198,128277.02676606801,1.2448599437249377,1.2305934190762398,0.9845288326300985
2024-05-15 08:00:00,144.0,310.0,1464,1614,1453,136688.95002249163,164598.6386396638,136529.16256615825,162559.2158007366,1.2041839418078766,1.1906556280381848,0.9924863387978142
2024-05-15 08:00:00,144.0,320.0,1495,1611,1479,253383.6352902251,297504.9639230147,253094.1386955324,295849.1055723046,1.1741285643102133,1.1689291071580508,0.9892976588628762
2024-05-15 08:00:00,144.0,330.0,1496,1608,1475,767053.6359237237,861326.5406433189,766091.4572531113,859642.8609405556,1.122902624151005,1.1221151897749664,0.9859625668449198
2024-05-15 08:00:00,144.0,340.0,1553,1658,1537,741840.9679714518,816077.4383147873,741458.3995399871,814530.0150502714,1.1000705994255529,1.0985512006548435,0.9896973599484868
2024-05-15 08:00:00,144.0,350.0,1539,1640,1527,761705.6364758473,835388.7199140515,761369.0347295324,833856.3788669971,1.096734328735062,1.095206582919694,0.9922027290448343
2024-05-15 08:00:00,144.0,360.0,1673,1804,1652,953751.4479055186,1052038.8842050699,953273.0534086514,1049895.8418560377,1.1030535120186657,1.1013589842929987,0.9874476987447699
2024-05-15 08:00:00,144.0,370.0,1539,1656,1521,405241.8032687504,469505.80229902285,404544.0731568605,467599.7803603569,1.158581860291579,1.1558685725178004,0.9883040935672515
2024-05-15 08:00:00,144.0,380.0,1277,1370,1265,163500.8044620228,195546.97307172595,163189.80113061029,193917.48031217585,1.196000066881302,1.188294115003991,0.990602975724354
2024-05-15 08:00:00,144.0,390.0,1300,1395,1281,109629.39262641507,134080.29979033378,109264.17597962872,132402.5899375378,1.2230324056180832,1.2117657846266374,0.9853846153846154
2024-05-15 08:00:00,144.0,400.0,1212,1296,1192,122878.47714166122,147445.43817909586,122498.44057225295,145545.1139858822,1.1999289184639916,1.1881385045063957,0.9834983498349835
2024-05-15 08:00:00,144.0,410.0,1182,1250,1164,236847.5701935577,271240.84603386425,236550.7096178943,270113.9452479225,1.1452127028881889,1.141886006954888,0.9847715736040609
2024-05-15 08:00:00,144.0,420.0,1052,1117,1033,87109.1321478516,106821.54103998703,86657.76771164071,105606.94290852442,1.2262955491127758,1.2186667819547152,0.9819391634980988
2024-05-15 08:00:00,144.0,430.0,937,996,931,92119.31472536505,111310.60197218448,91971.86545646604,110408.86738831062,1.208330764335735,1.2004634987051725,0.9935965848452508
2024-05-15 08:00:00,144.0,440.0,921,974,916,107642.34247185432,128946.94957733818,107430.28543833093,128161.86754434714,1.197920322210142,1.1929770736569152,0.99457111834962
2024-05-15 08:00:00,144.0,450.0,927,982,916,80951.90847408691,99759.31817863596,80652.28111043424,98799.79367678816,1.2323281817447131,1.22500929070444,0.9881337648327939
2024-05-15 08:00:00,144.0,460.0,903,959,892,59436.585940342055,75327.05375555268,59290.30872251453,74400.76233595797,1.267351624656912,1.2548553707851668,0.9878183831672204
2024-05-15 08:00:00,144.0,470.0,875,917,868,55210.904983009925,71084.38507077027,55112.90233512653,70393.9777925697,1.2875062470474827,1.2772685670684356,0.992
2024-05-15 08:00:00,144.0,480.0,791,828,780,63541.12962402298,80549.53137297656,63161.19715633709,79860.30645571151,1.2676754701969166,1.2643887394667435,0.9860935524652339
2024-05-15 08:00:00,144.0,490.0,760,820,759,167095.30377272924,198278.49977108135,167081.4029240837,197480.4835108883,1.186619224444304,1.181941736511615,0.9986842105263158
2024-05-15 16:00:00,152.0,0.0,59,59,58,1874.899445113275,1935.6254247547781,1862.9767911273636,1923.7510362336852,1.0323889261366943,1.032622116064873,0.9830508474576272
2024-05-15 16:00:00,152.0,10.0,182,184,176,5520.464925038321,5813.711797065563,5453.345489253426,5724.49043365523,1.0531199592804596,1.0497208447431274,0.967032967032967
2024-05-15 16:00:00,152.0,20.0,296,299,292,9495.742783278652,10437.104595022854,9450.372281083939,10359.325009331962,1.0991351422662665,1.096181684828163,0.9864864864864865
2024-05-15 16:00:00,152.0,30.0,451,458,447,34959.736359095536,37731.260239525036,34903.930732514156,37610.02517449937,1.0792775967175858,1.0775297906337065,0.991130820399113
2024-05-15 16:00:00,152.0,40.0,589,593,587,24589.033360614645,26925.98456898063,24566.385779716366,26859.676094901297,1.0950403854471638,1.0933507409575252,0.9966044142614601
2024-05-15 16:00:00,152.0,50.0,717,724,715,58066.42190683124,63488.57435020013,58029.2640811332,63376.69347276114,1.093378449460324,1.0921505636216835,0.99721059972106
2024-05-15 16:00:00,152.0,60.0,839,847,839,242254.67938070913,256613.28430003946,242254.67938070913,256523.7123880699,1.0592707020398373,1.0589009592872987,1.0
2024-05-15 16:00:00,152.0,70.0,964,966,956,148523.1429832464,159624.7710715131,148438.67907235533,159511.18002360262,1.074746789391058,1.0745930981092204,0.991701244813278
2024-05-15 16:00:00,152.0,80.0,1054,1070,1047,142897.4125726853,153607.54291831475,142676.20692344077,153338.8372148985,1.0749497849737601,1.0747330653188674,0.9933586337760911
2024-05-15 16:00:00,152.0,90.0,1146,1153,1135,174217.25808713096,186081.88362790685,174002.07623863267,185873.96079112153,1.068102469703903,1.0682284074369741,0.9904013961605584
2024-05-15 16:00:00,152.0,100.0,1253,1271,1247,57114.88962073643,62356.64136859364,57047.93882912483,62068.67232796529,1.091775573456665,1.0880090254247223,0.9952114924181963
2024-05-15 16:00:00,152.0,110.0,1385,1410,1379,68564.15304945347,74881.35682837748,68481.86359424623,74502.52699579517,1.092135664162111,1.0879161735028307,0.9956678700361011
2024-05-15 16:00:00,152.0,120.0,1464,1488,1452,55131.669654401165,60709.25449540469,55003.417358606726,60289.113030120425,1.1011684368706267,1.0960975867563365,0.9918032786885246
2024-05-15 16:00:00,152.0,130.0,1483,1510,1473,79147.542902441,86604.72661155908,78973.46662019251,86182.74440067267,1.0942187645459818,1.0912873410401467,0.9932569116655429
2024-05-15 16:00:00,152.0,140.0,1427,1448,1413,85018.95612414514,93028.23372972221,84833.42123601593,92610.72964512066,1.0942057862235084,1.0916774108103857,0.9901892081289418
2024-05-15 16:00:00,152.0,150.0,1421,1460,1405,131317.6502496286,141833.27159658392,131044.29888018114,141135.9754907901,1.0800777452761727,1.0770096577786734,0.9887403237156932
2024-05-15 16:00:00,152.0,160.0,1445,1480,1425,111558.30945148866,121267.99584837041,111216.24644723945,120454.8346735978,1.0870368728660595,1.0830686929426367,0.986159169550173
2024-05-15 16:00:00,152.0,170.0,1410,1466,1394,104797.1298677046,114473.59557729366,104402.68301525427,113565.10874006254,1.0923352168308864,1.0877604431245274,0.9886524822695035
2024-05-15 16:00:00,152.0,180.0,1471,1531,1453,94138.55224586422,103734.09402743241,93736.44494435722,102766.44828000586,1.1019299909829423,1.0963339642442054,0.9877634262406526
2024-05-15 16:00:00,152.0,190.0,1531,1592,1515,99242.92164708761,109984.30832827816,98982.99729381528,109001.74997142583,1.1082332775267079,1.1012169054435832,0.9895493141737427
2024-05-15 16:00:00,152.0,200.0,1543,1614,1525,106863.8849349863,118361.98501588049,106433.74773848186,117248.75192208006,1.1075957521840927,1.101612546897923,0.9883344134802333
2024-05-15 16:00:00,152.0,210.0,1597,1641,1572,135974.5648638715,149441.71390527667,135023.33354950932,148612.2112404377,1.09904167779384,1.1006409583714336,0.9843456480901691
2024-05-15 16:00:00,152.0,220.0,1676,1708,1638,119509.3862434974,132402.4829972916,118884.83336070213,131373.3422341342,1.1078835492262076,1.1050471159390143,0.977326968973747
2024-05-15 16:00:00,152.0,230.0,1689,1746,1663,185226.47992103096,200866.41677354512,184510.80975750077,199838.75088175514,1.0844368303019205,1.083073404449309,0.9846062759029012
2024-05-15 16:00:00,152.0,240.0,1743,1774,1709,389630.4914656293,415025.4814919776,388900.5878994918,414261.11188619945,1.0651771116034137,1.0652108142178018,0.9804934021801491
2024-05-15 16:00:00,152.0,250.0,1838,1899,1819,206156.67173491148,225775.03334678957,205676.06079838646,224814.68335418156,1.095162390073432,1.0930522613156992,0.9896626768226333
2024-05-15 16:00:00,152.0,260.0,1929,1976,1905,176838.73829660047,193249.11136578157,176357.96788770333,192248.12717007386,1.0927985193021283,1.090101737237575,0.9875583203732504
2024-05-15 16:00:00,152.0,270.0,1922,1972,1894,204720.06734085,222711.14752315322,204331.78035056347,221788.58945293885,1.0878813709666717,1.0854336465547625,0.9854318418314256
2024-05-15 16:00:00,152.0,280.0,1914,1996,1878,153703.90367138205,168676.5798206805,152837.35506369467,167253.40996720322,1.0974124650816282,1.0943228499178141,0.9811912225705329
2024-05-15 16:00:00,152.0,290.0,1889,1984,1864,200737.43181772396,220470.68367206823,200436.03206714627,218980.2771562575,1.0983037975312082,1.0925195180619964,0.9867654843832716
2024-05-15 16:00:00,152.0,300.0,1837,1925,1797,153831.90947430592,169870.94855160892,153147.94769000937,168349.19765429353,1.10426340758633,1.0992585940169006,0.9782253674469243
2024-05-15 16:00:00,152.0,310.0,1930,2000,1888,193125.10945117718,209336.46409024927,192535.94646306534,208000.424004281,1.0839422418200384,1.0803199497304377,0.9782383419689119
2024-05-15 16:00:00,152.0,320.0,1876,1927,1835,323995.353383057,349218.31608123414,323270.1423989574,348059.476835633,1.0778497667784643,1.0766830312651712,0.9781449893390192
2024-05-15 16:00:00,152.0,330.0,1885,1930,1853,874671.6426005499,920334.5353359042,873627.3842676491,919384.8080558907,1.052205754149741,1.0523763616070705,0.9830238726790451
2024-05-15 16:00:00,152.0,340.0,1917,1973,1878,810696.6413578084,836726.504207074,810108.9878092951,835461.1528013462,1.0321080186118312,1.0312947583270353,0.9796557120500783
2024-05-15 16:00:00,152.0,350.0,1884,1927,1840,871932.5937150491,892256.396835626,871081.9117999362,891121.2196092159,1.023308915467861,1.023005078555554,0.9766454352441614
2024-05-15 16:00:00,152.0,360.0,2013,2092,1976,1042588.1085071681,1076738.6175495677,1041943.4722647371,1075227.9011949468,1.0327555136719313,1.03194456303648,0.9816194734227521
2024-05-15 16:00:00,152.0,370.0,1890,1947,1850,480664.0665523889,509748.15701055696,479597.9674084068,508030.7592199611,1.0605081437994244,1.0592846378503145,0.9788359788359788
2024-05-15 16:00:00,152.0,380.0,1514,1572,1479,217025.47603195495,231867.47832864913,216163.1817351748,230675.34626012295,1.0683882950889545,1.0671352281570654,0.976882430647292
2024-05-15 16:00:00,152.0,390.0,1573,1617,1539,160373.90536755996,170537.08124514844,159853.05842821408,169499.68440324557,1.063371755238457,1.060346833960412,0.9783852511125238
2024-05-15 16:00:00,152.0,400.0,1478,1496,1440,176549.96456265406,187324.1575379583,175787.81850898085,186539.7240996664,1.0610263106084097,1.0611641106982408,0.9742895805142084
2024-05-15 16:00:00,152.0,410.0,1409,1418,1371,296514.6503809041,310373.5914164698,295843.2678221564,309770.35953019955,1.0467394815661297,1.0470759122239526,0.9730305180979418
2024-05-15 16:00:00,152.0,420.0,1225,1271,1206,128790.02435368559,136595.91494398942,128198.68665238879,135635.7069149221,1.0606094348492952,1.0580116727927082,0.9844897959183674
2024-05-15 16:00:00,152.0,430.0,1118,1149,1096,137503.66450162465,144688.9417775708,137183.60650764278,144048.2705017376,1.0522551693584956,1.0500399732070929,0.9803220035778175
2024-05-15 16:00:00,152.0,440.0,1095,1133,1069,157891.9226910821,166724.64284193513,157384.99249684095,165911.92039791594,1.0559415579993563,1.054178786463685,0.9762557077625571
2024-05-15 16:00:00,152.0,450.0,1086,1112,1055,123378.2004104358,133209.8199867062,122643.48807930638,132450.04678145083,1.079686845354885,1.0799598809176327,0.9714548802946593
2024-05-15 16:00:00,152.0,460.0,1069,1088,1055,99232.73346655128,108390.20045230855,98993.34986544901,107929.23582837176,1.092282724317415,1.0902675379211668,0.9869036482694107
2024-05-15 16:00:00,152.0,470.0,1009,1032,992,93284.55438625187,103280.63997538116,92943.18654343653,102762.86161322746,1.1071569206166727,1.1056524467794286,0.9831516352824579
2024-05-15 16:00:00,152.0,480.0,908,930,897,99524.51708963836,110665.62731015707,99327.98623195135,110227.3148322826,1.111943373816969,1.1097306913570066,0.987885462555066
2024-05-15 16:00:00,152.0,490.0,892,915,887,214392.4449618309,234929.73858332023,214338.6652796283,234604.26172509696,1.0957929913302014,1.0945494198120063,0.9943946188340808
2024-05-16 00:00:00,160.0,0.0,62,58,58,2218.323166669571,2077.1308137879446,2173.8642299984253,2077.1308137879446,0.9363517656024832,0.9555016293678328,0.9354838709677419
2024-05-16 00:00:00,160.0,10.0,180,177,171,6366.485636841913,6528.3281001000105,6256.26775065845,6457.981011740645,1.025421005008091,1.0322417884146609,0.95
2024-05-16 00:00:00,160.0,20.0,295,293,288,11041.97496426362,11623.079943844763,10965.322924024345,11569.859627756978,1.052626906098034,1.055131682661906,0.976271186440678
2024-05-16 00:00:00,160.0,30.0,453,452,447,43041.98755998359,45724.71592599993,42976.84583357697,45669.20421718916,1.0623281711207615,1.062646718980682,0.9867549668874173
2024-05-16 00:00:00,160.0,40.0,587,587,581,28957.083698637325,30750.567149527677,28816.13294714891,30681.503994745028,1.0619359141809832,1.0647335661248285,0.989778534923339
2024-05-16 00:00:00,160.0,50.0,719,714,706,69678.56702368849,74020.29810675545,69464.93941351642,73904.88691052372,1.0623108549518665,1.0639163804718355,0.9819193324061196
2024-05-16 00:00:00,160.0,60.0,838,836,832,312926.0038454762,328546.23294559494,312861.14527648804,328496.81806516694,1.0499166860796652,1.0499763969567426,0.9928400954653938
2024-05-16 00:00:00,160.0,70.0,956,951,940,183943.5495351858,194051.17490014396,183758.18098638905,193915.93869844108,1.054949604867904,1.0552778529779003,0.9832635983263598
2024-05-16 00:00:00,160.0,80.0,1054,1054,1041,181906.33632733198,191070.68714212172,181107.44200326074,190926.68506101964,1.0503795029893785,1.054217777851349,0.9876660341555977
2024-05-16 00:00:00,160.0,90.0,1137,1139,1120,222303.53738270618,232655.11865682952,222064.8696665828,232433.69061276183,1.0465650767234649,1.046692756768539,0.9850483729111698
2024-05-16 00:00:00,160.0,100.0,1255,1251,1241,66230.6508832381,69442.4717596058,66010.19250819269,69325.26770005992,1.0484944785161483,1.050220656324488,0.9888446215139443
2024-05-16 00:00:00,160.0,110.0,1384,1390,1369,81829.68666008432,87037.8749086106,81647.97843803756,86766.8829714817,1.0636466844870223,1.062694810470156,0.9891618497109826
2024-05-16 00:00:00,160.0,120.0,1456,1468,1435,63563.79591404164,67987.37356599154,63260.05446712696,67580.60887660341,1.0695927231585094,1.0682983036589326,0.9855769230769231
2024-05-16 00:00:00,160.0,130.0,1480,1494,1462,94691.9230805526,100737.35027561912,94400.44291727207,100330.69437071608,1.0638431135243054,1.0628201655646996,0.9878378378378379
2024-05-16 00:00:00,160.0,140.0,1440,1446,1420,101911.2931559378,108272.17063446355,101532.74663630154,107964.68980004652,1.0624158253864247,1.0633484602439123,0.9861111111111112
2024-05-16 00:00:00,160.0,150.0,1428,1443,1405,161270.6247693225,170520.75023248495,160812.24995752255,170056.05516496807,1.0573577827728615,1.0574819717396355,0.9838935574229691
2024-05-16 00:00:00,160.0,160.0,1453,1482,1423,136517.21163056427,145278.08660217986,135754.80427755363,144479.00175940307,1.0641741423442181,1.0642643737603026,0.9793530626290433
2024-05-16 00:00:00,160.0,170.0,1421,1454,1386,126722.39499512853,134877.71525839673,125742.19018015022,134032.81398094178,1.0643557933353587,1.0659335087842323,0.9753694581280788
2024-05-16 00:00:00,160.0,180.0,1493,1525,1463,112731.11171791023,120257.89333312551,112209.81073435747,119503.24780755781,1.066767563102276,1.0649982120588959,0.9799062290689886
2024-05-16 00:00:00,160.0,190.0,1540,1577,1506,119975.59917490275,129246.33104666462,119437.33357981416,128354.36496935232,1.0772718113976394,1.0746586609251398,0.977922077922078
2024-05-16 00:00:00,160.0,200.0,1540,1579,1503,127736.83486333824,137757.595152522,127149.93670621236,136825.39381509428,1.0784484780752919,1.0760948637452934,0.9759740259740259
2024-05-16 00:00:00,160.0,210.0,1603,1626,1575,165231.80298975733,178896.54842910674,164702.88490347684,178292.60675625646,1.082700455917657,1.0825105271273407,0.982532751091703
2024-05-16 00:00:00,160.0,220.0,1683,1702,1639,144030.04358569506,154972.21718167502,143233.2960969233,153989.4537104363,1.075971466255022,1.075095371723028,0.9738562091503268
2024-05-16 00:00:00,160.0,230.0,1707,1732,1669,225316.02413226425,238786.48411192116,224138.68612921628,238032.37516928485,1.0597847402621907,1.061987019197832,0.9777387229056825
2024-05-16 00:00:00,160.0,240.0,1747,1775,1708,496318.76606634574,523111.5515579196,494164.4767487936,522337.243701926,1.0539830192275912,1.0570109108985062,0.9776760160274757
2024-05-16 00:00:00,160.0,250.0,1836,1867,1799,251537.10514561017,269499.0222164311,250859.4714562069,268531.30643031304,1.071408618066202,1.0704451574880687,0.9798474945533769
2024-05-16 00:00:00,160.0,260.0,1936,1971,1902,217248.63774181402,232541.11747087096,216626.66657541622,231609.5509197574,1.0703916023962878,1.0691645427647525,0.9824380165289256
2024-05-16 00:00:00,160.0,270.0,1917,1964,1882,252507.94938416162,269130.24598466844,251922.44860793822,268138.61517978774,1.0658288051566167,1.0643696767058914,0.9817423056859677
2024-05-16 00:00:00,160.0,280.0,1942,1995,1896,185652.0092934994,199452.6555599611,184093.07780995246,198243.41758891876,1.0743360996682998,1.0768651377189442,0.976313079299691
2024-05-16 00:00:00,160.0,290.0,1893,1956,1846,246914.68397005554,264858.8334679871,246162.90539026778,263496.9917721095,1.0726734806104432,1.0704171343540174,0.9751716851558373
2024-05-16 00:00:00,160.0,300.0,1838,1903,1793,186697.05553346503,200856.58576097878,185768.97875839018,199488.25646743318,1.0758422792853082,1.0738512845402794,0.9755168661588683
2024-05-16 00:00:00,160.0,310.0,1910,1967,1877,234451.50518200686,249308.4740891191,233878.09812833325,248230.9089834934,1.06336904894502,1.0613687684739275,0.9827225130890053
2024-05-16 00:00:00,160.0,320.0,1882,1912,1837,395118.21592856897,419213.29624173464,394251.8625333358,418252.31238079496,1.0609819525949715,1.060875932692467,0.9760892667375133
2024-05-16 00:00:00,160.0,330.0,1888,1920,1844,1080324.7178379816,1129454.8387826448,1079496.3755578366,1128513.7096942249,1.045477179345656,1.0454075949176376,0.9766949152542372
2024-05-16 00:00:00,160.0,340.0,1917,1939,1861,1016555.5472892963,1044962.4981978559,1014804.2964039922,1043927.261324493,1.0279443174397191,1.0286981095997518,0.9707876890975482
2024-05-16 00:00:00,160.0,350.0,1899,1901,1821,1142514.2480142107,1176527.8758302198,1140947.7691930262,1175455.7703039353,1.0297708565780495,1.0302450314051763,0.9589257503949447
2024-05-16 00:00:00,160.0,360.0,2048,2078,1996,1287038.4880613717,1325313.7188720386,1286001.8615331524,1324295.6455028192,1.0297389947275934,1.0297773938865171,0.974609375
2024-05-16 00:00:00,160.0,370.0,1915,1959,1863,583287.8823498122,610694.590257769,581999.1412466946,609449.2130684494,1.046986588847941,1.0471651414518486,0.972845953002611
2024-05-16 00:00:00,160.0,380.0,1545,1589,1504,264525.4441389671,278375.69135738653,263605.8891680726,277197.0117979244,1.0523588468530962,1.05155849390446,0.973462783171521
2024-05-16 00:00:00,160.0,390.0,1617,1641,1566,193737.73780799645,202946.3569044374,192688.8025904656,201898.3568274061,1.0475313648266458,1.047794963241918,0.9684601113172542
2024-05-16 00:00:00,160.0,400.0,1499,1513,1455,212249.51463912302,221808.46449040546,210699.69136241416,220893.71777711678,1.0450363802599738,1.0483817814292304,0.970647098065377
2024-05-16 00:00:00,160.0,410.0,1425,1437,1393,370297.7598904883,384620.56243156525,369715.1008468026,384010.5630895054,1.0386791498423127,1.038666157292359,0.9775438596491228
2024-05-16 00:00:00,160.0,420.0,1245,1246,1208,154872.06734346994,163023.73853715224,154034.5690452836,162440.14698534913,1.0526348704030908,1.0545694255008071,0.970281124497992
2024-05-16 00:00:00,160.0,430.0,1128,1158,1095,163825.4789612878,170367.22767914407,163176.77506967683,169550.2342547594,1.0399312045924316,1.039058617149169,0.9707446808510638
2024-05-16 00:00:00,160.0,440.0,1100,1117,1067,190241.1732734424,198250.36490077784,189732.36740205777,197572.48487391893,1.0421002009687117,1.0413219820066195,0.97
2024-05-16 00:00:00,160.0,450.0,1097,1105,1060,147134.43184972854,155648.62943131514,145972.05471098318,154944.23250051748,1.0578667921202993,1.0614650373134689,0.9662716499544212
2024-05-16 00:00:00,160.0,460.0,1068,1072,1042,115817.20083875438,124574.14745749575,115283.20565272856,124199.98615558282,1.0756100696211193,1.077346743199652,0.9756554307116105
2024-05-16 00:00:00,160.0,470.0,1015,1010,995,109404.51861632426,117950.88049618517,109042.61791311103,117750.69653008183,1.0781170831694122,1.079859405282343,0.9802955665024631
2024-05-16 00:00:00,160.0,480.0,915,931,900,117067.64501946792,127039.33366066849,116630.07912137284,126666.52649660996,1.0851788608162598,1.0860536788695183,0.9836065573770492
2024-05-16 00:00:00,160.0,490.0,896,907,884,263937.8321527355,284398.53219354374,263729.57000941655,284113.17813366733,1.0775209066238296,1.0772898091159173,0.9866071428571429
2024-05-16 08:00:00,168.0,0.0,38,45,37,868.3971835988946,1117.8336600431194,857.7128043167675,1024.987951081527,1.2872377768551555,1.195024658513763,0.9736842105263158
2024-05-16 08:00:00,168.0,10.0,79,101,75,2435.8962615691376,3312.5737548472766,2392.712534924347,3005.5477640996423,1.3598993549558664,1.2561257235168335,0.9493670886075949
2024-05-16 08:00:00,168.0,20.0,148,200,148,4750.936748530443,6436.866122914989,4750.936748530443,5815.427696738823,1.3548625173564008,1.2240591707598818,1.0
2024-05-16 08:00:00,168.0,30.0,263,335,263,24347.736666793186,29478.96841109589,24347.736666793186,28607.67093837423,1.2107477920648357,1.1749622287229262,1.0
2024-05-16 08:00:00,168.0,40.0,373,471,369,14108.882740508572,18638.07602571892,14064.312230343585,17419.615452430357,1.3210171470350662,1.2385685959707113,0.9892761394101877
2024-05-16 08:00:00,168.0,50.0,449,556,442,46650.92043702206,55945.83575985262,46520.58445797286,54573.706733429295,1.1992439856653747,1.173108794080859,0.9844097995545658
2024-05-16 08:00:00,168.0,60.0,584,668,583,221855.1722731043,248078.4174410244,221844.89065571318,247076.12306133172,1.118199836854104,1.1137336646836529,0.9982876712328768
2024-05-16 08:00:00,168.0,70.0,685,777,677,120424.87972753892,140011.64869790274,120333.07168510438,138797.62273064276,1.162647195618371,1.1534453561848537,0.9883211678832117
2024-05-16 08:00:00,168.0,80.0,750,849,732,117289.25979155509,135841.468288841,116948.68292586792,134438.2450206062,1.1581748280299204,1.1495490300290485,0.976
2024-05-16 08:00:00,168.0,90.0,806,949,799,156442.1712296544,178178.92846064156,156339.91664746267,176351.09435337072,1.138944359184826,1.1279978788208778,0.9913151364764268
2024-05-16 08:00:00,168.0,100.0,930,1055,923,32990.375839746215,42477.13455142869,32911.23173871391,40871.75541669565,1.2875614014755477,1.2418786310151275,0.9924731182795699
2024-05-16 08:00:00,168.0,110.0,970,1154,961,40394.31318186618,51814.25662882913,40256.72770018128,49496.51141394154,1.2827116627914246,1.2295214798027074,0.9907216494845361
2024-05-16 08:00:00,168.0,120.0,1034,1265,1028,28457.458078458287,39156.519501471965,28363.8043754688,36278.41513848118,1.3759668693358331,1.2790391111940378,0.9941972920696325
2024-05-16 08:00:00,168.0,130.0,1120,1290,1107,49066.96598743537,63115.280248621784,48759.398759552976,60777.79721208591,1.2863090060384779,1.2464837294610465,0.9883928571428572
2024-05-16 08:00:00,168.0,140.0,1077,1238,1069,53980.378326853825,67854.48926344476,53834.82785932932,65763.91409274781,1.2570213727029202,1.2215867814157269,0.9925719591457753
2024-05-16 08:00:00,168.0,150.0,1106,1273,1097,98153.03806933574,117024.52620137252,98023.1813088538,114846.54173775637,1.1922659604148562,1.1716263459751945,0.9918625678119349
2024-05-16 08:00:00,168.0,160.0,1090,1279,1083,80376.81668035593,97535.00300225323,80253.8436835139,95076.15790591616,1.2134718321843014,1.1846928887400707,0.9935779816513761
2024-05-16 08:00:00,168.0,170.0,1063,1229,1051,72457.57645898685,89353.24836610798,72072.99261755035,87104.22303101979,1.2331801963688998,1.2085556581954557,0.9887111947318908
2024-05-16 08:00:00,168.0,180.0,1180,1341,1171,60766.7967873575,76495.83303273172,60441.38170581382,74346.42727967171,1.2588426094009062,1.2300583669899852,0.9923728813559322
2024-05-16 08:00:00,168.0,190.0,1251,1385,1238,65179.13922845068,82478.08378791469,65001.100431475126,80580.56048916173,1.2654061524014883,1.2396799431743566,0.9896083133493205
2024-05-16 08:00:00,168.0,200.0,1235,1366,1225,73306.22859112866,92031.90439604523,73065.00358555935,90255.69795549146,1.255444539499645,1.2352794570084673,0.9919028340080972
2024-05-16 08:00:00,168.0,210.0,1333,1435,1320,95143.8041247066,117881.82161800869,94869.19540832442,116353.2979714029,1.238985793163147,1.2264602589977625,0.9902475618904726
2024-05-16 08:00:00,168.0,220.0,1386,1514,1372,80733.55398144654,101539.19591276546,80387.05434802477,99680.27392505757,1.2577074946570577,1.2400040620160733,0.98989898989899
2024-05-16 08:00:00,168.0,230.0,1450,1547,1440,141278.0895136202,169900.85296599174,141071.18487634973,168289.49511816644,1.2025987437323897,1.1929402539978227,0.993103448275862
2024-05-16 08:00:00,168.0,240.0,1480,1582,1462,334895.33660506946,384372.7978557908,334138.1425356036,382857.86057106766,1.1477400723231581,1.1458071133865622,0.9878378378378379
2024-05-16 08:00:00,168.0,250.0,1586,1697,1570,158167.94870980555,190866.96149079353,157832.68033245447,189189.7841024605,1.2067360236237343,1.1986730739410638,0.9899117276166457
2024-05-16 08:00:00,168.0,260.0,1673,1795,1659,129780.11978026063,159356.68816379984,129472.90412077779,157536.98345475068,1.2278975272454462,1.2167563902621163,0.9916317991631799
2024-05-16 08:00:00,168.0,270.0,1588,1723,1572,154021.3080918262,185036.83921168826,153606.56059874315,182987.00912455807,1.201371690087003,1.191270792154273,0.9899244332493703
2024-05-16 08:00:00,168.0,280.0,1565,1713,1556,108444.9649974644,135688.6483649051,108278.87039381838,133579.17683570483,1.2512212841608432,1.2336587586282286,0.9942492012779552
2024-05-16 08:00:00,168.0,290.0,1483,1649,1473,150250.27402910852,181863.60522986922,150115.20893836895,179601.8996984183,1.2104044828206846,1.19642707070511,0.9932569116655429
2024-05-16 08:00:00,168.0,300.0,1445,1595,1432,108708.08249175163,136703.7615154551,108418.7139610341,134497.16513143346,1.2575307960733064,1.2405345923930808,0.9910034602076124
2024-05-16 08:00:00,168.0,310.0,1489,1625,1466,141823.21344852127,172965.4185155009,141443.2954495449,170847.69531800435,1.2195846808835957,1.2078882549717491,0.984553391537945
2024-05-16 08:00:00,168.0,320.0,1509,1641,1498,261874.10447724827,309967.75190989894,261642.70698210265,308046.6632625798,1.183651787673527,1.1773562000474616,0.9927104042412194
2024-05-16 08:00:00,168.0,330.0,1511,1656,1495,789942.4557943519,889821.3198007742,788813.6856213458,887719.8250753726,1.1264381516321793,1.1253859323905098,0.9894109861019192
2024-05-16 08:00:00,168.0,340.0,1564,1670,1543,762440.7260756013,837573.7813128871,760533.4452649546,835971.5079046657,1.098542814762804,1.0991909864180003,0.9865728900255755
2024-05-16 08:00:00,168.0,350.0,1566,1674,1546,782049.1817202086,858757.173461169,781684.192250594,856997.5765121214,1.098085892209787,1.0963475851349738,0.9872286079182631
2024-05-16 08:00:00,168.0,360.0,1704,1843,1689,981551.4696873026,1082308.7297620578,981350.4269928364,1080272.2113152011,1.1026510205387945,1.1008016928524624,0.9911971830985915
2024-05-16 08:00:00,168.0,370.0,1553,1681,1530,418514.9038191226,486066.92141334934,417840.5063817997,484030.2820718734,1.1614088697386555,1.158409188863066,0.9851899549259497
2024-05-16 08:00:00,168.0,380.0,1298,1378,1278,169924.9836450697,203939.54429155216,169486.55444211327,202401.52049253735,1.2001739821704516,1.1942039954659998,0.9845916795069337
2024-05-16 08:00:00,168.0,390.0,1317,1411,1299,114157.94365329461,140063.88037394916,113889.61955838231,138362.17623502665,1.226930653195126,1.214879606864427,0.9863325740318907
2024-05-16 08:00:00,168.0,400.0,1224,1335,1210,127942.53323099266,153706.2315661739,127582.30911016745,151512.87031168977,1.2013692998298415,1.1875695883577264,0.988562091503268
2024-05-16 08:00:00,168.0,410.0,1187,1292,1178,244624.4494682675,280029.7621552497,244464.0846956835,278550.5740915563,1.144733336197349,1.1394335263533895,0.9924178601516428
2024-05-16 08:00:00,168.0,420.0,1064,1138,1049,90996.72158337513,111771.03162691284,90614.37108184824,110518.18062071753,1.2282973461247546,1.2196540052227587,0.9859022556390977
2024-05-16 08:00:00,168.0,430.0,949,1002,939,96331.89580639871,114553.54642487993,96133.00136302778,113628.20625339591,1.18915490519466,1.1819895836217664,0.9894625922023182
2024-05-16 08:00:00,168.0,440.0,929,979,923,111838.62534609789,134125.1821489309,111736.95615236537,133306.7477269749,1.1992742376246546,1.193040801515989,0.9935414424111948
2024-05-16 08:00:00,168.0,450.0,940,979,927,84855.24181232437,103575.3793800103,84531.46688480923,102719.53411024743,1.2206126241333393,1.2151632746444947,0.9861702127659574
2024-05-16 08:00:00,168.0,460.0,919,971,907,62422.29449133987,78896.18168579524,62229.78033149007,78043.89704428789,1.2639103116714312,1.2541245787556705,0.9869423286180631
2024-05-16 08:00:00,168.0,470.0,886,933,880,57927.17749357274,74207.54239136027,57775.08205229482,73514.8333212198,1.2810488202984498,1.2724314827398813,0.9932279909706546
2024-05-16 08:00:00,168.0,480.0,808,846,802,66499.1021981758,84074.54464426475,66363.74956224236,83406.22857265118,1.2642959358114625,1.2568040402000602,0.9925742574257426
2024-05-16 08:00:00,168.0,490.0,776,829,775,172665.13642811027,202661.19351117534,171721.6873715162,201904.0160711555,1.1737238779268797,1.175763056848728,0.9987113402061856
2024-05-16 16:00:00,176.0,0.0,60,60,59,1865.4315584633557,1917.7968418769299,1855.0869321744128,1907.370275110073,1.028071404268892,1.0281837697354577,0.9833333333333333
2024-05-16 16:00:00,176.0,10.0,180,184,178,5431.618211118446,5959.096538231607,5410.825702740815,5888.699005135778,1.0971125558923527,1.0883179996267296,0.9888888888888889
2024-05-16 16:00:00,176.0,20.0,293,295,288,9297.138516062852,10365.538213009684,9238.38680004852,10280.95426827384,1.1149170462611626,1.1128516797131556,0.9829351535836177
2024-05-16 16:00:00,176.0,30.0,449,453,445,34337.841349512375,36646.81291200484,34285.03217097351,36559.08013481987,1.067242769834897,1.0663277185363595,0.9910913140311804
2024-05-16 16:00:00,176.0,40.0,588,591,586,23960.901931751363,26375.700357223657,23890.329793388024,26318.734727055158,1.1007807816396247,1.101648028916672,0.9965986394557823
2024-05-16 16:00:00,176.0,50.0,722,724,717,57111.8835865801,62310.89147753983,57029.37276026832,62229.666468383344,1.091031980814959,1.0911862336269285,0.9930747922437673
2024-05-16 16:00:00,176.0,60.0,835,841,834,239061.28147563088,251596.82475818592,239049.9047322996,251511.21467270213,1.0524365267565625,1.0521284873732009,0.9988023952095808
2024-05-16 16:00:00,176.0,70.0,957,960,947,146832.95421543843,157289.77736463433,146723.85897550816,157133.4124556827,1.0712157785360177,1.0709465628348294,0.9895506792058516
2024-05-16 16:00:00,176.0,80.0,1050,1063,1039,140664.49115412764,151900.46413662657,140355.7189905293,151629.75092535626,1.0798778205523636,1.0803247065093777,0.9895238095238095
2024-05-16 16:00:00,176.0,90.0,1135,1148,1126,171492.38301238423,182653.0001900066,171240.91368450067,182399.09889045492,1.065079375431015,1.0651607432235057,0.9920704845814978
2024-05-16 16:00:00,176.0,100.0,1254,1263,1245,56402.47745602923,61271.45928757825,56294.4943957792,61064.59085548074,1.0863256731115194,1.0847346887275569,0.992822966507177
2024-05-16 16:00:00,176.0,110.0,1383,1407,1374,67586.6848814887,73666.73998606403,67487.45322506852,73274.57498076133,1.0899593627833133,1.085751076372566,0.9934924078091106
2024-05-16 16:00:00,176.0,120.0,1463,1474,1446,54279.99903951897,59896.22016382391,54049.78194929994,59564.530255380916,1.10346759807818,1.1020309075669157,0.9883800410116199
2024-05-16 16:00:00,176.0,130.0,1474,1508,1469,77516.0645736128,85556.22765505138,77439.23613072839,85086.90590194847,1.103722539652452,1.0987570404014542,0.9966078697421981
2024-05-16 16:00:00,176.0,140.0,1420,1446,1401,83410.9930691685,91554.16261213552,83165.5363024795,90989.62619539455,1.0976270542207105,1.0940785118544567,0.9866197183098592
2024-05-16 16:00:00,176.0,150.0,1416,1456,1402,129204.15151466732,140465.25695788855,128925.36091899508,139813.58630712843,1.0871574582643566,1.0844537126793425,0.9901129943502824
2024-05-16 16:00:00,176.0,160.0,1433,1480,1412,110056.10167482297,119954.12047375289,109739.61611645966,119001.98203347769,1.0899361202904958,1.084403119354714,0.9853454291695743
2024-05-16 16:00:00,176.0,170.0,1400,1456,1378,103392.65403601932,113353.67114409065,102901.76154775452,112387.55296720922,1.0963416327875786,1.0921829838165846,0.9842857142857143
2024-05-16 16:00:00,176.0,180.0,1468,1525,1447,92478.4859283022,102332.52616692643,92194.07954241196,101395.71948288166,1.1065549477774106,1.099807275978461,0.9856948228882834
2024-05-16 16:00:00,176.0,190.0,1524,1579,1504,97653.31328850336,109140.14817488307,97332.50087846517,108209.55058047126,1.1176287265588565,1.1117514664047088,0.9868766404199475
2024-05-16 16:00:00,176.0,200.0,1522,1611,1504,105265.01711772411,116882.68232813993,104945.45312288046,115586.261038096,1.1103658701487038,1.1013937011902386,0.988173455978975
2024-05-16 16:00:00,176.0,210.0,1593,1640,1580,133772.39224081082,147943.97056828666,133592.0483334738,147117.2515644713,1.1059379898205366,1.1012425769326912,0.9918392969240427
2024-05-16 16:00:00,176.0,220.0,1676,1748,1656,117412.68176118105,131292.5854049867,116987.67389274942,130055.22987411909,1.1182146888701303,1.1117002804359508,0.9880668257756563
2024-05-16 16:00:00,176.0,230.0,1683,1747,1662,181714.8789078266,199355.49676822315,181178.36615225137,198103.05472707006,1.0970785549671174,1.093414511534982,0.9875222816399287
2024-05-16 16:00:00,176.0,240.0,1738,1804,1717,384159.2160058697,411851.49440553784,383440.02511639596,410833.2038344259,1.0720854199141354,1.0714405824215,0.9879171461449943
2024-05-16 16:00:00,176.0,250.0,1830,1898,1809,203703.78867817362,222872.36916900065,203421.53719330556,221760.05393936555,1.0941002649740157,1.0901503203598026,0.9885245901639345
2024-05-16 16:00:00,176.0,260.0,1927,1978,1900,174478.02305668444,192214.69127830153,174052.50779913666,191208.39492756588,1.101655600578732,1.0985673079081848,0.9859885832900882
2024-05-16 16:00:00,176.0,270.0,1917,1976,1890,202752.65419570918,220336.4971719943,202177.56561423323,219173.51981997932,1.08672558712505,1.08406449130056,0.9859154929577465
2024-05-16 16:00:00,176.0,280.0,1904,2000,1877,151869.0672489015,167313.83864666946,151292.145712381,165840.7574816391,1.1016979407166254,1.096162373140746,0.9858193277310925
2024-05-16 16:00:00,176.0,290.0,1882,1989,1852,198093.08157055476,217105.64200301695,197660.62158016532,215483.00395537727,1.0959779124123046,1.090166580640766,0.9840595111583422
2024-05-16 16:00:00,176.0,300.0,1832,1922,1790,151786.04623714916,167566.5813501455,151083.28931747813,165969.7177459498,1.1039656510213132,1.0985312703722656,0.9770742358078602
2024-05-16 16:00:00,176.0,310.0,1913,1968,1867,190602.91272593278,206859.21839791082,189873.90119871416,205645.76157040367,1.0852888627958845,1.083064919781594,0.9759539989545217
2024-05-16 16:00:00,176.0,320.0,1858,1925,1826,319980.8688003933,346003.4041430609,319391.4457598937,344818.22195463267,1.0813252849778987,1.079610072631231,0.9827771797631862
2024-05-16 16:00:00,176.0,330.0,1877,1935,1839,865099.021795002,915372.8353360042,863646.8651602663,914189.6539373861,1.0581133630652921,1.0585225174964776,0.9797549280767182
2024-05-16 16:00:00,176.0,340.0,1905,1959,1866,804047.712752027,832286.2931681762,803405.4525624968,831097.5127225333,1.0351205282575788,1.0344683497874099,0.9795275590551181
2024-05-16 16:00:00,176.0,350.0,1869,1923,1827,865351.6586896328,889264.1173472065,864519.6249610748,888056.5334148824,1.0276332268129968,1.0272254183412752,0.9775280898876404
2024-05-16 16:00:00,176.0,360.0,2023,2077,1977,1035671.0818440889,1072712.6657289413,1034977.6566542715,1071299.8232898153,1.03576577982548,1.0350946384223993,0.9772614928324271
2024-05-16 16:00:00,176.0,370.0,1882,1958,1836,477258.0000792128,508998.0286407502,476127.18150383193,507517.4167486393,1.0665049691283737,1.0659282571216842,0.975557917109458
2024-05-16 16:00:00,176.0,380.0,1511,1583,1479,215296.53002581012,232694.81115669967,214506.51013421657,230912.2299409518,1.0808107828249893,1.0764812209963706,0.9788219722038385
2024-05-16 16:00:00,176.0,390.0,1578,1627,1535,159215.58156801498,171699.96051237697,158420.3795485455,170553.92975723906,1.0784117912418567,1.0765908416787717,0.9727503168567807
2024-05-16 16:00:00,176.0,400.0,1463,1517,1438,175092.0934175134,187417.3438550362,174093.43339894706,186204.47403485837,1.0703929583395453,1.0695663265377622,0.9829118250170882
2024-05-16 16:00:00,176.0,410.0,1396,1427,1369,293708.4636516763,309344.08203478996,293235.45508728997,308497.1528859471,1.0532351645189792,1.0520458816759182,0.9806590257879656
2024-05-16 16:00:00,176.0,420.0,1227,1255,1202,128347.03517364204,136724.2761190186,127600.7685486468,135996.9941896558,1.0652702334264512,1.0658007450621898,0.9796251018744906
2024-05-16 16:00:00,176.0,430.0,1111,1147,1086,136815.82672937133,144621.2288392696,136293.86240046346,143858.26924333425,1.0570504326618422,1.0555007152166895,0.9774977497749775
2024-05-16 16:00:00,176.0,440.0,1089,1140,1070,157257.9978840995,167981.33750111551,157027.62951735113,167008.65448563377,1.0681894705598327,1.0635622214954201,0.9825528007346189
2024-05-16 16:00:00,176.0,450.0,1089,1114,1064,122606.86469396212,133229.469131673,121935.84018811722,132558.37975976279,1.0866395569630285,1.0871158107022314,0.9770431588613406
2024-05-16 16:00:00,176.0,460.0,1065,1096,1057,98756.14800414546,108110.86238793518,98633.31387620882,107630.76992861625,1.0947253874604044,1.091221268948743,0.9924882629107982
2024-05-16 16:00:00,176.0,470.0,1006,1025,988,92466.83879976558,101893.33196750697,92146.74457069469,101432.22716894471,1.1019445813234103,1.1007684280276036,0.9821073558648111
2024-05-16 16:00:00,176.0,480.0,911,930,897,98889.2786579601,109309.60771583326,98464.36393663379,108895.80682570196,1.1053736987395284,1.1059413017259856,0.9846322722283205
2024-05-16 16:00:00,176.0,490.0,889,912,883,211910.11536647897,232417.37524110568,211818.52329151751,232070.17557356463,1.0967733882790884,1.0956085047112503,0.9932508436445444
2024-05-17 00:00:00,184.0,0.0,60,60,59,2157.462120998083,2115.280157928383,2146.7042888588485,2103.6795323722445,0.9804483412899107,0.9799577628321248,0.9833333333333333
2024-05-17 00:00:00,184.0,10.0,179,177,174,6295.198534917169,6509.115646022622,6239.512833540737,6476.387428523987,1.033980995185288,1.0379636361527973,0.9720670391061452
2024-05-17 00:00:00,184.0,20.0,292,290,282,10813.629285218763,11186.786661587343,10693.793536039031,11099.73350593596,1.0345080607561286,1.0379603335831082,0.9657534246575342
2024-05-17 00:00:00,184.0,30.0,446,445,438,42474.084214428534,44392.24933470763,42373.02347133864,44276.74615811817,1.0451608352659312,1.044927704723908,0.9820627802690582
2024-05-17 00:00:00,184.0,40.0,586,577,576,28431.52129395241,29473.484966405733,28312.32994008951,29463.41621536681,1.0366481857119252,1.0406567130897764,0.9829351535836177
2024-05-17 00:00:00,184.0,50.0,719,718,712,68688.05410575742,71467.89857164808,68550.8614080242,71394.30736727593,1.0404705665647567,1.041479361467497,0.9902642559109874
2024-05-17 00:00:00,184.0,60.0,832,832,826,312464.6422928784,324573.76158871106,312253.27703331376,324506.44871619565,1.0387535665058787,1.039241130787475,0.9927884615384616
2024-05-17 00:00:00,184.0,70.0,955,942,933,182779.04793262537,190645.5123571477,182515.03480350255,190544.4235397927,1.043038108106472,1.0439930263549777,0.9769633507853404
2024-05-17 00:00:00,184.0,80.0,1052,1047,1034,180101.32205147593,187773.36550026236,179815.03674717623,187624.49969911485,1.0425984849050338,1.0434305333592255,0.9828897338403042
2024-05-17 00:00:00,184.0,90.0,1133,1133,1117,220841.39300789477,228744.61242440448,220578.02559795114,228555.741017528,1.0357868572954851,1.0361673172019314,0.9858781994704324
2024-05-17 00:00:00,184.0,100.0,1251,1249,1236,65742.93804645505,68290.47749504558,65488.249996840736,68131.7679311554,1.0387500091156618,1.040366293715929,0.988009592326139
2024-05-17 00:00:00,184.0,110.0,1377,1383,1360,81045.88880775563,84762.62614179411,80852.10586562855,84479.08280785175,1.0458596652922734,1.044859399806494,0.9876543209876543
2024-05-17 00:00:00,184.0,120.0,1452,1466,1438,62711.663813858715,66248.35061389228,62509.195279195636,65877.85686548188,1.056395996931786,1.0538906567464228,0.990358126721763
2024-05-17 00:00:00,184.0,130.0,1481,1493,1462,93359.49322466757,99394.02033886357,93118.89689122037,98988.11837871796,1.0646375307508797,1.0630293279177683,0.9871708305199189
2024-05-17 00:00:00,184.0,140.0,1433,1431,1404,100431.34286175379,106863.83095093694,100008.37134573542,106528.57357638991,1.0640486117768797,1.065196564476725,0.9797627355198884
2024-05-17 00:00:00,184.0,150.0,1424,1444,1401,160135.4885881064,168248.24631840774,159727.21926524307,167714.27696686223,1.0506618351861317,1.0500043620515038,0.9838483146067416
2024-05-17 00:00:00,184.0,160.0,1446,1474,1422,135759.84664851765,142856.3949161144,135244.20524527034,142229.5220603639,1.0522728070396965,1.0516496570217218,0.983402489626556
2024-05-17 00:00:00,184.0,170.0,1410,1433,1378,126319.62031860679,133222.55499141046,125292.1901596318,132552.6240356519,1.0546465755311243,1.0579480162871266,0.9773049645390071
2024-05-17 00:00:00,184.0,180.0,1483,1514,1454,111580.7393362092,118245.95778386403,111155.35467517647,117474.00771138447,1.0597344890104334,1.0568452420009156,0.9804450438300741
2024-05-17 00:00:00,184.0,190.0,1540,1566,1504,118737.79700729152,127150.5088083729,118188.23229927474,126372.19739448848,1.070851169662216,1.069245177256653,0.9766233766233766
2024-05-17 00:00:00,184.0,200.0,1541,1579,1513,127111.71713474562,135340.67936154368,126743.98669393745,134391.3781019794,1.064738030547372,1.0603373115168686,0.981829980532122
2024-05-17 00:00:00,184.0,210.0,1599,1626,1571,163552.46779298538,174803.58361935423,163086.67312703718,174105.48475289787,1.0687920884239412,1.0675641449701874,0.9824890556597874
2024-05-17 00:00:00,184.0,220.0,1689,1707,1648,142864.6313250348,152730.31802686214,142081.0627554004,151894.96432077244,1.0690561870375157,1.069072551788743,0.9757252812314979
2024-05-17 00:00:00,184.0,230.0,1707,1720,1671,221435.1935174954,233924.309142682,220366.35518562025,233317.42038578365,1.0564007709289438,1.058770610374049,0.9789103690685413
2024-05-17 00:00:00,184.0,240.0,1744,1775,1708,493883.48082240036,514699.68416137405,492430.7453330062,513932.6859214267,1.0421480048377223,1.0436649027141467,0.9793577981651376
2024-05-17 00:00:00,184.0,250.0,1833,1857,1798,250727.71996113984,264932.5899115596,250072.76402597188,264131.5557117723,1.0566545651698238,1.0562188039171683,0.9809056192034915
2024-05-17 00:00:00,184.0,260.0,1938,1950,1894,215654.08424184384,228388.25405538664,214687.3496471992,227604.62948031013,1.0590490546854756,1.0601678666877121,0.977296181630547
2024-05-17 00:00:00,184.0,270.0,1924,1963,1881,251949.1768313707,265798.3501641309,251235.1656238589,264660.56529540697,1.0549681229640588,1.0534375816307824,0.9776507276507277
2024-05-17 00:00:00,184.0,280.0,1932,1966,1881,184607.401045869,195742.3541620263,183664.47130964475,194659.22051731448,1.06031693774504,1.059863233913833,0.9736024844720497
2024-05-17 00:00:00,184.0,290.0,1892,1950,1841,245064.19642673264,259092.1982209261,244167.24708183898,257716.4088151385,1.0572421512352068,1.0554913154619718,0.9730443974630021
2024-05-17 00:00:00,184.0,300.0,1837,1870,1778,186046.99637611123,197433.6020106065,184930.47920641693,196327.67642512507,1.0612028458200755,1.0616296311328255,0.9678824169842134
2024-05-17 00:00:00,184.0,310.0,1917,1961,1870,232983.35686918662,245853.0203145868,232225.33352523256,244750.1887279554,1.0552385527375938,1.053934060563474,0.9754825247782994
2024-05-17 00:00:00,184.0,320.0,1874,1913,1836,392278.0448319453,411503.9061875761,391495.9574882919,410518.27788923006,1.0490108014173143,1.0485888041423954,0.9797225186766275
2024-05-17 00:00:00,184.0,330.0,1884,1922,1838,1073138.8192196693,1111229.3211491972,1071268.8587284181,1110238.687200007,1.0354944777388868,1.036377262490245,0.975583864118896
2024-05-17 00:00:00,184.0,340.0,1918,1944,1865,1011003.2570100126,1032342.4422649611,1009330.6247614813,1031289.4244826188,1.0211069401675894,1.0217558044732138,0.9723670490093848
2024-05-17 00:00:00,184.0,350.0,1893,1906,1832,1134478.9144645021,1161767.1599058625,1133237.025975992,1160829.2058597128,1.0240535501307586,1.0243481101051717,0.9677760169043845
2024-05-17 00:00:00,184.0,360.0,2042,2059,1980,1280007.9438144,1305929.5744171336,1278709.7810122648,1304922.1919154585,1.0202511482276335,1.0204991087832638,0.9696376101860921
2024-05-17 00:00:00,184.0,370.0,1916,1950,1863,581109.4165284315,604329.9122288652,579676.0069552962,603287.3614181825,1.0399589045366944,1.040731985073702,0.9723382045929019
2024-05-17 00:00:00,184.0,380.0,1540,1573,1498,263384.841047232,277181.6848809738,262599.3613451059,276146.1182531799,1.0523828318246593,1.051587166239414,0.9727272727272728
2024-05-17 00:00:00,184.0,390.0,1607,1620,1556,192665.73898988118,202337.44253081176,191797.7792107513,201341.4655626401,1.0501993950332733,1.0497591076974986,0.9682638456751711
2024-05-17 00:00:00,184.0,400.0,1496,1499,1447,211450.4028944414,218255.01394086512,209984.81310494573,217271.47271491104,1.0321806482904679,1.0347008886129474,0.9672459893048129
2024-05-17 00:00:00,184.0,410.0,1418,1421,1378,368007.29887211625,379608.7024621684,367235.0829392596,379051.2879257018,1.0315249279718326,1.032176133314574,0.9717912552891397
2024-05-17 00:00:00,184.0,420.0,1246,1245,1210,154427.9367495325,161461.81337841888,153560.33707373982,160891.8417075775,1.0455479544500725,1.0477434783847672,0.971107544141252
2024-05-17 00:00:00,184.0,430.0,1127,1153,1096,162846.47739210696,168649.64126646833,162192.9365997424,167906.16140357777,1.0356357961639435,1.0352248681330334,0.9724933451641526
2024-05-17 00:00:00,184.0,440.0,1104,1114,1074,189052.51650848362,197484.00639390462,188645.0911281443,196966.00293067476,1.044598665181178,1.0441088170000574,0.9728260869565217
2024-05-17 00:00:00,184.0,450.0,1090,1105,1060,146014.0526131319,153678.26588982533,144625.6205729443,152883.23714065715,1.0524895593234438,1.057096498773867,0.9724770642201835
2024-05-17 00:00:00,184.0,460.0,1072,1082,1049,115422.907503722,123092.03419075701,115086.54427025269,122663.4653290504,1.0664437142755887,1.0658367240657185,0.9785447761194029
2024-05-17 00:00:00,184.0,470.0,1016,1012,986,108856.44948000516,115621.82831469436,108205.56624428272,115271.24633990563,1.062149545268164,1.0652986749283448,0.9704724409448819
2024-05-17 00:00:00,184.0,480.0,911,913,895,116773.10497548219,125017.24809817264,116330.10121267426,124756.70840636599,1.0705996738240489,1.0724370313947054,0.9824368825466521
2024-05-17 00:00:00,184.0,490.0,895,904,881,263241.1073389186,280001.063876147,260375.76826541842,279689.3346392921,1.063667702611698,1.0741757441659705,0.9843575418994414
2024-05-17 08:00:00,192.0,0.0,37,45,35,843.4771446490766,1111.269787829883,818.2644833538486,997.7647289856592,1.3174865435058347,1.21936702531202,0.9459459459459459
2024-05-17 08:00:00,192.0,10.0,78,103,76,2381.381431534391,3140.0855295085057,2343.291265608738,2839.591630580783,1.3185983093373077,1.2117962765687675,0.9743589743589743
2024-05-17 08:00:00,192.0,20.0,136,184,131,4481.0979559741945,5983.204677619704,4428.743291238736,5356.890342155582,1.3352095259696126,1.209573459078781,0.9632352941176471
2024-05-17 08:00:00,192.0,30.0,254,339,253,23828.989950471423,28268.491352164085,23816.688451277492,27203.332031531267,1.1863067385953063,1.142196241395269,0.9960629921259843
2024-05-17 08:00:00,192.0,40.0,356,457,354,13531.374966111878,17833.631829050522,13505.037615767496,16630.527841869443,1.3179467625214187,1.2314314343303163,0.9943820224719101
2024-05-17 08:00:00,192.0,50.0,437,556,430,45920.115989791404,53990.646898681465,45813.79757143966,52477.19609966046,1.1757515357906378,1.1454452344368582,0.9839816933638444
2024-05-17 08:00:00,192.0,60.0,565,675,559,220343.38929265607,241606.9258503173,220198.02170388197,240217.96255010724,1.0965018130379187,1.0909178960433519,0.9893805309734514
2024-05-17 08:00:00,192.0,70.0,670,770,666,118901.16347903051,135030.23066036674,118857.3344022748,133747.90254661674,1.135651045872068,1.1252810204706807,0.9940298507462687
2024-05-17 08:00:00,192.0,80.0,725,853,719,115057.09340086608,131451.66469819046,114952.18101994171,129846.36023824816,1.1424907479646185,1.1295684787026585,0.9917241379310345
2024-05-17 08:00:00,192.0,90.0,793,948,788,154590.89866053069,172806.72352518913,154533.52641579148,170733.17427913827,1.1178324534140844,1.104829341820361,0.9936948297604036
2024-05-17 08:00:00,192.0,100.0,903,1062,895,31910.806292401474,41439.3559751694,31813.13979536791,39415.30213365822,1.2985994648789818,1.2389629689867079,0.991140642303433
2024-05-17 08:00:00,192.0,110.0,943,1112,934,39225.94104007298,49577.373314657205,39084.61568811565,47402.18789684397,1.2638925160268115,1.2128093640500455,0.9904559915164369
2024-05-17 08:00:00,192.0,120.0,994,1215,982,27294.420240081137,36768.040130588844,27134.110112320202,33910.93459075068,1.3470899842230737,1.249752965930269,0.9879275653923542
2024-05-17 08:00:00,192.0,130.0,1085,1286,1078,47445.18344283543,60921.54002298623,47345.631065462665,58330.59196162166,1.2840405622287847,1.2320163581930208,0.9935483870967742
2024-05-17 08:00:00,192.0,140.0,1049,1229,1040,52532.665284994284,66084.85285635134,52386.8858892525,63783.16453509944,1.257976394265078,1.2175406774500592,0.9914204003813155
2024-05-17 08:00:00,192.0,150.0,1073,1237,1060,96319.32635300829,113870.3089829743,96086.56485597501,111620.81213352477,1.1822166256192659,1.1616692958150203,0.9878844361602982
2024-05-17 08:00:00,192.0,160.0,1050,1253,1042,78626.11321923482,94249.07023254325,78525.13212607458,91610.29485976319,1.1986993426693575,1.1666366216701167,0.9923809523809524
2024-05-17 08:00:00,192.0,170.0,1038,1201,1028,71365.03979475814,86515.11189163716,71209.69122239761,84361.58154859209,1.2122898290318311,1.1846924217817394,0.9903660886319846
2024-05-17 08:00:00,192.0,180.0,1151,1328,1143,59093.72506898961,74549.07567045346,58958.20689165148,71994.44707919568,1.2615396234273661,1.2211098483965281,0.9930495221546481
2024-05-17 08:00:00,192.0,190.0,1225,1372,1213,63272.03592789883,79640.90232655063,63077.47959595715,77519.42171821793,1.2587061749886603,1.2289555989676293,0.990204081632653
2024-05-17 08:00:00,192.0,200.0,1210,1346,1199,71376.38759535455,87755.0633529365,71049.77377013856,85760.40422389112,1.229469104690974,1.2070468303156692,0.990909090909091
2024-05-17 08:00:00,192.0,210.0,1306,1431,1302,92427.65542384378,113949.12665317049,92356.7563253007,112255.5976797218,1.2328466640275153,1.2154562605504793,0.996937212863706
2024-05-17 08:00:00,192.0,220.0,1374,1509,1365,78400.06937246806,97543.68254340657,78284.4747475766,95676.83571671453,1.2441785233631595,1.2221687125731955,0.9934497816593887
2024-05-17 08:00:00,192.0,230.0,1433,1519,1424,137258.37844097454,163180.90511675357,136942.42109313878,161891.2990155291,1.1888593393730535,1.1821851674830681,0.9937194696441033
2024-05-17 08:00:00,192.0,240.0,1452,1569,1439,329534.1086730602,371177.38641048025,328925.70178091334,369468.9829721966,1.1263701590864317,1.1232596935167074,0.9910468319559229
2024-05-17 08:00:00,192.0,250.0,1565,1668,1553,155349.53122184944,185078.64642849047,155038.45247733648,183564.55987136904,1.1913691980453156,1.1839937572790369,0.9923322683706071
2024-05-17 08:00:00,192.0,260.0,1663,1771,1648,126721.51207921981,153725.26135476024,126442.52307938982,152171.84205061983,1.2130952261574899,1.2034862824990866,0.9909801563439568
2024-05-17 08:00:00,192.0,270.0,1575,1704,1559,151687.8022930456,178971.73055326124,151140.13859332632,177115.52135141962,1.179868966705087,1.1718629015418955,0.9898412698412699
2024-05-17 08:00:00,192.0,280.0,1555,1653,1535,106196.00105669023,129823.46854584343,105392.02710557621,128229.7898317018,1.222489239275029,1.2166934573072392,0.9871382636655949
2024-05-17 08:00:00,192.0,290.0,1465,1596,1445,147400.68370522972,174002.86907114083,146755.68506217815,172056.8928478388,1.1804753186837984,1.1724035956422467,0.9863481228668942
2024-05-17 08:00:00,192.0,300.0,1432,1569,1413,106306.27050486475,130694.69958974123,105883.97143231082,128744.42723660896,1.2294166559418565,1.2159010046096759,0.986731843575419
2024-05-17 08:00:00,192.0,310.0,1459,1605,1445,138371.0831055509,165784.0461427116,138026.0367219793,163765.79786013477,1.1981119351089404,1.1864848238017738,0.9904043865661412
2024-05-17 08:00:00,192.0,320.0,1486,1604,1465,256617.00475860498,296739.14125732565,256193.0909224117,295006.76890474115,1.15635026422533,1.1515016577636132,0.9858681022880216
2024-05-17 08:00:00,192.0,330.0,1504,1621,1492,776217.8192321018,859587.0816409375,775154.190777749,857936.1295198608,1.1074044686210778,1.1067941575069764,0.9920212765957447
2024-05-17 08:00:00,192.0,340.0,1548,1650,1531,749786.0044307729,811429.1886303674,749282.4427169228,809882.3076595098,1.0822143702807485,1.0808771986206562,0.9890180878552972
2024-05-17 08:00:00,192.0,350.0,1548,1639,1524,770103.8093240191,831596.8538171715,767518.1703580044,829656.624975058,1.0798503315379386,1.0809602391407482,0.9844961240310077
2024-05-17 08:00:00,192.0,360.0,1690,1802,1672,965328.5186606009,1049583.2501031638,964862.671870993,1047850.6718351882,1.0872808891624448,1.086010167439964,0.9893491124260355
2024-05-17 08:00:00,192.0,370.0,1552,1675,1525,411975.6824332842,471119.0940287654,411243.7387565195,469053.21796939324,1.143560443291599,1.1405723024201477,0.9826030927835051
2024-05-17 08:00:00,192.0,380.0,1290,1372,1277,166552.26278456906,197300.34572867272,166173.03448912775,195985.74372382593,1.184615221853068,1.1794076236638065,0.9899224806201551
2024-05-17 08:00:00,192.0,390.0,1304,1395,1282,111568.23846139907,134942.39791010274,111103.69099016109,133264.87606570264,1.2095054987965126,1.1994639861019925,0.9831288343558282
2024-05-17 08:00:00,192.0,400.0,1223,1297,1192,125165.68749185404,146958.65335726127,124475.87351679344,145143.37651108642,1.1741129402323265,1.1660362157772257,0.9746524938675388
2024-05-17 08:00:00,192.0,410.0,1186,1266,1170,240248.15541257657,271015.5863077785,239991.87822029495,269721.27597007924,1.1280652117489318,1.1238766827037991,0.9865092748735245
2024-05-17 08:00:00,192.0,420.0,1057,1116,1036,89047.71493030622,107551.9397131684,88484.60316015207,106451.02202659994,1.2078012310292816,1.203045707668821,0.9801324503311258
2024-05-17 08:00:00,192.0,430.0,944,995,930,94128.04613764194,110875.75272434583,93806.70038929897,110001.17878189642,1.1779247235432253,1.172636691466496,0.9851694915254238
2024-05-17 08:00:00,192.0,440.0,924,970,920,108919.78308320328,128782.0220541835,108752.49456999425,128146.24404402563,1.1823565784721364,1.1783292378783032,0.9956709956709957
2024-05-17 08:00:00,192.0,450.0,937,974,924,82177.42443691727,99139.89070860312,81548.09474534588,98334.28774319995,1.2064127269491993,1.205844085631591,0.9861259338313767
2024-05-17 08:00:00,192.0,460.0,907,955,900,60382.44306886496,75037.26484453143,60260.140507497854,74310.89469331126,1.242700047080787,1.23316829445602,0.9922822491730982
2024-05-17 08:00:00,192.0,470.0,880,918,870,56135.185394050975,70274.68209650743,55879.680652269846,69594.31218928596,1.2518829608061632,1.245431458750812,0.9886363636363636
2024-05-17 08:00:00,192.0,480.0,791,847,788,64728.423036347165,80149.3475841227,64666.80147375632,79365.96056113674,1.2382403869026157,1.227306109972762,0.9962073324905183
2024-05-17 08:00:00,192.0,490.0,762,816,756,170376.0467970766,196276.08317045827,170298.45138736645,195524.4692767162,1.152016887703877,1.1481282870386755,0.9921259842519685
2024-05-17 16:00:00,200.0,0.0,59,60,57,1841.1066891588835,1933.5364809125829,1820.059627168759,1897.1853289733874,1.0502033870703746,1.0423753709237555,0.9661016949152542
2024-05-17 16:00:00,200.0,10.0,181,181,176,5369.182875244092,5647.81106814293,5314.625640386228,5593.227603774794,1.0518939658739357,1.05242174750211,0.9723756906077348
2024-05-17 16:00:00,200.0,20.0,295,301,292,9299.490244736706,10218.978885236793,9267.286626011835,10117.924113838231,1.098875165874871,1.0917892714614856,0.9898305084745763
2024-05-17 16:00:00,200.0,30.0,450,450,442,34435.877737904215,36493.976237426585,34335.74788671855,36402.05444503693,1.0597661112397603,1.0601794539363347,0.9822222222222222
2024-05-17 16:00:00,200.0,40.0,588,590,586,24069.658885930257,26184.796226994404,24048.086465950197,26141.302914578453,1.0878756674985757,1.0870429525273062,0.9965986394557823
2024-05-17 16:00:00,200.0,50.0,721,721,714,57815.6486774981,62243.224088333925,57656.371221642155,62160.72873076337,1.0765809173141567,1.078124193626505,0.9902912621359223
2024-05-17 16:00:00,200.0,60.0,836,843,834,240685.47616211217,250086.55859032925,240663.7408485597,249986.17876353345,1.0390596166338057,1.038736362536806,0.9976076555023924
2024-05-17 16:00:00,200.0,70.0,956,956,944,147708.25913913484,155881.93378018605,147572.40233462345,155748.1845904761,1.055336612107465,1.0554018375150789,0.9874476987447699
2024-05-17 16:00:00,200.0,80.0,1050,1052,1032,141237.7707323166,149335.85795280704,140663.83993779024,149114.25825927692,1.0573365550766054,1.060075271123154,0.9828571428571429
2024-05-17 16:00:00,200.0,90.0,1135,1151,1128,173291.7556353045,182076.17608035044,173204.41022923152,181798.59169578677,1.0506915081611437,1.0496187219204238,0.9938325991189427
2024-05-17 16:00:00,200.0,100.0,1251,1255,1242,56373.16335699311,61297.65912891395,56218.043004750565,61123.65460519714,1.0873553208418623,1.0872604476828203,0.9928057553956835
2024-05-17 16:00:00,200.0,110.0,1386,1404,1377,67396.94922221579,73140.17044650696,67298.81505189108,72815.5165689365,1.0852148545382239,1.0819732340427053,0.9935064935064936
2024-05-17 16:00:00,200.0,120.0,1457,1480,1443,54240.03676821187,59717.1255073971,54051.88524504629,59282.35097043561,1.1009787062385465,1.0967674985188178,0.9903912148249828
2024-05-17 16:00:00,200.0,130.0,1479,1517,1467,77918.8724943529,85817.72460271932,77765.77524816994,85214.74193817517,1.1013727721604145,1.0957872105850384,0.9918864097363083
2024-05-17 16:00:00,200.0,140.0,1417,1448,1406,83843.65403237214,91992.06416086521,83682.57547510619,91484.25353206822,1.0971857706171413,1.0932294209716678,0.9922371206774877
2024-05-17 16:00:00,200.0,150.0,1427,1456,1406,129833.35467330687,140376.00807091326,129437.57726333522,139757.8060065682,1.0812014248891153,1.0797313188444257,0.9852838121934128
2024-05-17 16:00:00,200.0,160.0,1432,1488,1411,110555.35629180988,119866.32647218028,110080.28335723508,118906.79181684951,1.084219982574107,1.0801824649285325,0.9853351955307262
2024-05-17 16:00:00,200.0,170.0,1393,1470,1373,103991.93683851726,114552.93553232789,103596.10736091487,113298.3256840114,1.1015559380359476,1.0936542749554798,0.9856424982053122
2024-05-17 16:00:00,200.0,180.0,1465,1517,1438,92985.43657000171,103067.21745084517,92591.16033915189,102147.47320891224,1.108423224676196,1.1032097754770172,0.9815699658703072
2024-05-17 16:00:00,200.0,190.0,1522,1581,1499,97824.6089845562,109349.92274057936,97313.99950114082,108322.14105066875,1.1178160983791174,1.1131198142709045,0.9848883048620236
2024-05-17 16:00:00,200.0,200.0,1524,1602,1510,105389.79276645693,116640.75357757433,105209.66060138564,115457.26089239874,1.1067556972623473,1.0974017046765203,0.9908136482939632
2024-05-17 16:00:00,200.0,210.0,1590,1637,1570,134450.4825332499,147990.98638636447,134094.20478632383,147167.1115843661,1.1007099684433337,1.09749046812928,0.9874213836477987
2024-05-17 16:00:00,200.0,220.0,1666,1731,1643,117686.01743651048,130990.7951698754,117226.94022863769,129899.57612293902,1.1130531733775648,1.1081034433687753,0.9861944777911165
2024-05-17 16:00:00,200.0,230.0,1686,1761,1662,182328.13866933616,198994.8202631026,181737.98032856768,197695.94486816516,1.0914103643869943,1.0878075375920144,0.9857651245551602
2024-05-17 16:00:00,200.0,240.0,1737,1783,1705,387393.6623921591,408715.3842501404,386878.17385796446,407659.924349551,1.0550389020984996,1.0537165234325578,0.9815774323546345
2024-05-17 16:00:00,200.0,250.0,1831,1881,1804,205483.6364277589,223138.40159901825,205110.70985083666,222162.61555421518,1.0859181075348847,1.0831351308558155,0.9852539595849262
2024-05-17 16:00:00,200.0,260.0,1920,1967,1895,176056.47449190836,192533.89154100377,175564.59337835334,191587.68225943513,1.0935916562946553,1.091266060956556,0.9869791666666666
2024-05-17 16:00:00,200.0,270.0,1909,1966,1882,204262.2016331412,221701.08122617778,203619.36166683724,220583.17031182285,1.0853749712556078,1.0833113732707886,0.9858564693556836
2024-05-17 16:00:00,200.0,280.0,1903,1994,1869,152713.8025315834,167947.02989813645,151814.5684931578,166511.10350976445,1.0997501673982781,1.0968058280735358,0.9821334734629532
2024-05-17 16:00:00,200.0,290.0,1876,1978,1845,199396.64296611046,217759.8896620739,198933.82134792698,216184.2901363285,1.0920940614786803,1.0867146102734897,0.9834754797441365
2024-05-17 16:00:00,200.0,300.0,1832,1898,1780,152578.93530958315,167726.48741192726,151675.25614772135,166293.0858363606,1.0992768239705546,1.0963758365069283,0.9716157205240175
2024-05-17 16:00:00,200.0,310.0,1915,1973,1876,191400.43678012298,207093.37345880427,190849.97901078942,205900.96845409973,1.0819900776752616,1.0788629347580878,0.9796344647519583
2024-05-17 16:00:00,200.0,320.0,1861,1926,1825,321145.1860727454,344463.40335221135,320497.33501646435,343242.41808618244,1.0726095806218434,1.0709680879828523,0.9806555615260613
2024-05-17 16:00:00,200.0,330.0,1868,1935,1841,869362.7865661653,909123.3673330139,869014.9127951013,907995.7467535022,1.0457353148550286,1.0448563464037952,0.9855460385438972
2024-05-17 16:00:00,200.0,340.0,1900,1967,1868,803419.4763040398,824178.3918060411,801743.3756002178,822840.3358448928,1.025838202973991,1.0263138566363343,0.9831578947368421
2024-05-17 16:00:00,200.0,350.0,1871,1925,1821,846172.166101835,862155.601989429,845203.1162861674,860875.0369275903,1.0188891061747243,1.0185421945795532,0.9732763228220203
2024-05-17 16:00:00,200.0,360.0,2023,2090,1986,1037257.1975899411,1064490.697608625,1036611.0173215971,1063016.100783852,1.0262553010786146,1.025472508994242,0.9817103311913
2024-05-17 16:00:00,200.0,370.0,1896,1953,1845,481826.81564173254,511580.2947660759,480135.4897157457,510207.0110590026,1.061751397303854,1.062631323839569,0.9731012658227848
2024-05-17 16:00:00,200.0,380.0,1503,1561,1472,216720.0106963776,234814.21085112228,216010.41843735942,233701.8349222724,1.0834911372355664,1.081900755588061,0.9793745841650033
2024-05-17 16:00:00,200.0,390.0,1567,1619,1529,159877.84385700242,172890.16770879528,159289.93088551838,171652.6557643457,1.0813891627374668,1.0776114648936121,0.9757498404594767
2024-05-17 16:00:00,200.0,400.0,1472,1508,1437,176733.16998521725,188594.0006511049,175809.66450736695,187563.64672132832,1.0671115143064527,1.0668562916998732,0.9762228260869565
2024-05-17 16:00:00,200.0,410.0,1402,1431,1374,294898.07727965,308768.8341047824,294393.281940106,308071.3543559206,1.0470357655535978,1.0464619040409942,0.9800285306704708
2024-05-17 16:00:00,200.0,420.0,1240,1256,1209,129051.13822575996,138463.60790137795,128356.4165650623,137838.53477600237,1.072935967904072,1.0738733478597364,0.975
2024-05-17 16:00:00,200.0,430.0,1113,1155,1090,137036.4040370178,145299.13423751356,136652.16944620135,144438.582961899,1.0602958772784472,1.0569798016910597,0.9793351302785265
2024-05-17 16:00:00,200.0,440.0,1088,1121,1071,157360.7078928888,167527.1008987331,157117.83836782916,166894.27627371423,1.0646056639041321,1.0622236024085148,0.984375
2024-05-17 16:00:00,200.0,450.0,1089,1110,1060,123169.86288576735,133660.7576917446,121964.76713745188,132844.79554869968,1.0851742021967412,1.0892063229947893,0.9733700642791552
2024-05-17 16:00:00,200.0,460.0,1070,1103,1060,99232.88889950806,108864.72471939231,99059.75911145327,108300.09306067695,1.097062938776662,1.0932803999536005,0.9906542056074766
2024-05-17 16:00:00,200.0,470.0,1005,1013,983,92958.04194240371,102201.16339507114,92557.99436671888,101817.85171405235,1.099433263217769,1.1000438418171152,0.9781094527363184
2024-05-17 16:00:00,200.0,480.0,907,924,889,99222.30621822993,109313.40274360072,98801.80386934587,108802.68623234896,1.1017018945636718,1.1012216576149574,0.980154355016538
2024-05-17 16:00:00,200.0,490.0,890,913,887,212471.32677175332,229047.67882727232,211234.10046317265,228736.42816301223,1.0780168896546032,1.0828574915767022,0.996629213483146
2024-05-18 00:00:00,208.0,0.0,62,60,60,2176.223743803744,2102.7193867347514,2155.0577467744465,2102.7193867347514,0.9662238971161499,0.975713708777395,0.967741935483871
2024-05-18 00:00:00,208.0,10.0,177,174,171,6147.5620113689465,6110.452312752312,6079.587438451937,6076.554809816608,0.9939635096729392,0.9995011785477173,0.9661016949152542
2024-05-18 00:00:00,208.0,20.0,298,290,285,10896.672430077437,10978.87399869758,10749.308697707344,10925.751085400501,1.0075437312764626,1.0164143009243738,0.9563758389261745
2024-05-18 00:00:00,208.0,30.0,451,439,436,42438.103084440816,43720.667265237586,42263.99086038922,43684.421401398235,1.030221995979528,1.0336085284918106,0.9667405764966741
2024-05-18 00:00:00,208.0,40.0,587,583,578,28553.12559765495,29249.832298730507,28394.000060849452,29195.434336537422,1.0244003655113951,1.02822547981864,0.9846678023850085
2024-05-18 00:00:00,208.0,50.0,720,711,707,69256.40472589355,71385.48470359002,69108.36386247119,71335.36599116065,1.030741993987748,1.0322247844431869,0.9819444444444444
2024-05-18 00:00:00,208.0,60.0,838,832,828,309119.46028444136,319213.8970962914,309002.2161558381,319171.44287208386,1.032655455604644,1.0329098827922876,0.9880668257756563
2024-05-18 00:00:00,208.0,70.0,953,939,932,182904.4214831001,188455.7385158286,182665.106831139,188375.18811918475,1.030350917641657,1.0312598360305578,0.9779643231899265
2024-05-18 00:00:00,208.0,80.0,1050,1045,1025,179479.09856113937,185676.16467343568,178566.96882890828,185458.8618664111,1.03452806573009,1.0385955649171947,0.9761904761904762
2024-05-18 00:00:00,208.0,90.0,1141,1135,1128,221706.33620042773,227178.65995430015,221436.92659701488,227093.4965239255,1.0246827575957294,1.0255448357861505,0.9886064855390009
2024-05-18 00:00:00,208.0,100.0,1247,1251,1230,65331.4747903892,67160.03975340075,65118.353729280076,66921.59686030963,1.0279890354362633,1.0276917800859382,0.9863672814755413
2024-05-18 00:00:00,208.0,110.0,1383,1389,1368,80275.93337409214,83466.05451162922,80099.73196884182,83214.40197966743,1.0397394462256933,1.038884899290764,0.9891540130151844
2024-05-18 00:00:00,208.0,120.0,1449,1460,1425,62687.27400964601,65152.897358031376,62337.02178871114,64735.55282029668,1.0393321194347351,1.0384768306659766,0.9834368530020704
2024-05-18 00:00:00,208.0,130.0,1485,1498,1466,93457.83454911443,97175.1107221882,93126.82247076127,96781.7804604391,1.0397749016014302,1.039247102958177,0.9872053872053872
2024-05-18 00:00:00,208.0,140.0,1432,1429,1405,100349.10389504083,106982.97773017842,99850.44416474982,106687.48593785038,1.0661079529128255,1.068472822833113,0.9811452513966481
2024-05-18 00:00:00,208.0,150.0,1429,1440,1399,159596.5339913519,166460.6103923787,158983.10703883332,165917.51113385585,1.0430089315185176,1.0436172384864055,0.9790062981105668
2024-05-18 00:00:00,208.0,160.0,1450,1471,1429,135358.4366269494,140891.38364991423,134867.64723721502,140358.24781043478,1.0408762627645718,1.0407110280760108,0.9855172413793103
2024-05-18 00:00:00,208.0,170.0,1416,1427,1378,126533.32757153749,134241.35769383903,125660.84249470285,133662.59948373112,1.0609169953105335,1.0636774100043582,0.9731638418079096
2024-05-18 00:00:00,208.0,180.0,1482,1510,1449,111927.91366015132,117844.3354985129,111274.8408211331,117097.01527907483,1.0528592166590875,1.052322469436739,0.9777327935222672
2024-05-18 00:00:00,208.0,190.0,1542,1553,1506,118691.74195917725,126062.92915301939,118038.89526558916,125475.54644967974,1.062103622983117,1.0630017009847306,0.9766536964980544
2024-05-18 00:00:00,208.0,200.0,1545,1563,1501,126788.86405049088,133193.09887143504,125971.45805770777,132448.10645355098,1.050511019787935,1.0514136177805948,0.9715210355987055
2024-05-18 00:00:00,208.0,210.0,1605,1600,1564,162423.8822262155,171992.99765868983,161598.3105522017,171555.0287124468,1.0589144607388892,1.0616139990957933,0.9744548286604361
2024-05-18 00:00:00,208.0,220.0,1690,1711,1648,142646.77212461355,151149.8276623587,141917.4376885893,150349.5917264648,1.0596091689359577,1.0594159123446003,0.9751479289940829
2024-05-18 00:00:00,208.0,230.0,1713,1721,1665,222290.81597794453,232560.9398999454,221266.00933074404,231893.97392495433,1.0462012966069631,1.048032522601896,0.9719789842381786
2024-05-18 00:00:00,208.0,240.0,1753,1763,1701,492571.3071826893,513181.9146126013,490220.90218105086,512457.3625188827,1.0418428908248765,1.0453600820342406,0.9703365658870508
2024-05-18 00:00:00,208.0,250.0,1837,1843,1792,251150.25151250605,263973.01964500494,250274.11775981393,263312.02479663474,1.0510561628159882,1.0520945080279263,0.9755035383777899
2024-05-18 00:00:00,208.0,260.0,1938,1946,1896,217273.56702035462,229069.11025493994,216478.65046742425,228053.00601235806,1.0542889012977832,1.0534664989824274,0.978328173374613
2024-05-18 00:00:00,208.0,270.0,1926,1938,1882,253473.9687551618,264735.99068478734,252748.85447548126,264052.0052371861,1.0444306844798878,1.0447208783009592,0.9771547248182763
2024-05-18 00:00:00,208.0,280.0,1936,1967,1876,185092.19666971557,194814.3183098159,183741.22740530322,193675.51321234254,1.052525832071942,1.0540667217005464,0.96900826446281
2024-05-18 00:00:00,208.0,290.0,1904,1928,1843,245298.83186049422,257807.09456077937,244384.19452051012,256739.08442139946,1.0509919374887151,1.050555192102869,0.9679621848739496
2024-05-18 00:00:00,208.0,300.0,1849,1846,1767,186032.68985425407,194601.85355758786,184363.41509751044,193672.74055007874,1.0460626769953563,1.0504944294270344,0.9556517036235803
2024-05-18 00:00:00,208.0,310.0,1915,1950,1868,232217.17660892388,243647.72207953973,231489.81819079985,242674.39573225562,1.0492235141152628,1.0483156349115845,0.9754569190600523
2024-05-18 00:00:00,208.0,320.0,1886,1907,1835,390077.0994390077,406503.8850838622,389082.20580105775,405628.8999756804,1.042111638105592,1.0425275017153655,0.9729586426299046
2024-05-18 00:00:00,208.0,330.0,1894,1905,1841,1070759.892938851,1108550.159183416,1069919.125723903,1107716.8529514417,1.0352929414836827,1.0353276489024017,0.9720168954593453
2024-05-18 00:00:00,208.0,340.0,1917,1924,1858,1002721.9488210233,1023934.3039073447,1000606.8374317635,1023067.9016605822,1.0211547728772292,1.0224474422805954,0.9692227438706312
2024-05-18 00:00:00,208.0,350.0,1912,1910,1833,1094657.9143396942,1119445.474476134,1093059.3483310845,1118483.271627276,1.0226441154005559,1.023259417098449,0.9586820083682008
2024-05-18 00:00:00,208.0,360.0,2042,2059,1976,1277444.7226678063,1307815.9754005645,1276159.2976318295,1306609.684704606,1.0237750034845587,1.0238609608763445,0.9676787463271302
2024-05-18 00:00:00,208.0,370.0,1915,1943,1856,581135.0656794163,603773.1437267591,579386.0001004874,602630.7768086866,1.038954933860128,1.040119672729696,0.9691906005221932
2024-05-18 00:00:00,208.0,380.0,1544,1577,1496,263726.02621794154,275877.3381205121,262955.9070255447,274759.63570382335,1.0460755128222679,1.044888623388605,0.9689119170984456
2024-05-18 00:00:00,208.0,390.0,1612,1631,1559,191705.62116276694,199986.93484549277,190876.56324022874,199103.48060716063,1.043198074383508,1.0431007203151381,0.96712158808933
2024-05-18 00:00:00,208.0,400.0,1497,1518,1456,210923.67741857568,217099.23293808335,210101.33223352494,215987.80154078064,1.029278626255185,1.0280172869190232,0.9726118904475618
2024-05-18 00:00:00,208.0,410.0,1426,1419,1378,366878.40552522603,375462.5264179504,365938.14777984284,374866.0551810585,1.0233977273217683,1.0243973126480022,0.9663394109396914
2024-05-18 00:00:00,208.0,420.0,1245,1243,1202,153956.15356214385,159213.31026472803,152844.53108484967,158528.81927917287,1.0341471034508676,1.037190000544852,0.9654618473895582
2024-05-18 00:00:00,208.0,430.0,1132,1140,1092,161928.32048775096,165593.0508361819,161145.43676548678,164971.75242917193,1.0226318060818038,1.0237444865984853,0.9646643109540636
2024-05-18 00:00:00,208.0,440.0,1107,1121,1080,187642.25433187233,193224.096055648,187222.8964456157,192726.097678799,1.0297472535898198,1.0293938473213498,0.975609756097561
2024-05-18 00:00:00,208.0,450.0,1098,1110,1064,145437.19848454883,151893.71726596658,144366.47998084317,151022.14243028892,1.044393861052705,1.0461025471448007,0.9690346083788707
2024-05-18 00:00:00,208.0,460.0,1073,1071,1046,115299.6065506505,120424.08808599086,114813.45628510925,120119.21682187733,1.0444449177984767,1.0462120095365182,0.9748369058713886
2024-05-18 00:00:00,208.0,470.0,1014,1015,989,108379.3738527178,113619.44712850987,107886.01942119154,113317.38971481843,1.0483493591955335,1.050343597092248,0.97534516765286
2024-05-18 00:00:00,208.0,480.0,910,926,895,116585.18101578855,123400.38447130808,116313.55515022279,122988.11768527115,1.0584568587202912,1.057384219117264,0.9835164835164835
2024-05-18 00:00:00,208.0,490.0,901,910,892,260607.58963769607,275431.0140678955,260415.5073096038,275215.87658192735,1.0568802483872681,1.0568336710253112,0.9900110987791343
2024-05-18 08:00:00,216.0,0.0,36,46,36,847.7079635157505,1120.579488864606,847.7079635157505,1008.2942393184044,1.3218933136090392,1.1894358466760706,1.0
2024-05-18 08:00:00,216.0,10.0,77,100,75,2358.8875611842886,2963.269753651143,2336.9110033672237,2679.235773042742,1.256214921987813,1.146486010456653,0.974025974025974
2024-05-18 08:00:00,216.0,20.0,148,189,144,4663.977410723895,5966.860090773627,4622.232814099127,5435.232857376808,1.2793501265795177,1.1758890293880913,0.972972972972973
2024-05-18 08:00:00,216.0,30.0,262,336,258,23880.60494675948,27787.56049857767,23834.23121887599,26861.00462612506,1.1636037093921423,1.1269927013568601,0.9847328244274809
2024-05-18 08:00:00,216.0,40.0,377,445,374,13869.322338468406,17426.52255345662,13835.377963428298,16592.604707408573,1.2564797419930063,1.1992881402494808,0.9920424403183024
2024-05-18 08:00:00,216.0,50.0,447,543,443,46195.398700567326,52944.05345367832,46136.338411815384,51745.556670775535,1.1460893280054776,1.1215791814446125,0.9910514541387024
2024-05-18 08:00:00,216.0,60.0,577,665,566,219838.13133851625,236411.15405918987,219719.47693845266,235251.23985827336,1.0753873889837327,1.070689058322178,0.9809358752166378
2024-05-18 08:00:00,216.0,70.0,677,768,667,118741.25381091356,131783.68233317282,118615.21886207667,130582.38583103966,1.109839066909537,1.1008906536932515,0.9852289512555391
2024-05-18 08:00:00,216.0,80.0,738,834,728,115539.3173884767,128823.75093108632,115311.27266056996,127552.69562959336,1.114977601070149,1.1061598114961166,0.986449864498645
2024-05-18 08:00:00,216.0,90.0,803,907,788,155229.50045496674,169327.26417128573,154912.70181410265,167897.36144717515,1.0908188435509967,1.0838192057914933,0.9813200498132005
2024-05-18 08:00:00,216.0,100.0,915,1041,901,32295.813104567907,40030.73861413866,32141.16712358534,38369.542525629506,1.239502423565757,1.1937818679108811,0.9846994535519126
2024-05-18 08:00:00,216.0,110.0,963,1114,947,39539.80582762681,48529.674053335584,39344.93900513477,46506.111776629536,1.22736247782551,1.1820100107553906,0.9833852544132918
2024-05-18 08:00:00,216.0,120.0,1022,1221,1008,27894.31189988664,36216.672714388566,27727.84032851542,33668.023186898856,1.298353328964381,1.2142317175807784,0.9863013698630136
2024-05-18 08:00:00,216.0,130.0,1112,1277,1100,48097.371802560476,59492.70134419802,47953.59874523892,57300.494080551565,1.2369220835686268,1.1949154094767631,0.9892086330935251
2024-05-18 08:00:00,216.0,140.0,1067,1217,1055,53094.01427177823,64569.44766648575,52927.68479733019,62538.25443720712,1.216134220629221,1.1815792562375922,0.9887535145267105
2024-05-18 08:00:00,216.0,150.0,1096,1248,1083,97152.00272104773,111024.27272935245,96949.50677878922,108974.85521272759,1.1427893365012365,1.1240372316836715,0.9881386861313869
2024-05-18 08:00:00,216.0,160.0,1069,1250,1060,79319.0901158103,92704.91181827536,79180.04023166964,90310.84835055047,1.1687591433905888,1.140575934115639,0.9915809167446211
2024-05-18 08:00:00,216.0,170.0,1061,1195,1046,72011.77296827281,86090.59051086147,71790.78982329115,84281.96365746521,1.1955071644853343,1.173994099590217,0.9858623939679547
2024-05-18 08:00:00,216.0,180.0,1177,1319,1164,60283.585221506095,72833.45714644936,60039.812554055316,70785.3386544218,1.2081805831360228,1.1789733452397444,0.9889549702633815
2024-05-18 08:00:00,216.0,190.0,1243,1380,1235,63911.76128266867,77842.32584428013,63795.783096898085,75960.29179444979,1.2179655869597994,1.1906788835725284,0.9935639581657281
2024-05-18 08:00:00,216.0,200.0,1228,1354,1216,72447.01315745251,86563.00123374804,72254.6603532651,84852.19499208014,1.1948456873662492,1.1743490949542021,0.990228013029316
2024-05-18 08:00:00,216.0,210.0,1316,1421,1306,92609.81044609858,110197.78486009783,92411.13763698889,108697.28034368425,1.1899148084774014,1.1762357127413676,0.9924012158054711
2024-05-18 08:00:00,216.0,220.0,1389,1496,1377,79423.06054353467,95348.33217402958,79204.07618369548,93787.40226400968,1.2005119359731258,1.1841234287802507,0.9913606911447084
2024-05-18 08:00:00,216.0,230.0,1443,1535,1428,139463.90400470796,161125.7363025177,139181.19562933053,159743.63830361352,1.1553221419721513,1.1477386552206752,0.9896049896049897
2024-05-18 08:00:00,216.0,240.0,1464,1563,1449,332957.504085077,364811.55962053314,332088.2391515187,363331.14341362676,1.0956700333965648,1.094080128648739,0.9897540983606558
2024-05-18 08:00:00,216.0,250.0,1578,1681,1566,157795.19796235347,182271.72071660575,157478.14901933217,180768.69468775077,1.155115764423274,1.1478969991294439,0.9923954372623575
2024-05-18 08:00:00,216.0,260.0,1677,1768,1661,129741.1395238785,151323.85392496485,129280.44863656364,149941.57694349732,1.1663521260896133,1.1598163413326075,0.9904591532498509
2024-05-18 08:00:00,216.0,270.0,1583,1691,1565,154865.96814525902,178944.53122488465,154416.69881496724,177331.3538707174,1.155480015189914,1.148394928991508,0.9886291850915983
2024-05-18 08:00:00,216.0,280.0,1570,1666,1546,108262.47079335249,128352.6611945585,107344.59948077903,126864.77575800825,1.1855692951951322,1.1818459090783089,0.9847133757961783
2024-05-18 08:00:00,216.0,290.0,1475,1619,1461,149085.40796110564,172342.42080104758,148824.93296343606,170383.8280231619,1.1559979152755808,1.1448607745385146,0.9905084745762712
2024-05-18 08:00:00,216.0,300.0,1439,1540,1425,107855.47352892433,128298.1715945869,107445.90417388538,126801.39990280772,1.189537882471772,1.1801417734602364,0.990271021542738
2024-05-18 08:00:00,216.0,310.0,1486,1599,1470,139903.11038204058,162046.63649263413,139639.9112656733,160437.1407931695,1.1582775826078855,1.1489347088450108,0.9892328398384926
2024-05-18 08:00:00,216.0,320.0,1499,1607,1484,257141.95360770889,288857.83121052606,256701.21505653393,287259.6664643379,1.1233399573964595,1.1190428779274535,0.989993328885924
2024-05-18 08:00:00,216.0,330.0,1517,1623,1505,775989.3433443452,836886.1132381184,775774.3943938252,835377.4991549659,1.0784762966348498,1.076830461525755,0.992089650626236
2024-05-18 08:00:00,216.0,340.0,1563,1649,1545,750152.5224700484,792097.6985396547,749606.1287039933,790767.3573583821,1.055915530259756,1.0549104750858336,0.9884836852207294
2024-05-18 08:00:00,216.0,350.0,1560,1639,1541,770064.5420956756,812792.1083119106,769685.2927736964,811445.5543851415,1.0554856948742959,1.0542562811106273,0.9878205128205129
2024-05-18 08:00:00,216.0,360.0,1693,1809,1675,963432.8692586125,1026480.6759252513,963169.7863772586,1024583.9709992209,1.0654407885368866,1.0637625738375345,0.9893679858239811
2024-05-18 08:00:00,216.0,370.0,1553,1659,1535,412321.3160499082,462299.04106457316,411884.88661755365,460574.70505537034,1.1212106264440997,1.1182121996212657,0.9884095299420477
2024-05-18 08:00:00,216.0,380.0,1294,1361,1269,168142.50878296891,194043.5657788425,167479.55307812913,192662.71783499978,1.154042289385045,1.150365607586275,0.9806800618238022
2024-05-18 08:00:00,216.0,390.0,1311,1388,1292,112325.97875447507,131924.79549022307,111912.59958181382,130434.25833388923,1.174481602146442,1.1655011037299257,0.9855072463768116
2024-05-18 08:00:00,216.0,400.0,1228,1312,1210,125906.07901237707,144553.59996293293,125571.4155022749,142734.46758243866,1.1481065973686841,1.1366796098579683,0.9853420195439739
2024-05-18 08:00:00,216.0,410.0,1199,1268,1183,241374.69118871307,266836.48234434426,241156.8540143789,265622.00937250606,1.1054865820034316,1.101449139640329,0.9866555462885738
2024-05-18 08:00:00,216.0,420.0,1064,1112,1042,89908.85888073171,105781.69368145394,89476.17410527935,104819.41357454371,1.1765436131469345,1.1714784927126098,0.9793233082706767
2024-05-18 08:00:00,216.0,430.0,942,986,925,94503.94331890748,109058.73538695517,94221.01384835978,108139.55622743926,1.1540125370105663,1.1477222735204284,0.9819532908704883
2024-05-18 08:00:00,216.0,440.0,931,972,918,109575.85730886215,126469.17426088853,109285.54930879522,125756.60324314782,1.1541700641630308,1.1507157537160957,0.9860365198711063
2024-05-18 08:00:00,216.0,450.0,936,977,924,83064.48815101365,97492.89366441681,82791.27123720868,96735.59664075215,1.1737012510950757,1.1684274826942929,0.9871794871794872
2024-05-18 08:00:00,216.0,460.0,908,970,905,61482.05327450634,74667.96306376338,61436.14727949369,73830.35427935811,1.2144676224521052,1.2017412801535066,0.9966960352422908
2024-05-18 08:00:00,216.0,470.0,882,917,874,56952.08318032467,69225.32994548374,56759.60365349858,68666.76298811843,1.2155012789663702,1.2097822847268227,0.9909297052154195
2024-05-18 08:00:00,216.0,480.0,803,836,795,65712.33636865286,79093.65085062922,65449.36505123935,78449.2856186312,1.2036347392505697,1.198625617791928,0.9900373599003736
2024-05-18 08:00:00,216.0,490.0,777,809,770,171490.72121214643,191513.1308230102,171365.93226216116,191029.3349804009,1.1167550609697106,1.114745109828236,0.990990990990991
2024-05-18 16:00:00,224.0,0.0,59,61,59,1862.820964931322,1932.8007149399443,1862.820964931322,1909.6393643475046,1.037566546289757,1.0251330644745609,1.0
2024-05-18 16:00:00,224.0,10.0,180,187,179,5289.053006695388,5603.360351785503,5278.23304711158,5515.8831544296145,1.0594260153362491,1.0450245574980976,0.9944444444444445
2024-05-18 16:00:00,224.0,20.0,293,291,286,9093.452193688148,9462.49502509052,9016.116479046492,9405.700538019717,1.040583358612533,1.04320974112065,0.9761092150170648
2024-05-18 16:00:00,224.0,30.0,448,447,439,33189.206554222445,34458.581475133666,33081.59510747192,34366.1401145452,1.038246618485362,1.038829597028202,0.9799107142857143
2024-05-18 16:00:00,224.0,40.0,587,590,582,23715.371804620332,24868.473738385124,23654.25812789169,24778.457401617445,1.0486225534756382,1.047526296011802,0.9914821124361158
2024-05-18 16:00:00,224.0,50.0,719,711,708,57454.02310056302,60331.708689199506,57318.87560781269,60301.20126707577,1.0500867551711672,1.0520304285043682,0.9847009735744089
2024-05-18 16:00:00,224.0,60.0,836,840,834,231195.28230683808,238190.17001865603,231171.34109979364,238115.7544605006,1.0302553220032167,1.0300401136562563,0.9976076555023924
2024-05-18 16:00:00,224.0,70.0,959,966,950,143589.63226494155,150049.21526760777,143473.13748605162,149866.63864847153,1.0449864165035776,1.0445623569292997,0.9906152241918665
2024-05-18 16:00:00,224.0,80.0,1047,1060,1035,136858.08289123664,143986.13424924313,136343.6952387236,143708.66096350003,1.0520835248267453,1.0540176479145673,0.9885386819484241
2024-05-18 16:00:00,224.0,90.0,1141,1148,1137,169915.25068505114,176625.30385150912,169858.31404061825,176500.54583468198,1.0394905880396546,1.0391045432870325,0.9964943032427696
2024-05-18 16:00:00,224.0,100.0,1249,1257,1240,55363.394284787515,59039.94337503267,55242.507698112975,58842.71623537004,1.0664075809971676,1.0651709831300806,0.9927942353883107
2024-05-18 16:00:00,224.0,110.0,1382,1406,1376,65602.35754584937,70898.61876908936,65536.95064898103,70536.13634691622,1.080732787987664,1.0762804135442776,0.9956584659913169
2024-05-18 16:00:00,224.0,120.0,1456,1481,1445,53370.3551736472,57786.293717081986,53249.546979909646,57346.80941023863,1.0827414119517655,1.0769445500048072,0.992445054945055
2024-05-18 16:00:00,224.0,130.0,1483,1501,1467,76543.58650984982,82723.50569940393,76295.75011050884,82309.55956445944,1.0807372566577982,1.0788223386655225,0.9892110586648685
2024-05-18 16:00:00,224.0,140.0,1416,1436,1395,81638.5479712115,88919.87654210183,81292.65632544477,88395.04962608228,1.0891898343593516,1.0873682030047584,0.9851694915254238
2024-05-18 16:00:00,224.0,150.0,1415,1453,1402,127325.86647134274,134344.72571962877,127058.70940647922,133706.38187976796,1.055125163824161,1.0523196914587087,0.9908127208480565
2024-05-18 16:00:00,224.0,160.0,1433,1464,1415,108685.89020150722,116025.55703015171,108398.81466182924,115367.99524052095,1.0675309997924893,1.0642920367758024,0.9874389392882066
2024-05-18 16:00:00,224.0,170.0,1398,1447,1370,102473.14569589178,110957.81523154877,102032.55584772179,109973.55882452903,1.0827989565269796,1.0778281295693384,0.9799713876967096
2024-05-18 16:00:00,224.0,180.0,1457,1499,1434,92198.9839124041,100387.13417978394,91820.84229677646,99600.88558094896,1.0888095499529495,1.0847306895642106,0.9842141386410432
2024-05-18 16:00:00,224.0,190.0,1511,1567,1491,95872.47052236834,104956.79057812112,95566.42327463953,103993.18657529961,1.0947542084422794,1.0881770292526611,0.986763732627399
2024-05-18 16:00:00,224.0,200.0,1521,1585,1501,103886.08659452203,113398.13140333637,103384.61476570286,112385.8109247383,1.09156225939996,1.0870651419404576,0.9868507560815253
2024-05-18 16:00:00,224.0,210.0,1593,1628,1573,131060.64277959103,142546.17836445593,130704.24227735908,141847.61937555822,1.0876352758637122,1.0852564301207033,0.9874450721908349
2024-05-18 16:00:00,224.0,220.0,1666,1723,1638,115472.97921238649,126234.87321399126,114900.61388557809,125202.73503790956,1.093198374849329,1.0896611497880304,0.9831932773109243
2024-05-18 16:00:00,224.0,230.0,1688,1727,1661,181965.3095340236,196098.14830761883,181407.7828708147,195326.28635419798,1.0776677643106072,1.0767249522766893,0.9840047393364929
2024-05-18 16:00:00,224.0,240.0,1735,1769,1703,377897.6209154417,396448.01259327953,376874.29948630626,395671.81715613365,1.0490884055657728,1.0498774198597494,0.9815561959654179
2024-05-18 16:00:00,224.0,250.0,1826,1873,1799,201847.8533141846,218306.55181727227,201271.1247626926,217383.20085472357,1.0815401215957894,1.080051602588438,0.9852135815991238
2024-05-18 16:00:00,224.0,260.0,1928,1967,1901,174240.73776148024,188455.7323230409,173758.93525460735,187518.56621079735,1.0815824975501407,1.0791880482924698,0.9859958506224067
2024-05-18 16:00:00,224.0,270.0,1897,1956,1869,201805.1040602873,216400.57017273968,201175.3442358289,215303.7118752661,1.0723245637438987,1.070229121233043,0.985239852398524
2024-05-18 16:00:00,224.0,280.0,1905,1963,1860,151363.2798107512,164081.86210963724,149953.98910327797,162869.57176310342,1.0840268677765705,1.0861303039489671,0.9763779527559056
2024-05-18 16:00:00,224.0,290.0,1876,1944,1836,195670.57952419447,210522.40479211241,195207.00863916788,209224.886151037,1.075902188791144,1.0718103187461911,0.9786780383795309
2024-05-18 16:00:00,224.0,300.0,1821,1897,1774,149782.39493281965,162843.910254129,148983.03988201942,161383.66876009788,1.0872032746383025,1.0832351715195139,0.9741900054914882
2024-05-18 16:00:00,224.0,310.0,1914,1963,1873,187672.2722956982,201597.2888909487,187125.09195176425,200547.61058830158,1.07419858258715,1.0717301912669055,0.9785788923719958
2024-05-18 16:00:00,224.0,320.0,1860,1922,1823,314989.3267967347,336113.099411528,314321.92596171587,334927.7949306895,1.0670618678721917,1.065556575176634,0.9801075268817204
2024-05-18 16:00:00,224.0,330.0,1866,1930,1831,852847.4059237682,892797.5028350146,851120.2657347679,891538.6998762197,1.0468431944961762,1.0474885110467425,0.9812433011789925
2024-05-18 16:00:00,224.0,340.0,1905,1963,1857,784165.0174142941,804968.6006168558,782956.461902245,803656.2756105588,1.0265295986693712,1.0264380137536924,0.9748031496062992
2024-05-18 16:00:00,224.0,350.0,1857,1923,1813,805812.482417587,824491.4070370639,804926.8127161112,822962.9438309288,1.0231802373716483,1.0224071689871495,0.9763058696822833
2024-05-18 16:00:00,224.0,360.0,2017,2070,1975,1018542.5805362498,1049394.779614462,1017808.2204928857,1048199.6368821242,1.0302905344045301,1.0298596688229942,0.9791769955379276
2024-05-18 16:00:00,224.0,370.0,1890,1946,1840,479141.9334329596,512272.7675846896,477580.8348627769,510971.33340706455,1.0691461795346402,1.0699159097409796,0.9735449735449735
2024-05-18 16:00:00,224.0,380.0,1501,1575,1475,213286.64961392942,230738.95636461783,212716.66303799467,229503.7752179479,1.0818255937831969,1.078917711194796,0.9826782145236509
2024-05-18 16:00:00,224.0,390.0,1568,1621,1530,156098.32262363512,168652.22146198992,155439.56362985866,167535.58236120988,1.0804230220245428,1.0778181464801002,0.9757653061224489
2024-05-18 16:00:00,224.0,400.0,1466,1498,1431,171456.1628395669,182018.48165081377,170476.78962605438,180956.55055370356,1.0616036113040166,1.0614732419037034,0.9761255115961801
2024-05-18 16:00:00,224.0,410.0,1398,1433,1374,286883.5210548798,299277.33885000425,286577.99818395096,298487.01095898193,1.0432015674847825,1.0415559214262733,0.9828326180257511
2024-05-18 16:00:00,224.0,420.0,1232,1226,1184,125925.18178112005,133736.52038270637,124971.02942233748,133214.41312798022,1.062031584875246,1.0659623573859216,0.961038961038961
2024-05-18 16:00:00,224.0,430.0,1109,1150,1085,133209.69898909208,140767.2576014017,132776.00192240722,139980.1177962933,1.0567342968992708,1.0542576653128635,0.9783588818755635
2024-05-18 16:00:00,224.0,440.0,1084,1128,1064,153035.65697320458,161220.0031644805,152598.70964717402,160384.12019416344,1.0534799951406681,1.051018849143549,0.981549815498155
2024-05-18 16:00:00,224.0,450.0,1079,1110,1051,119590.26216787292,128862.50149823824,118774.21497815037,127920.05062831868,1.0775333974713557,1.07700186148863,0.974050046339203
2024-05-18 16:00:00,224.0,460.0,1066,1089,1046,96346.52084082864,105453.66408397851,96026.7971098687,104921.75879654972,1.0945248791930486,1.0926299944848092,0.9812382739212008
2024-05-18 16:00:00,224.0,470.0,1007,1035,992,90226.88064718818,99011.99539743431,89972.87116679558,98518.90346654889,1.0973669341911345,1.0949845457739178,0.9851042701092354
2024-05-18 16:00:00,224.0,480.0,905,929,890,97041.93927645429,106543.25322755828,96811.2508242365,106074.62147984195,1.0979093577678465,1.0956848566332786,0.9834254143646409
2024-05-18 16:00:00,224.0,490.0,888,921,885,206963.51500081326,221696.77010759123,205811.0214971418,221277.63651581638,1.0711876927038086,1.0751495955180874,0.9966216216216216
2024-05-19 00:00:00,232.0,0.0,60,59,58,2112.189065794493,2115.782833252745,2091.4090665962312,2104.262405634202,1.0017014421277197,1.0061457795336468,0.9666666666666667
2024-05-19 00:00:00,232.0,10.0,177,167,166,6016.283774070227,5742.080453103767,5893.460946117449,5731.755321450972,0.9544231403863863,0.9725618569216096,0.9378531073446328
2024-05-19 00:00:00,232.0,20.0,295,290,287,10537.375452560378,10483.433453429647,10449.847621933759,10452.179532812017,0.9948808885691147,1.00022315262027,0.9728813559322034
2024-05-19 00:00:00,232.0,30.0,449,444,438,40424.89404566387,41006.76760819633,40289.06535621025,40939.50506434746,1.0143939415617311,1.0161443235872174,0.9755011135857461
2024-05-19 00:00:00,232.0,40.0,586,580,574,27954.596974712338,28106.731583746077,27726.036384472576,28042.04575260383,1.005442203626522,1.0113975673893376,0.9795221843003413
2024-05-19 00:00:00,232.0,50.0,719,705,699,69441.42970459402,71015.01976087567,69166.78214188032,70943.96405581404,1.0226606805616727,1.0256941534490966,0.972183588317107
2024-05-19 00:00:00,232.0,60.0,831,828,822,298026.0129094238,304539.0098480851,297784.83228218503,304469.23944940825,1.021853786772099,1.0224471042262118,0.9891696750902527
2024-05-19 00:00:00,232.0,70.0,952,938,931,177908.80770657354,181497.50754001376,177650.38721614925,181415.0410617553,1.0201715692421427,1.0211913630169889,0.9779411764705882
2024-05-19 00:00:00,232.0,80.0,1046,1039,1023,172706.21029718238,177924.4752613426,172343.2724219204,177744.22604899458,1.03021469207842,1.0313383490470802,0.9780114722753346
2024-05-19 00:00:00,232.0,90.0,1141,1135,1122,216597.47917040536,223060.78327316104,216375.48669275554,222896.7415611791,1.0298401630873586,1.0301386028893535,0.9833479404031551
2024-05-19 00:00:00,232.0,100.0,1247,1235,1223,63748.52770909498,65267.498400480334,63437.510552867185,65126.353494605515,1.0238275415287534,1.026622150318003,0.9807538091419407
2024-05-19 00:00:00,232.0,110.0,1378,1383,1361,77174.68171580724,79380.94401161902,76980.55453290287,79111.75028082343,1.0285879027520484,1.0276848583496452,0.9876632801161103
2024-05-19 00:00:00,232.0,120.0,1453,1457,1431,60653.56766783871,62698.931999496584,60368.92399711759,62377.728964379785,1.0337220778645544,1.033275480731744,0.9848589125946318
2024-05-19 00:00:00,232.0,130.0,1480,1493,1461,90688.12950239601,94032.36234307535,90352.2099981885,93637.82920406766,1.036876191614372,1.0363645693441814,0.9871621621621621
2024-05-19 00:00:00,232.0,140.0,1431,1431,1402,96681.0204267758,101817.21423321808,96302.97834894851,101471.27911400104,1.0531251509734771,1.0536670916482507,0.9797344514325647
2024-05-19 00:00:00,232.0,150.0,1427,1441,1403,154755.06642839315,160152.3190236187,154323.49631913862,159687.44208544865,1.0348760962712837,1.0347578035376899,0.9831814996496145
2024-05-19 00:00:00,232.0,160.0,1450,1468,1424,131632.19606612594,136746.75829693445,131060.87220303087,136191.17978217365,1.038854948740954,1.039144463888469,0.9820689655172414
2024-05-19 00:00:00,232.0,170.0,1401,1431,1370,122505.13754435096,129440.68287379885,121715.96168119114,128640.19583191276,1.0566143222110747,1.056888464381181,0.9778729478943612
2024-05-19 00:00:00,232.0,180.0,1467,1509,1434,109085.84347949196,114518.84345161536,108208.00231266025,113635.12539400795,1.04980481241954,1.0501545446303164,0.9775051124744376
2024-05-19 00:00:00,232.0,190.0,1532,1564,1507,114790.97762687171,121374.95009671267,114386.03790055524,120684.13677097762,1.0573561843095558,1.0550600316788472,0.9836814621409922
2024-05-19 00:00:00,232.0,200.0,1538,1576,1506,123470.15836476993,130131.87178153759,122780.27152993716,129265.50496899796,1.0539540363841347,1.0528198330094058,0.9791937581274383
2024-05-19 00:00:00,232.0,210.0,1597,1612,1567,157078.25623306824,164697.2955495236,156500.9808964563,164135.61849894165,1.0485047357869217,1.0487833210932815,0.9812147777082029
2024-05-19 00:00:00,232.0,220.0,1682,1703,1635,138139.79706659314,145183.18496089085,137318.71680893574,144335.34951806616,1.0509873913518368,1.0510974240961872,0.9720570749108205
2024-05-19 00:00:00,232.0,230.0,1698,1731,1667,219628.8145231621,230280.59140856034,218796.16085481993,229509.15443675406,1.0484989954916635,1.0489633526478677,0.9817432273262662
2024-05-19 00:00:00,232.0,240.0,1748,1756,1708,475632.98760932934,491937.5772461678,474063.6943279884,491366.72504952375,1.034279770456608,1.0364993795740114,0.977116704805492
2024-05-19 00:00:00,232.0,250.0,1833,1841,1788,242378.01721289137,255888.7601041556,241598.0930267941,255242.37007473237,1.0557424433396414,1.0564751024190622,0.9754500818330606
2024-05-19 00:00:00,232.0,260.0,1932,1948,1899,211376.3958507123,223506.59782413716,210709.72768025778,222844.95235242858,1.0573867385930453,1.0575921425449586,0.9829192546583851
2024-05-19 00:00:00,232.0,270.0,1917,1930,1877,245155.58978660495,254973.66636987193,244169.15506477753,254229.95336585044,1.0400483488539385,1.0412042147518747,0.9791340636411059
2024-05-19 00:00:00,232.0,280.0,1934,1943,1870,181821.37590776355,190280.8832297778,180086.5766006645,189386.85151157607,1.0465264729176051,1.0516433544713029,0.9669079627714581
2024-05-19 00:00:00,232.0,290.0,1887,1904,1833,237865.46366734477,248208.28480308017,237194.99088217437,247275.08127882786,1.0434818110047277,1.042497062687385,0.9713831478537361
2024-05-19 00:00:00,232.0,300.0,1836,1810,1748,180224.82407572272,188455.17918697593,178870.93981685815,187709.33739987505,1.0456671557509478,1.049412149296394,0.9520697167755992
2024-05-19 00:00:00,232.0,310.0,1908,1921,1852,225816.9403420047,236184.1367067068,224832.69507504697,235275.57903196133,1.0459097371038717,1.0464473547916535,0.9706498951781971
2024-05-19 00:00:00,232.0,320.0,1880,1893,1831,382567.74377336865,400921.8370991426,381470.749746663,400124.5700721891,1.0479760607748645,1.0488997395944886,0.9739361702127659
2024-05-19 00:00:00,232.0,330.0,1871,1896,1825,1056823.0724482322,1099412.5755968783,1056126.081242918,1098564.8865418704,1.0402995584208654,1.0401834648842376,0.9754142169962586
2024-05-19 00:00:00,232.0,340.0,1904,1908,1849,987180.3680459177,1013964.3763671524,985256.3101300346,1013233.869004263,1.0271318283752466,1.028396223994278,0.9711134453781513
2024-05-19 00:00:00,232.0,350.0,1896,1896,1832,1035559.64887745,1057810.0546726761,1034205.8807835181,1057018.3276017783,1.0214863584336697,1.0220579356993962,0.9662447257383966
2024-05-19 00:00:00,232.0,360.0,2029,2064,1976,1271538.5287869023,1312968.9058392989,1270613.8640198368,1311778.347760178,1.0325828719416963,1.0323973198357126,0.9738787580088714
2024-05-19 00:00:00,232.0,370.0,1911,1925,1848,580856.2530238874,613131.8013246278,579281.0604201911,612121.2491690877,1.0555654658664975,1.0566912868255618,0.967032967032967
2024-05-19 00:00:00,232.0,380.0,1531,1564,1492,257425.59081988336,271054.7377343605,256633.25954379168,270075.05964929366,1.0529440249940545,1.052377467088237,0.9745264532984977
2024-05-19 00:00:00,232.0,390.0,1607,1610,1547,185361.2503477939,194794.25230992504,184108.30820320468,193976.02958472163,1.0508898269969154,1.053597371448472,0.9626633478531424
2024-05-19 00:00:00,232.0,400.0,1483,1506,1442,203322.27085284347,211294.80122520943,202141.28376702737,210251.92696195177,1.0392112990816247,1.0401236355274766,0.9723533378287256
2024-05-19 00:00:00,232.0,410.0,1419,1425,1378,354640.5731520504,365524.5307262252,353953.9465105133,364850.2543654265,1.030690108233917,1.0307845355655316,0.971106412966878
2024-05-19 00:00:00,232.0,420.0,1245,1235,1203,149133.4423550604,155373.2187660015,148046.80915210838,154957.33969124398,1.0418402225041201,1.0466780106826583,0.9662650602409638
2024-05-19 00:00:00,232.0,430.0,1122,1135,1087,156441.589842661,161919.1233764195,155692.87987430475,161324.9896728139,1.035013282204991,1.036174485326857,0.9688057040998217
2024-05-19 00:00:00,232.0,440.0,1092,1109,1059,182133.76605450676,188447.80984867841,181543.6321202658,187821.1509049555,1.0346670687756057,1.0345785677601242,0.9697802197802198
2024-05-19 00:00:00,232.0,450.0,1081,1083,1049,140495.68419767157,147754.76909010654,139594.21403145854,147082.32878545657,1.0516676717430105,1.053642013789415,0.9703977798334875
2024-05-19 00:00:00,232.0,460.0,1072,1070,1048,111544.4854752946,118886.7869501963,111101.11588432499,118597.79336287625,1.0658239754624885,1.0674761672633115,0.9776119402985075
2024-05-19 00:00:00,232.0,470.0,1013,1025,996,104588.21004087286,111277.49786632921,104186.3978548041,110929.30355542935,1.0639583354839155,1.0647196355710682,0.983218163869694
2024-05-19 00:00:00,232.0,480.0,904,913,891,113161.21610882883,121579.2779946854,112871.79840163625,121285.45375368258,1.0743899913355544,1.074541696607931,0.9856194690265486
2024-05-19 00:00:00,232.0,490.0,892,901,883,253862.65897602457,268176.5032037227,252320.5651273869,267963.66498069593,1.0563842050872474,1.0619969277788017,0.9899103139013453
2024-05-19 08:00:00,240.0,0.0,38,50,37,890.1724799546937,1205.3443694913244,878.3765902015716,1045.8229471575976,1.3540571031275555,1.1906316252321798,0.9736842105263158
2024-05-19 08:00:00,240.0,10.0,80,109,79,2395.7678164928657,3173.7697740390486,2385.630162361908,2828.8843287586474,1.3247401322408154,1.1858017111746664,0.9875
2024-05-19 08:00:00,240.0,20.0,152,202,150,4699.477018576888,6347.410756245776,4678.158430617272,5719.748051895758,1.3506632187272447,1.2226494969605062,0.9868421052631579
2024-05-19 08:00:00,240.0,30.0,274,355,271,24041.752183177436,28568.798197809447,24011.016693259844,27566.346218291957,1.1882993377579063,1.1480707614530181,0.9890510948905109
2024-05-19 08:00:00,240.0,40.0,392,467,380,14262.356546307554,18467.943901478124,14097.743872675152,17427.31131825832,1.2948732449308578,1.236177325652559,0.9693877551020408
2024-05-19 08:00:00,240.0,50.0,472,573,464,46410.965209675516,54302.02278438029,46319.10375113388,52967.98285744838,1.1700257156698757,1.1435450725048137,0.9830508474576272
2024-05-19 08:00:00,240.0,60.0,594,682,586,217940.2864549565,236523.5804469814,217764.30417977658,235379.95008417693,1.0852678240186935,1.0808931747136008,0.9865319865319865
2024-05-19 08:00:00,240.0,70.0,697,786,685,117880.71098093808,131819.95988198434,117729.04465511323,130584.92431031761,1.1182487684800297,1.1091988786018405,0.9827833572453372
2024-05-19 08:00:00,240.0,80.0,755,872,745,114937.09536466727,131017.34490033776,114623.56010598221,129429.45518792518,1.1399047843052914,1.1291697367299818,0.9867549668874173
2024-05-19 08:00:00,240.0,90.0,819,970,814,153299.72009362426,171514.6290429602,153242.85321875784,169619.42086621735,1.1188189315558543,1.1068667628113238,0.9938949938949939
2024-05-19 08:00:00,240.0,100.0,931,1094,924,32832.533086447205,42930.98137039303,32736.17792413648,40809.47161665767,1.3075744493230805,1.246616868689754,0.9924812030075187
2024-05-19 08:00:00,240.0,110.0,993,1181,985,40118.07491467189,51266.01589881195,40009.36236673276,48850.32127874206,1.2778782632978,1.2209722522186566,0.9919436052366566
2024-05-19 08:00:00,240.0,120.0,1067,1270,1057,28884.54487896696,39158.93977449556,28746.8024071251,36471.85927917283,1.3557056183014387,1.268727518373766,0.9906279287722587
2024-05-19 08:00:00,240.0,130.0,1138,1322,1132,48981.2765318696,62567.15782957437,48906.11300586047,60113.99159288829,1.277368869487612,1.2291713223188432,0.9947275922671354
2024-05-19 08:00:00,240.0,140.0,1079,1264,1073,53402.22227010089,67330.81450103657,53293.05401284348,64909.24282704483,1.2608242061629351,1.2179681579404678,0.9944392956441149
2024-05-19 08:00:00,240.0,150.0,1122,1280,1113,97260.15193695755,114408.62546656928,97114.15177763771,112237.72872752292,1.1763155124487887,1.155729897991733,0.9919786096256684
2024-05-19 08:00:00,240.0,160.0,1104,1295,1095,79740.44982600308,96138.65677320924,79605.88968382485,93624.93394510794,1.2056447760576685,1.1761056162673806,0.9918478260869565
2024-05-19 08:00:00,240.0,170.0,1081,1254,1075,72124.37455084427,88446.97579488537,72030.58176105797,86169.54090293148,1.2263118584485533,1.1962910585503208,0.9944495837187789
2024-05-19 08:00:00,240.0,180.0,1193,1338,1181,61196.38639900935,77116.60010841092,60927.17436485654,75051.04141363631,1.2601495716691415,1.2318155600684901,0.9899413243922883
2024-05-19 08:00:00,240.0,190.0,1262,1404,1255,64860.211044028154,82318.19670276892,64716.49007347269,80350.73721778607,1.2691632570681894,1.2415805790234267,0.9944532488114105
2024-05-19 08:00:00,240.0,200.0,1243,1392,1235,72873.13914429472,90639.63204942626,72720.10279355348,88627.3029367081,1.2438002961551093,1.2187455673476408,0.9935639581657281
2024-05-19 08:00:00,240.0,210.0,1338,1440,1326,92649.85022852398,114555.14050770231,92367.55141588826,113054.66678696174,1.2364309302729384,1.223965180996614,0.9910313901345291
2024-05-19 08:00:00,240.0,220.0,1404,1521,1389,79951.03399762133,99659.73782104313,79674.39171039086,97927.44008552707,1.2465096802126183,1.2290955473056433,0.9893162393162394
2024-05-19 08:00:00,240.0,230.0,1444,1548,1432,140173.17704344814,168100.0017451529,139893.43960360298,165848.59168345557,1.1992308749130267,1.1855351627166948,0.9916897506925207
2024-05-19 08:00:00,240.0,240.0,1484,1592,1463,328787.69382259273,369843.405391211,327933.8925445224,368269.7206266033,1.1248699764011578,1.1229998758868898,0.9858490566037735
2024-05-19 08:00:00,240.0,250.0,1588,1692,1568,156655.30964397802,187353.92025664152,156271.11959050057,185687.22888943352,1.1959627840411573,1.1882376562989767,0.9874055415617129
2024-05-19 08:00:00,240.0,260.0,1680,1778,1665,129371.48537531047,156784.4701142014,129009.85481931976,155223.8202566214,1.211893561083921,1.203193511643081,0.9910714285714286
2024-05-19 08:00:00,240.0,270.0,1604,1702,1587,153889.28729506466,181693.45874054154,153465.19347869183,180265.99135305494,1.1806764586034222,1.174637631288585,0.9894014962593516
2024-05-19 08:00:00,240.0,280.0,1575,1679,1559,108571.12662186637,134303.66133951594,108067.12813937926,132796.28204235405,1.2370108473431554,1.2288314155168485,0.9898412698412699
2024-05-19 08:00:00,240.0,290.0,1487,1633,1475,148593.1594424483,178405.3321585295,148430.6316137318,176349.74999584103,1.2006295096486441,1.1880953956644509,0.991930060524546
2024-05-19 08:00:00,240.0,300.0,1454,1565,1438,107289.39393621527,133387.78563211585,107018.47140075453,131808.87664084532,1.2432522986514059,1.231646041245138,0.9889958734525447
2024-05-19 08:00:00,240.0,310.0,1491,1630,1479,138407.86023371035,168125.4577366846,138241.6400074813,166130.09374986755,1.2147103311386667,1.2017370000882295,0.9919517102615694
2024-05-19 08:00:00,240.0,320.0,1509,1632,1490,253554.348953521,298807.7037402099,253033.35578311444,296951.89524047356,1.1784759558392914,1.1735681816392758,0.9874088800530152
2024-05-19 08:00:00,240.0,330.0,1509,1620,1491,760092.4387403058,851563.1271602846,758916.194686159,849735.1337564171,1.1203415318425904,1.119669259539013,0.9880715705765407
2024-05-19 08:00:00,240.0,340.0,1575,1678,1554,742405.8850524514,808833.9999871426,741444.4952902193,807209.021683713,1.0894768162162374,1.0886978415933235,0.9866666666666667
2024-05-19 08:00:00,240.0,350.0,1561,1663,1547,759545.9802854039,827979.084887788,759258.685701193,826341.2398207617,1.0900973823555355,1.0883526989982557,0.9910313901345291
2024-05-19 08:00:00,240.0,360.0,1708,1838,1690,951996.9406037189,1048484.4409074027,951556.5576385817,1046448.7593680893,1.101352741997779,1.099723133604371,0.9894613583138173
2024-05-19 08:00:00,240.0,370.0,1562,1678,1536,403697.11867062096,473106.9527832055,403173.5816994064,470952.40234421217,1.1719354211423452,1.1681132487875645,0.9833546734955185
2024-05-19 08:00:00,240.0,380.0,1295,1371,1281,165353.49258431367,198899.23533205272,164886.15131675216,197586.4506285605,1.2028729011008588,1.1983204717356153,0.9891891891891892
2024-05-19 08:00:00,240.0,390.0,1313,1427,1302,111597.41598677478,137581.03298091565,111379.97123809964,135766.78795260086,1.2328335003493285,1.2189515443702974,0.9916222391469917
2024-05-19 08:00:00,240.0,400.0,1229,1319,1210,125506.87677728696,151409.5852309814,125199.26350692756,149584.94116736657,1.2063847744347829,1.194774929000199,0.9845402766476811
2024-05-19 08:00:00,240.0,410.0,1201,1269,1186,239581.11239525874,273740.5674976893,239325.5571414953,272442.3417469366,1.1425799169263167,1.1383754622823747,0.9875104079933389
2024-05-19 08:00:00,240.0,420.0,1060,1126,1048,89656.78469961064,110581.57691989816,89262.77765933199,109369.2138512875,1.2333877161711153,1.225249949858058,0.9886792452830189
2024-05-19 08:00:00,240.0,430.0,948,986,930,94392.79233490404,114195.96871253852,93919.3357853035,113417.83232421555,1.2097954291612982,1.2076089697172152,0.9810126582278481
2024-05-19 08:00:00,240.0,440.0,928,992,923,108932.66214562587,131244.23614712304,108770.11453421363,130337.86746474927,1.204819872773054,1.1982874893797368,0.9946120689655172
2024-05-19 08:00:00,240.0,450.0,936,985,927,83016.24056770197,102370.76687890488,82625.46183608999,101400.10335008202,1.2331414453226026,1.2272258586734028,0.9903846153846154
2024-05-19 08:00:00,240.0,460.0,920,964,911,61553.63672148903,78791.49540355112,61429.6148719273,78134.93382370968,1.2800461451214982,1.2719424334111615,0.9902173913043478
2024-05-19 08:00:00,240.0,470.0,886,929,880,56938.34760425828,73444.4100265262,56858.06469773973,72709.55187305639,1.2898935974923422,1.278790480463659,0.9932279909706546
2024-05-19 08:00:00,240.0,480.0,805,843,799,65470.011106865466,83415.01953553918,65331.84751950598,82787.8488587949,1.2740950875872377,1.2671897704113926,0.9925465838509316
2024-05-19 08:00:00,240.0,490.0,775,825,772,169469.22015548873,196330.0645436957,169382.64401320316,195593.62240193842,1.158499840641044,1.154744180204745,0.9961290322580645
2024-05-19 16:00:00,248.0,0.0,61,57,57,1805.88534229996,1884.5146682757338,1763.4328981885408,1884.5146682757338,1.0435405970323852,1.0686625332960344,0.9344262295081968
2024-05-19 16:00:00,248.0,10.0,179,174,171,5281.472359617614,5332.485747027983,5123.486328587411,5299.213974775628,1.009658932952186,1.0342984512728595,0.9553072625698324
2024-05-19 16:00:00,248.0,20.0,293,298,288,9222.898826329983,10023.347951076132,9169.204132539242,9901.706454552474,1.0867893207785155,1.0798872302792084,0.9829351535836177
2024-05-19 16:00:00,248.0,30.0,449,455,446,33959.53279050409,36062.55486841312,33927.76465328937,35950.39762273754,1.0619272971416465,1.0596158629994525,0.9933184855233853
2024-05-19 16:00:00,248.0,40.0,589,593,586,23959.804100034795,26037.709720093553,23887.226770594003,25951.91308935852,1.0867246498086243,1.08643474349673,0.9949066213921901
2024-05-19 16:00:00,248.0,50.0,721,719,714,56806.77379491173,61608.48666143997,56716.80767103704,61546.34113051115,1.0845271179078706,1.0851517152990322,0.9902912621359223
2024-05-19 16:00:00,248.0,60.0,836,838,833,237525.90446923234,235470.03587205967,237488.22753910598,235400.98495566935,0.9913446552207994,0.9912111745282493,0.9964114832535885
2024-05-19 16:00:00,248.0,70.0,961,955,948,144940.10900344455,145096.72718614954,144795.40187470915,145017.90962626936,1.001080571718773,1.0015367045408856,0.9864724245577523
2024-05-19 16:00:00,248.0,80.0,1055,1054,1034,139110.46447095284,146863.17161912698,138661.84098524868,146638.7505507953,1.0557305820065963,1.0575277921370971,0.9800947867298578
2024-05-19 16:00:00,248.0,90.0,1139,1134,1118,170133.81589733815,179099.85705912847,169638.70103428364,178902.09011213155,1.052699935721189,1.0546065786955996,0.9815627743634767
2024-05-19 16:00:00,248.0,100.0,1253,1261,1245,55795.52480103751,60144.52334666512,55703.89846354557,59965.09500024757,1.0779452933032856,1.0764972767478862,0.9936153232242618
2024-05-19 16:00:00,248.0,110.0,1392,1396,1375,66854.94496872704,70945.36135597216,66651.77949727757,70699.0683585983,1.061183453058835,1.0607228927996746,0.9877873563218391
2024-05-19 16:00:00,248.0,120.0,1462,1480,1447,53831.717993751416,58133.10004680883,53654.3321659334,57725.5389768154,1.079904231433905,1.0758784360280775,0.9897400820793434
2024-05-19 16:00:00,248.0,130.0,1484,1519,1476,77074.08077514637,82306.5662101892,76984.97673419921,81794.3147482081,1.0678890410682667,1.062471123822168,0.9946091644204852
2024-05-19 16:00:00,248.0,140.0,1418,1453,1400,82731.73982206339,87238.15952105298,82498.52453867355,86577.33634061704,1.0544702638755312,1.0494410272759658,0.9873060648801129
2024-05-19 16:00:00,248.0,150.0,1412,1466,1401,128012.4868969032,136216.0232847168,127728.8747120562,135410.10348959494,1.0640838763988738,1.0601369799495597,0.9922096317280453
2024-05-19 16:00:00,248.0,160.0,1435,1487,1414,108848.63421556179,117127.26074793657,108473.4425336732,116219.15679049707,1.0760563197878987,1.0714065496208383,0.9853658536585366
2024-05-19 16:00:00,248.0,170.0,1400,1460,1379,102108.16434284614,107501.67766244247,101675.88430568104,106495.43163522327,1.0528215677395458,1.0474010859355067,0.985
2024-05-19 16:00:00,248.0,180.0,1459,1537,1437,91930.71308898466,101315.5019483213,91541.61334238548,100084.08239196143,1.102085457014269,1.0933178773857226,0.9849211788896505
2024-05-19 16:00:00,248.0,190.0,1519,1599,1503,96731.46870051364,106518.83231650735,96506.26392693439,105333.97307901422,1.1011807610023576,1.0914729137039576,0.989466754443713
2024-05-19 16:00:00,248.0,200.0,1531,1611,1511,104311.5328185134,113697.02305089748,103845.80033259722,112437.36204853286,1.089975575842735,1.0827338389074819,0.9869366427171783
2024-05-19 16:00:00,248.0,210.0,1589,1630,1564,131627.75562316546,144118.61721024255,130700.4039695812,143238.2313677633,1.094895347322011,1.0959279927023036,0.9842668344870988
2024-05-19 16:00:00,248.0,220.0,1667,1710,1639,116451.35704634072,128030.59225816386,115969.13611643424,127152.37989299826,1.0994340942477405,1.0964329316494685,0.9832033593281344
2024-05-19 16:00:00,248.0,230.0,1694,1755,1664,180990.35592809482,194104.99058392475,180231.24446241852,193016.06082786096,1.0724604059071534,1.070935627191479,0.9822904368358913
2024-05-19 16:00:00,248.0,240.0,1739,1793,1714,379225.9651677492,401623.1218218376,378649.9609931513,400674.97391326743,1.059060187622388,1.0581672129645736,0.9856239217941346
2024-05-19 16:00:00,248.0,250.0,1830,1869,1802,201495.48289874627,218803.21844907117,201040.3026958804,217943.0792505535,1.0858963948041567,1.0840765574266094,0.9846994535519126
2024-05-19 16:00:00,248.0,260.0,1917,1953,1887,173081.26759991923,188419.68891909096,172549.57703599014,187565.02235374151,1.0886197653383658,1.0870210496929789,0.9843505477308294
2024-05-19 16:00:00,248.0,270.0,1917,1935,1878,200847.57878874533,213592.09833408234,200215.10647354226,212923.67437849124,1.0634536877277565,1.0634745705695707,0.9796557120500783
2024-05-19 16:00:00,248.0,280.0,1910,1954,1858,150734.2139378316,164161.6108716383,149850.98024295637,162902.2871084796,1.0890799545970673,1.0870952385120396,0.9727748691099476
2024-05-19 16:00:00,248.0,290.0,1881,1933,1832,196777.51954693557,212139.66900908813,196142.31474250474,210886.45035736938,1.07806862032575,1.0751706006642203,0.9739500265816056
2024-05-19 16:00:00,248.0,300.0,1825,1879,1778,149960.54045743262,163562.0678039116,149246.56984557342,162372.35336621752,1.0907007090331198,1.0879469694628523,0.9742465753424657
2024-05-19 16:00:00,248.0,310.0,1914,1949,1855,187773.86886820826,203154.5055962578,186979.64057550541,201994.34866255213,1.0819104214061046,1.0803012993330872,0.9691745036572623
2024-05-19 16:00:00,248.0,320.0,1863,1884,1814,315551.6153948015,337500.64425395045,314823.8322949632,336663.153090426,1.0695576501222708,1.0693699731569282,0.9736983360171766
2024-05-19 16:00:00,248.0,330.0,1880,1888,1812,854186.8720861673,893364.3346121575,853116.7378708986,892459.8709132931,1.0458652126440526,1.0461169395651317,0.9638297872340426
2024-05-19 16:00:00,248.0,340.0,1908,1947,1850,796083.4778809487,816379.442941484,794674.5790724866,815175.0832049928,1.0254947698632813,1.025797357399344,0.9696016771488469
2024-05-19 16:00:00,248.0,350.0,1873,1919,1822,852269.0611959092,869676.2129586523,851322.3649680361,868440.8011073847,1.0204244792581316,1.0201080540624483,0.9727709556860651
2024-05-19 16:00:00,248.0,360.0,2020,2065,1964,1024771.7109006833,1051511.0369877769,1023816.0426948022,1050256.7215191761,1.0260929588538232,1.0258256148778242,0.9722772277227723
2024-05-19 16:00:00,248.0,370.0,1891,1933,1844,473125.71552266687,504311.89990435855,472097.0169649934,502944.0828664573,1.06591521736932,1.0653405228013784,0.9751454257006875
2024-05-19 16:00:00,248.0,380.0,1500,1537,1463,212578.20805700577,228875.6072392048,211763.33075773454,227877.58883229355,1.0766654274262613,1.0760956017120562,0.9753333333333334
2024-05-19 16:00:00,248.0,390.0,1564,1593,1516,157431.07202093574,168295.8639091199,156662.7609018305,167039.87051464737,1.0690130083516125,1.0662385212227905,0.969309462915601
2024-05-19 16:00:00,248.0,400.0,1472,1492,1423,173498.4297926731,183585.74563813134,172525.10839764384,182568.97819270042,1.0581406751491202,1.0582168583363936,0.9667119565217391
2024-05-19 16:00:00,248.0,410.0,1400,1423,1369,291087.20103182003,306674.5296691179,290609.29774154094,305881.52772934356,1.053548656835633,1.0525524479309167,0.9778571428571429
2024-05-19 16:00:00,248.0,420.0,1233,1245,1198,127074.08167606712,136462.71881495276,126207.96276905344,135772.40610412584,1.0738831791271082,1.07578320040372,0.9716139497161395
2024-05-19 16:00:00,248.0,430.0,1110,1129,1075,135565.73337608378,144624.02048594673,134831.26806318702,143936.61696817836,1.0668184126200508,1.0675314341827908,0.9684684684684685
2024-05-19 16:00:00,248.0,440.0,1084,1110,1061,155418.20961789016,166133.12473890968,154949.68570273402,165530.6888126614,1.0689424691441443,1.0682867026282756,0.9787822878228782
2024-05-19 16:00:00,248.0,450.0,1084,1105,1060,121773.28458683952,130034.81984083424,121181.18534999738,129340.80818568982,1.0678435773661277,1.067334073454767,0.977859778597786
2024-05-19 16:00:00,248.0,460.0,1066,1087,1055,97817.51346625485,107456.1621201215,97623.55524017665,107065.4851473636,1.0985370442604003,1.0967177428025194,0.9896810506566605
2024-05-19 16:00:00,248.0,470.0,1003,1017,983,91738.6300573983,101278.26326980491,91422.57250013993,100800.18721338449,1.1039870903504656,1.1025743911683321,0.9800598205383848
2024-05-19 16:00:00,248.0,480.0,909,919,893,98061.42564616489,108139.11737255067,97639.11598317578,107850.93564757005,1.1027691741169368,1.104587383463753,0.9823982398239824
2024-05-19 16:00:00,248.0,490.0,887,902,877,211016.2125942208,225979.00919672177,210853.31494202575,225661.89240061166,1.0709082795987532,1.0702316558914786,0.9887260428410372
2024-05-20 00:00:00,256.0,0.0,61,58,58,2094.247095943555,2117.244576056186,2033.1116555150188,2117.244576056186,1.0109812639383269,1.0413813576411055,0.9508196721311475
2024-05-20 00:00:00,256.0,10.0,179,168,166,6261.357686661951,6172.337081762268,6105.291692663297,6149.504490606879,0.9857825396096893,1.0072417175409838,0.9273743016759777
2024-05-20 00:00:00,256.0,20.0,295,298,289,10912.077214503359,11331.202518060865,10843.086745915836,11225.347709107622,1.0384093051504844,1.0352538877673156,0.9796610169491525
2024-05-20 00:00:00,256.0,30.0,450,447,441,42523.187391887564,43003.94146053522,42421.40023033607,42935.2047486566,1.0113056922148638,1.0121119179360116,0.98
2024-05-20 00:00:00,256.0,40.0,588,588,583,28756.20973087105,29588.411302604647,28635.22367376996,29523.47995552302,1.028939890879993,1.0310197081703507,0.9914965986394558
2024-05-20 00:00:00,256.0,50.0,720,703,700,68666.87872186396,73057.76820263873,68390.31030566103,73020.23575327381,1.0639447949652718,1.0676985588589958,0.9722222222222222
2024-05-20 00:00:00,256.0,60.0,837,828,824,311575.4448790933,300340.1195507714,311413.8890150842,300295.61449394753,0.963940273494011,0.9642974352996886,0.984468339307049
2024-05-20 00:00:00,256.0,70.0,958,938,930,181107.31042557044,174734.20316437312,180760.93973163975,174634.90344867745,0.9648103257332814,0.9661097342597516,0.9707724425887265
2024-05-20 00:00:00,256.0,80.0,1053,1029,1023,179305.3690012237,183236.3022790569,178664.95150706725,183166.96135714665,1.0219231208732313,1.0251980582207323,0.9715099715099715
2024-05-20 00:00:00,256.0,90.0,1142,1132,1118,219848.45355466555,226824.8047745563,219495.00772068213,226655.25981078309,1.0317325462476181,1.0326214803901723,0.978984238178634
2024-05-20 00:00:00,256.0,100.0,1251,1247,1231,65476.09434907475,66599.77635109687,65184.653139397065,66411.1515892439,1.0171617139536666,1.018815754794675,0.9840127897681854
2024-05-20 00:00:00,256.0,110.0,1387,1383,1364,80985.3531449165,80649.31791563281,80663.41318823281,80420.99635392473,0.9958506666176736,0.9969947114221117,0.9834174477289113
2024-05-20 00:00:00,256.0,120.0,1457,1463,1434,62623.699472042186,63883.913426282495,62316.1695795746,63513.5320619837,1.0201235948189697,1.019214314526828,0.9842141386410432
2024-05-20 00:00:00,256.0,130.0,1478,1512,1470,93283.99695754153,93334.86469913968,93193.0270621264,92786.05840476966,1.0005452997647744,0.9956330567834711,0.9945872801082544
2024-05-20 00:00:00,256.0,140.0,1440,1446,1412,100675.09639204129,100077.01406024987,100218.81550355755,99669.6567413085,0.9940592822532555,0.9945204025861835,0.9805555555555555
2024-05-20 00:00:00,256.0,150.0,1431,1470,1415,160254.92048729758,163064.27987729182,159907.93254998402,162370.64106956602,1.0175305655604934,1.0154007901941462,0.9888190076869322
2024-05-20 00:00:00,256.0,160.0,1451,1482,1421,135309.567740709,139072.56724226664,134582.1114969108,138314.2051194064,1.0278102987422781,1.0277309783669226,0.9793246037215714
2024-05-20 00:00:00,256.0,170.0,1418,1472,1387,125845.61840865223,124654.38818757661,125061.86803810921,123601.58441423214,0.9905341939104515,0.9883235102211004,0.9781382228490832
2024-05-20 00:00:00,256.0,180.0,1482,1536,1452,111705.9052651208,115603.12197370811,110901.62314687879,114530.67029674552,1.0348881887608155,1.032723120247396,0.979757085020243
2024-05-20 00:00:00,256.0,190.0,1539,1594,1520,118949.99672742056,122993.23627060285,118586.37871593478,122026.03113901478,1.0339910857874806,1.0290054596516471,0.9876543209876543
2024-05-20 00:00:00,256.0,200.0,1543,1599,1516,126853.06927866103,131512.96390755873,126399.10073873989,130331.51382276791,1.0367345832102903,1.03111108434352,0.9825016202203499
2024-05-20 00:00:00,256.0,210.0,1604,1626,1571,162498.33969903702,169928.0369801671,161866.466845559,169259.02029742068,1.0457216811869623,1.0456706913786848,0.979426433915212
2024-05-20 00:00:00,256.0,220.0,1683,1707,1644,143172.95077166072,149749.56563573104,142376.43422031886,148964.84078504654,1.0459347581273157,1.0462745580110016,0.9768270944741533
2024-05-20 00:00:00,256.0,230.0,1709,1766,1675,223823.17104517116,232412.99572619697,222610.23173177819,231304.44111103742,1.0383777275646418,1.0390557491972554,0.9801053247513165
2024-05-20 00:00:00,256.0,240.0,1752,1790,1714,490172.1120817363,506802.6359662522,488544.7143917142,505835.4180703437,1.0339279275067015,1.0353922643501692,0.978310502283105
2024-05-20 00:00:00,256.0,250.0,1837,1851,1793,249347.43768263896,262420.0639201539,248565.9140164251,261596.13044323202,1.0524273534109996,1.0524215738846072,0.9760479041916168
2024-05-20 00:00:00,256.0,260.0,1937,1955,1893,215867.5997094976,226541.19573490106,214899.55879444687,225698.73817633832,1.0494451044981619,1.050252217559092,0.977284460505937
2024-05-20 00:00:00,256.0,270.0,1920,1927,1879,250745.54650590202,257081.02782259235,250098.70031159892,256486.8190961755,1.0252665756380293,1.0255423909705152,0.9786458333333333
2024-05-20 00:00:00,256.0,280.0,1946,1945,1881,184068.51715488068,192761.76047317605,182478.25092004208,191906.08481182234,1.0472283009211218,1.0516655209278136,0.9665981500513875
2024-05-20 00:00:00,256.0,290.0,1906,1923,1835,245625.73042633425,256173.8578969262,244754.3554740957,255067.7794285834,1.0429439027103695,1.042137856687005,0.9627492130115425
2024-05-20 00:00:00,256.0,300.0,1845,1851,1783,185230.0465024254,194558.9706883423,184331.98840927763,193739.59602085466,1.0503639898713448,1.0510362183621056,0.9663956639566396
2024-05-20 00:00:00,256.0,310.0,1923,1910,1853,231906.91472926812,242048.05788555683,230760.1392087104,241295.2653334412,1.0437293694676057,1.0456540118274167,0.9635985439417577
2024-05-20 00:00:00,256.0,320.0,1883,1881,1817,390883.9422957177,404772.0482596983,389574.7711877281,403949.09735766833,1.035529998706045,1.0368974770263384,0.9649495485926712
2024-05-20 00:00:00,256.0,330.0,1881,1887,1820,1069992.23315433,1100013.7354354956,1068117.3408293054,1099107.4842990849,1.0280576824307055,1.0290138005303033,0.9675704412546517
2024-05-20 00:00:00,256.0,340.0,1923,1931,1860,1009697.5430066192,1026033.25854548,1008645.6104115827,1025159.0198010688,1.0161788207290445,1.0163718646262165,0.9672386895475819
2024-05-20 00:00:00,256.0,350.0,1906,1899,1841,1120414.7399181034,1141430.813938008,1119206.793347404,1140622.589117202,1.0187574058704731,1.0191347978738996,0.965897166841553
2024-05-20 00:00:00,256.0,360.0,2035,2060,1979,1280359.4708697563,1301771.7218264197,1279319.3238344328,1300662.3312239046,1.0167236244537778,1.0166830962308158,0.9724815724815725
2024-05-20 00:00:00,256.0,370.0,1926,1932,1858,580553.605904988,603891.8338132101,579016.3533793659,603022.299773759,1.0401999534079918,1.0414598763131386,0.9646936656282451
2024-05-20 00:00:00,256.0,380.0,1531,1550,1488,262230.0929209828,274210.4300172508,261407.6528451661,273401.69320817885,1.0456863549214317,1.0458825142740442,0.9719137818419333
2024-05-20 00:00:00,256.0,390.0,1607,1613,1547,191459.46382269223,198254.5759554762,190318.27524558958,197212.3731787369,1.035491126931583,1.0362240458739502,0.9626633478531424
2024-05-20 00:00:00,256.0,400.0,1498,1497,1441,210055.9656921564,215426.29890761233,208715.70284140715,214300.24434031875,1.0255662018346403,1.0267566906700596,0.9619492656875834
2024-05-20 00:00:00,256.0,410.0,1427,1409,1376,366548.855573556,377416.5617415784,365679.2294306017,376961.8905945119,1.029648724863749,1.0308539841912223,0.964260686755431
2024-05-20 00:00:00,256.0,420.0,1244,1249,1208,153187.77205154224,160255.83759334194,152242.80873094074,159643.5260006559,1.0461398807955868,1.0486112764957882,0.9710610932475884
2024-05-20 00:00:00,256.0,430.0,1133,1143,1094,162188.93567803665,167224.3312613211,161420.2883259316,166616.1124840809,1.0310464802190962,1.0321881729492277,0.9655781112091791
2024-05-20 00:00:00,256.0,440.0,1096,1112,1068,187771.42056934384,195807.87230756914,187350.1307460168,195252.5418392211,1.0427991209410776,1.0421799070101387,0.9744525547445255
2024-05-20 00:00:00,256.0,450.0,1088,1089,1048,145573.96778477385,150828.6221378,144429.08148063184,150053.85647578357,1.0360961127390234,1.038944892105445,0.9632352941176471
2024-05-20 00:00:00,256.0,460.0,1072,1062,1037,114679.33519891882,121977.30180921993,114055.55308059705,121648.16144328113,1.0636380268305734,1.0665693879658695,0.9673507462686567
2024-05-20 00:00:00,256.0,470.0,1018,1020,996,108527.35133622901,115670.93286067151,108131.6723274268,115335.30162973522,1.0658228680280877,1.0666190501566974,0.9783889980353635
2024-05-20 00:00:00,256.0,480.0,910,913,897,116003.48478478735,124140.49351179134,115696.37669565369,123951.57627950952,1.0701445197280064,1.0713522741128847,0.9857142857142858
2024-05-20 00:00:00,256.0,490.0,898,912,888,261560.9004119497,274414.82444104063,261379.65759263837,274109.8508063592,1.0491431403120515,1.0487038407310216,0.9888641425389755
2024-05-20 08:00:00,264.0,0.0,41,41,38,905.2613885669039,1101.6078277081788,869.0799501974316,1067.6938451068515,1.2168947462258453,1.2285335139353983,0.926829268292683
2024-05-20 08:00:00,264.0,10.0,85,102,83,2484.9659605259963,3172.845172364073,2459.0779444244736,2954.2704746488785,1.2768163519199565,1.2013732551044862,0.9764705882352941
2024-05-20 08:00:00,264.0,20.0,162,189,152,4914.768173089577,6226.37681814956,4805.441958157342,5798.5290693526185,1.2668709080199532,1.206658850495424,0.9382716049382716
2024-05-20 08:00:00,264.0,30.0,272,334,269,24492.322610017793,28322.235514374283,24460.260070408134,27552.740937902265,1.1563719768573515,1.1264287811573759,0.9889705882352942
2024-05-20 08:00:00,264.0,40.0,391,463,387,14460.541812041956,18128.518220487087,14407.659438400697,17241.81889155278,1.2536541476883416,1.1967119965091766,0.989769820971867
2024-05-20 08:00:00,264.0,50.0,463,550,451,46895.302527573935,52517.10903258454,46718.5831426786,51309.83094022387,1.1198799496325895,1.098274551339102,0.9740820734341252
2024-05-20 08:00:00,264.0,60.0,590,686,582,221290.7408084443,230646.31390187785,221197.2954164922,229427.20308109466,1.042277291219934,1.0372061857678068,0.9864406779661017
2024-05-20 08:00:00,264.0,70.0,696,784,686,119724.9416876943,129499.71689674055,119615.43391527707,128321.18152565337,1.0816435996648386,1.0727811397360523,0.985632183908046
2024-05-20 08:00:00,264.0,80.0,758,834,738,116948.2836551709,132296.35450570274,116612.32586605418,131147.1035226705,1.1312381026111213,1.1246418639596607,0.9736147757255936
2024-05-20 08:00:00,264.0,90.0,815,941,804,156307.89560184022,174008.96685876028,156080.67626545747,172299.2308389723,1.1132448952035643,1.103911355086204,0.9865030674846625
2024-05-20 08:00:00,264.0,100.0,929,1075,924,33226.582439006146,42171.042162919985,33137.6504638418,40314.40942566301,1.2691958988058172,1.2165741644734935,0.9946178686759957
2024-05-20 08:00:00,264.0,110.0,998,1130,974,40915.13015425074,50077.5552821279,40645.49093437011,48236.58942296785,1.2239373330436603,1.1867636068378413,0.9759519038076152
2024-05-20 08:00:00,264.0,120.0,1051,1247,1030,28933.35504643601,37748.947024717774,28695.223502462755,35067.2506362956,1.3046861300437975,1.2220588082642383,0.9800190294957184
2024-05-20 08:00:00,264.0,130.0,1135,1300,1118,49504.347183021775,59868.49900836892,49206.21386611351,57591.37810049565,1.2093584183027402,1.1704086450788014,0.9850220264317181
2024-05-20 08:00:00,264.0,140.0,1092,1219,1065,54439.85510349975,65831.15356384448,53937.092832810915,63995.10282217319,1.2092455690539194,1.1864766797969468,0.9752747252747253
2024-05-20 08:00:00,264.0,150.0,1120,1266,1101,98792.23029733957,113615.07752150063,98518.62323937724,111548.38253253693,1.1500406173597666,1.1322568146481342,0.9830357142857142
2024-05-20 08:00:00,264.0,160.0,1093,1266,1078,80626.52783319147,95642.31466858683,80395.85573954612,93197.14135619497,1.1862387881375913,1.1592281778568343,0.9862763037511436
2024-05-20 08:00:00,264.0,170.0,1085,1221,1074,72982.7765306786,86271.26930640773,72728.92502155055,84365.02830302031,1.182077106509414,1.1599927852367107,0.9898617511520738
2024-05-20 08:00:00,264.0,180.0,1198,1333,1184,61278.542046179195,74869.94743564923,60821.05612320003,73003.81115280208,1.2217971403305845,1.2003048912028835,0.988313856427379
2024-05-20 08:00:00,264.0,190.0,1266,1386,1252,65519.61401132145,80297.63927073164,65310.85092392437,78516.88157821252,1.2255511648291553,1.2022027039529901,0.9889415481832543
2024-05-20 08:00:00,264.0,200.0,1241,1365,1228,73480.53164759206,89245.83850009603,73243.27505945021,87518.44763148556,1.2145508000420218,1.194900795471645,0.9895245769540693
2024-05-20 08:00:00,264.0,210.0,1338,1434,1323,94388.84404979092,115374.35508363016,94159.37488802032,113965.97049707579,1.2223304167468054,1.2103518171463075,0.9887892376681614
2024-05-20 08:00:00,264.0,220.0,1398,1504,1383,80853.8826674069,100221.79462916017,80582.85620705338,98615.58338988363,1.2395421385194738,1.2237787046973876,0.9892703862660944
2024-05-20 08:00:00,264.0,230.0,1454,1549,1442,141409.0281157645,167362.7827618751,141224.8655353688,165683.4409612153,1.1835367585219776,1.1731888738794445,0.9917469050894085
2024-05-20 08:00:00,264.0,240.0,1482,1574,1465,332732.9988555172,374825.38954628166,332139.11168648594,372612.58335134294,1.1265050080260968,1.1218569877523514,0.9885290148448043
2024-05-20 08:00:00,264.0,250.0,1587,1698,1569,158029.49600526431,188754.67995862343,157646.88490540985,187092.83747573354,1.1944268932702005,1.1867842335609209,0.9886578449905482
2024-05-20 08:00:00,264.0,260.0,1679,1784,1669,129996.45493767191,157285.10225312476,129602.10106893393,155691.2763623971,1.2099183960711595,1.201302101418762,0.9940440738534843
2024-05-20 08:00:00,264.0,270.0,1601,1722,1587,154042.92712246848,181840.48493625436,153795.62364016223,180177.13745022967,1.1804533212465254,1.1715361801958204,0.9912554653341662
2024-05-20 08:00:00,264.0,280.0,1578,1671,1560,108744.67986019926,132349.37346624333,108133.41289643766,130892.11591959695,1.2170652728610718,1.2104687386955586,0.9885931558935361
2024-05-20 08:00:00,264.0,290.0,1493,1611,1470,150212.45441916597,179957.58510063845,149830.39866602415,178192.90044471642,1.198020402479205,1.1892973791113846,0.9845947756195579
2024-05-20 08:00:00,264.0,300.0,1438,1545,1423,108678.1631066887,134601.31026198008,108405.64144816445,133018.51063544222,1.2385313333815071,1.2270441727799446,0.9895688456189151
2024-05-20 08:00:00,264.0,310.0,1495,1622,1479,141181.38214431013,170350.3691710972,140809.27495417156,168513.03871769382,1.2066064702282888,1.196746725473438,0.9892976588628762
2024-05-20 08:00:00,264.0,320.0,1511,1620,1494,260085.4603758285,302917.9770235823,259548.9313211206,301308.6539621252,1.1646863172814814,1.1608934486011748,0.9887491727332892
2024-05-20 08:00:00,264.0,330.0,1518,1637,1503,784527.1138193782,871106.052730372,783415.358061928,869302.1451596862,1.1103581219640637,1.1096312271822593,0.9901185770750988
2024-05-20 08:00:00,264.0,340.0,1566,1682,1549,757589.5013364675,822083.4038768644,756759.0574119646,820358.5702127723,1.0851304069375605,1.0840419578436382,0.9891443167305236
2024-05-20 08:00:00,264.0,350.0,1564,1652,1539,773445.926295154,839077.8148176231,772943.0952624128,837359.4582016286,1.084856466743382,1.083339075455932,0.9840153452685422
2024-05-20 08:00:00,264.0,360.0,1713,1790,1673,976146.957822441,1064636.1322705478,975256.7354255116,1063018.6191883849,1.0906514882200788,1.0899884928501233,0.9766491535318156
2024-05-20 08:00:00,264.0,370.0,1563,1648,1530,415399.0296501339,477815.3447250727,414457.5027365387,476063.6771022731,1.1502562852096894,1.1486429222754257,0.9788867562380038
2024-05-20 08:00:00,264.0,380.0,1299,1381,1279,169252.05623743995,201103.4875080953,168876.5977184384,199663.61388796387,1.1881893312183558,1.182304810645555,0.9846035411855273
2024-05-20 08:00:00,264.0,390.0,1320,1413,1298,113833.31289294807,136575.07670508948,113237.23487811437,134942.044776167,1.1997812699480017,1.1916755554956382,0.9833333333333333
2024-05-20 08:00:00,264.0,400.0,1233,1306,1210,127726.80249779239,148713.37469496252,127169.10194231184,147182.16225570824,1.1643082875853943,1.157373607328571,0.981346309813463
2024-05-20 08:00:00,264.0,410.0,1198,1260,1181,243772.7192735459,274075.74622789834,243479.83308492406,272988.32871678437,1.124308524123031,1.1211948244665009,0.9858096828046744
2024-05-20 08:00:00,264.0,420.0,1070,1128,1056,90970.8593505084,108502.5465888483,90629.80261596377,107533.63978319484,1.1927176170864866,1.1865152155175673,0.9869158878504672
2024-05-20 08:00:00,264.0,430.0,949,991,929,96341.40817643258,112100.133835857,95875.78414954561,111162.12253110835,1.1635716765792445,1.1594389919953025,0.9789251844046365
2024-05-20 08:00:00,264.0,440.0,937,973,929,111362.76917419085,129632.98884178861,111257.18497249055,129081.90822956977,1.1640603929219822,1.1602118843963791,0.991462113127001
2024-05-20 08:00:00,264.0,450.0,938,980,927,84357.51811203992,100115.7616176688,84130.62161887821,99427.24265103228,1.1868030717155462,1.1818198978898504,0.988272921108742
2024-05-20 08:00:00,264.0,460.0,918,979,915,62290.57396676212,76875.43975158615,62252.37182318786,76051.69558223328,1.2341424208517717,1.2216674378004249,0.9967320261437909
2024-05-20 08:00:00,264.0,470.0,886,931,877,57819.73117546271,71535.95083061754,57587.06664726344,70861.58891254099,1.2372238572595728,1.23051221460172,0.989841986455982
2024-05-20 08:00:00,264.0,480.0,804,850,793,66296.5511273352,80597.54783679073,65719.4835150498,79757.83866240628,1.2157125290271547,1.2136102476237765,0.986318407960199
2024-05-20 08:00:00,264.0,490.0,771,827,768,172499.30896120053,195372.72332405607,172407.4391359292,194614.33140428702,1.1326000347514456,1.1288047219983908,0.9961089494163424
2024-05-20 16:00:00,272.0,0.0,61,60,60,1851.1979848185563,1877.2644696396237,1840.6931663109856,1877.2644696396237,1.0140808735936595,1.0198682235572876,0.9836065573770492
2024-05-20 16:00:00,272.0,10.0,182,165,163,5441.318042988543,5221.587114491964,5150.702799158533,5200.7152774151355,0.9596180692323774,1.0097098357654752,0.8956043956043956
2024-05-20 16:00:00,272.0,20.0,296,285,282,9431.989213386994,9367.483609161432,9267.356206133372,9332.088018839679,0.9931609756154081,1.0069849276607568,0.9527027027027027
2024-05-20 16:00:00,272.0,30.0,453,445,441,34415.59324575534,35777.539992940474,34277.53631544768,35734.455269249374,1.0395735368401098,1.0425036076220306,0.9735099337748344
2024-05-20 16:00:00,272.0,40.0,589,586,583,24319.597460074998,25137.21962049143,24243.81445441128,25100.632459333414,1.0336198887238452,1.0353417159883531,0.9898132427843803
2024-05-20 16:00:00,272.0,50.0,719,713,707,57428.41903902227,58780.37728966522,57256.13422058207,58701.02878455593,1.0235416240472213,1.025235629049061,0.9833101529902643
2024-05-20 16:00:00,272.0,60.0,838,825,824,240266.85149814235,241420.73028830014,240095.2037162968,241410.66773862683,1.0048024884954498,1.0054789267006117,0.9832935560859188
2024-05-20 16:00:00,272.0,70.0,963,943,937,146779.9847076926,149016.4758422677,146474.6861328843,148949.20220643491,1.0152370307098002,1.0168938137973254,0.9730010384215991
2024-05-20 16:00:00,272.0,80.0,1056,1044,1032,141207.12493129104,146018.67066491448,140722.4218082378,145870.13268823223,1.0340743835409485,1.036580601824841,0.9772727272727273
2024-05-20 16:00:00,272.0,90.0,1140,1134,1118,172472.15439568617,176282.84241129007,172147.09286077943,176097.93058542913,1.022094511597863,1.0229503598288754,0.980701754385965
2024-05-20 16:00:00,272.0,100.0,1247,1244,1227,56545.24541076069,58604.79178631776,56258.49233457658,58397.93488999277,1.0364229805812308,1.0380287929276997,0.9839615076182838
2024-05-20 16:00:00,272.0,110.0,1392,1386,1362,68119.87291734855,70109.00664212492,67772.12834869933,69829.24896019802,1.0292004908345886,1.030353489872923,0.978448275862069
2024-05-20 16:00:00,272.0,120.0,1464,1470,1446,54919.22981566211,56004.70287162574,54706.06304150393,55723.74857045138,1.0197648994643052,1.0186027923116194,0.9877049180327869
2024-05-20 16:00:00,272.0,130.0,1486,1489,1458,78332.13879972268,81055.16833525314,77907.14936918567,80675.30353760094,1.0347626092847102,1.0355314523869634,0.9811574697173621
2024-05-20 16:00:00,272.0,140.0,1428,1420,1388,84276.91116565248,87553.58054101063,83761.6387384493,87135.62433332334,1.0388797991055654,1.0402807973398123,0.9719887955182073
2024-05-20 16:00:00,272.0,150.0,1428,1427,1396,130221.94085346613,135284.8914319835,129728.45816873468,134919.6644565044,1.038879397322257,1.0400159406891096,0.9775910364145658
2024-05-20 16:00:00,272.0,160.0,1449,1451,1415,110497.96179476407,115186.52825110906,110007.14134159827,114766.78746451308,1.0424312483252263,1.043266701278374,0.9765355417529331
2024-05-20 16:00:00,272.0,170.0,1415,1417,1374,104177.11200939302,109390.96945076535,103386.13443196031,108822.23729319077,1.0500480128581624,1.0525805795051564,0.9710247349823321
2024-05-20 16:00:00,272.0,180.0,1478,1508,1453,93326.98318514199,99095.4266247045,92965.92722378028,98411.73225475635,1.0618089564528095,1.0585785049813718,0.983085250338295
2024-05-20 16:00:00,272.0,190.0,1530,1555,1494,98594.40630170013,104513.25344519189,98108.36184856185,103739.06790134331,1.0600322813992105,1.0573927231755527,0.9764705882352941
2024-05-20 16:00:00,272.0,200.0,1542,1575,1517,105656.4864796302,111292.26231336524,105331.74732192176,110565.29483661967,1.053340556945565,1.0496863258016862,0.98378728923476
2024-05-20 16:00:00,272.0,210.0,1603,1634,1574,134872.00655592215,143952.802123496,134445.715427391,143221.14741985704,1.0673289869370235,1.0652711911612038,0.9819089207735496
2024-05-20 16:00:00,272.0,220.0,1673,1707,1641,118378.2259510878,125527.52853010084,117756.1727651977,124663.30960959218,1.0603937296878145,1.058656261342385,0.9808726838015541
2024-05-20 16:00:00,272.0,230.0,1700,1748,1667,183812.79587915592,194148.00785879462,183280.9435159154,193218.37146676576,1.0562268362776734,1.0542196464085065,0.9805882352941176
2024-05-20 16:00:00,272.0,240.0,1750,1778,1713,384869.0396304798,400109.88005316467,384164.1635463431,399314.8321612202,1.0396000687332967,1.039438006072759,0.9788571428571429
2024-05-20 16:00:00,272.0,250.0,1835,1860,1797,204409.51025364586,217291.726524636,203792.5741328735,216477.84432087958,1.063021609195213,1.0622459883142514,0.979291553133515
2024-05-20 16:00:00,272.0,260.0,1924,1962,1893,175438.8792467729,186592.65877519417,174869.08184861304,185734.9273011193,1.0635764408454316,1.0621370303866124,0.9838877338877339
2024-05-20 16:00:00,272.0,270.0,1926,1933,1879,203049.43478621525,213152.08437859788,202285.93633048816,212452.71766436397,1.0497546304574519,1.0502594570749875,0.9755970924195223
2024-05-20 16:00:00,272.0,280.0,1911,1941,1861,152864.86714620306,160856.19075495255,151646.3189837102,159871.036738705,1.0522770454581065,1.0542361846308865,0.9738356881214024
2024-05-20 16:00:00,272.0,290.0,1895,1925,1834,198861.0955602313,210743.57334067477,198094.40989617028,209567.10650713733,1.0597526517037843,1.0579152971402896,0.9678100263852243
2024-05-20 16:00:00,272.0,300.0,1838,1846,1771,152667.23081031675,161190.1284811925,151725.97132519374,160259.6344043305,1.0558266343447675,1.0562439179304814,0.9635473340587595
2024-05-20 16:00:00,272.0,310.0,1925,1920,1855,191785.26314011923,200843.54992472107,190836.43301799984,200089.7338099996,1.0472314016014035,1.0484881248599265,0.9636363636363636
2024-05-20 16:00:00,272.0,320.0,1879,1875,1815,321061.91664434446,334214.65051819006,319939.26094629,333454.9083012021,1.0409663469629613,1.0422444163774607,0.9659393294305482
2024-05-20 16:00:00,272.0,330.0,1880,1904,1833,867579.9257140227,886432.8425146709,866938.0766747848,885470.5984043574,1.0217304668329343,1.021376984387,0.975
2024-05-20 16:00:00,272.0,340.0,1911,1940,1856,805108.5795928298,808870.9658343841,803869.6457898662,807819.1112853106,1.0046731414084011,1.004913067082616,0.9712192569335426
2024-05-20 16:00:00,272.0,350.0,1882,1885,1822,866796.629757914,867217.189361339,864152.1473538849,866447.8758234745,1.0004851883232893,1.0026566253137474,0.9681190223166843
2024-05-20 16:00:00,272.0,360.0,2018,2060,1967,1037533.3007942141,1051676.5082622531,1036752.6496632391,1050408.4344652384,1.0136315696635594,1.0131716902835357,0.9747274529236868
2024-05-20 16:00:00,272.0,370.0,1898,1932,1841,478277.0558340928,501193.5427941441,477157.547180614,500024.9629343219,1.0479146692916013,1.0479242461715734,0.969968387776607
2024-05-20 16:00:00,272.0,380.0,1512,1530,1471,215605.459634515,227148.9553532186,214622.71376543504,226390.52454632736,1.0535399045008955,1.0548302207834048,0.9728835978835979
2024-05-20 16:00:00,272.0,390.0,1578,1594,1528,159262.80011053407,166290.75037151322,158265.01607747056,165457.95338965833,1.0441280089016487,1.0454486878430975,0.9683143219264893
2024-05-20 16:00:00,272.0,400.0,1464,1486,1422,175311.1921293643,182194.22135196454,174244.1310619201,181185.3726434248,1.039261778663402,1.0398363005927473,0.9713114754098361
2024-05-20 16:00:00,272.0,410.0,1413,1417,1371,294037.3536984172,301844.5318449676,293408.5361589133,301228.7070950539,1.0265516542315163,1.0266528405700683,0.970276008492569
2024-05-20 16:00:00,272.0,420.0,1235,1235,1201,128330.47124079557,133358.64429026365,127629.01776507508,132930.2814382979,1.039181443041952,1.0415365076536183,0.9724696356275304
2024-05-20 16:00:00,272.0,430.0,1117,1134,1088,137525.89240490153,140258.7772645361,137012.98805369547,139631.42313744922,1.019871784228009,1.0191108530727582,0.9740376007162042
2024-05-20 16:00:00,272.0,440.0,1091,1112,1067,157561.83975547357,162682.34036024747,157282.06928615415,162108.51081494428,1.0324983550123596,1.030686533758715,0.9780018331805683
2024-05-20 16:00:00,272.0,450.0,1092,1079,1051,122855.55826370904,128779.6119090356,121713.34539962406,128378.22418774539,1.0482196632293233,1.0547588168432838,0.9624542124542125
2024-05-20 16:00:00,272.0,460.0,1072,1076,1054,99059.60689242324,105768.2863110179,98789.54455306052,105484.75804963283,1.0677236628435256,1.067772490771797,0.9832089552238806
2024-05-20 16:00:00,272.0,470.0,1006,1018,986,92994.04340162776,98668.16135529701,92733.56930599021,98299.58208637327,1.0610159290435792,1.060021552303428,0.9801192842942346
2024-05-20 16:00:00,272.0,480.0,917,905,894,99301.72889093347,105666.57766958885,98930.46652240038,105509.11958764223,1.06409605199972,1.0664977463110645,0.9749182115594329
2024-05-20 16:00:00,272.0,490.0,890,901,881,214079.26313461538,224926.3213934518,213706.6159642514,224686.2228741552,1.0506684211259438,1.0513770098336144,0.9898876404494382
2024-05-21 00:00:00,280.0,0.0,60,59,59,2132.90722117847,2083.197731974053,2122.748315833043,2083.197731974053,0.9766940217976515,0.9813682180011677,0.9833333333333333
2024-05-21 00:00:00,280.0,10.0,181,164,163,6318.714745054273,5942.2928175834,6080.22054567871,5931.992556013229,0.9404274535789889,0.9756212807492931,0.9005524861878453
2024-05-21 00:00:00,280.0,20.0,295,284,281,10968.94938128375,10692.647147783427,10809.857346199558,10658.715357145174,0.9748105106609595,0.9860181328750355,0.9525423728813559
2024-05-21 00:00:00,280.0,30.0,452,430,428,42624.73331675447,42275.1638785666,42311.19687015812,42249.98664648638,0.9917989061517374,0.9985533327298781,0.9469026548672567
2024-05-21 00:00:00,280.0,40.0,588,587,581,28860.367237007704,28730.330719365316,28781.081714338485,28662.110813933716,0.9954942874920994,0.9958663506262345,0.9880952380952381
2024-05-21 00:00:00,280.0,50.0,721,703,700,68829.3992982779,69093.93055566114,68564.56259207099,69055.04570262466,1.003843288770208,1.0071535949769246,0.970873786407767
2024-05-21 00:00:00,280.0,60.0,835,831,828,313630.3710888232,318229.4900396975,313548.10193759564,318196.86560460646,1.0146641377074155,1.0148263173601861,0.9916167664670659
2024-05-21 00:00:00,280.0,70.0,957,936,926,182592.83484908356,185289.075422497,182226.86438410936,185180.1207592252,1.01476640951241,1.0162064818768475,0.96760710553814
2024-05-21 00:00:00,280.0,80.0,1052,1023,1015,180929.70457020623,183574.2717086171,179658.87726745495,183483.7255913418,1.014616544832663,1.0212895036530416,0.964828897338403
2024-05-21 00:00:00,280.0,90.0,1137,1117,1107,220730.6182393583,224108.04480782495,220172.7845626956,223986.8096996163,1.0153011240371022,1.017322872781466,0.9736147757255936
2024-05-21 00:00:00,280.0,100.0,1252,1239,1230,65663.41122575737,65454.1926035198,65361.255786788686,65345.257652386055,0.996813771652553,0.9997552352045558,0.9824281150159745
2024-05-21 00:00:00,280.0,110.0,1379,1364,1347,81375.96731682568,81262.32101078186,80946.08324193131,81058.5287378584,0.9986034414116227,1.0013891406652873,0.9767947788252357
2024-05-21 00:00:00,280.0,120.0,1456,1450,1424,63344.3828379681,63020.748454354834,62974.560350818654,62683.69966355536,0.9948908747845707,0.9953812986443579,0.978021978021978
2024-05-21 00:00:00,280.0,130.0,1482,1483,1457,93587.51089231847,94259.00015987107,93244.59466967915,93941.60877863882,1.0071749879994694,1.007475115436223,0.9831309041835358
2024-05-21 00:00:00,280.0,140.0,1436,1411,1391,101191.80541481255,101659.69709327054,100593.39912274617,101414.7983818871,1.0046238099670224,1.008165538358423,0.9686629526462396
2024-05-21 00:00:00,280.0,150.0,1430,1428,1397,160646.05847959372,162869.6245839099,160011.89711791358,162423.85438556157,1.0138413984467514,1.015073612094422,0.9769230769230769
2024-05-21 00:00:00,280.0,160.0,1453,1467,1421,135783.30374919716,137419.76734156138,135176.52572002207,136853.80872747922,1.012052023681696,1.0124080937760684,0.9779766001376462
2024-05-21 00:00:00,280.0,170.0,1421,1413,1363,126795.54230575864,130507.27226089193,125639.16267067709,129906.66849695088,1.029273347371966,1.0339663663427914,0.9591836734693877
2024-05-21 00:00:00,280.0,180.0,1481,1500,1445,112034.66596266779,115266.90034967783,111379.92421850008,114575.39128795073,1.0288503059230532,1.0286897938912396,0.9756920999324781
2024-05-21 00:00:00,280.0,190.0,1549,1558,1513,119737.90749905475,123378.87997529644,119229.74187346616,122813.64846471827,1.0304078512167956,1.03005883041377,0.9767591994835377
2024-05-21 00:00:00,280.0,200.0,1550,1538,1489,126773.62976727047,129925.74827242877,125945.40123000999,129304.0059072081,1.0248641496732793,1.0266671481800627,0.9606451612903226
2024-05-21 00:00:00,280.0,210.0,1607,1607,1564,164730.21172990184,171282.95344475436,164019.28998461322,170737.18233920218,1.039778627405619,1.040957940710627,0.9732420659614188
2024-05-21 00:00:00,280.0,220.0,1683,1668,1619,143454.96612380154,148355.06995875546,142244.91464597388,147722.07850438845,1.0341577846160106,1.0385051646454033,0.9619726678550208
2024-05-21 00:00:00,280.0,230.0,1710,1714,1667,224599.38642000657,232298.84073862174,223416.26047079448,231734.5595489203,1.0342808341613943,1.0372322903471622,0.9748538011695906
2024-05-21 00:00:00,280.0,240.0,1753,1745,1704,490738.35536452255,506048.7115678425,488683.556045042,505585.90588562173,1.03119861334651,1.0345875150319603,0.9720479178551056
2024-05-21 00:00:00,280.0,250.0,1839,1838,1799,249810.1185054259,262103.66026145138,249158.19338876073,261609.92912695897,1.0492115444705594,1.0499752208379913,0.9782490483958673
2024-05-21 00:00:00,280.0,260.0,1934,1942,1893,215795.43530286243,224806.35783103423,215059.55502290901,224142.63502011157,1.041756780052021,1.0422351845572961,0.9788004136504653
2024-05-21 00:00:00,280.0,270.0,1927,1919,1872,250187.83627252246,258983.2195082214,248788.08261135808,258358.00245605118,1.0351551193165058,1.0384661505657513,0.97145822522055
2024-05-21 00:00:00,280.0,280.0,1949,1921,1859,185500.48768952943,191429.22891302744,184124.65470394932,190632.7172496694,1.0319607851027373,1.0353459592697365,0.9538224730631093
2024-05-21 00:00:00,280.0,290.0,1906,1900,1832,244987.0461558726,253765.44375907365,243977.02450299048,252883.62516743265,1.0358320888428354,1.0365058992033613,0.9611752360965372
2024-05-21 00:00:00,280.0,300.0,1846,1835,1771,185682.32900851918,191790.39692833682,184301.6921134253,190969.88193981725,1.0328952569285006,1.0361808388730807,0.9593716143011918
2024-05-21 00:00:00,280.0,310.0,1914,1897,1847,233130.83314893887,239627.25302355978,232075.09520094653,238985.73534489563,1.0278659831772257,1.029777603400164,0.9649947753396029
2024-05-21 00:00:00,280.0,320.0,1887,1876,1822,392123.2634628149,404735.17376539053,391092.03654060554,403906.6063852584,1.0321631269494207,1.0327661231816525,0.9655537890832009
2024-05-21 00:00:00,280.0,330.0,1889,1882,1822,1072657.5010431784,1098193.6173788772,1071710.3574494403,1097250.022010739,1.0238064026130098,1.0238307527624166,0.9645314981471678
2024-05-21 00:00:00,280.0,340.0,1914,1904,1847,1008800.9883825929,1020741.3748665006,1007700.7667623633,1019954.9093150198,1.0118362160836616,1.0121604973984766,0.9649947753396029
2024-05-21 00:00:00,280.0,350.0,1894,1863,1813,1137278.6415565768,1153909.8137734842,1135776.1532469466,1153210.108994895,1.0146236565158249,1.0153498166853638,0.957233368532207
2024-05-21 00:00:00,280.0,360.0,2046,2044,1979,1279125.8360547596,1297864.7627527898,1278055.2083749487,1296945.9486011397,1.0146497914199177,1.0147808483564733,0.9672531769305963
2024-05-21 00:00:00,280.0,370.0,1921,1929,1859,579728.1917640826,601251.5253881583,578466.2306244702,600400.3963141418,1.0371265947211938,1.0379177980121554,0.967725143154607
2024-05-21 00:00:00,280.0,380.0,1537,1552,1492,262635.95294353284,273809.71455249295,261876.52941982856,272924.31477022194,1.0425446763237418,1.0421870007780731,0.970722186076773
2024-05-21 00:00:00,280.0,390.0,1625,1604,1553,191827.4577508218,197605.23721945565,190677.76063475184,196952.2595572727,1.0301196686667193,1.032906296474395,0.9556923076923077
2024-05-21 00:00:00,280.0,400.0,1499,1497,1446,210402.91364198818,215806.87674106518,208742.66148422443,214697.31939498507,1.0256838795886265,1.0285263101870081,0.9646430953969313
2024-05-21 00:00:00,280.0,410.0,1422,1415,1376,366566.23581934394,374417.3739854571,365699.1334442933,373843.4943663309,1.0214180614550177,1.0222706596139044,0.9676511954992968
2024-05-21 00:00:00,280.0,420.0,1240,1229,1205,153422.8230332304,155135.47540666064,152419.87790439016,154677.92906473344,1.0111629569810436,1.0148146763492338,0.9717741935483871
2024-05-21 00:00:00,280.0,430.0,1129,1136,1095,162364.75879309227,160879.40236272296,161756.3535387137,160353.13882449476,0.9908517313645496,0.9913251338601478,0.9698848538529672
2024-05-21 00:00:00,280.0,440.0,1091,1111,1065,188706.81332380534,187309.2766221465,188020.72930825164,186724.6869418847,0.9925941375563331,0.9931069176726671,0.9761686526122824
2024-05-21 00:00:00,280.0,450.0,1093,1091,1058,145374.0476965075,131572.41553256096,143919.45709576964,131069.00601602251,0.9050612376649253,0.9107108146524209,0.9679780420860018
2024-05-21 00:00:00,280.0,460.0,1072,1071,1050,114951.23083150605,113356.9309019047,114595.88759016193,113078.27245286445,0.9861306406371738,0.9867568097842652,0.9794776119402985
2024-05-21 00:00:00,280.0,470.0,1009,1017,991,108436.05792864357,107534.22285305339,108149.62533961824,107198.02224608342,0.991683254695743,0.9912010504840258,0.9821605550049554
2024-05-21 00:00:00,280.0,480.0,906,911,889,116138.07599483622,118329.89707980194,115749.20650979919,117953.93677284238,1.0188725451682459,1.0190474762594295,0.9812362030905077
2024-05-21 00:00:00,280.0,490.0,895,901,885,263277.96741988615,271150.54459145037,263125.13243368955,270959.3723425991,1.0299021496128793,1.029773818397541,0.9888268156424581
2024-05-21 08:00:00,288.0,0.0,36,47,36,858.7306841296812,1077.7404506648184,858.7306841296812,954.620228069904,1.2550389436207259,1.1116642804459775,1.0
2024-05-21 08:00:00,288.0,10.0,75,87,74,2367.209583364035,2643.095528675368,2357.009879750708,2500.8946605858346,1.1165447906472532,1.0610454720921003,0.9866666666666667
2024-05-21 08:00:00,288.0,20.0,145,179,141,4647.337577567725,5546.917899626136,4605.55663106779,5120.672154448912,1.193568964389547,1.1118465290180775,0.9724137931034482
2024-05-21 08:00:00,288.0,30.0,263,306,255,24213.450479169,26467.037947916517,24123.53771123719,25891.808613741872,1.093071719401838,1.0733006461851153,0.9695817490494296
2024-05-21 08:00:00,288.0,40.0,376,432,368,14060.850524771646,16517.979094617665,13953.627835548581,15780.759397994474,1.1747496401812383,1.1309431198810571,0.9787234042553191
2024-05-21 08:00:00,288.0,50.0,450,510,433,46561.63976320281,50866.885476772906,46352.11187209324,49979.53011959049,1.0924633611587813,1.0782578851532583,0.9622222222222222
2024-05-21 08:00:00,288.0,60.0,579,627,566,221919.77894178484,229733.5248613712,221706.06003910216,229040.95639463977,1.0352097769601514,1.0330838785112322,0.9775474956822107
2024-05-21 08:00:00,288.0,70.0,684,749,665,119400.58792011239,127712.0541122017,119176.51321677884,126707.17900719821,1.0696099268594077,1.0631891770211577,0.9722222222222222
2024-05-21 08:00:00,288.0,80.0,734,806,717,116652.17084585804,124776.95725631708,116148.80481427931,123704.234855516,1.0696496803406683,1.0650495719979016,0.9768392370572208
2024-05-21 08:00:00,288.0,90.0,798,877,771,155725.23591195,164411.9581056232,155404.22462057698,163164.46272674802,1.055782366568928,1.049935824622,0.9661654135338346
2024-05-21 08:00:00,288.0,100.0,912,1004,901,32416.971500735992,38245.8052825157,32301.14080496348,37026.132121338145,1.1798080916240856,1.1462793944308187,0.9879385964912281
2024-05-21 08:00:00,288.0,110.0,970,1079,954,40252.38006036979,46063.91722915195,40066.75566232072,44590.50891398481,1.1443774792960348,1.112905404415319,0.9835051546391752
2024-05-21 08:00:00,288.0,120.0,1033,1179,1018,28314.61674333584,34119.81344723495,28154.382133107134,32217.012383295445,1.2050247318027156,1.1442983273787068,0.9854791868344628
2024-05-21 08:00:00,288.0,130.0,1118,1230,1095,48514.81871510694,55648.24357580002,48245.275015224805,54007.2775090839,1.1470359995073385,1.11943143638503,0.9794275491949911
2024-05-21 08:00:00,288.0,140.0,1066,1163,1046,53528.41995864069,60774.91765368079,53242.897819062055,59376.94657673298,1.1353766410560817,1.115208769787786,0.9812382739212008
2024-05-21 08:00:00,288.0,150.0,1101,1221,1086,98072.74483130785,106681.3723491584,97858.10130587613,105038.23400935018,1.0877779808514385,1.0733729002265335,0.9863760217983651
2024-05-21 08:00:00,288.0,160.0,1081,1198,1065,79953.45377457503,88254.12204824167,79744.03547183576,86683.16820856775,1.1038187580622845,1.0870175768717245,0.9851988899167438
2024-05-21 08:00:00,288.0,170.0,1066,1145,1045,72179.88087931689,81123.97738079651,71692.32076135691,79816.94523625642,1.123913982574091,1.113326286394662,0.9803001876172608
2024-05-21 08:00:00,288.0,180.0,1175,1283,1161,60366.4839047962,69559.70046287274,60205.366964525994,68028.77575036863,1.1522900782589083,1.1299453716551935,0.9880851063829788
2024-05-21 08:00:00,288.0,190.0,1249,1322,1218,64574.43348633175,74305.55871980818,64060.933700700494,72965.87706701084,1.1506962540451273,1.1390073926789013,0.9751801441152922
2024-05-21 08:00:00,288.0,200.0,1224,1313,1205,72265.08363204604,82847.06029155111,72035.7534162226,81480.98807325609,1.1464327739989286,1.13111870438085,0.9844771241830066
2024-05-21 08:00:00,288.0,210.0,1324,1396,1307,94023.34545306259,107626.67785943583,93554.45631687643,106462.1286663019,1.144680369974329,1.1379696153190837,0.9871601208459214
2024-05-21 08:00:00,288.0,220.0,1382,1463,1363,79936.31859397434,92128.02984978705,79693.4557828379,90840.98984625985,1.152517797545054,1.1398801690040725,0.9862518089725036
2024-05-21 08:00:00,288.0,230.0,1451,1524,1434,140087.75962071872,156336.16607298193,139713.02085604687,155154.16187141754,1.115987338909945,1.1105204147813856,0.9882839421088904
2024-05-21 08:00:00,288.0,240.0,1472,1551,1451,331513.4510121284,355135.82822007895,330317.5021474554,353906.55211039376,1.0712561651294394,1.071413260906799,0.985733695652174
2024-05-21 08:00:00,288.0,250.0,1585,1665,1565,156636.06530316855,178498.9735267913,156150.54669482913,177141.44428297068,1.1395777414435633,1.1344273077004645,0.9873817034700315
2024-05-21 08:00:00,288.0,260.0,1668,1738,1641,128242.99170648208,146664.64741798482,127632.13393113647,145390.686275966,1.1436464906687889,1.1391385679911228,0.9838129496402878
2024-05-21 08:00:00,288.0,270.0,1596,1671,1565,151980.1552626706,170006.65183890885,151415.20384571142,168600.47582076577,1.1186108577470701,1.1134976642937768,0.9805764411027569
2024-05-21 08:00:00,288.0,280.0,1569,1643,1545,107579.75357344002,123818.14036177077,106988.99072543644,122589.82338197887,1.1509427773251546,1.145817177550338,0.9847036328871893
2024-05-21 08:00:00,288.0,290.0,1475,1586,1458,148344.1295823303,167492.1669459198,148070.47726120893,165839.2969635107,1.1290784975280228,1.12000244769223,0.9884745762711864
2024-05-21 08:00:00,288.0,300.0,1433,1502,1410,107459.66127525168,124352.15719673336,107026.37940621047,123218.73304061248,1.157198484724538,1.1512931085236955,0.9839497557571528
2024-05-21 08:00:00,288.0,310.0,1475,1568,1463,140251.94826541535,158385.61348949454,140101.92434398137,156992.24713861942,1.1292934996508048,1.1205573932958162,0.991864406779661
2024-05-21 08:00:00,288.0,320.0,1498,1592,1472,258642.26270569576,285341.1784498668,258208.0711139862,283809.231456176,1.1032271967654075,1.099149341969594,0.9826435246995995
2024-05-21 08:00:00,288.0,330.0,1501,1594,1483,783581.5896111502,825773.6265842962,783312.0609204426,824152.0785461902,1.0538451101104656,1.0521376085767886,0.9880079946702198
2024-05-21 08:00:00,288.0,340.0,1554,1636,1531,758527.2112985264,782953.8220744501,757891.5057688716,781633.6691742972,1.0322026822664776,1.031326599156616,0.9851994851994852
2024-05-21 08:00:00,288.0,350.0,1567,1632,1541,777253.3088991481,802624.2583032358,776768.5659998134,801378.2367449927,1.0326418030178879,1.0316821146250983,0.9834077855775367
2024-05-21 08:00:00,288.0,360.0,1697,1776,1669,977830.943504961,1016845.1427717773,977122.1474182096,1015449.3714537797,1.0398987161594344,1.0392245986203872,0.9835002946375958
2024-05-21 08:00:00,288.0,370.0,1549,1636,1511,414899.3060846217,454905.01758983254,413945.5366395911,452927.66512414836,1.0964227004444578,1.0941721193590204,0.9754680438992899
2024-05-21 08:00:00,288.0,380.0,1293,1357,1277,168123.76481127593,189305.07650533796,167453.13028898343,188048.73034864917,1.1259864226680785,1.1229932221877414,0.9876256767208044
2024-05-21 08:00:00,288.0,390.0,1315,1385,1298,112743.39328603857,128825.6709501567,112522.36996094497,127548.4455382457,1.142644967437836,1.1335385628876824,0.9870722433460076
2024-05-21 08:00:00,288.0,400.0,1222,1292,1198,126200.87129893579,141692.2593252321,125728.31998596658,140154.9418840376,1.1227518310044104,1.1147444100078747,0.9803600654664485
2024-05-21 08:00:00,288.0,410.0,1188,1245,1168,242631.34168984153,261161.25722113764,242265.49139577494,260014.13462775125,1.0763706592983486,1.0732611282346498,0.9831649831649831
2024-05-21 08:00:00,288.0,420.0,1060,1086,1024,89778.42624194427,100871.11727707178,88377.41741255397,100007.08127655374,1.1235563096777146,1.1315908996266708,0.9660377358490566
2024-05-21 08:00:00,288.0,430.0,938,933,875,95095.23621785056,103230.4085591931,92444.9140555601,102408.74704293642,1.0855476327195397,1.10778129969798,0.9328358208955224
2024-05-21 08:00:00,288.0,440.0,924,893,843,110121.1652178668,117531.26714831419,106132.924007269,116845.35619269375,1.0672904424484342,1.1009341096141954,0.9123376623376623
2024-05-21 08:00:00,288.0,450.0,927,897,846,82859.26041663674,75984.19511646984,78633.86509886655,75136.1912934786,0.9170271944789589,0.9555194978526069,0.912621359223301
2024-05-21 08:00:00,288.0,460.0,908,895,841,61038.40242361028,66377.02677678264,57781.05639386787,65705.57844916017,1.0874633696360856,1.13714740695072,0.9262114537444934
2024-05-21 08:00:00,288.0,470.0,881,847,813,56713.03438249009,62876.02781407644,52954.99423270203,62466.44886882653,1.1086697881481924,1.1796139301673412,0.9228149829738933
2024-05-21 08:00:00,288.0,480.0,795,797,760,64961.6361133081,73475.30766506397,62994.05238035141,72982.50517634786,1.1310569139130988,1.1585618390715242,0.9559748427672956
2024-05-21 08:00:00,288.0,490.0,765,804,754,170102.64726431353,185816.9602527336,169464.08767248705,185215.0839430732,1.0923813546769936,1.0929459243366486,0.9856209150326798
2024-05-21 16:00:00,296.0,0.0,58,59,58,1836.7736139597378,1931.7273365209066,1836.7736139597378,1919.5880586507574,1.051695931300138,1.0450869089481787,1.0
2024-05-21 16:00:00,296.0,10.0,180,176,173,5413.343001603277,5510.388190755089,5316.841262022572,5478.06180629077,1.0179270349436698,1.0303226175699043,0.9611111111111111
2024-05-21 16:00:00,296.0,20.0,294,295,290,9277.819881208472,9467.212172753105,9234.853941104444,9412.686424082069,1.0204134477678568,1.0192566643838394,0.9863945578231292
2024-05-21 16:00:00,296.0,30.0,453,432,428,34517.169266294855,35056.15828969956,34205.369929210734,35014.27223281065,1.0156150992350064,1.0236484009754598,0.9448123620309051
2024-05-21 16:00:00,296.0,40.0,589,586,583,24286.656543457935,24855.571746366168,24210.017389727996,24824.892872033055,1.0234250112562933,1.0253975646694886,0.9898132427843803
2024-05-21 16:00:00,296.0,50.0,719,713,705,57538.91046618892,59421.0375973564,57353.79135658817,59329.24394110446,1.0327105104340384,1.0344432780778907,0.980528511821975
2024-05-21 16:00:00,296.0,60.0,836,831,827,240484.0691006664,243849.77951136196,240269.00619281124,243806.42982604925,1.013995564958969,1.014722762995071,0.9892344497607656
2024-05-21 16:00:00,296.0,70.0,957,953,942,147176.26279215066,150463.01273286453,147004.5070855658,150328.69593205495,1.0223320654999615,1.0226128362483082,0.9843260188087775
2024-05-21 16:00:00,296.0,80.0,1047,1040,1023,141046.35112135636,144901.9702099242,140439.69758405766,144696.06742984708,1.0273358300864548,1.0303074552210698,0.9770773638968482
2024-05-21 16:00:00,296.0,90.0,1137,1131,1117,172234.93936623295,175702.87029260787,171935.81853768922,175500.11614173706,1.020134886331053,1.0207303959952156,0.9824098504837291
2024-05-21 16:00:00,296.0,100.0,1249,1256,1236,56510.79548955079,58280.22962822604,56356.07616884036,58041.405548658324,1.0313114356884683,1.02990501636006,0.9895916733386709
2024-05-21 16:00:00,296.0,110.0,1389,1390,1365,68052.71091031499,69772.9864843158,67777.53738064712,69477.87280562797,1.0252785752542308,1.0250870050859409,0.9827213822894169
2024-05-21 16:00:00,296.0,120.0,1465,1469,1447,54593.872061839946,55933.86255596567,54353.117132673666,55670.08590675448,1.0245447051751135,1.024229866538586,0.9877133105802047
2024-05-21 16:00:00,296.0,130.0,1484,1495,1464,78435.18852128013,80533.66764247797,78112.64086280075,80164.53809844522,1.0267543071006773,1.0262684402035323,0.9865229110512129
2024-05-21 16:00:00,296.0,140.0,1426,1422,1392,84116.58108710787,86900.62442258859,83639.3971942362,86527.23437840975,1.0330974380972244,1.0345272357411557,0.9761570827489481
2024-05-21 16:00:00,296.0,150.0,1422,1427,1394,130172.11024611117,134646.39186884838,129658.2416443568,134234.6154071629,1.0343720449355693,1.0352956642382884,0.980309423347398
2024-05-21 16:00:00,296.0,160.0,1439,1467,1419,110598.0912873337,114341.99394070837,110281.03947916083,113732.52531779587,1.0338514219350137,1.0312971826792334,0.9861014593467686
2024-05-21 16:00:00,296.0,170.0,1402,1419,1371,104104.98296723007,108189.71303244331,103176.15897153721,107619.54181242059,1.0392366431345463,1.043065984285276,0.9778887303851641
2024-05-21 16:00:00,296.0,180.0,1466,1497,1442,93343.42634296336,97866.20036145354,93036.99406992563,97191.64639659348,1.0484530533716703,1.0446559174466155,0.9836289222373806
2024-05-21 16:00:00,296.0,190.0,1523,1552,1495,98031.88345901831,104117.97033570569,97563.10684707186,103408.85555863698,1.062082729229941,1.0599176153823002,0.9816152330925805
2024-05-21 16:00:00,296.0,200.0,1534,1556,1504,105638.5707824887,111334.21029538382,105229.88263291976,110620.85768866944,1.0539162871165921,1.0512304577451195,0.9804432855280313
2024-05-21 16:00:00,296.0,210.0,1595,1610,1570,135132.09954685875,143585.8482788368,134745.95468824517,143101.60758825362,1.062559145904831,1.0620104174506797,0.9843260188087775
2024-05-21 16:00:00,296.0,220.0,1667,1689,1632,118226.02136886932,125151.62775996998,117680.49261016451,124397.71792451426,1.0585793745819503,1.0570801937123226,0.979004199160168
2024-05-21 16:00:00,296.0,230.0,1697,1716,1656,183601.27978715207,192416.43698511773,182765.60891395918,191637.57283657455,1.0480125040968398,1.0485428521007585,0.9758397171479081
2024-05-21 16:00:00,296.0,240.0,1746,1748,1702,385611.6190539318,399630.1265890022,384542.66831400874,399091.1437869184,1.0363539552295227,1.0378331890624675,0.9747995418098511
2024-05-21 16:00:00,296.0,250.0,1840,1842,1794,203949.30096280246,216407.6711724684,203287.36589389783,215799.43216499093,1.0610856234900172,1.061548666421422,0.975
2024-05-21 16:00:00,296.0,260.0,1920,1944,1876,175020.1548292811,185220.95553482126,174331.41436993168,184302.44052058546,1.0582835771999533,1.0571958082637662,0.9770833333333333
2024-05-21 16:00:00,296.0,270.0,1910,1925,1865,202638.86530188227,212154.7370113803,201822.96484835964,211428.00514355936,1.0469597561914972,1.047591414101049,0.9764397905759162
2024-05-21 16:00:00,296.0,280.0,1908,1947,1862,152689.9784751829,160620.25131630315,151419.71408697765,159572.9940343662,1.0519370879498107,1.0538455642751061,0.9758909853249476
2024-05-21 16:00:00,296.0,290.0,1887,1910,1822,199522.7284368794,210938.91953345021,198671.97467264155,209818.72868694313,1.0572174969037795,1.0561063231624312,0.9655537890832009
2024-05-21 16:00:00,296.0,300.0,1837,1853,1774,152496.73061884617,161539.22384440404,151467.50329651436,160561.25809811227,1.0592963087724083,1.0600376622290781,0.9657049537289059
2024-05-21 16:00:00,296.0,310.0,1913,1910,1847,191192.90992665925,199315.6565670701,190321.7259227489,198565.35430029672,1.0424845599323045,1.0433141741310914,0.9654992158912703
2024-05-21 16:00:00,296.0,320.0,1866,1869,1810,321125.05792722956,334202.71849916666,320140.9921035308,333486.4132522795,1.0407245098104447,1.041686074192064,0.969989281886388
2024-05-21 16:00:00,296.0,330.0,1879,1879,1821,867388.6704572381,887076.203573274,866608.0071984085,886340.9358779101,1.0226974755223142,1.022770305046332,0.9691325172964342
2024-05-21 16:00:00,296.0,340.0,1917,1924,1854,805013.2576978451,806084.8106706855,803344.5722611337,805208.1203229579,1.0013310997832567,1.0023197369175956,0.9671361502347418
2024-05-21 16:00:00,296.0,350.0,1876,1882,1812,867008.9106116693,865824.9172520237,865994.0760060678,864953.0068302886,0.9986343930896739,0.9987978333748186,0.9658848614072495
2024-05-21 16:00:00,296.0,360.0,2025,2063,1971,1036663.6216188173,1043598.6913931156,1035862.0056345536,1042367.7905224494,1.0066897975675742,1.0062805517071847,0.9733333333333334
2024-05-21 16:00:00,296.0,370.0,1883,1913,1830,477887.8082160428,498929.6122925853,476417.1470461457,497871.7604614013,1.0440308451372544,1.0450332519479564,0.971853425385024
2024-05-21 16:00:00,296.0,380.0,1504,1522,1460,215180.54098008835,227522.83188410808,214270.9669364485,226685.63521606167,1.0573578393650465,1.0579391060632832,0.9707446808510638
2024-05-21 16:00:00,296.0,390.0,1573,1583,1520,159197.50194036224,167650.25500157906,158399.45917347973,166849.61626579956,1.053096015692403,1.0533471334839923,0.9663064208518753
2024-05-21 16:00:00,296.0,400.0,1463,1497,1427,175282.3792753077,183798.97900420826,174732.2561774464,182813.09570631135,1.0485878829584117,1.0462469821293818,0.9753930280246069
2024-05-21 16:00:00,296.0,410.0,1408,1411,1364,294135.78139948245,302583.3423176949,293318.2258850777,301982.106023342,1.0287199363437505,1.029537476275541,0.96875
2024-05-21 16:00:00,296.0,420.0,1230,1221,1189,128313.57241692956,131048.15233275457,126629.7121077111,130544.06351408607,1.0213116965284041,1.0309117926687335,0.9666666666666667
2024-05-21 16:00:00,296.0,430.0,1115,1080,1037,137037.10082943802,134904.79754926157,132809.63471676625,134346.72025166752,0.9844399562799391,1.011573599597494,0.9300448430493273
2024-05-21 16:00:00,296.0,440.0,1086,1048,1000,157340.46186166123,152206.8957099787,151568.4657698635,151583.31773063287,0.9673728798622944,1.000097988461478,0.9208103130755064
2024-05-21 16:00:00,296.0,450.0,1085,1037,1002,122471.90749530174,102049.92243514213,116117.7929333204,101563.75921558624,0.8332516780556959,0.8746614678932825,0.9235023041474655
2024-05-21 16:00:00,296.0,460.0,1069,1013,992,98830.51229821048,94950.82732161842,93480.24895759887,94682.80602504942,0.9607440568062064,1.0128642903806986,0.9279700654817586
2024-05-21 16:00:00,296.0,470.0,1007,958,941,92702.83644796186,91718.2684016529,87692.50750836756,91518.4178259307,0.9893793104500999,1.0436287024544038,0.9344587884806356
2024-05-21 16:00:00,296.0,480.0,908,892,869,98922.44444345067,101140.42601510172,97044.92070138725,100874.33825661836,1.022421418962397,1.0394602574514378,0.9570484581497798
2024-05-21 16:00:00,296.0,490.0,890,894,874,212965.2394740468,220261.0078369028,212302.38852143113,220028.6240910626,1.0342580243652633,1.0363925984226576,0.9820224719101124
2024-05-22 00:00:00,304.0,0.0,61,57,57,2168.1577730755425,2023.2276030306773,2125.695615009876,2023.2276030306773,0.9331551551069639,0.9517955387141717,0.9344262295081968
2024-05-22 00:00:00,304.0,10.0,181,162,162,6347.073905765766,5798.110677374312,6102.184024082741,5798.110677374312,0.9135092427562931,0.9501697514351616,0.8950276243093923
2024-05-22 00:00:00,304.0,20.0,297,279,277,10752.95114206336,10216.503714151608,10520.789719238765,10193.182257743965,0.9501116092852613,0.968860943879933,0.9326599326599326
2024-05-22 00:00:00,304.0,30.0,450,433,429,42562.02399312803,42155.258511738924,42302.41584015863,42108.23209966064,0.9904429948760242,0.9954096300024159,0.9533333333333334
2024-05-22 00:00:00,304.0,40.0,587,569,566,28806.79824874895,28076.706072246514,28547.445742352884,28044.85127040498,0.9746555597675925,0.982394415371381,0.9642248722316865
2024-05-22 00:00:00,304.0,50.0,717,705,702,68735.49731988535,69055.88203709017,68500.76883155954,69013.5408842914,1.004661124596419,1.0074856393800884,0.9790794979079498
2024-05-22 00:00:00,304.0,60.0,836,821,820,311541.93032845506,317278.3660160018,311347.0768366071,317267.10745509353,1.018413045337104,1.0190142482744207,0.9808612440191388
2024-05-22 00:00:00,304.0,70.0,950,928,924,181699.3177069595,184718.56099072658,181391.64376479882,184672.02822446858,1.0166167012725742,1.0180845401231562,0.9726315789473684
2024-05-22 00:00:00,304.0,80.0,1051,1011,1003,179713.26477918972,181925.06313186663,178335.76600207752,181838.81911622843,1.012307373945905,1.0196430205375073,0.9543292102759277
2024-05-22 00:00:00,304.0,90.0,1137,1121,1105,220333.53469980072,223699.660807805,219904.8771707221,223484.76135589555,1.0152774116413579,1.016279239602286,0.9718557607739666
2024-05-22 00:00:00,304.0,100.0,1253,1251,1236,65568.42806580449,64984.44152062302,65357.91097833586,64799.74347150752,0.9910934795539802,0.9914598325057643,0.9864325618515563
2024-05-22 00:00:00,304.0,110.0,1382,1347,1337,81061.53153128448,80040.81519993975,80475.1714479898,79924.98261014037,0.9874081292067521,0.9931632473973044,0.967438494934877
2024-05-22 00:00:00,304.0,120.0,1448,1443,1418,62806.214400578545,61548.767784505326,62310.4120482861,61227.66456784228,0.9799789459040914,0.9826233297959132,0.9792817679558011
2024-05-22 00:00:00,304.0,130.0,1477,1477,1449,93631.56230687215,93391.3609363308,93192.4686960649,93059.33262657977,0.9974346111009651,0.998571385956956,0.981042654028436
2024-05-22 00:00:00,304.0,140.0,1430,1410,1390,100723.44257175412,100592.65155928672,100174.49579139712,100355.45272419788,0.9987014838936406,1.0018064172060082,0.972027972027972
2024-05-22 00:00:00,304.0,150.0,1425,1424,1394,160189.89419305808,162069.43900657777,159669.8789170884,161656.8310370863,1.0117332296334156,1.0124441261775468,0.9782456140350877
2024-05-22 00:00:00,304.0,160.0,1446,1440,1401,135236.91824611634,135967.95429376618,134438.07179537328,135495.69831224257,1.005405595285153,1.007867016409452,0.9688796680497925
2024-05-22 00:00:00,304.0,170.0,1414,1399,1359,126399.7511466813,128523.11628652253,125368.84144850953,128049.50631592207,1.0167988079136103,1.0213822257304142,0.9611032531824611
2024-05-22 00:00:00,304.0,180.0,1482,1483,1444,111979.9494258885,113429.5840570831,110983.5843163169,112923.33679873402,1.0129454838890959,1.017477832369232,0.9743589743589743
2024-05-22 00:00:00,304.0,190.0,1539,1525,1496,118606.34030164633,120762.62311673551,117933.33171981867,120405.22636135094,1.0181801648175401,1.0209601018260461,0.9720597790773229
2024-05-22 00:00:00,304.0,200.0,1541,1542,1499,126483.4320622921,129385.16419647477,125842.31011420753,128780.77074607079,1.0229415986494863,1.0233503392396124,0.972744970798183
2024-05-22 00:00:00,304.0,210.0,1594,1588,1552,164061.3058689113,169669.47172476604,163272.24333023943,169164.12234961076,1.0341833549730233,1.0360862256755683,0.973651191969887
2024-05-22 00:00:00,304.0,220.0,1684,1665,1620,142897.16246183455,147593.46834654827,141729.69644783647,147037.79374278878,1.0328649345011873,1.0374522589689308,0.9619952494061758
2024-05-22 00:00:00,304.0,230.0,1699,1696,1651,223771.49768053673,230214.12255379767,222447.4406140235,229656.46904730858,1.0287910879626798,1.0324077832200989,0.9717480871100648
2024-05-22 00:00:00,304.0,240.0,1755,1722,1689,492290.64357119246,507208.3207471296,489748.8475131828,506788.2724168518,1.0303025811494624,1.0347921694766424,0.9623931623931624
2024-05-22 00:00:00,304.0,250.0,1830,1816,1780,249189.99371932735,260453.64126264706,248512.18876686067,259893.08883832916,1.045201042687157,1.0457961443579147,0.9726775956284153
2024-05-22 00:00:00,304.0,260.0,1928,1932,1874,215018.82780787957,222838.03491650074,214092.42331424804,222048.47485182207,1.0363652206103908,1.0371617613291062,0.9719917012448133
2024-05-22 00:00:00,304.0,270.0,1922,1913,1871,249922.3928756116,257544.2613277475,248972.31055216712,256983.81030408404,1.0304969409280957,1.0321782761068856,0.9734651404786681
2024-05-22 00:00:00,304.0,280.0,1943,1924,1863,184357.65508455242,189751.92293501928,182770.76883782702,188913.30595261935,1.0292597985583667,1.0336078747922903,0.9588265568708183
2024-05-22 00:00:00,304.0,290.0,1899,1867,1811,244725.82292619045,252353.6754915327,243316.97103585524,251621.49778106407,1.031168972992453,1.0341304871166799,0.9536598209583992
2024-05-22 00:00:00,304.0,300.0,1843,1798,1759,184843.63354873605,190999.72273530113,183484.20075491775,190543.7505928027,1.0333043073671344,1.0384749739151355,0.9544221378187737
2024-05-22 00:00:00,304.0,310.0,1913,1881,1831,232213.31228043584,238052.73697270907,231083.8090748489,237435.0263265103,1.025146812794355,1.027484475338574,0.9571353894406691
2024-05-22 00:00:00,304.0,320.0,1889,1867,1813,390953.67505970935,401153.3976196566,389711.41382472514,400485.5815754784,1.0260893379717928,1.0276465286069323,0.9597670725251456
2024-05-22 00:00:00,304.0,330.0,1884,1859,1812,1068893.160872086,1094339.5945028863,1066690.7873195275,1093782.9617516163,1.0238063396439352,1.0253983391945931,0.9617834394904459
2024-05-22 00:00:00,304.0,340.0,1908,1882,1830,1004953.4935758847,1018181.0072878788,1003596.0746411376,1017409.2550920777,1.0131623142728,1.013763685211582,0.9591194968553459
2024-05-22 00:00:00,304.0,350.0,1892,1854,1803,1131683.1848948472,1149839.5584802479,1129777.4894396248,1148988.7797754034,1.0160436894598621,1.017004490278265,0.9529598308668076
2024-05-22 00:00:00,304.0,360.0,2038,2029,1970,1271384.731597953,1292444.754768182,1270270.270031383,1291683.96230886,1.0165646343288703,1.0168575875407584,0.9666339548577036
2024-05-22 00:00:00,304.0,370.0,1911,1909,1846,576494.3281314953,598005.858261795,575031.1883552665,595906.3435865571,1.0373143829532927,1.0363026487154527,0.9659863945578231
2024-05-22 00:00:00,304.0,380.0,1527,1540,1480,260718.18465801253,271098.64987992484,259941.94005230392,270285.0194768196,1.0398148876171738,1.0397899601058396,0.9692206941715783
2024-05-22 00:00:00,304.0,390.0,1607,1593,1542,191022.42277179973,196940.99704206164,189762.96606211353,196243.19471424303,1.0309836624642355,1.0341490691603565,0.9595519601742377
2024-05-22 00:00:00,304.0,400.0,1493,1487,1429,209709.24275355643,215552.54268750252,208419.3074425246,214456.3332245139,1.0278638168600558,1.0289657702833224,0.9571332886805091
2024-05-22 00:00:00,304.0,410.0,1419,1413,1368,366067.44797055656,374827.47219692345,365186.09925276303,374145.49523561646,1.0239300824887099,1.0245337815464115,0.9640591966173362
2024-05-22 00:00:00,304.0,420.0,1237,1220,1194,152842.42991814693,154299.2658213861,151593.20058192627,153910.99728886678,1.0095316196164859,1.0152895822374823,0.9652384801940178
2024-05-22 00:00:00,304.0,430.0,1129,1081,1048,161593.8334271813,158332.438768207,157826.60529454326,157852.42871800406,0.9798173321976178,1.0001636189501295,0.9282550930026572
2024-05-22 00:00:00,304.0,440.0,1100,1060,1017,188471.75706303446,182762.9312169702,183066.30924987578,182219.15333213046,0.9697099133842375,0.9953724094771093,0.9245454545454546
2024-05-22 00:00:00,304.0,450.0,1091,1038,1011,145340.76230682308,119822.21037284401,139838.3276859293,119449.1320694622,0.8244226084344606,0.8541945119491107,0.9266727772685609
2024-05-22 00:00:00,304.0,460.0,1069,1033,1011,114798.07238022693,109517.64744959286,110987.96335691278,109218.06508141133,0.9540024948054477,0.9840532412527488,0.9457436856875585
2024-05-22 00:00:00,304.0,470.0,1017,961,945,108164.95843621153,104823.6191449665,103417.54552784505,104621.6654151589,0.9691088561438729,1.0116432843302168,0.9292035398230089
2024-05-22 00:00:00,304.0,480.0,911,898,881,115925.75366943488,116692.39834896459,114801.43629197174,116468.15102528303,1.0066132386916873,1.0145182393804932,0.9670691547749726
2024-05-22 00:00:00,304.0,490.0,892,893,874,262085.9098832627,268511.70289575297,261647.28782220135,268291.81769015285,1.0245178881052874,1.0253949885101301,0.9798206278026906
2024-05-22 08:00:00,312.0,0.0,34,33,27,791.1363177703001,872.6936773233847,703.822927176627,801.6691592147558,1.103088883320313,1.1390210921810082,0.7941176470588235
2024-05-22 08:00:00,312.0,10.0,72,85,69,2259.4559632043265,2648.27098045011,2223.698848264387,2467.812786239896,1.1720834676920953,1.1097783263979482,0.9583333333333334
2024-05-22 08:00:00,312.0,20.0,137,159,130,4395.435446899132,5103.902913562875,4319.461831108345,4776.542962056883,1.161182543850928,1.1058189998709294,0.948905109489051
2024-05-22 08:00:00,312.0,30.0,253,293,245,23541.307520346203,25214.157329301408,23454.901809486142,24656.36863445833,1.0710601910072073,1.0512245514703569,0.9683794466403162
2024-05-22 08:00:00,312.0,40.0,358,394,341,13402.268455327147,15488.507019372186,13156.449225087856,14862.34013410347,1.155663093229251,1.1296619536039156,0.952513966480447
2024-05-22 08:00:00,312.0,50.0,431,483,411,45084.0170509255,49487.488260124184,44842.45485900885,48665.340775104385,1.097672556645178,1.0852514860775406,0.9535962877030162
2024-05-22 08:00:00,312.0,60.0,560,611,547,216148.88228025596,224311.735566054,216006.72410273552,223570.8665853605,1.0377649571891572,1.035018088043534,0.9767857142857143
2024-05-22 08:00:00,312.0,70.0,669,715,652,116426.36218447852,124721.32631251101,116213.99290657722,123980.94559323865,1.0712464425787782,1.0668331970394063,0.9745889387144993
2024-05-22 08:00:00,312.0,80.0,725,780,705,113216.32492405488,121062.84979510063,112807.74256319948,120162.34659588934,1.0693055959580844,1.0651959153297434,0.9724137931034482
2024-05-22 08:00:00,312.0,90.0,771,862,748,151428.12044541957,160352.79883057275,151166.88737872653,158969.67799145606,1.0589367308984725,1.0516170620962828,0.9701686121919585
2024-05-22 08:00:00,312.0,100.0,882,992,866,31149.955773328,36892.433478234074,30969.36862159836,35364.582267231526,1.1843494657486173,1.1419213190729338,0.981859410430839
2024-05-22 08:00:00,312.0,110.0,939,1031,912,38652.753825071704,43627.32892545465,38327.460105114464,42253.530779977875,1.1286991121744148,1.102434929528229,0.9712460063897763
2024-05-22 08:00:00,312.0,120.0,990,1116,956,26833.10660106748,31982.599904996936,26425.915488213384,30080.488585239855,1.1919082043122282,1.1382950421776874,0.9656565656565657
2024-05-22 08:00:00,312.0,130.0,1059,1210,1046,46405.31761605315,53688.40298347841,46238.19433279084,51726.69971207295,1.1569450602123623,1.1187006858394948,0.987724268177526
2024-05-22 08:00:00,312.0,140.0,1045,1141,1022,51647.35400539411,58336.77381418391,51361.57347375003,56938.009401036514,1.1295210555818822,1.1085721396393065,0.9779904306220095
2024-05-22 08:00:00,312.0,150.0,1069,1182,1045,94800.06547218474,102570.96098520355,94478.93881335901,100903.48949766831,1.0819714150439999,1.0679998184251505,0.9775491113189897
2024-05-22 08:00:00,312.0,160.0,1042,1169,1023,77019.10452234975,84863.42162001911,76757.56305095239,83067.50173759378,1.1018489782024545,1.0822060841412173,0.9817658349328215
2024-05-22 08:00:00,312.0,170.0,1033,1127,1009,69719.70064167154,77970.09600898082,69239.78241192027,76560.19969141582,1.1183366436082773,1.1057255962467507,0.9767666989351403
2024-05-22 08:00:00,312.0,180.0,1153,1254,1132,58322.055978283315,66342.87171527857,57895.87614392954,64833.7485912798,1.1375262857671182,1.119833620448245,0.981786643538595
2024-05-22 08:00:00,312.0,190.0,1218,1313,1200,62283.32249126235,71306.93397401774,62026.49036709341,69901.21206802462,1.1448800597306172,1.1269573960146058,0.9852216748768473
2024-05-22 08:00:00,312.0,200.0,1203,1294,1181,70045.04359148836,79702.55824827038,69748.27270822074,78273.8903864508,1.1378757748100763,1.1222341048343296,0.9817123857024106
2024-05-22 08:00:00,312.0,210.0,1307,1362,1281,91202.15590790779,103070.58773472371,90869.82204725686,102076.66339063205,1.1301332376265336,1.123328527457081,0.9801071155317521
2024-05-22 08:00:00,312.0,220.0,1364,1428,1336,77433.87595858538,87903.2136404125,77008.89016906096,86769.96053157054,1.1352035856687133,1.126752513132973,0.9794721407624634
2024-05-22 08:00:00,312.0,230.0,1427,1496,1407,136635.26837988332,151382.0647815302,136264.05396182265,150190.40291898543,1.1079281841101727,1.1022011935815776,0.9859845830413455
2024-05-22 08:00:00,312.0,240.0,1457,1526,1438,324343.69870122155,345837.843243347,323579.7115052905,344477.83896167896,1.0662696535440492,1.064584171112492,0.9869595058339052
2024-05-22 08:00:00,312.0,250.0,1567,1635,1545,153076.95974603208,172216.76584498648,152617.7684830455,171037.76650390658,1.1250338792376657,1.1206936663007714,0.9859604339502234
2024-05-22 08:00:00,312.0,260.0,1655,1743,1634,125108.91580056041,141883.88213340833,124698.77737782011,140428.4176278321,1.1340829006910216,1.1261410944098782,0.9873111782477342
2024-05-22 08:00:00,312.0,270.0,1572,1651,1553,148057.89016322774,164885.73769087857,147572.27576417197,163551.6113585471,1.1136572154925266,1.1082814201490727,0.9879134860050891
2024-05-22 08:00:00,312.0,280.0,1552,1624,1526,104386.48426488924,119419.03140371351,103656.56824279108,118158.10274791847,1.1440085586241027,1.139899812920306,0.9832474226804123
2024-05-22 08:00:00,312.0,290.0,1451,1551,1428,144402.7374308437,161785.30642152455,144025.40503733116,160202.10433128866,1.1203756196035106,1.1123183738991362,0.9841488628532047
2024-05-22 08:00:00,312.0,300.0,1422,1503,1395,104599.55325330122,120422.8762650404,104112.25248483938,119067.23443495676,1.1512752446793055,1.1436428623258832,0.9810126582278481
2024-05-22 08:00:00,312.0,310.0,1464,1533,1439,136688.95002249163,152937.5550077483,136337.988238223,151701.185660624,1.1188728495067306,1.1126846421963987,0.9829234972677595
2024-05-22 08:00:00,312.0,320.0,1495,1568,1471,253383.6352902251,277455.58895178523,252941.33709704608,276267.1706453087,1.0950020060845216,1.092218353140567,0.9839464882943144
2024-05-22 08:00:00,312.0,330.0,1496,1573,1476,767053.6359237237,807149.4915949526,766114.3947462224,805916.6325622266,1.0522725579977774,1.051953387234277,0.9866310160427807
2024-05-22 08:00:00,312.0,340.0,1553,1609,1523,741840.9679714518,766265.1106991094,740990.2907272843,765209.3676145105,1.0329236909016293,1.0326847425537184,0.9806825499034127
2024-05-22 08:00:00,312.0,350.0,1539,1604,1514,761705.6364758475,785177.8136754066,761256.1476522062,783966.972263325,1.03081528621497,1.0298333546220433,0.9837556855100714
2024-05-22 08:00:00,312.0,360.0,1673,1762,1643,953751.4479055186,992609.4779331707,953229.0981438023,991082.0588486474,1.040742302528595,1.0397102446605493,0.982068141063957
2024-05-22 08:00:00,312.0,370.0,1539,1615,1509,405241.8032687504,444319.5350954998,404463.49636724265,442888.63605009706,1.0964306532829085,1.0950027382643337,0.9805068226120858
2024-05-22 08:00:00,312.0,380.0,1277,1353,1255,163500.8044620228,183622.54335921566,162823.49359693698,182069.3264280395,1.1230681339055226,1.1182005889073034,0.9827721221613156
2024-05-22 08:00:00,312.0,390.0,1300,1361,1281,109629.39262641507,125504.27262304835,109212.7356618905,124045.70462826907,1.144804961665073,1.1358172091971,0.9853846153846154
2024-05-22 08:00:00,312.0,400.0,1212,1286,1188,122878.47714166122,138706.72114033447,122213.1693019679,137072.9744339207,1.1288121757923932,1.1215892298418082,0.9801980198019802
2024-05-22 08:00:00,312.0,410.0,1182,1242,1167,236847.5701935577,255052.62097408623,236580.75744550728,254008.34290431312,1.0768639963908049,1.0736644249810554,0.9873096446700508
2024-05-22 08:00:00,312.0,420.0,1052,1076,1009,87109.1321478516,98410.96095271464,85642.62335142001,97449.76508044996,1.1297433291572723,1.1378652505841786,0.9591254752851711
2024-05-22 08:00:00,312.0,430.0,937,934,882,92119.31472536508,100247.21353134376,89953.57330417089,99500.30379941144,1.08823229775656,1.1061295304296477,0.9413020277481323
2024-05-22 08:00:00,312.0,440.0,921,882,833,107642.34247185434,115105.03215902427,103271.3162424582,114430.38882370322,1.0693285701128366,1.1080558763775799,0.9044516829533116
2024-05-22 08:00:00,312.0,450.0,927,887,841,80951.90847408691,74373.53851453055,76510.59166757847,73745.6280288914,0.9187373085631189,0.9638616879255067,0.9072276159654801
2024-05-22 08:00:00,312.0,460.0,903,879,835,59436.58594034205,64310.07755219861,56465.189330820176,63758.174741795476,1.081994810683578,1.129158964973037,0.9246954595791805
2024-05-22 08:00:00,312.0,470.0,875,857,815,55210.904983009925,61098.24283034196,52353.38705046827,60533.21351352774,1.1066336052477992,1.1562425455906833,0.9314285714285714
2024-05-22 08:00:00,312.0,480.0,791,801,760,63541.12962402298,71725.51701332368,62092.66327379379,71194.1914312132,1.1288045623004856,1.14657976768184,0.9608091024020228
2024-05-22 08:00:00,312.0,490.0,760,775,742,167095.30377272924,180769.07056006236,166646.93016115105,180350.82772507885,1.081832142966335,1.0822331233505222,0.9763157894736842
2024-05-22 16:00:00,320.0,0.0,59,59,58,1874.8994451132746,1867.8412099110433,1864.766183087966,1857.7099076150207,0.9962354059997042,0.9962159998733673,0.9830508474576272
2024-05-22 16:00:00,320.0,10.0,182,170,170,5520.464925038323,5297.190659126033,5382.417757845232,5297.190659126033,0.9595551699097626,0.9841656477528199,0.9340659340659341
2024-05-22 16:00:00,320.0,20.0,296,289,286,9495.742783278652,9238.705234082498,9380.186771809847,9206.204251347965,0.9729312856231973,0.9814521262002213,0.9662162162162162
2024-05-22 16:00:00,320.0,30.0,451,444,441,34959.73635909554,34844.09015451622,34842.92813841209,34812.2056736229,0.9966920172568968,0.9991182582397453,0.9778270509977827
2024-05-22 16:00:00,320.0,40.0,589,586,582,24589.033360614645,24541.85616030638,24506.84221410613,24496.963993057278,0.9980813723086882,0.9995969198739457,0.9881154499151104
2024-05-22 16:00:00,320.0,50.0,717,709,702,58066.42190683124,59722.55574780803,57858.52078560057,59621.27008288595,1.0285213689184103,1.0304665462122233,0.9790794979079498
2024-05-22 16:00:00,320.0,60.0,839,838,837,242254.67938070913,240619.14866019375,242230.53497956722,240607.36652123823,0.9932487136071163,0.9932990757814001,0.9976162097735399
2024-05-22 16:00:00,320.0,70.0,964,954,949,148523.1429832464,150776.22919310885,148343.30894931377,150714.97531402635,1.015169933551141,1.0159876868158775,0.9844398340248963
2024-05-22 16:00:00,320.0,80.0,1054,1040,1028,142897.4125726853,142921.0446879799,142147.87874833107,142789.80999805056,1.000165378188934,1.004515939705692,0.9753320683111955
2024-05-22 16:00:00,320.0,90.0,1146,1127,1119,174217.25808713096,174836.40326328104,173768.62955225137,174744.78049815702,1.003553868215745,1.0056175326261183,0.9764397905759162
2024-05-22 16:00:00,320.0,100.0,1253,1259,1244,57114.88962073643,57505.55235973874,56974.82308724531,57330.64055352537,1.0068399456183221,1.0062451701821908,0.9928172386272945
2024-05-22 16:00:00,320.0,110.0,1385,1385,1365,68564.15304945347,68502.6730102505,68335.9436869976,68269.55076204796,0.9991033209560887,0.9990284333343848,0.9855595667870036
2024-05-22 16:00:00,320.0,120.0,1464,1455,1435,55131.66965440117,54924.541461273424,54766.67578951166,54695.49743206591,0.9962430270219249,0.9987003345297181,0.980191256830601
2024-05-22 16:00:00,320.0,130.0,1483,1492,1466,79147.542902441,79327.13816403021,78938.60931706137,79018.07619719047,1.0022691198615046,1.0010066921727734,0.9885367498314228
2024-05-22 16:00:00,320.0,140.0,1427,1425,1397,85018.95612414514,85512.45450201089,84636.63028731644,85186.91012259647,1.0058045687734056,1.0065016746698443,0.9789768745620182
2024-05-22 16:00:00,320.0,150.0,1421,1418,1388,131317.6502496286,131582.9919430006,130737.74347327268,131232.6125264719,1.002020609513402,1.003785204180921,0.9767769176636172
2024-05-22 16:00:00,320.0,160.0,1445,1463,1410,111558.30945148866,112864.1753279449,111002.08652864765,112210.77061631158,1.0117056800419166,1.0108888411512156,0.9757785467128027
2024-05-22 16:00:00,320.0,170.0,1410,1418,1374,104797.1298677046,106258.38907733015,104368.70469413465,105704.45209839045,1.0139436949415528,1.0127983518447448,0.9744680851063829
2024-05-22 16:00:00,320.0,180.0,1471,1483,1437,94138.55224586424,96469.62593495674,93635.92780723271,95922.11623109621,1.024762157835234,1.0244157181693125,0.9768864717878993
2024-05-22 16:00:00,320.0,190.0,1531,1536,1500,99242.92164708761,102347.23530498864,98772.35824806336,101889.37392218126,1.0312799503116215,1.0315575706544295,0.9797517962116263
2024-05-22 16:00:00,320.0,200.0,1543,1546,1499,106863.8849349863,110228.55355998554,106210.65769658709,109655.79242019687,1.0314855540489307,1.0324368081162958,0.9714841218405703
2024-05-22 16:00:00,320.0,210.0,1597,1608,1563,135974.56486387146,141834.76686402035,135522.46492103054,141260.84356914816,1.0430977808681772,1.0423426378162572,0.9787100814026299
2024-05-22 16:00:00,320.0,220.0,1676,1683,1629,119509.3862434974,124463.83325427427,118643.24082539334,123809.00153122161,1.0414565513764944,1.0435402865758758,0.9719570405727923
2024-05-22 16:00:00,320.0,230.0,1689,1714,1658,185226.47992103093,191706.3160322058,184582.62874094074,191017.39365345874,1.0349833140161033,1.0348611619436252,0.9816459443457667
2024-05-22 16:00:00,320.0,240.0,1743,1746,1699,389630.4914656293,395506.073396057,388262.81350284116,394917.58229678136,1.0150798822451657,1.0171398562069387,0.9747561675272519
2024-05-22 16:00:00,320.0,250.0,1838,1834,1786,206156.67173491145,216682.17178774456,205440.7797252334,216045.35002603693,1.0510558303267887,1.0516186236977225,0.9717083786724701
2024-05-22 16:00:00,320.0,260.0,1929,1931,1893,176838.73829660047,184684.8797163674,176264.98742095672,184151.70695759397,1.0443689063569719,1.0447435401212275,0.9813374805598756
2024-05-22 16:00:00,320.0,270.0,1922,1920,1866,204720.06734085,210177.9965066843,203707.5796143253,209485.38682804594,1.0266604502271246,1.028363241194361,0.9708636836628513
2024-05-22 16:00:00,320.0,280.0,1914,1916,1855,153703.90367138205,159788.65119483665,152778.6861768978,159056.69549210393,1.0395874625049455,1.0410921802792374,0.9691745036572623
2024-05-22 16:00:00,320.0,290.0,1889,1890,1825,200737.43181772396,209373.58188953548,199927.64380774455,208532.0202232824,1.0430221209547674,1.0430374522085202,0.9661196400211752
2024-05-22 16:00:00,320.0,300.0,1837,1840,1770,153831.90947430592,160146.2107396809,152823.8998090406,159317.81909491224,1.0410467586793468,1.0424928253629573,0.9635274904735982
2024-05-22 16:00:00,320.0,310.0,1930,1906,1857,193125.10945117718,197535.1137350936,192238.44771086064,196933.73394226408,1.0228349606969738,1.0244242829013344,0.9621761658031088
2024-05-22 16:00:00,320.0,320.0,1876,1873,1812,323995.35338305705,331825.2223064358,323044.52558009175,331073.9773824753,1.024166608692445,1.024855557567382,0.9658848614072495
2024-05-22 16:00:00,320.0,330.0,1885,1883,1823,874671.6426005499,885777.1912189904,873227.8820235719,885069.3012759027,1.012696820243791,1.0135605143812978,0.9671087533156498
2024-05-22 16:00:00,320.0,340.0,1917,1923,1856,810696.6413578085,802900.6469865275,809772.9555171346,802104.2419558703,0.9903835861978856,0.9905297978785091,0.9681794470526864
2024-05-22 16:00:00,320.0,350.0,1884,1879,1808,871932.5937150491,842394.4027017733,869045.4260417809,841454.2071288672,0.9661233090422481,0.9682511200380137,0.9596602972399151
2024-05-22 16:00:00,320.0,360.0,2013,2034,1951,1042588.1085071682,1045159.4753363464,1041517.2187571684,1044057.8631388291,1.0024663304791188,1.002439368582588,0.9692001987083955
2024-05-22 16:00:00,320.0,370.0,1890,1895,1831,480664.0665523889,499759.75230473466,479101.30056081375,498860.22009976505,1.039727716467993,1.0412416320219178,0.9687830687830687
2024-05-22 16:00:00,320.0,380.0,1514,1536,1471,217025.47603195495,226161.1805235371,216071.22264733753,225102.6380276571,1.0420950786913008,1.0417983258930335,0.9715984147952443
2024-05-22 16:00:00,320.0,390.0,1573,1590,1518,160373.90536755993,166968.90669312756,159513.2762755891,166037.58606650605,1.0411226583929136,1.0409013590796354,0.965034965034965
2024-05-22 16:00:00,320.0,400.0,1478,1468,1420,176549.96456265406,182990.36697906195,175624.78200301895,182331.51581744122,1.0364792053760075,1.038187855597207,0.9607577807848444
2024-05-22 16:00:00,320.0,410.0,1409,1415,1371,296514.65038090415,299925.908588721,295855.0209147213,299313.859747557,1.0115045182537683,1.0116909925075523,0.9730305180979418
2024-05-22 16:00:00,320.0,420.0,1225,1226,1192,128790.02435368557,129729.72843702989,127592.64482701084,129211.28324689125,1.0072964042678,1.0126859853252117,0.9730612244897959
2024-05-22 16:00:00,320.0,430.0,1118,1087,1052,137503.66450162465,134894.88668567996,134206.78086001813,134453.57994032523,0.9810275760620629,1.0018389464282325,0.9409660107334525
2024-05-22 16:00:00,320.0,440.0,1095,1048,1010,157891.9226910821,151321.19613485882,152702.77540415686,150866.65249566993,0.9583846567688014,0.9879758380053848,0.9223744292237442
2024-05-22 16:00:00,320.0,450.0,1086,1032,1002,123378.20041043579,101518.6106091454,117252.55811497814,101144.03216509751,0.822824536842236,0.862616848545986,0.9226519337016574
2024-05-22 16:00:00,320.0,460.0,1069,1042,1018,99232.73346655126,94270.74638987496,96551.62409936561,93939.3578242663,0.9499964688733596,0.9729443569751773,0.9522918615528532
2024-05-22 16:00:00,320.0,470.0,1009,981,954,93284.55438625187,89498.14195424614,90381.14166267001,89150.99523138191,0.959410081798453,0.9863893461771109,0.9454905847373637
2024-05-22 16:00:00,320.0,480.0,908,902,883,99524.51708963838,98404.8583414593,98566.99403742222,98163.57822912259,0.9887499203118902,0.9959071917304644,0.9724669603524229
2024-05-22 16:00:00,320.0,490.0,892,894,878,214392.44496183086,214141.90638960258,213974.64419285493,213959.87674777032,0.9988314020474327,0.9999309850700286,0.984304932735426
2024-05-23 00:00:00,328.0,0.0,62,57,57,2218.323166669572,1958.5340987925265,2162.3319640454415,1958.5340987925265,0.8828894401950128,0.9057508890209273,0.9193548387096774
2024-05-23 00:00:00,328.0,10.0,180,155,154,6366.485636841913,5580.980586381462,6057.325524289074,5570.8075202234595,0.876618735159811,0.9196810536077776,0.8555555555555555
2024-05-23 00:00:00,328.0,20.0,295,280,279,11041.974964263618,10160.432712839713,10860.061711810133,10150.317968706659,0.9201644403037555,0.9346464355417392,0.9457627118644067
2024-05-23 00:00:00,328.0,30.0,453,437,436,43041.98755998359,40823.79652480043,42834.06767558453,40812.91279047932,0.9484644840786716,0.9528143135876571,0.9624724061810155
2024-05-23 00:00:00,328.0,40.0,587,566,564,28957.083698637325,27204.149082856504,28674.769459569678,27183.790156422394,0.9394643937896512,0.9480037910941357,0.9608177172061328
2024-05-23 00:00:00,328.0,50.0,719,689,684,69678.56702368849,68697.53047464183,69067.10117433716,68635.16709549309,0.9859205406920446,0.993746167545764,0.9513212795549374
2024-05-23 00:00:00,328.0,60.0,838,816,813,312926.00384547614,305244.33525682864,312610.0269621033,305203.76877229207,0.9754521244823082,0.9763083153097034,0.9701670644391408
2024-05-23 00:00:00,328.0,70.0,956,929,922,183943.5495351858,183191.46092058075,183539.020310294,183107.44828594805,0.9959113074826188,0.9976486088701121,0.9644351464435147
2024-05-23 00:00:00,328.0,80.0,1054,1013,1005,181906.336327332,176926.2249376409,180575.02558821894,176838.1734799925,0.9726226612539233,0.9793058198604501,0.9535104364326376
2024-05-23 00:00:00,328.0,90.0,1137,1110,1103,222303.53738270618,219824.62697415607,221691.95924336993,219705.1145844995,0.9888489835216497,0.9910378136146594,0.9700967458223395
2024-05-23 00:00:00,328.0,100.0,1255,1226,1219,66230.6508832381,62785.6936526684,65774.49139458995,62702.65292068214,0.9479854540967292,0.9532974195804961,0.9713147410358566
2024-05-23 00:00:00,328.0,110.0,1384,1358,1345,81829.68666008432,77505.54323903738,81330.87659328169,77349.62296626071,0.9471567887213209,0.9510486817087884,0.971820809248555
2024-05-23 00:00:00,328.0,120.0,1456,1426,1411,63563.79591404165,59379.26354508097,62964.73852047272,59169.31101383504,0.9341679912474156,0.939721380635868,0.9690934065934066
2024-05-23 00:00:00,328.0,130.0,1480,1479,1450,94691.9230805526,90330.553288193,94223.32163399702,89980.18118500835,0.9539414804296511,0.954967195218708,0.9797297297297297
2024-05-23 00:00:00,328.0,140.0,1440,1408,1393,101911.2931559378,97386.53177468362,101267.58019717658,97215.63054463039,0.9556009815876765,0.9599876915725971,0.9673611111111111
2024-05-23 00:00:00,328.0,150.0,1428,1426,1393,161270.6247693225,155755.75661123986,160603.010070709,155364.84673466493,0.9658036411406544,0.9673844012404385,0.9754901960784313
2024-05-23 00:00:00,328.0,160.0,1453,1444,1409,136517.21163056427,132598.483444145,135662.03296289395,132123.3498152137,0.9712949880852833,0.9739154495152808,0.9697178251892636
2024-05-23 00:00:00,328.0,170.0,1421,1400,1359,126722.39499512853,122923.75521223221,125771.39034819271,122426.2872108439,0.9700239268438514,0.9734033063633308,0.956368754398311
2024-05-23 00:00:00,328.0,180.0,1493,1460,1431,112731.11171791024,110028.5559955504,111869.76107942688,109673.14137833964,0.976026531796098,0.980364490994777,0.9584728734092431
2024-05-23 00:00:00,328.0,190.0,1540,1524,1489,119975.59917490275,118173.33711314098,119243.661457007,117726.45279734019,0.9849780949279996,0.9872763999266004,0.9668831168831169
2024-05-23 00:00:00,328.0,200.0,1540,1547,1489,127736.83486333824,127185.24549606544,127074.81515148928,126459.09391118439,0.995681830007273,0.9951546556288838,0.9668831168831169
2024-05-23 00:00:00,328.0,210.0,1603,1593,1567,165231.80298975733,165903.5614675147,164540.6976165998,165596.3295027464,1.0040655519434052,1.0064156278746694,0.9775421085464754
2024-05-23 00:00:00,328.0,220.0,1683,1678,1634,144030.04358569504,144597.8497482483,143008.6063639166,143844.27387586844,1.0039422758503536,1.0058434770689626,0.9708853238265003
2024-05-23 00:00:00,328.0,230.0,1707,1686,1643,225316.02413226425,223928.9861721528,223703.59097980402,223423.7501038466,0.9938440332175521,0.9987490550565964,0.9625073227885179
2024-05-23 00:00:00,328.0,240.0,1747,1751,1703,496318.76606634574,495110.72375885025,495164.0472875764,494496.7799951617,0.9975659951021598,0.9986524318636018,0.9748139668002289
2024-05-23 00:00:00,328.0,250.0,1836,1835,1782,251537.10514561017,257798.8006352518,250612.07447670263,257072.9127820257,1.0248937248682133,1.0257802355246202,0.9705882352941176
2024-05-23 00:00:00,328.0,260.0,1936,1921,1882,217248.63774181402,220920.03997575125,216130.84633427416,220318.03080442065,1.0168995408767554,1.0193733774755616,0.9721074380165289
2024-05-23 00:00:00,328.0,270.0,1917,1912,1862,252507.94938416162,253307.89632632778,251249.49608403115,252618.60810401122,1.003168006964205,1.0054492129987085,0.9713093375065206
2024-05-23 00:00:00,328.0,280.0,1942,1937,1869,185652.0092934994,187852.85842798508,183890.1350724699,186958.74359077943,1.0118547014000066,1.0166871839922258,0.962409886714727
2024-05-23 00:00:00,328.0,290.0,1893,1890,1816,246914.68397005554,248388.17966169122,245773.59211453443,247405.33517541474,1.0059676308753447,1.006639212320744,0.95932382461701
2024-05-23 00:00:00,328.0,300.0,1838,1829,1761,186697.05553346503,188746.07527695945,185430.3924633384,187909.1908729943,1.0109751047633804,1.0133678108357884,0.9581066376496191
2024-05-23 00:00:00,328.0,310.0,1910,1890,1849,234451.50518200686,234433.7615768965,233410.94918876776,233961.03020288207,0.9999243186555933,1.0023567061272238,0.9680628272251309
2024-05-23 00:00:00,328.0,320.0,1882,1881,1828,395118.21592856897,396128.66386383947,394270.30423685565,395491.16230911564,1.0025573306786066,1.0030965001907082,0.971307120085016
2024-05-23 00:00:00,328.0,330.0,1888,1869,1812,1080324.7178379819,1085116.136613131,1078297.0352530994,1084118.2720829467,1.00443516536837,1.0053985466337492,0.9597457627118644
2024-05-23 00:00:00,328.0,340.0,1917,1899,1845,1016555.5472892965,1007130.316909968,1015539.2725089224,1006372.7245964893,0.9907282682146967,0.9909737140053808,0.9624413145539906
2024-05-23 00:00:00,328.0,350.0,1899,1858,1802,1142514.2480142107,1103244.9641876875,1140610.0871437965,1102498.506384063,0.9656290642372498,0.9665866704237478,0.9489204844655081
2024-05-23 00:00:00,328.0,360.0,2048,2039,1971,1287038.4880613717,1283840.4257554854,1285608.9214829605,1282946.0802003387,0.997515177412679,0.9979287314842603,0.96240234375
2024-05-23 00:00:00,328.0,370.0,1915,1924,1858,583287.8823498122,594299.945636804,582225.2565169756,593390.751680922,1.0188792937762208,1.0191772772461665,0.9702349869451697
2024-05-23 00:00:00,328.0,380.0,1545,1546,1487,264525.4441389671,268623.45480372076,263672.1618852231,267236.34222942,1.015491933783885,1.0135174692645346,0.9624595469255663
2024-05-23 00:00:00,328.0,390.0,1617,1596,1545,193737.73780799645,195426.51748391043,192413.54347519006,194711.73271400924,1.0087168338756367,1.0119440097475025,0.9554730983302412
2024-05-23 00:00:00,328.0,400.0,1499,1491,1440,212249.51463912302,214170.19811443053,210563.72067035834,213168.8756156728,1.00904917723168,1.0123722877664802,0.9606404269513009
2024-05-23 00:00:00,328.0,410.0,1425,1404,1377,370297.7598904883,368632.0498727109,369448.50218149374,368190.8362879326,0.9955017010681619,0.9965958289554973,0.9663157894736842
2024-05-23 00:00:00,328.0,420.0,1245,1223,1195,154872.06734346997,152818.95661570856,153620.55250213091,152372.32144286198,0.9867431825313723,0.9918745829321788,0.9598393574297188
2024-05-23 00:00:00,328.0,430.0,1128,1104,1062,163825.47896128782,157918.35036688234,161122.73029250262,157395.93895131839,0.9639425525757117,0.9768698597993057,0.9414893617021277
2024-05-23 00:00:00,328.0,440.0,1100,1069,1032,190241.17327344237,179082.36096296867,186887.54457255226,178610.60419298414,0.9413438630635723,0.955711653237785,0.9381818181818182
2024-05-23 00:00:00,328.0,450.0,1097,1069,1041,147134.43184972854,118359.71026489578,144330.04113780067,117958.6215397609,0.8044324416583809,0.8172839182325088,0.9489516864175023
2024-05-23 00:00:00,328.0,460.0,1068,1046,1030,115817.20083875439,108002.20961710357,114327.17234644169,107789.3119224156,0.9325230521454997,0.9428144658015801,0.9644194756554307
2024-05-23 00:00:00,328.0,470.0,1015,1003,977,109404.51861632426,103596.8585142303,108381.21473385977,103198.53356566731,0.9469157199762369,0.9521810012840415,0.9625615763546798
2024-05-23 00:00:00,328.0,480.0,915,906,890,117067.64501946792,115105.2227047079,116248.15553898779,114892.00284085743,0.9832368515277328,0.9883339852418086,0.9726775956284153
2024-05-23 00:00:00,328.0,490.0,896,890,878,263937.8321527355,262792.5061542289,263323.08339956653,262646.3215463643,0.9956606220898114,0.9974299182416327,0.9799107142857143
2024-05-23 08:00:00,336.0,0.0,38,44,37,868.3971835988946,1033.6923276119596,854.2552948668829,954.9670809671952,1.1903450945430674,1.117894248599309,0.9736842105263158
2024-05-23 08:00:00,336.0,10.0,79,94,75,2435.896261569137,2831.2433398891476,2378.3506425871155,2609.7563253336375,1.1623004577647074,1.097296705793896,0.9493670886075949
2024-05-23 08:00:00,336.0,20.0,148,181,144,4750.936748530443,5749.5956839851315,4700.082379981326,5321.639694290282,1.2102025323245134,1.1322439191611415,0.972972972972973
2024-05-23 08:00:00,336.0,30.0,263,299,259,24347.736666793186,26103.864946664013,24304.34170810463,25647.76225004516,1.0721269621034604,1.055274919933032,0.9847908745247148
2024-05-23 08:00:00,336.0,40.0,373,410,359,14108.882740508574,16461.324510913066,13955.064944107602,15787.042119889667,1.1667348020159174,1.1312768649317968,0.9624664879356568
2024-05-23 08:00:00,336.0,50.0,449,499,425,46650.920437022054,51107.071260631834,46372.646996725205,50252.995558400784,1.0955211768999393,1.0836775300307875,0.9465478841870824
2024-05-23 08:00:00,336.0,60.0,584,626,570,221855.1722731043,229917.3355219782,221701.07669626173,229281.29452569722,1.0363397578982263,1.0341911638066632,0.976027397260274
2024-05-23 08:00:00,336.0,70.0,685,712,656,120424.87972753891,128289.67348061461,120102.30547111378,127617.613562532,1.06530871171198,1.0625742200529678,0.9576642335766423
2024-05-23 08:00:00,336.0,80.0,750,812,733,117289.2597915551,124997.12447468538,117014.11142145275,124054.1433937925,1.0657167135066636,1.060163957037485,0.9773333333333334
2024-05-23 08:00:00,336.0,90.0,806,894,783,156442.1712296544,166332.46715439355,156170.64448636034,164966.71208229027,1.0632201397295897,1.0563234378961543,0.9714640198511166
2024-05-23 08:00:00,336.0,100.0,930,1006,909,32990.37583974622,38822.06908412318,32746.271661659353,37693.946877148854,1.1767695303837986,1.1510912529710196,0.9774193548387097
2024-05-23 08:00:00,336.0,110.0,970,1079,947,40394.313181866186,46420.99280524484,40131.5283579696,44863.50235511064,1.1491962394866055,1.1179116318454723,0.9762886597938144
2024-05-23 08:00:00,336.0,120.0,1034,1181,1019,28457.458078458287,34768.77196776248,28255.35441534012,32856.826103037405,1.2217806619236216,1.1628530868895808,0.9854932301740812
2024-05-23 08:00:00,336.0,130.0,1120,1246,1103,49066.965987435375,56963.76709080939,48856.321756279096,55246.19780403696,1.1609392581028173,1.1307891347128813,0.9848214285714286
2024-05-23 08:00:00,336.0,140.0,1077,1169,1054,53980.378326853825,60994.284129474836,53706.72640484925,59644.717771519354,1.1299343580022998,1.1105632713844564,0.978644382544104
2024-05-23 08:00:00,336.0,150.0,1106,1206,1088,98153.03806933576,106220.90538986883,97915.56299317256,104825.63680068502,1.0821968171258631,1.0705717619985935,0.9837251356238698
2024-05-23 08:00:00,336.0,160.0,1090,1216,1067,80376.81668035593,88851.6141534762,80066.68070642967,87054.44272849089,1.105438331886457,1.087274281391561,0.9788990825688073
2024-05-23 08:00:00,336.0,170.0,1063,1175,1048,72457.57645898685,81415.25317153585,72205.70924819304,79822.93749900846,1.1236265018830613,1.10549343438526,0.9858889934148636
2024-05-23 08:00:00,336.0,180.0,1180,1288,1163,60766.796787357496,70462.22047377558,60512.255957583126,68871.28487790981,1.1595513372268984,1.1381377836282631,0.985593220338983
2024-05-23 08:00:00,336.0,190.0,1251,1334,1232,65179.13922845068,76037.35008800068,64929.3129259081,74562.2508259867,1.166590277013207,1.148360385563773,0.9848121502797762
2024-05-23 08:00:00,336.0,200.0,1235,1333,1220,73306.22859112866,84968.3593069383,73061.09270840995,83550.48161827902,1.1590878556971755,1.1435701071667883,0.9878542510121457
2024-05-23 08:00:00,336.0,210.0,1333,1412,1316,95143.8041247066,109676.51919796891,94931.28843635076,108384.69639951378,1.1527447342153152,1.1417173219152421,0.9872468117029257
2024-05-23 08:00:00,336.0,220.0,1386,1479,1365,80733.55398144654,94451.17880136252,80363.17204600645,92988.18550934826,1.1699123120861052,1.1570994914948631,0.9848484848484849
2024-05-23 08:00:00,336.0,230.0,1450,1513,1430,141278.08951362022,159141.50410630944,140875.91898858565,158054.56014890963,1.1264415073433383,1.1219416439918015,0.9862068965517241
2024-05-23 08:00:00,336.0,240.0,1480,1554,1457,334895.3366050696,359816.374203176,334010.14762977953,358506.1174955378,1.0744144061566763,1.0733389989483488,0.9844594594594595
2024-05-23 08:00:00,336.0,250.0,1586,1668,1567,158167.94870980558,182394.13467279423,157874.71292798262,181079.53981636657,1.1531674790032018,1.1469825436767016,0.9880201765447667
2024-05-23 08:00:00,336.0,260.0,1673,1757,1648,129780.11978026062,150282.2553844828,129242.93531252063,148859.90015719255,1.1579759337480633,1.151783652988354,0.9850567842199641
2024-05-23 08:00:00,336.0,270.0,1588,1693,1570,154021.3080918262,174674.86930182317,153751.11003190326,173055.02573255758,1.1340954798129845,1.1255530167987,0.9886649874055415
2024-05-23 08:00:00,336.0,280.0,1565,1657,1545,108444.96499746441,125862.65452611115,107809.57119193289,124489.75196456937,1.1606131693532658,1.1547189232664772,0.987220447284345
2024-05-23 08:00:00,336.0,290.0,1483,1568,1460,150250.27402910852,169534.02199454792,149805.20866204292,168081.2981864675,1.1283441783387596,1.1219990258526658,0.9844908968307485
2024-05-23 08:00:00,336.0,300.0,1445,1551,1423,108708.08249175164,127305.01843722956,108307.83515330107,125693.53301255059,1.171072247060277,1.160521146366202,0.9847750865051903
2024-05-23 08:00:00,336.0,310.0,1489,1616,1478,141823.21344852124,161352.1901697711,141668.97638072417,159601.57016781968,1.1376994375348746,1.1265809512091276,0.9926124916051041
2024-05-23 08:00:00,336.0,320.0,1509,1592,1484,261874.10447724833,289606.26043140586,261385.38496878117,288296.07767233416,1.1058988096952782,1.1029540833232396,0.9834327369118622
2024-05-23 08:00:00,336.0,330.0,1511,1603,1482,789942.4557943518,836932.663924839,789517.7999962191,835353.9110072472,1.0594856090919114,1.0580558297878118,0.9808074123097287
2024-05-23 08:00:00,336.0,340.0,1564,1653,1539,762440.7260756013,795111.0716486557,761399.6432272256,793689.0110163572,1.042849685825695,1.0424079103219326,0.9840153452685422
2024-05-23 08:00:00,336.0,350.0,1566,1631,1536,782049.1817202086,813734.4432283484,781440.2405886551,812455.6487859783,1.0405156891008367,1.0396900576478625,0.9808429118773946
2024-05-23 08:00:00,336.0,360.0,1704,1780,1678,981551.4696873026,1031602.0823619554,981076.6349495903,1030274.8858698341,1.0509913277299638,1.0501472047826026,0.9847417840375586
2024-05-23 08:00:00,336.0,370.0,1553,1643,1519,418514.90381912264,463509.8739512932,417695.497464669,461654.5836873682,1.1075110341867702,1.1052419441663182,0.9781068898905344
2024-05-23 08:00:00,336.0,380.0,1298,1370,1281,169924.98364506967,192167.13206588692,169634.15986164726,190777.19673715372,1.130893927094767,1.1246390284406784,0.9869029275808937
2024-05-23 08:00:00,336.0,390.0,1317,1384,1295,114157.94365329461,131644.88108354155,113603.37358083786,130376.48613792617,1.15318195887757,1.147646254053828,0.9832953682611997
2024-05-23 08:00:00,336.0,400.0,1224,1295,1199,127942.53323099265,145437.0904973494,127302.14923068258,143716.46970362688,1.1367376182459306,1.1289398535071087,0.9795751633986928
2024-05-23 08:00:00,336.0,410.0,1187,1255,1166,244624.4494682675,266061.28752031893,244260.50188391464,264743.377234965,1.0876316251243408,1.0838566824888654,0.9823083403538332
2024-05-23 08:00:00,336.0,420.0,1064,1109,1034,90996.72158337513,103264.13871587408,90097.21300159708,102216.07456867791,1.1348116384748985,1.1345087285537458,0.9718045112781954
2024-05-23 08:00:00,336.0,430.0,949,943,893,96331.89580639871,104418.63305027052,94245.04158526186,103709.11727872131,1.083946622000713,1.10041987922407,0.9409905163329821
2024-05-23 08:00:00,336.0,440.0,929,904,857,111838.62534609789,119148.43355021332,108565.07957338191,118544.87357548138,1.0653603187762222,1.091924530809687,0.922497308934338
2024-05-23 08:00:00,336.0,450.0,940,900,860,84855.24181232438,77930.07891197283,81225.69625291364,77324.60238574455,0.9183885078582648,0.9519721707891282,0.9148936170212766
2024-05-23 08:00:00,336.0,460.0,919,914,859,62422.294491339875,67233.08033977078,59837.229819223925,66558.54020967896,1.0770683917922679,1.1123265634248276,0.9347116430903155
2024-05-23 08:00:00,336.0,470.0,886,882,845,57927.17749357274,64322.20390816692,56242.02505726594,63670.59487780789,1.1103976870839898,1.1320821896611677,0.95372460496614
2024-05-23 08:00:00,336.0,480.0,808,810,778,66499.1021981758,74930.12829456784,65773.31597034764,74509.45083184713,1.126784058997767,1.132821870581042,0.9628712871287128
2024-05-23 08:00:00,336.0,490.0,776,790,756,172665.13642811024,186834.47674243,172320.8140704579,186419.06135154434,1.0820625437620943,1.0818139547281966,0.9742268041237113
2024-05-23 16:00:00,344.0,0.0,60,58,58,1865.4315584633557,1907.5873837366394,1844.9176197776012,1907.5873837366394,1.0225984304178972,1.0339688684671964,0.9666666666666667
2024-05-23 16:00:00,344.0,10.0,180,175,171,5431.618211118446,5350.1750205393255,5327.506944559653,5306.728171496992,0.9850057225280658,0.996099719197198,0.95
2024-05-23 16:00:00,344.0,20.0,293,292,288,9297.138516062852,9501.311331762188,9244.516711591106,9458.147883762944,1.0219608232518622,1.023108960569456,0.9829351535836177
2024-05-23 16:00:00,344.0,30.0,449,441,436,34337.841349512375,34890.66536259114,34176.22275680128,34833.40185639977,1.0160995563888764,1.019229132027696,0.9710467706013363
2024-05-23 16:00:00,344.0,40.0,588,587,584,23960.901931751363,24637.0456077849,23911.185326513616,24604.232020695214,1.0282186237379303,1.0289842048697235,0.9931972789115646
2024-05-23 16:00:00,344.0,50.0,722,720,716,57111.883586580094,59363.72275605425,57034.27138998988,59320.157707733546,1.039428557211923,1.040079171032329,0.9916897506925207
2024-05-23 16:00:00,344.0,60.0,835,834,828,239061.28147563088,241678.9942600042,238977.7108983425,241611.1852370751,1.0109499654992862,1.0110197487825667,0.9916167664670659
2024-05-23 16:00:00,344.0,70.0,957,942,935,146832.95421543845,150000.60290743748,146576.15205128572,149923.235484029,1.021573145544367,1.022835115985117,0.9770114942528736
2024-05-23 16:00:00,344.0,80.0,1050,1046,1032,140664.49115412764,144724.04248899355,140275.72649616125,144565.06849457065,1.0288598160172338,1.0305779346544806,0.9828571428571429
2024-05-23 16:00:00,344.0,90.0,1135,1124,1116,171492.38301238426,175209.78105699783,171184.36839752994,175117.26464498823,1.0216767530972213,1.0229746225328542,0.9832599118942731
2024-05-23 16:00:00,344.0,100.0,1254,1249,1235,56402.47745602923,58181.32319208453,56161.03087909977,58004.68359038819,1.0315384326414043,1.0328279713251227,0.9848484848484849
2024-05-23 16:00:00,344.0,110.0,1383,1386,1364,67586.6848814887,69462.20884758983,67369.7892015584,69202.72629530237,1.027749903244845,1.0272071074507916,0.9862617498192335
2024-05-23 16:00:00,344.0,120.0,1463,1466,1438,54279.99903951897,56334.73799222916,53965.93165637979,56007.6816843587,1.0378544397396585,1.0378340550290035,0.9829118250170882
2024-05-23 16:00:00,344.0,130.0,1474,1487,1458,77516.0645736128,80943.88769296867,77233.627730631,80570.76707894035,1.044220809431065,1.0432083723938017,0.989145183175034
2024-05-23 16:00:00,344.0,140.0,1420,1422,1390,83410.9930691685,86963.00064431658,82977.1723280178,86602.92699467219,1.0425844057773366,1.0436958089186432,0.9788732394366197
2024-05-23 16:00:00,344.0,150.0,1416,1434,1397,129204.15151466732,133826.07706615882,128850.51408642677,133372.50401521206,1.0357722681299975,1.035094853604947,0.9865819209039548
2024-05-23 16:00:00,344.0,160.0,1433,1449,1403,110056.10167482297,114860.5362415931,109656.10824816991,114294.48868957924,1.0436544134641943,1.0422993348524818,0.9790648988136776
2024-05-23 16:00:00,344.0,170.0,1400,1426,1362,103392.6540360193,108239.19343260681,102643.9737533346,107490.11926682606,1.046875084519052,1.0472131517933756,0.9728571428571429
2024-05-23 16:00:00,344.0,180.0,1468,1501,1436,92478.4859283022,97421.96315435365,92047.01992152823,96662.94392901834,1.0534554299459886,1.0501474573693452,0.9782016348773842
2024-05-23 16:00:00,344.0,190.0,1524,1564,1499,97653.31328850336,104496.51149960206,97317.84534544987,103676.43515105438,1.0700764570156611,1.0653383743036375,0.9835958005249343
2024-05-23 16:00:00,344.0,200.0,1522,1576,1505,105265.01711772411,112305.58087937233,105011.4307623255,111372.59135718737,1.0668841743860102,1.0605758872980144,0.9888304862023654
2024-05-23 16:00:00,344.0,210.0,1593,1608,1559,133772.39224081085,143522.2443830884,132855.80999645303,142898.2717829261,1.0728838886631131,1.0755891803809046,0.9786566227244193
2024-05-23 16:00:00,344.0,220.0,1676,1687,1635,117412.68176118104,126357.67692865315,116790.74520357291,125724.5382477531,1.0761842335367686,1.0764940152458833,0.9755369928400954
2024-05-23 16:00:00,344.0,230.0,1683,1710,1654,181714.8789078266,192950.03600372816,181279.8239565527,192288.62320875554,1.0618284928753714,1.0607282101886932,0.9827688651218063
2024-05-23 16:00:00,344.0,240.0,1738,1748,1699,384159.2160058697,398153.7481784618,382594.5881722394,397556.99281819677,1.036428989828994,1.0391077268432805,0.977560414269275
2024-05-23 16:00:00,344.0,250.0,1830,1838,1785,203703.78867817362,218071.89148385642,203090.7020944832,217394.13909901574,1.070534293441064,1.0704288126291386,0.9754098360655737
2024-05-23 16:00:00,344.0,260.0,1927,1957,1893,174478.02305668444,187039.429678859,173896.50663864973,186222.14972831396,1.0719942053567035,1.0708791874426578,0.9823559937727037
2024-05-23 16:00:00,344.0,270.0,1917,1941,1873,202752.6541957092,212895.8922451623,201978.12313905876,212018.75783407578,1.0500276461962477,1.0497114961708214,0.9770474700052165
2024-05-23 16:00:00,344.0,280.0,1904,1942,1857,151869.06724890147,161046.8184983195,150599.66512977664,159850.43705179266,1.0604319985344772,1.061426244965713,0.9753151260504201
2024-05-23 16:00:00,344.0,290.0,1882,1912,1838,198093.08157055476,210654.16385665,197492.64471112523,209700.3386614367,1.0634099999177475,1.0618134106622947,0.9766206163655685
2024-05-23 16:00:00,344.0,300.0,1832,1841,1766,151786.04623714916,161618.90317668702,150834.4184839448,160710.7864023422,1.0647810334566268,1.0654782112575232,0.9639737991266376
2024-05-23 16:00:00,344.0,310.0,1913,1919,1855,190602.91272593275,199161.6155924679,189753.98679405823,198393.70313452123,1.044903316240721,1.0455311452814942,0.9696811291165708
2024-05-23 16:00:00,344.0,320.0,1858,1877,1809,319980.8688003933,334322.7227497847,319118.57298227935,333494.95299065544,1.0448209732136766,1.045050276685633,0.9736275565123789
2024-05-23 16:00:00,344.0,330.0,1877,1886,1824,865099.021795002,883507.4356744267,864449.003379815,882765.7058088088,1.02127896739639,1.0211888756391405,0.9717634523175279
2024-05-23 16:00:00,344.0,340.0,1905,1906,1840,804047.712752027,804555.8659328381,802265.3099818882,803734.6944293274,1.0006319938142374,1.0018315442898464,0.9658792650918635
2024-05-23 16:00:00,344.0,350.0,1869,1890,1817,865351.6586896328,859108.5586615752,864143.491153368,858134.0020179434,0.9927854763258774,0.993045727709638,0.9721776350989834
2024-05-23 16:00:00,344.0,360.0,2023,2028,1955,1035671.0818440887,1042082.7257528105,1034535.2803133964,1041146.4616043789,1.0061908109834499,1.0063904841302076,0.9663865546218487
2024-05-23 16:00:00,344.0,370.0,1882,1911,1818,477258.0000792128,499157.6375599259,476086.11412443995,497878.0693313384,1.0458863706361723,1.0457731375908235,0.9659936238044633
2024-05-23 16:00:00,344.0,380.0,1511,1531,1461,215296.53002581012,227852.88320414076,214244.75330426832,226869.77374562906,1.0583212055337137,1.0589280262253649,0.9669093315684977
2024-05-23 16:00:00,344.0,390.0,1578,1576,1513,159215.581568015,169179.90708517714,158264.34062031592,168375.987486364,1.0625838590609644,1.0638908728676058,0.958808618504436
2024-05-23 16:00:00,344.0,400.0,1463,1487,1422,175092.0934175134,185390.74420913644,173916.9957267769,184416.47774980118,1.0588184799816491,1.0603706496834786,0.9719753930280246
2024-05-23 16:00:00,344.0,410.0,1396,1401,1362,293708.4636516763,303138.6204710068,293150.12948392594,302615.6530989411,1.0321072014816508,1.0322889968756919,0.9756446991404012
2024-05-23 16:00:00,344.0,420.0,1227,1229,1197,128347.03517364204,132008.04057711115,127506.5161215782,131528.69568903407,1.0285242693648209,1.0315448942516843,0.9755501222493888
2024-05-23 16:00:00,344.0,430.0,1111,1109,1055,136815.82672937133,137281.54949988055,134700.51461886175,136621.83804580898,1.0034040123985835,1.0142636680519272,0.9495949594959496
2024-05-23 16:00:00,344.0,440.0,1089,1083,1034,157257.9978840995,152907.0815883572,154750.22271770198,152278.1681243456,0.972332623114349,0.9840255183485845,0.9494949494949495
2024-05-23 16:00:00,344.0,450.0,1089,1075,1038,122606.86469396212,104090.17824606571,119851.14711715883,103560.74431543911,0.8489751247280016,0.864078040189342,0.953168044077135
2024-05-23 16:00:00,344.0,460.0,1065,1067,1040,98756.14800414548,95880.44793538965,97769.7591945917,95504.8828632907,0.9708807995565489,0.9768345923119929,0.9765258215962441
2024-05-23 16:00:00,344.0,470.0,1006,1013,986,92466.83879976558,93088.25621383621,91879.94604571175,92694.14136769334,1.0067204353705255,1.0088615128439073,0.9801192842942346
2024-05-23 16:00:00,344.0,480.0,911,902,888,98889.27865796008,101903.10917116512,98246.8582551316,101733.98100937347,1.0304768176500643,1.035493478531256,0.9747530186608123
2024-05-23 16:00:00,344.0,490.0,889,901,875,211910.11536647897,219000.30181018973,211516.68990534308,218680.05063822266,1.033458461534264,1.0338666453984566,0.984251968503937
2024-05-24 00:00:00,352.0,0.0,60,58,58,2157.462120998083,2042.4813567573913,2134.9248593883253,2042.4813567573913,0.9467055467061923,0.9566994115861203,0.9666666666666667
2024-05-24 00:00:00,352.0,10.0,179,170,167,6295.198534917168,6010.824610330774,6162.580404089732,5978.140896657071,0.9548268536712423,0.9700710586574643,0.9329608938547486
2024-05-24 00:00:00,352.0,20.0,292,281,276,10813.629285218762,10540.66039686527,10632.438593356506,10485.815661837267,0.9747569589123409,0.9862098492051622,0.9452054794520548
2024-05-24 00:00:00,352.0,30.0,446,435,431,42474.084214428534,41527.63185004708,42294.895898616574,41484.13107701842,0.9777169447702903,0.9808306698864656,0.9663677130044843
2024-05-24 00:00:00,352.0,40.0,586,576,574,28431.521293952414,27652.548974765938,28287.09509261309,27628.394388397184,0.9726018065958304,0.9767137381177072,0.9795221843003413
2024-05-24 00:00:00,352.0,50.0,719,708,703,68688.05410575742,68062.06483114665,68441.66469567825,68005.64208015095,0.9908864899033689,0.9936292809728395,0.9777468706536857
2024-05-24 00:00:00,352.0,60.0,832,824,818,312464.6422928784,310669.605792171,312297.49601806566,310605.1710503828,0.9942552332080347,0.9945810485538283,0.9831730769230769
2024-05-24 00:00:00,352.0,70.0,955,919,917,182779.04793262537,181731.91628033842,182334.35851530262,181711.26438976254,0.9942710520481924,0.9965826839734773,0.9602094240837696
2024-05-24 00:00:00,352.0,80.0,1052,1027,1021,180101.3220514759,179909.14158256212,179468.72257509682,179813.13881908756,0.9989329313814873,1.001919087844661,0.970532319391635
2024-05-24 00:00:00,352.0,90.0,1133,1122,1107,220841.39300789475,218891.26333341972,220312.6879256036,218714.11602613132,0.9911695463974667,0.9927440770001768,0.9770520741394528
2024-05-24 00:00:00,352.0,100.0,1251,1238,1229,65742.93804645505,64454.706286322034,65458.60951550353,64352.32611183749,0.9804050168974388,0.9830994973487174,0.982414068745004
2024-05-24 00:00:00,352.0,110.0,1377,1354,1337,81045.88880775563,79811.45116334682,80422.51231515664,79593.81406813374,0.984768658070529,0.9896956931191676,0.9709513435003632
2024-05-24 00:00:00,352.0,120.0,1452,1444,1421,62711.66381385871,61773.76143348476,62290.730392988655,61513.32678016426,0.9850442115017417,0.987519754417394,0.9786501377410468
2024-05-24 00:00:00,352.0,130.0,1481,1476,1447,93359.49322466756,92855.6873281661,92868.49752543139,92510.96797321123,0.9946035922100706,0.9961501525086883,0.9770425388251182
2024-05-24 00:00:00,352.0,140.0,1433,1413,1392,100431.34286175379,100031.81345047864,99879.80278615693,99759.21844652662,0.9960218652873625,0.9987927054693081,0.9713886950453594
2024-05-24 00:00:00,352.0,150.0,1424,1435,1400,160135.4885881064,159865.56526281923,159754.37468531006,159390.24166324385,0.9983144065836558,0.9977206694791082,0.9831460674157303
2024-05-24 00:00:00,352.0,160.0,1446,1452,1414,135759.84664851765,135769.2139220019,135104.63509736146,135305.20913227933,1.0000689988513944,1.0014845829291743,0.9778699861687413
2024-05-24 00:00:00,352.0,170.0,1410,1405,1358,126319.62031860679,125847.0601924299,125109.56947049088,125257.06710971407,0.9962590124559828,1.0011789477003834,0.9631205673758865
2024-05-24 00:00:00,352.0,180.0,1483,1484,1443,111580.73933620918,112285.61537385162,110692.81425715084,111774.26672864538,1.00631718378849,1.009769852530646,0.9730276466621712
2024-05-24 00:00:00,352.0,190.0,1540,1535,1495,118737.79700729152,120929.60650536529,118069.57676567811,120404.61712776884,1.0184592400509096,1.0197768165691394,0.9707792207792207
2024-05-24 00:00:00,352.0,200.0,1541,1546,1499,127111.71713474565,129966.10166824075,126590.11007730033,129330.13075130235,1.0224557153174896,1.0216448241677716,0.972744970798183
2024-05-24 00:00:00,352.0,210.0,1599,1583,1546,163552.46779298538,168820.59128003079,162713.32185142353,168335.6789240095,1.032210602249753,1.0345537600032517,0.9668542839274546
2024-05-24 00:00:00,352.0,220.0,1689,1672,1635,142864.63132503483,147252.92385294795,142017.52219352027,146757.03706685227,1.0307164375619968,1.0333727472506786,0.9680284191829485
2024-05-24 00:00:00,352.0,230.0,1707,1683,1648,221435.19351749535,226803.7887699001,220103.8926184308,226377.85173137044,1.0242445438194565,1.0285045350098196,0.9654364381956649
2024-05-24 00:00:00,352.0,240.0,1744,1739,1692,493883.4808224003,499326.2479997385,491409.40957333887,498772.15374220145,1.0110203466782794,1.014982912466522,0.9701834862385321
2024-05-24 00:00:00,352.0,250.0,1833,1834,1784,250727.71996113984,260523.8377566858,249995.057612884,259908.8626455784,1.039070740949841,1.0396560041120728,0.9732678668848882
2024-05-24 00:00:00,352.0,260.0,1938,1951,1895,215654.08424184384,223961.0175158656,214936.13666209517,223181.8155411252,1.0385197122661771,1.0383633902008447,0.97781217750258
2024-05-24 00:00:00,352.0,270.0,1924,1921,1872,251949.1768313707,257662.12172637705,250945.8068882421,256849.0511830015,1.0226749893246525,1.0235239806074479,0.972972972972973
2024-05-24 00:00:00,352.0,280.0,1932,1934,1864,184607.401045869,189509.6714853575,183454.03805554204,188621.89006037312,1.0265551132387725,1.0281697370066418,0.9648033126293996
2024-05-24 00:00:00,352.0,290.0,1892,1887,1826,245064.19642673264,250149.34362685907,244118.8787203019,249375.92434508554,1.0207502657437222,1.0215347770411762,0.9651162790697675
2024-05-24 00:00:00,352.0,300.0,1837,1820,1764,186046.99637611123,190189.4173312406,184947.48733784235,189498.8745993739,1.0222654546206975,1.024609078647376,0.9602612955906369
2024-05-24 00:00:00,352.0,310.0,1917,1904,1852,232983.35686918662,237237.4392211457,232064.70149052114,236621.00881460856,1.0182591684192601,1.019633780126072,0.9660928534167971
2024-05-24 00:00:00,352.0,320.0,1874,1875,1815,392278.0448319453,397142.9628092528,391213.93985960854,396419.21472449164,1.0124017085365857,1.0133054432230892,0.9685165421558164
2024-05-24 00:00:00,352.0,330.0,1884,1864,1817,1073138.8192196693,1076001.2581805387,1071118.6257809943,1075417.1239342517,1.0026673519861584,1.004013092527565,0.9644373673036093
2024-05-24 00:00:00,352.0,340.0,1918,1899,1846,1011003.2570100126,1005501.0118808376,1009729.91287335,1004707.4250169415,0.9945576385723548,0.9950259096097132,0.9624608967674662
2024-05-24 00:00:00,352.0,350.0,1893,1865,1810,1134478.914464502,1125901.791159379,1132752.2089322784,1125181.8538206893,0.9924395921371784,0.9933168480697778,0.9561542525092446
2024-05-24 00:00:00,352.0,360.0,2042,2018,1960,1280007.9438144001,1273257.8134906208,1278645.8966137297,1272477.000355904,0.994726493412483,0.9951754459352954,0.9598432908912831
2024-05-24 00:00:00,352.0,370.0,1916,1891,1838,581109.4165284316,588156.51960826,578949.5848530557,587431.7500905063,1.012126981390059,1.0146509565934028,0.9592901878914405
2024-05-24 00:00:00,352.0,380.0,1540,1536,1491,263384.841047232,269397.23049226706,262477.8625216731,268755.0561191618,1.0228273936386374,1.0239151353077267,0.9681818181818181
2024-05-24 00:00:00,352.0,390.0,1607,1608,1549,192665.73898988118,197514.41119779178,191651.89670886256,196533.27607140812,1.0251662398998986,1.0254700289763417,0.9639079029247044
2024-05-24 00:00:00,352.0,400.0,1496,1497,1440,211450.4028944414,212584.68578105132,209964.56143318556,211614.46846985587,1.005364297589805,1.0078580262564707,0.9625668449197861
2024-05-24 00:00:00,352.0,410.0,1418,1414,1370,368007.29887211625,372453.70726156497,367118.46155987366,371864.4605510018,1.0120823918522166,1.012927704509772,0.9661495063469676
2024-05-24 00:00:00,352.0,420.0,1246,1230,1201,154427.9367495325,154413.22997290498,153065.55136775188,153904.57123859518,0.9999047660874252,1.0054814415349898,0.963884430176565
2024-05-24 00:00:00,352.0,430.0,1127,1098,1056,162846.47739210696,158460.76658624358,159249.10955328707,157900.59203497396,0.9730684330659279,0.9915320247498033,0.9370008873114463
2024-05-24 00:00:00,352.0,440.0,1104,1078,1034,189052.51650848362,177630.99777672935,184603.73935926915,177096.48097629606,0.9395854710495656,0.9593331185542091,0.9365942028985508
2024-05-24 00:00:00,352.0,450.0,1090,1045,1010,146014.0526131319,118379.09438285476,140137.54129976616,117924.3303424817,0.8107376808210598,0.8414899337375378,0.926605504587156
2024-05-24 00:00:00,352.0,460.0,1072,1020,1005,115422.907503722,107392.4813667989,111118.60560023037,107198.7309052232,0.9304260626369669,0.9647235071585614,0.9375
2024-05-24 00:00:00,352.0,470.0,1016,979,956,108856.44948000516,104751.24746299224,104837.55913240965,104418.56906843462,0.9622879302363525,0.9960034355297623,0.9409448818897638
2024-05-24 00:00:00,352.0,480.0,911,900,878,116773.10497548217,115969.33622258488,115438.08704276208,115683.52108536918,0.9931168332548317,1.0021261097519416,0.9637760702524698
2024-05-24 00:00:00,352.0,490.0,895,893,877,263241.1073389186,264708.6253412517,262942.5300615652,264477.15257180005,1.005574805611358,1.0058363419180438,0.9798882681564246
2024-05-24 08:00:00,360.0,0.0,37,40,34,843.4771446490768,1027.5781073444202,806.6068903569803,961.0864112320239,1.218264316778776,1.1915177302870243,0.918918918918919
2024-05-24 08:00:00,360.0,10.0,78,91,74,2381.381431534392,2876.6188665069403,2321.4835685991084,2688.1962422660567,1.2079622476326493,1.1579647939908702,0.9487179487179487
2024-05-24 08:00:00,360.0,20.0,136,175,132,4481.0979559741945,5710.075193167466,4438.336663991346,5192.533409481032,1.2742580611420913,1.1699277911043924,0.9705882352941176
2024-05-24 08:00:00,360.0,30.0,254,314,251,23828.989950471423,26719.851600170285,23796.19658360164,25981.467399301182,1.1213170031842525,1.0918327770583913,0.9881889763779528
2024-05-24 08:00:00,360.0,40.0,356,433,351,13531.37496611188,16729.91609298925,13473.476212262027,15755.763514192298,1.2363796092331956,1.169391125643818,0.9859550561797753
2024-05-24 08:00:00,360.0,50.0,437,516,427,45920.115989791404,52358.64611862765,45753.01171247907,51324.58483536876,1.140211538887829,1.1217750026578044,0.977116704805492
2024-05-24 08:00:00,360.0,60.0,565,653,556,220343.38929265607,232801.38772163438,220019.87899127946,231670.92069007357,1.056539016073824,1.0529544955310874,0.984070796460177
2024-05-24 08:00:00,360.0,70.0,670,744,658,118901.16347903053,129826.69086527202,118721.13139508288,128773.5180681264,1.0918874724734575,1.0846722614156277,0.982089552238806
2024-05-24 08:00:00,360.0,80.0,725,827,714,115057.09340086608,126964.84062547417,114851.65930431502,125554.9813447601,1.103494246835532,1.093192576452772,0.9848275862068966
2024-05-24 08:00:00,360.0,90.0,793,917,774,154590.89866053069,168239.84508406834,154360.29817527108,166541.56607916908,1.088290750243387,1.0789145139514214,0.9760403530895334
2024-05-24 08:00:00,360.0,100.0,903,1036,893,31910.806292401474,39875.629892068275,31798.88730932121,38185.632884799794,1.2495964384818243,1.2008480835619189,0.9889258028792912
2024-05-24 08:00:00,360.0,110.0,943,1087,926,39225.94104007299,47283.22429899685,39032.74432954488,45351.81993811829,1.2054070098839078,1.161891655765294,0.9819724284199364
2024-05-24 08:00:00,360.0,120.0,994,1185,974,27294.42024008114,35383.5542804787,27055.27677930755,32838.251424978815,1.2963658494756696,1.2137466451680954,0.9798792756539235
2024-05-24 08:00:00,360.0,130.0,1085,1256,1075,47445.183442835434,57634.49073231662,47325.46058149112,55422.5141896029,1.214759571996551,1.1710929700128163,0.9907834101382489
2024-05-24 08:00:00,360.0,140.0,1049,1194,1036,52532.665284994284,62408.0285326781,52262.09483115561,60524.201648732065,1.18798519348122,1.1580898516270546,0.9876072449952336
2024-05-24 08:00:00,360.0,150.0,1073,1226,1061,96319.32635300829,108112.3742767089,96142.577954787,106134.25026479893,1.1224369850810556,1.1039255709859446,0.9888164026095061
2024-05-24 08:00:00,360.0,160.0,1050,1235,1036,78626.11321923482,91065.58589825015,78411.1461742932,88502.83491689517,1.1582104490442011,1.1287022220051477,0.9866666666666667
2024-05-24 08:00:00,360.0,170.0,1038,1188,1025,71365.03979475814,82405.52828986762,71098.75798513906,80349.74560089657,1.154704439692899,1.1301146163156763,0.98747591522158
2024-05-24 08:00:00,360.0,180.0,1151,1297,1140,59093.72506898961,71582.80678277975,58786.235166077764,69523.05314557461,1.2113436189580133,1.182641700887361,0.9904430929626412
2024-05-24 08:00:00,360.0,190.0,1225,1353,1213,63272.03592789883,76588.69678497626,63099.842224357024,74770.53622597524,1.2104667672184963,1.1849559933941205,0.990204081632653
2024-05-24 08:00:00,360.0,200.0,1210,1335,1203,71376.38759535456,86404.04209147127,71215.78060736184,84692.70784701867,1.2105409786400392,1.189240743058901,0.9942148760330578
2024-05-24 08:00:00,360.0,210.0,1306,1415,1297,92427.65542384377,111525.35865138777,92116.15748135337,109967.84750740092,1.2066232572920736,1.193795426493568,0.9931087289433385
2024-05-24 08:00:00,360.0,220.0,1374,1489,1358,78400.06937246806,95470.51558303276,78168.07553100382,93746.25945947555,1.2177350906344908,1.1992908719147493,0.9883551673944687
2024-05-24 08:00:00,360.0,230.0,1433,1512,1414,137258.3784409745,160473.45683964965,136786.1929798688,159204.90059867917,1.169134144395115,1.1638959834353297,0.9867411025819958
2024-05-24 08:00:00,360.0,240.0,1452,1543,1435,329534.1086730602,361382.06509583956,329103.9919760066,359966.3774056686,1.0966454020526797,1.093777001136808,0.9882920110192838
2024-05-24 08:00:00,360.0,250.0,1565,1658,1552,155349.53122184944,183664.10265002248,155066.8641170668,182187.4263528168,1.1822636425451323,1.1748959224149622,0.9916932907348243
2024-05-24 08:00:00,360.0,260.0,1663,1772,1650,126721.5120792198,152336.50903809618,126221.46846802263,150679.50618824654,1.2021361372555528,1.1937708221673888,0.9921828021647625
2024-05-24 08:00:00,360.0,270.0,1575,1700,1563,151687.8022930456,177482.84064846995,151411.47726671636,175672.7920689438,1.170053478035043,1.160234318033172,0.9923809523809524
2024-05-24 08:00:00,360.0,280.0,1555,1673,1537,106196.00105669023,128793.36872589646,105357.82208834277,126905.79473670844,1.2127892523668868,1.2045218116818859,0.9884244372990354
2024-05-24 08:00:00,360.0,290.0,1465,1590,1456,147400.68370522972,170677.61919838266,147253.0972784754,168983.1946058941,1.1579160619071611,1.1475697131607638,0.9938566552901024
2024-05-24 08:00:00,360.0,300.0,1432,1557,1411,106306.27050486475,128855.96104305855,105886.04793453898,126985.6319377515,1.2121200417539046,1.1992668950706022,0.9853351955307262
2024-05-24 08:00:00,360.0,310.0,1459,1579,1444,138371.08310555088,163421.8967749392,138132.34971858206,161665.20741459006,1.1810408150833025,1.1703645651721095,0.9897189856065799
2024-05-24 08:00:00,360.0,320.0,1486,1602,1464,256617.00475860498,292429.3290453098,256125.35725547367,290645.23675694584,1.1395555384975085,1.1347772819972688,0.9851951547779273
2024-05-24 08:00:00,360.0,330.0,1504,1593,1486,776217.8192321018,844238.8967277277,775950.9969384412,842857.7855740199,1.0876314300062293,1.0862255334416262,0.988031914893617
2024-05-24 08:00:00,360.0,340.0,1548,1654,1532,749786.0044307729,803785.4140981594,748614.7241418107,802218.808752699,1.0720197621031646,1.0716043685519792,0.9896640826873385
2024-05-24 08:00:00,360.0,350.0,1548,1648,1529,770103.8093240191,817770.5289833358,769751.4281700182,816087.2185197212,1.0618964860090194,1.0601957835399671,0.9877260981912145
2024-05-24 08:00:00,360.0,360.0,1690,1780,1667,965328.5186606009,1037493.6444716719,964901.2155918628,1036036.570591337,1.0747570639591177,1.0737229405974376,0.9863905325443787
2024-05-24 08:00:00,360.0,370.0,1552,1658,1525,411975.6824332841,468931.0808602759,411218.7062982845,467076.52425936784,1.1382494182437946,1.1358348175935506,0.9826030927835051
2024-05-24 08:00:00,360.0,380.0,1290,1350,1270,166552.26278456906,195656.0621368608,166025.57717785373,194530.9044023056,1.1747427436031699,1.171692384444571,0.9844961240310077
2024-05-24 08:00:00,360.0,390.0,1304,1403,1284,111568.23846139907,134422.51182291977,111073.95979295176,132644.99729711894,1.204845695125212,1.1942042720397907,0.9846625766871165
2024-05-24 08:00:00,360.0,400.0,1223,1311,1205,125165.68749185404,145835.60408514424,124840.86682451154,144041.3490287501,1.1651404391050497,1.1537996546533806,0.9852820932134096
2024-05-24 08:00:00,360.0,410.0,1186,1277,1170,240248.15541257657,271167.49975931726,239852.50782015876,269569.60443044524,1.1286975306580111,1.1238973771021328,0.9865092748735245
2024-05-24 08:00:00,360.0,420.0,1057,1104,1023,89047.71493030622,105858.5564639229,87610.31951141189,104752.35520465804,1.1887846481717559,1.1956622894294238,0.967833491012299
2024-05-24 08:00:00,360.0,430.0,944,944,881,94128.04613764194,107815.65577083285,91470.58130130588,106936.67536488266,1.145414785442117,1.1690827131909347,0.9332627118644068
2024-05-24 08:00:00,360.0,440.0,924,900,848,108919.78308320328,118394.026704152,104919.2678051711,117718.22455034617,1.0869836805836401,1.1219886205167005,0.9177489177489178
2024-05-24 08:00:00,360.0,450.0,937,882,840,82177.42443691728,77984.32455119868,76427.42485711796,77414.9021197525,0.9489750388935906,1.0129204570804347,0.8964781216648879
2024-05-24 08:00:00,360.0,460.0,907,892,829,60382.44306886496,68467.63862927165,55819.762470982605,67661.21138716504,1.1338997753235271,1.2121372143483788,0.9140022050716649
2024-05-24 08:00:00,360.0,470.0,880,851,810,56135.185394050975,65957.52557466693,52371.54915523499,65407.32153053363,1.1749765340876008,1.2489094286032896,0.9204545454545454
2024-05-24 08:00:00,360.0,480.0,791,810,757,64728.42303634716,76519.86825076882,62823.41745842183,75824.71438496697,1.1821679667338778,1.2069498517037813,0.9570164348925411
2024-05-24 08:00:00,360.0,490.0,762,803,748,170376.0467970766,188181.66370898503,169585.41984946223,187508.3903023871,1.1045077476948124,1.1056869775057003,0.9816272965879265
2024-05-24 16:00:00,368.0,0.0,59,59,58,1841.1066891588837,1905.3794875304627,1830.35100033515,1892.648224636542,1.0349098717364078,1.0340356709122922,0.9830508474576272
2024-05-24 16:00:00,368.0,10.0,181,176,173,5369.182875244092,5251.709613887604,5278.921316270562,5219.542186679197,0.9781208306578405,0.9887516547351543,0.9558011049723757
2024-05-24 16:00:00,368.0,20.0,295,291,287,9299.490244736706,9461.964574117152,9209.387021616185,9415.740169324228,1.0174713156425323,1.0224068276448468,0.9728813559322034
2024-05-24 16:00:00,368.0,30.0,450,447,443,34435.87773790421,34868.14892774319,34347.52975553643,34821.27472257032,1.012552930787159,1.013792693984275,0.9844444444444445
2024-05-24 16:00:00,368.0,40.0,588,579,578,24069.658885930257,24786.251168511888,23904.104783883748,24774.964509328995,1.0297716010840732,1.036431388387838,0.9829931972789115
2024-05-24 16:00:00,368.0,50.0,721,720,713,57815.648677498095,59607.98752926708,57697.72503394612,59514.25735148095,1.0310009295539835,1.0314836038416781,0.9889042995839112
2024-05-24 16:00:00,368.0,60.0,836,831,827,240685.47616211214,239375.60716845738,240586.8162005862,239327.8504298731,0.9945577563941893,0.9947671040724715,0.9892344497607656
2024-05-24 16:00:00,368.0,70.0,956,947,935,147708.25913913484,149349.52130504136,147467.24616275838,149217.549480198,1.0111115124873318,1.0118690988201395,0.9780334728033473
2024-05-24 16:00:00,368.0,80.0,1050,1052,1036,141237.7707323166,144897.01300159039,140694.04136211885,144723.5487007539,1.025908383078412,1.028640213186171,0.9866666666666667
2024-05-24 16:00:00,368.0,90.0,1135,1122,1110,173291.7556353045,176482.53480311198,172833.79303956754,176340.02198635467,1.0184127580455848,1.0202867094746015,0.9779735682819384
2024-05-24 16:00:00,368.0,100.0,1251,1248,1238,56373.1633569931,58376.461236853764,56172.66783759263,58244.32144480401,1.0355363751218718,1.0368801000016767,0.9896083133493205
2024-05-24 16:00:00,368.0,110.0,1386,1385,1361,67396.94922221577,69286.64596213313,67110.5801779695,68999.88040581417,1.0280383127385604,1.0281520473051262,0.9819624819624819
2024-05-24 16:00:00,368.0,120.0,1457,1453,1427,54240.03676821186,56270.782301048115,53812.18336274146,55971.90604572253,1.0374399733819208,1.0401344555827188,0.9794097460535347
2024-05-24 16:00:00,368.0,130.0,1479,1495,1462,77918.8724943529,80527.72007184548,77678.0263663714,80127.8473167789,1.0334815878872177,1.0315381461785966,0.9885057471264368
2024-05-24 16:00:00,368.0,140.0,1417,1421,1392,83843.65403237214,86526.93888653733,83558.56176805086,86197.05114467905,1.0320034340718163,1.0315765293322345,0.9823570924488356
2024-05-24 16:00:00,368.0,150.0,1427,1429,1398,129833.35467330687,133368.91989438736,129433.95517991684,132985.4826194184,1.0272315633373017,1.0274389161218542,0.979677645409951
2024-05-24 16:00:00,368.0,160.0,1432,1462,1408,110555.35629180988,114738.01551941669,109979.18058875555,114091.66675098543,1.0378331667311236,1.037393315173057,0.9832402234636871
2024-05-24 16:00:00,368.0,170.0,1393,1434,1364,103991.93683851726,106594.1154658178,103235.83429801774,105728.26588869053,1.025022888373945,1.024143085660331,0.9791816223977028
2024-05-24 16:00:00,368.0,180.0,1465,1481,1428,92985.43657000171,97316.65605835285,92128.75434019131,96682.11337216412,1.0465795467346168,1.049423864075696,0.9747440273037543
2024-05-24 16:00:00,368.0,190.0,1522,1571,1496,97824.6089845562,102445.18045341203,97461.30210526727,101478.33368998059,1.047233221955278,1.0412166829084075,0.9829172141918529
2024-05-24 16:00:00,368.0,200.0,1524,1572,1502,105389.79276645694,113138.51431042823,105087.28851564118,112191.30734303017,1.073524402511564,1.0676011240534733,0.9855643044619422
2024-05-24 16:00:00,368.0,210.0,1590,1614,1568,134450.4825332499,143207.8622714684,134126.9572823076,142676.84314732958,1.0651346099561434,1.0637447239411117,0.9861635220125786
2024-05-24 16:00:00,368.0,220.0,1666,1691,1628,117686.01743651048,124779.02860941438,117029.29891828947,123946.2118685874,1.0602706364562846,1.0591041133650416,0.9771908763505402
2024-05-24 16:00:00,368.0,230.0,1686,1706,1642,182328.13866933621,192037.37044731603,181317.68461248677,191224.80830534594,1.0532514171912222,1.0546395885985018,0.9739027283511269
2024-05-24 16:00:00,368.0,240.0,1737,1770,1701,387393.6623921591,394452.2210467944,386772.1352666883,393591.9228064263,1.0182206353378334,1.0176325720440942,0.9792746113989638
2024-05-24 16:00:00,368.0,250.0,1831,1864,1799,205483.6364277589,219093.2414727232,204954.48607959342,218261.52735931508,1.066232062472522,1.0649268114802517,0.9825232113599126
2024-05-24 16:00:00,368.0,260.0,1920,1955,1892,176056.47449190836,187854.88329086587,175591.58222711852,186997.55029298205,1.067014910033881,1.0649573739310039,0.9854166666666667
2024-05-24 16:00:00,368.0,270.0,1909,1948,1873,204262.20163314123,214169.43568956674,203475.94160169997,213249.73953106898,1.0485025324177162,1.0480341698012683,0.9811419591409115
2024-05-24 16:00:00,368.0,280.0,1903,1959,1862,152713.80253158338,163350.62720026035,151994.87418222523,162179.79865887732,1.0696520189553733,1.0670083417710619,0.9784550709406201
2024-05-24 16:00:00,368.0,290.0,1876,1924,1828,199396.64296611046,208536.69003896712,198725.50135909108,207366.13849286965,1.0458385203326122,1.043480263351633,0.9744136460554371
2024-05-24 16:00:00,368.0,300.0,1832,1874,1780,152578.93530958315,162288.36174887558,151767.77169787162,161116.17989827145,1.0636354318477317,1.0615967942061506,0.9716157205240175
2024-05-24 16:00:00,368.0,310.0,1915,1945,1863,191400.436780123,202995.24053302215,190715.79835316254,201984.67291268305,1.060578773737173,1.059087263125696,0.972845953002611
2024-05-24 16:00:00,368.0,320.0,1861,1911,1821,321145.1860727454,336579.9794873134,320563.438880492,335494.16935888847,1.0480617305939368,1.0465765232945443,0.9785061794734013
2024-05-24 16:00:00,368.0,330.0,1868,1906,1824,869362.7865661653,895198.1109104257,867557.2889706588,894129.1804926507,1.0297175411042212,1.0306283998299628,0.9764453961456103
2024-05-24 16:00:00,368.0,340.0,1900,1911,1844,803419.4763040398,811473.6968168085,801723.1204420936,810640.2057724812,1.0100249256463392,1.0111224001192212,0.9705263157894737
2024-05-24 16:00:00,368.0,350.0,1871,1891,1812,846172.166101835,815446.3752493389,845126.1332560666,814304.6365413241,0.963688487894793,0.9635302997956119,0.968466060929984
2024-05-24 16:00:00,368.0,360.0,2023,2050,1970,1037257.1975899411,1056112.2645896426,1036331.7469394351,1054929.0019176896,1.0181778126423333,1.0179452719007953,0.9738012852199703
2024-05-24 16:00:00,368.0,370.0,1896,1913,1846,481826.8156417326,512665.12818270014,480587.2867904362,511830.6963486094,1.0640028980120062,1.0650108948300105,0.9736286919831224
2024-05-24 16:00:00,368.0,380.0,1503,1529,1461,216720.0106963776,230263.57105884166,215847.2077207443,229383.81987225122,1.0624933540698207,1.0627138627107937,0.9720558882235529
2024-05-24 16:00:00,368.0,390.0,1567,1609,1531,159877.8438570024,170036.38864948554,159336.08251312713,169041.10000182275,1.0635394157652585,1.0609091006608378,0.97702616464582
2024-05-24 16:00:00,368.0,400.0,1472,1487,1431,176733.16998521725,178845.69035735074,175608.2985086423,177908.78569154564,1.0119531629082996,1.0131001051911572,0.9721467391304348
2024-05-24 16:00:00,368.0,410.0,1402,1411,1359,294898.07727965,304306.6159151342,294246.81323727337,303559.15935427585,1.0319043742918748,1.0316480780693902,0.9693295292439372
2024-05-24 16:00:00,368.0,420.0,1240,1231,1196,129051.13822575998,132730.32303766214,127528.9500651189,132286.4286018471,1.0285095107450029,1.0373050866826625,0.964516129032258
2024-05-24 16:00:00,368.0,430.0,1113,1100,1050,137036.4040370178,136260.75883385737,132896.7574939998,135629.08293721895,0.9943398602100584,1.02055976003284,0.9433962264150944
2024-05-24 16:00:00,368.0,440.0,1088,1066,1011,157360.7078928888,147286.25006998965,150693.73986664982,146533.03800836016,0.93597856823473,0.9723896834601656,0.9292279411764706
2024-05-24 16:00:00,368.0,450.0,1089,1031,988,123169.86288576735,102093.61358992351,113917.22669984098,101557.37984535756,0.8288846897930641,0.8915015119965112,0.9072543617998163
2024-05-24 16:00:00,368.0,460.0,1070,1030,997,99232.88889950808,94265.71879244012,92585.54176064723,93891.05344450963,0.9499443162226372,1.0141005999320867,0.9317757009345794
2024-05-24 16:00:00,368.0,470.0,1005,977,942,92958.04194240371,92235.38802262806,87602.70343951226,91832.3337392158,0.9922260204208755,1.048281960871493,0.9373134328358209
2024-05-24 16:00:00,368.0,480.0,907,903,878,99222.30621822993,101200.62308449303,97520.7364237195,100873.46802509879,1.0199382270143165,1.0343796788696504,0.9680264608599779
2024-05-24 16:00:00,368.0,490.0,890,899,878,212471.32677175332,215945.57752677688,212023.2640789877,215685.1429838906,1.0163516216884916,1.0172711184350915,0.9865168539325843
2024-05-25 00:00:00,376.0,0.0,62,58,58,2176.223743803744,1989.7503829676184,2126.074060451327,1989.7503829676184,0.9143133322724457,0.9358800899650835,0.9354838709677419
2024-05-25 00:00:00,376.0,10.0,177,169,168,6147.5620113689465,5714.300235511855,6043.620971886812,5703.184448520103,0.9295229921949804,0.9436701068861991,0.9491525423728814
2024-05-25 00:00:00,376.0,20.0,298,284,282,10896.672430077439,10369.09967024191,10712.964698355885,10346.442893948648,0.9515840488717179,0.965787079979505,0.9463087248322147
2024-05-25 00:00:00,376.0,30.0,451,439,434,42438.10308444082,40672.42876245585,42229.885850302395,40583.664837447126,0.9583941271250569,0.9610176305308795,0.9623059866962306
2024-05-25 00:00:00,376.0,40.0,587,576,573,28553.12559765495,27979.352414659275,28375.73006110466,27943.627427257317,0.9799050656982086,0.9847721051434855,0.9761499148211243
2024-05-25 00:00:00,376.0,50.0,720,703,699,69256.40472589355,69199.31683307725,68974.7681645756,69149.3573966753,0.9991757023333474,1.0025312043337808,0.9708333333333333
2024-05-25 00:00:00,376.0,60.0,838,820,818,309119.46028444136,307402.21182685706,308891.31937229855,307377.1338102724,0.9944447093172195,0.9950979989819618,0.9761336515513126
2024-05-25 00:00:00,376.0,70.0,953,937,929,182904.42148310004,182312.6565023067,182619.94408430601,182223.0449883122,0.9967646217844547,0.9978266388264221,0.974816369359916
2024-05-25 00:00:00,376.0,80.0,1050,1034,1022,179479.0985611394,179188.08222283208,179003.44093921848,179055.5732183439,0.9983785502566017,1.0002912361843543,0.9733333333333334
2024-05-25 00:00:00,376.0,90.0,1141,1116,1108,221706.33620042773,221944.91463305248,221219.12255533107,221856.84018084087,1.0010761011016351,1.0028827418631059,0.9710780017528484
2024-05-25 00:00:00,376.0,100.0,1247,1240,1229,65331.4747903892,64154.05952371133,65079.54863008138,64024.34408610675,0.9819778250765728,0.9837859271278522,0.9855653568564555
2024-05-25 00:00:00,376.0,110.0,1383,1373,1359,80275.93337409214,78515.56684338345,79880.07796775246,78346.82786031732,0.9780710549635686,0.9808056007650104,0.982646420824295
2024-05-25 00:00:00,376.0,120.0,1449,1438,1416,62687.27400964602,62019.25585682182,62257.90106814143,61754.4151315574,0.9893436401027519,0.991912898958271,0.9772256728778468
2024-05-25 00:00:00,376.0,130.0,1485,1481,1456,93457.83454911443,92087.51002217563,93055.43916128634,91771.83000357868,0.9853375104018844,0.9862059738874278,0.9804713804713805
2024-05-25 00:00:00,376.0,140.0,1432,1415,1393,100349.10389504081,99184.52947018512,99757.95883959011,98918.24954727446,0.9883947700611879,0.9915825333428695,0.9727653631284916
2024-05-25 00:00:00,376.0,150.0,1429,1429,1400,159596.5339913519,158046.254200374,159155.77963779875,157701.46827408433,0.9902862565232031,0.990862340236565,0.979706088173548
2024-05-25 00:00:00,376.0,160.0,1450,1459,1415,135358.4366269494,135535.52001620753,134542.88092910915,134984.0279118818,1.00130825527888,1.0032788578609753,0.9758620689655172
2024-05-25 00:00:00,376.0,170.0,1416,1418,1370,126533.32757153752,124943.92989371452,125784.50801887676,124345.12408594557,0.9874389008150883,0.988556747125686,0.9675141242937854
2024-05-25 00:00:00,376.0,180.0,1482,1473,1434,111927.9136601513,112241.32529068051,110827.29893464924,111769.34413173626,1.002800120365692,1.0085001187085008,0.9676113360323887
2024-05-25 00:00:00,376.0,190.0,1542,1546,1504,118691.74195917723,118695.40204810265,118125.69891557525,118210.96984995701,1.000030836929891,1.0007218660728747,0.9753566796368353
2024-05-25 00:00:00,376.0,200.0,1545,1544,1493,126788.86405049087,130733.92048474937,126048.45701847968,130106.8688436037,1.0311151650722847,1.0321972352626978,0.9663430420711974
2024-05-25 00:00:00,376.0,210.0,1605,1596,1562,162423.8822262155,167363.98501317442,161813.8143564424,166946.9011913294,1.0304148793838002,1.031722179316408,0.973208722741433
2024-05-25 00:00:00,376.0,220.0,1690,1678,1633,142646.77212461358,144633.3412164914,141595.708839999,144027.31873504166,1.0139264917270079,1.0171729066859672,0.9662721893491124
2024-05-25 00:00:00,376.0,230.0,1713,1712,1671,222290.8159779445,228142.9490274694,221428.01583409024,227666.1417991529,1.0263264724805614,1.0281722524657255,0.9754816112084063
2024-05-25 00:00:00,376.0,240.0,1753,1763,1711,492571.3071826893,493195.21902518603,491384.191822864,492591.58994731406,1.001266642683808,1.0024571366855963,0.9760410724472333
2024-05-25 00:00:00,376.0,250.0,1837,1844,1794,251150.25151250605,261178.665078966,250509.31139877075,260482.1300971347,1.0399299363869463,1.0398101716965276,0.9765922700054437
2024-05-25 00:00:00,376.0,260.0,1938,1949,1897,217273.56702035462,224293.8506218415,216374.36250055762,223610.21911707975,1.0323108038302202,1.0334413769399482,0.9788441692466461
2024-05-25 00:00:00,376.0,270.0,1926,1951,1890,253473.9687551618,258281.44267400535,252735.5857935637,257532.69610998157,1.0189663417606691,1.0189807474137662,0.9813084112149533
2024-05-25 00:00:00,376.0,280.0,1936,1955,1883,185092.19666971557,190713.24957088733,183312.37140683446,189803.039759406,1.0303689350621417,1.0354076939966397,0.9726239669421488
2024-05-25 00:00:00,376.0,290.0,1904,1907,1837,245298.8318604942,246736.47273849783,244376.40630482495,245845.6788531962,1.0058607734374425,1.0060123338852056,0.9648109243697479
2024-05-25 00:00:00,376.0,300.0,1849,1847,1778,186032.68985425407,190084.1106855814,184716.64408829802,189251.5688530616,1.0217780049006515,1.0245507100193731,0.9616008653326122
2024-05-25 00:00:00,376.0,310.0,1915,1896,1837,232217.1766089239,239247.4180999811,230991.54069151232,238534.64124651247,1.0302744249745865,1.0326553108067014,0.9592689295039164
2024-05-25 00:00:00,376.0,320.0,1886,1880,1833,390077.0994390077,398523.9370048278,389117.81027393567,397925.93037598213,1.0216542770082324,1.022636126821966,0.971898197242842
2024-05-25 00:00:00,376.0,330.0,1894,1887,1830,1070759.892938851,1098779.6661750907,1069792.2191723324,1098002.3426160607,1.0261681198754424,1.026369722024669,0.9662090813093981
2024-05-25 00:00:00,376.0,340.0,1917,1899,1850,1002721.9488210232,1019393.7542372467,1001768.2577028612,1018762.2724155325,1.016626548801316,1.016964017957247,0.9650495565988524
2024-05-25 00:00:00,376.0,350.0,1912,1875,1816,1094657.9143396942,1031391.1299413107,1090635.4366234145,1030529.6418317077,0.942204058848333,0.9448891969091036,0.9497907949790795
2024-05-25 00:00:00,376.0,360.0,2042,2044,1965,1277444.7226678063,1312859.6476105852,1276284.2454169504,1311756.905560647,1.02772325433293,1.027793698990704,0.9622918707149853
2024-05-25 00:00:00,376.0,370.0,1915,1905,1835,581135.0656794164,611614.7847341273,579568.9490608063,610647.089134523,1.0524485973309432,1.0536228521629374,0.95822454308094
2024-05-25 00:00:00,376.0,380.0,1544,1537,1484,263726.02621794154,273792.1105894125,262594.53530868934,273033.62525124435,1.0381687181801027,1.0397536450264797,0.961139896373057
2024-05-25 00:00:00,376.0,390.0,1612,1627,1558,191705.62116276694,197891.6602630847,190790.6404937991,196988.00542709097,1.0322684283475732,1.0324825416868042,0.966501240694789
2024-05-25 00:00:00,376.0,400.0,1497,1496,1438,210923.67741857568,208413.79598416563,209803.83611999813,207355.38132511143,0.9881005230653682,0.9883297901498508,0.9605878423513694
2024-05-25 00:00:00,376.0,410.0,1426,1419,1377,366878.40552522603,371774.16014896956,365940.9229270726,371155.26484009426,1.0133443521068914,1.014249135820376,0.9656381486676017
2024-05-25 00:00:00,376.0,420.0,1245,1234,1203,153956.15356214385,155749.2703398147,153004.30413663614,155281.2923740883,1.0116469315203245,1.0148818574111402,0.9662650602409638
2024-05-25 00:00:00,376.0,430.0,1132,1131,1092,161928.32048775099,158241.02978826239,161170.01259567658,157739.27977223668,0.9772288708461747,0.9787135784865483,0.9646643109540636
2024-05-25 00:00:00,376.0,440.0,1107,1100,1064,187642.25433187233,173143.8694059212,186920.8840437444,172664.01911121435,0.9227339013935068,0.9237278113386541,0.9611562782294489
2024-05-25 00:00:00,376.0,450.0,1098,1093,1051,145437.19848454883,126049.94785615987,144223.0985991453,125501.96685697985,0.8666967541289057,0.8701932497359588,0.9571948998178507
2024-05-25 00:00:00,376.0,460.0,1073,1068,1042,115299.6065506505,108579.74060957215,114695.19094025073,108228.76303824724,0.9417182231395878,0.9436207582114571,0.9711090400745573
2024-05-25 00:00:00,376.0,470.0,1014,1021,991,108379.3738527178,105578.46238281671,107895.31751241701,105221.53560854992,0.9741564158351071,0.9752187401129861,0.9773175542406312
2024-05-25 00:00:00,376.0,480.0,910,910,894,116585.18101578855,115844.53881948967,116049.74837531724,115657.56510824474,0.993647201215062,0.9966205590915705,0.9824175824175824
2024-05-25 00:00:00,376.0,490.0,901,909,888,260607.58963769607,261125.44224154012,260310.41924263583,260888.06676559855,1.0019870971699787,1.00221907184754,0.9855715871254163
2024-05-25 08:00:00,384.0,0.0,36,43,34,847.7079635157505,1025.1742572682097,816.802138701715,924.6759682730468,1.209348385753559,1.132068495489978,0.9444444444444444
2024-05-25 08:00:00,384.0,10.0,77,102,76,2358.887561184289,2976.3320082796745,2342.2189499924175,2669.957654251206,1.2617523858514879,1.1399265872474686,0.987012987012987
2024-05-25 08:00:00,384.0,20.0,148,185,144,4663.977410723895,5863.707846656085,4617.6771604991245,5384.086400096827,1.2572333290409268,1.1659728935045042,0.972972972972973
2024-05-25 08:00:00,384.0,30.0,262,305,256,23880.604946759482,26321.458968381434,23815.608818566572,25732.869876754547,1.1022107282065803,1.0805043899063913,0.9770992366412213
2024-05-25 08:00:00,384.0,40.0,377,435,366,13869.322338468406,16943.771417064374,13707.839666739683,16113.000820544856,1.2216726241965388,1.1754588040332123,0.9708222811671088
2024-05-25 08:00:00,384.0,50.0,447,521,435,46195.39870056733,52376.620370233504,46021.38466493063,51355.8878996907,1.1338060032717123,1.1159135752563545,0.9731543624161074
2024-05-25 08:00:00,384.0,60.0,577,653,562,219838.13133851625,231181.25161083462,219658.99537386026,230128.5577704284,1.0515976013954182,1.0476627983240518,0.9740034662045061
2024-05-25 08:00:00,384.0,70.0,677,750,664,118741.25381091356,129022.5037116955,118568.26296356102,128001.53541300801,1.0865853237254346,1.0795598435337292,0.9807976366322009
2024-05-25 08:00:00,384.0,80.0,738,835,720,115539.3173884767,126592.28361516379,115232.14223517032,125155.0868595022,1.0956641122391593,1.086112645585298,0.975609756097561
2024-05-25 08:00:00,384.0,90.0,803,912,790,155229.50045496674,167438.9001759612,155062.06919021235,165949.3099493933,1.0786538620894197,1.0702121467618604,0.9838107098381071
2024-05-25 08:00:00,384.0,100.0,915,1030,902,32295.813104567907,39799.40773632283,32126.57601740028,38259.966405544066,1.2323395483946993,1.1909132919991798,0.985792349726776
2024-05-25 08:00:00,384.0,110.0,963,1105,950,39539.80582762681,47528.33264130526,39350.320196194516,45659.43068994892,1.2020375833028696,1.1603318718195472,0.9865005192107996
2024-05-25 08:00:00,384.0,120.0,1022,1182,1000,27894.311899886645,35375.06476492126,27629.76639334685,33188.050143616674,1.268182018322704,1.2011701319200527,0.9784735812133072
2024-05-25 08:00:00,384.0,130.0,1112,1257,1098,48097.371802560476,57924.79575108441,47915.27779858098,55964.00233499898,1.2043235124959732,1.1679782504914615,0.987410071942446
2024-05-25 08:00:00,384.0,140.0,1067,1188,1050,53094.01427177823,62503.474230696054,52868.10324404513,60840.049450174956,1.1772226132827812,1.150789336423333,0.9840674789128397
2024-05-25 08:00:00,384.0,150.0,1096,1238,1088,97152.00272104773,108385.35698045623,97013.46264141708,106570.32144526861,1.1156265845765712,1.098510645261429,0.9927007299270073
2024-05-25 08:00:00,384.0,160.0,1069,1217,1050,79319.09011581028,90890.1449655852,79038.46634745772,88802.9791702742,1.1458798232919785,1.1235412739398447,0.9822263797942001
2024-05-25 08:00:00,384.0,170.0,1061,1194,1048,72011.77296827281,83337.1691802117,71718.53032482465,81509.09949406836,1.1572714536125734,1.1365138008949802,0.9877474081055608
2024-05-25 08:00:00,384.0,180.0,1177,1293,1167,60283.585221506095,71766.43574780288,59913.97072799955,70071.94849241897,1.1904805509510457,1.1695427233580482,0.9915038232795242
2024-05-25 08:00:00,384.0,190.0,1243,1357,1224,63911.76128266867,76200.17301487626,63644.43999715558,74429.4347774541,1.1922715238257706,1.1694569829003212,0.9847144006436042
2024-05-25 08:00:00,384.0,200.0,1228,1351,1215,72447.01315745251,86866.20297749215,72256.61973159066,85163.52267843587,1.1990308391141224,1.1786258891543786,0.989413680781759
2024-05-25 08:00:00,384.0,210.0,1316,1421,1304,92609.81044609856,110812.55946553848,92390.96381985149,109315.89450923301,1.196553139799745,1.1831881602878676,0.9908814589665653
2024-05-25 08:00:00,384.0,220.0,1389,1494,1371,79423.06054353465,96429.33829319975,79159.30612331402,94864.19720886325,1.2141226695783567,1.1983960175331023,0.9870410367170627
2024-05-25 08:00:00,384.0,230.0,1443,1517,1424,139463.90400470796,161862.7043721679,139134.38420415216,160607.3224007874,1.1606064345273441,1.1543323623377524,0.9868329868329868
2024-05-25 08:00:00,384.0,240.0,1464,1567,1450,332957.504085077,361124.1791365246,332515.2552226925,359566.41574226343,1.084595405437237,1.0813531412309314,0.9904371584699454
2024-05-25 08:00:00,384.0,250.0,1578,1684,1563,157795.19796235347,186132.82473405742,157560.39788279508,184481.81977976765,1.1795848488270517,1.1708641400931132,0.9904942965779467
2024-05-25 08:00:00,384.0,260.0,1677,1782,1665,129741.1395238785,154716.75430687988,129542.9307147598,153069.5698566385,1.192503433179764,1.1816126824680377,0.9928443649373881
2024-05-25 08:00:00,384.0,270.0,1583,1700,1572,154865.96814525902,179838.10762478504,154597.73538308198,178125.53693579155,1.161250013664093,1.1521872328492353,0.9930511686670878
2024-05-25 08:00:00,384.0,280.0,1570,1681,1541,108262.47079335249,129827.16024057165,107717.56546548597,128039.80680195948,1.199188964460095,1.1886622785119016,0.9815286624203822
2024-05-25 08:00:00,384.0,290.0,1475,1623,1459,149085.40796110564,171070.0293617068,148827.55466656957,168956.39228880667,1.1474632675408223,1.1352494010086598,0.9891525423728813
2024-05-25 08:00:00,384.0,300.0,1439,1561,1419,107855.47352892433,130552.57905681407,107520.82207867835,128746.20592194767,1.2104399970188153,1.1974071945593723,0.9861014593467686
2024-05-25 08:00:00,384.0,310.0,1486,1619,1471,139903.11038204058,164020.78434735717,139606.82385809597,162109.26168684362,1.1723884043711195,1.1611843691223886,0.9899057873485868
2024-05-25 08:00:00,384.0,320.0,1499,1625,1481,257141.9536077089,290585.59581273084,256713.84807760856,288615.9293303978,1.1300590655698406,1.1242709791142422,0.9879919946631087
2024-05-25 08:00:00,384.0,330.0,1517,1615,1494,775989.3433443452,824588.2338545176,774849.9008720107,823050.228983837,1.0626282962865465,1.0622060195885448,0.984838497033619
2024-05-25 08:00:00,384.0,340.0,1563,1671,1548,750152.5224700484,780483.8632073209,749157.1011132626,778945.9276115757,1.0404335649467653,1.0397631237213747,0.9904030710172744
2024-05-25 08:00:00,384.0,350.0,1560,1668,1543,770064.5420956756,786476.0979469378,769806.2112802349,784616.4797986032,1.0213119225131433,1.019238956897656,0.9891025641025641
2024-05-25 08:00:00,384.0,360.0,1693,1785,1671,963432.8692586126,1000607.2538806929,963026.3406430681,999103.8190649981,1.0385853397867637,1.037462608133687,0.987005316007088
2024-05-25 08:00:00,384.0,370.0,1553,1679,1525,412321.3160499081,460777.48117071495,411642.2541885234,457487.1834957975,1.117520397890226,1.1113708052096083,0.9819703799098519
2024-05-25 08:00:00,384.0,380.0,1294,1375,1281,168142.50878296891,195168.8369378533,167965.8071568483,193789.88025318962,1.1607346550881361,1.1537460125573444,0.9899536321483772
2024-05-25 08:00:00,384.0,390.0,1311,1393,1290,112325.97875447507,133735.48828272452,111865.73548856084,132257.30537300152,1.1906015844744775,1.1822861110721958,0.9839816933638444
2024-05-25 08:00:00,384.0,400.0,1228,1323,1212,125906.07901237706,148289.55890863563,125608.92054838405,146338.4411554677,1.17777918327564,1.1650322327154998,0.9869706840390879
2024-05-25 08:00:00,384.0,410.0,1199,1271,1187,241374.69118871307,269147.36755183956,241206.04074899142,267926.15174763475,1.115060432501654,1.1107771219811586,0.9899916597164303
2024-05-25 08:00:00,384.0,420.0,1064,1131,1050,89908.85888073173,108725.45807047859,89515.32073106988,107620.92761780194,1.2092852631430675,1.2022626600548814,0.9868421052631579
2024-05-25 08:00:00,384.0,430.0,942,995,925,94503.94331890748,110393.5705172595,94191.9811316308,109408.59199585796,1.1681371870878638,1.1615488991887999,0.9819532908704883
2024-05-25 08:00:00,384.0,440.0,931,979,922,109575.85730886216,123789.87670046082,109447.02870130727,123045.02851717206,1.1297185323545633,1.1242427499148944,0.9903329752953813
2024-05-25 08:00:00,384.0,450.0,936,975,920,83064.48815101365,99026.93359542199,82717.55933044438,97861.51220516235,1.1921693108538531,1.1830802673253467,0.9829059829059829
2024-05-25 08:00:00,384.0,460.0,908,967,902,61482.05327450634,74596.0027708113,61398.961329195416,73759.20900206434,1.2132971948375493,1.2013103708155333,0.9933920704845814
2024-05-25 08:00:00,384.0,470.0,882,932,879,56952.08318032467,69759.64529271213,56882.559927372495,69033.4744383942,1.2248831192326273,1.213614058975826,0.9965986394557823
2024-05-25 08:00:00,384.0,480.0,803,842,795,65712.33636865286,78444.97322511382,65551.37205472478,77853.3708069933,1.1937632651657608,1.1876695844291154,0.9900373599003736
2024-05-25 08:00:00,384.0,490.0,777,823,775,171490.72121214643,187840.61064507184,171462.553173723,187237.06558449182,1.0953397904992155,1.0919997522420324,0.9974259974259975
2024-05-25 16:00:00,392.0,0.0,59,59,59,1862.820964931322,1846.961749373075,1862.820964931322,1846.961749373075,0.9914864520762834,0.9914864520762834,1.0
2024-05-25 16:00:00,392.0,10.0,180,174,172,5289.053006695388,5268.433568604362,5200.722077515007,5247.664193692834,0.9961014877209732,1.009026076663619,0.9555555555555556
2024-05-25 16:00:00,392.0,20.0,293,292,284,9093.452193688148,9272.736684662916,8990.567933619779,9186.830553694534,1.019715778689551,1.0218298356148159,0.9692832764505119
2024-05-25 16:00:00,392.0,30.0,448,444,439,33189.206554222445,33003.80715535541,33082.99669630288,32950.419788357176,0.9944138646832626,0.9959925967661655,0.9799107142857143
2024-05-25 16:00:00,392.0,40.0,587,584,579,23715.371804620336,24268.716515397136,23614.76462744778,24209.670435160377,1.023332744488914,1.0251921125235832,0.9863713798977853
2024-05-25 16:00:00,392.0,50.0,719,723,716,57454.02310056301,59429.0926100262,57406.46621036525,59350.87538096802,1.0343765223543386,1.0338709086094502,0.9958275382475661
2024-05-25 16:00:00,392.0,60.0,836,837,829,231195.28230683805,229773.60759974387,231120.02629252637,229682.6871933302,0.9938507624683822,0.9937809841827513,0.9916267942583732
2024-05-25 16:00:00,392.0,70.0,959,952,942,143589.63226494152,144873.47377976467,143401.99214622163,144761.22955583723,1.0089410460530623,1.00947851134613,0.9822732012513035
2024-05-25 16:00:00,392.0,80.0,1047,1048,1034,136858.08289123664,138534.40934159464,136386.84070216888,138380.83770348306,1.0122486477593742,1.0146201568351343,0.9875835721107927
2024-05-25 16:00:00,392.0,90.0,1141,1134,1121,169915.25068505114,172770.898722201,169643.21420595172,172593.48636800825,1.0168063080014107,1.0173910414033702,0.9824715162138475
2024-05-25 16:00:00,392.0,100.0,1249,1256,1238,55363.394284787515,57332.187357526745,55212.14249374738,57108.803114624956,1.035561278317074,1.0343522373016474,0.9911929543634908
2024-05-25 16:00:00,392.0,110.0,1382,1380,1363,65602.35754584936,67201.32955931683,65356.024117313835,67004.69291138664,1.024373697429242,1.0252259652624132,0.9862518089725036
2024-05-25 16:00:00,392.0,120.0,1456,1463,1439,53370.3551736472,55188.35303891153,53147.52834368241,54906.49348619218,1.0340638142532357,1.0330958973507722,0.9883241758241759
2024-05-25 16:00:00,392.0,130.0,1483,1489,1461,76543.58650984982,79328.01891329941,76225.81480977741,78993.12358416666,1.0363770830504695,1.0363040891238107,0.9851652056641942
2024-05-25 16:00:00,392.0,140.0,1416,1434,1402,81638.54797121149,83942.72582874543,81387.83872236975,83566.28825588065,1.028224140614878,1.0267662782021036,0.9901129943502824
2024-05-25 16:00:00,392.0,150.0,1415,1432,1394,127325.86647134274,130155.62387895437,126950.28034833445,129670.83228838729,1.0222245289667715,1.0214300585440852,0.9851590106007068
2024-05-25 16:00:00,392.0,160.0,1433,1457,1408,108685.89020150722,112528.70746131972,108294.7957437589,111889.8546145338,1.0353570942160732,1.0331969680175705,0.9825540823447313
2024-05-25 16:00:00,392.0,170.0,1398,1429,1368,102473.14569589178,106185.92626335984,101992.40205442281,105455.07065690338,1.0362317419091087,1.0339502603403037,0.9785407725321889
2024-05-25 16:00:00,392.0,180.0,1457,1488,1430,92198.9839124041,96181.81611847017,91719.60005789218,95462.2490012394,1.043198222334533,1.0408053343122399,0.9814687714481812
2024-05-25 16:00:00,392.0,190.0,1511,1554,1485,95872.47052236834,101917.26370464316,95384.58243801564,101056.29957668111,1.0630503537599407,1.0594615711857958,0.9827928524156188
2024-05-25 16:00:00,392.0,200.0,1521,1567,1500,103886.08659452204,111383.54624567227,103628.55086523888,110595.70367689079,1.0721700075238523,1.067231981471131,0.9861932938856016
2024-05-25 16:00:00,392.0,210.0,1593,1614,1563,131060.64277959103,140362.14864519174,130208.22108947499,139729.0002330627,1.0709710075300285,1.0731196468542898,0.9811676082862524
2024-05-25 16:00:00,392.0,220.0,1666,1692,1632,115472.97921238648,124216.72917176686,114879.80524921956,123478.19377539026,1.0757211775345141,1.0748468236651116,0.9795918367346939
2024-05-25 16:00:00,392.0,230.0,1688,1707,1655,181965.30953402363,192048.49439874364,181411.63171248548,191429.7633120219,1.0554126766829404,1.0552232042949368,0.9804502369668247
2024-05-25 16:00:00,392.0,240.0,1735,1748,1697,377897.62091544166,388893.1174287138,376862.74531692866,388260.1146143974,1.0290964957298117,1.0302427593045418,0.9780979827089337
2024-05-25 16:00:00,392.0,250.0,1826,1850,1793,201847.8533141846,216056.69585964424,201414.21399457025,215345.69022684108,1.0703938254093937,1.0691682873615185,0.9819277108433735
2024-05-25 16:00:00,392.0,260.0,1928,1963,1899,174240.7377614802,186670.30647823657,173788.7990365338,185840.4448104307,1.071335606566194,1.069346504727059,0.9849585062240664
2024-05-25 16:00:00,392.0,270.0,1897,1951,1864,201805.10406028733,211506.83714682035,200973.35167962516,210312.19982468063,1.048074765659221,1.0464680917495106,0.9826041117554033
2024-05-25 16:00:00,392.0,280.0,1905,1957,1859,151363.27981075124,162093.16857137083,150067.06528632902,160799.9489326579,1.0708883209589215,1.0715205806540593,0.9758530183727034
2024-05-25 16:00:00,392.0,290.0,1876,1902,1818,195670.57952419447,204619.39721661166,194871.52691693837,203598.30084923565,1.0457340991894526,1.0447821909663435,0.9690831556503199
2024-05-25 16:00:00,392.0,300.0,1821,1868,1778,149782.39493281965,160051.3976666949,149194.7537376853,158945.2115679402,1.068559477490536,1.0653538920503745,0.9763866007688083
2024-05-25 16:00:00,392.0,310.0,1914,1953,1861,187672.27229569817,198409.4049306615,186976.01138930564,197251.50363317953,1.0572121416958484,1.0549562062401638,0.9723092998955067
2024-05-25 16:00:00,392.0,320.0,1860,1883,1808,314989.3267967347,330005.0457013566,314020.9638980555,329108.7725265332,1.0476705641341038,1.0480471381311214,0.9720430107526882
2024-05-25 16:00:00,392.0,330.0,1866,1904,1820,852847.4059237683,873526.7932087302,852203.1141666343,872529.2310087765,1.0242474646007311,1.0238512585840747,0.9753483386923901
2024-05-25 16:00:00,392.0,340.0,1905,1933,1852,784165.0174142941,788079.4984769016,782768.0824863506,787053.9525820336,1.0049919098348905,1.0054752744670805,0.9721784776902888
2024-05-25 16:00:00,392.0,350.0,1857,1890,1807,805812.4824175867,800888.1637122598,804902.3787183982,799787.5054236215,0.9938890017060136,0.9936453495106813,0.9730748519116855
2024-05-25 16:00:00,392.0,360.0,2017,2051,1968,1018542.5805362498,1025602.0202758301,1017907.1397558812,1024521.2981266559,1.0069309225500063,1.0064978013341777,0.9757064947942489
2024-05-25 16:00:00,392.0,370.0,1890,1918,1836,479141.9334329596,504367.02426783356,478056.4144671841,503301.30001567875,1.0526463852874264,1.0528073356711074,0.9714285714285714
2024-05-25 16:00:00,392.0,380.0,1501,1529,1461,213286.64961392942,226840.51119567253,212440.65881049365,225983.71481643064,1.0635476322886452,1.0637498305727717,0.9733510992671552
2024-05-25 16:00:00,392.0,390.0,1568,1591,1530,156098.32262363512,166519.78096266603,155134.13166733447,165690.4320552901,1.066762141731387,1.0680462788845995,0.9757653061224489
2024-05-25 16:00:00,392.0,400.0,1466,1499,1429,171456.16283956694,180586.17818868667,170767.98018909755,179536.03373410035,1.053249852311595,1.0513448337053213,0.9747612551159618
2024-05-25 16:00:00,392.0,410.0,1398,1417,1367,286883.5210548798,297471.3071099507,286351.0031576331,296783.1119064655,1.036906218998356,1.036431193304008,0.9778254649499285
2024-05-25 16:00:00,392.0,420.0,1232,1243,1198,125925.18178112002,133623.6487033111,125189.77907594162,132991.40399387715,1.061135245653823,1.0623183855385108,0.9724025974025974
2024-05-25 16:00:00,392.0,430.0,1109,1133,1088,133209.69898909208,140161.39262650197,132690.5235484979,139583.71255390433,1.0521860922302597,1.0519493692621311,0.9810640216411182
2024-05-25 16:00:00,392.0,440.0,1084,1114,1056,153035.65697320458,157641.4791607675,152575.81092050267,156839.74220924295,1.0300963989612524,1.027946312479125,0.974169741697417
2024-05-25 16:00:00,392.0,450.0,1079,1097,1051,119590.26216787295,126008.60960410522,118853.1307654283,125426.0430929698,1.0536694821123698,1.0553028118419023,0.974050046339203
2024-05-25 16:00:00,392.0,460.0,1066,1075,1043,96346.52084082866,103969.09426010339,95933.1616137698,103585.44397804767,1.079116229135744,1.0797668109291156,0.9784240150093808
2024-05-25 16:00:00,392.0,470.0,1007,1028,986,90226.88064718818,97704.10937276283,89768.04817481517,97190.39932487338,1.0828714089630636,1.08268366418755,0.9791459781529295
2024-05-25 16:00:00,392.0,480.0,905,926,895,97041.93927645429,104651.31098643206,96881.6537348163,104259.48931810043,1.078413227999289,1.076153072319334,0.988950276243094
2024-05-25 16:00:00,392.0,490.0,888,900,880,206963.5150008133,215375.55450222603,206721.18279470864,215144.9565215382,1.0406450359203634,1.0407494462490332,0.990990990990991
2024-05-26 00:00:00,400.0,0.0,60,56,56,2112.1890657944923,1991.619111601191,2069.0584416922084,1991.619111601191,0.9429170635593886,0.9625726714477516,0.9333333333333333
2024-05-26 00:00:00,400.0,10.0,177,158,157,6016.283774070227,5458.791607360203,5780.848258281854,5448.611749162272,0.9073361251487542,0.9425280695365756,0.8870056497175142
2024-05-26 00:00:00,400.0,20.0,295,284,280,10537.375452560376,10081.987728772845,10348.8072884922,10040.928843130585,0.9567835723574905,0.9702498619619698,0.9491525423728814
2024-05-26 00:00:00,400.0,30.0,449,432,430,40424.894045663874,38575.0298493678,40199.137726963294,38554.05020815374,0.9542394794107197,0.9590765471144392,0.9576837416481069
2024-05-26 00:00:00,400.0,40.0,586,578,574,27954.596974712338,27237.790080678984,27804.334895777334,27191.409469198596,0.9743581746257413,0.9779557601763809,0.9795221843003413
2024-05-26 00:00:00,400.0,50.0,719,706,703,69441.42970459403,69944.12417350794,69229.21192006537,69910.14996002673,1.0072391146186417,1.0098359929439555,0.9777468706536857
2024-05-26 00:00:00,400.0,60.0,831,828,822,298026.0129094238,297779.55659928406,297915.4710114406,297706.2187453123,0.9991730375891227,0.9992976119520819,0.9891696750902527
2024-05-26 00:00:00,400.0,70.0,952,933,924,177908.8077065735,178906.26198514446,177569.50967611792,178806.16977330626,1.0056065480480092,1.0069643718645391,0.9705882352941176
2024-05-26 00:00:00,400.0,80.0,1046,1026,1016,172706.2102971824,171976.81272812648,171559.96769729335,171864.09565159268,0.9957766569725499,1.0017727209813652,0.97131931166348
2024-05-26 00:00:00,400.0,90.0,1141,1122,1108,216597.47917040536,217499.07546674213,216158.78124336048,217287.2936950661,1.004162542887341,1.0052207569140348,0.9710780017528484
2024-05-26 00:00:00,400.0,100.0,1247,1248,1228,63748.52770909499,62944.46905114584,63511.51471644073,62717.28168624224,0.9873870238757775,0.9874946608698518,0.9847634322373697
2024-05-26 00:00:00,400.0,110.0,1378,1362,1352,77174.68171580724,75414.5365628382,76736.62236561035,75284.69920152501,0.9771927125083495,0.9810791364106739,0.9811320754716981
2024-05-26 00:00:00,400.0,120.0,1453,1442,1427,60653.567667838724,59630.090542137405,60310.01421120961,59456.070981571705,0.9831258545036253,0.9858407722033138,0.9821059876118375
2024-05-26 00:00:00,400.0,130.0,1480,1483,1456,90688.12950239601,89240.64108622464,90370.57216896446,88892.79208455264,0.984038832600102,0.9836475519746756,0.9837837837837838
2024-05-26 00:00:00,400.0,140.0,1431,1433,1411,96681.0204267758,94947.85200982113,96445.79597307452,94671.88451637619,0.9820733334287951,0.98160716660793,0.9860237596086653
2024-05-26 00:00:00,400.0,150.0,1427,1429,1396,154755.06642839318,153514.71876571944,154160.36873956886,153131.1445868725,0.991985091723975,0.9933236787047709,0.9782761037140855
2024-05-26 00:00:00,400.0,160.0,1450,1451,1418,131632.19606612594,131863.44982786733,131106.71144964665,131467.3890943003,1.0017568176225307,1.0027510235034167,0.9779310344827586
2024-05-26 00:00:00,400.0,170.0,1401,1406,1356,122505.13754435098,122108.61182841171,121750.34682624889,121436.31155908378,0.9967631911290601,0.9974206622375108,0.9678800856531049
2024-05-26 00:00:00,400.0,180.0,1467,1477,1429,109085.84347949194,108737.99568558662,108458.41200251211,108167.03051053538,0.9968112471535253,0.9973134265328356,0.9740967961826857
2024-05-26 00:00:00,400.0,190.0,1532,1529,1487,114790.9776268717,115157.37805704177,114052.35344445254,114612.38429265287,1.0031918922353031,1.004910296291896,0.970626631853786
2024-05-26 00:00:00,400.0,200.0,1538,1535,1482,123470.15836476993,125327.11701950865,122728.85667359599,124484.95016062952,1.01503973655928,1.0143087252226586,0.9635890767230169
2024-05-26 00:00:00,400.0,210.0,1597,1597,1552,157078.25623306827,161052.39761927747,155869.1719293091,160443.5123083669,1.0253003915469527,1.0293473066061607,0.9718221665623044
2024-05-26 00:00:00,400.0,220.0,1682,1658,1624,138139.79706659314,141256.77466782596,137356.7910659815,140833.4127910293,1.0225639364428067,1.0253108834158606,0.9655172413793104
2024-05-26 00:00:00,400.0,230.0,1698,1691,1655,219628.81452316212,223316.17548443208,218568.5184497066,222847.12504825293,1.0167890582539254,1.0195755849419406,0.974676089517079
2024-05-26 00:00:00,400.0,240.0,1748,1735,1703,475632.98760932934,482054.3443891767,474032.14604529267,481678.6463395549,1.013500654805553,1.0161307631941308,0.9742562929061785
2024-05-26 00:00:00,400.0,250.0,1833,1819,1775,242378.01721289134,253323.228389234,241624.56559928978,252726.42932640627,1.0451576067095598,1.0459467509008493,0.9683578832515003
2024-05-26 00:00:00,400.0,260.0,1932,1927,1876,211376.39585071226,218807.469560904,210039.9065100234,218183.9739664661,1.0351556458339843,1.0387739053580947,0.9710144927536232
2024-05-26 00:00:00,400.0,270.0,1917,1917,1857,245155.58978660495,249462.94467974995,243988.4066232342,248650.65912272033,1.0175698824444277,1.0191085001292113,0.9687010954616588
2024-05-26 00:00:00,400.0,280.0,1934,1939,1865,181821.37590776352,186703.72009953664,180705.13035330735,185832.20334478494,1.0268524213250365,1.0283725923079956,0.9643226473629782
2024-05-26 00:00:00,400.0,290.0,1887,1891,1825,237865.46366734477,241547.8850307981,236939.20396380147,240698.79535485065,1.0154811098117347,1.0158673251541082,0.9671436142024378
2024-05-26 00:00:00,400.0,300.0,1836,1831,1768,180224.82407572272,184627.05962147797,179176.7533351673,183862.22482141576,1.0244263550725154,1.0261499965761955,0.9629629629629629
2024-05-26 00:00:00,400.0,310.0,1908,1892,1838,225816.9403420047,231653.35846740665,224729.53568529797,230986.9590926742,1.0258457940159962,1.0278442412489066,0.9633123689727463
2024-05-26 00:00:00,400.0,320.0,1880,1867,1810,382567.7437733686,393219.36895931984,381160.5234926727,392503.62781825825,1.0278424549882104,1.0297593890931982,0.9627659574468085
2024-05-26 00:00:00,400.0,330.0,1871,1856,1803,1056823.0724482322,1078970.0766679079,1055769.2827195413,1078336.5343455556,1.0209562080891839,1.0213751735302277,0.9636557990379476
2024-05-26 00:00:00,400.0,340.0,1904,1878,1833,987180.3680459177,993623.9545814923,985386.6319294628,993015.9348393591,1.006527263653277,1.0077424461248856,0.9627100840336135
2024-05-26 00:00:00,400.0,350.0,1896,1861,1810,1035559.6488774499,1032659.9557896935,1033880.5292604747,1032022.9231609398,0.9971998782581962,0.9982032681272529,0.9546413502109705
2024-05-26 00:00:00,400.0,360.0,2029,2036,1966,1271538.5287869023,1284743.3967944544,1270551.7692986557,1283764.9644973273,1.0103849531167177,1.0103995724676103,0.9689502217841302
2024-05-26 00:00:00,400.0,370.0,1911,1912,1845,580856.2530238873,602895.5298113109,578862.3130537383,602024.3336281816,1.0379427382810964,1.0400130049100174,0.9654631083202512
2024-05-26 00:00:00,400.0,380.0,1531,1529,1479,257425.59081988333,266637.62093126704,256331.35814984955,265745.00365164306,1.0357852149898694,1.0367245177091846,0.9660352710646636
2024-05-26 00:00:00,400.0,390.0,1607,1577,1529,185361.2503477939,190944.58437549102,184050.1968607221,190262.62494588929,1.0301213658044555,1.0337539877225363,0.9514623522090853
2024-05-26 00:00:00,400.0,400.0,1483,1487,1432,203322.27085284347,206685.719500828,202181.73554111554,205707.52932767058,1.016542450730441,1.0174387353888257,0.9656102494942683
2024-05-26 00:00:00,400.0,410.0,1419,1419,1377,354640.5731520504,361574.7264458827,353879.4088128625,361011.5481481532,1.019552622623524,1.0201541518315984,0.9704016913319239
2024-05-26 00:00:00,400.0,420.0,1245,1240,1205,149133.44235506037,153248.19707831266,148202.0001088445,152691.5437002882,1.0275910933072663,1.030293407566338,0.9678714859437751
2024-05-26 00:00:00,400.0,430.0,1122,1130,1085,156441.589842661,158703.7259949074,155814.66853142835,158016.90028456482,1.0144599409563757,1.014133661316311,0.9670231729055259
2024-05-26 00:00:00,400.0,440.0,1092,1101,1063,182133.7660545068,180818.34492610945,181443.00030468724,180325.02397976187,0.9927777196019563,0.9938384157942273,0.9734432234432234
2024-05-26 00:00:00,400.0,450.0,1081,1086,1050,140495.68419767154,142131.98140554098,139322.1643331739,141584.5006483451,1.0116466012263212,1.0162381651620132,0.971322849213691
2024-05-26 00:00:00,400.0,460.0,1072,1064,1042,111544.4854752946,114274.4892582971,111061.35006641597,114000.23119099328,1.0244745741698469,1.0264617810140055,0.9720149253731343
2024-05-26 00:00:00,400.0,470.0,1013,1014,989,104588.21004087286,107956.28130266683,104033.78924872253,107618.52372526293,1.0322031638219809,1.034457405641258,0.9763079960513327
2024-05-26 00:00:00,400.0,480.0,904,906,882,113161.21610882881,116955.93587292687,112742.04114061619,116628.39657508853,1.0335337485278404,1.0344712176145998,0.9756637168141593
2024-05-26 00:00:00,400.0,490.0,892,902,882,253862.65897602454,258836.22000370998,253721.57433471672,258590.54525664716,1.0195915423235016,1.0191902124787668,0.9887892376681614
2024-05-26 08:00:00,408.0,0.0,38,45,38,890.1724799546937,1039.6246406667449,890.1724799546937,957.2095024516967,1.1678912391446405,1.0753079026891676,1.0
2024-05-26 08:00:00,408.0,10.0,80,87,77,2395.767816492866,2663.607414501825,2363.3180111488537,2547.8735227175575,1.1117969763869047,1.0780916959537696,0.9625
2024-05-26 08:00:00,408.0,20.0,152,166,143,4699.4770185768875,5191.603177234595,4599.7849420083785,4922.134250780876,1.1047193457298223,1.070079213014631,0.9407894736842105
2024-05-26 08:00:00,408.0,30.0,274,302,262,24041.752183177432,25494.228902143597,23906.844500104053,25046.426961223882,1.0604147612827695,1.0476676234337354,0.9562043795620438
2024-05-26 08:00:00,408.0,40.0,392,430,376,14262.356546307552,16401.871332504987,14090.101891198094,15791.183326451728,1.1500113097895694,1.1207288242760174,0.9591836734693877
2024-05-26 08:00:00,408.0,50.0,472,508,447,46410.965209675516,50632.363014200484,46091.12022968023,49927.148054249454,1.0909569060986672,1.0832270468900218,0.9470338983050848
2024-05-26 08:00:00,408.0,60.0,594,633,578,217940.28645495654,224072.79313409457,217726.87231668053,223428.95103577198,1.028138472142485,1.0261891362256739,0.9730639730639731
2024-05-26 08:00:00,408.0,70.0,697,738,676,117880.71098093808,125676.26339033083,117624.98824211379,124939.811591167,1.0661308567323906,1.062187664869277,0.96987087517934
2024-05-26 08:00:00,408.0,80.0,755,809,730,114937.09536466727,121423.44464908134,114260.61441944509,120473.09092896973,1.0564339064236352,1.054371110649895,0.9668874172185431
2024-05-26 08:00:00,408.0,90.0,819,908,801,153299.72009362426,160620.8553838614,153085.0865959416,159351.75138573837,1.0477570036381405,1.0409358281015135,0.978021978021978
2024-05-26 08:00:00,408.0,100.0,931,989,906,32832.53308644721,37622.54005329482,32551.842191732347,36631.51446156119,1.145892092889563,1.125328460546083,0.9731471535982814
2024-05-26 08:00:00,408.0,110.0,993,1074,963,40118.07491467189,45259.97107634762,39640.782788477365,43956.10790434866,1.1281690652558019,1.1088607442213694,0.9697885196374623
2024-05-26 08:00:00,408.0,120.0,1067,1169,1040,28884.54487896696,33758.00412789887,28575.401625632643,32261.257855485073,1.1687220369700424,1.1289870315084618,0.9746954076850984
2024-05-26 08:00:00,408.0,130.0,1138,1237,1122,48981.276531869604,55432.46353736015,48795.94585678143,54054.796423455016,1.1317072045129957,1.1077722846506262,0.9859402460456942
2024-05-26 08:00:00,408.0,140.0,1079,1169,1062,53402.22227010089,59406.07697958342,53158.72437838878,58159.47163988867,1.1124270574193689,1.0940719951423983,0.9842446709916589
2024-05-26 08:00:00,408.0,150.0,1122,1196,1093,97260.15193695755,104376.38579161084,96875.79586124656,103147.0561076574,1.0731670032683673,1.064735057819737,0.9741532976827094
2024-05-26 08:00:00,408.0,160.0,1104,1205,1074,79740.44982600308,87028.09508070815,79244.08684486913,85441.38770943022,1.09139207604932,1.0782052151940766,0.9728260869565217
2024-05-26 08:00:00,408.0,170.0,1081,1178,1066,72124.37455084427,79840.25267167801,71810.52929487333,78478.24937530863,1.1069801737468714,1.0928515657231248,0.9861239592969473
2024-05-26 08:00:00,408.0,180.0,1193,1265,1171,61196.38639900935,68189.89055234569,60692.56530140961,67008.39051071888,1.1142796914140922,1.1040625845677112,0.9815590947191953
2024-05-26 08:00:00,408.0,190.0,1262,1328,1237,64860.211044028154,73358.37810598745,64524.15435040426,72221.96564269638,1.1310228092873549,1.1193012348598705,0.9801901743264659
2024-05-26 08:00:00,408.0,200.0,1243,1312,1221,72873.13914429472,81831.91240578052,72532.87193128746,80708.39442030992,1.122936563000898,1.1127147219093625,0.9823008849557522
2024-05-26 08:00:00,408.0,210.0,1338,1398,1317,92649.85022852398,105388.37750127754,92127.77454757137,104297.24360301958,1.137491072477004,1.1320933791705166,0.984304932735426
2024-05-26 08:00:00,408.0,220.0,1404,1468,1379,79951.03399762131,91303.6014774149,79522.96791903455,90090.11450410588,1.141994004481935,1.1328816926932375,0.9821937321937322
2024-05-26 08:00:00,408.0,230.0,1444,1495,1425,140173.17704344814,155310.0073916146,139719.14523525705,154386.03116345208,1.1079866395799436,1.1049740599507616,0.9868421052631579
2024-05-26 08:00:00,408.0,240.0,1484,1551,1462,328787.69382259273,346743.3229945275,328031.6856386636,345652.03557032126,1.0546116217525565,1.0537153900159115,0.9851752021563343
2024-05-26 08:00:00,408.0,250.0,1588,1662,1575,156655.30964397802,175214.17790513596,156373.35691184603,174123.90578502498,1.118469449285413,1.1135138953574146,0.9918136020151134
2024-05-26 08:00:00,408.0,260.0,1680,1759,1667,129371.48537531047,147172.1944644333,129173.13813681094,145928.57030377898,1.1375937598419192,1.1297129759998699,0.9922619047619048
2024-05-26 08:00:00,408.0,270.0,1604,1668,1579,153889.28729506466,170028.29841023855,153310.6868224998,168953.0761830043,1.1048741689486756,1.1020306521659184,0.9844139650872819
2024-05-26 08:00:00,408.0,280.0,1575,1644,1546,108571.12662186637,124025.03674887896,107412.6599271012,122621.89098010225,1.142339041767852,1.1415962612165387,0.9815873015873016
2024-05-26 08:00:00,408.0,290.0,1487,1585,1464,148593.1594424483,164178.48294308508,148242.8404828222,162658.2049302113,1.1048858746870724,1.0972415558177293,0.98453261600538
2024-05-26 08:00:00,408.0,300.0,1454,1528,1427,107289.39393621527,123312.0710383616,106864.87143478778,122060.59408262171,1.149340736435439,1.1421956761264325,0.9814305364511692
2024-05-26 08:00:00,408.0,310.0,1491,1573,1468,138407.86023371032,156719.5116747002,138107.85720410294,155386.25095594584,1.1323021063259666,1.1251079706950198,0.9845741113346748
2024-05-26 08:00:00,408.0,320.0,1509,1595,1488,253554.348953521,280267.7966270691,253168.48136711982,278899.9331660337,1.1053559041041925,1.1016376590796888,0.9860834990059643
2024-05-26 08:00:00,408.0,330.0,1509,1584,1484,760092.438740306,804277.6997672345,758829.4325180382,802932.583499202,1.058131430829856,1.058119979393545,0.9834327369118622
2024-05-26 08:00:00,408.0,340.0,1575,1635,1554,742405.8850524515,764723.7014533749,740889.0565049113,763721.4849080308,1.0300614756028592,1.030817607849183,0.9866666666666667
2024-05-26 08:00:00,408.0,350.0,1561,1621,1536,759545.980285404,776296.0031950547,759159.6251701517,775216.9167220083,1.0220526779739612,1.0211514034986484,0.9839846252402307
2024-05-26 08:00:00,408.0,360.0,1708,1780,1678,951996.9406037187,990040.0824227385,951384.3913135862,988676.5664912375,1.0399614118453935,1.0391978000881028,0.9824355971896955
2024-05-26 08:00:00,408.0,370.0,1562,1633,1531,403697.11867062096,446263.0470514987,402885.9394807352,444841.5577071413,1.1054402580851899,1.104137707760368,0.9801536491677336
2024-05-26 08:00:00,408.0,380.0,1295,1358,1276,165353.49258431367,187923.7293368443,164780.78460453267,186388.7481794688,1.1364968855497386,1.131131573543568,0.9853281853281853
2024-05-26 08:00:00,408.0,390.0,1313,1380,1295,111597.41598677477,129388.12170840343,111121.2173383253,128175.94529820519,1.1594186170380236,1.1534785918332249,0.9862909367859863
2024-05-26 08:00:00,408.0,400.0,1229,1295,1201,125506.87677728698,141023.57949866887,124829.64902627788,139540.56752524857,1.123632291072914,1.117847952098895,0.9772172497965825
2024-05-26 08:00:00,408.0,410.0,1201,1269,1187,239581.11239525874,261444.67559551809,239293.19783382787,260149.9051302779,1.0912574575753244,1.0871596329743294,0.9883430474604497
2024-05-26 08:00:00,408.0,420.0,1060,1112,1045,89656.78469961064,103798.37950564042,89228.52462070154,102805.3890669567,1.1577303363421998,1.1521583429062465,0.9858490566037735
2024-05-26 08:00:00,408.0,430.0,948,997,935,94392.79233490404,106779.90631872596,94143.79987733916,105831.79301063172,1.131229447475954,1.1241504289026039,0.9862869198312236
2024-05-26 08:00:00,408.0,440.0,928,974,919,108932.66214562587,119484.59726488308,108635.43774515041,118740.02932800831,1.0968665863058678,1.093013769655556,0.990301724137931
2024-05-26 08:00:00,408.0,450.0,936,973,922,83016.24056770197,94163.12827370992,82466.95485371492,93451.68306063993,1.1342735786369098,1.1332015742112753,0.9850427350427351
2024-05-26 08:00:00,408.0,460.0,920,953,914,61553.636721489034,71754.42094884237,61434.652286504264,71276.27777704512,1.165721877222441,1.1601966500053396,0.9934782608695653
2024-05-26 08:00:00,408.0,470.0,886,924,874,56938.347604258284,67434.86812533387,56717.55517342535,66838.86642360954,1.1843488784400653,1.1784511201026955,0.9864559819413092
2024-05-26 08:00:00,408.0,480.0,805,833,798,65470.011106865466,76361.49467438005,65313.180244863885,75888.19214776,1.1663583583289245,1.1619123714884134,0.991304347826087
2024-05-26 08:00:00,408.0,490.0,775,803,768,169469.2201554887,182866.99923696945,169310.1686100915,182455.1719571877,1.0790573006070852,1.077638593446612,0.9909677419354839
2024-05-26 16:00:00,416.0,0.0,61,59,59,1805.8853422999603,1794.2301330599705,1784.8938905607781,1794.2301330599705,0.9935459860230408,1.00523069889396,0.9672131147540983
2024-05-26 16:00:00,416.0,10.0,179,173,169,5281.472359617612,5291.495715519279,5130.701444741308,5248.392946242289,1.0018978336378896,1.022938676664106,0.9441340782122905
2024-05-26 16:00:00,416.0,20.0,293,283,280,9222.898826329983,9349.785483184509,9068.82676250741,9316.44751053983,1.013757784753345,1.0273046067057032,0.9556313993174061
2024-05-26 16:00:00,416.0,30.0,449,439,435,33959.53279050409,34474.722607411015,33792.71393919949,34433.391521099904,1.0151706980212338,1.0189590449306063,0.9688195991091314
2024-05-26 16:00:00,416.0,40.0,589,585,580,23959.804100034795,24747.410863327168,23765.927862946133,24692.917627993265,1.0328720034606305,1.0390049894282654,0.9847198641765704
2024-05-26 16:00:00,416.0,50.0,721,716,712,56806.773794911736,58751.1164452481,56675.29224025039,58703.28539731383,1.0342273028451852,1.0357826678416875,0.9875173370319001
2024-05-26 16:00:00,416.0,60.0,836,832,829,237525.90446923237,239545.57568242843,237444.73757119966,239507.57905386356,1.0085029513631751,1.0086876698290497,0.9916267942583732
2024-05-26 16:00:00,416.0,70.0,961,953,944,144940.10900344458,148542.03914509626,144747.89626800225,148441.99046812614,1.0248511620863074,1.0255208835179492,0.9823100936524454
2024-05-26 16:00:00,416.0,80.0,1055,1036,1030,139110.4644709528,142796.6099985731,138232.71555256326,142732.594014248,1.0264979744093228,1.0325529195002587,0.976303317535545
2024-05-26 16:00:00,416.0,90.0,1139,1125,1115,170133.81589733815,172796.8441809269,169602.70868460758,172679.5808758618,1.015652551314053,1.0181416453494028,0.9789288849868305
2024-05-26 16:00:00,416.0,100.0,1253,1245,1235,55795.52480103751,57199.372190129914,55541.533412472796,57078.8138689093,1.0251605732556226,1.0276780341122393,0.985634477254589
2024-05-26 16:00:00,416.0,110.0,1392,1375,1356,66854.94496872704,68850.47621955135,66393.73469011142,68633.71287806102,1.02984867090621,1.0337377946639779,0.9741379310344828
2024-05-26 16:00:00,416.0,120.0,1462,1458,1439,53831.717993751416,55599.490983616466,53551.09873101251,55380.62310762263,1.0328388737299865,1.0341640866380695,0.9842681258549931
2024-05-26 16:00:00,416.0,130.0,1484,1491,1461,77074.08077514637,79523.43829793582,76780.11670080715,79185.72549351156,1.0317792635105845,1.0313311426977698,0.9845013477088949
2024-05-26 16:00:00,416.0,140.0,1418,1428,1394,82731.73982206338,85773.22520948868,82407.1501871013,85387.1855490208,1.036763222844906,1.0361623397381596,0.9830747531734838
2024-05-26 16:00:00,416.0,150.0,1412,1436,1394,128012.4868969032,132781.26001472224,127700.72909085875,132243.23324277363,1.0372524058661532,1.035571481731188,0.9872521246458924
2024-05-26 16:00:00,416.0,160.0,1435,1452,1414,108848.63421556177,113146.76647371899,108459.52846255174,112678.39016722533,1.0394872410584892,1.0388980273515596,0.9853658536585366
2024-05-26 16:00:00,416.0,170.0,1400,1416,1366,102108.16434284612,106850.54835408196,101423.615823372,106217.95549038875,1.0464447093115143,1.0472704471053964,0.9757142857142858
2024-05-26 16:00:00,416.0,180.0,1459,1485,1422,91930.71308898466,96005.5934656111,91101.32177455007,95254.76719614948,1.0443255604107209,1.0455914946204403,0.9746401644962303
2024-05-26 16:00:00,416.0,190.0,1519,1542,1485,96731.46870051362,101769.01977732376,96240.52987642701,101042.01573806687,1.0520776862430021,1.0498904761622256,0.97761685319289
2024-05-26 16:00:00,416.0,200.0,1531,1560,1501,104311.53281851338,110366.49452194484,103902.88434961393,109642.20827168188,1.058046905647204,1.055237387854953,0.9804049640757675
2024-05-26 16:00:00,416.0,210.0,1589,1592,1552,131627.75562316546,139947.79915656225,130595.1867586128,139393.88043763337,1.0632088839774498,1.0673737975909001,0.9767149150409062
2024-05-26 16:00:00,416.0,220.0,1667,1690,1628,116451.35704634074,123989.0253009407,115774.71968613513,123061.18400033057,1.0647280413537854,1.0629365748753183,0.9766046790641871
2024-05-26 16:00:00,416.0,230.0,1694,1704,1654,180990.35592809482,189880.99609333472,180285.28332039903,189293.25612552013,1.0491221762598888,1.0499651033030373,0.9763872491145218
2024-05-26 16:00:00,416.0,240.0,1739,1757,1706,379225.9651677492,394407.34389519074,378187.95898970746,393763.95673601143,1.0400325402843291,1.041185863738004,0.9810235767682576
2024-05-26 16:00:00,416.0,250.0,1830,1840,1784,201495.48289874627,215259.818194313,200819.80509839015,214597.81720645644,1.068310887656392,1.0686088311923012,0.9748633879781421
2024-05-26 16:00:00,416.0,260.0,1917,1948,1891,173081.2675999192,185180.65384450342,172566.78625072358,184443.91076882687,1.069905810214842,1.06882624852761,0.9864371413667188
2024-05-26 16:00:00,416.0,270.0,1917,1923,1868,200847.57878874536,211868.62694223068,200070.68361398845,211201.1576118857,1.0548726961009445,1.0556327083850632,0.9744392279603548
2024-05-26 16:00:00,416.0,280.0,1910,1925,1855,150734.2139378316,159543.57811420708,149465.6748367882,158703.21458327517,1.0584430299282204,1.0618037536482812,0.9712041884816754
2024-05-26 16:00:00,416.0,290.0,1881,1892,1821,196777.51954693554,207608.12717596933,195980.6326260956,206701.60045950278,1.0550398625512223,1.0547042209719841,0.9681020733652312
2024-05-26 16:00:00,416.0,300.0,1825,1846,1778,149960.54045743262,160033.57826574898,149126.06658570608,159211.81292657746,1.067171255702267,1.0676323500766036,0.9742465753424657
2024-05-26 16:00:00,416.0,310.0,1914,1918,1844,187773.86886820826,197899.20712994505,186862.95413398562,197017.847017452,1.0539230422356767,1.0543440669153987,0.9634273772204807
2024-05-26 16:00:00,416.0,320.0,1863,1869,1811,315551.6153948015,331214.05363118387,314723.4684604329,330481.96118397673,1.0496351071338563,1.050070917178917,0.9720880300590445
2024-05-26 16:00:00,416.0,330.0,1880,1885,1822,854186.8720861673,874356.6392008113,853423.4734064962,873566.7999660681,1.0236128273259264,1.0236029675621277,0.9691489361702128
2024-05-26 16:00:00,416.0,340.0,1908,1905,1850,796083.4778809487,797178.8410529013,794820.0551001048,796438.584908588,1.0013759400896856,1.00203634747022,0.9696016771488469
2024-05-26 16:00:00,416.0,350.0,1873,1871,1806,852269.061195909,850786.2903179091,851281.2276070699,849913.6486118222,0.9982602080193791,0.9983935050475717,0.9642285104111051
2024-05-26 16:00:00,416.0,360.0,2020,2034,1958,1024771.7109006833,1028819.9179067346,1023924.0998301561,1027832.9683465359,1.0039503500760119,1.0038175373712057,0.9693069306930693
2024-05-26 16:00:00,416.0,370.0,1891,1899,1833,473125.7155226668,493734.5087434916,471645.333825257,492862.12524550897,1.0435588101527267,1.0449846312443594,0.9693283976731888
2024-05-26 16:00:00,416.0,380.0,1500,1519,1465,212578.20805700577,225682.2848016997,211821.9972098762,224753.46175812208,1.061643556338474,1.0610487329860894,0.9766666666666667
2024-05-26 16:00:00,416.0,390.0,1564,1585,1516,157431.07202093574,167396.81362405885,156571.49768659193,166466.58131421744,1.0633022533302563,1.0631984989211283,0.969309462915601
2024-05-26 16:00:00,416.0,400.0,1472,1486,1437,173498.4297926731,181873.85737201298,172567.7903244225,181061.26443234007,1.04827379469283,1.049218188932883,0.9762228260869565
2024-05-26 16:00:00,416.0,410.0,1400,1400,1354,291087.2010318201,301976.26439204876,290354.68159614876,301372.24540827266,1.0374082519658374,1.0379451908664181,0.9671428571428572
2024-05-26 16:00:00,416.0,420.0,1233,1233,1195,127074.08167606712,134357.0784843503,126127.33401840924,133806.49351226081,1.0573129997260082,1.0608841814790975,0.9691808596918086
2024-05-26 16:00:00,416.0,430.0,1110,1135,1085,135565.73337608378,141793.94370057344,134992.3441468223,141142.55286168,1.0459423644115986,1.0455596852823632,0.9774774774774775
2024-05-26 16:00:00,416.0,440.0,1084,1108,1057,155418.20961789016,160993.7075575871,155050.65623218764,160316.6971736502,1.0358741614216558,1.0339633579723564,0.9750922509225092
2024-05-26 16:00:00,416.0,450.0,1084,1086,1048,121773.28458683951,127982.34261149776,120723.816430387,127457.49659310588,1.05098867165918,1.055777562057125,0.966789667896679
2024-05-26 16:00:00,416.0,460.0,1066,1070,1045,97817.51346625487,104130.09196016012,97515.41768762347,103814.92261900066,1.064534235948279,1.0646000917676088,0.9803001876172608
2024-05-26 16:00:00,416.0,470.0,1003,1019,987,91738.63005739832,99180.66598108182,91473.09983580848,98750.80214799309,1.0811221610681043,1.079561120430464,0.9840478564307079
2024-05-26 16:00:00,416.0,480.0,909,912,892,98061.42564616489,105689.40646254612,97715.48421135129,105439.14252735481,1.077787782159167,1.079042317380302,0.9812981298129813
2024-05-26 16:00:00,416.0,490.0,887,903,879,211016.21259422082,220302.89599017057,210847.57543777276,219999.7174144395,1.0440093359736666,1.0434064368900833,0.9909808342728298
2024-05-27 00:00:00,424.0,0.0,61,57,57,2094.247095943555,1962.8865099178593,2050.7070356551926,1962.8865099178593,0.9372755076131493,0.957175489131106,0.9344262295081968
2024-05-27 00:00:00,424.0,10.0,179,162,160,6261.357686661951,5744.984719740369,6035.892248121854,5724.546721603417,0.9175301918908787,0.9484176466842468,0.8938547486033519
2024-05-27 00:00:00,424.0,20.0,295,279,277,10912.07721450336,10424.117004415097,10701.162815215692,10402.909346151388,0.9552825552370807,0.9721288728884467,0.9389830508474576
2024-05-27 00:00:00,424.0,30.0,450,431,427,42523.187391887564,41295.298873993816,42214.1394077281,41250.818754526365,0.971124259652088,0.9771801423239395,0.9488888888888889
2024-05-27 00:00:00,424.0,40.0,588,573,569,28756.20973087105,27596.202544789554,28466.50771313355,27549.006188990446,0.959660636887198,0.9677690873292548,0.967687074829932
2024-05-27 00:00:00,424.0,50.0,720,693,691,68666.87872186396,67747.87715681583,68274.85758878806,67725.14097481512,0.9866165233930239,0.9919484765931872,0.9597222222222223
2024-05-27 00:00:00,424.0,60.0,837,825,822,311575.44487909327,311526.8778733441,311391.09642382653,311494.6925248968,0.9998441244117681,1.000332688064174,0.982078853046595
2024-05-27 00:00:00,424.0,70.0,958,927,919,181107.31042557047,181012.58437517306,180635.25192921062,180916.14906999393,0.9994769617517105,1.0015550516180163,0.9592901878914405
2024-05-27 00:00:00,424.0,80.0,1053,1030,1024,179305.3690012237,178387.71792049703,178102.14235193445,178320.2444540843,0.9948821884930819,1.0012245899980186,0.9724596391263058
2024-05-27 00:00:00,424.0,90.0,1142,1107,1100,219848.45355466555,218175.18681270193,219113.39527164432,218086.39284190393,0.9923889992633149,0.9953129180967363,0.9632224168126094
2024-05-27 00:00:00,424.0,100.0,1251,1230,1219,65476.09434907475,63131.343573991966,65042.09266163845,62991.78998424712,0.9641892083149899,0.9684772953407664,0.9744204636290967
2024-05-27 00:00:00,424.0,110.0,1387,1358,1344,80985.3531449165,78888.00328131666,80443.58199178663,78711.1361015365,0.9741021088116167,0.9784638395338111,0.9689978370583994
2024-05-27 00:00:00,424.0,120.0,1457,1427,1407,62623.69947204219,60624.672015800796,61942.76508251319,60377.81739107965,0.9680787389902789,0.9747355855143228,0.9656829100892245
2024-05-27 00:00:00,424.0,130.0,1478,1455,1438,93283.99695754153,91716.25277225598,92760.38531829309,91494.492047465,0.9831938570771241,0.9863530830916196,0.972936400541272
2024-05-27 00:00:00,424.0,140.0,1440,1412,1391,100675.09639204129,99260.97313091642,100045.98094910689,99026.73513461885,0.9859535941677364,0.9898122262901643,0.9659722222222222
2024-05-27 00:00:00,424.0,150.0,1431,1421,1393,160254.92048729758,159062.67186382232,159509.25184146868,158719.34084528862,0.992560299428873,0.9950478672110811,0.973445143256464
2024-05-27 00:00:00,424.0,160.0,1451,1439,1412,135309.567740709,134294.71203377732,134682.08034514738,133975.66661083547,0.9924997491021742,0.9947549537956231,0.9731219848380427
2024-05-27 00:00:00,424.0,170.0,1418,1385,1344,125845.61840865224,124318.10953028276,124666.78400688735,123807.30899910614,0.9878620416214311,0.9931058219346244,0.9478138222849083
2024-05-27 00:00:00,424.0,180.0,1482,1453,1428,111705.90526512082,110092.94105971944,110441.81002053805,109785.63618599344,0.985560618289846,0.9940586464997034,0.9635627530364372
2024-05-27 00:00:00,424.0,190.0,1539,1524,1490,118949.99672742054,118512.29431288643,118143.47822965034,118107.23868521347,0.9963202822482028,0.9996932581892805,0.96816114359974
2024-05-27 00:00:00,424.0,200.0,1543,1529,1484,126853.06927866105,127365.93669101632,126078.2100619683,126799.81188806865,1.0040430035731231,1.0057234459923383,0.9617627997407647
2024-05-27 00:00:00,424.0,210.0,1604,1585,1556,162498.33969903702,164150.74263105448,161821.9692921221,163739.24080491977,1.0101687373241959,1.0118480297896795,0.970074812967581
2024-05-27 00:00:00,424.0,220.0,1683,1682,1633,143172.95077166072,145303.7817226818,142344.480978778,144681.9864873173,1.0148829156592536,1.0164214691884528,0.970291146761735
2024-05-27 00:00:00,424.0,230.0,1709,1680,1648,223823.17104517116,225944.3216454854,222623.67409162433,225565.50910334138,1.0094769035324147,1.0132143853241156,0.9643066120538326
2024-05-27 00:00:00,424.0,240.0,1752,1740,1693,490172.1120817364,497357.31819740834,488074.15245065914,496745.0261191364,1.014658537151689,1.0177654842505799,0.966324200913242
2024-05-27 00:00:00,424.0,250.0,1837,1831,1779,249347.437682639,257111.45675007429,248333.51394798295,256343.2754043516,1.0311373525214127,1.0322540495200596,0.9684267827980403
2024-05-27 00:00:00,424.0,260.0,1937,1926,1880,215867.59970949756,220959.7173432552,214613.86728041052,220232.4581592932,1.0235890779376355,1.026179999224102,0.9705730511099638
2024-05-27 00:00:00,424.0,270.0,1920,1923,1864,250745.54650590205,254479.10121214838,249607.49634783398,253781.0911407673,1.014889814627908,1.0167206308063654,0.9708333333333333
2024-05-27 00:00:00,424.0,280.0,1946,1915,1864,184068.51715488068,186979.53850348003,181957.37611225765,186314.68353257072,1.015814879119985,1.023946857848867,0.9578622816032888
2024-05-27 00:00:00,424.0,290.0,1906,1875,1823,245625.73042633425,248075.4330527283,244530.6790057044,247443.2130983462,1.009973314367929,1.0119107103635607,0.9564533053515215
2024-05-27 00:00:00,424.0,300.0,1845,1796,1754,185230.0465024254,188286.65210449457,183897.3360165041,187804.90278085484,1.0165016727025933,1.021248631703942,0.9506775067750678
2024-05-27 00:00:00,424.0,310.0,1923,1875,1829,231906.91472926812,235626.2675198207,230460.11593212443,235076.9643794309,1.0160381280346669,1.0200331776656149,0.9511180447217888
2024-05-27 00:00:00,424.0,320.0,1883,1852,1809,390883.94229571766,397305.123368428,389407.9424932813,396775.0795883997,1.0164273339933019,1.0189188156973594,0.9607010090281466
2024-05-27 00:00:00,424.0,330.0,1881,1855,1804,1069992.23315433,1077347.20011196,1067992.1727558917,1076361.4756650806,1.0068738507904378,1.0078364833775817,0.9590643274853801
2024-05-27 00:00:00,424.0,340.0,1923,1870,1833,1009697.5430066192,1004943.8211252982,1007445.1005385024,1004418.8436394855,0.995291934783593,0.9969961073835196,0.953198127925117
2024-05-27 00:00:00,424.0,350.0,1906,1844,1804,1120414.7399181034,1119226.6542539066,1118405.8952561864,1118574.101692494,0.9989396018975226,1.000150398381322,0.9464847848898216
2024-05-27 00:00:00,424.0,360.0,2035,2030,1965,1280359.4708697563,1273745.3439552872,1279083.6159625156,1272798.7747432694,0.9948341641039481,0.9950864500640821,0.9656019656019657
2024-05-27 00:00:00,424.0,370.0,1926,1884,1842,580553.605904988,588680.8123002832,578827.633045296,588156.4280671829,1.0139990628128581,1.0161167064067187,0.956386292834891
2024-05-27 00:00:00,424.0,380.0,1531,1530,1478,262230.0929209828,268677.8241748009,261160.80619763944,267583.29055869934,1.0245880676088575,1.024592068214859,0.9653821032005225
2024-05-27 00:00:00,424.0,390.0,1607,1593,1533,191459.46382269223,195224.6720180318,190083.52573663357,194415.92244853138,1.0196658244004406,1.022792068355784,0.9539514623522091
2024-05-27 00:00:00,424.0,400.0,1498,1489,1443,210055.9656921564,212353.41171336026,208588.42317131284,211499.4383545378,1.010937304320939,1.0139557849806178,0.9632843791722296
2024-05-27 00:00:00,424.0,410.0,1427,1400,1364,366548.855573556,372999.44147876557,365449.2859005426,372547.5413900514,1.0175981613559155,1.0194233666978367,0.9558514365802383
2024-05-27 00:00:00,424.0,420.0,1244,1223,1191,153187.77205154224,156677.35073913494,152053.8925343093,156176.39723709854,1.0227797469788815,1.0271121286938383,0.957395498392283
2024-05-27 00:00:00,424.0,430.0,1133,1114,1085,162188.93567803665,163024.16454251963,161326.474210299,162612.65123907098,1.0051497277603512,1.0079725106190283,0.9576345984112974
2024-05-27 00:00:00,424.0,440.0,1096,1112,1064,187771.42056934384,187351.40700200238,187278.9037381888,186640.8600450355,0.9977631656294236,0.9965930829345024,0.9708029197080292
2024-05-27 00:00:00,424.0,450.0,1088,1065,1037,145573.96778477385,146295.8018823113,143637.71486171935,145793.93687005405,1.0049585383191908,1.015011530992473,0.953125
2024-05-27 00:00:00,424.0,460.0,1072,1055,1039,114679.33519891882,116352.60543692383,114105.9230996051,116119.49151803338,1.014590860987314,1.017646484632271,0.9692164179104478
2024-05-27 00:00:00,424.0,470.0,1018,1006,988,108527.35133622901,111100.05726434276,107950.06788199548,110862.97637677102,1.0237055995234163,1.0269838505146636,0.9705304518664047
2024-05-27 00:00:00,424.0,480.0,910,907,889,116003.48478478735,119014.30274136183,115608.22687172843,118779.79312063666,1.0259545475048464,1.0274337418255468,0.9769230769230769
2024-05-27 00:00:00,424.0,490.0,898,898,886,261560.9004119497,266308.12192608626,261334.85117367053,266171.3240398579,1.0181495839273371,1.0185068039890832,0.9866369710467706
2024-05-27 08:00:00,432.0,0.0,41,45,38,905.2613885669039,1092.358244309543,874.0478220945611,1015.0791140385636,1.2066771631990483,1.1613542055468273,0.926829268292683
2024-05-27 08:00:00,432.0,10.0,85,102,79,2484.9659605259967,3067.021736495252,2422.6336032080562,2816.2941736890502,1.2342308849357642,1.1624928218446684,0.9294117647058824
2024-05-27 08:00:00,432.0,20.0,162,190,158,4914.768173089577,6047.643295806149,4872.404448243268,5678.109689211971,1.2305042848042231,1.165360911543211,0.9753086419753086
2024-05-27 08:00:00,432.0,30.0,272,330,269,24492.322610017793,27597.649014002985,24459.285302983644,26896.776635631013,1.126787747059769,1.0996550513415875,0.9889705882352942
2024-05-27 08:00:00,432.0,40.0,391,459,385,14460.541812041954,17707.55475582983,14388.595609967055,16840.346335172686,1.2245429656780868,1.1703954153459766,0.9846547314578005
2024-05-27 08:00:00,432.0,50.0,463,543,455,46895.302527573935,53140.25097647659,46776.89734719638,52107.579304807645,1.133167889155437,1.1139597164396104,0.9827213822894169
2024-05-27 08:00:00,432.0,60.0,590,656,581,221290.74080844433,236319.2802586081,221191.84419357678,235442.8477872409,1.0679130965681611,1.064428250714309,0.9847457627118644
2024-05-27 08:00:00,432.0,70.0,696,765,681,119724.94168769429,132651.77367403472,119549.71052383081,131630.25711084326,1.1079710860921563,1.1010504043387401,0.978448275862069
2024-05-27 08:00:00,432.0,80.0,758,853,740,116948.2836551709,129198.93510514533,116409.85763087185,127826.29333428043,1.1047527254533824,1.0980710391349275,0.9762532981530343
2024-05-27 08:00:00,432.0,90.0,815,923,801,156307.89560184022,169541.3818637965,156049.646502669,168044.44355868117,1.084662941759933,1.0768652625932544,0.9828220858895705
2024-05-27 08:00:00,432.0,100.0,929,1060,923,33226.582439006146,40845.090456186415,33162.69442127836,39188.39217289118,1.2292895464396774,1.1817010908422,0.9935414424111948
2024-05-27 08:00:00,432.0,110.0,998,1133,978,40915.13015425074,49124.51302954121,40582.015670389665,47288.084178110206,1.2006441833214498,1.1652472997444918,0.9799599198396793
2024-05-27 08:00:00,432.0,120.0,1051,1198,1034,28933.35504643601,36884.736456242244,28725.2346541886,34911.66072635107,1.274817123594717,1.2153655538984565,0.9838249286393911
2024-05-27 08:00:00,432.0,130.0,1135,1277,1124,49504.347183021775,59964.45424263749,49340.8067237816,58077.17506162181,1.2112967376570751,1.1770617247250925,0.9903083700440528
2024-05-27 08:00:00,432.0,140.0,1092,1230,1085,54439.85510349975,64931.46183590696,54349.24181178389,63177.70517987956,1.192719225877086,1.1624394945318537,0.9935897435897436
2024-05-27 08:00:00,432.0,150.0,1120,1262,1110,98792.23029733957,111818.3912878163,98555.16972378833,109877.49088678873,1.1318541038224492,1.1148830771103377,0.9910714285714286
2024-05-27 08:00:00,432.0,160.0,1093,1272,1086,80626.52783319146,92880.65591554463,80439.3816693322,90507.97627095538,1.1519863053969754,1.1251699651672218,0.9935956084172004
2024-05-27 08:00:00,432.0,170.0,1085,1195,1068,72982.77653067859,84735.05341421923,72551.74734628563,83153.43248902902,1.161028086929531,1.146125841630555,0.9843317972350231
2024-05-27 08:00:00,432.0,180.0,1198,1297,1175,61278.54204617919,72808.54715197094,60942.58504525505,71295.91856021761,1.1881573014107092,1.1698866811651383,0.9808013355592654
2024-05-27 08:00:00,432.0,190.0,1266,1377,1255,65519.61401132145,78440.03267559475,65342.81009457309,76880.04966600247,1.1971992487935097,1.1765647904449028,0.9913112164296999
2024-05-27 08:00:00,432.0,200.0,1241,1360,1231,73480.53164759204,87942.60710525524,73346.97272299757,86357.56826375908,1.196815062893426,1.1773842199308944,0.991941982272361
2024-05-27 08:00:00,432.0,210.0,1338,1415,1324,94388.84404979092,112784.78795218901,93867.84902090691,111598.94158345922,1.1948953193313192,1.1888942033667258,0.9895366218236173
2024-05-27 08:00:00,432.0,220.0,1398,1500,1386,80853.8826674069,97349.56218878331,80637.04056900943,95883.39942398565,1.204018396855863,1.1890738889645676,0.9914163090128756
2024-05-27 08:00:00,432.0,230.0,1454,1539,1441,141409.02811576452,164067.07338491664,141200.80373980352,162752.4967276191,1.1602305423569075,1.152631517788877,0.9910591471801926
2024-05-27 08:00:00,432.0,240.0,1482,1588,1470,332732.9988555172,368008.4152970321,332334.7629259897,365855.1207026994,1.106017186641691,1.100863230441453,0.9919028340080972
2024-05-27 08:00:00,432.0,250.0,1587,1685,1576,158029.49600526431,185991.75342376978,157804.9788196474,184342.74359419587,1.1769432803707351,1.1681681083388251,0.9930686830497795
2024-05-27 08:00:00,432.0,260.0,1679,1796,1669,129996.45493767191,155538.34739977468,129669.55190311922,153799.70946561178,1.1964814538546384,1.1860896194082715,0.9940440738534843
2024-05-27 08:00:00,432.0,270.0,1601,1728,1582,154042.9271224685,179264.0214523677,153684.1095626065,177371.07023526396,1.163727701109235,1.1541275850839223,0.9881324172392255
2024-05-27 08:00:00,432.0,280.0,1578,1688,1561,108744.67986019925,131211.5799115535,107834.18517953856,129568.25511822222,1.2066022915349737,1.2015508338334222,0.9892268694550064
2024-05-27 08:00:00,432.0,290.0,1493,1615,1475,150212.45441916597,174334.85922667652,149912.58092923844,172549.1074934007,1.160588580359637,1.1509981778970713,0.9879437374413932
2024-05-27 08:00:00,432.0,300.0,1438,1535,1420,108678.1631066887,131430.11847074918,108245.70003834201,129955.2760451785,1.2093516739119432,1.2005583224012286,0.9874826147426982
2024-05-27 08:00:00,432.0,310.0,1495,1599,1469,141181.3821443101,166609.48001830006,140841.78207926376,164967.86566441887,1.180109427233106,1.1712991928174927,0.9826086956521739
2024-05-27 08:00:00,432.0,320.0,1511,1619,1496,260085.4603758285,298427.4565835662,259601.44761086203,296805.75060444506,1.147420759900737,1.143313156902544,0.9900727994705493
2024-05-27 08:00:00,432.0,330.0,1518,1627,1498,784527.1138193783,854832.766502485,783330.8553245075,853210.9189309111,1.0896153255186196,1.089208874042699,0.9868247694334651
2024-05-27 08:00:00,432.0,340.0,1566,1662,1545,757589.5013364675,807849.5061709986,756376.1879174482,806283.1386055376,1.0663420028206134,1.065981652364678,0.9865900383141762
2024-05-27 08:00:00,432.0,350.0,1564,1641,1544,773445.926295154,820973.6014737024,771118.1011432016,819673.9357708488,1.0614492539978952,1.0629680908224848,0.9872122762148338
2024-05-27 08:00:00,432.0,360.0,1713,1815,1691,976146.9578224411,1047203.8221561224,975739.0639070999,1045520.2515614893,1.0727932036915762,1.0715162385473922,0.9871570344424986
2024-05-27 08:00:00,432.0,370.0,1563,1675,1538,415399.0296501339,472239.2938379934,414811.7006599389,470261.518095064,1.1368329248042122,1.133674670571992,0.9840051183621241
2024-05-27 08:00:00,432.0,380.0,1299,1366,1272,169252.05623743995,198662.65224606995,168722.71426732256,197231.94896456203,1.1737680277713762,1.1689709344769652,0.9792147806004619
2024-05-27 08:00:00,432.0,390.0,1320,1389,1303,113833.31289294807,136769.0827703116,113417.84285201711,135430.12154870646,1.2014855695092783,1.1940812674898962,0.9871212121212121
2024-05-27 08:00:00,432.0,400.0,1233,1308,1219,127726.8024977924,149601.4451095341,127415.72136504532,147814.25416988513,1.1712611776382624,1.160094316355186,0.9886455798864558
2024-05-27 08:00:00,432.0,410.0,1198,1273,1182,243772.71927354592,275070.4225907951,243476.948957252,273769.6101691058,1.1283888673454427,1.1244169575049685,0.986644407345576
2024-05-27 08:00:00,432.0,420.0,1070,1117,1050,90970.8593505084,109994.39519031008,90494.53128787683,109028.3638261432,1.2091168092246385,1.2048061056784465,0.9813084112149533
2024-05-27 08:00:00,432.0,430.0,949,1002,935,96341.40817643258,112896.87257932189,96096.19027116016,112001.02224482683,1.1718416277720463,1.1655094955251306,0.9852476290832455
2024-05-27 08:00:00,432.0,440.0,937,974,926,111362.76917419085,127529.15508620995,111239.54098366643,126926.19291690018,1.1451686773946153,1.1410168703908716,0.9882604055496265
2024-05-27 08:00:00,432.0,450.0,938,985,925,84357.51811203992,100324.20546743009,84082.08687847096,99176.5169610551,1.1892740293068358,1.1795201646743265,0.9861407249466951
2024-05-27 08:00:00,432.0,460.0,918,977,910,62290.57396676212,76429.68340312771,62180.22652260844,75524.59072937042,1.2269863405643067,1.214607841640944,0.9912854030501089
2024-05-27 08:00:00,432.0,470.0,886,929,884,57819.73117546271,72661.13597872655,57793.18466195148,71993.63797553595,1.256684085199659,1.245711555724899,0.9977426636568849
2024-05-27 08:00:00,432.0,480.0,804,848,794,66296.55112733519,81199.50655466034,66106.4500797588,80521.65862525781,1.2247923183620997,1.2180605451980369,0.9875621890547264
2024-05-27 08:00:00,432.0,490.0,771,816,763,172499.30896120053,194505.0018292127,171636.30201482022,193823.23869193255,1.1275697450646704,1.129267156287232,0.9896238651102465
2024-05-27 16:00:00,440.0,0.0,61,58,58,1851.1979848185563,1845.9448853466054,1819.7121661951085,1845.9448853466054,0.9971623243353597,1.014415861826295,0.9508196721311475
2024-05-27 16:00:00,440.0,10.0,182,174,173,5441.318042988543,5308.8503282891925,5309.44132217815,5298.531990955165,0.9756552155832826,0.997945295830389,0.9505494505494505
2024-05-27 16:00:00,440.0,20.0,296,281,278,9431.989213386996,9278.784714421858,9223.234295567567,9245.878912568041,0.9837569259782769,1.0024551709600782,0.9391891891891891
2024-05-27 16:00:00,440.0,30.0,453,438,437,34415.59324575534,34106.96784603303,34205.64914580233,34095.41306196299,0.9910323963466655,0.9967772550268098,0.9646799116997793
2024-05-27 16:00:00,440.0,40.0,589,585,584,24319.597460074998,24281.402602135717,24263.598128673508,24268.164194341694,0.9984294617539626,1.0001881858430053,0.9915110356536503
2024-05-27 16:00:00,440.0,50.0,719,709,705,57428.41903902228,58087.23275605096,57232.26551470716,58042.6766361767,1.0114719110860604,1.0141600391698855,0.980528511821975
2024-05-27 16:00:00,440.0,60.0,838,835,830,240266.85149814235,237796.20042508104,240109.09606567296,237740.91660411248,0.9897170539437463,0.990137068939226,0.9904534606205251
2024-05-27 16:00:00,440.0,70.0,963,939,935,146779.9847076926,148888.95574713036,146420.77466235126,148842.32025980702,1.014368246758151,1.0165382651679031,0.9709241952232607
2024-05-27 16:00:00,440.0,80.0,1056,1041,1030,141207.12493129104,142355.6296687018,140447.36593884169,142218.40443550242,1.0081334758282883,1.0126099801503714,0.9753787878787878
2024-05-27 16:00:00,440.0,90.0,1140,1134,1121,172472.15439568614,173155.58465552723,172197.92782524833,173012.8846940273,1.003962554200333,1.0047326752364059,0.9833333333333333
2024-05-27 16:00:00,440.0,100.0,1247,1258,1237,56545.24541076069,56968.034989300926,56414.73790492823,56723.03383816143,1.0074770137695748,1.0054648119389076,0.991980753809142
2024-05-27 16:00:00,440.0,110.0,1392,1374,1358,68119.87291734855,68373.13063240246,67700.17265997973,68192.5427673527,1.0037178242443463,1.0072728043079873,0.9755747126436781
2024-05-27 16:00:00,440.0,120.0,1464,1463,1440,54919.22981566211,55470.154222400306,54626.533635833235,55182.25771579574,1.010031539200156,1.0101731529162592,0.9836065573770492
2024-05-27 16:00:00,440.0,130.0,1486,1491,1465,78332.13879972268,79023.36080383914,78100.66678659077,78733.0434997115,1.0088242452549872,1.0080969438436254,0.9858681022880216
2024-05-27 16:00:00,440.0,140.0,1428,1420,1392,84276.91116565248,85503.16291425034,83832.99346306796,85167.09527658837,1.014550269245008,1.0159138038427333,0.9747899159663865
2024-05-27 16:00:00,440.0,150.0,1428,1431,1395,130221.94085346616,132567.89778418458,129744.3994701629,132076.1487454591,1.0180150665497931,1.0179718684183545,0.976890756302521
2024-05-27 16:00:00,440.0,160.0,1449,1451,1415,110497.96179476407,112384.29095365765,110048.87019888643,111846.62125160971,1.0170711669994168,1.0163359337490179,0.9765355417529331
2024-05-27 16:00:00,440.0,170.0,1415,1410,1365,104177.11200939302,105596.92698896161,103437.83135019644,105055.41594830155,1.0136288571662513,1.0156382300072462,0.9646643109540636
2024-05-27 16:00:00,440.0,180.0,1478,1475,1434,93326.98318514199,95632.10062932286,92486.04630574585,95146.84426887541,1.0246993673802567,1.0287697233194868,0.9702300405953992
2024-05-27 16:00:00,440.0,190.0,1530,1536,1493,98594.40630170013,101418.89966302516,98122.48501398505,100859.1576735001,1.0286476025088285,1.0278903725188473,0.9758169934640523
2024-05-27 16:00:00,440.0,200.0,1542,1572,1518,105656.4864796302,109811.49027788371,105338.14704521619,109160.22474149831,1.0393255912314912,1.036283889583149,0.9844357976653697
2024-05-27 16:00:00,440.0,210.0,1603,1591,1561,134872.00655592215,140010.5389814624,134295.78136654268,139651.96236783217,1.0380993251065012,1.0398834642963988,0.9737991266375546
2024-05-27 16:00:00,440.0,220.0,1673,1684,1624,118378.2259510878,123427.64385706425,117541.7687165356,122613.86562472576,1.042654955042685,1.0431514427898567,0.9707112970711297
2024-05-27 16:00:00,440.0,230.0,1700,1691,1650,183812.79587915592,189515.9070817817,182771.4016097142,189042.59726790528,1.031026736606385,1.0343116899195337,0.9705882352941176
2024-05-27 16:00:00,440.0,240.0,1750,1737,1707,384869.0396304798,392995.40376165794,383657.6476889048,392598.626938675,1.021114621583956,1.0233045771500433,0.9754285714285714
2024-05-27 16:00:00,440.0,250.0,1835,1850,1788,204409.51025364583,214697.44005436832,203632.48880351876,213937.10479450173,1.0503299958400003,1.0506039878583702,0.9743869209809264
2024-05-27 16:00:00,440.0,260.0,1924,1946,1888,175438.8792467729,184621.65028818388,174796.93009498925,183838.01130418346,1.0523417105765618,1.0517233409321378,0.9812889812889813
2024-05-27 16:00:00,440.0,270.0,1926,1921,1873,203049.43478621525,210234.89611167877,202125.8482669339,209590.59933218115,1.0353877435464367,1.0369312046393446,0.9724818276220145
2024-05-27 16:00:00,440.0,280.0,1911,1929,1856,152864.86714620306,159666.2931891668,151530.65651530906,158770.4161552929,1.0444930622054494,1.0477775244064387,0.9712192569335426
2024-05-27 16:00:00,440.0,290.0,1895,1897,1830,198861.0955602313,205891.44050821764,198005.81673975848,205096.18209426166,1.0353530434305436,1.0358088740585947,0.9656992084432717
2024-05-27 16:00:00,440.0,300.0,1838,1826,1759,152667.23081031675,159583.68752632602,151523.9751873411,158737.0173547998,1.0453041342225085,1.0476033060678396,0.9570184983677911
2024-05-27 16:00:00,440.0,310.0,1925,1905,1847,191785.2631401192,198661.73440388267,190752.0877404429,197881.78573334438,1.035855055551059,1.0373767756744183,0.9594805194805195
2024-05-27 16:00:00,440.0,320.0,1879,1869,1817,321061.91664434446,333334.38761051453,320122.7156152141,332665.0469753038,1.038224623756186,1.0391797605989497,0.9670037253858436
2024-05-27 16:00:00,440.0,330.0,1880,1885,1828,867579.9257140227,878148.639255845,866753.829669666,877149.6131808185,1.0121818327379166,1.0119939285588326,0.9723404255319149
2024-05-27 16:00:00,440.0,340.0,1911,1897,1853,805108.5795928298,799466.3073465516,803814.0831994604,798885.5223197336,0.9929919114150644,0.993868531314966,0.9696493982208267
2024-05-27 16:00:00,440.0,350.0,1882,1876,1813,866796.629757914,854670.3401917487,865777.5510075062,853841.011033342,0.9860102252940784,0.9862129250634026,0.963336875664187
2024-05-27 16:00:00,440.0,360.0,2018,2043,1963,1037533.3007942142,1032732.1881843284,1036563.7507854721,1031705.4863313835,0.9953725701081491,0.9953131059711405,0.9727452923686819
2024-05-27 16:00:00,440.0,370.0,1898,1908,1841,478277.0558340928,493497.71511871007,476897.9973908648,492634.2386216834,1.031823937817952,1.0329970797044912,0.969968387776607
2024-05-27 16:00:00,440.0,380.0,1512,1525,1466,215605.45963451502,224932.49492193994,214570.00167178444,224126.83393682397,1.0432597361088893,1.0445394612041718,0.9695767195767195
2024-05-27 16:00:00,440.0,390.0,1578,1597,1533,159262.80011053407,165629.3579004226,158461.10181632097,164778.84922184725,1.0399751717630854,1.0398693896048348,0.9714828897338403
2024-05-27 16:00:00,440.0,400.0,1464,1474,1414,175311.1921293643,180387.7695056007,174025.99881690036,179437.26939235232,1.0289575201364802,1.0310946100711387,0.9658469945355191
2024-05-27 16:00:00,440.0,410.0,1413,1398,1362,294037.35369841714,300744.45580582577,293256.2600316063,300284.8973515715,1.0228103743386558,1.0239675610648777,0.9639065817409767
2024-05-27 16:00:00,440.0,420.0,1235,1236,1200,128330.47124079557,133811.03381773634,127696.46259043078,133330.05725077522,1.0427066348619356,1.0441170769030106,0.97165991902834
2024-05-27 16:00:00,440.0,430.0,1117,1128,1081,137525.8924049015,140763.2279041996,136793.32282632552,140153.12525513436,1.0235398254298673,1.0245611580988825,0.9677708146821844
2024-05-27 16:00:00,440.0,440.0,1091,1105,1064,157561.83975547357,159761.12571645534,157098.56263132812,159236.25602761147,1.0139582399164349,1.0136073389881992,0.9752520623281393
2024-05-27 16:00:00,440.0,450.0,1092,1087,1053,122855.55826370904,127462.26732055146,122220.19018086116,126928.66554234862,1.0374969526975257,1.0385245298221175,0.9642857142857143
2024-05-27 16:00:00,440.0,460.0,1072,1080,1049,99059.60689242324,102799.08919352375,98658.26932153544,102446.86343601634,1.0377498197137156,1.0384011815789467,0.9785447761194029
2024-05-27 16:00:00,440.0,470.0,1006,1011,985,92994.04340162774,97957.2204151861,92713.78063426919,97579.37526758714,1.0533709131468034,1.052479734943734,0.9791252485089463
2024-05-27 16:00:00,440.0,480.0,917,906,892,99301.72889093347,104309.58149152293,98888.39753872377,104114.76432836193,1.0504306687962075,1.0528511627220125,0.9727371864776445
2024-05-27 16:00:00,440.0,490.0,890,896,877,214079.26313461538,221452.94969703082,212746.943363877,221232.76940143795,1.0344437217059121,1.0398869469210046,0.9853932584269663
2024-05-28 00:00:00,448.0,0.0,60,60,59,2132.90722117847,2087.0405788945627,2121.390317567557,2076.707522796127,0.9784957161622037,0.9789370233278596,0.9833333333333333
2024-05-28 00:00:00,448.0,10.0,181,166,166,6318.714745054274,5821.0983254019375,6145.707891447446,5821.0983254019375,0.9212472093249934,0.9471810942239469,0.9171270718232044
2024-05-28 00:00:00,448.0,20.0,295,281,279,10968.949381283748,10491.917351917416,10783.444528564174,10470.662783668806,0.9565106909709795,0.9709942640251134,0.9457627118644067
2024-05-28 00:00:00,448.0,30.0,452,429,428,42624.73331675447,40938.62886993035,42331.842726241586,40923.539787625945,0.9604430499472153,0.9667318300381327,0.9469026548672567
2024-05-28 00:00:00,448.0,40.0,588,571,569,28860.367237007704,27464.587791104223,28564.962873906323,27440.987907321643,0.9516368092463608,0.9606519717338259,0.967687074829932
2024-05-28 00:00:00,448.0,50.0,721,705,702,68829.39929827792,67966.46436719687,68584.64869608008,67930.87923747158,0.9874626984997872,0.990467699827325,0.9736477115117892
2024-05-28 00:00:00,448.0,60.0,835,827,823,313630.3710888231,309110.7698828713,313342.53081199713,309066.8864019071,0.9855894019757677,0.9863547268894199,0.98562874251497
2024-05-28 00:00:00,448.0,70.0,957,927,922,182592.83484908356,181786.8956241269,182174.41216320044,181733.3540717974,0.9955861399182351,0.9975789240312853,0.9634273772204807
2024-05-28 00:00:00,448.0,80.0,1052,1029,1018,180929.70457020623,178981.9136968583,179770.67291341026,178864.61640304065,0.9892345434489331,0.9949599314744401,0.967680608365019
2024-05-28 00:00:00,448.0,90.0,1137,1130,1115,220730.6182393583,219514.07897908823,220394.2212857511,219335.2415864747,0.9944885794731437,0.9951950659454751,0.980650835532102
2024-05-28 00:00:00,448.0,100.0,1252,1237,1230,65663.41122575737,63591.11216033769,65350.66088054019,63517.12433276106,0.968440581646072,0.9719431062658906,0.9824281150159745
2024-05-28 00:00:00,448.0,110.0,1379,1371,1354,81375.96731682568,79208.23395654335,81067.29873468459,79009.10172520217,0.9733615042406492,0.9746112545797481,0.9818709209572154
2024-05-28 00:00:00,448.0,120.0,1456,1440,1417,63344.38283796811,61537.296346032876,62795.49335170342,61270.0518725579,0.9714720325469478,0.9757077873311407,0.9732142857142857
2024-05-28 00:00:00,448.0,130.0,1482,1474,1453,93587.51089231849,91139.49762059876,93210.9972597006,90871.50703879136,0.9738425218452876,0.9749011351698014,0.9804318488529015
2024-05-28 00:00:00,448.0,140.0,1436,1407,1391,101191.80541481255,99274.67692312632,100661.80518669233,99084.28625211003,0.981054508476972,0.984328525286661,0.9686629526462396
2024-05-28 00:00:00,448.0,150.0,1430,1422,1394,160646.05847959372,159181.82541034973,160077.60674757086,158820.3043198018,0.9908853470598534,0.9921456695079673,0.9748251748251748
2024-05-28 00:00:00,448.0,160.0,1453,1446,1410,135783.30374919716,133729.51885867753,134792.2985547352,133269.65581514727,0.9848745402872717,0.9887037853355574,0.9704060564349621
2024-05-28 00:00:00,448.0,170.0,1421,1407,1370,126795.54230575864,125172.1144153494,126091.31275150992,124739.0614692603,0.9871964908159432,0.989275618972145,0.9641097818437719
2024-05-28 00:00:00,448.0,180.0,1481,1498,1444,112034.66596266779,111480.63415510763,111213.7226163586,110840.8053694986,0.9950548180529697,0.9966468414320919,0.975016880486158
2024-05-28 00:00:00,448.0,190.0,1549,1521,1494,119737.90749905475,118428.08902928821,118746.36544815578,118092.72847507328,0.9890609540693963,0.9944955201734753,0.9644932214331827
2024-05-28 00:00:00,448.0,200.0,1550,1542,1499,126773.62976727047,126741.02491574455,126127.56694578112,126204.3972534767,0.9997428104599847,1.0006091476237593,0.9670967741935483
2024-05-28 00:00:00,448.0,210.0,1607,1579,1551,164730.21172990184,166099.89844540565,163140.60741991183,165773.8624245133,1.0083147268562345,1.0161410150804677,0.9651524579962664
2024-05-28 00:00:00,448.0,220.0,1683,1664,1625,143454.96612380157,144948.6545576933,142324.59683739772,144456.25467187937,1.0104122462557532,1.01497743806657,0.9655377302436126
2024-05-28 00:00:00,448.0,230.0,1710,1681,1655,224599.38642000657,224767.1703569863,222995.96223389215,224463.35425711813,1.0007470364886302,1.0065803524356502,0.9678362573099415
2024-05-28 00:00:00,448.0,240.0,1753,1743,1699,490738.35536452255,496972.3501793727,488923.41204659885,496411.88020965486,1.0127032964648128,1.0153162396779278,0.9691956645750143
2024-05-28 00:00:00,448.0,250.0,1839,1836,1783,249810.11850542593,257527.26706958146,248925.3998248799,256869.67348729356,1.0308920575768747,1.0319142749916341,0.9695486677542142
2024-05-28 00:00:00,448.0,260.0,1934,1932,1887,215795.43530286243,220507.82882509154,215069.05319990718,219916.3602306468,1.0218373179007025,1.0225383752735175,0.9756980351602895
2024-05-28 00:00:00,448.0,270.0,1927,1921,1877,250187.83627252246,254072.72008115274,249246.32461992707,253532.72134460823,1.015527868446804,1.01719743202319,0.9740529320186819
2024-05-28 00:00:00,448.0,280.0,1949,1941,1881,185500.48768952943,188100.43082541585,183940.83168902865,187344.26940845783,1.0140158291132793,1.0185028940457497,0.9651103129810159
2024-05-28 00:00:00,448.0,290.0,1906,1871,1820,244987.0461558726,246782.1487286113,243771.64812004898,246164.02414928435,1.0073273366935351,1.0098140044081632,0.9548793284365162
2024-05-28 00:00:00,448.0,300.0,1846,1788,1745,185682.32900851918,187466.98266084254,183835.08789561962,186917.48350511666,1.0096113273775313,1.016767177826505,0.9452871072589383
2024-05-28 00:00:00,448.0,310.0,1914,1890,1829,233130.83314893884,235560.82740069187,231914.89852544997,234841.1989010414,1.0104233070286357,1.0126179921781537,0.9555903866248694
2024-05-28 00:00:00,448.0,320.0,1887,1843,1804,392123.26346281497,399710.77692232997,390784.28966584837,399204.0275205247,1.0193498171786854,1.0215457429516317,0.9560148383677796
2024-05-28 00:00:00,448.0,330.0,1889,1865,1820,1072657.5010431784,1078992.3536261315,1071684.0801179474,1078402.0572755078,1.0059057551704924,1.006268617106658,0.9634727368978295
2024-05-28 00:00:00,448.0,340.0,1914,1896,1849,1008800.9883825928,1003816.0561680084,1007291.5527295774,1003169.7636550142,0.9950585573646425,0.9959080476120405,0.9660397074190178
2024-05-28 00:00:00,448.0,350.0,1894,1864,1803,1137278.6415565768,1131797.2585855357,1135583.8511231174,1131011.7703316566,0.9951802638590497,0.9959738060849149,0.9519535374868004
2024-05-28 00:00:00,448.0,360.0,2046,2016,1965,1279125.8360547596,1273196.8062740436,1277565.8246543263,1272500.4125361384,0.9953647799039045,0.9960351067471936,0.9604105571847508
2024-05-28 00:00:00,448.0,370.0,1921,1894,1840,579728.1917640825,588784.5192441852,577910.4393196888,588084.4676905372,1.015621678587934,1.0176048530682802,0.9578344612181156
2024-05-28 00:00:00,448.0,380.0,1537,1509,1467,262635.9529435328,267637.4243049391,261368.32698812097,267064.6560159325,1.0190433613728493,1.021794259057527,0.9544567338972023
2024-05-28 00:00:00,448.0,390.0,1625,1597,1547,191827.45775082178,193978.98764201347,190404.62822145567,193349.5139907191,1.0112159641608056,1.0154664610664732,0.952
2024-05-28 00:00:00,448.0,400.0,1499,1487,1445,210402.91364198818,212032.96523987217,208931.44110586058,211104.85964177898,1.0077472862408057,1.0104025441284215,0.9639759839893263
2024-05-28 00:00:00,448.0,410.0,1422,1399,1362,366566.23581934394,370059.62723151455,365473.196234233,369554.82039752195,1.0095300414244706,1.0111680533766778,0.9578059071729957
2024-05-28 00:00:00,448.0,420.0,1240,1216,1192,153422.8230332304,155402.73431101587,151830.75170166013,155025.5962062778,1.012904933168624,1.0210421437608066,0.9612903225806452
2024-05-28 00:00:00,448.0,430.0,1129,1131,1091,162364.75879309227,162214.0042152083,161776.32529487734,161688.94179376814,0.9990715067789058,0.9994598498825467,0.9663418954827281
2024-05-28 00:00:00,448.0,440.0,1091,1097,1056,188706.8133238053,186856.46447700742,188156.12992779218,186327.33525187802,0.9901945837873758,0.990280440628663,0.9679193400549955
2024-05-28 00:00:00,448.0,450.0,1093,1081,1047,145374.04769650754,146180.019563585,143692.4520213754,145722.11077952816,1.0055441248272874,1.0141250199965328,0.9579139981701739
2024-05-28 00:00:00,448.0,460.0,1072,1061,1043,114951.23083150604,116174.49916504204,114539.74078938249,115950.08749406217,1.0106416288428355,1.0123131648016652,0.9729477611940298
2024-05-28 00:00:00,448.0,470.0,1009,1006,984,108436.05792864357,109953.54886281476,108036.90441780939,109703.5815470517,1.0139943388127386,1.015426924144335,0.9752229930624381
2024-05-28 00:00:00,448.0,480.0,906,900,882,116138.07599483624,118131.36134946252,115476.33312691085,117867.81760370915,1.0171630650633037,1.0207097368962177,0.9735099337748344
2024-05-28 00:00:00,448.0,490.0,895,881,871,263277.9674198861,268925.40418779454,262866.4877067042,268800.69137007045,1.0214504723781224,1.0225749722421347,0.9731843575418995
2024-05-28 08:00:00,456.0,0.0,36,45,36,858.7306841296814,1134.6684373602186,858.7306841296814,1030.2939982350827,1.3213321223174859,1.1997871012135541,1.0
2024-05-28 08:00:00,456.0,10.0,75,101,73,2367.209583364035,3074.9571928812306,2345.5386378657968,2748.87245635507,1.298979699343485,1.1719578658726622,0.9733333333333334
2024-05-28 08:00:00,456.0,20.0,145,193,141,4647.337577567725,6144.865108330788,4570.820184905814,5507.143210992305,1.3222334305972288,1.2048479240505903,0.9724137931034482
2024-05-28 08:00:00,456.0,30.0,263,327,260,24213.450479169005,27338.101526831226,24179.963229263623,26575.119067113388,1.129046087436005,1.099055396203045,0.9885931558935361
2024-05-28 08:00:00,456.0,40.0,376,449,370,14060.850524771646,17450.901616019746,13938.107447518076,16513.39948227459,1.2410985797250096,1.1847662636016694,0.9840425531914894
2024-05-28 08:00:00,456.0,50.0,450,534,439,46561.63976320281,52548.7038003717,46429.88508168496,51405.51092667551,1.1285836166341463,1.1071642937783894,0.9755555555555555
2024-05-28 08:00:00,456.0,60.0,579,662,572,221919.77894178487,234941.9663547084,221841.1521049618,233861.21261027295,1.0586797061308337,1.054183186443352,0.9879101899827288
2024-05-28 08:00:00,456.0,70.0,684,774,677,119400.58792011239,131859.24347244782,119305.46351556537,130688.6053400109,1.104343335065244,1.0954117396556646,0.9897660818713451
2024-05-28 08:00:00,456.0,80.0,734,849,723,116652.17084585804,128683.1774455145,116145.73116044719,127139.78325055615,1.103135728314512,1.0946573927449943,0.9850136239782016
2024-05-28 08:00:00,456.0,90.0,798,932,792,155725.23591195,169172.0121291197,155655.11325856665,167471.68606049338,1.0863493713040369,1.07591509558891,0.9924812030075187
2024-05-28 08:00:00,456.0,100.0,912,1041,901,32416.971500735992,40588.53612766789,32279.783913436655,38916.08524744732,1.2520767440211487,1.2055869194108286,0.9879385964912281
2024-05-28 08:00:00,456.0,110.0,970,1122,959,40252.38006036979,49170.44185110628,40136.71500269647,47208.11767648552,1.2215536516688292,1.1761828957181468,0.988659793814433
2024-05-28 08:00:00,456.0,120.0,1033,1230,1022,28314.616743335835,36955.6763537988,28160.833081030712,34437.04429971989,1.305180172092449,1.2228702254876425,0.989351403678606
2024-05-28 08:00:00,456.0,130.0,1118,1277,1108,48514.81871510694,59115.1097526719,48391.99902043346,57013.87258310111,1.2184959424421007,1.1781673362786083,0.9910554561717353
2024-05-28 08:00:00,456.0,140.0,1066,1216,1054,53528.41995864069,64172.986362414085,53379.18537879924,62221.13076553962,1.1988582217072359,1.1656440675142294,0.9887429643527205
2024-05-28 08:00:00,456.0,150.0,1101,1240,1080,98072.74483130786,111179.76609721142,97756.8240651954,109194.25695220433,1.1336459103744734,1.1169988182040484,0.9809264305177112
2024-05-28 08:00:00,456.0,160.0,1081,1236,1064,79953.45377457503,92523.52938950577,79721.22862134245,90416.34429995545,1.1572174186542519,1.1341564331554943,0.9842738205365402
2024-05-28 08:00:00,456.0,170.0,1066,1201,1056,72179.88087931689,84470.32758673595,72052.97982382464,82701.78703437236,1.1702752423208955,1.147791350705896,0.9906191369606003
2024-05-28 08:00:00,456.0,180.0,1175,1321,1162,60366.483904796194,73400.29141374686,60138.83115952068,71349.64258584732,1.2159113247262545,1.1864155190610457,0.9889361702127659
2024-05-28 08:00:00,456.0,190.0,1249,1382,1242,64574.43348633175,78527.25187153241,64484.847017569926,76747.06182293486,1.2160734153115569,1.1901565309137494,0.9943955164131305
2024-05-28 08:00:00,456.0,200.0,1224,1336,1212,72265.08363204605,87240.58111837346,72110.42644288007,85702.48920218193,1.2072300581921211,1.188489562879903,0.9901960784313726
2024-05-28 08:00:00,456.0,210.0,1324,1434,1312,94023.34545306257,113562.93980806094,93577.75479399605,111954.57110783434,1.2078164126243809,1.1963801798225806,0.9909365558912386
2024-05-28 08:00:00,456.0,220.0,1382,1507,1364,79936.31859397433,97884.84948777169,79610.21654764004,95992.31175386468,1.2245353702734858,1.2057788047394813,0.9869753979739508
2024-05-28 08:00:00,456.0,230.0,1451,1536,1432,140087.75962071872,163906.92299850908,139739.74991532823,162597.4457712952,1.1700302970243772,1.1635733273447033,0.9869055823569952
2024-05-28 08:00:00,456.0,240.0,1472,1570,1456,331513.4510121284,368360.884594613,330740.9323842163,366926.8977853967,1.1111491357891736,1.1094087905610177,0.9891304347826086
2024-05-28 08:00:00,456.0,250.0,1585,1690,1572,156636.06530316858,186802.30286648875,156246.2219061898,185090.96464223554,1.1925880703459546,1.1846108173634056,0.9917981072555205
2024-05-28 08:00:00,456.0,260.0,1668,1788,1654,128242.99170648209,155980.50458022364,127938.12653711523,154156.28401591652,1.2162887227180894,1.2049284149177792,0.9916067146282974
2024-05-28 08:00:00,456.0,270.0,1596,1718,1586,151980.1552626706,179582.91036663638,151682.49830163585,177799.81962880137,1.1816207850048537,1.1721841453008548,0.993734335839599
2024-05-28 08:00:00,456.0,280.0,1569,1694,1555,107579.75357344002,132194.3106535213,107333.08831138548,130472.40321606319,1.2288028765866061,1.2155841713745152,0.9910771191841937
2024-05-28 08:00:00,456.0,290.0,1475,1620,1461,148344.12958233032,174197.0543837226,148111.0477277384,172156.80550908414,1.1742766961805793,1.1623495218638065,0.9905084745762712
2024-05-28 08:00:00,456.0,300.0,1433,1564,1416,107459.66127525168,132746.6499753073,107069.54227238658,130818.65482823062,1.2353161028051676,1.221810162365558,0.9881367759944173
2024-05-28 08:00:00,456.0,310.0,1475,1619,1463,140251.94826541533,168552.16664543963,140054.70177402088,166545.30230571312,1.2017812852515137,1.1891446713044664,0.991864406779661
2024-05-28 08:00:00,456.0,320.0,1498,1642,1482,258642.26270569576,300870.3909041843,258279.09610680095,298772.9202681859,1.163268476530996,1.156783203796874,0.9893190921228304
2024-05-28 08:00:00,456.0,330.0,1501,1632,1486,783581.5896111501,857307.2483853505,782899.9750568802,855408.6870412307,1.0940880436085623,1.0926155502547852,0.9900066622251832
2024-05-28 08:00:00,456.0,340.0,1554,1685,1543,758527.2112985263,810350.1875140067,757784.6893149223,808518.3633664201,1.0683205235666686,1.0669499856184266,0.9929214929214929
2024-05-28 08:00:00,456.0,350.0,1567,1643,1542,777253.3088991483,829530.1967331872,776895.8156726279,828004.5598556853,1.0672584950562392,1.0657858404589398,0.9840459476707084
2024-05-28 08:00:00,456.0,360.0,1697,1808,1675,977830.943504961,1049488.847826528,977315.6053114997,1047738.0791514392,1.0732825083901667,1.0720570442722992,0.9870359457866824
2024-05-28 08:00:00,456.0,370.0,1549,1672,1522,414899.3060846217,473950.1144374031,413929.7305030235,471708.60670705984,1.1423256377795377,1.1395861953037807,0.9825693996126533
2024-05-28 08:00:00,456.0,380.0,1293,1383,1280,168123.76481127593,199984.7503204426,167630.780001477,198352.713525071,1.1895091127951578,1.1832714345379967,0.9899458623356535
2024-05-28 08:00:00,456.0,390.0,1315,1405,1293,112743.39328603857,137660.35407887818,112330.30731365317,136049.92782110535,1.2210059504739528,1.2111595799450747,0.9832699619771863
2024-05-28 08:00:00,456.0,400.0,1222,1327,1203,126200.87129893579,151119.171634293,125879.6257792018,149133.52224110678,1.1974495110761356,1.1847312169698796,0.9844517184942717
2024-05-28 08:00:00,456.0,410.0,1188,1280,1175,242631.34168984153,276362.06726568716,242353.87295065762,274794.25747755,1.1390204799632357,1.1338554409382067,0.9890572390572391
2024-05-28 08:00:00,456.0,420.0,1060,1122,1042,89778.42624194427,111211.97693833592,89300.40878705846,110049.96332830911,1.2387383204805829,1.232356769953081,0.9830188679245283
2024-05-28 08:00:00,456.0,430.0,938,1013,929,95095.23621785056,113798.3698083518,94899.38306350453,112516.68065434016,1.1966779234624838,1.1856418558490156,0.990405117270789
2024-05-28 08:00:00,456.0,440.0,924,976,918,110121.1652178668,129254.91283776163,109925.6548509064,128472.50089542594,1.173751772259584,1.1687217244206993,0.9935064935064936
2024-05-28 08:00:00,456.0,450.0,927,983,919,82859.26041663674,101482.31890203073,82643.50364792394,100574.73259385733,1.2247553066700412,1.2169708223204527,0.9913700107874865
2024-05-28 08:00:00,456.0,460.0,908,975,901,61038.40242361028,76486.59860515443,60934.54987540428,75518.63225926159,1.2530897855801126,1.2393401184332709,0.9922907488986784
2024-05-28 08:00:00,456.0,470.0,881,928,878,56713.03438249009,72692.80999577054,56661.13313035436,71974.05326245226,1.2817654845534792,1.2702543928457812,0.996594778660613
2024-05-28 08:00:00,456.0,480.0,795,840,787,64961.6361133081,81394.4205967451,64818.92968174211,80706.76144049142,1.2529613702274127,1.2451109858918963,0.989937106918239
2024-05-28 08:00:00,456.0,490.0,765,817,757,170102.64726431353,195261.07299815235,169800.27205949917,194483.4123839633,1.1479014356240234,1.145365728953691,0.9895424836601308
2024-05-28 16:00:00,464.0,0.0,58,60,58,1836.7736139597378,1816.0510587056547,1836.7736139597378,1793.8417445425175,0.9887179589816684,0.976626477486974,1.0
2024-05-28 16:00:00,464.0,10.0,180,166,165,5413.343001603276,5169.455629861619,5229.513454213324,5159.323349395758,0.9549469945522712,0.9865780812245516,0.9166666666666666
2024-05-28 16:00:00,464.0,20.0,294,282,280,9277.819881208474,9129.765532364898,9117.14194090159,9108.269087766545,0.9840421186507997,0.9990267944502168,0.9523809523809523
2024-05-28 16:00:00,464.0,30.0,453,444,441,34517.169266294855,34336.43133647763,34374.58621750907,34302.43809815863,0.9947638252597466,0.9979011203540337,0.9735099337748344
2024-05-28 16:00:00,464.0,40.0,589,570,568,24286.65654345793,24069.80166149133,24013.94537010615,24049.231014529243,0.9910710277646259,1.0014693813898243,0.9643463497453311
2024-05-28 16:00:00,464.0,50.0,719,703,701,57538.91046618892,57629.406487060514,57290.768976233754,57605.895934300075,1.0015727795354201,1.0055004839993864,0.9749652294853964
2024-05-28 16:00:00,464.0,60.0,836,833,829,240484.0691006664,238252.7592488958,240407.28175872844,238207.77715031002,0.9907215897497286,0.9908509235147634,0.9916267942583732
2024-05-28 16:00:00,464.0,70.0,957,937,930,147176.26279215066,147521.2063098135,146838.0052871639,147437.7730261555,1.0023437442364602,1.0040845538443448,0.9717868338557993
2024-05-28 16:00:00,464.0,80.0,1047,1035,1026,141046.35112135636,141683.98715094227,140406.18325500132,141585.12871526554,1.0045207552305786,1.0083966776457634,0.9799426934097422
2024-05-28 16:00:00,464.0,90.0,1137,1119,1110,172234.93936623295,172015.76023010563,171700.23680923387,171911.29035505795,0.9987274409191664,1.0012291977561951,0.9762532981530343
2024-05-28 16:00:00,464.0,100.0,1249,1248,1237,56510.79548955079,56964.19435983765,56377.388027291534,56835.10502106379,1.0080232257634862,1.0081188045382785,0.9903923138510808
2024-05-28 16:00:00,464.0,110.0,1389,1375,1359,68052.71091031499,68643.38622310036,67658.06701199674,68461.87008259512,1.008679673519014,1.0118803729709844,0.978401727861771
2024-05-28 16:00:00,464.0,120.0,1465,1449,1435,54593.872061839946,55121.79457009485,54195.853154195276,54955.619970688895,1.009669995703124,1.0140189105305155,0.9795221843003413
2024-05-28 16:00:00,464.0,130.0,1484,1486,1461,78435.18852128014,79642.31356490185,78121.2705846644,79338.65915968758,1.0153900955219124,1.015583317653594,0.9845013477088949
2024-05-28 16:00:00,464.0,140.0,1426,1423,1396,84116.58108710786,85865.83007682895,83737.18247355799,85549.6724382698,1.0207955312390744,1.0216449838789854,0.9789621318373072
2024-05-28 16:00:00,464.0,150.0,1422,1426,1395,130172.11024611117,132324.5371562649,129717.65757590927,131915.71168971556,1.0165352386627537,1.0169449106226731,0.9810126582278481
2024-05-28 16:00:00,464.0,160.0,1439,1457,1411,110598.0912873337,112318.16011861905,110135.2918942578,111745.8565821709,1.0155524278155634,1.0146235113215065,0.980542043085476
2024-05-28 16:00:00,464.0,170.0,1402,1415,1370,104104.98296723007,105640.80442562791,103398.20946084757,105118.30653959184,1.0147526219650915,1.0166356563398284,0.9771754636233951
2024-05-28 16:00:00,464.0,180.0,1466,1486,1433,93343.42634296336,95255.28105617869,92858.5727446776,94610.22100939878,1.020481942736822,1.0188636139124978,0.9774897680763983
2024-05-28 16:00:00,464.0,190.0,1523,1535,1483,98031.88345901831,100785.53458237478,97375.84018105116,100141.73842824719,1.0280893422241308,1.0284043582273938,0.9737360472751149
2024-05-28 16:00:00,464.0,200.0,1534,1557,1498,105638.5707824887,109015.76215548505,105185.06617362764,108306.28354258201,1.0319693020075975,1.0296735789831821,0.9765319426336375
2024-05-28 16:00:00,464.0,210.0,1595,1603,1561,135132.09954685875,140049.92573128338,134658.98469926708,139516.2100419926,1.0363927312675203,1.0360705626406819,0.9786833855799373
2024-05-28 16:00:00,464.0,220.0,1667,1683,1625,118226.02136886933,123003.88987498048,117490.9227293784,122087.18194406308,1.0404130025758376,1.039120121860575,0.9748050389922016
2024-05-28 16:00:00,464.0,230.0,1697,1697,1651,183601.27978715207,188641.64184360424,182840.75988976395,188105.6563203307,1.0274527610172186,1.0287949822224594,0.9728933411903359
2024-05-28 16:00:00,464.0,240.0,1746,1738,1701,385611.6190539317,393803.67869066435,384449.1058310227,393378.33329525427,1.0212443277949748,1.0232260325978133,0.9742268041237113
2024-05-28 16:00:00,464.0,250.0,1840,1851,1795,203949.3009628025,214239.50560988815,203373.43808199881,213550.4320688459,1.0504547188860551,1.0500409202048488,0.9755434782608695
2024-05-28 16:00:00,464.0,260.0,1920,1948,1883,175020.1548292811,184148.3638761741,174426.1684113012,183166.86217083712,1.0521551878170652,1.0501111377905474,0.9807291666666667
2024-05-28 16:00:00,464.0,270.0,1910,1947,1875,202638.86530188227,210813.06179219933,201749.44559549371,209914.9886576546,1.0403387399457626,1.0404736827804362,0.981675392670157
2024-05-28 16:00:00,464.0,280.0,1908,1945,1859,152689.97847518293,159562.65729386522,151890.31122632226,158524.54930424233,1.0450106738327907,1.0436778226626635,0.9743186582809225
2024-05-28 16:00:00,464.0,290.0,1887,1897,1824,199522.7284368794,206106.11137894687,198741.7323904622,205204.9495735606,1.0329956541474932,1.0325206845354467,0.9666136724960255
2024-05-28 16:00:00,464.0,300.0,1837,1821,1770,152496.73061884617,159344.60871266332,151320.0108402429,158727.08497637114,1.0449050813484841,1.0489497330524797,0.9635274904735982
2024-05-28 16:00:00,464.0,310.0,1913,1908,1845,191192.90992665925,197990.06550411182,190222.9966748681,197261.98487837764,1.035551295181709,1.0370038761167277,0.9644537375849451
2024-05-28 16:00:00,464.0,320.0,1866,1875,1813,321125.05792722956,332367.553171768,320224.03334023786,331599.25184654264,1.0350097102888998,1.0355226882493813,0.9715969989281886
2024-05-28 16:00:00,464.0,330.0,1879,1864,1817,867388.6704572383,878965.7472704056,866639.0116645481,878413.7777360042,1.0133470463789487,1.0135867020904592,0.9670037253858436
2024-05-28 16:00:00,464.0,340.0,1917,1887,1844,805013.2576978451,800531.6768618133,804019.8543768688,799801.2118205415,0.9944329105226811,0.9947530617143816,0.9619196661450182
2024-05-28 16:00:00,464.0,350.0,1876,1860,1802,867008.9106116693,856911.5567238617,865864.613816393,856182.6727093832,0.9883538060979281,0.9888181813270605,0.9605543710021321
2024-05-28 16:00:00,464.0,360.0,2025,2033,1963,1036663.6216188173,1035150.4651020566,1035641.0125707719,1034222.6650453891,0.9985403592011863,0.9986304641201279,0.9693827160493828
2024-05-28 16:00:00,464.0,370.0,1883,1885,1810,477887.8082160429,494161.49927253206,476605.5519438548,493164.63680482813,1.0340533714748634,1.034743793464924,0.9612320764737121
2024-05-28 16:00:00,464.0,380.0,1504,1515,1450,215180.54098008835,224193.4077010412,213915.13412397628,223283.43543367446,1.0418851383117718,1.0437944764780818,0.964095744680851
2024-05-28 16:00:00,464.0,390.0,1573,1569,1518,159197.50194036224,165423.48445525765,158233.4377799154,164785.67115902703,1.039108544034992,1.0414086521220947,0.965034965034965
2024-05-28 16:00:00,464.0,400.0,1463,1489,1419,175282.3792753077,180230.4469905419,174413.0959541254,179155.40973882438,1.0282291222636961,1.0271901244499801,0.9699248120300752
2024-05-28 16:00:00,464.0,410.0,1408,1394,1357,294135.78139948245,300220.4447798884,293342.8090704647,299695.09194609296,1.0206865800259166,1.0216548102738812,0.9637784090909091
2024-05-28 16:00:00,464.0,420.0,1230,1227,1192,128313.57241692954,132338.22833375348,127368.83765421795,131772.850752086,1.0313657849361921,1.0345768492433298,0.9691056910569106
2024-05-28 16:00:00,464.0,430.0,1115,1133,1084,137037.10082943802,138769.9772665365,136578.52584199893,138090.18339271285,1.0126453086544445,1.0110680470549425,0.9721973094170404
2024-05-28 16:00:00,464.0,440.0,1086,1108,1055,157340.46186166123,158749.41311710165,156898.89786909102,158088.05472643243,1.0089547929297373,1.0075791281742055,0.9714548802946593
2024-05-28 16:00:00,464.0,450.0,1085,1087,1049,122471.90749530174,125759.50827521196,121398.53567371001,125205.68286111404,1.0268437133637063,1.0313607340177209,0.9668202764976959
2024-05-28 16:00:00,464.0,460.0,1069,1066,1046,98830.51229821048,101734.01893339856,98494.19764608287,101475.16539100917,1.029378646003848,1.030265414777404,0.9784845650140318
2024-05-28 16:00:00,464.0,470.0,1007,1005,981,92702.83644796186,96834.79447308418,92335.07304455483,96559.99779837878,1.0445720776563485,1.045756445676772,0.974180734856008
2024-05-28 16:00:00,464.0,480.0,908,899,888,98922.44444345069,103126.72257965188,98628.0034138761,102999.40074617745,1.0425007505612598,1.044322070618803,0.9779735682819384
2024-05-28 16:00:00,464.0,490.0,890,895,879,212965.23947404674,220154.58321024152,212835.9724016323,219974.50202650373,1.0337582966776646,1.033540052202269,0.9876404494382023
2024-05-29 00:00:00,472.0,0.0,61,61,61,2168.1577730755425,2068.2954257415117,2168.1577730755425,2068.2954257415117,0.9539413835219309,0.9539413835219309,1.0
2024-05-29 00:00:00,472.0,10.0,181,163,162,6347.073905765765,5872.727084659135,6137.549844882594,5861.119738489793,0.9252652752828784,0.9549608372430108,0.8950276243093923
2024-05-29 00:00:00,472.0,20.0,297,280,279,10752.95114206336,10328.401040895667,10550.434650808367,10317.961312823407,0.9605178061763027,0.9779655203146395,0.9393939393939394
2024-05-29 00:00:00,472.0,30.0,450,443,442,42562.02399312803,41246.06070389066,42467.12355406335,41235.39659123111,0.9690812803110622,0.9709957524845267,0.9822222222222222
2024-05-29 00:00:00,472.0,40.0,587,567,565,28806.79824874895,27728.50051010828,28544.99484380425,27707.268504619093,0.9625679421458266,0.9706524263266074,0.9625212947189097
2024-05-29 00:00:00,472.0,50.0,717,703,700,68735.49731988535,67894.73572158438,68513.96851188522,67858.90745285105,0.9877681601052773,0.9904390145066472,0.9762900976290098
2024-05-29 00:00:00,472.0,60.0,836,829,825,311541.93032845506,310756.94019234006,311391.0413572798,310711.89774200675,0.997480306630676,0.9978190007897696,0.9868421052631579
2024-05-29 00:00:00,472.0,70.0,950,922,916,181699.3177069595,181106.340936793,181219.67079486774,181026.36465097763,0.9967364942386695,0.9989333048501732,0.9642105263157895
2024-05-29 00:00:00,472.0,80.0,1051,1022,1017,179713.26477918972,177928.06584685761,178573.48061097763,177874.8378045312,0.9900664041993475,0.9960876452424176,0.9676498572787822
2024-05-29 00:00:00,472.0,90.0,1137,1115,1107,220333.53469980074,219542.89588144238,219939.50292718702,219398.40737323143,0.9964116274019041,0.9975397982319951,0.9736147757255936
2024-05-29 00:00:00,472.0,100.0,1253,1235,1226,65568.42806580449,63510.23367765795,65165.085648939465,63398.36727863324,0.9686099781730174,0.972888574415079,0.9784517158818835
2024-05-29 00:00:00,472.0,110.0,1382,1354,1342,81061.53153128448,79371.74372711069,80537.78084072462,79223.82879514835,0.9791542576083498,0.9836852712868411,0.9710564399421129
2024-05-29 00:00:00,472.0,120.0,1448,1445,1422,62806.21440057855,61503.189501747824,62500.8011429153,61254.15804164232,0.979253248882029,0.9800539660536128,0.9820441988950276
2024-05-29 00:00:00,472.0,130.0,1477,1466,1441,93631.56230687215,91862.7919129061,93152.14171170478,91552.08780768898,0.9811092504451757,0.982823219363353,0.975626269465132
2024-05-29 00:00:00,472.0,140.0,1430,1407,1391,100723.44257175412,99162.67958376608,100197.47800489789,98988.31863356286,0.9845044713709405,0.9879322374633429,0.9727272727272728
2024-05-29 00:00:00,472.0,150.0,1425,1419,1393,160189.89419305808,159403.87355930053,159574.18337338234,159100.4733224242,0.9950931946255596,0.9970314117174598,0.9775438596491228
2024-05-29 00:00:00,472.0,160.0,1446,1442,1405,135236.91824611637,133932.11875660226,134585.4666162673,133503.66550671362,0.9903517507908638,0.9919619767516343,0.9716459197786999
2024-05-29 00:00:00,472.0,170.0,1414,1412,1361,126399.7511466813,124831.24701136985,125225.01090324836,124221.72904916007,0.9875909238658922,0.9919881671652363,0.9625176803394625
2024-05-29 00:00:00,472.0,180.0,1482,1471,1436,111979.9494258885,110132.98669017383,110876.20765378895,109696.03077073235,0.9835063085384135,0.9893559050401354,0.9689608636977058
2024-05-29 00:00:00,472.0,190.0,1539,1527,1489,118606.34030164633,117055.97163894786,117710.33585893601,116580.54224183784,0.9869284503783231,0.9904019166298862,0.967511371020143
2024-05-29 00:00:00,472.0,200.0,1541,1540,1491,126483.43206229212,126663.92269986775,125851.81350505207,126073.05640901606,1.0014269903546478,1.0017579635747969,0.9675535366645036
2024-05-29 00:00:00,472.0,210.0,1594,1586,1547,164061.30586891127,165514.09535975268,163376.12655323392,165021.0007545153,1.0088551623013549,1.0100680205607973,0.9705144291091593
2024-05-29 00:00:00,472.0,220.0,1684,1663,1618,142897.16246183455,143524.00306404528,141925.83689914533,142976.89193591021,1.0043866553499838,1.007405663829284,0.9608076009501187
2024-05-29 00:00:00,472.0,230.0,1699,1681,1647,223771.49768053673,224308.90367246256,222483.34869998152,223873.62970268005,1.002401583747243,1.0062489215971544,0.9693937610359035
2024-05-29 00:00:00,472.0,240.0,1755,1743,1707,492290.64357119246,498660.8149984287,491072.5987650624,498237.32134489587,1.012939858822068,1.0145899457592444,0.9726495726495726
2024-05-29 00:00:00,472.0,250.0,1830,1834,1781,249189.99371932738,256387.11306674898,248481.60876401566,255716.0696807266,1.0288820559766456,1.0291146735273335,0.973224043715847
2024-05-29 00:00:00,472.0,260.0,1928,1936,1888,215018.82780787954,220536.94298967416,214330.96928670857,219891.2449342021,1.0256634046332216,1.0259424742303835,0.979253112033195
2024-05-29 00:00:00,472.0,270.0,1922,1903,1865,249922.3928756116,254462.40008432738,248997.45708619588,253932.96344198097,1.01816566797588,1.0198215130931099,0.9703433922996878
2024-05-29 00:00:00,472.0,280.0,1943,1923,1868,184357.65508455242,186687.61754061343,182584.217675499,185943.7050266882,1.0126382734418726,1.0183996590393147,0.9613998970663922
2024-05-29 00:00:00,472.0,290.0,1899,1874,1811,244725.82292619045,246744.98828651707,243502.26307035983,245857.37670185982,1.008250724570801,1.0096718346753906,0.9536598209583992
2024-05-29 00:00:00,472.0,300.0,1843,1817,1766,184843.63354873605,188820.9407967593,183612.82379688567,188208.7995698228,1.0215171449060192,1.0250307994719434,0.9582202930005426
2024-05-29 00:00:00,472.0,310.0,1913,1896,1843,232213.31228043587,236554.97561534686,231114.35975205037,235921.54819871963,1.0186968752664263,1.020800042246733,0.96340825927862
2024-05-29 00:00:00,472.0,320.0,1889,1845,1809,390953.67505970935,398823.23565198435,389585.7479125799,398379.0187395101,1.0201291382951525,1.0225708226598251,0.957649550026469
2024-05-29 00:00:00,472.0,330.0,1884,1865,1816,1068893.160872086,1081050.1384006361,1068029.211780989,1080069.951557688,1.0113734262446132,1.0112737925553743,0.9639065817409767
2024-05-29 00:00:00,472.0,340.0,1908,1881,1837,1004953.4935758846,1004608.8059535496,1003698.4279786217,1003975.3306984559,0.999657011369642,1.000275882388689,0.9627882599580713
2024-05-29 00:00:00,472.0,350.0,1892,1870,1810,1131683.1848948475,1130346.6462017605,1130369.6356704137,1129480.334357962,0.9988189815745905,0.9992132650379234,0.9566596194503171
2024-05-29 00:00:00,472.0,360.0,2038,2025,1960,1271384.731597953,1273771.5075856913,1269804.7462663213,1272894.223214391,1.0018773042718063,1.0024330330762692,0.9617271835132483
2024-05-29 00:00:00,472.0,370.0,1911,1909,1842,576494.3281314953,590073.6694411999,574936.0772860269,589214.268479455,1.0235550302007606,1.0248343976965717,0.9638932496075353
2024-05-29 00:00:00,472.0,380.0,1527,1517,1467,260718.18465801253,266633.456541016,259070.3655957575,265966.82003502693,1.0226883747704925,1.0266200050453875,0.9607072691552063
2024-05-29 00:00:00,472.0,390.0,1607,1582,1534,191022.42277179976,193793.5178886116,189703.45334566827,193149.64601158732,1.0145066483641152,1.0181662094450097,0.95457373988799
2024-05-29 00:00:00,472.0,400.0,1493,1491,1434,209709.24275355643,210857.585905444,208526.82720947487,209945.8791917956,1.005475882401793,1.0068051291112545,0.9604822505023443
2024-05-29 00:00:00,472.0,410.0,1419,1416,1366,366067.4479705566,370089.2578088916,365109.6490769901,369393.0571744002,1.0109865268289533,1.0117318403067097,0.9626497533474278
2024-05-29 00:00:00,472.0,420.0,1237,1222,1188,152842.4299181469,155253.5312038085,151564.3829142701,154754.05373491405,1.015775078209322,1.021044989326075,0.9603880355699272
2024-05-29 00:00:00,472.0,430.0,1129,1129,1089,161593.8334271813,161251.97144999218,160898.44028186396,160679.66908132957,0.9978844367390841,0.9986403149704177,0.9645704162976085
2024-05-29 00:00:00,472.0,440.0,1100,1095,1062,188471.75706303446,186149.87828076415,187848.16982688496,185710.96004917467,0.9876804948473328,0.9886226744733266,0.9654545454545455
2024-05-29 00:00:00,472.0,450.0,1091,1074,1047,145340.76230682308,145962.28770896792,144065.40242058865,145559.10234421777,1.004276332339807,1.010368207067984,0.9596700274977086
2024-05-29 00:00:00,472.0,460.0,1069,1058,1043,114798.07238022693,115988.37371273027,114439.37973530912,115797.86012114532,1.0103686526073443,1.0118707423002316,0.9756782039289055
2024-05-29 00:00:00,472.0,470.0,1017,1007,985,108164.95843621153,109435.60766840092,107568.90499631218,109181.9446813175,1.0117473278828903,1.0149954086179516,0.9685349065880039
2024-05-29 00:00:00,472.0,480.0,911,894,885,115925.75366943488,117524.22229584074,115402.96307011305,117407.73891905765,1.0137887274898718,1.017371961651683,0.9714599341383096
2024-05-29 00:00:00,472.0,490.0,892,891,877,262085.90988326274,267386.87611672323,259145.39807345835,267217.99952359725,1.0202260634149376,1.031150857820175,0.9831838565022422
2024-05-29 08:00:00,480.0,0.0,34,48,34,791.1363177703001,1156.835966340469,791.1363177703001,994.7439661427012,1.4622460634860486,1.2573610183213924,1.0
2024-05-29 08:00:00,480.0,10.0,72,104,72,2259.455963204326,3170.121675475666,2259.455963204326,2802.282191210317,1.403046453262071,1.240246429603418,1.0
2024-05-29 08:00:00,480.0,20.0,137,194,136,4395.435446899132,6122.300832015819,4348.793759806359,5395.590200872201,1.3928769756668695,1.2407096079701083,0.9927007299270073
2024-05-29 08:00:00,480.0,30.0,253,336,252,23541.307520346207,28044.66529608073,23528.78016078419,27042.96981265398,1.1912959920277315,1.149357069421174,0.9960474308300395
2024-05-29 08:00:00,480.0,40.0,358,461,354,13402.268455327147,17914.56295517499,13319.271692311002,16616.671854517386,1.3366813994875841,1.2475661010886894,0.9888268156424581
2024-05-29 08:00:00,480.0,50.0,431,553,426,45084.0170509255,53698.66067454342,45025.48823912463,52169.46021177099,1.1910797703294072,1.1586650639901035,0.988399071925754
2024-05-29 08:00:00,480.0,60.0,560,656,551,216148.88228025596,235172.35621416752,216032.19599663006,233910.75929643016,1.0880109752741907,1.0827587907317249,0.9839285714285714
2024-05-29 08:00:00,480.0,70.0,669,760,661,116426.36218447851,133248.10562533647,116317.16250287242,132041.3463749995,1.1444839736055978,1.1351836954562813,0.9880418535127056
2024-05-29 08:00:00,480.0,80.0,725,843,718,113216.32492405489,128841.75590943723,112873.74886223202,127287.92273719655,1.1380139392076525,1.1277017377402583,0.9903448275862069
2024-05-29 08:00:00,480.0,90.0,771,950,767,151428.12044541957,169297.02358454358,151380.50196853024,167031.77945030975,1.1180025419754493,1.1033903130076368,0.9948119325551232
2024-05-29 08:00:00,480.0,100.0,882,1043,873,31149.955773328005,40872.247576640984,31053.58680504071,38735.359290534805,1.3121125395509436,1.24737150441659,0.9897959183673469
2024-05-29 08:00:00,480.0,110.0,939,1116,925,38652.753825071704,49822.81367809519,38483.4831715895,47489.754966894856,1.2889848393099004,1.2340295382085957,0.9850905218317358
2024-05-29 08:00:00,480.0,120.0,990,1241,982,26833.10660106748,37665.42121379409,26736.005488232768,34451.83742049092,1.4036921543887013,1.2885932954963708,0.9919191919191919
2024-05-29 08:00:00,480.0,130.0,1059,1275,1051,46405.31761605315,59794.120878215705,46293.06735128017,56987.19804502294,1.2885187291020914,1.2310093347799524,0.9924457034938622
2024-05-29 08:00:00,480.0,140.0,1045,1217,1032,51647.3540053941,64559.03513567733,51445.888210102596,62281.72702155491,1.2499969529694535,1.2106259448218535,0.9875598086124402
2024-05-29 08:00:00,480.0,150.0,1069,1259,1061,94800.06547218474,111644.42193021941,94661.15833133104,109118.41800527071,1.1776829622863179,1.1527264184042272,0.9925163704396632
2024-05-29 08:00:00,480.0,160.0,1042,1236,1034,77019.10452234973,92809.06369217596,76893.91160908397,90292.69961245541,1.2050135387544558,1.1742503108892246,0.9923224568138196
2024-05-29 08:00:00,480.0,170.0,1033,1180,1020,69719.70064167154,84250.78689046501,69433.6579271623,82229.43534917565,1.208421523831217,1.1842878195389972,0.9874152952565344
2024-05-29 08:00:00,480.0,180.0,1153,1307,1142,58322.055978283315,72877.04555634364,57927.0716399551,70765.1797824639,1.2495623539657106,1.2216253606311034,0.9904596704249783
2024-05-29 08:00:00,480.0,190.0,1218,1384,1213,62283.322491262355,78548.42978728584,62218.05169109673,76375.6110816162,1.2611470718875875,1.2275474561757354,0.9958949096880131
2024-05-29 08:00:00,480.0,200.0,1203,1358,1192,70045.04359148836,87559.32556016254,69902.85618800895,85462.97720880325,1.2500431304007706,1.2225963554184993,0.9908561928512053
2024-05-29 08:00:00,480.0,210.0,1307,1419,1296,91202.15590790779,113967.59720603918,90757.92296195151,112388.91785356906,1.2496151661274215,1.2383372623091642,0.991583779648049
2024-05-29 08:00:00,480.0,220.0,1364,1504,1349,77433.87595858538,98168.06767210347,77196.92642521791,96150.68034808143,1.2677664195010403,1.2455247222986834,0.9890029325513197
2024-05-29 08:00:00,480.0,230.0,1427,1519,1417,136635.26837988332,164753.18557340573,136423.33939914775,163396.94299288248,1.2057881360129286,1.1977198601979335,0.9929922915206727
2024-05-29 08:00:00,480.0,240.0,1457,1572,1443,324343.6987012215,368124.86286505597,323627.3340870321,366419.3106601543,1.1349838592183188,1.1322260886702922,0.9903912148249828
2024-05-29 08:00:00,480.0,250.0,1567,1680,1551,153076.9597460321,184982.52274681718,152725.40099320913,183314.76443175157,1.2084282510818032,1.200289953338558,0.9897894065092534
2024-05-29 08:00:00,480.0,260.0,1655,1785,1642,125108.91580056041,155149.11703401647,124717.84945727942,153250.496254985,1.240112393599062,1.2287775721107113,0.9921450151057402
2024-05-29 08:00:00,480.0,270.0,1572,1712,1562,148057.89016322774,179370.09000027864,147837.12415469773,177446.99909150397,1.2114861950452656,1.2002871410419367,0.9936386768447837
2024-05-29 08:00:00,480.0,280.0,1552,1686,1537,104386.48426488924,131690.0430273997,103907.39776887995,129804.94293279371,1.2615622027582176,1.2492367792860848,0.9903350515463918
2024-05-29 08:00:00,480.0,290.0,1451,1606,1444,144402.7374308437,174804.35552684526,144251.18462692059,172546.5601049832,1.210533530297937,1.1961535050907446,0.9951757408683667
2024-05-29 08:00:00,480.0,300.0,1422,1554,1406,104599.55325330122,132766.28215594427,104333.82589073104,130806.65860691386,1.269281541140369,1.2537320230536533,0.9887482419127989
2024-05-29 08:00:00,480.0,310.0,1464,1611,1449,136688.95002249163,167987.94524788007,136402.53262132837,165890.41193715812,1.2289797033354803,1.21618278450659,0.9897540983606558
2024-05-29 08:00:00,480.0,320.0,1495,1627,1477,253383.6352902251,298744.24288911803,252906.30225352917,296750.6819287109,1.179019483823164,1.1733621475008928,0.9879598662207358
2024-05-29 08:00:00,480.0,330.0,1496,1618,1485,767053.6359237237,852306.5660998332,766087.1222132301,850496.9527569796,1.1111433753565927,1.110183069387577,0.9926470588235294
2024-05-29 08:00:00,480.0,340.0,1553,1669,1540,741840.9679714518,806470.1105346672,741664.5862805033,804835.2980652244,1.0871199426205085,1.0851742323326052,0.9916291049581455
2024-05-29 08:00:00,480.0,350.0,1539,1664,1531,761705.6364758473,826983.8672149393,761446.6241682543,825144.1873308118,1.0857000757420046,1.0836533528953993,0.9948018193632229
2024-05-29 08:00:00,480.0,360.0,1673,1813,1650,953751.4479055186,1044620.4602439646,953266.1222369921,1042443.9346992892,1.0952753597784814,1.0935497552908173,0.986252241482367
2024-05-29 08:00:00,480.0,370.0,1539,1671,1512,405241.8032687503,471515.4602801819,404165.8623540831,469353.018886378,1.1635410179227732,1.1612881309485399,0.9824561403508771
2024-05-29 08:00:00,480.0,380.0,1277,1380,1268,163500.8044620228,201048.54899969028,163364.03663614066,199332.71697662253,1.2296486837554912,1.220175021878252,0.9929522317932654
2024-05-29 08:00:00,480.0,390.0,1300,1397,1278,109629.39262641507,138782.30729886,108960.78303884882,137096.2222100571,1.2659224316948425,1.2582161984021067,0.9830769230769231
2024-05-29 08:00:00,480.0,400.0,1212,1318,1195,122878.4771416612,152276.2755904419,122265.92367950421,150128.87576462154,1.239242861179743,1.2278881248887836,0.985973597359736
2024-05-29 08:00:00,480.0,410.0,1182,1267,1168,236847.5701935577,276090.4601148914,236533.56861418218,274687.3443736318,1.165688378771475,1.1613038520620451,0.988155668358714
2024-05-29 08:00:00,480.0,420.0,1052,1121,1037,87109.1321478516,112440.19079775194,86594.97245845341,111228.33247798515,1.2907968203254,1.2844663993784438,0.9857414448669202
2024-05-29 08:00:00,480.0,430.0,937,1008,925,92119.31472536507,113722.91638637276,91825.90233441367,112390.98927984739,1.2345176114847838,1.2239573630383649,0.9871931696905016
2024-05-29 08:00:00,480.0,440.0,921,983,913,107642.34247185432,128769.97882569174,107469.22617888461,127795.53777588703,1.1962762595895917,1.1891361119802695,0.991313789359392
2024-05-29 08:00:00,480.0,450.0,927,988,917,80951.9084740869,101803.77797146245,80548.64022613245,100492.6224383402,1.2575834207052738,1.2476017243272755,0.9892125134843581
2024-05-29 08:00:00,480.0,460.0,903,978,894,59436.58594034205,76958.26192067188,59304.70232571328,75770.27879161644,1.294796137818494,1.2776436913125526,0.9900332225913622
2024-05-29 08:00:00,480.0,470.0,875,937,870,55210.904983009925,73286.87204622675,55141.536045800196,72258.44251857602,1.3273984925401847,1.3104176579078,0.9942857142857143
2024-05-29 08:00:00,480.0,480.0,791,845,784,63541.12962402298,81890.86284144336,63389.73062433879,81100.37546749605,1.2887851274599138,1.2793929658435428,0.9911504424778761
2024-05-29 08:00:00,480.0,490.0,760,821,756,167095.30377272924,193803.16879025608,166106.36018755287,192970.67950223282,1.1598361199537535,1.1617296248280145,0.9947368421052631
2024-05-29 16:00:00,488.0,0.0,59,60,58,1874.8994451132744,1858.5405366829987,1864.7661830879658,1836.9788206275966,0.9912747809100304,0.9850987417551971,0.9830508474576272
2024-05-29 16:00:00,488.0,10.0,182,171,168,5520.464925038323,5397.978987991481,5354.106584046329,5366.237937741491,0.9778123874148169,1.0022658035481231,0.9230769230769231
2024-05-29 16:00:00,488.0,20.0,296,280,278,9495.742783278652,9315.282405607042,9285.589036628411,9293.979602179244,0.9809956543905771,1.0009036115552536,0.9391891891891891
2024-05-29 16:00:00,488.0,30.0,451,444,442,34959.736359095536,35086.33033420899,34857.508961858824,35061.32651775795,1.0036211364357306,1.0058471635515362,0.9800443458980045
2024-05-29 16:00:00,488.0,40.0,589,579,578,24589.03336061465,24311.392761247665,24460.05114622615,24301.067146227244,0.988708763158958,0.9935002588895472,0.9813242784380306
2024-05-29 16:00:00,488.0,50.0,717,716,707,58066.421906831245,58567.43615469166,57935.385111050695,58444.08675916967,1.0086282955175765,1.0087804999853527,0.9860529986052998
2024-05-29 16:00:00,488.0,60.0,839,830,829,242254.67938070913,239841.88992508745,242139.59763918177,239828.1145305619,0.9900402771917981,0.9904539235583257,0.9880810488676997
2024-05-29 16:00:00,488.0,70.0,964,950,943,148523.1429832464,149179.8966680467,148283.53070115746,149097.66727913683,1.004421894605842,1.0054904045926727,0.9782157676348547
2024-05-29 16:00:00,488.0,80.0,1054,1024,1018,142897.41257268528,142370.34559980355,141892.58321017958,142301.9692910555,0.9963115709137585,1.0028851830843724,0.9658444022770398
2024-05-29 16:00:00,488.0,90.0,1146,1125,1118,174217.25808713096,172523.67904246037,173761.4928352972,172443.68739827268,0.990278924928186,0.9924160099253198,0.9755671902268761
2024-05-29 16:00:00,488.0,100.0,1253,1241,1230,57114.88962073642,56549.41104886605,56844.67053487367,56407.7024701069,0.9900992792663112,0.992312945775652,0.9816440542697525
2024-05-29 16:00:00,488.0,110.0,1385,1371,1349,68564.15304945348,69089.21480427521,68106.6037004463,68840.09170754321,1.0076579631114675,1.01076970465776,0.9740072202166065
2024-05-29 16:00:00,488.0,120.0,1464,1454,1434,55131.66965440117,55301.00954098873,54778.09137564494,55035.39895227946,1.0030715537484913,1.0046972716677918,0.9795081967213115
2024-05-29 16:00:00,488.0,130.0,1483,1474,1449,79147.542902441,79093.97104873919,78690.6321044216,78802.77827663696,0.9993231393959021,1.0014251527687126,0.9770734996628456
2024-05-29 16:00:00,488.0,140.0,1427,1397,1383,85018.95612414516,85107.66547423144,84421.10811655225,84954.61464497382,1.0010434067192822,1.0063195868938963,0.96916608269096
2024-05-29 16:00:00,488.0,150.0,1421,1413,1382,131317.6502496286,131458.55404394836,130759.40499538305,131086.74322603358,1.001072999661903,1.0025033628033264,0.9725545390570021
2024-05-29 16:00:00,488.0,160.0,1445,1425,1398,111558.30945148866,112123.32317972938,110901.40493683143,111781.81567563744,1.0050647390680156,1.007938679760707,0.9674740484429065
2024-05-29 16:00:00,488.0,170.0,1410,1407,1364,104797.1298677046,105526.5029902603,104077.65359666533,105001.68369640832,1.0069598578079042,1.0088782756702404,0.9673758865248226
2024-05-29 16:00:00,488.0,180.0,1471,1468,1423,94138.55224586422,95402.93220920503,93215.15058910503,94882.81252776983,1.0134310538368871,1.0178904601679601,0.9673691366417403
2024-05-29 16:00:00,488.0,190.0,1531,1559,1501,99242.92164708761,101565.64150246413,98832.90144114604,100834.58147816063,1.0234043881097759,1.0202531748823196,0.9804049640757675
2024-05-29 16:00:00,488.0,200.0,1543,1549,1501,106863.8849349863,109362.27092540677,106331.10379927178,108794.17414114505,1.0233791424665166,1.0231641566189604,0.9727802981205443
2024-05-29 16:00:00,488.0,210.0,1597,1590,1558,135974.5648638715,140254.06451934527,135376.6050766239,139878.98962223693,1.0314727953699143,1.0332582172751683,0.9755792110206637
2024-05-29 16:00:00,488.0,220.0,1676,1669,1623,119509.3862434974,122735.08525383195,118588.78609228638,122157.05609048744,1.0269911771094051,1.0300894386036148,0.9683770883054893
2024-05-29 16:00:00,488.0,230.0,1689,1693,1644,185226.47992103093,189195.9804718566,184403.85235732634,188571.46776547842,1.0214305241481565,1.0226004790836818,0.9733570159857904
2024-05-29 16:00:00,488.0,240.0,1743,1733,1686,389630.4914656293,393825.1661876486,388486.5208764868,393265.690053633,1.0107657763288511,1.012302020585846,0.9672977624784854
2024-05-29 16:00:00,488.0,250.0,1838,1830,1790,206156.6717349115,214677.0355583198,205286.57557287684,214160.70560804527,1.041329556553786,1.0432280094809128,0.9738846572361263
2024-05-29 16:00:00,488.0,260.0,1929,1943,1889,176838.73829660047,184010.7722247986,176223.93401332817,183333.31607651568,1.0405569164159547,1.0403428859024895,0.9792638672887507
2024-05-29 16:00:00,488.0,270.0,1922,1929,1865,204720.06734084996,210038.61959544936,203957.0127966363,209240.2829101932,1.0259796331824385,1.0259038414081147,0.9703433922996878
2024-05-29 16:00:00,488.0,280.0,1914,1918,1853,153703.90367138205,159366.17102431908,152824.55219572334,158573.0730509389,1.0368387999113082,1.0376151657088017,0.9681295715778474
2024-05-29 16:00:00,488.0,290.0,1889,1888,1819,200737.43181772396,206463.24687971582,199920.5932824068,205601.46339431376,1.0285239031412492,1.0284156325200686,0.9629433562731604
2024-05-29 16:00:00,488.0,300.0,1837,1852,1773,153831.90947430592,159454.1596520265,152881.04812573578,158529.37511788623,1.0365480100775817,1.0369458939574057,0.965160587915079
2024-05-29 16:00:00,488.0,310.0,1930,1895,1847,193125.10945117718,198275.55214513114,191990.07346509892,197680.99915122055,1.0266689438188048,1.029641770448909,0.9569948186528497
2024-05-29 16:00:00,488.0,320.0,1876,1856,1803,323995.35338305705,331284.23115739017,322880.76055172365,330643.64879968495,1.0224968589772199,1.02404258536401,0.9610874200426439
2024-05-29 16:00:00,488.0,330.0,1885,1873,1826,874671.6426005499,876308.2406971678,873311.4360579739,875771.7508189459,1.0018710999841633,1.0028172249433462,0.9687002652519894
2024-05-29 16:00:00,488.0,340.0,1917,1914,1859,810696.6413578085,798907.8947280229,809599.1310436281,798149.7182672811,0.9854584982490602,0.9858579235854812,0.9697443922796035
2024-05-29 16:00:00,488.0,350.0,1884,1867,1810,871932.5937150491,859016.6581140929,870781.2293016161,858292.6291993086,0.9851870021902437,0.9856581656998697,0.9607218683651805
2024-05-29 16:00:00,488.0,360.0,2013,2031,1963,1042588.1085071682,1038185.9616772381,1041815.2947016855,1037348.8311077349,0.9957776740459534,0.9957128066590445,0.9751614505712867
2024-05-29 16:00:00,488.0,370.0,1890,1886,1823,480664.06655238883,493277.13035525044,479037.95997244515,492455.3977154803,1.0262409126884189,1.0280091326036185,0.9645502645502646
2024-05-29 16:00:00,488.0,380.0,1514,1520,1464,217025.47603195492,225019.2347333369,215947.09030698152,224309.09704019513,1.036833273436548,1.0387224792949352,0.9669749009247027
2024-05-29 16:00:00,488.0,390.0,1573,1582,1527,160373.90536755993,165936.048239507,159669.20871638745,165114.6045942222,1.0346823434847412,1.034104232880036,0.9707565162110616
2024-05-29 16:00:00,488.0,400.0,1478,1479,1424,176549.96456265406,179887.62264144246,175244.31345133204,179092.7374686097,1.0189048923745545,1.021960336067318,0.9634641407307172
2024-05-29 16:00:00,488.0,410.0,1409,1401,1357,296514.6503809042,299815.310461865,295695.36690776754,299134.8440170683,1.01113152445156,1.0116318261772885,0.9630943931866572
2024-05-29 16:00:00,488.0,420.0,1225,1222,1186,128790.02435368556,132299.39418143965,127865.53471016821,131788.62539187452,1.027248770588913,1.0306813770465884,0.9681632653061224
2024-05-29 16:00:00,488.0,430.0,1118,1122,1084,137503.66450162465,138864.24639277108,136901.21361155645,138369.41641099413,1.0098948773189267,1.0107245418846582,0.9695885509838998
2024-05-29 16:00:00,488.0,440.0,1095,1091,1061,157891.92269108212,158810.05733270655,157376.34954286471,158417.72351988137,1.0058149563700023,1.0066170932293292,0.9689497716894977
2024-05-29 16:00:00,488.0,450.0,1086,1074,1045,123378.2004104358,125943.14698381405,122051.63466606545,125496.53395622724,1.0207893012286253,1.028224933648673,0.9622467771639043
2024-05-29 16:00:00,488.0,460.0,1069,1062,1041,99232.73346655126,102063.3540050409,98781.17783334389,101823.95769341203,1.0285250686906027,1.0308032352600784,0.9738072965388214
2024-05-29 16:00:00,488.0,470.0,1009,1011,985,93284.55438625187,97716.73266539664,92895.98449247636,97400.0865147939,1.0475124559291242,1.0484854328949205,0.9762140733399405
2024-05-29 16:00:00,488.0,480.0,908,911,887,99524.51708963836,103833.91057430816,98989.52486524305,103510.88869040109,1.043299818081895,1.045675174532993,0.9768722466960352
2024-05-29 16:00:00,488.0,490.0,892,894,873,214392.44496183086,218494.1476242838,213904.98910066375,218251.8552681097,1.019131750016579,1.020321480979578,0.9786995515695067
2024-05-30 00:00:00,496.0,0.0,62,58,58,2218.323166669571,2126.0922157831055,2174.680535947321,2126.0922157831055,0.958423122351044,0.9776572607511522,0.9354838709677419
2024-05-30 00:00:00,496.0,10.0,180,166,164,6366.485636841913,5927.003006972015,6179.133912749835,5904.207900879441,0.9309693518624031,0.955507354954208,0.9111111111111111
2024-05-30 00:00:00,496.0,20.0,295,286,283,11041.97496426362,10690.910184452256,10901.921046269457,10657.406831935106,0.9682063416238893,0.977571456140932,0.9593220338983051
2024-05-30 00:00:00,496.0,30.0,453,438,436,43041.98755998359,41964.699717588315,42831.07571414288,41943.61315251061,0.9749712338238573,0.9792799375958885,0.9624724061810155
2024-05-30 00:00:00,496.0,40.0,587,570,567,28957.083698637325,27889.491934615708,28658.2999632696,27854.67484351921,0.9631319308555973,0.9719583813143009,0.9659284497444633
2024-05-30 00:00:00,496.0,50.0,719,697,694,69678.56702368849,68869.63525332608,69339.13672783585,68820.25970122084,0.9883905222952217,0.992516823094414,0.9652294853963839
2024-05-30 00:00:00,496.0,60.0,838,823,820,312926.0038454762,310556.31291033747,312720.5491954441,310519.88164314115,0.9924273121887662,0.9929628303673528,0.9785202863961814
2024-05-30 00:00:00,496.0,70.0,956,932,923,183943.5495351858,183012.8215490851,183547.8646770768,182903.44655174698,0.9949401433839209,0.9964891003964357,0.9654811715481172
2024-05-30 00:00:00,496.0,80.0,1054,1025,1016,181906.33632733198,179113.65238713415,181369.64881464385,179012.2499752727,0.9846476818972786,0.9870022418040828,0.9639468690702088
2024-05-30 00:00:00,496.0,90.0,1137,1115,1105,222303.53738270618,219292.27377015285,221767.3354663783,219130.94892703678,0.9864542703728133,0.9881119257991842,0.9718557607739666
2024-05-30 00:00:00,496.0,100.0,1255,1238,1228,66230.65088323808,63963.695412698406,65909.0705864132,63851.740627879655,0.9657718074591141,0.9687853289353218,0.9784860557768924
2024-05-30 00:00:00,496.0,110.0,1384,1363,1347,81829.68666008432,80836.29575482669,81356.74418946213,80647.78311617911,0.9878602626283525,0.9912857737813106,0.9732658959537572
2024-05-30 00:00:00,496.0,120.0,1456,1441,1424,63563.79591404164,62025.706346581406,63100.233202918986,61803.980742115906,0.975802427382716,0.9794572476993141,0.978021978021978
2024-05-30 00:00:00,496.0,130.0,1480,1478,1455,94691.9230805526,92480.55621829838,94402.13751696913,92195.13593375379,0.976646721385381,0.9766212753093793,0.9831081081081081
2024-05-30 00:00:00,496.0,140.0,1440,1409,1393,101911.2931559378,99674.03174804978,101338.68903852082,99476.62629515462,0.9780469726307494,0.9816253519654434,0.9673611111111111
2024-05-30 00:00:00,496.0,150.0,1428,1425,1395,161270.6247693225,159206.05037284127,160580.62746845375,158834.17920312955,0.9871980752884517,0.9891241658918832,0.976890756302521
2024-05-30 00:00:00,496.0,160.0,1453,1447,1409,136517.21163056427,134488.32964026014,135716.71488937776,134001.53407234655,0.9851382696286342,0.9873620517676894,0.9697178251892636
2024-05-30 00:00:00,496.0,170.0,1421,1405,1357,126722.39499512853,123844.82809457295,125835.51287485406,123249.75795305446,0.9772923570402359,0.9794513101848189,0.9549612948627727
2024-05-30 00:00:00,496.0,180.0,1493,1474,1443,112731.11171791023,111098.62966877864,111954.07000324303,110724.46849106673,0.9855187975683537,0.989016911023059,0.9665103817816477
2024-05-30 00:00:00,496.0,190.0,1540,1528,1492,119975.59917490275,118743.73044075382,119223.22350337027,118294.62979034727,0.9897323393871692,0.9922113017436007,0.9688311688311688
2024-05-30 00:00:00,496.0,200.0,1540,1534,1485,127736.83486333823,127193.21731367461,126839.74639450703,126578.03373884718,0.9957442381420738,0.9979366668327619,0.9642857142857143
2024-05-30 00:00:00,496.0,210.0,1603,1581,1547,165231.80298975733,165734.9510154273,164385.47614048823,165301.15213964527,1.003045104008828,1.0055702974536174,0.9650655021834061
2024-05-30 00:00:00,496.0,220.0,1683,1659,1623,144030.04358569504,144091.70286716503,142973.54601147264,143568.93521232565,1.0004281001375475,1.0041643312169457,0.964349376114082
2024-05-30 00:00:00,496.0,230.0,1707,1682,1645,225316.02413226425,224790.33975677192,223617.25856288514,224335.00410343322,0.9976669019546353,1.0032097054814142,0.9636789689513767
2024-05-30 00:00:00,496.0,240.0,1747,1731,1687,496318.76606634574,497943.39873785205,493853.3138097676,497432.7955423091,1.0032733653905184,1.0072480666474182,0.9656554092730395
2024-05-30 00:00:00,496.0,250.0,1836,1835,1785,251537.10514561017,256841.3436577991,250694.37541242287,256119.8301350433,1.0210873004566001,1.0216417090080099,0.9722222222222222
2024-05-30 00:00:00,496.0,260.0,1936,1933,1886,217248.63774181402,220981.18587390147,216338.2283713964,220307.38669859874,1.0171809967182548,1.018347003934914,0.9741735537190083
2024-05-30 00:00:00,496.0,270.0,1917,1921,1868,252507.94938416162,254920.2642966284,251502.20983728752,254261.575051216,1.0095534216580118,1.0109715346664894,0.9744392279603548
2024-05-30 00:00:00,496.0,280.0,1942,1932,1865,185652.0092934994,187000.06883613608,183775.4753869747,186131.83526117302,1.0072612170897948,1.0128219495514108,0.9603501544799176
2024-05-30 00:00:00,496.0,290.0,1893,1891,1820,246914.6839700555,248255.65474955767,245843.96814216318,247375.18641370884,1.0054309073804002,1.0062284150516974,0.9614368726888537
2024-05-30 00:00:00,496.0,300.0,1838,1804,1752,186697.05553346503,188163.11700012485,185261.48734250956,187497.33211186767,1.0078526223269602,1.0120685891138534,0.9532100108813928
2024-05-30 00:00:00,496.0,310.0,1910,1898,1835,234451.50518200686,236304.9436504421,233238.03474182734,235544.0614949488,1.0079054236269305,1.0098870098767296,0.9607329842931938
2024-05-30 00:00:00,496.0,320.0,1882,1859,1813,395118.21592856897,398198.5909163521,393819.93898468267,397620.7086949292,1.0077960844719445,1.0096510342265692,0.963336875664187
2024-05-30 00:00:00,496.0,330.0,1888,1869,1813,1080324.7178379814,1081797.1360580865,1079277.5871182892,1081107.5477342822,1.0013629404157778,1.0016955421272844,0.9602754237288136
2024-05-30 00:00:00,496.0,340.0,1917,1904,1849,1016555.5472892965,1007175.7526134632,1014769.18190874,1006441.3841453921,0.9907729639557376,0.9917934069029535,0.96452790818988
2024-05-30 00:00:00,496.0,350.0,1899,1864,1813,1142514.2480142107,1136312.7690879316,1140694.8340266787,1135711.659977961,0.9945720773836669,0.9956314573362913,0.9547130068457083
2024-05-30 00:00:00,496.0,360.0,2048,2038,1977,1287038.4880613717,1279095.6877440251,1285671.5770748872,1278330.4370110342,0.9938286225384677,0.9942900347221214,0.96533203125
2024-05-30 00:00:00,496.0,370.0,1915,1901,1841,583287.8823498122,589942.6866001172,581580.2658959655,589183.6548342163,1.0114091248107122,1.01307367079682,0.9613577023498695
2024-05-30 00:00:00,496.0,380.0,1545,1535,1481,264525.4441389671,268798.5592085297,263127.3244941506,268073.6447499744,1.0161538905396101,1.0187982007012495,0.9585760517799353
2024-05-30 00:00:00,496.0,390.0,1617,1588,1548,193737.73780799648,196869.29206374468,192296.81193934073,196351.394830339,1.0161638836665456,1.0210850239798945,0.9573283858998145
2024-05-30 00:00:00,496.0,400.0,1499,1493,1432,212249.514639123,211676.23785976472,210411.5011452561,210681.96864037093,0.9972990431552553,1.0012854216316251,0.9553035356904603
2024-05-30 00:00:00,496.0,410.0,1425,1395,1364,370297.7598904883,372280.96078966756,369211.804491887,371761.19752866577,1.0053556924021516,1.0069049607996345,0.9571929824561404
2024-05-30 00:00:00,496.0,420.0,1245,1229,1198,154872.06734346994,156625.18303528556,153632.31009312812,156173.0621976271,1.0113197668365053,1.0165378760689001,0.9622489959839358
2024-05-30 00:00:00,496.0,430.0,1128,1120,1085,163825.47896128782,162323.23714293845,163009.69790677965,161856.34496045648,0.990830230878163,0.9929246360116394,0.9618794326241135
2024-05-30 00:00:00,496.0,440.0,1100,1101,1064,190241.17327344237,187653.4481207754,189572.9505085716,187158.6999587037,0.9863976598328296,0.987264794141827,0.9672727272727273
2024-05-30 00:00:00,496.0,450.0,1097,1085,1054,147134.4318497285,147054.9354315981,145634.37272771218,146545.20266702003,0.9994597021436042,1.0062542236578367,0.9608021877848678
2024-05-30 00:00:00,496.0,460.0,1068,1067,1045,115817.20083875439,116590.48924896079,115397.89864499147,116288.15482692356,1.006676801067598,1.0077146654521922,0.9784644194756554
2024-05-30 00:00:00,496.0,470.0,1015,1014,990,109404.51861632426,111156.46875949606,108860.05654421961,110832.48409261208,1.016013508082932,1.0181189282001821,0.9753694581280788
2024-05-30 00:00:00,496.0,480.0,915,907,891,117067.6450194679,119260.36205360624,116475.39479358713,119045.85640348293,1.018730342049451,1.02206870914197,0.9737704918032787
2024-05-30 00:00:00,496.0,490.0,896,898,880,263937.8321527355,267914.87833342527,263182.5225451482,267704.2735501989,1.0150681171708205,1.0171810459194721,0.9821428571428571
2024-05-30 08:00:00,504.0,0.0,38,45,36,868.3971835988947,1201.438665814952,842.3835037507052,1100.6877725454347,1.3835128539176451,1.306635003706307,0.9473684210526315
2024-05-30 08:00:00,504.0,10.0,79,97,79,2435.896261569137,3071.7313735597418,2435.896261569137,2859.1436927569366,1.2610271718143766,1.1737542923585569,1.0
2024-05-30 08:00:00,504.0,20.0,148,190,146,4750.936748530443,5975.839322938293,4730.1735480816005,5461.126186430248,1.2578233807862704,1.1545297716708718,0.9864864864864865
2024-05-30 08:00:00,504.0,30.0,263,330,260,24347.736666793186,27517.014750949886,24316.815889174206,26701.563492133395,1.1301672565105052,1.0980698959036357,0.9885931558935361
2024-05-30 08:00:00,504.0,40.0,373,452,372,14108.882740508574,17546.208497029365,14098.287061847135,16542.574707459175,1.2436284870843635,1.1733747961641938,0.9973190348525469
2024-05-30 08:00:00,504.0,50.0,449,533,434,46650.92043702207,52450.26423881578,46456.76288391597,51278.01196586844,1.124313598691428,1.1037792730845148,0.9665924276169265
2024-05-30 08:00:00,504.0,60.0,584,639,563,221855.1722731043,232386.65008407785,221506.96031701542,231510.68045291994,1.0474700576194331,1.0451621029045202,0.964041095890411
2024-05-30 08:00:00,504.0,70.0,685,717,650,120424.87972753891,129991.36230891812,120025.68002611198,129170.62939463454,1.0794394198526365,1.0761916063840091,0.948905109489051
2024-05-30 08:00:00,504.0,80.0,750,773,701,117289.2597915551,124552.36320758588,116641.72889405699,123691.84648356843,1.0619247101477038,1.0604424990640777,0.9346666666666666
2024-05-30 08:00:00,504.0,90.0,806,858,769,156442.1712296544,165987.78120702918,155982.91049393016,164929.41084374816,1.0610168594717468,1.0573556444195606,0.9540942928039702
2024-05-30 08:00:00,504.0,100.0,930,1011,901,32990.375839746215,39416.60811930438,32660.052658792647,38100.515917111334,1.1947911206217892,1.1665785207132549,0.9688172043010753
2024-05-30 08:00:00,504.0,110.0,970,1112,950,40394.313181866186,48841.89480520192,40160.34798830107,46927.427676233194,1.2091279924800906,1.1685015202035451,0.979381443298969
2024-05-30 08:00:00,504.0,120.0,1034,1204,1016,28457.458078458287,36604.545772581754,28230.42679818775,34359.036773488624,1.286290071012725,1.2170923599247285,0.9825918762088974
2024-05-30 08:00:00,504.0,130.0,1120,1265,1096,49066.965987435375,58585.350278332815,48759.86289611748,56522.417191883054,1.193987626896165,1.1591996743777486,0.9785714285714285
2024-05-30 08:00:00,504.0,140.0,1077,1205,1065,53980.378326853825,63363.90532403313,53793.79770279091,61668.05563901191,1.1738321828787786,1.146378546830362,0.9888579387186629
2024-05-30 08:00:00,504.0,150.0,1106,1224,1087,98153.03806933576,108556.53375928296,97900.09414225399,106873.93007227044,1.105992599868362,1.0916632002107882,0.9828209764918626
2024-05-30 08:00:00,504.0,160.0,1090,1230,1073,80376.81668035593,90990.58326319285,79996.31108239686,89104.14324910843,1.132050098787141,1.113853152020103,0.9844036697247707
2024-05-30 08:00:00,504.0,170.0,1063,1190,1051,72457.57645898685,82387.58494559053,72238.29519563862,80654.64268819832,1.1370458269774502,1.116508113456529,0.9887111947318908
2024-05-30 08:00:00,504.0,180.0,1180,1302,1168,60766.796787357496,72212.57400110457,60594.151555566685,70496.37391173412,1.188355776820021,1.1634187805581664,0.9898305084745763
2024-05-30 08:00:00,504.0,190.0,1251,1346,1233,65179.13922845067,77104.44154062611,64926.62202247327,75603.17622847696,1.1829619484598846,1.1644403154426883,0.9856115107913669
2024-05-30 08:00:00,504.0,200.0,1235,1346,1226,73306.22859112866,86433.12784519265,73117.47082116536,84919.05452728487,1.1790693574932127,1.1614057977331362,0.9927125506072875
2024-05-30 08:00:00,504.0,210.0,1333,1402,1311,95143.8041247066,111466.02542806283,94484.40918720663,110270.01485277523,1.1715531710500289,1.1670710099302393,0.9834958739684921
2024-05-30 08:00:00,504.0,220.0,1386,1487,1369,80733.55398144654,95792.32718039173,80409.83541007369,94222.89245219517,1.186524344046663,1.1717831776632512,0.9877344877344877
2024-05-30 08:00:00,504.0,230.0,1450,1515,1435,141278.08951362022,159834.95230344884,140979.39965256993,158647.04494451426,1.1313498990092135,1.1253207584617648,0.9896551724137931
2024-05-30 08:00:00,504.0,240.0,1480,1572,1464,334895.3366050695,360979.95787451207,334185.0869709647,359603.874497349,1.0778888757719647,1.0760620043125768,0.9891891891891892
2024-05-30 08:00:00,504.0,250.0,1586,1671,1570,158167.94870980558,183265.6789779823,157805.15935322843,181947.59686661232,1.1586777249936022,1.1529888985400272,0.9899117276166457
2024-05-30 08:00:00,504.0,260.0,1673,1771,1651,129780.11978026065,151990.53695716313,128924.99644208548,150390.99133374594,1.1711388247638268,1.1664998680166978,0.9868499701135685
2024-05-30 08:00:00,504.0,270.0,1588,1691,1567,154021.30809182624,176147.11356201716,153498.08587612025,174586.1530996836,1.143654184893688,1.137383258580712,0.9867758186397985
2024-05-30 08:00:00,504.0,280.0,1565,1667,1545,108444.96499746441,128906.55448975415,107816.94029026938,127385.72575022839,1.1886817842835595,1.1815001001445142,0.987220447284345
2024-05-30 08:00:00,504.0,290.0,1483,1587,1460,150250.27402910852,172046.892496453,149920.390156071,170373.58269704288,1.1450687435227023,1.1364270231666258,0.9844908968307485
2024-05-30 08:00:00,504.0,300.0,1445,1562,1431,108708.08249175164,130094.55962491526,108445.83715485992,128355.47364639842,1.1967330914404304,1.1835906016669655,0.9903114186851211
2024-05-30 08:00:00,504.0,310.0,1489,1613,1474,141823.21344852124,166590.55245980443,141611.5157375833,164844.70724192058,1.1746352970649139,1.1640628686397942,0.989926124916051
2024-05-30 08:00:00,504.0,320.0,1509,1597,1483,261874.10447724827,297125.0830900204,261320.3575427966,295691.8772829936,1.134610402518187,1.1315302032470544,0.9827700463883366
2024-05-30 08:00:00,504.0,330.0,1511,1595,1485,789942.4557943518,850934.7790692125,788600.8320007473,849480.9255010106,1.0772110966152946,1.077200138561616,0.9827928524156188
2024-05-30 08:00:00,504.0,340.0,1564,1656,1540,762440.7260756013,807101.2676412357,761252.9842483243,805656.4859028326,1.0585757555154602,1.0583294943642856,0.9846547314578005
2024-05-30 08:00:00,504.0,350.0,1566,1653,1539,782049.1817202086,824693.499366329,781531.7059655759,823164.5719386013,1.0545289460597853,1.0532708598451401,0.9827586206896551
2024-05-30 08:00:00,504.0,360.0,1704,1800,1667,981551.4696873026,1044153.5067992858,980813.5101650137,1042300.5892060471,1.0637786596477987,1.062689877743108,0.9782863849765259
2024-05-30 08:00:00,504.0,370.0,1553,1670,1511,418514.9038191226,468913.4726965024,417602.05987983,466428.4155168395,1.120422399339837,1.1169207729747785,0.9729555698647778
2024-05-30 08:00:00,504.0,380.0,1298,1346,1254,169924.98364506967,196091.03305791988,169192.0649969774,194694.8133291494,1.1539858874872955,1.1507325318869275,0.9661016949152542
2024-05-30 08:00:00,504.0,390.0,1317,1398,1284,114157.94365329463,133728.1021760763,113424.67353602292,132026.05005447843,1.171430545229665,1.163997620081735,0.9749430523917996
2024-05-30 08:00:00,504.0,400.0,1224,1317,1190,127942.53323099265,145216.24303818672,127206.9510540906,142877.43181157118,1.135011472502326,1.1231888715799596,0.9722222222222222
2024-05-30 08:00:00,504.0,410.0,1187,1262,1160,244624.4494682675,271593.83025542286,244148.4158652163,270085.4378754593,1.1102481000806659,1.1062346520591875,0.9772535804549284
2024-05-30 08:00:00,504.0,420.0,1064,1130,1045,90996.72158337513,107999.55689723174,90564.51154983076,106828.99665023768,1.1868510757091164,1.1795900493700318,0.9821428571428571
2024-05-30 08:00:00,504.0,430.0,949,1003,937,96331.89580639871,109745.48170041404,96150.72631597603,108766.71405478503,1.1392434539124303,1.1312105297816433,0.9873551106427819
2024-05-30 08:00:00,504.0,440.0,929,981,925,111838.62534609789,124868.05924356889,111779.10311181325,124112.8550776355,1.1165020926996363,1.1103404090967228,0.9956942949407965
2024-05-30 08:00:00,504.0,450.0,940,988,931,84855.24181232437,99390.37732437623,84597.35993170463,98518.34056131919,1.1712933131956589,1.1645557336641823,0.9904255319148936
2024-05-30 08:00:00,504.0,460.0,919,969,908,62422.29449133987,75207.55853912263,62252.19122823251,74367.51090658936,1.2048188736406753,1.194616758692702,0.9880304678998912
2024-05-30 08:00:00,504.0,470.0,886,939,881,57927.177493572744,71423.82383048646,57848.00771573614,70571.24632146528,1.2329933361315806,1.2199425547764906,0.9943566591422122
2024-05-30 08:00:00,504.0,480.0,808,847,799,66499.1021981758,80548.63856782425,66341.4644141055,79888.77304254392,1.21127407596841,1.2042057519845462,0.9888613861386139
2024-05-30 08:00:00,504.0,490.0,776,819,771,172665.1364281103,191590.94406055193,172130.08956119948,191012.81229993762,1.1096098959173581,1.109700301596744,0.9935567010309279
2024-05-30 16:00:00,512.0,0.0,60,60,59,1865.4315584633555,1924.874310672942,1855.0869321744126,1914.3882616101089,1.0318654157746492,1.031966873577287,0.9833333333333333
2024-05-30 16:00:00,512.0,10.0,180,176,173,5431.618211118446,5482.655134912305,5354.338899298654,5449.60810121755,1.0093962649453871,1.0177928972578436,0.9611111111111111
2024-05-30 16:00:00,512.0,20.0,293,279,278,9297.138516062852,9247.675438797123,9121.645065725676,9235.578742145211,0.994679752573303,1.012490474645592,0.9488054607508533
2024-05-30 16:00:00,512.0,30.0,449,444,437,34337.84134951237,34497.221962773765,34198.08364901737,34420.452988031524,1.0046415443428467,1.00650239180933,0.9732739420935412
2024-05-30 16:00:00,512.0,40.0,588,578,576,23960.901931751367,24322.440973806835,23809.912439455242,24300.080822548338,1.015088707557222,1.0205867360637935,0.9795918367346939
2024-05-30 16:00:00,512.0,50.0,722,711,707,57111.883586580094,58126.41405301113,56904.67520774979,58084.16196087705,1.0177639118642101,1.020727413851694,0.9792243767313019
2024-05-30 16:00:00,512.0,60.0,835,829,822,239061.28147563085,237166.1191447043,238903.57060201155,237088.11715591844,0.9920724831757428,0.9924008944633252,0.9844311377245509
2024-05-30 16:00:00,512.0,70.0,957,916,912,146832.95421543843,144948.73397123744,146256.95035076624,144888.2273459438,0.9871675928999127,0.990641654967235,0.9529780564263323
2024-05-30 16:00:00,512.0,80.0,1050,994,980,140664.4911541276,136437.37720201968,139368.91621157847,136284.07326740108,0.9699489621195427,0.9778656315336898,0.9333333333333333
2024-05-30 16:00:00,512.0,90.0,1135,1070,1058,171492.38301238423,168350.9635748458,170212.9181861189,168214.1536873044,0.9816818719154916,0.9882572690714992,0.93215859030837
2024-05-30 16:00:00,512.0,100.0,1254,1209,1203,56402.47745602923,54462.67540816649,55665.46293600831,54385.437160722795,0.965607857396424,0.9770050277537976,0.9593301435406698
2024-05-30 16:00:00,512.0,110.0,1383,1358,1339,67586.6848814887,67901.3931735002,66949.07721004107,67687.3546799729,1.004656365267261,1.011027448035103,0.9681851048445409
2024-05-30 16:00:00,512.0,120.0,1463,1459,1437,54279.99903951897,55177.23535148893,53976.110496526046,54911.951363473905,1.0165297775948139,1.0173380567502746,0.9822282980177717
2024-05-30 16:00:00,512.0,130.0,1474,1494,1455,77516.0645736128,79485.79216581842,77268.44887622044,79023.50768078543,1.025410572673424,1.022713783311174,0.9871099050203528
2024-05-30 16:00:00,512.0,140.0,1420,1405,1382,83410.9930691685,84472.36006724573,82884.33707916996,84210.755549853,1.0127245457585798,1.016003246420564,0.9732394366197183
2024-05-30 16:00:00,512.0,150.0,1416,1432,1392,129204.15151466732,131295.69450282148,128782.7455093658,130812.50355819253,1.0161878930640764,1.0157611024737714,0.9830508474576272
2024-05-30 16:00:00,512.0,160.0,1433,1456,1407,110056.10167482297,112293.93609148453,109726.92759484542,111597.84979919618,1.0203335788075938,1.0170507116654075,0.9818562456385206
2024-05-30 16:00:00,512.0,170.0,1400,1413,1362,103392.65403601932,105622.76396545787,102597.18920550955,104989.23020659499,1.0215693266628172,1.0233148785030943,0.9728571428571429
2024-05-30 16:00:00,512.0,180.0,1468,1489,1437,92478.4859283022,95224.34341088728,91843.21646845955,94586.5275791958,1.0296918516238893,1.029869501703246,0.978882833787466
2024-05-30 16:00:00,512.0,190.0,1524,1551,1492,97653.31328850336,100704.14974525999,97184.58154962028,99948.03143221122,1.0312415048094001,1.0284350648891767,0.979002624671916
2024-05-30 16:00:00,512.0,200.0,1522,1540,1483,105265.01711772411,108537.03640634521,104803.19497539708,107848.09478610833,1.0310836342235314,1.0290535017699225,0.9743758212877792
2024-05-30 16:00:00,512.0,210.0,1593,1579,1551,133772.39224081085,138578.31283448113,133113.70640844665,138246.02334141347,1.035926101889685,1.0385558863278797,0.9736346516007532
2024-05-30 16:00:00,512.0,220.0,1676,1654,1622,117412.68176118105,121390.8034137046,116518.21332980032,121003.87189267768,1.0338815330069293,1.038497488372748,0.9677804295942721
2024-05-30 16:00:00,512.0,230.0,1683,1710,1646,181714.8789078266,186486.84717009487,181178.3371005555,185676.91558579984,1.0262607459056163,1.0248295605160984,0.978015448603684
2024-05-30 16:00:00,512.0,240.0,1738,1749,1690,384159.2160058697,386003.88854215905,382696.40303361,385290.64985568257,1.0048018437653756,1.0067788638761903,0.9723820483314154
2024-05-30 16:00:00,512.0,250.0,1830,1843,1791,203703.78867817362,211129.3093841782,203031.02982698858,210534.83676163948,1.0364525409870309,1.0369589167776236,0.978688524590164
2024-05-30 16:00:00,512.0,260.0,1927,1942,1883,174478.02305668447,180130.99466704944,173592.50626157483,179405.12076157518,1.0323993332302284,1.0334842478237034,0.9771665801764401
2024-05-30 16:00:00,512.0,270.0,1917,1919,1870,202752.6541957092,206921.18279174648,202002.9699898403,206321.0335463359,1.0205596746073349,1.0213762379667626,0.9754825247782994
2024-05-30 16:00:00,512.0,280.0,1904,1924,1853,151869.0672489015,156536.65353848774,150586.69052881078,155579.5387153444,1.0307342790348244,1.0331559726095338,0.9732142857142857
2024-05-30 16:00:00,512.0,290.0,1882,1869,1800,198093.08157055476,202996.06678636654,196937.32771408718,202138.48344593315,1.024750915968085,1.0264102077154058,0.9564293304994687
2024-05-30 16:00:00,512.0,300.0,1832,1816,1748,151786.04623714916,154732.61387346432,150672.59602326283,153913.1705640806,1.0194126384431377,1.0215073916979398,0.9541484716157205
2024-05-30 16:00:00,512.0,310.0,1913,1910,1841,190602.91272593275,195021.53142582416,189518.70805250344,194219.5580160363,1.0231823251633354,1.0248041473680294,0.9623627809722948
2024-05-30 16:00:00,512.0,320.0,1858,1859,1806,319980.8688003933,327277.6090613579,319221.77210975776,326647.7229796091,1.022803676633294,1.0232626704023748,0.9720129171151776
2024-05-30 16:00:00,512.0,330.0,1877,1865,1808,865099.021795002,865624.5018938862,864153.1401402617,864921.3266833934,1.0006074219085277,1.0008889472333653,0.9632392115077251
2024-05-30 16:00:00,512.0,340.0,1905,1902,1841,804047.712752027,793244.0935785412,802342.2351621517,792468.519735086,0.9865634601005107,0.9876938854838294,0.9664041994750656
2024-05-30 16:00:00,512.0,350.0,1869,1880,1809,865351.6586896328,848037.6087060582,864356.3832345625,847162.8630874325,0.9799918913776713,0.9801082973636533,0.9678972712680578
2024-05-30 16:00:00,512.0,360.0,2023,2019,1958,1035671.0818440889,1027015.0669875985,1034585.0527467675,1026238.171673581,0.9916421197731257,0.9919321460801835,0.967869500741473
2024-05-30 16:00:00,512.0,370.0,1882,1887,1808,477258.0000792128,488142.4490133301,475955.7649630782,486891.44286141143,1.0228062157833095,1.0229762484317877,0.9606801275239107
2024-05-30 16:00:00,512.0,380.0,1511,1505,1447,215296.53002581015,217918.39817799683,214000.78204303634,217159.53231485392,1.0121779396624384,1.0147604613481382,0.9576439444076771
2024-05-30 16:00:00,512.0,390.0,1578,1560,1510,159215.581568015,158863.03969018164,158199.29766989808,158014.48662236152,0.9977857576855141,0.9988317833880516,0.9569074778200254
2024-05-30 16:00:00,512.0,400.0,1463,1477,1415,175092.09341751342,170354.94348277914,174182.1114616629,169247.44541150934,0.972944809544093,0.9716695014847166,0.9671907040328093
2024-05-30 16:00:00,512.0,410.0,1396,1399,1348,293708.4636516763,291976.4623076023,292962.7655036255,291279.1307656657,0.9941029913726691,0.9942530760348827,0.9656160458452722
2024-05-30 16:00:00,512.0,420.0,1227,1223,1190,128347.03517364204,126719.30707085697,127374.60021179482,126196.65653382713,0.9873177584462087,0.9907521305188866,0.9698451507742462
2024-05-30 16:00:00,512.0,430.0,1111,1135,1085,136815.82672937133,131945.52181112673,136400.990745939,131316.1926811322,0.9644024742263312,0.9627216925844934,0.9765976597659766
2024-05-30 16:00:00,512.0,440.0,1089,1108,1060,157257.9978840995,150831.63379758515,156768.79309072573,150208.5121987611,0.9591348982374135,0.9581531453892865,0.9733700642791552
2024-05-30 16:00:00,512.0,450.0,1089,1092,1052,122606.86469396212,120005.30069924035,121583.97768194764,119382.14033281483,0.9787812533889068,0.9818903987917502,0.9660238751147842
2024-05-30 16:00:00,512.0,460.0,1065,1070,1048,98756.14800414546,96795.98121139509,98461.82934464094,96534.23598428658,0.9801514454303332,0.9804229377700541,0.984037558685446
2024-05-30 16:00:00,512.0,470.0,1006,1010,987,92466.8387997656,92195.80297533648,92199.20020409029,91898.15898386211,0.99706883215705,0.9967348825200024,0.9811133200795229
2024-05-30 16:00:00,512.0,480.0,911,909,889,98889.27865796008,97786.41997712507,98512.7899208839,97491.08714394912,0.98884754044319,0.989628729652715,0.9758507135016465
2024-05-30 16:00:00,512.0,490.0,889,898,876,211910.11536647897,208666.0859619439,211629.1395001962,208397.30391637477,0.9846914839391936,0.9847287779393044,0.9853768278965129
2024-05-31 00:00:00,520.0,0.0,60,59,59,2157.4621209980824,2049.1226447506906,2146.7042888588485,2049.1226447506906,0.9497838338884615,0.9545435090363421,0.9833333333333333
2024-05-31 00:00:00,520.0,10.0,179,165,163,6295.198534917169,5914.989817362349,6107.206636964848,5893.2568337769135,0.9396033793936853,0.9649676495481634,0.9106145251396648
2024-05-31 00:00:00,520.0,20.0,292,281,277,10813.629285218763,10503.656733608383,10645.597129276388,10458.774638807532,0.9713350121929846,0.982450726981291,0.9486301369863014
2024-05-31 00:00:00,520.0,30.0,446,435,429,42474.08421442853,41735.6677257133,42259.49998645481,41626.49808162662,0.9826148932373123,0.9850210744322322,0.9618834080717489
2024-05-31 00:00:00,520.0,40.0,586,576,573,28431.521293952414,27477.034781517577,28222.77907454556,27444.59575800342,0.9664285810609134,0.9724271194382841,0.9778156996587031
2024-05-31 00:00:00,520.0,50.0,719,697,693,68688.05410575742,67726.29438030289,68295.85001841171,67681.70645612961,0.9859981515275753,0.9910076005772454,0.9638386648122392
2024-05-31 00:00:00,520.0,60.0,832,823,817,312464.6422928784,308971.8278919816,312249.6530190308,308910.3646120117,0.9888217291554449,0.9893057097910831,0.9819711538461539
2024-05-31 00:00:00,520.0,70.0,955,913,908,182779.04793262537,177394.42402225858,182214.10202875052,177339.25755445202,0.9705402562751524,0.973246612528764,0.9507853403141361
2024-05-31 00:00:00,520.0,80.0,1052,997,988,180101.3220514759,173240.27705364907,178515.1088730099,173138.6375338733,0.961904527297885,0.9698822616579682,0.9391634980988594
2024-05-31 00:00:00,520.0,90.0,1133,1084,1074,220841.39300789477,214499.24412826786,219772.17883458507,214377.88155658147,0.971281883376817,0.9754550493760918,0.9479258605472197
2024-05-31 00:00:00,520.0,100.0,1251,1208,1202,65742.93804645506,62295.165213581015,65033.17943136205,62221.82144162795,0.9475567576484368,0.9567704052867154,0.9608313349320543
2024-05-31 00:00:00,520.0,110.0,1377,1350,1334,81045.88880775563,79433.9825067244,80502.50008463397,79233.98730750136,0.9801111897871247,0.9842425666805503,0.9687726942628904
2024-05-31 00:00:00,520.0,120.0,1452,1424,1407,62711.66381385871,60701.75969173699,62131.41646369276,60465.92030088692,0.9679500749958169,0.9731939772565931,0.96900826446281
2024-05-31 00:00:00,520.0,130.0,1481,1467,1448,93359.49322466756,90905.00576821945,92924.52141736253,90672.96138296794,0.9737092889895895,0.9757700120479298,0.9777177582714383
2024-05-31 00:00:00,520.0,140.0,1433,1395,1380,100431.34286175377,97971.20529654196,99609.18559735385,97781.64705778197,0.9755042848665455,0.9816529115401138,0.9630146545708305
2024-05-31 00:00:00,520.0,150.0,1424,1415,1386,160135.4885881064,157069.94334660133,159543.53165395645,156730.56832336378,0.9808565529818931,0.982368678307223,0.973314606741573
2024-05-31 00:00:00,520.0,160.0,1446,1443,1409,135759.84664851765,133192.4415286521,135031.6802393849,132775.30899238173,0.9810886268418337,0.9832900602065895,0.9744121715076072
2024-05-31 00:00:00,520.0,170.0,1410,1396,1360,126319.62031860679,123580.524426905,124981.56009336252,123097.85974301118,0.9783161484748516,0.9849281738126473,0.9645390070921985
2024-05-31 00:00:00,520.0,180.0,1483,1479,1443,111580.73933620917,109490.93698083184,110629.0566860917,109060.09783893925,0.981270940058208,0.9858178412240797,0.9730276466621712
2024-05-31 00:00:00,520.0,190.0,1540,1518,1477,118737.79700729152,116829.52983992595,117730.2121640064,116321.82461169429,0.9839287302319717,0.9880371611804273,0.9590909090909091
2024-05-31 00:00:00,520.0,200.0,1541,1523,1478,127111.71713474563,126025.78198770806,126333.02611986603,125440.397909408,0.9914568446440982,0.9929343241599303,0.9591174561972745
2024-05-31 00:00:00,520.0,210.0,1599,1562,1543,163552.46779298538,163141.28291729128,162710.8128108054,162910.8537585219,0.9974859145738201,1.001229426270208,0.9649781113195748
2024-05-31 00:00:00,520.0,220.0,1689,1638,1612,142864.63132503483,142636.3581618995,141517.0687399211,142228.19856368622,0.9984021716150585,1.0050250463078205,0.9544108940201302
2024-05-31 00:00:00,520.0,230.0,1707,1668,1635,221435.19351749538,221585.0048230232,219717.27038490088,221180.2564397403,1.0006765469533008,1.006658493673604,0.9578207381370826
2024-05-31 00:00:00,520.0,240.0,1744,1718,1684,493883.4808224003,489300.7390055363,491243.4042232911,488912.3875215603,0.9907210060777232,0.9952548641229771,0.9655963302752294
2024-05-31 00:00:00,520.0,250.0,1833,1825,1774,250727.71996113984,254065.08754092857,249668.8775162687,253463.9582002578,1.0133107243997832,1.015200455586387,0.9678123295144572
2024-05-31 00:00:00,520.0,260.0,1938,1928,1881,215654.08424184387,218310.4575137773,214402.7952049793,217635.9036192679,1.012317750815025,1.0150796001106122,0.9705882352941176
2024-05-31 00:00:00,520.0,270.0,1924,1910,1874,251949.1768313707,252303.20540331292,251093.5049709552,251850.23187228767,1.0014051586768198,1.0030137255100247,0.974012474012474
2024-05-31 00:00:00,520.0,280.0,1932,1925,1864,184607.401045869,185588.48735595075,182966.60189674466,184815.12480881,1.005314447332683,1.0101030619408264,0.9648033126293996
2024-05-31 00:00:00,520.0,290.0,1892,1875,1811,245064.19642673267,244330.0130935839,244013.4395831323,243558.53261338413,0.9970041183336699,0.998135729857645,0.9571881606765328
2024-05-31 00:00:00,520.0,300.0,1837,1800,1750,186046.99637611123,185148.74502447486,184759.6409150704,184544.33566688249,0.9951719115646432,0.99883467381122,0.9526401741970604
2024-05-31 00:00:00,520.0,310.0,1917,1887,1827,232983.35686918662,233068.4895648909,231617.28479001822,232378.4096578722,1.0003654024770192,1.0032861315533683,0.9530516431924883
2024-05-31 00:00:00,520.0,320.0,1874,1867,1812,392278.0448319453,392927.5668886975,391241.0987094755,392265.9901895677,1.0016557695882022,1.0026195905375812,0.9669156883671292
2024-05-31 00:00:00,520.0,330.0,1884,1843,1798,1073138.8192196693,1062156.5349811933,1071617.2251839445,1061596.1148515278,0.9897662035500105,0.9906486102528853,0.9543524416135881
2024-05-31 00:00:00,520.0,340.0,1918,1867,1825,1011003.2570100126,997576.4964374469,1008750.6626619189,996893.533044779,0.9867193696167956,0.9882457280515177,0.9515119916579771
2024-05-31 00:00:00,520.0,350.0,1893,1857,1816,1134478.914464502,1120752.2473919916,1132968.9607841002,1120239.9886155643,0.987900465229017,0.9887649418394246,0.95932382461701
2024-05-31 00:00:00,520.0,360.0,2042,2030,1970,1280007.9438144,1264313.1685207577,1278680.492159787,1263381.7510884379,0.9877385328977943,0.9880355247732696,0.9647404505386875
2024-05-31 00:00:00,520.0,370.0,1916,1882,1821,581109.4165284316,583101.218532,579010.2370155838,582268.5809713881,1.003427585144752,1.005627437560688,0.9504175365344467
2024-05-31 00:00:00,520.0,380.0,1540,1538,1477,263384.841047232,265164.6485622271,262009.86994900292,264269.7073344773,1.0067574409670599,1.008625008614806,0.9590909090909091
2024-05-31 00:00:00,520.0,390.0,1607,1604,1551,192665.73898988118,192644.77098171893,191634.54921313724,191886.11197777712,0.9998911689837945,1.0013127213525579,0.9651524579962664
2024-05-31 00:00:00,520.0,400.0,1496,1472,1420,211450.40289444136,206838.98777853194,209952.4675364329,205720.01680319093,0.978191504708499,0.9798409097882714,0.9491978609625669
2024-05-31 00:00:00,520.0,410.0,1418,1399,1365,368007.2988721163,365201.244591373,367018.13465441205,364759.68608148035,0.9923750037313298,0.9938464932392012,0.96262341325811
2024-05-31 00:00:00,520.0,420.0,1246,1223,1200,154427.9367495325,154272.68740305302,153431.98522319464,153759.86107760167,0.998994680951211,1.002136945917307,0.9630818619582665
2024-05-31 00:00:00,520.0,430.0,1127,1127,1090,162846.47739210693,158989.37312235008,162070.17427907538,158515.13328696784,0.976314475255921,0.9780648042866545,0.9671694764862466
2024-05-31 00:00:00,520.0,440.0,1104,1096,1063,189052.51650848362,183260.99105288647,188398.21753330276,182766.3743988449,0.9693655204249172,0.9701067069094625,0.9628623188405797
2024-05-31 00:00:00,520.0,450.0,1090,1089,1058,146014.0526131319,143506.15158361517,144675.19038098017,143090.00410885434,0.9828242488675971,0.9890431367814241,0.9706422018348624
2024-05-31 00:00:00,520.0,460.0,1072,1064,1042,115422.907503722,113825.97884791293,114922.7337717876,113568.97675487648,0.9861645431539873,0.9882202852953411,0.9720149253731343
2024-05-31 00:00:00,520.0,470.0,1016,1004,984,108856.44948000515,109400.59167859096,108322.2052202844,109140.6081532496,1.0049987134541418,1.0075552646966601,0.968503937007874
2024-05-31 00:00:00,520.0,480.0,911,912,889,116773.10497548216,116254.52822074955,116145.6187738385,115975.79071747031,0.9955591079397821,0.9985378005803311,0.9758507135016465
2024-05-31 00:00:00,520.0,490.0,895,889,872,263241.10733891855,260167.80023977687,261099.95702993692,259970.79325745927,0.9883251247109182,0.9956753582600238,0.9743016759776536
2024-05-31 08:00:00,528.0,0.0,37,48,37,843.4771446490768,1215.606620325038,843.4771446490768,1086.8104349961864,1.441185013769144,1.2884883033177466,1.0
2024-05-31 08:00:00,528.0,10.0,78,98,76,2381.381431534392,3094.277590745343,2356.44563206916,2844.935365117961,1.299362441384122,1.2072993861606156,0.9743589743589743
2024-05-31 08:00:00,528.0,20.0,136,184,132,4481.0979559741945,5916.657357190413,4439.835101757735,5297.933361694506,1.3203588529686865,1.1932725518560472,0.9705882352941176
2024-05-31 08:00:00,528.0,30.0,254,319,251,23828.989950471423,27172.71611452422,23797.452394790773,26362.79416069258,1.1403217749053878,1.1077990082023805,0.9881889763779528
2024-05-31 08:00:00,528.0,40.0,356,445,351,13531.374966111878,17311.621934875788,13466.158173724361,16192.02151651654,1.2793690203864132,1.2024232381371383,0.9859550561797753
2024-05-31 08:00:00,528.0,50.0,437,525,428,45920.115989791404,51889.91125734648,45780.18717503559,50725.2459613589,1.1300039239640038,1.108017443603199,0.9794050343249427
2024-05-31 08:00:00,528.0,60.0,565,640,546,220343.38929265604,231377.76079492265,220128.66541492374,230272.65541838162,1.0500780692249903,1.0460820946892007,0.9663716814159292
2024-05-31 08:00:00,528.0,70.0,670,721,631,118901.16347903053,128054.83398033516,118386.71048783022,126961.84655705997,1.0769855418859628,1.0724332658107874,0.9417910447761194
2024-05-31 08:00:00,528.0,80.0,725,771,672,115057.09340086608,123881.85978051575,114377.47794585362,122617.0943711226,1.0766990206236449,1.0720388014602806,0.926896551724138
2024-05-31 08:00:00,528.0,90.0,793,847,746,154590.89866053069,165107.26057491236,154016.96383169398,163854.93807703452,1.0680270443182738,1.0638759134097153,0.9407313997477932
2024-05-31 08:00:00,528.0,100.0,903,998,880,31910.806292401474,39188.64917346651,31647.12664310348,37764.057334777666,1.228068285532416,1.193285499838804,0.9745293466223699
2024-05-31 08:00:00,528.0,110.0,943,1097,931,39225.94104007298,49076.9659108872,39082.51587993121,47054.23391087483,1.2511354631556313,1.2039714652821794,0.9872746553552492
2024-05-31 08:00:00,528.0,120.0,994,1190,982,27294.420240081137,36306.91198819385,27149.90171066989,33759.940023854084,1.3301953904438721,1.2434645393425663,0.9879275653923542
2024-05-31 08:00:00,528.0,130.0,1085,1240,1073,47445.183442835434,57828.67949945667,47282.23822232142,55791.189549252216,1.218852479917837,1.1799608404094926,0.9889400921658986
2024-05-31 08:00:00,528.0,140.0,1049,1187,1040,52532.66528499428,62650.48432670864,52429.2832169984,60847.94860859352,1.192600527439914,1.1605718193161498,0.9914204003813155
2024-05-31 08:00:00,528.0,150.0,1073,1224,1057,96319.32635300828,108833.66193696868,96081.43804396698,106779.6510170108,1.129925489076778,1.1113452628399285,0.9850885368126747
2024-05-31 08:00:00,528.0,160.0,1050,1228,1033,78626.11321923483,91148.92066295887,78314.25138800623,88730.17640441887,1.1592703356556167,1.1330016546389132,0.9838095238095238
2024-05-31 08:00:00,528.0,170.0,1038,1177,1020,71365.03979475812,82998.20717202112,70990.51791263837,80981.11928890899,1.1630093307692302,1.1407314902050039,0.9826589595375722
2024-05-31 08:00:00,528.0,180.0,1151,1292,1134,59093.72506898962,70881.10072078384,58570.23975914684,68757.27897630905,1.1994691591710105,1.1739285899981537,0.9852302345786272
2024-05-31 08:00:00,528.0,190.0,1225,1350,1216,63272.03592789882,76071.51150852913,63074.090815176445,74342.92479240149,1.2022927726747383,1.1786602681320555,0.9926530612244898
2024-05-31 08:00:00,528.0,200.0,1210,1320,1197,71376.38759535455,85263.5892594788,71098.87617974874,83720.28332788334,1.1945629658768004,1.1775190808392775,0.9892561983471074
2024-05-31 08:00:00,528.0,210.0,1306,1409,1290,92427.65542384378,110970.59224415573,91925.17407982807,109418.27950254784,1.2006210883017636,1.1902972237782081,0.9877488514548239
2024-05-31 08:00:00,528.0,220.0,1374,1489,1361,78400.06937246806,94825.87183250407,78200.57162942294,93109.36147039906,1.2095126010922166,1.1906480928505987,0.9905385735080058
2024-05-31 08:00:00,528.0,230.0,1433,1510,1418,137258.3784409745,158480.09505306103,136848.67213857546,157299.92415928957,1.1546114477901437,1.1494442854367253,0.9895324494068388
2024-05-31 08:00:00,528.0,240.0,1452,1553,1437,329534.1086730602,358699.4088518057,329155.2364876097,356579.31323237915,1.088504647656007,1.0833165440034,0.9896694214876033
2024-05-31 08:00:00,528.0,250.0,1565,1657,1547,155349.53122184944,182356.6435343086,154944.43887299224,180855.3341868221,1.1738474014053586,1.1672270105484004,0.9884984025559106
2024-05-31 08:00:00,528.0,260.0,1663,1776,1645,126721.51207921981,150994.3941674226,126258.00180620034,149291.55726023728,1.1915450793629154,1.1824324409108922,0.9891761876127481
2024-05-31 08:00:00,528.0,270.0,1575,1692,1558,151687.8022930456,176274.48374273753,151328.11086393218,174551.77168654592,1.162087399764636,1.153465609859463,0.9892063492063492
2024-05-31 08:00:00,528.0,280.0,1555,1685,1539,106196.00105669023,129032.08785246352,105578.93679410705,127088.7445881108,1.2150371630621268,1.203731998513593,0.9897106109324759
2024-05-31 08:00:00,528.0,290.0,1465,1593,1449,147400.6837052297,169300.59956708335,147149.91091277238,167470.79203856265,1.1485740453256572,1.1380964555108437,0.9890784982935154
2024-05-31 08:00:00,528.0,300.0,1432,1547,1407,106306.27050486475,129107.58237337566,105832.0850922825,127328.26284475383,1.2144869889633414,1.2031158862052778,0.9825418994413407
2024-05-31 08:00:00,528.0,310.0,1459,1613,1446,138371.08310555088,165020.57093693066,138171.54286239127,162904.8459392045,1.1925943429311114,1.1790043200244626,0.9910897875257025
2024-05-31 08:00:00,528.0,320.0,1486,1623,1467,256617.00475860498,292031.75395418855,256231.23196394645,290009.351440478,1.138006244866343,1.1318267067508943,0.9872139973082099
2024-05-31 08:00:00,528.0,330.0,1504,1614,1481,776217.8192321018,835478.4658252327,775872.4698325084,833748.5280823032,1.0763453828614196,1.074594808425525,0.9847074468085106
2024-05-31 08:00:00,528.0,340.0,1548,1667,1532,749786.0044307729,796536.2028227428,748528.8583841767,794849.3271643692,1.0623513884171019,1.06188200796985,0.9896640826873385
2024-05-31 08:00:00,528.0,350.0,1548,1649,1534,770103.8093240191,814021.4816538235,769804.0104419452,812485.4168018105,1.0570282496957837,1.0554445102661416,0.9909560723514211
2024-05-31 08:00:00,528.0,360.0,1690,1800,1665,965328.5186606009,1029673.465863212,964873.6046059341,1027823.0800170277,1.0666560098026423,1.0652411622730658,0.985207100591716
2024-05-31 08:00:00,528.0,370.0,1552,1639,1509,411975.6824332842,464817.3571058564,410708.5580395125,463060.9625367059,1.1282640624817206,1.1274685016233745,0.9722938144329897
2024-05-31 08:00:00,528.0,380.0,1290,1360,1266,166552.26278456906,197661.42954816116,166128.41608077867,196226.65341594163,1.1867832129295715,1.1811745277853485,0.9813953488372092
2024-05-31 08:00:00,528.0,390.0,1304,1416,1285,111568.23846139907,134965.9665064334,111232.98158275576,133123.9146613122,1.2097167470572694,1.1968025379439273,0.9854294478527608
2024-05-31 08:00:00,528.0,400.0,1223,1316,1205,125165.68749185404,146927.06219180266,124763.71846400826,145071.49794077405,1.1738605454579145,1.162769912012715,0.9852820932134096
2024-05-31 08:00:00,528.0,410.0,1186,1274,1172,240248.15541257657,270178.1832994538,239980.66065505036,268740.84551055176,1.1245796365656944,1.1198437606472025,0.9881956155143339
2024-05-31 08:00:00,528.0,420.0,1057,1125,1043,89047.71493030622,110146.77435472651,88684.57934604996,108948.84805235313,1.236941053916247,1.2284982220779486,0.9867549668874173
2024-05-31 08:00:00,528.0,430.0,944,992,927,94128.04613764196,111802.07186379787,93781.4628193843,110897.65325609644,1.1877657770598091,1.1825114465283675,0.9819915254237288
2024-05-31 08:00:00,528.0,440.0,924,973,914,108919.78308320328,126636.66442341512,108726.89184914262,125830.80879145938,1.162659902900082,1.1573108239500516,0.9891774891774892
2024-05-31 08:00:00,528.0,450.0,937,991,926,82177.42443691728,98448.50974560285,81777.912759445,97402.61425763837,1.1979994556920668,1.1910626105627622,0.9882604055496265
2024-05-31 08:00:00,528.0,460.0,907,968,900,60382.44306886496,74755.54510600827,60276.12365206771,73841.55033092518,1.2380344568163808,1.2250547290857865,0.9922822491730982
2024-05-31 08:00:00,528.0,470.0,880,931,877,56135.185394050975,70841.51496291364,56085.71563433354,70139.1728242379,1.2619806003245373,1.2505710595105854,0.9965909090909091
2024-05-31 08:00:00,528.0,480.0,791,842,785,64728.42303634716,80180.66452762672,64587.59352193401,79381.68200870369,1.2387242074876845,1.2290546478054736,0.9924146649810367
2024-05-31 08:00:00,528.0,490.0,762,805,752,170376.0467970766,186526.9243606979,169004.354932031,185826.19696136832,1.0947954707674228,1.099534961901441,0.9868766404199475
2024-05-31 16:00:00,536.0,0.0,59,36,36,1841.1066891588835,871.301462431862,1461.480633669721,871.301462431862,0.4732487625852467,0.5961772207983748,0.6101694915254238
2024-05-31 16:00:00,536.0,10.0,181,89,89,5369.182875244092,2348.263287830402,4056.028388830934,2348.263287830402,0.43735952795678357,0.5789563244421078,0.49171270718232046
2024-05-31 16:00:00,536.0,20.0,295,149,149,9299.490244736706,4351.93772098073,7044.320648661569,4351.93772098073,0.467975943460323,0.6177938140575138,0.5050847457627119
2024-05-31 16:00:00,536.0,30.0,450,261,261,34435.87773790421,20512.96168412322,31465.16872263869,20512.96168412322,0.5956857507814944,0.6519260031605828,0.58
2024-05-31 16:00:00,536.0,40.0,588,361,361,24069.658885930257,12348.850735190148,20360.77391598552,12348.850735190148,0.5130463540722872,0.6065020311185174,0.6139455782312925
2024-05-31 16:00:00,536.0,50.0,721,424,424,57815.648677498095,34829.0342991803,52893.71674085461,34829.0342991803,0.6024153511354754,0.6584720538702223,0.5880721220527045
2024-05-31 16:00:00,536.0,60.0,836,550,550,240685.47616211214,171455.69931393582,235819.54109465185,171455.69931393582,0.7123641278564434,0.7270631539610958,0.6578947368421053
2024-05-31 16:00:00,536.0,70.0,956,606,606,147708.25913913487,97524.94897013214,141489.42411733017,97524.94897013214,0.6602538648720232,0.689273771368661,0.6338912133891214
2024-05-31 16:00:00,536.0,80.0,1050,660,660,141237.7707323166,89409.26493033051,133841.9797797277,89409.26493033051,0.6330407543728866,0.6680210878341537,0.6285714285714286
2024-05-31 16:00:00,536.0,90.0,1135,695,695,173291.7556353045,116208.74679113258,165230.2282872523,116208.74679113258,0.6705959343830292,0.7033140848120356,0.6123348017621145
2024-05-31 16:00:00,536.0,100.0,1251,817,817,56373.16335699311,27613.88423833498,48572.186835143984,27613.88423833498,0.489840956120648,0.5685122708610516,0.6530775379696243
2024-05-31 16:00:00,536.0,110.0,1386,912,912,67396.94922221579,35730.49905820321,59347.87748050701,35730.49905820321,0.5301500953759122,0.6020518437232907,0.658008658008658
2024-05-31 16:00:00,536.0,120.0,1457,958,956,54240.03676821186,25430.93880716046,45609.57470296399,25397.04843154039,0.46885917345219463,0.5568358967813382,0.6561427590940289
2024-05-31 16:00:00,536.0,130.0,1479,1019,1019,77918.8724943529,41340.183135634456,69825.51592722688,41340.183135634456,0.5305541752882853,0.5920498056716081,0.6889790398918187
2024-05-31 16:00:00,536.0,140.0,1417,971,971,83843.65403237214,45209.771147646876,75814.22633133759,45209.771147646876,0.5392151817499667,0.5963230561776445,0.6852505292872265
2024-05-31 16:00:00,536.0,150.0,1427,1010,1010,129833.35467330687,76898.77009828444,122341.21505896043,76898.77009828444,0.592288247436731,0.628559803507136,0.7077785564120532
2024-05-31 16:00:00,536.0,160.0,1432,999,998,110555.35629180988,63228.04908149451,102768.77707526617,63211.26277096351,0.5719130325499981,0.6150823681074712,0.696927374301676
2024-05-31 16:00:00,536.0,170.0,1393,986,981,103991.93683851727,58628.78017384368,96490.69818360031,58550.938698684186,0.5637819811442183,0.6068039697181462,0.7042354630294329
2024-05-31 16:00:00,536.0,180.0,1465,1123,1120,92985.43657000171,54671.26333728017,86616.41390084314,54636.5202266391,0.5879551180697239,0.6307871425984684,0.764505119453925
2024-05-31 16:00:00,536.0,190.0,1522,1199,1192,97824.6089845562,57128.11601834826,91883.33447421939,57036.129006321506,0.5839851200158358,0.6207450930323463,0.783180026281209
2024-05-31 16:00:00,536.0,200.0,1524,1165,1151,105389.79276645693,61586.03031781761,98544.10457259935,61419.11496954785,0.584364279511317,0.6232652398226339,0.755249343832021
2024-05-31 16:00:00,536.0,210.0,1590,1306,1299,134450.48253324992,82525.60881889236,129487.31413335062,82434.50542014264,0.6137992758671103,0.6366222511592808,0.8169811320754717
2024-05-31 16:00:00,536.0,220.0,1666,1341,1331,117686.01743651049,70398.24624963143,111289.48049043652,70266.02261509947,0.5981870045658569,0.6313806327915932,0.7989195678271308
2024-05-31 16:00:00,536.0,230.0,1686,1459,1448,182328.1386693362,117598.02656015681,177863.0034326701,117421.55916686694,0.6449801298823568,0.6601797838824687,0.8588374851720048
2024-05-31 16:00:00,536.0,240.0,1737,1533,1522,387393.6623921591,262100.37834428402,382703.6358628855,261854.34003058137,0.6765737382635844,0.6842222427288309,0.8762233736327001
2024-05-31 16:00:00,536.0,250.0,1831,1602,1587,205483.6364277589,152324.78788698398,201176.0322468459,152145.7320223154,0.7412988719446584,0.7562816023512702,0.8667394866193336
2024-05-31 16:00:00,536.0,260.0,1920,1729,1708,176056.47449190833,126757.21873558735,172264.6299822179,126497.60659955983,0.7199804443511857,0.7343214135868611,0.8895833333333333
2024-05-31 16:00:00,536.0,270.0,1909,1696,1677,204262.2016331412,134967.4292890021,199816.11677406981,134714.6160657435,0.6607557747341143,0.6741929441961082,0.8784704033525406
2024-05-31 16:00:00,536.0,280.0,1903,1717,1689,152713.80253158338,98573.83023721591,148356.58546931332,98242.50772290463,0.6454808183879086,0.6622052362025109,0.8875459800315292
2024-05-31 16:00:00,536.0,290.0,1876,1618,1598,199396.64296611046,132844.16082327068,194710.4612750839,132623.7981666599,0.6662306789480349,0.6811333982681653,0.8518123667377399
2024-05-31 16:00:00,536.0,300.0,1832,1552,1539,152578.93530958315,98938.79692583019,147642.11228763923,98783.82863332132,0.6484433563852249,0.6690762351114887,0.8400655021834061
2024-05-31 16:00:00,536.0,310.0,1915,1660,1641,191400.43678012298,127524.49847856542,187242.7241663357,127301.2859911487,0.6662706764094956,0.6798730714794639,0.8569190600522193
2024-05-31 16:00:00,536.0,320.0,1861,1654,1638,321145.1860727455,216584.9526262845,317518.7355249751,216392.84099412293,0.674414445612222,0.6815120393961827,0.8801719505642128
2024-05-31 16:00:00,536.0,330.0,1868,1685,1663,869362.7865661653,628778.7222529284,866338.6577353673,628267.9737384922,0.7232639031358785,0.7251990525054044,0.8902569593147751
2024-05-31 16:00:00,536.0,340.0,1900,1709,1692,803419.4763040398,590578.4665930056,799049.102854857,590390.7166369252,0.7350810927684204,0.738866628505766,0.8905263157894737
2024-05-31 16:00:00,536.0,350.0,1871,1688,1663,846172.1661018349,610133.9499436951,842463.2408698099,609825.6709034477,0.7210517840056995,0.7238602722580831,0.8888295029396045
2024-05-31 16:00:00,536.0,360.0,2023,1791,1769,1037257.1975899411,777665.7702124268,1033099.7977455002,777410.2081063648,0.7497328261682127,0.7525025266705904,0.8744438952051409
2024-05-31 16:00:00,536.0,370.0,1896,1700,1671,481826.81564173254,347081.0945061719,476867.2328723514,346648.38788951474,0.7203440805674206,0.7269285117400929,0.8813291139240507
2024-05-31 16:00:00,536.0,380.0,1503,1390,1363,216720.0106963776,154626.4065051084,213978.2222499986,154288.5738024652,0.7134846754956021,0.7210480215234436,0.9068529607451763
2024-05-31 16:00:00,536.0,390.0,1567,1419,1401,159877.84385700242,105317.91851709402,157075.99386438064,105092.91391138724,0.6587399227831233,0.6690577683189732,0.8940650925335035
2024-05-31 16:00:00,536.0,400.0,1472,1328,1296,176733.16998521725,118125.00765881987,173424.89825425358,117648.70799063242,0.6683805177528382,0.6783841834414734,0.8804347826086957
2024-05-31 16:00:00,536.0,410.0,1402,1263,1248,294898.07727965,221610.74321960832,292193.4033561203,221416.7159896227,0.7514824961352875,0.7577745200488453,0.8901569186875892
2024-05-31 16:00:00,536.0,420.0,1240,1129,1119,129051.13822575996,89184.91813640165,126465.93405418654,89068.89212654195,0.6910819955759167,0.7042915769584149,0.9024193548387097
2024-05-31 16:00:00,536.0,430.0,1113,990,979,137036.40403701784,92576.49542708747,134539.28006362688,92431.33034984078,0.6755613304190298,0.6870211458402912,0.8796046720575023
2024-05-31 16:00:00,536.0,440.0,1088,987,974,157360.70789288878,97172.42213612254,155238.960948147,96994.4951473148,0.6175138853738839,0.6248076807194873,0.8952205882352942
2024-05-31 16:00:00,536.0,450.0,1089,993,978,123169.86288576736,77869.699497192,120419.03035144982,77677.30146061795,0.6322139009719566,0.6450583536000274,0.8980716253443526
2024-05-31 16:00:00,536.0,460.0,1070,975,962,99232.88889950806,59090.9435621318,97360.69911276472,58926.73925028455,0.5954774089261119,0.605241537779373,0.8990654205607477
2024-05-31 16:00:00,536.0,470.0,1005,936,920,92958.04194240371,55103.64700457566,91384.67926505211,54910.425379031134,0.5927797730369317,0.6008712381620221,0.9154228855721394
2024-05-31 16:00:00,536.0,480.0,907,832,826,99222.30621822993,61081.672459241614,97394.06373752179,60994.56300562195,0.6156042404910277,0.6262657154341876,0.9106945975744212
2024-05-31 16:00:00,536.0,490.0,890,804,800,212471.32677175332,144753.96692538843,210829.49457645486,144709.90555201122,0.6812870664703381,0.6863835908857328,0.898876404494382
2024-06-01 00:00:00,544.0,0.0,62,59,59,2176.2237438037437,2072.7365367981392,2129.370439161245,2072.7365367981392,0.9524464305197209,0.9734034523436825,0.9516129032258065
2024-06-01 00:00:00,544.0,10.0,177,165,163,6147.5620113689465,5727.136571445537,5984.697138916937,5705.196195673662,0.9316110290313625,0.9532973955480968,0.9209039548022598
2024-06-01 00:00:00,544.0,20.0,298,289,284,10896.672430077437,10512.216039788294,10741.74491948007,10459.033061446487,0.964718000586312,0.9736810117766912,0.9530201342281879
2024-06-01 00:00:00,544.0,30.0,451,441,438,42438.103084440816,41474.50964106966,42270.541849449015,41442.396003457325,0.9772941443340702,0.9804084402574914,0.9711751662971175
2024-06-01 00:00:00,544.0,40.0,587,577,573,28553.12559765495,27950.1207363831,28331.08279206068,27903.98279538819,0.9788813011307815,0.9849246850250222,0.9761499148211243
2024-06-01 00:00:00,544.0,50.0,720,702,698,69256.40472589355,68321.31362449529,68972.86804631127,68267.04321780878,0.986498128150036,0.989766630727483,0.9694444444444444
2024-06-01 00:00:00,544.0,60.0,838,832,831,309119.46028444136,306192.1341249546,309044.50563984655,306181.4629631866,0.990530113643466,0.9907358240498977,0.9916467780429594
2024-06-01 00:00:00,544.0,70.0,953,932,922,182904.4214831001,179098.17121881474,182484.69113753794,178989.76045321848,0.9791899494095223,0.9808480883380768,0.9674711437565582
2024-06-01 00:00:00,544.0,80.0,1050,1006,998,179479.09856113937,174522.46571527733,178159.86541555315,174434.15242459712,0.9723832307739524,0.9790878098034823,0.9504761904761905
2024-06-01 00:00:00,544.0,90.0,1141,1109,1100,221706.33620042773,218515.68221604908,221123.27824186307,218405.78893726828,0.9856086477316813,0.98771052362193,0.9640666082383874
2024-06-01 00:00:00,544.0,100.0,1247,1229,1216,65331.4747903892,63444.20880071392,64917.46029328472,63288.875932092786,0.9711124539017307,0.9749129994637143,0.97514033680834
2024-06-01 00:00:00,544.0,110.0,1383,1362,1348,80275.93337409213,80569.05059639674,79737.2631977954,80398.51611631532,1.0036513710894979,1.0082928970973035,0.9746926970354303
2024-06-01 00:00:00,544.0,120.0,1449,1452,1428,62687.274009646004,62420.34346979708,62397.63268637472,62133.71026181718,0.9957418703546138,0.9957703135007688,0.9855072463768116
2024-06-01 00:00:00,544.0,130.0,1485,1485,1459,93457.83454911443,92188.08021009224,93117.26063902867,91873.11465647668,0.986413612671981,0.986638932739066,0.9824915824915825
2024-06-01 00:00:00,544.0,140.0,1432,1422,1401,100349.10389504081,98888.91059525253,99881.59625397499,98622.4077544387,0.985448865579153,0.9873931880670541,0.9783519553072626
2024-06-01 00:00:00,544.0,150.0,1429,1433,1401,159596.53399135187,157992.28606152313,159056.64300702128,157595.4134700767,0.9899481029461726,0.9908131498985547,0.980405878236529
2024-06-01 00:00:00,544.0,160.0,1450,1444,1414,135358.4366269494,134081.33531815215,134674.94268052076,133722.8581209667,0.9905650409341165,0.9929304996118498,0.9751724137931035
2024-06-01 00:00:00,544.0,170.0,1416,1411,1363,126533.3275715375,125204.07670148049,125394.05823622733,124616.29917709282,0.9894948556592293,0.9937974807572676,0.9625706214689266
2024-06-01 00:00:00,544.0,180.0,1482,1475,1432,111927.91366015132,110216.78395197686,111173.62410553414,109699.60570815598,0.9847122165309898,0.9867412939963268,0.9662618083670715
2024-06-01 00:00:00,544.0,190.0,1542,1547,1498,118691.74195917725,118040.3783236229,118087.59176551522,117430.66019855118,0.9945121402314714,0.9944369128276535,0.9714656290531777
2024-06-01 00:00:00,544.0,200.0,1545,1537,1488,126788.86405049088,126677.68049104512,125728.92846065399,126079.03118607853,0.9991230810349283,1.0027845837048879,0.9631067961165048
2024-06-01 00:00:00,544.0,210.0,1605,1580,1558,162423.8822262155,164140.53621641413,161735.2056250194,163868.35230716772,1.010568975243479,1.0131891301829115,0.9707165109034268
2024-06-01 00:00:00,544.0,220.0,1690,1674,1633,142646.77212461358,143939.69738112215,141637.945039932,143386.79544523195,1.0090638241388252,1.0123473296990217,0.9662721893491124
2024-06-01 00:00:00,544.0,230.0,1713,1693,1656,222290.81597794453,222350.45607329183,221203.61822451546,221876.65555896336,1.0002682976131287,1.0030426144917972,0.9667250437828371
2024-06-01 00:00:00,544.0,240.0,1753,1747,1705,492571.3071826893,492134.9981909138,490791.0584509144,491669.7769967556,0.9991142216661563,1.001790412703554,0.9726183685111238
2024-06-01 00:00:00,544.0,250.0,1837,1854,1791,251150.25151250605,256874.05730575303,250354.75020146236,256054.51672279436,1.0227903645677296,1.0227667600344925,0.974959172563963
2024-06-01 00:00:00,544.0,260.0,1938,1940,1895,217273.56702035462,222390.43405085284,216628.94677291083,221781.21006541763,1.0235503430107487,1.0237838173026241,0.97781217750258
2024-06-01 00:00:00,544.0,270.0,1926,1925,1882,253473.9687551618,254567.54008121288,252757.730313335,254043.36501508713,1.0043143338600873,1.0050864307895089,0.9771547248182763
2024-06-01 00:00:00,544.0,280.0,1936,1924,1861,185092.19666971554,187336.37676698662,183204.7833413683,186518.9418775222,1.012124660777978,1.0180899126961034,0.9612603305785123
2024-06-01 00:00:00,544.0,290.0,1904,1887,1824,245298.83186049416,237812.3213158216,244326.5314045112,236931.8298415031,0.9694800399663939,0.9697343488629759,0.957983193277311
2024-06-01 00:00:00,544.0,300.0,1849,1830,1765,186032.68985425404,186893.09158849312,184313.28054732902,186098.3173002071,1.0046250029224066,1.0096847972515997,0.9545700378583017
2024-06-01 00:00:00,544.0,310.0,1915,1882,1819,232217.1766089239,235493.09202904854,230752.90304747422,234756.95301918045,1.0141071193266706,1.0173521109326302,0.9498694516971279
2024-06-01 00:00:00,544.0,320.0,1886,1884,1831,390077.0994390077,390679.58479819563,388879.7136343686,390002.42240181024,1.0015445289150642,1.0028870335172515,0.9708377518557795
2024-06-01 00:00:00,544.0,330.0,1894,1880,1822,1070759.892938851,1062684.9731203844,1068581.826771025,1061699.6810914804,0.9924587016457034,0.9935595520089082,0.9619852164730729
2024-06-01 00:00:00,544.0,340.0,1917,1905,1851,1002721.9488210233,990196.6408630817,1001606.775968083,989508.3830427361,0.9875086927411246,0.9879210152969928,0.9655712050078247
2024-06-01 00:00:00,544.0,350.0,1912,1877,1825,1094657.9143396944,1084160.4177128377,1093146.2985955067,1083447.6516124622,0.9904102491843866,0.9911277685379299,0.9544979079497908
2024-06-01 00:00:00,544.0,360.0,2042,2033,1972,1277444.7226678063,1273213.3933419741,1275966.550436931,1272384.9633063741,0.9966876615083622,0.9971930399512978,0.9657198824681684
2024-06-01 00:00:00,544.0,370.0,1915,1903,1831,581135.0656794163,591018.6447517674,578774.6158877385,590087.3585092593,1.0170073699834237,1.0195460241534073,0.956135770234987
2024-06-01 00:00:00,544.0,380.0,1544,1536,1481,263726.02621794154,268674.76497420546,262575.06028836465,267877.5326184277,1.0187646961782009,1.0201941202041038,0.9591968911917098
2024-06-01 00:00:00,544.0,390.0,1612,1610,1551,191705.62116276694,192740.27992544306,190565.13111345953,191930.85932182334,1.0053971227155496,1.0071667266744129,0.9621588089330024
2024-06-01 00:00:00,544.0,400.0,1497,1477,1425,210923.67741857568,208494.2216467795,209432.9583977208,207495.87146915562,0.9884818252671798,0.9907508018633506,0.9519038076152304
2024-06-01 00:00:00,544.0,410.0,1426,1421,1382,366878.40552522603,368651.88581800804,366080.1329289053,368082.642217601,1.004833972962358,1.0054701392087961,0.9691444600280504
2024-06-01 00:00:00,544.0,420.0,1245,1229,1202,153956.15356214385,156883.47952199692,152953.35101182913,156541.92985412097,1.0190140237471668,1.0234619171044792,0.9654618473895582
2024-06-01 00:00:00,544.0,430.0,1132,1136,1094,161928.32048775099,161114.66838319376,161162.4984788866,160598.56197070854,0.994975232855461,0.9965008205165549,0.9664310954063604
2024-06-01 00:00:00,544.0,440.0,1107,1104,1068,187642.25433187233,185859.12372041843,187094.3717748822,185390.59496476882,0.9904971797647444,0.9908934897722984,0.964769647696477
2024-06-01 00:00:00,544.0,450.0,1098,1092,1055,145437.19848454883,144312.69927519618,144245.7735971298,143743.99322497274,0.9922681458315349,0.996521351304486,0.9608378870673953
2024-06-01 00:00:00,544.0,460.0,1073,1066,1045,115299.6065506505,116477.69291051406,114890.3886788723,116206.2702202982,1.010217609540116,1.011453364868526,0.9739049394221808
2024-06-01 00:00:00,544.0,470.0,1014,1014,990,108379.3738527178,108138.77943121317,107890.14566587858,107867.82027310709,0.9977800718628289,0.999793072920296,0.9763313609467456
2024-06-01 00:00:00,544.0,480.0,910,917,894,116585.18101578855,118957.70303210925,116113.95815193187,118647.50786981068,1.0203501165040811,1.021819510403424,0.9824175824175824
2024-06-01 00:00:00,544.0,490.0,901,888,880,260607.58963769607,249444.4040693222,260217.75962775951,249354.38064627955,0.9571647718169173,0.9582527380259519,0.97669256381798
2024-06-01 08:00:00,552.0,0.0,36,41,35,847.7079635157506,1049.4525928699106,831.4611877506909,984.2026753374536,1.2379883616020926,1.1837024864623764,0.9722222222222222
2024-06-01 08:00:00,552.0,10.0,77,87,71,2358.8875611842886,2758.2528966302407,2270.9460730652327,2587.0392710329384,1.1693024042423832,1.1391900942592863,0.922077922077922
2024-06-01 08:00:00,552.0,20.0,148,170,138,4663.977410723895,5504.709851522068,4553.2088550228,5139.14325393666,1.1802608303515951,1.1286860360616877,0.9324324324324325
2024-06-01 08:00:00,552.0,30.0,262,322,261,23880.604946759482,26529.026697133613,23870.068879860824,25813.54192644466,1.1109026239611033,1.0814188285909616,0.9961832061068703
2024-06-01 08:00:00,552.0,40.0,377,437,373,13869.322338468404,16911.919089764877,13800.56026927336,16158.211696425105,1.2193760211958897,1.1708373704508943,0.9893899204244032
2024-06-01 08:00:00,552.0,50.0,447,519,430,46195.398700567326,50557.16176403679,45994.53782678625,49528.42790451589,1.0944198596864994,1.076832820693582,0.9619686800894854
2024-06-01 08:00:00,552.0,60.0,577,623,562,219838.13133851625,225964.85157513845,219619.08989721554,225259.02205377514,1.0278692336007351,1.0256805187527147,0.9740034662045061
2024-06-01 08:00:00,552.0,70.0,677,715,639,118741.25381091356,125635.9280311255,118283.43286594222,124729.69850922344,1.0580646910735099,1.0544984659904753,0.9438700147710487
2024-06-01 08:00:00,552.0,80.0,738,757,686,115539.31738847669,122111.34914348202,114774.49702627056,121258.56205220634,1.0568813448404604,1.0564939528722277,0.9295392953929539
2024-06-01 08:00:00,552.0,90.0,803,864,772,155229.50045496674,162520.66131476607,154725.11223371435,161294.51594852866,1.046970201143658,1.0424585487124491,0.9613947696139477
2024-06-01 08:00:00,552.0,100.0,915,1002,890,32295.81310456791,38364.08556304534,31985.807443968406,37020.56585994529,1.1878965684755938,1.1574060128010397,0.9726775956284153
2024-06-01 08:00:00,552.0,110.0,963,1082,941,39539.80582762681,47627.02361065875,39292.044475570015,45988.71300612533,1.2045335735407512,1.1704331912461057,0.9771547248182763
2024-06-01 08:00:00,552.0,120.0,1022,1178,1003,27894.311899886645,34975.19673193176,27672.367900534755,32861.349008956095,1.2538469081961434,1.1875148930901958,0.9814090019569471
2024-06-01 08:00:00,552.0,130.0,1112,1243,1093,48097.37180256048,56288.02790060735,47881.73565896136,54468.63409871643,1.1702932154311774,1.1375659914809768,0.9829136690647482
2024-06-01 08:00:00,552.0,140.0,1067,1174,1052,53094.014271778244,60658.147183757814,52881.693702956836,59218.543089586674,1.1424667736227327,1.1198306813360541,0.985941893158388
2024-06-01 08:00:00,552.0,150.0,1096,1197,1073,97152.00272104773,105075.98892211373,96789.18018630223,103568.1090427284,1.081562767407051,1.0700380852836848,0.9790145985401459
2024-06-01 08:00:00,552.0,160.0,1069,1187,1045,79319.0901158103,87521.34712921528,78981.37602706855,85766.39864616995,1.1034083598466553,1.0859066144501717,0.9775491113189897
2024-06-01 08:00:00,552.0,170.0,1061,1154,1037,72011.7729682728,79161.67897393284,71497.64849610106,77758.12181534721,1.0992880151528859,1.0875619471539342,0.9773798303487277
2024-06-01 08:00:00,552.0,180.0,1177,1290,1158,60283.585221506095,68538.77373424044,59911.85573944356,66871.08921895872,1.1369392427872607,1.1161578688161629,0.983857264231096
2024-06-01 08:00:00,552.0,190.0,1243,1320,1224,63911.76128266866,73765.75582792357,63669.43468315384,72460.02988060926,1.154181239062912,1.1380661732148425,0.9847144006436042
2024-06-01 08:00:00,552.0,200.0,1228,1300,1212,72447.01315745251,83281.68142832333,72134.59172802842,82157.37312784948,1.1495530015478115,1.1389455621736975,0.9869706840390879
2024-06-01 08:00:00,552.0,210.0,1316,1368,1292,92609.81044609856,105721.61865340755,92200.07925103157,104677.5889020943,1.1415812012156143,1.1353307909539907,0.9817629179331308
2024-06-01 08:00:00,552.0,220.0,1389,1448,1354,79423.06054353465,91092.0998103515,78923.8494989188,89877.87664410422,1.146922558598968,1.138792357629939,0.9748020158387329
2024-06-01 08:00:00,552.0,230.0,1443,1496,1422,139463.90400470796,154537.57851982838,139154.51719703779,153517.1525404107,1.1080829812035922,1.1032135760496795,0.9854469854469855
2024-06-01 08:00:00,552.0,240.0,1464,1541,1443,332957.504085077,349227.3399829192,331915.14134103816,347952.6313431293,1.0488646019333596,1.0483180427903795,0.985655737704918
2024-06-01 08:00:00,552.0,250.0,1578,1648,1553,157795.19796235347,177133.51694662706,157224.3725063707,175916.38975781848,1.1225532794026298,1.1188875296715868,0.9841571609632446
2024-06-01 08:00:00,552.0,260.0,1677,1752,1657,129741.13952387849,147606.2726974712,129453.07439254073,146254.88717976998,1.1376982909133821,1.129790759053594,0.9880739415623137
2024-06-01 08:00:00,552.0,270.0,1583,1672,1556,154865.96814525904,170299.11651836894,154194.51111977326,168823.0044130587,1.099654872906836,1.094870389270358,0.9829437776373974
2024-06-01 08:00:00,552.0,280.0,1570,1643,1545,108262.47079335249,123205.66378851159,107371.14783838614,121964.56167125047,1.1380274520399791,1.1359155986190086,0.9840764331210191
2024-06-01 08:00:00,552.0,290.0,1475,1554,1443,149085.40796110564,162772.57141284604,148638.3921402829,161393.04618654528,1.0918075326011194,1.0858099570548685,0.9783050847457627
2024-06-01 08:00:00,552.0,300.0,1439,1523,1416,107855.47352892433,124786.91916482514,107314.91486436997,123465.15975182355,1.1569827203193372,1.1504939449270875,0.9840166782487839
2024-06-01 08:00:00,552.0,310.0,1486,1569,1461,139903.11038204058,157845.57005755382,139487.80872477128,156548.95647260622,1.1282491834993293,1.122312823635354,0.9831763122476447
2024-06-01 08:00:00,552.0,320.0,1499,1594,1482,257141.9536077089,279784.04553838255,256652.1534338299,278367.76627096476,1.0880528891260428,1.0846110681192223,0.9886591060707138
2024-06-01 08:00:00,552.0,330.0,1517,1579,1480,775989.3433443452,804824.6209975698,774681.5500406697,803575.0289817348,1.0371593732575641,1.0372972338628024,0.975609756097561
2024-06-01 08:00:00,552.0,340.0,1563,1630,1538,750152.5224700484,773628.8320126601,748791.3549763635,772539.57849183,1.03129538172492,1.031715408247757,0.9840051183621241
2024-06-01 08:00:00,552.0,350.0,1560,1625,1537,770064.5420956756,791084.7828949485,769618.1689369427,789893.1637861059,1.0272967259887955,1.02634422583496,0.9852564102564103
2024-06-01 08:00:00,552.0,360.0,1693,1767,1660,963432.8692586126,998485.5818833382,962646.0784987601,997080.7705788726,1.0363831396490546,1.0357708745189231,0.980507974010632
2024-06-01 08:00:00,552.0,370.0,1553,1642,1509,412321.3160499082,451809.70076565805,411001.5711752148,449558.32335074386,1.0957709028823777,1.0938116904645405,0.9716677398583387
2024-06-01 08:00:00,552.0,380.0,1294,1345,1268,168142.50878296891,191199.149270171,167643.08390380102,190106.0808174846,1.1371255886098537,1.1339929831317919,0.9799072642967542
2024-06-01 08:00:00,552.0,390.0,1311,1381,1285,112325.97875447509,130755.14280646115,111540.45163356882,129368.86040543216,1.1640685819641865,1.159838054362851,0.9801678108314263
2024-06-01 08:00:00,552.0,400.0,1228,1291,1207,125906.07901237707,141650.95630044257,125482.28916918246,140195.71662538924,1.1250525583162487,1.1172550130669778,0.9828990228013029
2024-06-01 08:00:00,552.0,410.0,1199,1259,1178,241374.69118871307,263578.9503804479,241048.65011932413,262473.8320133061,1.0919908341772873,1.0888832270306266,0.9824854045037531
2024-06-01 08:00:00,552.0,420.0,1064,1117,1045,89908.85888073171,105658.78757248435,89322.24076254288,104645.38222311743,1.1751766053737336,1.1715490042542718,0.9821428571428571
2024-06-01 08:00:00,552.0,430.0,942,985,924,94503.94331890748,108238.66960564193,94200.08683174298,107403.98596694967,1.1453349543350382,1.140168651423762,0.9808917197452229
2024-06-01 08:00:00,552.0,440.0,931,971,921,109575.85730886215,122314.25995850677,109402.858466859,121620.3411060144,1.1162519095218102,1.1116742543144464,0.9892588614393125
2024-06-01 08:00:00,552.0,450.0,936,968,918,83064.48815101365,95570.91734320545,82588.45059933848,94862.77325517134,1.150562887589878,1.1486203284691623,0.9807692307692307
2024-06-01 08:00:00,552.0,460.0,908,965,903,61482.05327450634,72510.38807142182,61412.67660734021,71691.70442567504,1.1793748615986515,1.167376320104997,0.9944933920704846
2024-06-01 08:00:00,552.0,470.0,882,916,878,56952.08318032467,67977.23634304019,56883.741799800584,67457.12632025623,1.1935864773867375,1.1858770922220294,0.9954648526077098
2024-06-01 08:00:00,552.0,480.0,803,839,792,65712.33636865288,76893.96800654248,65480.03962509087,76204.608274375,1.1701603116827184,1.1637837837406357,0.9863013698630136
2024-06-01 08:00:00,552.0,490.0,777,798,763,171490.72121214643,179483.48882374162,170176.49034024763,179007.2362133258,1.0466075806031951,1.0518916911226819,0.9819819819819819
2024-06-01 16:00:00,560.0,0.0,59,61,59,1862.8209649313221,1946.3473298498793,1862.8209649313221,1925.0122248305374,1.0448386433752836,1.0333855271494157,1.0
2024-06-01 16:00:00,560.0,10.0,180,173,170,5289.053006695389,5254.435594974294,5147.900410173792,5223.835329757447,0.9934548941602074,1.0147506582360422,0.9444444444444444
2024-06-01 16:00:00,560.0,20.0,293,289,282,9093.452193688148,9163.779226801089,8970.323915781537,9076.38603382759,1.0077338101762667,1.0118236664630869,0.962457337883959
2024-06-01 16:00:00,560.0,30.0,448,444,434,33189.20655422245,32426.96185512811,33014.443556678365,32313.60628167428,0.9770333557733887,0.9787717980525432,0.96875
2024-06-01 16:00:00,560.0,40.0,587,583,578,23715.371804620336,23930.238231518248,23605.848880162077,23874.44859261802,1.0090602175107393,1.0113785237641537,0.9846678023850085
2024-06-01 16:00:00,560.0,50.0,719,693,689,57454.02310056302,57940.63057688294,57054.57356054581,57897.00887143907,1.0084695109247301,1.0147654299790583,0.9582753824756607
2024-06-01 16:00:00,560.0,60.0,836,825,821,231195.28230683808,225445.1252482094,231004.60360525874,225395.3541415276,0.9751285709584802,0.9757180187053058,0.9820574162679426
2024-06-01 16:00:00,560.0,70.0,959,915,911,143589.63226494152,140355.60891116483,142986.0487222182,140309.7399587177,0.9774773198958439,0.9812827280184528,0.9499478623566214
2024-06-01 16:00:00,560.0,80.0,1047,1016,1003,136858.08289123664,133249.13809370575,135796.76714767987,133106.9551598474,0.9736300208121506,0.9801923709648603,0.9579751671442216
2024-06-01 16:00:00,560.0,90.0,1141,1138,1122,169915.25068505114,166397.52941812624,169648.28561744012,166217.72005656117,0.9792972010885285,0.9797783658797771,0.9833479404031551
2024-06-01 16:00:00,560.0,100.0,1249,1238,1225,55363.394284787515,55545.751871958324,54954.010076517705,55395.27405236388,1.0032938296057639,1.008029695653361,0.9807846277021617
2024-06-01 16:00:00,560.0,110.0,1382,1383,1361,65602.35754584936,68618.89544527546,65360.47250300756,68376.5231270151,1.0459821569265684,1.0461448717934032,0.9848046309696092
2024-06-01 16:00:00,560.0,120.0,1456,1453,1428,53370.3551736472,54805.99474926107,53039.4082536458,54510.87116276598,1.0268995694509215,1.0277428228852654,0.9807692307692307
2024-06-01 16:00:00,560.0,130.0,1483,1494,1466,76543.58650984982,77591.97077677216,76354.25818597262,77267.00025660556,1.0136965657702417,1.0119540428041331,0.9885367498314228
2024-06-01 16:00:00,560.0,140.0,1416,1423,1393,81638.5479712115,81385.06660844461,81328.40638769374,81040.01944535083,0.9968950775207776,0.9964540441015386,0.9837570621468926
2024-06-01 16:00:00,560.0,150.0,1415,1413,1380,127325.86647134276,126469.79100405725,126883.43777885055,126072.1240229481,0.9932764999680707,0.9936058340623107,0.9752650176678446
2024-06-01 16:00:00,560.0,160.0,1433,1431,1395,108685.89020150722,108011.80291249916,108094.31277641695,107576.96169362095,0.9937978399242231,0.9952138917440911,0.9734822051639916
2024-06-01 16:00:00,560.0,170.0,1398,1400,1351,102473.14569589178,100021.82607867237,101690.1794093964,99432.23677082379,0.976078419369557,0.9777958633598007,0.9663805436337625
2024-06-01 16:00:00,560.0,180.0,1457,1472,1420,92198.9839124041,91413.87477357086,91575.27355927443,90814.15614510418,0.9914846226550701,0.9916886143542056,0.9746053534660261
2024-06-01 16:00:00,560.0,190.0,1511,1552,1480,95872.47052236834,96087.21277613338,95366.4159155217,95226.19117591405,1.0022398739971443,0.998529621373924,0.9794837855724685
2024-06-01 16:00:00,560.0,200.0,1521,1559,1493,103886.08659452203,105670.35347649027,103498.7189078326,104803.88507395794,1.0171752247144743,1.0126104572104666,0.9815910585141354
2024-06-01 16:00:00,560.0,210.0,1593,1590,1551,131060.642779591,132791.21733449888,130495.3791023166,132318.32642494547,1.013204380187714,1.0139694396473578,0.9736346516007532
2024-06-01 16:00:00,560.0,220.0,1666,1689,1632,115472.97921238649,118105.6870240866,114917.95083644256,117408.95923322534,1.022799340847159,1.0216764080689893,0.9795918367346939
2024-06-01 16:00:00,560.0,230.0,1688,1695,1645,181965.3095340236,183182.66275120873,180900.81361364143,182601.58027485473,1.0066900291066607,1.0094016529126604,0.9745260663507109
2024-06-01 16:00:00,560.0,240.0,1735,1743,1691,377897.62091544166,372489.5955045859,376483.963144828,371843.09992726415,0.9856891784664983,0.9876731450157983,0.9746397694524496
2024-06-01 16:00:00,560.0,250.0,1826,1835,1779,201847.85331418464,207283.85519816924,201063.92923055077,206625.4266698754,1.0269311850224299,1.0276603439543226,0.9742606790799562
2024-06-01 16:00:00,560.0,260.0,1928,1933,1881,174240.73776148024,178749.47991620266,173490.94436563805,178094.7095183268,1.025876509779788,1.0265360544870064,0.9756224066390041
2024-06-01 16:00:00,560.0,270.0,1897,1942,1862,201805.1040602873,203848.51722761666,201213.51738570596,202792.37825406517,1.0101256763392807,1.0078466938447912,0.981549815498155
2024-06-01 16:00:00,560.0,280.0,1905,1930,1854,151363.2798107512,155284.97602081532,150013.2779938443,154371.88678256836,1.0259091651222634,1.0290548199933536,0.9732283464566929
2024-06-01 16:00:00,560.0,290.0,1876,1887,1814,195670.57952419447,198012.63566265436,194792.04107638897,197126.39262499628,1.0119693831548666,1.011983813792946,0.9669509594882729
2024-06-01 16:00:00,560.0,300.0,1821,1861,1763,149782.39493281965,155108.727373011,148650.1476145758,153937.4598613914,1.0355604705251262,1.0355688328041535,0.9681493684788578
2024-06-01 16:00:00,560.0,310.0,1914,1932,1861,187672.27229569817,194328.1041610433,186985.79691057227,193515.95727519412,1.0354651850479977,1.0349232961674888,0.9723092998955067
2024-06-01 16:00:00,560.0,320.0,1860,1865,1813,314989.3267967347,321249.10538230813,314303.83527970454,320635.79112752725,1.0198729863301461,1.0201459706725748,0.9747311827956989
2024-06-01 16:00:00,560.0,330.0,1866,1890,1820,852847.4059237682,850646.2427119358,852160.1794199744,849776.2776484266,0.9974190421445344,0.9972025191635093,0.9753483386923901
2024-06-01 16:00:00,560.0,340.0,1905,1899,1840,784165.0174142941,773053.0033106981,783240.9095385235,772343.3203995589,0.9858294952505829,0.9860865424593496,0.9658792650918635
2024-06-01 16:00:00,560.0,350.0,1857,1882,1803,805812.4824175868,791213.7986067366,804554.675685989,790211.5802768908,0.9818832741743445,0.9821726281102414,0.9709208400646203
2024-06-01 16:00:00,560.0,360.0,2017,2029,1958,1018542.5805362498,1011738.5724851751,1017618.3290488985,1010861.3524843992,0.9933198590013856,0.9933600089821352,0.9707486365889936
2024-06-01 16:00:00,560.0,370.0,1890,1907,1839,479141.9334329596,496730.48851146613,477861.93830469076,495912.65062197053,1.0367084445155696,1.037773906792657,0.973015873015873
2024-06-01 16:00:00,560.0,380.0,1501,1525,1459,213286.64961392942,223087.69500752317,212303.17347078898,222261.3497692439,1.045952456055429,1.0469054519329881,0.972018654230513
2024-06-01 16:00:00,560.0,390.0,1568,1595,1524,156098.32262363512,162411.38412851878,155295.6975229693,161526.16580668767,1.0404428529325387,1.0401200315468935,0.9719387755102041
2024-06-01 16:00:00,560.0,400.0,1466,1489,1424,171456.16283956694,174740.0079398136,170725.59837696317,173723.33969504712,1.0191526804628153,1.017558827420039,0.9713506139154161
2024-06-01 16:00:00,560.0,410.0,1398,1413,1359,286883.5210548798,290079.3676203013,286195.49491809716,289356.24783494766,1.0111398750045673,1.0110440344903229,0.9721030042918455
2024-06-01 16:00:00,560.0,420.0,1232,1233,1205,125925.18178112003,130636.04389615727,125262.90406912244,130288.54272989347,1.0374100084542703,1.0401207260690506,0.9780844155844156
2024-06-01 16:00:00,560.0,430.0,1109,1124,1079,133209.69898909208,135323.58816658717,132653.98153346006,134720.50179628254,1.0158688833736362,1.0155782754421225,0.9729486023444545
2024-06-01 16:00:00,560.0,440.0,1084,1119,1061,153035.65697320458,153780.7995456297,152702.30723456043,153050.0446744922,1.0048690781427208,1.002277224530718,0.9787822878228782
2024-06-01 16:00:00,560.0,450.0,1079,1099,1051,119590.26216787295,124150.13014948412,118974.29430084633,123399.64748713703,1.0381290909389456,1.037195876742084,0.974050046339203
2024-06-01 16:00:00,560.0,460.0,1066,1077,1047,96346.52084082864,100418.49537401104,96001.6562605644,100051.42136047021,1.0422638461425047,1.0421843253299097,0.9821763602251408
2024-06-01 16:00:00,560.0,470.0,1007,1005,978,90226.88064718818,94341.37820300745,89743.17014170876,94015.75089357616,1.0456016824066885,1.0476089795482018,0.971201588877855
2024-06-01 16:00:00,560.0,480.0,905,907,883,97041.93927645427,100192.272720573,96651.13319566177,99876.00550524486,1.0324636282787385,1.0333661096663462,0.9756906077348066
2024-06-01 16:00:00,560.0,490.0,888,897,880,206963.5150008133,204489.75471381494,206874.48167534982,204285.30875681588,0.9880473604877235,0.9874843291566664,0.990990990990991
2024-06-02 00:00:00,568.0,0.0,60,58,57,2112.189065794493,2052.149609692191,2069.861895364033,2039.957767683004,0.9715747718447172,0.9855525976162919,0.95
2024-06-02 00:00:00,568.0,10.0,177,168,166,6016.283774070227,5776.737525966881,5892.936379306599,5755.283138408982,0.9601836852949367,0.9766409762404709,0.9378531073446328
2024-06-02 00:00:00,568.0,20.0,295,285,282,10537.375452560378,10331.595252308885,10390.236909098643,10297.228106471575,0.9804713990520768,0.9910484425484446,0.9559322033898305
2024-06-02 00:00:00,568.0,30.0,449,445,439,40424.89404566387,39801.30601122104,40306.519581126006,39729.84083810864,0.984574157850892,0.985692668357121,0.977728285077951
2024-06-02 00:00:00,568.0,40.0,586,578,577,27954.596974712338,28004.856292343582,27828.66989639926,27993.19068420557,1.0017978909757386,1.005911917041626,0.984641638225256
2024-06-02 00:00:00,568.0,50.0,719,694,691,69441.42970459402,70034.74026972798,69077.41437477764,70000.85936443011,1.0085440430540948,1.0133682622317384,0.96105702364395
2024-06-02 00:00:00,568.0,60.0,831,830,822,298026.0129094238,297700.2496448241,297917.5811655679,297608.46786663367,0.9989069300984184,0.998962420083686,0.9891696750902527
2024-06-02 00:00:00,568.0,70.0,952,925,913,177908.80770657357,177433.10462997016,177360.731345299,177295.73198847653,0.9973261409441404,0.999633518894913,0.9590336134453782
2024-06-02 00:00:00,568.0,80.0,1046,1003,994,172706.21029718238,170259.4331976318,171852.82741945432,170154.5896113373,0.9858327208075476,0.9901180688521812,0.9502868068833652
2024-06-02 00:00:00,568.0,90.0,1141,1118,1114,216597.47917040536,216931.1543374134,216267.74026307848,216875.84698442972,1.001540531165395,1.00281182353231,0.9763365468886941
2024-06-02 00:00:00,568.0,100.0,1247,1239,1227,63748.52770909499,63517.72334104187,63477.00199306806,63366.974959575,0.9963794557090581,0.9982666630427022,0.9839615076182838
2024-06-02 00:00:00,568.0,110.0,1378,1362,1343,77174.68171580724,79388.68014470636,76731.33269569132,79160.33239471761,1.028688144604886,1.0316559039663686,0.974600870827286
2024-06-02 00:00:00,568.0,120.0,1453,1451,1427,60653.567667838724,61479.7336421131,60337.43700777987,61197.410705152884,1.013621061481474,1.0142527382669921,0.9821059876118375
2024-06-02 00:00:00,568.0,130.0,1480,1488,1460,90688.12950239601,90690.13140351318,90421.99212569071,90359.50197604107,1.000022074566188,0.9993089054091754,0.9864864864864865
2024-06-02 00:00:00,568.0,140.0,1431,1421,1403,96681.0204267758,95951.57312466664,96333.90918800264,95729.48952363321,0.9924551137452917,0.9937257849342555,0.9804332634521313
2024-06-02 00:00:00,568.0,150.0,1427,1419,1395,154755.06642839318,152712.26074797768,154332.80389094396,152406.71063662236,0.9867997492582207,0.9875198713056322,0.9775753328661527
2024-06-02 00:00:00,568.0,160.0,1450,1442,1406,131632.19606612594,131543.44223311963,130843.47356734573,131131.1032203472,0.9993257437339895,1.0021982728305774,0.9696551724137931
2024-06-02 00:00:00,568.0,170.0,1401,1423,1371,122505.13754435098,121955.46939524764,121523.51214326167,121337.89058723357,0.9955131012452083,0.9984725461537907,0.9785867237687366
2024-06-02 00:00:00,568.0,180.0,1467,1455,1419,109085.84347949194,107501.76786423312,107939.80163310829,107057.8479477647,0.9854786325637512,0.9918292078362217,0.967280163599182
2024-06-02 00:00:00,568.0,190.0,1532,1514,1479,114790.9776268717,113803.39663350306,113898.96362088679,113376.21358743022,0.9913967019552811,0.9954104057066178,0.9654046997389034
2024-06-02 00:00:00,568.0,200.0,1538,1518,1478,123470.15836476993,123939.9921177732,122535.9677710544,123439.21674963422,1.0038052413573102,1.0073712967303399,0.9609882964889467
2024-06-02 00:00:00,568.0,210.0,1597,1580,1544,157078.25623306827,158173.36610315624,155814.0613444916,157704.0189279758,1.0069717470536665,1.0121295701246478,0.9668127739511584
2024-06-02 00:00:00,568.0,220.0,1682,1659,1622,138139.79706659314,140287.01673324063,137225.5013807508,139816.2917573616,1.015543816570198,1.018879802591665,0.9643281807372176
2024-06-02 00:00:00,568.0,230.0,1698,1685,1651,219628.8145231621,219887.68895127877,218311.50993226544,219468.69781334815,1.0011786906407465,1.0053006269868305,0.9723203769140165
2024-06-02 00:00:00,568.0,240.0,1748,1732,1692,475632.9876093294,476120.5368827339,474130.40384584584,475650.500416417,1.0010250535309906,1.0032060727560206,0.9679633867276888
2024-06-02 00:00:00,568.0,250.0,1833,1808,1774,242378.0172128913,248937.99290799786,241433.24926432007,248484.31694200315,1.027065060480896,1.02920503989889,0.9678123295144572
2024-06-02 00:00:00,568.0,260.0,1932,1938,1882,211376.39585071226,216849.0824326485,210372.63949975703,216067.9153727332,1.0258907176456986,1.0270723221732585,0.974120082815735
2024-06-02 00:00:00,568.0,270.0,1917,1918,1859,245155.58978660498,246247.0592556034,243620.0333033296,245510.65824665298,1.0044521500405048,1.0077605479224665,0.9697443922796035
2024-06-02 00:00:00,568.0,280.0,1934,1948,1872,181821.37590776352,185079.3620079688,180737.82704596536,184175.37777384013,1.0179186087661003,1.0190195421957824,0.96794208893485
2024-06-02 00:00:00,568.0,290.0,1887,1865,1808,237865.46366734474,237939.8572329493,236726.3107031912,237200.6145560053,1.0003127548003714,1.0020035958462123,0.9581346051934287
2024-06-02 00:00:00,568.0,300.0,1836,1808,1751,180224.82407572275,183280.95224024582,178991.98988673292,182587.12345274436,1.0169573097390792,1.0200854438697868,0.9537037037037037
2024-06-02 00:00:00,568.0,310.0,1908,1891,1829,225816.9403420047,229705.81772409394,224751.3293344815,228937.77320301693,1.0172213713293583,1.0186270038132013,0.9585953878406709
2024-06-02 00:00:00,568.0,320.0,1880,1842,1799,382567.7437733686,388737.4367142442,381216.97787369794,388210.8223585385,1.0161270599555055,1.018346099179134,0.9569148936170213
2024-06-02 00:00:00,568.0,330.0,1871,1864,1806,1056823.0724482324,1063193.6235489263,1055811.7941563958,1062490.1279438178,1.006028020457517,1.006325307052246,0.9652592196686264
2024-06-02 00:00:00,568.0,340.0,1904,1885,1828,987180.3680459177,987877.8021259226,985977.553977268,987121.0551612796,1.0007064910350532,1.0011597639108505,0.9600840336134454
2024-06-02 00:00:00,568.0,350.0,1896,1887,1818,1035559.64887745,1029849.397628782,1034105.880186089,1028976.8952170326,0.9944858306763323,0.9950401742535945,0.9588607594936709
2024-06-02 00:00:00,568.0,360.0,2029,2014,1957,1271538.5287869023,1280369.2582368916,1270255.0918339875,1279566.4133433623,1.0069449169254936,1.0073302768626822,0.964514539181863
2024-06-02 00:00:00,568.0,370.0,1911,1905,1839,580856.2530238874,600215.1716261245,579570.4086600934,598047.7742604678,1.033328243436231,1.0318811404521018,0.9623233908948194
2024-06-02 00:00:00,568.0,380.0,1531,1522,1467,257425.59081988336,264899.0703790264,256125.0133002714,264169.39895476453,1.0290316107864044,1.0314080438721624,0.9581972566949706
2024-06-02 00:00:00,568.0,390.0,1607,1599,1544,185361.25034779386,189966.01549638528,184249.9108839292,189212.22812856364,1.0248421131166923,1.0269325353853795,0.9607965152457997
2024-06-02 00:00:00,568.0,400.0,1483,1485,1429,203322.27085284347,204847.47011984343,202145.99220809565,203932.9121059109,1.0075013881194739,1.0088397493232304,0.9635873229939312
2024-06-02 00:00:00,568.0,410.0,1419,1412,1380,354640.5731520504,358899.95695016626,353924.82747766026,358403.78475086356,1.0120104244143822,1.012655109010362,0.9725158562367865
2024-06-02 00:00:00,568.0,420.0,1245,1236,1200,149133.44235506037,153296.37709420332,148110.66307453357,152715.57904239642,1.0279141597847097,1.0310910495724777,0.963855421686747
2024-06-02 00:00:00,568.0,430.0,1122,1110,1083,156441.589842661,157536.8136425733,155660.18678891513,157191.7181381367,1.0070008480546242,1.0098389407131987,0.9652406417112299
2024-06-02 00:00:00,568.0,440.0,1092,1091,1054,182133.7660545068,182156.15339259256,181585.04573265876,181721.12578367774,1.0001229170107813,1.0007494011991456,0.9652014652014652
2024-06-02 00:00:00,568.0,450.0,1081,1083,1046,140495.68419767157,143746.80607270176,139746.42013414478,143189.6247032325,1.0231403682867297,1.0246389464988264,0.967622571692877
2024-06-02 00:00:00,568.0,460.0,1072,1072,1049,111544.48547529461,115396.72243211191,111180.72920258579,115104.58325377197,1.0345354316746613,1.0352925734462166,0.9785447761194029
2024-06-02 00:00:00,568.0,470.0,1013,1010,987,104588.21004087284,108279.13603936706,104105.13399045757,107985.38382473834,1.035290077122955,1.0372724157353896,0.9743336623889437
2024-06-02 00:00:00,568.0,480.0,904,913,891,113161.21610882883,117191.45822142271,112903.33311978099,116914.02428611965,1.0356150477272879,1.0355232308516849,0.9856194690265486
2024-06-02 00:00:00,568.0,490.0,892,899,879,253862.65897602457,253091.19663475687,253626.40163667098,252866.72650462156,0.9969611035180225,0.9970047474271323,0.9854260089686099
2024-06-02 08:00:00,576.0,0.0,38,45,37,890.1724799546937,1125.722390007094,879.3176907447337,1030.645624128041,1.2646115391754065,1.1720969963144274,0.9736842105263158
2024-06-02 08:00:00,576.0,10.0,80,104,78,2395.7678164928657,3170.3272087854084,2372.4326651147244,2869.0104430868964,1.3233031961446124,1.2093116425490453,0.975
2024-06-02 08:00:00,576.0,20.0,152,196,144,4699.477018576888,6091.396886407378,4611.646349639352,5466.127350206109,1.2961861207807321,1.1852876252389954,0.9473684210526315
2024-06-02 08:00:00,576.0,30.0,274,334,268,24041.75218317743,27375.27120573171,23978.489669967952,26590.201353849363,1.138655410685367,1.1089189402597142,0.9781021897810219
2024-06-02 08:00:00,576.0,40.0,392,452,387,14262.356546307554,17688.714857567895,14184.956181223202,16917.425995305133,1.2402378807552252,1.192631530134646,0.9872448979591837
2024-06-02 08:00:00,576.0,50.0,472,542,458,46410.965209675516,52515.73959301891,46236.5337784964,51516.634962667136,1.1315373286412647,1.1141975998777485,0.9703389830508474
2024-06-02 08:00:00,576.0,60.0,594,658,581,217940.28645495657,228388.10422831157,217712.99713342625,227498.68716765277,1.0479389008030615,1.0449476612010873,0.9781144781144782
2024-06-02 08:00:00,576.0,70.0,697,758,666,117880.71098093808,127903.48303168961,117496.84815567745,126815.40611710135,1.0850246996929995,1.0793090036685689,0.9555236728837877
2024-06-02 08:00:00,576.0,80.0,755,824,728,114937.09536466727,124707.3807746881,114395.67215177848,123515.39531914482,1.0850055013050584,1.079720875762384,0.9642384105960264
2024-06-02 08:00:00,576.0,90.0,819,934,813,153299.72009362426,163676.8059558794,153229.04994799563,162211.45717557712,1.0676914860374016,1.058620785227279,0.9926739926739927
2024-06-02 08:00:00,576.0,100.0,931,1041,918,32832.533086447205,40435.05390680304,32688.48978346844,38923.11815685967,1.2315545011509954,1.1907285535272503,0.9860365198711063
2024-06-02 08:00:00,576.0,110.0,993,1122,970,40118.07491467189,51579.93425301126,39783.992490716206,49751.66678079263,1.285703124158322,1.250544846458093,0.9768378650553877
2024-06-02 08:00:00,576.0,120.0,1067,1233,1057,28884.54487896696,37754.41267067916,28767.206661630004,35607.54708175482,1.3070800605956934,1.2377825730729892,0.9906279287722587
2024-06-02 08:00:00,576.0,130.0,1138,1284,1130,48981.2765318696,59174.47475300278,48880.70073667493,57270.20020120042,1.2081039724332419,1.1716321439359174,0.9929701230228472
2024-06-02 08:00:00,576.0,140.0,1079,1206,1063,53402.22227010089,63057.81337322311,53178.72180365801,61346.355161373285,1.1808087883362908,1.1535883729562197,0.9851714550509731
2024-06-02 08:00:00,576.0,150.0,1122,1233,1108,97260.15193695755,107998.53906148195,97052.43668192966,106446.2282821544,1.1104089075604657,1.0967908887337992,0.9875222816399287
2024-06-02 08:00:00,576.0,160.0,1104,1228,1086,79740.4498260031,90769.38774248445,79504.54003016154,89055.90875032109,1.1383104552400563,1.1201361421188785,0.9836956521739131
2024-06-02 08:00:00,576.0,170.0,1081,1195,1063,72124.37455084427,82980.86997178746,71772.03067654237,81383.16708829658,1.1505246387029655,1.1339120033410937,0.9833487511563367
2024-06-02 08:00:00,576.0,180.0,1193,1283,1164,61196.386399009345,71385.86277497941,60516.375683768696,69750.20772620355,1.1665045434142662,1.1525840227228197,0.9756915339480302
2024-06-02 08:00:00,576.0,190.0,1262,1360,1245,64860.211044028154,76017.53552691118,64488.84205579893,74542.8121123687,1.1720210943394749,1.1559024745376973,0.9865293185419969
2024-06-02 08:00:00,576.0,200.0,1243,1336,1232,72873.13914429472,85524.59857388413,72626.31009403859,84207.94813160453,1.1736093652359134,1.159468903522287,0.9911504424778761
2024-06-02 08:00:00,576.0,210.0,1338,1407,1314,92649.85022852397,108690.8572515567,92016.81495104072,107486.69269691201,1.1731358116982062,1.1681201175470193,0.9820627802690582
2024-06-02 08:00:00,576.0,220.0,1404,1478,1383,79951.03399762133,94978.44990459348,79602.56384502203,93650.54860183538,1.1879577430783352,1.1764765364111052,0.9850427350427351
2024-06-02 08:00:00,576.0,230.0,1444,1534,1432,140173.17704344814,160477.06076159695,139802.79484416026,159132.07861107582,1.144848566226443,1.1382610683031202,0.9916897506925207
2024-06-02 08:00:00,576.0,240.0,1484,1576,1464,328787.6938225927,355413.08849344996,328123.18858266366,353993.8913817813,1.0809805086112008,1.0788444818876313,0.9865229110512129
2024-06-02 08:00:00,576.0,250.0,1588,1675,1566,156655.30964397802,181938.62414575552,156164.2639165496,180490.6095415593,1.1613945582772618,1.1557740869448154,0.9861460957178841
2024-06-02 08:00:00,576.0,260.0,1680,1789,1663,129371.48537531047,152803.26263229985,128965.77607604003,151120.47542144568,1.1811201068690917,1.171787430894402,0.9898809523809524
2024-06-02 08:00:00,576.0,270.0,1604,1712,1580,153889.28729506466,176143.93078472198,153394.80476661713,174338.23097495243,1.1446146374502773,1.1365328261292793,0.9850374064837906
2024-06-02 08:00:00,576.0,280.0,1575,1693,1562,108571.12662186637,129773.86934613995,108167.18845184997,128138.3110944373,1.1952889629497805,1.1846319843237616,0.9917460317460317
2024-06-02 08:00:00,576.0,290.0,1487,1616,1471,148593.1594424483,169957.45564449107,148365.91407608273,168140.1714639481,1.1437771178848741,1.1332803259495643,0.9892400806993947
2024-06-02 08:00:00,576.0,300.0,1454,1540,1429,107289.39393621527,127694.73155540368,106865.12943296641,126264.15505847888,1.1901896997509334,1.1815281161258588,0.982806052269601
2024-06-02 08:00:00,576.0,310.0,1491,1591,1474,138407.86023371032,161832.64770207694,138180.6101339818,160356.87011412985,1.1692446327023076,1.160487495015731,0.98859825620389
2024-06-02 08:00:00,576.0,320.0,1509,1608,1487,253554.34895352102,287162.3216520652,253127.74813182102,285635.2567779288,1.1325474117768133,1.1284233312468726,0.9854208084824387
2024-06-02 08:00:00,576.0,330.0,1509,1616,1490,760092.4387403058,817885.1083454778,759800.8533925437,815937.6450708178,1.0760337383449718,1.0738835596559557,0.9874088800530152
2024-06-02 08:00:00,576.0,340.0,1575,1647,1554,742405.8850524515,779409.4599291674,740910.3193501725,778193.4502292626,1.049842782259332,1.0503207067108875,0.9866666666666667
2024-06-02 08:00:00,576.0,350.0,1561,1658,1539,759545.980285404,796697.2411624079,757179.7377191179,795105.4338745344,1.0489124580226783,1.0500881022908268,0.985906470211403
2024-06-02 08:00:00,576.0,360.0,1708,1804,1685,951996.9406037189,1014294.6218664902,951659.3052862426,1012625.7296119867,1.065438951120226,1.064063288182115,0.9865339578454333
2024-06-02 08:00:00,576.0,370.0,1562,1672,1543,403697.11867062096,459679.963525982,403245.14738138847,457771.823991596,1.1386753639454084,1.1352196721133418,0.9878361075544174
2024-06-02 08:00:00,576.0,380.0,1295,1368,1280,165353.49258431367,194794.08595162357,164963.33973134065,193441.94646397216,1.178046395677419,1.172635973416953,0.9884169884169884
2024-06-02 08:00:00,576.0,390.0,1313,1394,1296,111597.41598677477,134328.78334002692,111218.72888280282,132742.94518029125,1.2036908037005625,1.193530500786155,0.9870525514089871
2024-06-02 08:00:00,576.0,400.0,1229,1308,1208,125506.87677728696,146056.9844846074,125022.98742853558,144526.1498971092,1.1637369061759604,1.1559966120608167,0.9829129373474369
2024-06-02 08:00:00,576.0,410.0,1201,1272,1180,239581.11239525874,268290.42362983606,239110.79772555002,266904.3718355934,1.1198312794675274,1.1162372187890264,0.9825145711906744
2024-06-02 08:00:00,576.0,420.0,1060,1120,1045,89656.78469961064,108351.82652713782,89169.72960554047,107223.57751310967,1.2085178705678965,1.2024661057898671,0.9858490566037735
2024-06-02 08:00:00,576.0,430.0,948,994,931,94392.79233490404,110085.35689705562,93998.9919392058,109128.32579949751,1.1662474874826738,1.1609520862742515,0.9820675105485233
2024-06-02 08:00:00,576.0,440.0,928,967,918,108932.66214562589,125794.8620054708,108602.9777955201,125097.19472513729,1.15479471012379,1.1518762861242426,0.9892241379310345
2024-06-02 08:00:00,576.0,450.0,936,977,920,83016.24056770197,98324.663500069,82524.23107948127,97515.03580356229,1.184402748518618,1.181653370506936,0.9829059829059829
2024-06-02 08:00:00,576.0,460.0,920,975,913,61553.636721489034,75624.23541286564,61454.20659338946,74810.62913978205,1.2285908589778647,1.2173394351141018,0.9923913043478261
2024-06-02 08:00:00,576.0,470.0,886,926,876,56938.34760425828,71192.5427913149,56756.309917471575,70548.45218685595,1.2503443775033365,1.243006324573238,0.9887133182844243
2024-06-02 08:00:00,576.0,480.0,805,849,802,65470.011106865466,79762.35273313404,65406.740266237095,79070.49821669691,1.2183036383320518,1.2089044324001121,0.9962732919254659
2024-06-02 08:00:00,576.0,490.0,775,807,768,169469.22015548873,186259.0243299179,168486.80769892267,185762.0888455641,1.0990728827277572,1.102531951210753,0.9909677419354839
2024-06-02 16:00:00,584.0,0.0,61,58,58,1805.88534229996,1844.2260887657144,1775.4038414923755,1844.2260887657144,1.02123099710025,1.0387642775490944,0.9508196721311475
2024-06-02 16:00:00,584.0,10.0,179,183,177,5281.472359617612,5511.687638464007,5259.919720631363,5440.5108293168,1.0435892234534128,1.034333434401497,0.9888268156424581
2024-06-02 16:00:00,584.0,20.0,293,290,284,9222.898826329983,9491.516300298383,9119.825464270934,9425.86619446124,1.0291250591626937,1.0335577398261941,0.9692832764505119
2024-06-02 16:00:00,584.0,30.0,449,446,443,33959.53279050409,35080.08460924466,33891.44819091183,35043.074222472,1.0329966794788739,1.0339798413178751,0.9866369710467706
2024-06-02 16:00:00,584.0,40.0,589,588,582,23959.804100034795,25066.203802619006,23880.43569505125,25001.745619379195,1.0461773267412735,1.046955170276073,0.9881154499151104
2024-06-02 16:00:00,584.0,50.0,721,707,704,56806.77379491173,58252.46292517889,56571.33616210527,58214.22139183791,1.0254492384215745,1.0290409479639115,0.9764216366158114
2024-06-02 16:00:00,584.0,60.0,836,829,825,237525.90446923234,236207.38198465906,237390.37778630035,236159.0390689753,0.9944489318437936,0.9948130217879618,0.9868421052631579
2024-06-02 16:00:00,584.0,70.0,961,937,929,144940.10900344455,146189.173881308,144520.4716528378,146103.48880195402,1.0086178000448016,1.010953584160166,0.9667013527575442
2024-06-02 16:00:00,584.0,80.0,1055,1028,1016,139110.4644709528,139736.826105865,138074.3222344895,139584.3265241214,1.0045026205418428,1.010936170210327,0.9630331753554502
2024-06-02 16:00:00,584.0,90.0,1139,1133,1119,170133.81589733815,171523.2931659118,169834.96535486408,171356.7584237626,1.00816696705029,1.008960422641585,0.9824407374890255
2024-06-02 16:00:00,584.0,100.0,1253,1250,1236,55795.52480103751,57338.65267882593,55559.69618011678,57171.682521570874,1.0276568395635868,1.0290135917271446,0.9864325618515563
2024-06-02 16:00:00,584.0,110.0,1392,1368,1350,66854.94496872704,70447.14622525303,66339.17601695113,70241.84523440845,1.053731272356986,1.0588290276089667,0.9698275862068966
2024-06-02 16:00:00,584.0,120.0,1462,1466,1431,53831.71799375142,56476.11260418136,53420.601122944594,56058.23887013851,1.0491233553188268,1.0493749170123252,0.978796169630643
2024-06-02 16:00:00,584.0,130.0,1484,1488,1460,77074.08077514637,80035.16811056223,76776.48675847132,79715.13164941056,1.0384187174940749,1.0382753238004212,0.9838274932614556
2024-06-02 16:00:00,584.0,140.0,1418,1421,1391,82731.73982206339,85123.89053788473,82342.11474691636,84773.97125485956,1.0289145462305795,1.029533568762688,0.9809590973201693
2024-06-02 16:00:00,584.0,150.0,1412,1420,1382,128012.48689690318,131540.67679236887,127537.09325599995,131068.49087665355,1.027561294847019,1.0276891806963577,0.9787535410764873
2024-06-02 16:00:00,584.0,160.0,1435,1450,1414,108848.63421556177,112127.70055331112,108499.5609111854,111688.91556555143,1.030125011318521,1.0293950927320041,0.9853658536585366
2024-06-02 16:00:00,584.0,170.0,1400,1407,1360,102108.16434284614,104759.40944392848,101336.76365285649,104189.56576076325,1.025965064773668,1.0281516993939084,0.9714285714285714
2024-06-02 16:00:00,584.0,180.0,1459,1482,1424,91930.71308898466,94619.1678308193,91109.00914165689,93914.71326601747,1.02924435862074,1.0307950240134678,0.976010966415353
2024-06-02 16:00:00,584.0,190.0,1519,1545,1487,96731.46870051365,99957.47368503246,96260.65859651688,99267.06551162829,1.0333501085826238,1.031231937937522,0.9789335088874259
2024-06-02 16:00:00,584.0,200.0,1531,1562,1497,104311.53281851338,108550.38164365318,103850.42873909349,107756.00762753648,1.0406364350192683,1.0376077300388917,0.9777922926192031
2024-06-02 16:00:00,584.0,210.0,1589,1604,1557,131627.75562316546,137002.72791737353,131206.77212231184,136371.66366667123,1.0408346421221066,1.0393645195352008,0.9798615481434865
2024-06-02 16:00:00,584.0,220.0,1667,1678,1625,116451.35704634074,121726.33781013198,115757.29580490466,120958.54078856416,1.0452977182712617,1.0449323297291395,0.9748050389922016
2024-06-02 16:00:00,584.0,230.0,1694,1700,1654,180990.35592809482,186956.04899996432,180063.4620544118,186422.809545056,1.0329613864853637,1.0353172565832514,0.9763872491145218
2024-06-02 16:00:00,584.0,240.0,1739,1744,1697,379225.96516774927,385126.87854191003,377854.7348244657,384523.9721689849,1.0155604149403392,1.0176502680259316,0.975848188614146
2024-06-02 16:00:00,584.0,250.0,1830,1848,1791,201495.48289874627,211349.6463120106,200768.06002685855,210651.30563613048,1.0489051331151484,1.0492271808969502,0.978688524590164
2024-06-02 16:00:00,584.0,260.0,1917,1929,1880,173081.2675999192,181228.83501024183,172539.73487768538,180557.73073631283,1.0470736522981556,1.0464704310825068,0.980699008868023
2024-06-02 16:00:00,584.0,270.0,1917,1920,1865,200847.5787887454,207809.96887780793,199889.4618157558,207028.96715063934,1.0346650436666986,1.0357172672837762,0.9728742827334377
2024-06-02 16:00:00,584.0,280.0,1910,1930,1853,150734.21393783164,157610.74731246085,149801.40014056748,156692.8922634341,1.0456202556472372,1.0460041903239885,0.9701570680628272
2024-06-02 16:00:00,584.0,290.0,1881,1862,1794,196777.51954693557,202993.80950907076,195597.60767441496,202144.41975253803,1.0315904478135902,1.033470818769014,0.9537480063795853
2024-06-02 16:00:00,584.0,300.0,1825,1815,1753,149960.54045743262,155992.5425230394,148841.1710034521,155219.33936291956,1.0402239285561856,1.0428521780396336,0.9605479452054795
2024-06-02 16:00:00,584.0,310.0,1914,1880,1820,187773.86886820826,193792.31008867096,186545.03497825464,193052.78027661145,1.0320515376113746,1.0348856526742478,0.9508881922675027
2024-06-02 16:00:00,584.0,320.0,1863,1857,1813,315551.6153948015,324474.19494033774,314841.97949620825,323939.43168735446,1.0282761333177546,1.0288952960011986,0.9731615673644659
2024-06-02 16:00:00,584.0,330.0,1880,1872,1811,854186.8720861673,857569.9833205391,853206.1641542856,856694.9309746014,1.0039606219024524,1.0040890079876228,0.9632978723404255
2024-06-02 16:00:00,584.0,340.0,1908,1889,1836,796083.4778809487,783133.7498193649,794899.5342289692,782464.0956747904,0.9837332033368485,0.984355961956575,0.9622641509433962
2024-06-02 16:00:00,584.0,350.0,1873,1862,1804,852269.061195909,834747.755468691,850922.9365431039,833975.4859592014,0.9794415795140656,0.9800834483875215,0.9631607047517352
2024-06-02 16:00:00,584.0,360.0,2020,2024,1964,1024771.7109006834,1010994.9599134184,1023822.4985590111,1010228.1649607345,0.9865562731282302,0.9867219819671769,0.9722772277227723
2024-06-02 16:00:00,584.0,370.0,1891,1897,1828,473125.71552266687,486113.8782305063,471643.52756876673,485244.18874553277,1.0274518215385762,1.028836738726968,0.9666842940243258
2024-06-02 16:00:00,584.0,380.0,1500,1529,1451,212578.20805700577,221174.18077003479,211287.03488374632,220113.03219974018,1.0404367540379487,1.0417725456786786,0.9673333333333334
2024-06-02 16:00:00,584.0,390.0,1564,1592,1520,157431.07202093574,164145.08422365418,156747.62557966408,163137.9879710916,1.0426473129893037,1.0407684796997436,0.9718670076726342
2024-06-02 16:00:00,584.0,400.0,1472,1465,1414,173498.4297926731,178491.83676375018,172279.74129228652,177576.58902184467,1.0287807041080665,1.0307456215677246,0.9605978260869565
2024-06-02 16:00:00,584.0,410.0,1400,1391,1356,291087.2010318201,295621.15947837324,290379.530030982,295135.1234970725,1.015575945732006,1.016377164966081,0.9685714285714285
2024-06-02 16:00:00,584.0,420.0,1233,1228,1201,127074.08167606712,132685.5527397076,126327.43152813741,132328.56583454684,1.0441590526535935,1.0475046016040686,0.9740470397404704
2024-06-02 16:00:00,584.0,430.0,1110,1117,1077,135565.73337608378,137627.4856358384,134928.89129302723,137122.24999878756,1.0152085059285223,1.0162556638888922,0.9702702702702702
2024-06-02 16:00:00,584.0,440.0,1084,1076,1042,155418.20961789016,156015.4566277194,154817.7973581304,155513.3168944097,1.0038428380515876,1.0044925037569836,0.9612546125461254
2024-06-02 16:00:00,584.0,450.0,1084,1076,1041,121773.28458683951,125078.93251233641,120950.3934056939,124506.92763635167,1.0271459206895217,1.0294049000628578,0.9603321033210332
2024-06-02 16:00:00,584.0,460.0,1066,1069,1046,97817.51346625487,102536.06116990323,97537.30403196035,102243.8626716522,1.048238270800823,1.0482539340860768,0.9812382739212008
2024-06-02 16:00:00,584.0,470.0,1003,1007,981,91738.6300573983,96986.6259185126,91387.9270224346,96651.62561250893,1.0572059541093077,1.0575973081081285,0.9780658025922233
2024-06-02 16:00:00,584.0,480.0,909,910,891,98061.42564616489,102734.22835962144,97683.09359404517,102483.07780588692,1.047651792564361,1.0491383312632345,0.9801980198019802
2024-06-02 16:00:00,584.0,490.0,887,897,874,211016.2125942208,215240.43315973668,210627.00482365215,214935.00179719238,1.020018464522624,1.0204532034111538,0.9853438556933484
2024-06-03 00:00:00,592.0,0.0,61,57,56,2094.247095943556,1907.395523327041,2030.3393369495395,1896.8868047145736,0.9107786406969663,0.9342708236961659,0.9180327868852459
2024-06-03 00:00:00,592.0,10.0,179,166,164,6261.357686661951,5804.555869886999,6079.168969853072,5783.751096188091,0.9270442866172557,0.9514048918314372,0.9162011173184358
2024-06-03 00:00:00,592.0,20.0,295,284,280,10912.077214503359,10499.628492512347,10737.083860997245,10456.653341093144,0.962202547335092,0.973882059269112,0.9491525423728814
2024-06-03 00:00:00,592.0,30.0,450,433,431,42523.187391887564,41562.25901757633,42272.73036754494,41541.121748384314,0.9774022496137118,0.9826931307062597,0.9577777777777777
2024-06-03 00:00:00,592.0,40.0,588,567,566,28756.20973087105,27652.862169690787,28490.869957788127,27640.955025766725,0.9616309808731235,0.9701688669640264,0.9625850340136054
2024-06-03 00:00:00,592.0,50.0,720,697,696,68666.87872186396,67236.03376915173,68332.73075245776,67224.22921843194,0.9791625164949191,0.9837778832805397,0.9666666666666667
2024-06-03 00:00:00,592.0,60.0,837,826,824,311575.4448790933,308542.1841193318,311318.2678796778,308520.70394027943,0.9902647631268293,0.991013813746132,0.984468339307049
2024-06-03 00:00:00,592.0,70.0,958,916,912,181107.31042557047,178618.9830326939,180543.719497579,178573.29691098322,0.986260480667349,0.9890861748496202,0.9519832985386222
2024-06-03 00:00:00,592.0,80.0,1053,1009,1004,179305.3690012237,175152.68729415987,177783.1439918287,175095.9352720191,0.9768401708761131,0.9848849071994524,0.9534662867996201
2024-06-03 00:00:00,592.0,90.0,1142,1120,1110,219848.45355466555,217649.98146388936,219415.63306089706,217524.37502368918,0.9900000566061314,0.9913804772667089,0.9719789842381786
2024-06-03 00:00:00,592.0,100.0,1251,1229,1219,65476.09434907476,63266.868426960355,65029.43133326125,63144.53616096701,0.9662590454718284,0.9710147369637206,0.9744204636290967
2024-06-03 00:00:00,592.0,110.0,1387,1362,1344,80985.3531449165,79975.63059117759,80483.85177202377,79749.85226231269,0.9875320349355999,0.9908801642372909,0.9689978370583994
2024-06-03 00:00:00,592.0,120.0,1457,1437,1417,62623.699472042186,61058.31914076752,62068.22915788616,60815.244414247034,0.97500338778335,0.9798127840823064,0.9725463280713795
2024-06-03 00:00:00,592.0,130.0,1478,1479,1455,93283.99695754153,91040.19352348849,92939.27115218763,90752.43032043445,0.9759465341619709,0.9764702175448283,0.9844384303112313
2024-06-03 00:00:00,592.0,140.0,1440,1405,1393,100675.0963920413,97983.63875744672,100025.71875719326,97844.09357808628,0.9732659045677621,0.9781893576350823,0.9673611111111111
2024-06-03 00:00:00,592.0,150.0,1431,1415,1396,160254.92048729758,158018.761901348,159717.09977881884,157799.0848285308,0.986046240707306,0.9879911734376333,0.9755415793151643
2024-06-03 00:00:00,592.0,160.0,1451,1428,1398,135309.567740709,133096.18392444443,134396.26369413926,132721.2144894738,0.9836420745907191,0.9875364897905379,0.9634734665747761
2024-06-03 00:00:00,592.0,170.0,1418,1395,1360,125845.61840865226,122981.45596356214,124933.89190570224,122543.10349669188,0.9772406661327734,0.9808635721457002,0.9590973201692524
2024-06-03 00:00:00,592.0,180.0,1482,1461,1430,111705.9052651208,108262.6630923796,110575.1225495874,107887.5287846063,0.9691758267875895,0.9756944084436728,0.9649122807017544
2024-06-03 00:00:00,592.0,190.0,1539,1528,1490,118949.99672742054,116828.91444081535,118155.06585826263,116339.0822867612,0.9821682862970922,0.984630506036196,0.96816114359974
2024-06-03 00:00:00,592.0,200.0,1543,1529,1476,126853.06927866102,125217.73972264657,125598.24325746702,124578.01029833785,0.987108474668263,0.9918770125069523,0.9565780946208684
2024-06-03 00:00:00,592.0,210.0,1604,1576,1549,162498.33969903702,161730.2901120857,160985.85897914635,161386.2575134933,0.9952734927115328,1.0024871658721206,0.96571072319202
2024-06-03 00:00:00,592.0,220.0,1683,1658,1620,143172.95077166072,142774.10371090862,142098.29775586608,142263.19020410447,0.9972142289545446,1.0011604111438526,0.9625668449197861
2024-06-03 00:00:00,592.0,230.0,1709,1679,1648,223823.17104517116,221679.31649903022,222631.14769676508,221144.01531453204,0.9904216594907045,0.9933201962186414,0.9643066120538326
2024-06-03 00:00:00,592.0,240.0,1752,1720,1685,490172.1120817363,487847.71806142095,488378.6267339775,487425.0222267939,0.9952580043559724,0.9980474073700546,0.96175799086758
2024-06-03 00:00:00,592.0,250.0,1837,1832,1790,249347.437682639,253636.32249431367,248656.1240647487,253072.15508547646,1.017200436673961,1.0177595908298556,0.9744148067501361
2024-06-03 00:00:00,592.0,260.0,1937,1916,1876,215867.59970949756,218154.04740979007,214465.4138915904,217637.11412944255,1.010591898475591,1.0147888658609328,0.9685080020650491
2024-06-03 00:00:00,592.0,270.0,1920,1910,1869,250745.54650590205,249985.70607120398,249663.18189588725,249452.971981716,0.9969696752533143,0.9991580259749356,0.9734375
2024-06-03 00:00:00,592.0,280.0,1946,1935,1872,184068.5171548807,183864.6060584746,182327.45731984597,183043.4138465752,0.9988922000374756,1.0039267619767946,0.9619732785200411
2024-06-03 00:00:00,592.0,290.0,1906,1849,1805,245625.73042633425,244055.18548077077,244257.31958045214,243470.55523712278,0.9936059429000477,0.9967789528490661,0.94700944386149
2024-06-03 00:00:00,592.0,300.0,1845,1794,1751,185230.0465024254,184926.18264147406,183718.6894052187,184400.42295200715,0.9983595325559271,1.0037107468434243,0.9490514905149051
2024-06-03 00:00:00,592.0,310.0,1923,1874,1831,231906.91472926814,230392.03031067637,230577.8006014782,229897.05462937625,0.9934677048316551,0.9970476517239466,0.9521580863234529
2024-06-03 00:00:00,592.0,320.0,1883,1834,1803,390883.9422957177,389227.527044954,389541.969461762,388864.2000522746,0.9957623860396123,0.9982600862997539,0.9575146043547531
2024-06-03 00:00:00,592.0,330.0,1881,1851,1798,1069992.23315433,1057868.4308113817,1068808.133493844,1057185.768661214,0.9886692613579003,0.9891258641580155,0.9558745348219032
2024-06-03 00:00:00,592.0,340.0,1923,1884,1843,1009697.5430066194,991733.6380423456,1008447.5496903057,991187.1112230954,0.9822086276343885,0.9828841485385026,0.9583983359334374
2024-06-03 00:00:00,592.0,350.0,1906,1854,1805,1120414.7399181034,1105776.4280479865,1118794.461012865,1105100.1834637374,0.9869349167334348,0.9877597914305637,0.94700944386149
2024-06-03 00:00:00,592.0,360.0,2035,2004,1950,1280359.4708697563,1260419.5319008331,1278791.4766979427,1259666.708875531,0.9844262963467768,0.9850446549176297,0.9582309582309583
2024-06-03 00:00:00,592.0,370.0,1926,1891,1842,580553.605904988,582267.7651137413,577991.8689670124,581470.5330631542,1.0029526286484451,1.0060185346592485,0.956386292834891
2024-06-03 00:00:00,592.0,380.0,1531,1531,1482,262230.0929209828,262307.65594862436,260947.80177902934,261648.36660225387,1.0002957823290897,1.0026846933311888,0.9679947746570868
2024-06-03 00:00:00,592.0,390.0,1607,1590,1538,191459.46382269225,192002.5122976792,190242.36346578374,191277.26379553464,1.0028363626646832,1.0054399047136366,0.9570628500311139
2024-06-03 00:00:00,592.0,400.0,1498,1483,1437,210055.96569215637,208733.6799435201,208593.09579811228,208003.84758959006,0.9937050788142141,0.9971751308150077,0.959279038718291
2024-06-03 00:00:00,592.0,410.0,1427,1400,1374,366548.855573556,366479.0744037135,365690.5401480859,366127.384909621,0.9998096265510548,1.0011945749577174,0.9628591450595655
2024-06-03 00:00:00,592.0,420.0,1244,1225,1199,153187.77205154227,154304.2442116489,151974.19857106468,153917.23272576462,1.0072882590115024,1.0127852896937066,0.9638263665594855
2024-06-03 00:00:00,592.0,430.0,1133,1111,1072,162188.93567803665,159677.76079299438,161156.53930672724,159200.75591961778,0.9845169778410332,0.9878640767819725,0.9461606354810238
2024-06-03 00:00:00,592.0,440.0,1096,1085,1065,187771.42056934384,184102.0806766754,187266.8626531525,183838.24468252982,0.9804584750887936,0.9816912724331106,0.9717153284671532
2024-06-03 00:00:00,592.0,450.0,1088,1081,1053,145573.96778477385,145424.33221398864,144885.860939315,144991.50902824823,0.9989720993865714,1.0007291814967196,0.9678308823529411
2024-06-03 00:00:00,592.0,460.0,1072,1068,1043,114679.33519891882,115609.51373330696,114208.08868118963,115296.97219105858,1.0081111259737832,1.0095342065736566,0.9729477611940298
2024-06-03 00:00:00,592.0,470.0,1018,1009,987,108527.35133622901,108868.62570119678,108002.35073012438,108600.89355141278,1.0031445931441787,1.0055419425340475,0.9695481335952849
2024-06-03 00:00:00,592.0,480.0,910,907,891,116003.48478478735,116567.36941252867,115709.50124353313,116358.43488575213,1.0048609283487255,1.0056083004009602,0.9791208791208791
2024-06-03 00:00:00,592.0,490.0,898,893,881,261560.9004119497,260872.2882150856,261266.71952898533,260736.0470338637,0.9973672968865777,0.9979688477121069,0.9810690423162584
2024-06-03 08:00:00,600.0,0.0,41,45,41,905.261388566904,1106.9486025006804,905.261388566904,1061.9152141631287,1.2227944508414992,1.1730481688214045,1.0
2024-06-03 08:00:00,600.0,10.0,85,100,82,2484.9659605259963,3090.6244982495714,2452.6254478469405,2881.2244514262206,1.2437291083035096,1.1747511035390787,0.9647058823529412
2024-06-03 08:00:00,600.0,20.0,162,202,158,4914.768173089578,6262.372611762157,4872.786397072588,5749.03682982964,1.27419491443183,1.1798253322336218,0.9753086419753086
2024-06-03 08:00:00,600.0,30.0,272,351,269,24492.322610017793,28285.295419661146,24459.836957214815,27312.176258170184,1.1548637452657087,1.1166131771828522,0.9889705882352942
2024-06-03 08:00:00,600.0,40.0,391,478,387,14460.541812041956,18430.714043073654,14418.14157064749,17349.886843939632,1.274552107565261,1.2033372511240006,0.989769820971867
2024-06-03 08:00:00,600.0,50.0,463,559,453,46895.30252757394,53384.43966521365,46739.60252434775,52150.565122234926,1.1383749925448112,1.115768263007125,0.978401727861771
2024-06-03 08:00:00,600.0,60.0,590,672,581,221290.74080844433,233598.88052227482,221159.3877005086,232520.71811357417,1.055619768223763,1.0513716850602377,0.9847457627118644
2024-06-03 08:00:00,600.0,70.0,696,758,673,119724.94168769429,130779.85630924304,119452.8494363476,129760.72534530493,1.0923359365702243,1.0862924238107023,0.9669540229885057
2024-06-03 08:00:00,600.0,80.0,758,834,734,116948.28365517092,127708.95546783472,116434.39096018433,126527.86056641232,1.092012225201973,1.0866880439962066,0.9683377308707124
2024-06-03 08:00:00,600.0,90.0,815,944,807,156307.89560184022,167912.00848663133,156127.13326579088,166270.635803156,1.0742388146172093,1.0649695048207721,0.9901840490797545
2024-06-03 08:00:00,600.0,100.0,929,1037,920,33226.582439006146,41122.98874040457,33130.57502011726,39718.55224100143,1.2376532800474986,1.1988488644366684,0.9903121636167922
2024-06-03 08:00:00,600.0,110.0,998,1118,979,40915.13015425074,50442.18359602496,40660.27368255006,48763.84883408452,1.2328491539891737,1.1992995722262496,0.9809619238476954
2024-06-03 08:00:00,600.0,120.0,1051,1229,1034,28933.35504643601,37697.350755181105,28720.79156644077,35315.16928761873,1.3029028501768805,1.2296029239278787,0.9838249286393911
2024-06-03 08:00:00,600.0,130.0,1135,1284,1129,49504.347183021775,59696.734347938196,49384.59413455195,57795.46785420425,1.2058887298772833,1.1703137155837762,0.9947136563876652
2024-06-03 08:00:00,600.0,140.0,1092,1209,1074,54439.85510349975,64416.80359594289,54136.83275297427,62829.227360238736,1.1832655225381332,1.1605634124723876,0.9835164835164835
2024-06-03 08:00:00,600.0,150.0,1120,1261,1110,98792.23029733956,111472.03501005062,98629.07107462338,109539.0214744695,1.1283481977737324,1.1106159703318261,0.9910714285714286
2024-06-03 08:00:00,600.0,160.0,1093,1239,1078,80626.52783319146,92839.30700923028,80418.36020048888,90779.49296929574,1.1514734604633587,1.128840388475664,0.9862763037511436
2024-06-03 08:00:00,600.0,170.0,1085,1209,1069,72982.77653067859,84671.34524794642,72574.52739181911,82976.73598656834,1.1601551663679786,1.1433313997153471,0.9852534562211982
2024-06-03 08:00:00,600.0,180.0,1198,1305,1181,61278.54204617918,72310.34775095189,60919.94192383595,70743.58757041892,1.1800272221956456,1.161255006757308,0.9858096828046744
2024-06-03 08:00:00,600.0,190.0,1266,1365,1254,65519.61401132145,77568.82733743868,65354.865432358594,76126.79836965125,1.183902385689195,1.1648222036114735,0.990521327014218
2024-06-03 08:00:00,600.0,200.0,1241,1343,1229,73480.53164759206,87387.81461582164,73288.18399633106,85958.74393077826,1.1892648658957454,1.1728868044415115,0.9903303787268332
2024-06-03 08:00:00,600.0,210.0,1338,1442,1328,94388.8440497909,111990.1398476829,94261.69448059899,110559.84022861,1.1864764419469653,1.1729031696047594,0.992526158445441
2024-06-03 08:00:00,600.0,220.0,1398,1511,1382,80853.8826674069,96988.70561200898,80633.18422450384,95290.39551512696,1.1995553263777425,1.181776416640246,0.9885550786838341
2024-06-03 08:00:00,600.0,230.0,1454,1530,1442,141409.0281157645,162404.64306553837,141204.63126980257,161045.77434733554,1.1484743600145941,1.140513401714297,0.9917469050894085
2024-06-03 08:00:00,600.0,240.0,1482,1568,1465,332732.99885551725,361837.64206824376,332189.7646447069,360475.01558844384,1.0874714660488622,1.0851478701458168,0.9885290148448043
2024-06-03 08:00:00,600.0,250.0,1587,1683,1570,158029.49600526434,183747.9943819018,157760.74419331254,182302.0918426609,1.1627449243765273,1.155560546920827,0.9892879647132955
2024-06-03 08:00:00,600.0,260.0,1679,1769,1664,129996.45493767192,153289.13513497383,129657.43703069375,151895.44027232897,1.1791793492250986,1.1715135186296397,0.9910661107802263
2024-06-03 08:00:00,600.0,270.0,1601,1704,1581,154042.92712246848,177027.1144290769,153771.8366642141,175449.17706589086,1.1492063786111735,1.1409708102076765,0.9875078076202374
2024-06-03 08:00:00,600.0,280.0,1578,1672,1560,108744.67986019926,128786.79176587584,107978.96178688551,127138.13411617419,1.1843042982097374,1.177434307685811,0.9885931558935361
2024-06-03 08:00:00,600.0,290.0,1493,1586,1471,150212.45441916597,171580.62294093284,149935.6870746654,170144.0733690875,1.142252974990604,1.1347803627588586,0.985264567983925
2024-06-03 08:00:00,600.0,300.0,1438,1535,1417,108678.1631066887,130235.65306232119,108259.99533347844,128613.47828109792,1.1983608237330035,1.188005577544352,0.9853963838664812
2024-06-03 08:00:00,600.0,310.0,1495,1601,1475,141181.3821443101,165360.32561820184,140909.84603358927,163738.563468519,1.17126155805145,1.1620093845641413,0.9866220735785953
2024-06-03 08:00:00,600.0,320.0,1511,1593,1491,260085.4603758285,293219.78973438643,259623.98644187083,291938.59666207095,1.1273978534235563,1.1244669672593417,0.986763732627399
2024-06-03 08:00:00,600.0,330.0,1518,1592,1490,784527.1138193784,841392.3276624164,783286.8323991502,840095.8178089791,1.0724834270751922,1.072526414411726,0.9815546772068511
2024-06-03 08:00:00,600.0,340.0,1566,1640,1544,757589.5013364675,797131.9361468807,756703.00383117,795920.8550200281,1.0521950670391502,1.0518272703957814,0.9859514687100894
2024-06-03 08:00:00,600.0,350.0,1564,1642,1540,773445.926295154,813141.136259362,772716.9633197768,811650.2271834725,1.0513225406129554,1.0503848960380384,0.9846547314578005
2024-06-03 08:00:00,600.0,360.0,1713,1796,1682,976146.9578224411,1035295.5987275832,975505.5871455255,1033784.4654732195,1.0605939919508525,1.0597422291534246,0.981903093987157
2024-06-03 08:00:00,600.0,370.0,1563,1651,1537,415399.0296501339,467475.119481407,414709.7679505381,465854.9869004694,1.1253640141507641,1.1233277412362068,0.9833653230966091
2024-06-03 08:00:00,600.0,380.0,1299,1348,1270,169252.05623743992,195098.07235549157,168432.3911144567,193966.7824855177,1.1527072503142464,1.1516002426974354,0.9776751347190146
2024-06-03 08:00:00,600.0,390.0,1320,1403,1296,113833.31289294809,135287.57267143193,113249.74789233408,133629.12035981685,1.1884708371674995,1.179950709354844,0.9818181818181818
2024-06-03 08:00:00,600.0,400.0,1233,1304,1216,127726.80249779239,147739.6499692736,127255.86627914521,146364.34126688854,1.1566847919161454,1.1501579105660047,0.986212489862125
2024-06-03 08:00:00,600.0,410.0,1198,1266,1181,243772.71927354592,272556.7835983769,243511.70668513371,271305.7381508213,1.118077463346222,1.1141383789881851,0.9858096828046744
2024-06-03 08:00:00,600.0,420.0,1070,1125,1058,90970.8593505084,109371.11935700022,90652.56248383716,108404.07491017698,1.2022654302472409,1.1958192017959206,0.9887850467289719
2024-06-03 08:00:00,600.0,430.0,949,999,935,96341.40817643258,111887.15033216999,96036.49526693081,110991.67565207236,1.1613609604633148,1.1557239291539538,0.9852476290832455
2024-06-03 08:00:00,600.0,440.0,937,976,929,111362.76917419085,127623.29378632728,111111.785901795,126968.51797050325,1.1460140110803292,1.1427097219256566,0.991462113127001
2024-06-03 08:00:00,600.0,450.0,938,981,926,84357.51811203992,100041.2112160069,84132.41651043558,99208.60318324415,1.1859193282943268,1.1791959306308355,0.9872068230277186
2024-06-03 08:00:00,600.0,460.0,918,974,917,62290.573966762124,76515.41759744365,62276.82714263005,75762.44254408413,1.228362699599972,1.2165430709976366,0.9989106753812637
2024-06-03 08:00:00,600.0,470.0,886,923,884,57819.7311754627,70731.3835559008,57759.093127599175,70168.82986896095,1.2233087584107878,1.2148533861836552,0.9977426636568849
2024-06-03 08:00:00,600.0,480.0,804,840,796,66296.55112733519,79280.04966359003,66090.56607819811,78639.6612745353,1.195839727941768,1.1898772539107798,0.9900497512437811
2024-06-03 08:00:00,600.0,490.0,771,804,763,172499.30896120053,187651.12118400203,172357.06352576308,187145.24532436783,1.087836944472685,1.0857996852353793,0.9896238651102465
2024-06-03 16:00:00,608.0,0.0,61,57,57,1851.1979848185558,1479.2927655074802,1802.2779218556157,1479.2927655074802,0.7991002462399894,0.8207905937084378,0.9344262295081968
2024-06-03 16:00:00,608.0,10.0,182,146,146,5441.318042988543,4264.381803269143,4997.390188163308,4264.381803269143,0.7837038323396753,0.853321762501085,0.8021978021978022
2024-06-03 16:00:00,608.0,20.0,296,253,253,9431.989213386996,7727.382861876184,8879.323914344393,7727.382861876184,0.8192739290783504,0.8702670311860942,0.8547297297297297
2024-06-03 16:00:00,608.0,30.0,453,413,412,34415.59324575534,31235.449211576863,33874.442432394295,31223.957433311807,0.9075958385645232,0.921755612527874,0.9094922737306843
2024-06-03 16:00:00,608.0,40.0,589,539,539,24319.597460074998,21373.287989060744,23652.075157958905,21373.287989060744,0.878850401374811,0.9036538166871437,0.9151103565365025
2024-06-03 16:00:00,608.0,50.0,719,671,667,57428.41903902228,53190.102676470735,56712.14425591356,53130.97805601825,0.9261982754623346,0.936853627263055,0.9276773296244785
2024-06-03 16:00:00,608.0,60.0,838,808,806,240266.85149814235,221919.70882224495,239832.3309778381,221899.11820892632,0.9236384771286719,0.9252260414774148,0.9618138424821002
2024-06-03 16:00:00,608.0,70.0,963,893,890,146779.9847076926,135987.15982235118,145760.55254444585,135951.89813581159,0.9264693690571302,0.9327070717185751,0.9241952232606438
2024-06-03 16:00:00,608.0,80.0,1056,985,985,141207.12493129104,130822.62158368545,139911.89995339845,130822.62158368545,0.9264590695925683,0.9350357019471508,0.9327651515151515
2024-06-03 16:00:00,608.0,90.0,1140,1083,1078,172472.15439568617,160662.83626329264,171607.4309969498,160608.76438810283,0.9315291319125025,0.9359079816943214,0.9456140350877194
2024-06-03 16:00:00,608.0,100.0,1247,1219,1207,56545.24541076069,51487.82768498639,56016.63058477105,51338.15020604554,0.9105598058857861,0.9164805107003808,0.9679230152365678
2024-06-03 16:00:00,608.0,110.0,1392,1325,1319,68119.87291734855,61288.76175479306,67194.46202931002,61213.30947141853,0.8997192615017964,0.9109874180511702,0.9475574712643678
2024-06-03 16:00:00,608.0,120.0,1464,1414,1401,54919.22981566211,49262.663666023844,54128.8789014923,49107.07546289801,0.8970020852691364,0.9072250609931652,0.9569672131147541
2024-06-03 16:00:00,608.0,130.0,1486,1445,1430,78332.13879972268,72553.42310613667,77568.46461843787,72377.96807785903,0.9262280363828587,0.9330849647970849,0.9623149394347241
2024-06-03 16:00:00,608.0,140.0,1428,1376,1363,84276.91116565248,78707.44670972959,83449.5231649542,78558.891571457,0.9339147059510083,0.9413941337468171,0.9544817927170869
2024-06-03 16:00:00,608.0,150.0,1428,1392,1372,130221.94085346613,122968.09307222549,129456.67398584352,122741.41389634066,0.9442962704003688,0.9481273550235255,0.9607843137254902
2024-06-03 16:00:00,608.0,160.0,1449,1403,1381,110497.96179476407,103766.61486724476,109453.99574744087,103506.60667332308,0.9390817095792053,0.9456631159648017,0.9530710835058661
2024-06-03 16:00:00,608.0,170.0,1415,1375,1342,104177.11200939302,98235.01325334732,103174.91595536127,97813.35875141196,0.9429615714869315,0.9480342954069476,0.9484098939929329
2024-06-03 16:00:00,608.0,180.0,1478,1459,1416,93326.98318514197,87801.47794471905,92512.96578132584,87283.08186475022,0.9407941299306608,0.9434686384507706,0.9580514208389715
2024-06-03 16:00:00,608.0,190.0,1530,1501,1469,98594.40630170012,93035.19441964815,97778.05846592985,92609.79090918257,0.9436153419795368,0.9471428699052341,0.9601307189542484
2024-06-03 16:00:00,608.0,200.0,1542,1550,1505,105656.4864796302,102466.66296024423,105157.33794837743,101912.88271677314,0.9698094870871847,0.9691466587600664,0.9760051880674449
2024-06-03 16:00:00,608.0,210.0,1603,1573,1543,134872.00655592215,130649.31735911772,133998.36810664742,130267.81084806618,0.9686911368442229,0.9721596814103576,0.9625701809107923
2024-06-03 16:00:00,608.0,220.0,1673,1653,1611,118378.2259510878,115983.52471409987,117352.94842595735,115471.01989869258,0.9797707625895881,0.9839635172996769,0.962940824865511
2024-06-03 16:00:00,608.0,230.0,1700,1688,1646,183812.79587915592,179165.46990305572,182687.70962718347,178671.05708180327,0.9747170704092032,0.978013559020598,0.9682352941176471
2024-06-03 16:00:00,608.0,240.0,1750,1730,1692,384869.0396304799,369024.9936939134,383957.0769001521,368557.59518145677,0.958832630570184,0.9598926998741061,0.9668571428571429
2024-06-03 16:00:00,608.0,250.0,1835,1828,1788,204409.51025364583,204843.74016199785,203713.3634386058,204352.7416705574,1.002124313628134,1.0031386170311027,0.9743869209809264
2024-06-03 16:00:00,608.0,260.0,1924,1924,1872,175438.8792467729,175094.49403841182,174620.74441877677,174427.8273532574,0.9980370074761098,0.9988952225226075,0.972972972972973
2024-06-03 16:00:00,608.0,270.0,1926,1930,1872,203049.43478621525,199453.19026357838,202121.01790090918,198724.76728279406,0.9822888227863168,0.9831969448136257,0.9719626168224299
2024-06-03 16:00:00,608.0,280.0,1911,1913,1850,152864.8671462031,150568.9695798222,151943.2491470406,149760.12745842378,0.9849808683365744,0.9856319928600176,0.968079539508111
2024-06-03 16:00:00,608.0,290.0,1895,1851,1790,198861.0955602313,193163.05937130997,197390.53831315413,192444.48161238787,0.9713466519287303,0.9749427873137491,0.9445910290237467
2024-06-03 16:00:00,608.0,300.0,1838,1815,1755,152667.23081031675,149915.70087948523,151283.36278605124,149202.70200519403,0.9819769447822749,0.9862465988160263,0.954842219804135
2024-06-03 16:00:00,608.0,310.0,1925,1856,1825,191785.2631401192,186753.30460599522,190465.25199213813,186365.92290693166,0.9737625381025882,0.978477286316899,0.948051948051948
2024-06-03 16:00:00,608.0,320.0,1879,1836,1794,321061.91664434446,311048.05420854676,319783.96321628476,310514.7095022077,0.9688101829688803,0.9710140132705535,0.9547631718999467
2024-06-03 16:00:00,608.0,330.0,1880,1835,1786,867579.9257140227,822917.1508816599,866297.50137364,822260.8829457171,0.9485202763358026,0.9491668643184397,0.95
2024-06-03 16:00:00,608.0,340.0,1911,1885,1835,805108.5795928297,750692.3161092771,803299.25473183,750099.315691543,0.9324112736308527,0.933773200053513,0.9602302459445317
2024-06-03 16:00:00,608.0,350.0,1882,1856,1799,866796.6297579141,801767.6892291708,865157.8254581848,801023.0617654008,0.9249778572086683,0.9258692901970592,0.9558979808714134
2024-06-03 16:00:00,608.0,360.0,2018,2002,1940,1037533.3007942142,972101.6346265584,1036123.2789850633,971316.9507945776,0.9369353580096474,0.9374530719414326,0.9613478691774033
2024-06-03 16:00:00,608.0,370.0,1898,1886,1824,478277.05583409284,465468.43602748995,476711.05541107134,464655.0674716865,0.9732192467726363,0.9747100726896529,0.9610115911485775
2024-06-03 16:00:00,608.0,380.0,1512,1518,1462,215605.45963451502,212992.45379224652,214684.82479161868,212201.72294044623,0.9878806137530193,0.988433733713677,0.966931216931217
2024-06-03 16:00:00,608.0,390.0,1578,1571,1515,159262.80011053407,157603.20674576552,158286.8292686595,156905.32717633847,0.9895795291579909,0.9912721601746396,0.9600760456273765
2024-06-03 16:00:00,608.0,400.0,1464,1468,1413,175311.1921293643,173153.0693667418,174425.19772739912,172345.21675956674,0.9876897604972649,0.9880752265444865,0.9651639344262295
2024-06-03 16:00:00,608.0,410.0,1413,1394,1364,294037.3536984172,287503.42853209015,293287.023960741,287109.30024744774,0.9777785880462363,0.9789362528561093,0.9653220099079972
2024-06-03 16:00:00,608.0,420.0,1235,1234,1204,128330.47124079557,127435.64916878473,127636.65891405616,127047.24218233355,0.993027204970425,0.9953820733264455,0.9748987854251012
2024-06-03 16:00:00,608.0,430.0,1117,1127,1081,137525.89240490153,134260.40382051258,136898.59583698338,133662.85860176792,0.9762554634092121,0.9763639852152426,0.9677708146821844
2024-06-03 16:00:00,608.0,440.0,1091,1087,1057,157561.83975547357,151192.0000659566,157095.68420930888,150728.94583488454,0.9595724466063448,0.9594722260737506,0.9688359303391384
2024-06-03 16:00:00,608.0,450.0,1092,1081,1050,122855.55826370903,120076.43317818249,121969.74824591013,119625.90056516591,0.9773789226567905,0.980783368708619,0.9615384615384616
2024-06-03 16:00:00,608.0,460.0,1072,1057,1039,99059.60689242324,97468.19878823873,98605.68463482312,97239.73596494165,0.9839348433321289,0.9861473638671022,0.9692164179104478
2024-06-03 16:00:00,608.0,470.0,1006,997,977,92994.04340162776,92087.26704972546,92509.46200888051,91848.18273054031,0.9902490921059743,0.9928517660358168,0.9711729622266402
2024-06-03 16:00:00,608.0,480.0,917,903,893,99301.72889093347,97797.99536608187,98947.02054209268,97671.43268638897,0.9848569250339719,0.9871083752829014,0.9738276990185387
2024-06-03 16:00:00,608.0,490.0,890,889,875,214079.26313461538,204235.3297455876,212858.80899008585,204055.8056680038,0.9540173427127419,0.9586439322673648,0.9831460674157303
2024-06-04 00:00:00,616.0,0.0,60,56,56,2132.90722117847,1838.8175350778583,2088.9935202849224,1838.8175350778583,0.8621179190634828,0.8802408993719895,0.9333333333333333
2024-06-04 00:00:00,616.0,10.0,181,154,154,6318.714745054274,5336.420207442468,6000.235332507368,5336.420207442468,0.8445420346945305,0.8893684850211524,0.850828729281768
2024-06-04 00:00:00,616.0,20.0,295,263,262,10968.949381283748,9415.09620604694,10560.066625505442,9404.583808927928,0.8583407470283216,0.8905799690897113,0.888135593220339
2024-06-04 00:00:00,616.0,30.0,452,412,411,42624.73331675447,39474.920739495545,42110.4276122686,39459.37702396598,0.9261036414268701,0.9370452702900064,0.9092920353982301
2024-06-04 00:00:00,616.0,40.0,588,552,552,28860.367237007704,26124.659102302543,28370.174378141826,26124.659102302543,0.9052088245364682,0.9208494369506107,0.9387755102040817
2024-06-04 00:00:00,616.0,50.0,721,680,679,68829.3992982779,65186.61075007688,68269.08361183747,65174.00104209865,0.9470751076525498,0.9546634815352618,0.941747572815534
2024-06-04 00:00:00,616.0,60.0,835,808,806,313630.3710888232,297220.5326394252,313273.0619013953,297197.9745320343,0.9476777762548049,0.9486866592620697,0.9652694610778443
2024-06-04 00:00:00,616.0,70.0,957,906,905,182592.83484908356,173311.86208563874,181910.826603902,173300.2708480754,0.9491712105181142,0.9526660621768517,0.9456635318704284
2024-06-04 00:00:00,616.0,80.0,1052,994,993,180929.70457020623,173198.8517943988,179817.6682311442,173186.4735806131,0.957271511639441,0.9631226746750652,0.9439163498098859
2024-06-04 00:00:00,616.0,90.0,1137,1092,1085,220730.6182393583,212555.11081720103,219924.49964510257,212479.6159413249,0.9629616068338475,0.9661480020834803,0.9542656112576957
2024-06-04 00:00:00,616.0,100.0,1252,1227,1221,65663.41122575737,61228.63937087963,65258.99154785123,61150.39420130248,0.9324620550152268,0.9370416666102461,0.9752396166134185
2024-06-04 00:00:00,616.0,110.0,1379,1334,1322,81375.9673168257,75505.94992744568,80620.7308241039,75369.99197839767,0.9278654671283236,0.9348711083113083,0.9586656997824511
2024-06-04 00:00:00,616.0,120.0,1456,1419,1403,63344.3828379681,58410.978554243986,62626.98473826815,58212.40950435409,0.922117730685868,0.9295100146947273,0.9635989010989011
2024-06-04 00:00:00,616.0,130.0,1482,1456,1441,93587.51089231847,87761.62790215322,92971.63342489647,87571.43363238535,0.9377493542181232,0.9419156188443923,0.9723346828609987
2024-06-04 00:00:00,616.0,140.0,1436,1391,1375,101191.80541481255,96122.75613080771,100394.50709330168,95939.36941318418,0.9499065239203368,0.9556236908860251,0.9575208913649025
2024-06-04 00:00:00,616.0,150.0,1430,1395,1374,160646.05847959372,154077.35489772726,159624.55149609942,153823.9920824938,0.9591107080744166,0.9636612328163856,0.9608391608391609
2024-06-04 00:00:00,616.0,160.0,1453,1415,1387,135783.30374919716,129420.67663194712,134619.53097027418,129093.56444821975,0.9531413145683778,0.958951227342527,0.9545767377838954
2024-06-04 00:00:00,616.0,170.0,1421,1358,1330,126795.54230575866,120974.83864680886,125351.53787550292,120614.34973051687,0.9540937831638152,0.9622087752150998,0.9359605911330049
2024-06-04 00:00:00,616.0,180.0,1481,1447,1419,112034.66596266779,105369.0665951088,110854.07843488408,105024.73764789487,0.9405041349453382,0.947414286697504,0.9581363943281567
2024-06-04 00:00:00,616.0,190.0,1549,1501,1475,119737.90749905477,112385.65656073902,118564.80178612715,112073.30527670769,0.9385971319202001,0.9452493791443338,0.9522272433828276
2024-06-04 00:00:00,616.0,200.0,1550,1530,1485,126773.62976727047,122728.97138373696,125919.50087344962,122066.03144248735,0.9680954281189342,0.9693973578021482,0.9580645161290322
2024-06-04 00:00:00,616.0,210.0,1607,1567,1544,164730.21172990184,160168.51265123667,162920.04653774374,159862.50699456362,0.9723080603687639,0.9812328831954281,0.9607965152457997
2024-06-04 00:00:00,616.0,220.0,1683,1652,1620,143454.96612380154,140964.67117157776,142254.8682113621,140531.66325258394,0.9826405803890076,0.987886495692943,0.9625668449197861
2024-06-04 00:00:00,616.0,230.0,1710,1666,1643,224599.38642000657,219871.77133375345,222969.6248871782,219605.08544076915,0.9789508993697233,0.9849103237801495,0.9608187134502923
2024-06-04 00:00:00,616.0,240.0,1753,1724,1689,490738.35536452255,478186.8741527209,488620.095269403,477661.6845621915,0.9744232724534475,0.9775727383844711,0.9634911580148318
2024-06-04 00:00:00,616.0,250.0,1839,1823,1787,249810.11850542587,251530.13802638813,248751.2453605355,251081.44371923374,1.0068853076538806,1.0093675846941828,0.9717237629146275
2024-06-04 00:00:00,616.0,260.0,1934,1914,1872,215795.43530286243,215669.59608859042,214617.2918437124,215041.86808998877,0.999416858776019,1.0019782946780709,0.96794208893485
2024-06-04 00:00:00,616.0,270.0,1927,1909,1865,250187.83627252246,245815.23217210622,249017.66813903014,245160.94489285213,0.9825227150705549,0.984512250576434,0.9678256357031655
2024-06-04 00:00:00,616.0,280.0,1949,1914,1859,185500.48768952943,182424.67991079876,184084.98832716787,181742.64510941482,0.9834188695833586,0.9872757510591245,0.9538224730631093
2024-06-04 00:00:00,616.0,290.0,1906,1868,1819,244987.0461558726,238279.24266315394,243768.56799792696,237668.26107706077,0.9726197625630751,0.9749750061258182,0.9543546694648478
2024-06-04 00:00:00,616.0,300.0,1846,1791,1747,185682.32900851918,182985.54024208742,184205.8382538166,182441.92700851295,0.9854763305650478,0.9904242381130551,0.9463705308775732
2024-06-04 00:00:00,616.0,310.0,1914,1870,1829,233130.83314893887,228067.11458566363,231809.6604688911,227567.7972120583,0.9782794987051746,0.9817010936979391,0.9555903866248694
2024-06-04 00:00:00,616.0,320.0,1887,1820,1787,392123.26346281497,383921.25671330455,390428.0298065671,383497.79377402563,0.9790830906662384,0.9822496452522249,0.9470058293587705
2024-06-04 00:00:00,616.0,330.0,1889,1844,1801,1072657.5010431784,1040361.5008023889,1071417.4494441985,1039785.2006335093,0.9698916008051208,0.970476261304967,0.953414505029116
2024-06-04 00:00:00,616.0,340.0,1914,1899,1844,1008800.9883825928,970592.0203051555,1007323.6990597796,969787.8485970949,0.9621243748594085,0.9627370521534239,0.9634273772204807
2024-06-04 00:00:00,616.0,350.0,1894,1857,1800,1137278.6415565768,1087998.9262511907,1135473.9832363687,1087261.327348094,0.9566687410589741,0.9575396208102829,0.9503695881731784
2024-06-04 00:00:00,616.0,360.0,2046,2018,1955,1279125.8360547596,1233258.5481664806,1277588.4992659183,1232264.3408011543,0.9641416922437056,0.9645236643169482,0.955522971652004
2024-06-04 00:00:00,616.0,370.0,1921,1893,1830,579728.1917640825,571969.3817242017,577885.7055369731,571158.3417403756,0.9866164693211293,0.9883586603161496,0.9526288391462779
2024-06-04 00:00:00,616.0,380.0,1537,1527,1473,262635.95294353284,260044.24094453634,261518.30294599332,259357.9143580777,0.990131922267498,0.9917390539645641,0.9583604424202993
2024-06-04 00:00:00,616.0,390.0,1625,1589,1543,191827.45775082178,190165.4925565839,190450.0054333979,189513.07240208154,0.9913361454417191,0.9950804252843983,0.9495384615384616
2024-06-04 00:00:00,616.0,400.0,1499,1479,1434,210402.9136419882,207288.9347833728,208852.4517134684,206627.93918915745,0.9851999252067677,0.9893488800056661,0.9566377585056705
2024-06-04 00:00:00,616.0,410.0,1422,1392,1366,366566.23581934394,362129.3161670497,365583.07060201734,361767.9760673737,0.9878959947241815,0.9895643566635589,0.960618846694796
2024-06-04 00:00:00,616.0,420.0,1240,1226,1194,153422.8230332304,152760.2157453567,152054.3430314604,152210.43287493713,0.9956811687154903,1.0010265398565068,0.9629032258064516
2024-06-04 00:00:00,616.0,430.0,1129,1120,1085,162364.75879309225,159940.3078194511,161502.20253487176,159486.8291174244,0.9850678743856558,0.9875210778192812,0.9610274579273693
2024-06-04 00:00:00,616.0,440.0,1091,1071,1042,188706.81332380534,183608.80097370327,187986.00400052115,183187.0705940167,0.9729844817984695,0.9744718579874109,0.9550870760769936
2024-06-04 00:00:00,616.0,450.0,1093,1079,1047,145374.0476965075,143646.28819248982,144263.0509685414,143175.07814612813,0.9881150760304572,0.992458409723703,0.9579139981701739
2024-06-04 00:00:00,616.0,460.0,1072,1059,1039,114951.23083150604,114192.70472592898,114380.5567265742,113950.51587006143,0.9934013224557039,0.9962402626038901,0.9692164179104478
2024-06-04 00:00:00,616.0,470.0,1009,1007,984,108436.05792864358,108361.95155387271,107969.73046544442,108005.75399509401,0.9993165891845714,1.0003336447122197,0.9752229930624381
2024-06-04 00:00:00,616.0,480.0,906,891,876,116138.07599483624,115112.36846969655,115475.5071459741,114874.38757128525,0.9911682063237788,0.9947943976212291,0.9668874172185431
2024-06-04 00:00:00,616.0,490.0,895,882,872,263277.96741988615,254235.47395269078,261345.43851294895,254123.40342882476,0.9656541959974416,0.9723659417006952,0.9743016759776536
2024-06-04 08:00:00,624.0,0.0,36,38,33,858.7306841296814,1016.5646252952632,809.497741423406,964.1795058816268,1.1837991166293838,1.1910836269737224,0.9166666666666666
2024-06-04 08:00:00,624.0,10.0,75,96,72,2367.2095833640346,2811.2473987156222,2320.61762038804,2546.178554772072,1.1875785813272042,1.0971986648736705,0.96
2024-06-04 08:00:00,624.0,20.0,145,165,135,4647.337577567725,5473.237148297618,4540.733482804421,5126.243090983442,1.1777145638647888,1.128946041514289,0.9310344827586207
2024-06-04 08:00:00,624.0,30.0,263,321,257,24213.450479169005,27223.665494429584,24147.47570224679,26489.363283515937,1.1243199525755443,1.0969827078468184,0.9771863117870723
2024-06-04 08:00:00,624.0,40.0,376,430,364,14060.850524771646,17287.914347728925,13893.081895034598,16517.67490277957,1.2295070143354425,1.1889136641944797,0.9680851063829787
2024-06-04 08:00:00,624.0,50.0,450,503,424,46561.6397632028,51927.852731100764,46206.83111107137,50995.8457570639,1.1152496560513925,1.103643001063647,0.9422222222222222
2024-06-04 08:00:00,624.0,60.0,579,630,563,221919.77894178484,232166.7126806389,221616.1470366695,231399.01165540447,1.046174044457489,1.044143284456237,0.9723661485319517
2024-06-04 08:00:00,624.0,70.0,684,744,664,119400.58792011239,129703.3158531471,119169.09025257418,128779.64436097612,1.0862870787531462,1.0806463663357062,0.9707602339181286
2024-06-04 08:00:00,624.0,80.0,734,805,706,116652.17084585804,128801.48910821968,115724.48194147149,127622.88077831172,1.104149954298026,1.1028166092189373,0.9618528610354223
2024-06-04 08:00:00,624.0,90.0,798,880,775,155725.23591195003,167425.63116703957,155422.32677776515,166171.0145365515,1.0751348693522298,1.0691579387699919,0.9711779448621554
2024-06-04 08:00:00,624.0,100.0,912,1015,894,32416.971500735996,40013.72187542345,32221.18425171017,38532.77747705513,1.2343448515699555,1.1958833410975567,0.9802631578947368
2024-06-04 08:00:00,624.0,110.0,970,1097,953,40252.38006036979,48404.95345568093,40057.417875726016,46671.610474068206,1.202536430965922,1.1651177971296611,0.9824742268041237
2024-06-04 08:00:00,624.0,120.0,1033,1193,1015,28314.61674333584,36192.60666886101,28101.692274969122,34052.02430485196,1.2782304982948194,1.2117428363978973,0.9825750242013552
2024-06-04 08:00:00,624.0,130.0,1118,1238,1094,48514.81871510694,58508.65999361899,48175.807576970765,56750.46666626542,1.20599564304669,1.177986826180233,0.9785330948121646
2024-06-04 08:00:00,624.0,140.0,1066,1210,1053,53528.41995864069,63490.89661608041,53346.03010758919,61617.43169626134,1.186115649689218,1.1550518674396246,0.9878048780487805
2024-06-04 08:00:00,624.0,150.0,1101,1220,1076,98072.74483130785,110183.58513574213,97724.33383990696,108456.67769880316,1.1234883384294565,1.1098226351328015,0.9772933696639419
2024-06-04 08:00:00,624.0,160.0,1081,1208,1055,79953.45377457503,91110.7223225022,79536.6718588359,89179.19434115107,1.1395470492042103,1.1212336681553512,0.9759481961147086
2024-06-04 08:00:00,624.0,170.0,1066,1174,1044,72179.88087931689,83738.24492871827,71814.45938486097,82121.96030946044,1.1601327670341643,1.1435296041060552,0.9793621013133208
2024-06-04 08:00:00,624.0,180.0,1175,1280,1152,60366.483904796194,70789.59093752733,59781.085108436135,69132.45898654171,1.1726638087646348,1.1564269678468238,0.9804255319148936
2024-06-04 08:00:00,624.0,190.0,1249,1358,1238,64574.43348633175,76320.1219835406,64414.050334887674,74789.27898088263,1.1818937908250486,1.1610708935714227,0.9911929543634908
2024-06-04 08:00:00,624.0,200.0,1224,1317,1206,72265.08363204607,85568.62689863864,71897.43443513219,84173.65235235073,1.18409365350396,1.1707462583841497,0.9852941176470589
2024-06-04 08:00:00,624.0,210.0,1324,1400,1306,94023.34545306259,110586.6625808382,93461.58949175946,109384.71991230601,1.1761617505520923,1.1703708497483931,0.986404833836858
2024-06-04 08:00:00,624.0,220.0,1382,1472,1361,79936.31859397433,95915.10785245137,79516.76461595146,94499.02910809507,1.1998939848561094,1.1884164246936437,0.9848046309696092
2024-06-04 08:00:00,624.0,230.0,1451,1504,1426,140087.75962071872,160579.3031109309,139591.97404227697,159606.52784588997,1.1462764737311248,1.143378972472668,0.9827705031013094
2024-06-04 08:00:00,624.0,240.0,1472,1547,1451,331513.4510121284,361189.7331422558,330426.3180242274,359989.7467821876,1.0895175807784696,1.0894705631643802,0.985733695652174
2024-06-04 08:00:00,624.0,250.0,1585,1659,1559,156636.06530316855,183383.8395567843,156193.01117213143,182014.90067672008,1.170763828891166,1.1653203898869189,0.983596214511041
2024-06-04 08:00:00,624.0,260.0,1668,1775,1647,128242.99170648208,152492.0810752666,127911.09700759771,150829.87352173356,1.1890870529930007,1.179177390002171,0.987410071942446
2024-06-04 08:00:00,624.0,270.0,1596,1699,1578,151980.1552626706,174112.45394079093,151481.7331599957,172676.07445344914,1.1456262407408955,1.139913512021069,0.9887218045112782
2024-06-04 08:00:00,624.0,280.0,1569,1675,1550,107579.75357344,128269.39312218931,106858.1077696631,126597.44700980058,1.192319082926932,1.1847247686875237,0.9878903760356915
2024-06-04 08:00:00,624.0,290.0,1475,1580,1462,148344.1295823303,170595.13722860639,148053.98887875318,169129.68905086914,1.1499958758659667,1.1423514511951152,0.9911864406779661
2024-06-04 08:00:00,624.0,300.0,1433,1525,1414,107459.66127525168,129221.94889286083,107126.73368769043,127812.6031094628,1.2025158776730769,1.193097172943576,0.9867411025819958
2024-06-04 08:00:00,624.0,310.0,1475,1588,1457,140251.94826541535,163883.78375361476,139930.6520912547,162199.65169995948,1.1684955951091538,1.159143113219984,0.9877966101694915
2024-06-04 08:00:00,624.0,320.0,1498,1597,1475,258642.26270569576,293069.36393699615,258194.29097204315,291440.3791596873,1.1331070215329595,1.1287638392873838,0.9846461949265688
2024-06-04 08:00:00,624.0,330.0,1501,1614,1484,783581.5896111501,838012.8164769255,783360.5932089752,836026.9704646836,1.0694646576533104,1.0672313334526629,0.988674217188541
2024-06-04 08:00:00,624.0,340.0,1554,1647,1537,758527.2112985264,792940.2059732971,757289.8305168957,791549.0492656003,1.045368174222595,1.045239243111611,0.989060489060489
2024-06-04 08:00:00,624.0,350.0,1567,1642,1545,777253.3088991483,808616.095874713,775024.2361686365,807323.2085179558,1.0403507924848658,1.041674790080102,0.9859604339502234
2024-06-04 08:00:00,624.0,360.0,1697,1790,1663,977830.9435049609,1031555.1758910267,977142.0232895841,1029881.4136512387,1.0549422502355013,1.05397310637005,0.9799646434885091
2024-06-04 08:00:00,624.0,370.0,1549,1659,1522,414899.3060846217,464392.70415543637,414285.4289051725,462350.5093774147,1.1192901442469998,1.1160192396803896,0.9825693996126533
2024-06-04 08:00:00,624.0,380.0,1293,1349,1268,168123.76481127593,195571.41345037916,167403.71249750658,194266.5229080544,1.163258589110909,1.1604672322362501,0.9806651198762568
2024-06-04 08:00:00,624.0,390.0,1315,1389,1294,112743.39328603857,135800.27238544924,112394.0884146854,134408.02670668278,1.204507585122204,1.1958638448205168,0.9840304182509506
2024-06-04 08:00:00,624.0,400.0,1222,1296,1194,126200.87129893579,147997.62965895073,125479.05682386928,146456.08570948418,1.1727148009016855,1.1671755384251863,0.9770867430441899
2024-06-04 08:00:00,624.0,410.0,1188,1262,1170,242631.34168984153,273329.4259805685,242320.75250109268,271904.8969659416,1.1265215123360637,1.122086714239283,0.9848484848484849
2024-06-04 08:00:00,624.0,420.0,1060,1120,1045,89778.42624194427,109199.52698961599,89214.42443032064,108113.09330254151,1.2163225794951418,1.2118342296427789,0.9858490566037735
2024-06-04 08:00:00,624.0,430.0,938,1007,931,95095.23621785056,111959.6901507985,94961.689918763,110929.45863845492,1.177342783967787,1.16814958467306,0.9925373134328358
2024-06-04 08:00:00,624.0,440.0,924,983,920,110121.1652178668,128736.58243571137,110076.44145922853,127867.2712522505,1.1690448623660612,1.161622501210775,0.9956709956709957
2024-06-04 08:00:00,624.0,450.0,927,982,917,82859.26041663674,99568.4235321427,82640.3023320249,98588.88011196408,1.2016571597608785,1.1929878924675565,0.9892125134843581
2024-06-04 08:00:00,624.0,460.0,908,966,901,61038.402423610285,76550.87902914383,60939.22723501213,75650.76838818446,1.2541429000365376,1.2414133198052755,0.9922907488986784
2024-06-04 08:00:00,624.0,470.0,881,923,877,56713.03438249009,71419.96558588216,56647.32068075271,70818.69915295427,1.2593218889365718,1.2501685569926104,0.9954597048808173
2024-06-04 08:00:00,624.0,480.0,795,833,784,64961.6361133081,80053.98340293556,64705.830953463614,79325.81389475556,1.2323270809143863,1.2259453703918373,0.9861635220125786
2024-06-04 08:00:00,624.0,490.0,765,809,758,170102.6472643135,187177.56792004552,169954.07076558113,186511.42986672706,1.1003800994889879,1.0974225508489504,0.9908496732026144
2024-06-04 16:00:00,632.0,0.0,58,60,57,1836.773613959738,1840.7159912405016,1825.8678695936533,1807.9574168728905,1.0021463599274298,0.990190718058504,0.9827586206896551
2024-06-04 16:00:00,632.0,10.0,180,171,170,5413.343001603277,5154.711728630162,5297.6635449172645,5144.299217433127,0.9522233723419121,0.9710505723544335,0.9444444444444444
2024-06-04 16:00:00,632.0,20.0,294,283,279,9277.819881208472,8982.561758990174,9107.67770160831,8940.34641454944,0.9681759156786045,0.9816274474634382,0.9489795918367347
2024-06-04 16:00:00,632.0,30.0,453,436,433,34517.169266294855,34827.936811490574,34274.01944986266,34794.682643934386,1.0090032743646558,1.0151911915330902,0.9558498896247241
2024-06-04 16:00:00,632.0,40.0,589,574,573,24286.65654345794,24567.235701313828,24094.8184549688,24556.46915713764,1.0115528112053558,1.0191597501774758,0.9728353140916808
2024-06-04 16:00:00,632.0,50.0,719,710,704,57538.91046618892,58216.11359353717,57344.380538251324,58147.96011483611,1.0117694812408065,1.01401322272631,0.9791376912378303
2024-06-04 16:00:00,632.0,60.0,836,831,828,240484.06910066638,237444.20075470093,240385.66306584672,237408.66396410487,0.9873593774534272,0.987615737711752,0.9904306220095693
2024-06-04 16:00:00,632.0,70.0,957,931,927,147176.26279215066,147210.23953697132,146833.82239733383,147161.6022007566,1.0002308575049812,1.0022323181271942,0.9686520376175548
2024-06-04 16:00:00,632.0,80.0,1047,1041,1027,141046.35112135636,142661.12529696582,140502.55306438802,142502.22449410206,1.0114485356251444,1.0142322782476247,0.9808978032473734
2024-06-04 16:00:00,632.0,90.0,1137,1135,1118,172234.93936623295,172244.9378630404,171801.6743422322,172036.99297849223,1.0000580515013053,1.0013697109598085,0.9832893579595426
2024-06-04 16:00:00,632.0,100.0,1249,1251,1239,56510.79548955079,57788.355454075536,56387.45842134275,57638.512005198056,1.022607361185722,1.0221867347612492,0.9919935948759008
2024-06-04 16:00:00,632.0,110.0,1389,1385,1368,68052.71091031499,69335.67225961856,67814.23950278133,69145.3687384915,1.0188524649810697,1.0196290520319935,0.9848812095032398
2024-06-04 16:00:00,632.0,120.0,1465,1469,1442,54593.872061839946,56047.97610434158,54275.93929916226,55736.18014324052,1.026634931496607,1.0269040179301108,0.9843003412969283
2024-06-04 16:00:00,632.0,130.0,1484,1489,1461,78435.18852128013,81373.14798576085,78142.35440222622,81048.72280183205,1.037457160744678,1.037193253541424,0.9845013477088949
2024-06-04 16:00:00,632.0,140.0,1426,1417,1393,84116.58108710786,86122.32525147795,83612.75392253863,85853.89558016369,1.023844813215756,1.0268038254032552,0.9768583450210379
2024-06-04 16:00:00,632.0,150.0,1422,1419,1392,130172.11024611117,133321.92707653216,129694.37694646104,133001.32113669754,1.0241973247915068,1.0254979766131391,0.9789029535864979
2024-06-04 16:00:00,632.0,160.0,1439,1430,1399,110598.0912873337,112772.00675089048,109937.50020000867,112400.16964427178,1.0196559944050838,1.022400631629633,0.9722029186935371
2024-06-04 16:00:00,632.0,170.0,1402,1403,1353,104104.98296723005,105985.40393760779,103348.30554884799,105386.04783083074,1.0180627374096938,1.0197172297229353,0.9650499286733238
2024-06-04 16:00:00,632.0,180.0,1466,1478,1424,93343.42634296336,94722.95155463407,92509.1523195826,94080.1252821598,1.014779029072728,1.0169818112390665,0.9713506139154161
2024-06-04 16:00:00,632.0,190.0,1523,1527,1479,98031.88345901831,100405.54222342459,97483.00611218599,99796.59841522516,1.0242131302659156,1.023733288450057,0.9711096520026264
2024-06-04 16:00:00,632.0,200.0,1534,1543,1497,105638.5707824887,109745.2827625466,105090.24680288837,109195.76057373828,1.038875118715054,1.039066553707409,0.9758800521512386
2024-06-04 16:00:00,632.0,210.0,1595,1599,1562,135132.09954685875,139927.79283410968,134583.21489263108,139493.3542215808,1.0354889275259722,1.0364840395057213,0.9793103448275862
2024-06-04 16:00:00,632.0,220.0,1667,1673,1620,118226.02136886933,123257.93518662598,117370.88102682855,122504.0169742245,1.0425618130382388,1.043734322367595,0.9718056388722256
2024-06-04 16:00:00,632.0,230.0,1697,1699,1655,183601.27978715207,189710.38464531227,182518.02029373465,189206.58252485038,1.0332737596668304,1.0366460375822153,0.9752504419563937
2024-06-04 16:00:00,632.0,240.0,1746,1742,1695,385611.61905393173,390129.9483372576,383951.611975761,389602.78384229017,1.011717305859225,1.0147184480811242,0.9707903780068728
2024-06-04 16:00:00,632.0,250.0,1840,1863,1804,203949.30096280246,215154.53230680298,203411.39565277766,214441.2818144152,1.0549412588869045,1.0542245242762383,0.9804347826086957
2024-06-04 16:00:00,632.0,260.0,1920,1935,1881,175020.1548292811,183672.3896006221,174045.15657730435,182962.82408475556,1.049435648024541,1.0512376654589082,0.9796875
2024-06-04 16:00:00,632.0,270.0,1910,1929,1867,202638.86530188227,208028.24366332704,201935.62179412847,207302.8444469103,1.026595975818439,1.0265788799672684,0.9774869109947644
2024-06-04 16:00:00,632.0,280.0,1908,1920,1840,152689.9784751829,158732.30235335877,151519.59076878108,157703.6103383183,1.0395724980677625,1.040813333366073,0.9643605870020965
2024-06-04 16:00:00,632.0,290.0,1887,1877,1805,199522.7284368794,204296.55461856816,198496.4232395616,203417.7291564605,1.023926227448313,1.0247929198752335,0.9565447800741919
2024-06-04 16:00:00,632.0,300.0,1837,1829,1764,152496.73061884617,158368.4317895443,151443.90564566772,157603.4453449464,1.0385037839622542,1.0406720869553518,0.9602612955906369
2024-06-04 16:00:00,632.0,310.0,1913,1890,1829,191192.90992665922,196398.39695503408,190027.81181003226,195634.81331595333,1.0272263601739817,1.0295062151824719,0.9560899111343439
2024-06-04 16:00:00,632.0,320.0,1866,1855,1811,321125.05792722956,326978.6650912557,320132.27712063957,326457.7347018154,1.018228434746916,1.0197588872889318,0.9705251875669882
2024-06-04 16:00:00,632.0,330.0,1879,1874,1817,867388.6704572381,861080.2590874757,866585.1048178494,860395.2131940031,0.9927271227021711,0.992857145144276,0.9670037253858436
2024-06-04 16:00:00,632.0,340.0,1917,1912,1856,805013.257697845,782892.3609758682,803238.7285289813,782057.1885811916,0.972521077745679,0.9736298323331835,0.9681794470526864
2024-06-04 16:00:00,632.0,350.0,1876,1881,1811,867008.9106116693,840057.9713380649,866093.1085996538,839138.5138723056,0.9689150377305918,0.9688779480407945,0.9653518123667377
2024-06-04 16:00:00,632.0,360.0,2025,2032,1963,1036663.6216188173,1013942.5698475897,1035779.9207763736,1012928.0728264775,0.9780825223366599,0.977937544944135,0.9693827160493828
2024-06-04 16:00:00,632.0,370.0,1883,1893,1829,477887.8082160429,486451.69827219116,476907.3277340977,485672.3534874816,1.0179202940709395,1.0183788867221408,0.9713223579394583
2024-06-04 16:00:00,632.0,380.0,1504,1513,1454,215180.54098008835,221891.0401382387,214155.45064324752,221072.4279543737,1.0311854367852495,1.032298861833075,0.9667553191489362
2024-06-04 16:00:00,632.0,390.0,1573,1575,1518,159197.50194036227,164987.18964276856,158146.47783691264,164212.72835654853,1.0363679557269383,1.0383584294927621,0.965034965034965
2024-06-04 16:00:00,632.0,400.0,1463,1475,1420,175282.3792753077,179916.36112602672,173998.10968073457,179092.66265931918,1.026437237273238,1.0292793581949395,0.9706083390293917
2024-06-04 16:00:00,632.0,410.0,1408,1412,1370,294135.78139948245,299327.8575511648,293478.090008341,298767.2976582092,1.0176519705524392,1.0180224958180621,0.9730113636363636
2024-06-04 16:00:00,632.0,420.0,1230,1228,1195,128313.57241692956,132172.34969840685,127525.1002926643,131526.09058448393,1.0300730250806123,1.0313741395430196,0.9715447154471545
2024-06-04 16:00:00,632.0,430.0,1115,1116,1076,137037.10082943802,138965.80769693124,136334.41660982108,138435.34693030635,1.0140743408596609,1.0154101244038618,0.9650224215246637
2024-06-04 16:00:00,632.0,440.0,1086,1090,1053,157340.46186166126,158625.3797332712,156897.74830066354,158180.20756438162,1.0081664808683457,1.0081738538481795,0.9696132596685083
2024-06-04 16:00:00,632.0,450.0,1085,1079,1047,122471.90749530173,125597.65222026853,121362.5192902332,125077.56294256188,1.025522136373084,1.030611128329038,0.9649769585253456
2024-06-04 16:00:00,632.0,460.0,1069,1061,1039,98830.51229821048,103176.45126896244,98424.811522607,102909.6054845659,1.04397365620891,1.045565685039984,0.9719363891487371
2024-06-04 16:00:00,632.0,470.0,1007,1005,986,92702.83644796186,97887.25448346761,92358.48882808482,97670.49977366552,1.0559251284443274,1.0575151349159515,0.9791459781529295
2024-06-04 16:00:00,632.0,480.0,908,896,883,98922.44444345066,103151.7798809032,98526.27697276966,102997.30731223081,1.0427540530488029,1.045379065126929,0.9724669603524229
2024-06-04 16:00:00,632.0,490.0,890,894,876,212965.23947404674,213526.02689752972,212803.84442551597,213307.65441170402,1.0026332345356825,1.002367485359807,0.9842696629213483
2024-06-05 00:00:00,640.0,0.0,61,58,58,2168.157773075543,1927.209628347451,2135.9071153717955,1927.209628347451,0.8888696442112209,0.9022909350681119,0.9508196721311475
2024-06-05 00:00:00,640.0,10.0,181,158,158,6347.073905765765,5673.241401004563,6084.320064675526,5673.241401004563,0.8938357241832203,0.9324363841314641,0.8729281767955801
2024-06-05 00:00:00,640.0,20.0,297,270,270,10752.951142063363,9688.903877329481,10374.738124808766,9688.903877329481,0.9010460244191435,0.9338938256340878,0.9090909090909091
2024-06-05 00:00:00,640.0,30.0,450,425,422,42562.02399312802,40920.196742979264,42197.89176118472,40882.43525818092,0.961425066382796,0.9688264875778982,0.9377777777777778
2024-06-05 00:00:00,640.0,40.0,587,564,563,28806.79824874895,27490.70472001206,28496.32778237776,27479.88917409455,0.954313092438378,0.9643308914732592,0.959114139693356
2024-06-05 00:00:00,640.0,50.0,717,696,693,68735.49731988534,66950.65771673943,68396.24916345174,66904.99412945964,0.974033219039072,0.9781968302029497,0.9665271966527197
2024-06-05 00:00:00,640.0,60.0,836,821,819,311541.93032845506,307643.9949746495,311318.7010612032,307619.9586568886,0.9874882480515672,0.988119112691571,0.9796650717703349
2024-06-05 00:00:00,640.0,70.0,950,917,916,181699.3177069595,178440.60089150508,181293.3360282824,178427.96879889356,0.9820653326793994,0.9841948562911224,0.9642105263157895
2024-06-05 00:00:00,640.0,80.0,1051,1027,1020,179713.2647791897,175738.72960337048,178556.61837038214,175663.9403699619,0.9778840188524611,0.9837996595879749,0.9705042816365367
2024-06-05 00:00:00,640.0,90.0,1137,1116,1108,220333.53469980072,216240.15932620785,219957.50108509383,216153.27348234013,0.9814219139216824,0.9827047153018802,0.9744942832014072
2024-06-05 00:00:00,640.0,100.0,1253,1233,1223,65568.42806580447,63650.099802040815,65189.80361181556,63531.86531424941,0.9707431103603944,0.9745675212117735,0.9760574620909817
2024-06-05 00:00:00,640.0,110.0,1382,1355,1342,81061.53153128448,79085.58903568806,80414.84157983014,78928.79875690395,0.9756241652696405,0.9815202916062336,0.9710564399421129
2024-06-05 00:00:00,640.0,120.0,1448,1426,1411,62806.214400578545,61205.95688056884,62286.976352010424,61032.6897703393,0.9745207136700956,0.9798627794262702,0.9744475138121547
2024-06-05 00:00:00,640.0,130.0,1477,1473,1447,93631.56230687216,91808.98076836113,93098.45189446703,91488.8521848286,0.9805345388498632,0.9827107789991717,0.97968855788761
2024-06-05 00:00:00,640.0,140.0,1430,1402,1383,100723.44257175412,98764.78080300585,100030.08674544089,98540.9603995746,0.9805540625028485,0.9851132154902968,0.9671328671328672
2024-06-05 00:00:00,640.0,150.0,1425,1422,1387,160189.89419305808,157492.45792874455,159531.60539610538,157079.80279652483,0.9831610085149153,0.9846312422325789,0.9733333333333334
2024-06-05 00:00:00,640.0,160.0,1446,1416,1391,135236.91824611637,132812.88499735712,134317.27186738243,132517.9684941892,0.9820756544869813,0.9866040804121621,0.9619640387275242
2024-06-05 00:00:00,640.0,170.0,1414,1377,1352,126399.75114668132,123642.35674748581,125549.2054169408,123323.44510534627,0.9781851279438385,0.9822718088561141,0.9561527581329562
2024-06-05 00:00:00,640.0,180.0,1482,1469,1437,111979.94942588848,108867.69957660933,110866.21064994662,108470.35691367477,0.9722070793455848,0.9783896849885434,0.9696356275303644
2024-06-05 00:00:00,640.0,190.0,1539,1513,1485,118606.34030164633,115668.03308796007,117700.82864529741,115299.69422193566,0.9752263900377215,0.9795996812342095,0.9649122807017544
2024-06-05 00:00:00,640.0,200.0,1541,1517,1474,126483.43206229211,125674.77930064866,125406.61802558514,125138.81850856505,0.9936066507015306,0.9978645503623624,0.9565217391304348
2024-06-05 00:00:00,640.0,210.0,1594,1579,1546,164061.3058689113,163921.36514890453,163291.81542221367,163520.74549413234,0.9991470217839264,1.0014019690535423,0.9698870765370138
2024-06-05 00:00:00,640.0,220.0,1684,1642,1611,142897.16246183455,142796.21761398023,141725.9086246863,142356.586265355,0.9992935839584549,1.0044499812828072,0.9566508313539193
2024-06-05 00:00:00,640.0,230.0,1699,1668,1635,223771.4976805367,223017.81150811663,222434.4779187467,222596.4153533074,0.9966318937834698,1.000728023083813,0.9623307828134197
2024-06-05 00:00:00,640.0,240.0,1755,1734,1696,492290.64357119246,489204.524897972,489998.793559107,488679.8636587278,0.9937311043516224,0.997308299698456,0.9663817663817664
2024-06-05 00:00:00,640.0,250.0,1830,1816,1774,249189.99371932738,253153.85655204844,248181.7795536588,252601.73968643192,1.0159069903793396,1.0178093659442775,0.9693989071038251
2024-06-05 00:00:00,640.0,260.0,1928,1906,1867,215018.82780787954,217014.78985331632,213858.5182607513,216441.67940946756,1.009282731497449,1.0120788321630785,0.9683609958506224
2024-06-05 00:00:00,640.0,270.0,1922,1903,1866,249922.3928756116,248919.7392070318,248941.09240918676,248481.66403803718,0.9959881399299868,0.9981544695305088,0.9708636836628513
2024-06-05 00:00:00,640.0,280.0,1943,1920,1859,184357.65508455242,184545.08671300515,182901.3533819999,183750.18975050663,1.0010166739665178,1.004640951818076,0.9567678847143593
2024-06-05 00:00:00,640.0,290.0,1899,1869,1800,244725.82292619045,244164.58613097106,243444.33939759596,243248.77108758927,0.9977066711289039,0.9991966610910296,0.9478672985781991
2024-06-05 00:00:00,640.0,300.0,1843,1797,1749,184843.63354873605,184657.62248802005,183235.84308964192,184050.25478365386,0.9989936842446513,1.004444609091102,0.9489962018448183
2024-06-05 00:00:00,640.0,310.0,1913,1877,1829,232213.31228043584,231212.08642715315,230902.32460703357,230614.34805300744,0.9956883356795947,0.9987528208972507,0.9560899111343439
2024-06-05 00:00:00,640.0,320.0,1889,1846,1807,390953.67505970935,387711.84730559634,389580.8484148747,387252.9493366078,0.9917078979917048,0.9940246059637207,0.9565907887771308
2024-06-05 00:00:00,640.0,330.0,1884,1846,1799,1068893.160872086,1047053.1821730623,1067623.0076563018,1046100.9774885427,0.979567669156752,0.9798411705129835,0.9548832271762208
2024-06-05 00:00:00,640.0,340.0,1908,1888,1835,1004953.4935758847,979142.2293216138,1003024.4392493065,978477.7032392762,0.974315961465612,0.9755272802441366,0.9617400419287212
2024-06-05 00:00:00,640.0,350.0,1892,1870,1810,1131683.1848948475,1107313.8000807015,1130036.5873034988,1106410.4013070746,0.97846624820496,0.9790925477441389,0.9566596194503171
2024-06-05 00:00:00,640.0,360.0,2038,2037,1967,1271384.731597953,1243950.7884247184,1270415.7806799621,1243039.118921524,0.9784219972983678,0.9784506283889315,0.965161923454367
2024-06-05 00:00:00,640.0,370.0,1911,1879,1820,576494.3281314953,575986.0072949724,574704.2688179046,575180.016767225,0.9991182552685811,1.0008278134949282,0.9523809523809523
2024-06-05 00:00:00,640.0,380.0,1527,1519,1462,260718.18465801253,261867.4275468682,259405.26450626148,261120.6403378555,1.0044079889953328,1.0066127255931332,0.9574328749181401
2024-06-05 00:00:00,640.0,390.0,1607,1589,1538,191022.42277179973,191787.25445191594,189773.9615972006,191108.47227311402,1.00400388430331,1.0070321063262933,0.9570628500311139
2024-06-05 00:00:00,640.0,400.0,1493,1484,1426,209709.24275355643,208587.3355382174,207590.61195887811,207773.9850784188,0.9946501775476941,1.0008833401366772,0.955123911587408
2024-06-05 00:00:00,640.0,410.0,1419,1423,1372,366067.4479705566,367389.00431410293,365199.5471256636,366708.37292934983,1.0036101443897099,1.004131510609916,0.966878083157153
2024-06-05 00:00:00,640.0,420.0,1237,1213,1189,152842.42991814693,153680.86501603096,151665.48293398955,153333.4011822889,1.0054856174318418,1.0109973490080486,0.9611964430072757
2024-06-05 00:00:00,640.0,430.0,1129,1119,1085,161593.8334271813,160248.69672523165,160790.77239565412,159758.96791338822,0.9916758166235607,0.9935829372115524,0.9610274579273693
2024-06-05 00:00:00,640.0,440.0,1100,1097,1067,188471.75706303443,185441.83802031714,187970.00558503685,185075.8394256244,0.9839237502216105,0.9846030426481892,0.97
2024-06-05 00:00:00,640.0,450.0,1091,1071,1045,145340.76230682305,144136.1437271315,144291.25562490878,143590.1913073943,0.9917117637160282,0.995141324992438,0.9578368469294225
2024-06-05 00:00:00,640.0,460.0,1069,1067,1043,114798.07238022693,115717.79367227587,114393.0778449268,115426.24383358246,1.008011644037042,1.0090317177238315,0.9756782039289055
2024-06-05 00:00:00,640.0,470.0,1017,1009,993,108164.95843621151,109900.26297469347,107675.88840737053,109705.6893932781,1.016043130451581,1.0188510261297146,0.976401179941003
2024-06-05 00:00:00,640.0,480.0,911,902,882,115925.75366943487,116624.86412383798,115154.83917811784,116389.41140805208,1.0060306742227154,1.0107209756771458,0.9681668496158068
2024-06-05 00:00:00,640.0,490.0,892,886,873,262085.9098832627,259201.0540073724,261756.37948796566,259045.77757411724,0.9889927090045578,0.9896445621720824,0.9786995515695067
2024-06-05 08:00:00,648.0,0.0,34,48,34,791.1363177703001,1355.9213332268523,791.1363177703001,1179.5688955587048,1.7138908968915934,1.4909805921729695,1.0
2024-06-05 08:00:00,648.0,10.0,72,102,71,2259.4559632043265,3088.052737644634,2232.557161974715,2727.199622589222,1.366724020266013,1.2215586991631568,0.9861111111111112
2024-06-05 08:00:00,648.0,20.0,137,183,127,4395.435446899133,5772.35445805096,4283.294816607109,5084.987289231036,1.313261115488161,1.1871672408622493,0.927007299270073
2024-06-05 08:00:00,648.0,30.0,253,329,249,23541.307520346207,27726.019660333615,23496.456491763158,26745.850367747058,1.177760395694702,1.1382929326863818,0.9841897233201581
2024-06-05 08:00:00,648.0,40.0,358,444,350,13402.268455327147,17650.34316972085,13286.577176678686,16502.77468021235,1.3169668424829362,1.242063660246441,0.9776536312849162
2024-06-05 08:00:00,648.0,50.0,431,555,427,45084.017050925504,53086.27438277537,45029.137134017044,51539.97536690712,1.1774965465657323,1.1445916721324756,0.9907192575406032
2024-06-05 08:00:00,648.0,60.0,560,692,556,216148.88228025596,234644.50796385348,216098.68218143395,233005.9648377415,1.0855689166119136,1.078238712451344,0.9928571428571429
2024-06-05 08:00:00,648.0,70.0,669,758,656,116426.36218447852,130825.53067127033,116262.137998159,129582.71891070603,1.1236761865321894,1.1145736792897956,0.9805680119581465
2024-06-05 08:00:00,648.0,80.0,725,829,713,113216.32492405489,126286.822232023,112845.09939731206,124846.64439625593,1.1154471081510176,1.1063541532866046,0.983448275862069
2024-06-05 08:00:00,648.0,90.0,771,925,763,151428.1204454196,165404.88814069476,151324.57002434024,163442.4755897635,1.092299684194475,1.0800789030061286,0.9896238651102465
2024-06-05 08:00:00,648.0,100.0,882,1033,872,31149.955773328005,40708.417066977054,31012.5790789368,38687.14516641119,1.3068531256738873,1.2474662319422127,0.9886621315192744
2024-06-05 08:00:00,648.0,110.0,939,1118,926,38652.753825071704,49384.32172149338,38431.65784151922,47063.63854479541,1.277640448206843,1.2246059938104132,0.9861554845580405
2024-06-05 08:00:00,648.0,120.0,990,1220,975,26833.10660106748,36842.95160574566,26651.873811518097,33782.67337661761,1.3730408541022217,1.2675534041444323,0.9848484848484849
2024-06-05 08:00:00,648.0,130.0,1059,1248,1029,46405.31761605316,58706.33839626414,45909.43526205642,55980.17356381647,1.2650778275452563,1.219360971100496,0.9716713881019831
2024-06-05 08:00:00,648.0,140.0,1045,1186,1021,51647.35400539411,62489.740784912465,51114.18393242863,60503.46930727008,1.209931118221196,1.1836923658461183,0.9770334928229665
2024-06-05 08:00:00,648.0,150.0,1069,1228,1057,94800.06547218474,108484.58168253883,94404.92806942383,106328.62060927127,1.1443513371240157,1.1263037087542607,0.9887745556594949
2024-06-05 08:00:00,648.0,160.0,1042,1246,1030,77019.10452234973,91373.13832443609,76817.66940560142,88648.05652085644,1.1863697830701347,1.1540060666614336,0.9884836852207294
2024-06-05 08:00:00,648.0,170.0,1033,1200,1023,69719.70064167153,83448.07691306513,69542.70684889329,81260.03773048734,1.1969081356495117,1.1684911533146705,0.9903194578896418
2024-06-05 08:00:00,648.0,180.0,1153,1304,1141,58322.05597828332,71167.18133869022,57964.51363319856,69162.78731011054,1.220244728086916,1.1931918854314043,0.98959236773634
2024-06-05 08:00:00,648.0,190.0,1218,1368,1211,62283.32249126235,76236.13158595991,62154.58519548478,74227.39751727032,1.224021592564446,1.1942384827091175,0.9942528735632183
2024-06-05 08:00:00,648.0,200.0,1203,1337,1187,70045.04359148836,85879.26394010721,69762.0494512037,83976.02118975873,1.226057684266228,1.2037493429503852,0.9866999168744804
2024-06-05 08:00:00,648.0,210.0,1307,1418,1293,91202.15590790779,109670.60911537826,90700.39076070592,108109.46859608954,1.2025001824092751,1.1919404942952654,0.9892884468247896
2024-06-05 08:00:00,648.0,220.0,1364,1496,1352,77433.87595858538,95771.95281416693,77250.59952613684,93906.0183939354,1.2368224065832563,1.21560245447886,0.9912023460410557
2024-06-05 08:00:00,648.0,230.0,1427,1517,1416,136635.2683798833,161169.51413467358,136440.70275817032,159837.54500971586,1.1795601241590012,1.1714799306847201,0.9922915206727401
2024-06-05 08:00:00,648.0,240.0,1457,1572,1442,324343.6987012215,358559.68134756526,323316.3594248016,356877.84083070635,1.1054929779223577,1.1038038454522145,0.9897048730267674
2024-06-05 08:00:00,648.0,250.0,1567,1667,1548,153076.9597460321,180558.7151215914,152585.1195568001,178995.66089466907,1.1795290122115953,1.173087267058421,0.9878749202297383
2024-06-05 08:00:00,648.0,260.0,1655,1761,1636,125108.91580056041,150665.1203053695,124492.98136396645,149025.8916811229,1.2042716487572231,1.1970625978137055,0.9885196374622357
2024-06-05 08:00:00,648.0,270.0,1572,1674,1555,148057.89016322774,172891.90244600177,147754.96794333175,171432.40886659612,1.167731772048052,1.1602480190875568,0.9891857506361323
2024-06-05 08:00:00,648.0,280.0,1552,1648,1531,104386.48426488924,126835.11214031794,103614.76481380261,125299.6672574089,1.215053012212419,1.2092839035302971,0.9864690721649485
2024-06-05 08:00:00,648.0,290.0,1451,1583,1436,144402.73743084373,168787.1348697187,144173.76399815755,166902.07832465234,1.1688638170765493,1.1576452864668585,0.9896623018607856
2024-06-05 08:00:00,648.0,300.0,1422,1532,1400,104599.55325330122,127659.99197676143,104252.09066762435,125903.94720629729,1.2204640269123943,1.207687504394547,0.9845288326300985
2024-06-05 08:00:00,648.0,310.0,1464,1599,1440,136688.95002249163,162046.8061273856,136338.06986713124,159964.9944336908,1.1855150405407417,1.1732966044596733,0.9836065573770492
2024-06-05 08:00:00,648.0,320.0,1495,1618,1479,253383.6352902251,288117.4475354421,253114.2523929536,286313.45642855135,1.137079934958834,1.1311629184122622,0.9892976588628762
2024-06-05 08:00:00,648.0,330.0,1496,1588,1475,767053.6359237237,825451.4880530456,766032.65105275,823731.1757108944,1.0761326840710381,1.075321234126052,0.9859625668449198
2024-06-05 08:00:00,648.0,340.0,1553,1654,1533,741840.9679714517,781201.9038601335,741086.2534842892,779658.040517184,1.0530584553672109,1.0520476352807056,0.9871216999356085
2024-06-05 08:00:00,648.0,350.0,1539,1627,1519,761705.6364758475,795942.3929830431,761351.9841040459,794254.4316462623,1.0449474900377493,1.04321581637557,0.9870045484080572
2024-06-05 08:00:00,648.0,360.0,1673,1784,1644,953751.4479055185,1010042.5892867299,953199.7518093943,1008142.6501079547,1.059020766369298,1.05764048741543,0.9826658696951583
2024-06-05 08:00:00,648.0,370.0,1539,1638,1514,405241.8032687504,454611.6332723872,404545.32756879606,452034.0956896771,1.121828077965825,1.1173880029866499,0.9837556855100714
2024-06-05 08:00:00,648.0,380.0,1277,1353,1265,163500.8044620228,191599.30467802583,163287.22012112255,190292.94146228727,1.1718554248614088,1.1653878443220023,0.990602975724354
2024-06-05 08:00:00,648.0,390.0,1300,1379,1284,109629.39262641507,131362.69902605706,109000.17340029625,130046.35470941146,1.1982434261375756,1.193083925030325,0.9876923076923076
2024-06-05 08:00:00,648.0,400.0,1212,1307,1186,122878.47714166122,144478.46240460637,122296.35592461235,142472.89626546277,1.1757833085613802,1.16498071580553,0.9785478547854786
2024-06-05 08:00:00,648.0,410.0,1182,1254,1164,236847.5701935577,265456.1618280364,236481.79516269424,264075.147572394,1.1207890442409818,1.11668277632414,0.9847715736040609
2024-06-05 08:00:00,648.0,420.0,1052,1118,1036,87109.1321478516,104995.76401423657,86652.19992280353,103833.45761202739,1.2053358979174047,1.1982783784431352,0.9847908745247148
2024-06-05 08:00:00,648.0,430.0,937,989,927,92119.31472536505,109494.70670224362,91943.5606566286,108618.31194021588,1.1886183373017891,1.1813585547971175,0.9893276414087513
2024-06-05 08:00:00,648.0,440.0,921,982,913,107642.34247185432,125342.41808577585,107360.58849870018,124397.9174712984,1.1644341363023536,1.158692581801603,0.991313789359392
2024-06-05 08:00:00,648.0,450.0,927,971,916,80951.90847408691,97186.6652154363,80584.57940860515,96370.8419372905,1.2005481655388792,1.1958968160476573,0.9881337648327939
2024-06-05 08:00:00,648.0,460.0,903,949,895,59436.58594034205,75421.43011695959,59324.8824351917,74662.05242799093,1.268939474293862,1.2585284515237602,0.991140642303433
2024-06-05 08:00:00,648.0,470.0,875,914,868,55210.904983009925,70728.45303396188,55122.55917944529,70083.78490792228,1.2810594764879724,1.2714174731940946,0.992
2024-06-05 08:00:00,648.0,480.0,791,839,786,63541.129624022986,79107.54805094091,63409.42326940467,78315.79513773756,1.2449817703749593,1.2350813349145422,0.9936788874841972
2024-06-05 08:00:00,648.0,490.0,760,805,754,167095.30377272924,186675.86561837042,166974.2859238219,186078.41378946375,1.117181999754303,1.1144135922483158,0.9921052631578947
2024-06-05 16:00:00,656.0,0.0,59,57,57,1874.8994451132749,1588.4169945089307,1846.4279857188055,1588.4169945089307,0.8472011651872691,0.8602647960248325,0.9661016949152542
2024-06-05 16:00:00,656.0,10.0,182,142,142,5520.464925038323,4191.050963078107,5012.787531759883,4191.050963078107,0.7591844201508106,0.8360719333354067,0.7802197802197802
2024-06-05 16:00:00,656.0,20.0,296,222,221,9495.742783278652,6890.377965032749,8458.21860404389,6880.228090882742,0.7256281180200277,0.8134370146916388,0.7466216216216216
2024-06-05 16:00:00,656.0,30.0,451,376,376,34959.73635909554,29508.029472046346,33927.8189022999,29508.029472046346,0.8440575514914942,0.8697296326951939,0.8337028824833703
2024-06-05 16:00:00,656.0,40.0,589,516,515,24589.033360614645,19976.619195829,23549.539655865905,19966.197965207375,0.8124198663224576,0.8478381427822959,0.8743633276740238
2024-06-05 16:00:00,656.0,50.0,717,639,638,58066.42190683124,51804.32655771073,56954.40411186302,51793.66564535254,0.8921563419359959,0.9093882457908896,0.8898186889818689
2024-06-05 16:00:00,656.0,60.0,839,776,775,242254.67938070913,222563.3194567474,241359.88591729116,222552.1779935952,0.9187162866191069,0.922076082145063,0.9237187127532777
2024-06-05 16:00:00,656.0,70.0,964,881,879,148523.1429832464,135148.1740893664,147402.96345589843,135125.73708497855,0.9099469037267228,0.9167097724287402,0.9118257261410788
2024-06-05 16:00:00,656.0,80.0,1054,987,981,142897.41257268528,131780.59263296382,141407.98104055796,131714.4911785912,0.9222041901278873,0.931450192622533,0.9307400379506642
2024-06-05 16:00:00,656.0,90.0,1146,1098,1093,174217.25808713096,163965.6251964144,173340.89616836258,163912.29599963303,0.9411560427291914,0.9456066030743735,0.9537521815008726
2024-06-05 16:00:00,656.0,100.0,1253,1214,1210,57114.88962073643,51518.747874277164,56558.86582440483,51465.905787384356,0.9020195647121149,0.9099529319977472,0.965682362330407
2024-06-05 16:00:00,656.0,110.0,1385,1328,1318,68564.15304945348,62664.57046610238,67688.73094814255,62547.5705469722,0.9139552911986546,0.924047026304732,0.9516245487364621
2024-06-05 16:00:00,656.0,120.0,1464,1421,1411,55131.669654401165,50117.85303328466,54458.00211706232,50000.99213660506,0.9090574137778493,0.9181569318155205,0.9637978142076503
2024-06-05 16:00:00,656.0,130.0,1483,1460,1440,79147.542902441,74025.13382201435,78565.91765064912,73799.6951749943,0.9352802513813898,0.9393347316727301,0.9710047201618341
2024-06-05 16:00:00,656.0,140.0,1427,1387,1371,85018.95612414516,77943.6258361892,84188.65211068191,77750.65951911522,0.9167793794406918,0.9235289741531586,0.9607568325157674
2024-06-05 16:00:00,656.0,150.0,1421,1389,1361,131317.6502496286,124353.88175033192,130395.3005747273,124025.90135894611,0.9469700494483498,0.9511531536205096,0.9577762139338494
2024-06-05 16:00:00,656.0,160.0,1445,1406,1385,111558.30945148866,105603.22087796395,110745.40412231337,105363.92075076337,0.9466190496897562,0.9514067115091621,0.9584775086505191
2024-06-05 16:00:00,656.0,170.0,1410,1382,1339,104797.1298677046,97571.27815441051,103609.37463525866,97017.95629039765,0.9310491449296754,0.9363820275137735,0.949645390070922
2024-06-05 16:00:00,656.0,180.0,1471,1452,1419,94138.55224586424,88735.65166964548,93423.01514155391,88332.3850714427,0.9426069293894827,0.9455098932270819,0.964649898028552
2024-06-05 16:00:00,656.0,190.0,1531,1511,1473,99242.92164708763,93663.53793751003,98475.62631799716,93195.43497943491,0.9437805375236922,0.9463807285519417,0.9621162638798171
2024-06-05 16:00:00,656.0,200.0,1543,1510,1472,106863.8849349863,101885.5285091381,105960.20282942062,101366.46954881359,0.9534140422755832,0.9566466167679745,0.9539857420609202
2024-06-05 16:00:00,656.0,210.0,1597,1563,1535,135974.5648638715,131290.22833957226,135074.5137862335,130961.20588385944,0.9655499061240691,0.9695478607542226,0.9611772072636193
2024-06-05 16:00:00,656.0,220.0,1676,1644,1611,119509.3862434974,114270.70079402927,118433.548023298,113886.46175945728,0.9561650710949645,0.9616064338210468,0.961217183770883
2024-06-05 16:00:00,656.0,230.0,1689,1670,1630,185226.47992103093,181826.59736012464,184068.95437209448,181313.7548549735,0.9816447272422615,0.9850316989819404,0.9650680876258141
2024-06-05 16:00:00,656.0,240.0,1743,1718,1682,389630.4914656293,375755.25393353135,388113.823787794,375290.1677690244,0.9643887276893935,0.9669590330650498,0.9650028686173264
2024-06-05 16:00:00,656.0,250.0,1838,1818,1776,206156.67173491148,206079.96456871828,205022.77980178216,205528.56328419084,0.9996279180996295,1.0024669623682678,0.9662676822633297
2024-06-05 16:00:00,656.0,260.0,1929,1909,1865,176838.73829660047,174802.10840288794,175872.89852175655,174250.59903365877,0.9884831235885849,0.9907757278026718,0.966822187662001
2024-06-05 16:00:00,656.0,270.0,1922,1900,1853,204720.06734085,199575.27194382178,203765.9550208646,198919.88784054585,0.974869120238895,0.9762174835348597,0.9640998959417274
2024-06-05 16:00:00,656.0,280.0,1914,1901,1841,153703.90367138205,150517.01772080595,152630.71813299612,149780.87259188222,0.9792660701878486,0.9813284928750013,0.9618599791013585
2024-06-05 16:00:00,656.0,290.0,1889,1848,1801,200737.43181772393,196274.28268860246,199591.03436520847,195707.74373059726,0.9777662337875571,0.9805437621636569,0.953414505029116
2024-06-05 16:00:00,656.0,300.0,1837,1798,1748,153831.90947430592,151072.6928681544,152646.1294907172,150444.00488159386,0.9820634313415164,0.9855736623229792,0.9515514425694066
2024-06-05 16:00:00,656.0,310.0,1930,1883,1833,193125.10945117718,190035.36323577177,191880.55491160078,189393.89422321267,0.984001323162038,0.9870405800653761,0.949740932642487
2024-06-05 16:00:00,656.0,320.0,1876,1826,1786,323995.35338305705,318255.1459207131,322652.23904375033,317790.4840496542,0.9822830562154471,0.9849319037471893,0.9520255863539445
2024-06-05 16:00:00,656.0,330.0,1885,1854,1801,874671.6426005499,842135.7007946277,873561.8054893478,841513.127634594,0.9628021074180624,0.9633126383807487,0.9554376657824933
2024-06-05 16:00:00,656.0,340.0,1917,1893,1841,810696.6413578085,769685.0866798216,809161.4852361104,769032.2840060845,0.9494119593127979,0.9504064368334136,0.9603547209181011
2024-06-05 16:00:00,656.0,350.0,1884,1859,1798,871932.593715049,827646.7418942091,870565.57888731,826563.0600860936,0.949209546540575,0.9494552508526043,0.9543524416135881
2024-06-05 16:00:00,656.0,360.0,2013,2018,1947,1042588.1085071682,1003147.4844474273,1041376.4428033645,1002281.7237801282,0.9621704643109598,0.9624586101467841,0.9672131147540983
2024-06-05 16:00:00,656.0,370.0,1890,1872,1812,480664.06655238883,480038.9965258148,478879.3368627031,479276.50806030224,0.9986995698866,1.0008293763523002,0.9587301587301588
2024-06-05 16:00:00,656.0,380.0,1514,1508,1456,217025.47603195492,216237.7651233571,215509.21407484688,215506.19391976693,0.9963704219292584,0.9999859859584523,0.9616908850726552
2024-06-05 16:00:00,656.0,390.0,1573,1599,1528,160373.90536755993,159693.53401450772,159386.36134979638,158786.21349040337,0.9957575931602285,0.9962346347936515,0.9713922441195169
2024-06-05 16:00:00,656.0,400.0,1478,1474,1423,176549.96456265406,173481.3572275485,175448.6910157039,172770.68099927471,0.9826190430414016,0.9847362211657111,0.9627875507442489
2024-06-05 16:00:00,656.0,410.0,1409,1397,1362,296514.6503809042,290127.1715585425,295677.8564958802,289632.10600883607,0.9784581341456272,0.9795529142469674,0.9666430092264017
2024-06-05 16:00:00,656.0,420.0,1225,1241,1202,128790.02435368556,127204.11425141414,128316.01273222388,126641.70985230032,0.9876860796460745,0.986951722982403,0.9812244897959184
2024-06-05 16:00:00,656.0,430.0,1118,1133,1092,137503.66450162465,132513.00290228712,137116.3503836129,131975.85094705157,0.9637052465661483,0.9625099455886941,0.9767441860465116
2024-06-05 16:00:00,656.0,440.0,1095,1105,1063,157891.9226910821,152383.71814999904,157398.64431935875,151892.97346754727,0.9651140828029567,0.9650208496037579,0.9707762557077626
2024-06-05 16:00:00,656.0,450.0,1086,1077,1041,123378.20041043579,121334.57092291128,122287.04544055427,120810.81126726155,0.9834360569312401,0.9879281229833103,0.9585635359116023
2024-06-05 16:00:00,656.0,460.0,1069,1064,1042,99232.73346655126,97820.616479329,98768.86824056474,97542.20269234266,0.9857696453791807,0.9875804434122463,0.9747427502338635
2024-06-05 16:00:00,656.0,470.0,1009,1011,991,93284.55438625187,93237.05417462566,92996.35954509035,93001.36436405542,0.9994908030387375,1.0000538173643523,0.9821605550049554
2024-06-05 16:00:00,656.0,480.0,908,904,885,99524.51708963836,98965.50627840357,99178.47603143723,98722.66498212828,0.9943831848917055,0.9954041333609072,0.974669603524229
2024-06-05 16:00:00,656.0,490.0,892,897,871,214392.44496183086,208401.47046504397,213969.9622153491,208097.11342805985,0.9720560372458391,0.9725529288013868,0.976457399103139
2024-06-06 00:00:00,664.0,0.0,62,54,54,2218.3231666695706,1775.7545450767966,2112.710753879221,1775.7545450767966,0.8004940721701904,0.8405100138844243,0.8709677419354839
2024-06-06 00:00:00,664.0,10.0,180,135,135,6366.485636841913,5141.599548020273,5792.254964150001,5141.599548020273,0.8076040442574149,0.8876680290911175,0.75
2024-06-06 00:00:00,664.0,20.0,295,244,243,11041.97496426362,9114.089951305898,10369.087747530124,9102.975629424342,0.8254039681128464,0.8778955151182547,0.823728813559322
2024-06-06 00:00:00,664.0,30.0,453,410,410,43041.98755998359,39831.35694357528,42436.893452049924,39831.35694357528,0.9254070084023431,0.9386020913284173,0.9050772626931567
2024-06-06 00:00:00,664.0,40.0,587,536,534,28957.083698637325,25929.503828568057,28048.882499969266,25906.562278761827,0.8954459675021853,0.9236219046798108,0.909710391822828
2024-06-06 00:00:00,664.0,50.0,719,661,659,69678.56702368848,66043.96270605744,68875.08549794796,66007.05033239623,0.9478375564699058,0.9583588877630188,0.9165507649513213
2024-06-06 00:00:00,664.0,60.0,838,790,788,312926.0038454762,302897.96719179495,312260.8645400269,302869.5597488335,0.9679539682530407,0.9699248101262156,0.9403341288782816
2024-06-06 00:00:00,664.0,70.0,956,907,901,183943.5495351858,177284.77005186613,183261.99019336584,177220.772539951,0.9637998750152098,0.9670350755929227,0.9424686192468619
2024-06-06 00:00:00,664.0,80.0,1054,1005,998,181906.336327332,173918.26493551346,180595.38631643623,173839.01483653873,0.9560868986034418,0.9625883494716798,0.9468690702087287
2024-06-06 00:00:00,664.0,90.0,1137,1101,1096,222303.53738270618,216643.01046090695,221744.51015621037,216588.08000771707,0.9745369462472638,0.9767460752698645,0.9639401934916447
2024-06-06 00:00:00,664.0,100.0,1255,1220,1212,66230.6508832381,62252.42154509768,65619.39163636211,62153.424594149066,0.9399337121848029,0.9471807501444066,0.9657370517928286
2024-06-06 00:00:00,664.0,110.0,1384,1347,1329,81829.68666008432,77843.62192851653,81110.5817482563,77619.0585941503,0.9512882806440935,0.9569535431894364,0.9602601156069365
2024-06-06 00:00:00,664.0,120.0,1456,1443,1415,63563.79591404165,60710.386289659065,63058.88981287544,60375.69230365619,0.9551095150415294,0.957449337957241,0.9718406593406593
2024-06-06 00:00:00,664.0,130.0,1480,1472,1445,94691.9230805526,91031.4438632997,94201.38364590629,90699.48546993121,0.9613432793614404,0.9628254061624152,0.9763513513513513
2024-06-06 00:00:00,664.0,140.0,1440,1418,1398,101911.29315593782,98044.5283047704,101363.17446924195,97798.03238247463,0.9620575430708082,0.9648280343878818,0.9708333333333333
2024-06-06 00:00:00,664.0,150.0,1428,1429,1392,161270.6247693225,156416.090629493,160604.22908024697,155963.97114349843,0.9698982121091594,0.9711074984555357,0.9747899159663865
2024-06-06 00:00:00,664.0,160.0,1453,1424,1401,136517.21163056427,132160.47440896012,135525.96955431945,131858.78162166302,0.9680865352466023,0.9729410684556172,0.9642119752236752
2024-06-06 00:00:00,664.0,170.0,1421,1412,1363,126722.39499512853,122902.89264757908,125632.86288013465,122305.6393087115,0.9698592948176502,0.9735162958548702,0.9591836734693877
2024-06-06 00:00:00,664.0,180.0,1493,1460,1431,112731.11171791024,108669.94368696415,111736.14092222624,108316.5772717454,0.9639747362635042,0.9693960823932426,0.9584728734092431
2024-06-06 00:00:00,664.0,190.0,1540,1516,1471,119975.59917490275,115992.92376268061,118994.51345167977,115431.83171729375,0.9668042882085038,0.9700601176386782,0.9551948051948052
2024-06-06 00:00:00,664.0,200.0,1540,1537,1492,127736.83486333824,125897.86063642407,127015.48067781367,125321.26231130684,0.9856034147951009,0.9866613238207997,0.9688311688311688
2024-06-06 00:00:00,664.0,210.0,1603,1552,1534,165231.80298975733,163397.65413204936,164130.11660328577,163161.75588364294,0.9888995409810927,0.9941000424560507,0.9569557080474111
2024-06-06 00:00:00,664.0,220.0,1683,1662,1629,144030.04358569504,142484.44569416443,143091.54095451458,142008.98658388553,0.989268920198507,0.992434532723544,0.9679144385026738
2024-06-06 00:00:00,664.0,230.0,1707,1689,1649,225316.02413226425,222534.3643804104,223850.17695573048,222059.95919120376,0.9876544077920487,0.9920026073292729,0.9660222612770943
2024-06-06 00:00:00,664.0,240.0,1747,1749,1696,496318.7660663458,489595.1977759405,493549.43973239185,488954.2351364227,0.9864531249872053,0.990689474597599,0.9708070978820835
2024-06-06 00:00:00,664.0,250.0,1836,1828,1787,251537.10514561017,253221.47177472108,250585.3300486179,252663.4991017892,1.0066962948791824,1.008293259037822,0.9733115468409586
2024-06-06 00:00:00,664.0,260.0,1936,1932,1885,217248.63774181402,218167.0345635229,216341.12715982052,217525.21585162892,1.004227399680178,1.005473248232333,0.9736570247933884
2024-06-06 00:00:00,664.0,270.0,1917,1918,1867,252507.94938416168,250125.28847804607,251425.00179382088,249490.3612187582,0.9905640162540362,0.9923052975588753,0.9739175795513824
2024-06-06 00:00:00,664.0,280.0,1942,1935,1865,185652.00929349937,184287.4785056214,184535.33576956816,183312.69558673908,0.9926500618384325,0.9933744928702662,0.9603501544799176
2024-06-06 00:00:00,664.0,290.0,1893,1894,1827,246914.68397005554,243595.9550144014,245818.89800406675,242775.53189987663,0.9865592078109999,0.9876194786938643,0.96513470681458
2024-06-06 00:00:00,664.0,300.0,1838,1810,1760,186697.05553346503,185402.09122546413,185261.8047852472,184752.6998381387,0.9930638203998414,0.9972519702714835,0.9575625680087051
2024-06-06 00:00:00,664.0,310.0,1910,1884,1830,234451.50518200686,231965.62033193052,233183.90903105173,231315.369340486,0.9893970190204302,0.9919868412090266,0.9581151832460733
2024-06-06 00:00:00,664.0,320.0,1882,1853,1807,395118.21592856897,389757.3062572445,393723.41871587664,389167.2852409902,0.9864321373826671,0.9884280861683408,0.9601487778958555
2024-06-06 00:00:00,664.0,330.0,1888,1863,1820,1080324.7178379816,1053509.8997277005,1079377.9315077849,1052968.3303761675,0.9751789275321361,0.9755325726414235,0.9639830508474576
2024-06-06 00:00:00,664.0,340.0,1917,1904,1844,1016555.5472892965,985158.902894953,1014716.1871458406,984242.8288890446,0.9691146789980494,0.9699685895989199,0.9619196661450182
2024-06-06 00:00:00,664.0,350.0,1899,1880,1816,1142514.2480142107,1110849.1839485634,1140607.8621874226,1110033.433732731,0.9722847534543364,0.9731946188797465,0.956292785676672
2024-06-06 00:00:00,664.0,360.0,2048,2024,1963,1287038.4880613717,1251171.7767010953,1285472.9773232099,1250297.6804775144,0.972132370793121,0.9726363000496966,0.95849609375
2024-06-06 00:00:00,664.0,370.0,1915,1891,1829,583287.8823498122,580947.4771359189,581310.14886668,580195.0294424937,0.9959875641433441,0.9980817134771166,0.9550913838120104
2024-06-06 00:00:00,664.0,380.0,1545,1546,1491,264525.4441389671,264044.83917671413,263641.01283234206,263102.08774647466,0.9981831427830418,0.997955837446998,0.9650485436893204
2024-06-06 00:00:00,664.0,390.0,1617,1608,1546,193737.73780799648,192692.6935847467,192420.48497197079,191828.7049764003,0.9946058819769772,0.9969245478429353,0.956091527520099
2024-06-06 00:00:00,664.0,400.0,1499,1490,1447,212249.514639123,207881.08531221192,210777.98774128733,207105.4860536055,0.9794184248932748,0.9825764458279699,0.9653102068045364
2024-06-06 00:00:00,664.0,410.0,1425,1405,1371,370297.7598904883,364464.02090356336,369184.1080420567,364026.40442050167,0.9842458161544099,0.9860294538437514,0.9621052631578947
2024-06-06 00:00:00,664.0,420.0,1245,1240,1197,154872.06734346994,153868.37477996122,153852.08640109503,153224.07355498243,0.9935192150481031,0.9959180739058984,0.9614457831325302
2024-06-06 00:00:00,664.0,430.0,1128,1137,1094,163825.47896128782,159073.52046347247,163052.2747939353,158493.62170808142,0.9709937762554123,0.972041769477825,0.9698581560283688
2024-06-06 00:00:00,664.0,440.0,1100,1094,1067,190241.1732734424,184690.0036320074,189725.50495592726,184339.00975232967,0.9708203563617848,0.9716090084733264,0.97
2024-06-06 00:00:00,664.0,450.0,1097,1067,1049,147134.43184972854,144065.12612860053,145788.4315860437,143800.54717349412,0.9791394462700427,0.9863645942896618,0.9562443026435734
2024-06-06 00:00:00,664.0,460.0,1068,1059,1034,115817.20083875436,114114.84299124526,115265.10914900913,113791.90564183219,0.9853013383575104,0.9872189987234344,0.9681647940074907
2024-06-06 00:00:00,664.0,470.0,1015,1019,991,109404.51861632426,109025.28465783386,108977.38852086203,108651.1919685851,0.9965336536069378,0.9970067501460224,0.9763546798029556
2024-06-06 00:00:00,664.0,480.0,915,919,897,117067.6450194679,116699.03531654866,116732.71186851719,116396.04068079061,0.9968513101732084,0.9971158796678536,0.980327868852459
2024-06-06 00:00:00,664.0,490.0,896,900,884,263937.8321527355,258825.95064051228,263686.3184601079,258634.55110804038,0.9806322516536202,0.980841754014508,0.9866071428571429
2024-06-06 08:00:00,672.0,0.0,38,33,30,868.3971835988946,918.0726712163507,769.0287206834756,886.312716916975,1.0572036489243162,1.152509253658645,0.7894736842105263
2024-06-06 08:00:00,672.0,10.0,79,73,68,2435.8962615691376,2602.995583730161,2307.446820008167,2548.3604364886874,1.0685987021686147,1.1044070070831222,0.8607594936708861
2024-06-06 08:00:00,672.0,20.0,148,147,130,4750.936748530443,5232.507081308573,4545.29764848113,5042.206940357628,1.1013632380871181,1.1093238177795786,0.8783783783783784
2024-06-06 08:00:00,672.0,30.0,263,292,249,24347.736666793186,26138.403784866612,24187.55435856313,25633.846478970416,1.073545526739479,1.0597948886839506,0.9467680608365019
2024-06-06 08:00:00,672.0,40.0,373,398,350,14108.882740508574,16296.84184356277,13845.379273991533,15694.721230646514,1.1550767089992364,1.1335710579000864,0.938337801608579
2024-06-06 08:00:00,672.0,50.0,449,451,410,46650.92043702206,50236.003608913394,46186.00245633499,49778.01978617543,1.0768491412025007,1.077772856250904,0.9131403118040089
2024-06-06 08:00:00,672.0,60.0,584,602,550,221855.17227310434,229405.35780588107,221473.74002659047,228806.69346989086,1.0340320464716615,1.0331098099595013,0.9417808219178082
2024-06-06 08:00:00,672.0,70.0,685,707,646,120424.87972753892,128781.73346930301,119969.38812649746,128045.68078240381,1.0693947443474425,1.0673196119612662,0.9430656934306569
2024-06-06 08:00:00,672.0,80.0,750,781,717,117289.25979155509,125014.9010410344,116829.05303710923,124227.06325940278,1.0658682752641566,1.0633233774474202,0.956
2024-06-06 08:00:00,672.0,90.0,806,887,783,156442.1712296544,166530.03756057873,156173.75429434475,165293.95055922784,1.0644830370969187,1.0583977525935249,0.9714640198511166
2024-06-06 08:00:00,672.0,100.0,930,1016,904,32990.37583974622,39465.828212899534,32703.17579023142,38139.72973694526,1.1962830737245436,1.166239327384766,0.9720430107526882
2024-06-06 08:00:00,672.0,110.0,970,1090,942,40394.31318186619,48065.81581007675,40072.38603273191,46308.03286862553,1.1899154119460174,1.1556095719082018,0.9711340206185567
2024-06-06 08:00:00,672.0,120.0,1034,1172,998,28457.458078458287,35734.478996398306,28054.60682701584,33638.59507064374,1.2557157739766145,1.1990399750764167,0.965183752417795
2024-06-06 08:00:00,672.0,130.0,1120,1246,1100,49066.96598743537,58453.6789580446,48828.51565201568,56688.38725802588,1.1913041245104272,1.1609688826509668,0.9821428571428571
2024-06-06 08:00:00,672.0,140.0,1077,1214,1058,53980.378326853825,63373.35050895027,53716.83508588103,61465.22784219963,1.174007157290035,1.1442451466831707,0.9823584029712163
2024-06-06 08:00:00,672.0,150.0,1106,1235,1097,98153.03806933576,109311.89829718863,97988.66834299905,107566.82221701014,1.1136883834402578,1.0977475664888492,0.9918625678119349
2024-06-06 08:00:00,672.0,160.0,1090,1245,1073,80376.81668035594,91449.89041476001,80143.50724884568,89319.02171503205,1.1377645220566481,1.114488556605046,0.9844036697247707
2024-06-06 08:00:00,672.0,170.0,1063,1179,1045,72457.57645898685,82242.29422051855,72116.94276752937,80611.31756789738,1.1350406436388354,1.1177861189672145,0.9830667920978363
2024-06-06 08:00:00,672.0,180.0,1180,1290,1159,60766.7967873575,70926.01661911406,60489.61371397725,69264.23171091467,1.1671837313937563,1.1450599112506794,0.9822033898305085
2024-06-06 08:00:00,672.0,190.0,1251,1361,1232,65179.13922845067,76214.0816332437,64920.70618030554,74503.57048845268,1.1693017510727768,1.1476087503042938,0.9848121502797762
2024-06-06 08:00:00,672.0,200.0,1235,1340,1225,73306.22859112866,86071.611238368,73150.16798353735,84611.86890577417,1.1741377628146619,1.1566872809480944,0.9919028340080972
2024-06-06 08:00:00,672.0,210.0,1333,1414,1314,95143.8041247066,110457.5854392449,94799.44058556773,109159.24643455178,1.1609540574441009,1.1514756390996066,0.9857464366091523
2024-06-06 08:00:00,672.0,220.0,1386,1499,1371,80733.55398144654,96144.81829296066,80464.77829493915,94461.29572795,1.1908904482893914,1.1739458894885335,0.9891774891774892
2024-06-06 08:00:00,672.0,230.0,1450,1528,1435,141278.08951362022,160845.37294736365,140978.97438420815,159644.8835987174,1.1385018972234686,1.1324020783669435,0.9896551724137931
2024-06-06 08:00:00,672.0,240.0,1480,1563,1462,334895.3366050695,360569.7487956077,334202.8857085253,359298.1537754714,1.0766639883696414,1.075089920345071,0.9878378378378379
2024-06-06 08:00:00,672.0,250.0,1586,1657,1569,158167.94870980555,182792.96300536982,157716.03133381746,181637.4104281139,1.1556890286333823,1.1516737321627444,0.989281210592686
2024-06-06 08:00:00,672.0,260.0,1673,1781,1655,129780.11978026063,151868.0053959269,129508.33202337076,150260.8348207146,1.1701946773748149,1.1602406769751223,0.9892408846383742
2024-06-06 08:00:00,672.0,270.0,1588,1699,1563,154021.3080918262,174886.6373723222,153596.49941553146,173202.547729249,1.1354704069131543,1.1276464528053887,0.9842569269521411
2024-06-06 08:00:00,672.0,280.0,1565,1685,1542,108444.9649974644,127842.1819427471,108011.82451784845,125929.73328305592,1.1788669206148596,1.165888400137585,0.9853035143769968
2024-06-06 08:00:00,672.0,290.0,1483,1602,1464,150250.27402910852,170094.922789532,149908.77125140905,168386.28029368148,1.1320772883021757,1.1232583583203692,0.9871881321645314
2024-06-06 08:00:00,672.0,300.0,1445,1538,1419,108708.08249175163,128126.86093248977,108283.29329711004,126592.00893452587,1.178632333453325,1.1690816291224169,0.9820069204152249
2024-06-06 08:00:00,672.0,310.0,1489,1599,1473,141823.21344852124,162650.13020491909,141537.9562763856,160998.82864657757,1.1468512541069842,1.137495784750418,0.9892545332437878
2024-06-06 08:00:00,672.0,320.0,1509,1613,1490,261874.1044772483,291006.336082324,261474.7020324893,289416.1890183018,1.1112451789123223,1.1068611485876774,0.9874088800530152
2024-06-06 08:00:00,672.0,330.0,1511,1619,1494,789942.4557943519,831951.5946841701,789680.5575776573,830303.147672042,1.0531799988488713,1.051441800997348,0.9887491727332892
2024-06-06 08:00:00,672.0,340.0,1564,1666,1543,762440.7260756011,788709.1784816801,761285.6161883567,787147.3220948746,1.0344531076419368,1.0339710948907765,0.9865728900255755
2024-06-06 08:00:00,672.0,350.0,1566,1651,1542,782049.1817202086,805096.7002253153,781591.3835214621,803611.3931533662,1.029470676581249,1.028173301415751,0.9846743295019157
2024-06-06 08:00:00,672.0,360.0,1704,1803,1678,981551.4696873026,1021485.8343584705,980973.2831780226,1019807.8942900419,1.040684942057995,1.0395878376893286,0.9847417840375586
2024-06-06 08:00:00,672.0,370.0,1553,1665,1535,418514.9038191226,463242.77906084154,418158.86202048924,461398.93167994963,1.1068728373435652,1.1034058430581382,0.9884095299420477
2024-06-06 08:00:00,672.0,380.0,1298,1368,1275,169924.9836450697,194510.2715390006,169411.43452481052,193065.15286957932,1.1446831852888881,1.139622915130352,0.9822804314329738
2024-06-06 08:00:00,672.0,390.0,1317,1395,1293,114157.94365329463,134393.43196948981,113670.62913794728,132913.79088330662,1.1772586967548375,1.169288776628538,0.9817767653758542
2024-06-06 08:00:00,672.0,400.0,1224,1318,1200,127942.53323099266,146779.11210104328,127081.22207424734,144929.9047760649,1.1472268712707314,1.1404509841067585,0.9803921568627451
2024-06-06 08:00:00,672.0,410.0,1187,1267,1159,244624.4494682675,269826.31233630615,244044.73934099078,268337.0472981776,1.1030226656526736,1.0995403876468917,0.9764111204717776
2024-06-06 08:00:00,672.0,420.0,1064,1130,1045,90996.72158337513,107884.72489019998,90492.24566868457,106735.01687264432,1.1855891400587586,1.179493514432482,0.9821428571428571
2024-06-06 08:00:00,672.0,430.0,949,1009,933,96331.89580639871,110846.75879358445,95984.99907061202,109774.52406145177,1.150675566650912,1.1436633341080245,0.9831401475237092
2024-06-06 08:00:00,672.0,440.0,929,979,920,111838.62534609789,127055.9918171828,111564.87426752778,126241.44325656074,1.1360653926493907,1.1315518803332238,0.9903121636167922
2024-06-06 08:00:00,672.0,450.0,940,981,929,84855.24181232437,98956.72545169534,84539.68193325437,98214.00275254062,1.1661828231019533,1.1617503225299852,0.9882978723404255
2024-06-06 08:00:00,672.0,460.0,919,961,909,62422.294491339875,74733.97600234291,62270.8851429465,73999.87438108822,1.1972321205320495,1.1883543041216955,0.9891186071817193
2024-06-06 08:00:00,672.0,470.0,886,924,880,57927.177493572744,71304.38080844801,57845.63108488732,70731.72862133814,1.2309313847780607,1.2227669971746136,0.9932279909706546
2024-06-06 08:00:00,672.0,480.0,808,840,798,66499.1021981758,79513.57144397142,66323.37007760187,78976.97676734338,1.1957089466713529,1.1907865459028413,0.9876237623762376
2024-06-06 08:00:00,672.0,490.0,776,813,770,172665.13642811027,187496.45630821757,172554.94207840337,186888.30913823796,1.085896436228644,1.0830655261865636,0.9922680412371134
2024-06-06 16:00:00,680.0,0.0,60,53,53,1865.4315584633555,1509.6369965609404,1776.225061178028,1509.6369965609404,0.8092695707391698,0.849913127314913,0.8833333333333333
2024-06-06 16:00:00,680.0,10.0,180,145,145,5431.618211118446,4520.778053601658,4993.592104554461,4520.778053601658,0.8323077723592002,0.9053158445757779,0.8055555555555556
2024-06-06 16:00:00,680.0,20.0,293,256,256,9297.138516062852,8269.28594867253,8834.878414157944,8269.28594867253,0.8894442020397479,0.9359818620051354,0.8737201365187713
2024-06-06 16:00:00,680.0,30.0,449,405,402,34337.841349512375,32826.13285292101,33697.20783287413,32790.23665870864,0.9559754359278373,0.9730846787465675,0.8953229398663697
2024-06-06 16:00:00,680.0,40.0,588,541,540,23960.901931751363,22720.174924020404,23279.03001574988,22709.190413546334,0.9482186851202445,0.9755213339293772,0.9183673469387755
2024-06-06 16:00:00,680.0,50.0,722,672,671,57111.8835865801,55932.23718283504,56414.70121120077,55921.35698039656,0.9793449921511213,0.9912550413241175,0.9293628808864266
2024-06-06 16:00:00,680.0,60.0,835,796,793,239061.28147563088,234059.14164498774,238448.99330381816,234024.98899961472,0.9790759097426112,0.9814467478226397,0.9497005988023952
2024-06-06 16:00:00,680.0,70.0,957,928,918,146832.95421543845,144406.1849521477,146340.92157999778,144278.2410281453,0.98347258436461,0.9859049640416204,0.9592476489028213
2024-06-06 16:00:00,680.0,80.0,1050,1018,1007,140664.4911541276,137880.57443215657,139973.73255577352,137758.829417101,0.980208816744514,0.9841762943787329,0.959047619047619
2024-06-06 16:00:00,680.0,90.0,1135,1115,1108,171492.38301238426,169500.83505815314,171051.57447389705,169425.97054819274,0.9883869597048675,0.9904964106252504,0.9762114537444934
2024-06-06 16:00:00,680.0,100.0,1254,1234,1222,56402.47745602923,55698.857728670955,55983.32101654099,55556.44630136638,0.987525020901665,0.9923749661966554,0.9744816586921851
2024-06-06 16:00:00,680.0,110.0,1383,1360,1342,67586.6848814887,67569.182610502,67051.0044683538,67363.04106739684,0.9997410396586637,1.0046537199780552,0.970354302241504
2024-06-06 16:00:00,680.0,120.0,1463,1448,1424,54279.99903951897,54885.371878922524,53768.247233192844,54588.794928173906,1.0111527791104566,1.0152608228314073,0.9733424470266575
2024-06-06 16:00:00,680.0,130.0,1474,1493,1457,77516.0645736128,79542.1059437888,77291.35377776442,79131.80967407794,1.0261370514785613,1.0238119247025401,0.9884667571234735
2024-06-06 16:00:00,680.0,140.0,1420,1430,1396,83410.9930691685,84179.61802929638,83094.35906016233,83784.15921974988,1.009214911989964,1.008301407789765,0.9830985915492958
2024-06-06 16:00:00,680.0,150.0,1416,1429,1391,129204.15151466732,130597.96308049154,128758.21750468263,130112.1316828033,1.0107876685809587,1.0105151671431878,0.9823446327683616
2024-06-06 16:00:00,680.0,160.0,1433,1445,1395,110056.10167482297,111324.82940889901,109468.72285934325,110734.37638785814,1.0115280090314727,1.0115617821735359,0.9734822051639916
2024-06-06 16:00:00,680.0,170.0,1400,1412,1357,103392.6540360193,105340.4104203138,102491.869509355,104673.58333127506,1.0188384407234188,1.0212867013975282,0.9692857142857143
2024-06-06 16:00:00,680.0,180.0,1468,1473,1425,92478.4859283022,93993.140960079,91663.65523691279,93399.02548156494,1.0163784583686968,1.0189319337109886,0.970708446866485
2024-06-06 16:00:00,680.0,190.0,1524,1536,1478,97653.31328850336,99872.15889446066,96990.42239996738,99129.9978182587,1.0227216622891435,1.022059656668657,0.9698162729658792
2024-06-06 16:00:00,680.0,200.0,1522,1530,1482,105265.01711772411,107246.80386740701,104674.16907718912,106622.43162288293,1.0188266415942018,1.0186126392296184,0.973718791064389
2024-06-06 16:00:00,680.0,210.0,1593,1594,1559,133772.39224081085,136901.5510761226,133220.16688932286,136469.1758578043,1.0233916638769438,1.0243882667643005,0.9786566227244193
2024-06-06 16:00:00,680.0,220.0,1676,1681,1626,117412.68176118104,121341.73843073312,116508.36138510393,120682.06722023877,1.0334636481393367,1.0358232300713524,0.9701670644391408
2024-06-06 16:00:00,680.0,230.0,1683,1701,1646,181714.8789078266,185434.23476468158,180904.4674438909,184790.26309550728,1.0204680864836697,1.02147982140254,0.978015448603684
2024-06-06 16:00:00,680.0,240.0,1738,1763,1706,384159.2160058697,385194.23062824307,383003.4250466743,384503.9103197776,1.0026942334824984,1.0039176810831925,0.9815880322209436
2024-06-06 16:00:00,680.0,250.0,1830,1843,1787,203703.78867817362,211827.0287508233,203079.4130493772,211068.95316751843,1.0398777073581256,1.0393419500193188,0.9765027322404372
2024-06-06 16:00:00,680.0,260.0,1927,1950,1894,174478.02305668444,180571.10096751517,173767.53846099973,179821.04668388373,1.0349217500524477,1.0348368186399939,0.98287493513233
2024-06-06 16:00:00,680.0,270.0,1917,1935,1872,202752.65419570918,206713.94873345055,201779.3852307106,205874.78009471233,1.0195375717938453,1.020296398759066,0.9765258215962441
2024-06-06 16:00:00,680.0,280.0,1904,1934,1851,151869.0672489015,156111.21426087111,151100.65796833564,155086.1023389769,1.0279329233320245,1.026376088788948,0.9721638655462185
2024-06-06 16:00:00,680.0,290.0,1882,1890,1821,198093.08157055473,201938.24112659018,197374.73228172713,201050.88418233962,1.0194108725330011,1.0186252407190868,0.9675876726886291
2024-06-06 16:00:00,680.0,300.0,1832,1821,1753,151786.04623714916,155192.7939155834,150650.21575840717,154358.8125652352,1.0224444062078775,1.02461726847292,0.9568777292576419
2024-06-06 16:00:00,680.0,310.0,1913,1919,1849,190602.91272593272,193837.8323559324,189682.8454233638,193023.9956465729,1.0169720367004629,1.0176144037472223,0.9665446941975954
2024-06-06 16:00:00,680.0,320.0,1858,1850,1793,319980.8688003933,321978.17733329016,318946.2369017398,321301.0958068236,1.0062419623410135,1.007383247182845,0.965016146393972
2024-06-06 16:00:00,680.0,330.0,1877,1883,1819,865099.021795002,846973.0978274611,864281.2932521458,846191.3864038492,0.9790475731553466,0.9790694222013909,0.9690996270644646
2024-06-06 16:00:00,680.0,340.0,1905,1921,1843,804047.7127520271,774516.623255866,802468.411837025,773554.4857198474,0.9632719687802052,0.96396876725529,0.9674540682414698
2024-06-06 16:00:00,680.0,350.0,1869,1888,1805,865351.6586896328,829213.5538608261,864197.0668724854,828169.4283129537,0.9582388217946803,0.9583108529980144,0.965757089352595
2024-06-06 16:00:00,680.0,360.0,2023,2044,1966,1035671.0818440889,1001143.4604678218,1034724.4436492851,1000091.3859669064,0.9666615955764758,0.9665291973192068,0.9718240237271379
2024-06-06 16:00:00,680.0,370.0,1882,1894,1819,477258.0000792128,480776.30879507726,475844.92878497945,479796.92050749366,1.007371921927512,1.0083052092886757,0.9665249734325186
2024-06-06 16:00:00,680.0,380.0,1511,1526,1466,215296.53002581015,218436.2324908826,214135.80084178702,217636.0555415003,1.014583154055925,1.0163459574996496,0.9702183984116479
2024-06-06 16:00:00,680.0,390.0,1578,1591,1521,159215.581568015,162618.22709336656,158293.88132099027,161736.34513726732,1.0213713098419201,1.0217472955211475,0.9638783269961977
2024-06-06 16:00:00,680.0,400.0,1463,1477,1421,175092.09341751342,177151.7736698328,173919.69878581102,176258.38256217015,1.011763410969152,1.0134469171271927,0.9712918660287081
2024-06-06 16:00:00,680.0,410.0,1396,1408,1354,293708.4636516764,295495.2858265666,292887.8129276484,294772.69713114644,1.0060836591246798,1.0064355159904301,0.9699140401146131
2024-06-06 16:00:00,680.0,420.0,1227,1224,1190,128347.03517364203,130401.10502406195,127312.40057412573,129844.51462390757,1.0160040303824778,1.0198889820501622,0.9698451507742462
2024-06-06 16:00:00,680.0,430.0,1111,1138,1090,136815.82672937133,137321.5191937054,136535.65854205296,136692.21995258523,1.003696154724368,1.0011466704903618,0.9810981098109811
2024-06-06 16:00:00,680.0,440.0,1089,1099,1059,157257.9978840995,156599.81265764084,156819.31138191884,156061.7813630504,0.9958146152480987,0.995169408587546,0.9724517906336089
2024-06-06 16:00:00,680.0,450.0,1089,1091,1051,122606.86469396212,124371.88712233506,121412.80474308097,123778.35542126987,1.0143957879746668,1.0194835353914655,0.9651056014692379
2024-06-06 16:00:00,680.0,460.0,1065,1079,1048,98756.14800414548,100095.68549073234,98431.24193084463,99674.93028828391,1.013564092096126,1.0126350976889336,0.984037558685446
2024-06-06 16:00:00,680.0,470.0,1006,998,984,92466.83879976558,95344.91025221514,92147.49482273372,95163.89604153126,1.0311254444275093,1.0327344896852624,0.9781312127236581
2024-06-06 16:00:00,680.0,480.0,911,911,892,98889.2786579601,101459.10739316116,98592.0049528323,101228.79722835484,1.0259869297266253,1.0267444837619848,0.9791437980241493
2024-06-06 16:00:00,680.0,490.0,889,898,878,211910.11536647897,213251.2856438387,211557.54592014555,213022.54061353166,1.0063289582710118,1.006924804724002,0.9876265466816648
2024-06-07 00:00:00,688.0,0.0,60,58,57,2157.4621209980824,1828.8468210151643,2118.2702836538983,1816.4807102835355,0.8476843246587826,0.857530185973344,0.95
2024-06-07 00:00:00,688.0,10.0,179,149,149,6295.198534917169,5257.57185675397,5898.4167239978915,5257.57185675397,0.8351717308981023,0.8913530702846707,0.8324022346368715
2024-06-07 00:00:00,688.0,20.0,292,271,269,10813.629285218763,9800.805456136408,10520.566176570823,9779.159650121532,0.906338214269395,0.929527887187251,0.9212328767123288
2024-06-07 00:00:00,688.0,30.0,446,423,419,42474.084214428534,40257.45184416286,42126.639387606454,40204.2471223452,0.9478121209376733,0.9543663512398092,0.9394618834080718
2024-06-07 00:00:00,688.0,40.0,586,549,548,28431.521293952414,26389.856335248267,27904.568367699158,26379.717913746816,0.9281900909347955,0.9453548095114982,0.9351535836177475
2024-06-07 00:00:00,688.0,50.0,719,675,673,68688.05410575742,66081.58451135248,68040.56726052194,66054.1409074539,0.9620535240321146,0.9708052646671481,0.9360222531293463
2024-06-07 00:00:00,688.0,60.0,832,809,808,312464.6422928784,304468.10508327617,312159.9032388401,304456.4695475082,0.9744081853520343,0.9753221550512917,0.9711538461538461
2024-06-07 00:00:00,688.0,70.0,955,915,908,182779.04793262537,177771.22514143202,182161.38231930017,177692.40574579884,0.9726017678293231,0.9754669375220928,0.9507853403141361
2024-06-07 00:00:00,688.0,80.0,1052,1000,996,180101.3220514759,173547.37928930993,179130.00469402823,173505.34319327548,0.9636096909922031,0.9686001152606442,0.9467680608365019
2024-06-07 00:00:00,688.0,90.0,1133,1110,1104,220841.39300789475,214311.69404365984,220443.7212318073,214244.88446985104,0.9704326309696775,0.9718801845327321,0.9744042365401588
2024-06-07 00:00:00,688.0,100.0,1251,1236,1223,65742.93804645506,62426.22567393416,65368.21799597787,62278.577798493105,0.9495502867520575,0.952734826002525,0.9776179056754596
2024-06-07 00:00:00,688.0,110.0,1377,1333,1324,81045.88880775563,78219.31893913102,80218.72906694553,78112.89531012315,0.9651238340376602,0.9737488516545184,0.9615105301379812
2024-06-07 00:00:00,688.0,120.0,1452,1433,1412,62711.663813858715,61170.36211320698,62200.79586719077,60937.97398901536,0.9754224077800481,0.9796976572314002,0.9724517906336089
2024-06-07 00:00:00,688.0,130.0,1481,1483,1456,93359.49322466756,90999.76271954458,93020.76708953263,90680.40379302966,0.9747242575594928,0.9748404214485743,0.9831195138419987
2024-06-07 00:00:00,688.0,140.0,1433,1414,1391,100431.34286175377,98046.26933985323,99915.98710241659,97747.35141267275,0.9762517013719147,0.9782954084462887,0.9706908583391486
2024-06-07 00:00:00,688.0,150.0,1424,1413,1383,160135.4885881064,156080.62294891832,159430.2772431916,155713.4380097838,0.9746785320671931,0.9766867417050388,0.9712078651685393
2024-06-07 00:00:00,688.0,160.0,1446,1430,1403,135759.84664851765,132527.3922903664,135083.2265986263,132190.90752064667,0.9761899085926337,0.9785886142135648,0.9702627939142462
2024-06-07 00:00:00,688.0,170.0,1410,1409,1360,126319.62031860679,124056.42132825514,125154.71431957922,123417.31569201348,0.9820835513545453,0.9861179929416855,0.9645390070921985
2024-06-07 00:00:00,688.0,180.0,1483,1468,1431,111580.7393362092,109045.48496183052,110402.85352477463,108595.99462174898,0.9772787455123452,0.983633947444844,0.9649359406608227
2024-06-07 00:00:00,688.0,190.0,1540,1527,1488,118737.79700729152,116301.76722765483,118009.29414558265,115817.67195071721,0.9794839567430487,0.981428393325006,0.9662337662337662
2024-06-07 00:00:00,688.0,200.0,1541,1519,1475,127111.71713474563,124751.07273162215,125940.93918286849,124168.51175228588,0.9814285853709216,0.9859265188739857,0.9571706683971447
2024-06-07 00:00:00,688.0,210.0,1599,1594,1554,163552.46779298538,161875.97140348615,162677.972102459,161403.05541862655,0.9897494888819334,0.9921629421159156,0.9718574108818011
2024-06-07 00:00:00,688.0,220.0,1689,1668,1626,142864.63132503483,141805.08538989828,141662.37561900308,141138.31351055915,0.9925835672180754,0.996300626004936,0.9626998223801065
2024-06-07 00:00:00,688.0,230.0,1707,1678,1651,221435.19351749538,219363.43617926253,220018.87519297743,219030.56034230525,0.990643956340801,0.9955080451629191,0.9671939074399531
2024-06-07 00:00:00,688.0,240.0,1744,1747,1701,493883.48082240036,487473.32968682377,491719.08728770155,486921.8949180783,0.9870209241967304,0.9902440387334072,0.9753440366972477
2024-06-07 00:00:00,688.0,250.0,1833,1836,1785,250727.71996113987,254152.28682361523,249969.61882786383,253437.68980793442,1.0136585091708492,1.0138739699501595,0.9738134206219312
2024-06-07 00:00:00,688.0,260.0,1938,1933,1889,215654.08424184384,218008.1731553382,214907.38527142478,217414.45139633605,1.010916041408492,1.0116657979051995,0.9747162022703818
2024-06-07 00:00:00,688.0,270.0,1924,1913,1863,251949.1768313707,250202.53794263073,250719.8771653553,249548.51483319898,0.9930674951563386,0.9953280037251143,0.9682952182952183
2024-06-07 00:00:00,688.0,280.0,1932,1923,1862,184607.401045869,183318.32610281286,183176.20102554478,182359.78709786048,0.9930172087589498,0.9955430131037031,0.9637681159420289
2024-06-07 00:00:00,688.0,290.0,1892,1881,1818,245064.19642673264,242728.230739302,244042.5570351191,241947.4564298321,0.9904679438225117,0.9914150194509497,0.9608879492600423
2024-06-07 00:00:00,688.0,300.0,1837,1805,1746,186046.99637611123,184703.04260484793,184746.4042414885,184004.22637381766,0.9927762673010513,0.9959827209048101,0.9504627109417528
2024-06-07 00:00:00,688.0,310.0,1917,1882,1833,232983.35686918662,229799.07064425258,231775.93222970923,229236.4933539715,0.9863325592534838,0.9890435609456597,0.9561815336463224
2024-06-07 00:00:00,688.0,320.0,1874,1853,1798,392278.0448319453,384917.0385923168,390996.1242498179,384253.398328584,0.9812352326707908,0.9827550057326762,0.959445037353255
2024-06-07 00:00:00,688.0,330.0,1884,1850,1809,1073138.8192196693,1038859.8718637634,1071995.438379828,1038367.1098468313,0.9680573037318398,0.9686301570612827,0.9601910828025477
2024-06-07 00:00:00,688.0,340.0,1918,1913,1854,1011003.2570100126,974644.1567743158,1009058.1237879958,973911.3719052793,0.9640366141418506,0.9651687538565412,0.9666319082377477
2024-06-07 00:00:00,688.0,350.0,1893,1866,1806,1134478.914464502,1099482.6904642875,1132697.9486696357,1098767.018531878,0.9691521600322265,0.9700441497421181,0.9540412044374009
2024-06-07 00:00:00,688.0,360.0,2042,2037,1970,1280007.9438144001,1235471.0058704098,1278614.137716718,1234559.6295623416,0.9652057331681309,0.9655451110269697,0.9647404505386875
2024-06-07 00:00:00,688.0,370.0,1916,1889,1824,581109.4165284316,573880.3244081441,578836.266798485,573027.9174485441,0.9875598434396842,0.989965470923122,0.9519832985386222
2024-06-07 00:00:00,688.0,380.0,1540,1533,1482,263384.841047232,260477.1731422465,262399.1227367021,259611.16182960954,0.988960382482817,0.9893751134606876,0.9623376623376624
2024-06-07 00:00:00,688.0,390.0,1607,1615,1555,192665.7389898812,191493.89631443296,191601.36588373687,190628.79468906045,0.9939177422950648,0.9949239861094384,0.9676415681393902
2024-06-07 00:00:00,688.0,400.0,1496,1477,1437,211450.4028944414,207363.68727571995,209950.63471797184,206555.47879371612,0.980672935294611,0.9838287894255883,0.9605614973262032
2024-06-07 00:00:00,688.0,410.0,1418,1415,1374,368007.29887211625,362955.9886553091,367239.076854843,362409.7274686638,0.9862738857835466,0.9868495765005747,0.9689703808180536
2024-06-07 00:00:00,688.0,420.0,1246,1229,1198,154427.9367495325,153364.77154187002,153196.31305607018,152771.4154636223,0.9931154606475976,0.997226450271735,0.9614767255216693
2024-06-07 00:00:00,688.0,430.0,1127,1128,1084,162846.47739210696,159700.78674914525,162078.8485201945,159144.86921826296,0.9806830906425601,0.9818978273308379,0.9618456078083407
2024-06-07 00:00:00,688.0,440.0,1104,1105,1070,189052.51650848362,183804.4382325352,188633.73938298176,183313.10081201157,0.9722401035814145,0.9717938127697944,0.9692028985507246
2024-06-07 00:00:00,688.0,450.0,1090,1083,1052,146014.05261313193,144309.90527011274,144962.90176991536,143824.25600027095,0.9883288812787466,0.9921452609202618,0.9651376146788991
2024-06-07 00:00:00,688.0,460.0,1072,1066,1049,115422.907503722,113924.26327536858,115020.31211102346,113711.0567059959,0.9870160589369567,0.9886171809048492,0.9785447761194029
2024-06-07 00:00:00,688.0,470.0,1016,1014,994,108856.44948000515,108550.01835098963,108463.77804968844,108317.44756443748,0.9971849979447308,0.9986508815396056,0.9783464566929134
2024-06-07 00:00:00,688.0,480.0,911,914,893,116773.10497548216,115445.57605920943,116417.94862174951,115182.95674102884,0.9886315524747633,0.9893917398876934,0.9802414928649835
2024-06-07 00:00:00,688.0,490.0,895,893,881,263241.1073389186,258401.81905158778,262929.259133941,258251.71227903132,0.981616517510313,0.9822098656105561,0.9843575418994414
2024-06-07 08:00:00,696.0,0.0,37,37,32,843.4771446490766,980.140859196186,781.7843613232543,924.6952712739693,1.1620242058887884,1.1828009320995152,0.8648648648648649
2024-06-07 08:00:00,696.0,10.0,78,85,74,2381.3814315343916,2848.2029972731148,2337.0098652661304,2727.829217210001,1.1960297328084635,1.1672305101285336,0.9487179487179487
2024-06-07 08:00:00,696.0,20.0,136,171,128,4481.0979559741945,5690.237536295679,4378.040601860803,5195.08286503317,1.2698310976910159,1.1866228154268599,0.9411764705882353
2024-06-07 08:00:00,696.0,30.0,254,307,249,23828.98995047142,26661.193367777967,23774.832678708335,25953.392943222138,1.118855370000713,1.0916330429725725,0.9803149606299213
2024-06-07 08:00:00,696.0,40.0,356,432,348,13531.374966111878,17108.814734860942,13436.254069850589,16090.903268013055,1.2643810978343621,1.1975736082662498,0.9775280898876404
2024-06-07 08:00:00,696.0,50.0,437,511,429,45920.115989791404,51714.44146640302,45818.53561233626,50750.984642303854,1.126182727367234,1.1076518261452157,0.9816933638443935
2024-06-07 08:00:00,696.0,60.0,565,649,557,220343.38929265607,231209.42329858136,220230.38523910905,230113.29505375,1.049314091250059,1.0448753236476014,0.9858407079646018
2024-06-07 08:00:00,696.0,70.0,670,764,660,118901.16347903051,130054.39981302514,118794.10027364963,128768.56447401376,1.0938025836556395,1.0839643061177897,0.9850746268656716
2024-06-07 08:00:00,696.0,80.0,725,822,712,115057.09340086608,126001.91243174304,114831.54487610419,124611.2679740758,1.0951251131709414,1.0851658236290673,0.9820689655172414
2024-06-07 08:00:00,696.0,90.0,793,925,779,154590.8986605307,166525.285597395,154332.5237011187,164751.46596657715,1.0771998030949497,1.0675096992882447,0.9823455233291298
2024-06-07 08:00:00,696.0,100.0,903,1047,891,31910.806292401474,40491.31182858166,31747.367846066572,38565.40342629541,1.268890276778226,1.214759082179267,0.9867109634551495
2024-06-07 08:00:00,696.0,110.0,943,1124,930,39225.94104007298,49235.562839280334,39046.14868828814,46866.082484850296,1.2551786275562282,1.200274138660639,0.9862142099681867
2024-06-07 08:00:00,696.0,120.0,994,1231,986,27294.42024008114,37376.658078237764,27160.679937596535,34373.22686539113,1.3693882394084018,1.2655510445381302,0.9919517102615694
2024-06-07 08:00:00,696.0,130.0,1085,1301,1080,47445.183442835434,60093.25146160407,47378.55308585121,57333.71377625501,1.2665827614305196,1.21011955920994,0.9953917050691244
2024-06-07 08:00:00,696.0,140.0,1049,1218,1040,52532.665284994284,64111.38922143806,52383.674141443524,61906.43453346353,1.220409984409285,1.1817887070369897,0.9914204003813155
2024-06-07 08:00:00,696.0,150.0,1073,1243,1062,96319.32635300828,109508.44711660905,96137.20363664214,107234.64038265463,1.1369311981612384,1.1154333216093542,0.9897483690587139
2024-06-07 08:00:00,696.0,160.0,1050,1255,1041,78626.11321923482,92186.98072934536,78465.40984921578,89409.43076076088,1.1724728204775747,1.1394757375584457,0.9914285714285714
2024-06-07 08:00:00,696.0,170.0,1038,1199,1025,71365.03979475814,84566.33785121156,71126.66469736022,82383.09246138536,1.1849827043384213,1.1582589006798023,0.98747591522158
2024-06-07 08:00:00,696.0,180.0,1151,1310,1142,59093.72506898962,72212.96509169103,58952.79296238969,69962.06676496481,1.2220073283142197,1.1867472811610256,0.9921807124239791
2024-06-07 08:00:00,696.0,190.0,1225,1390,1218,63272.035927898825,77847.12611600553,63117.20930030168,75358.92815123635,1.2303559538484843,1.1939521564188702,0.9942857142857143
2024-06-07 08:00:00,696.0,200.0,1210,1354,1203,71376.38759535455,86738.02220565578,71290.12947921059,84821.40346622928,1.215220118695122,1.1898057148425385,0.9942148760330578
2024-06-07 08:00:00,696.0,210.0,1306,1416,1291,92427.65542384378,110936.6027956563,92039.31973983115,109171.83483256951,1.2002533471928547,1.186143434579559,0.9885145482388974
2024-06-07 08:00:00,696.0,220.0,1374,1489,1357,78400.06937246806,95927.9018883764,78091.52303266537,94246.42740155489,1.2235690944689857,1.2068714213978384,0.987627365356623
2024-06-07 08:00:00,696.0,230.0,1433,1536,1416,137258.3784409745,160257.0721138818,136814.32969164496,158648.26584411217,1.1675576670374075,1.1595880797112188,0.9881367759944173
2024-06-07 08:00:00,696.0,240.0,1452,1558,1437,329534.1086730602,360868.6149254954,328736.2081503462,359304.31296229386,1.0950872927194406,1.0929867293412578,0.9896694214876033
2024-06-07 08:00:00,696.0,250.0,1565,1677,1551,155349.53122184944,184484.93658007262,155048.63382426315,182771.4537957868,1.187547430166467,1.178800801321123,0.9910543130990416
2024-06-07 08:00:00,696.0,260.0,1663,1772,1646,126721.51207921981,153281.70076944184,126414.91412317634,151620.88603978034,1.2095949476488093,1.1993908083665175,0.9897775105231509
2024-06-07 08:00:00,696.0,270.0,1575,1711,1555,151687.80229304562,177419.63597082344,151117.84759703718,175496.26528895902,1.1696368019629324,1.1613205725172056,0.9873015873015873
2024-06-07 08:00:00,696.0,280.0,1555,1688,1544,106196.00105669023,129663.42773087995,105985.08712419067,127605.78300890696,1.2209822068691851,1.2039975290050164,0.9929260450160772
2024-06-07 08:00:00,696.0,290.0,1465,1597,1446,147400.68370522972,170789.41047543072,147107.02797082835,168921.1087201663,1.1586744795361568,1.1482871420233147,0.9870307167235495
2024-06-07 08:00:00,696.0,300.0,1432,1551,1411,106306.27050486475,130230.10599590236,105943.37741933162,128468.86235331779,1.2250463249008703,1.2126181502108306,0.9853351955307262
2024-06-07 08:00:00,696.0,310.0,1459,1608,1444,138371.08310555088,164616.70962229796,138092.11307020692,162547.6112188764,1.1896756600273675,1.1770955459001207,0.9897189856065799
2024-06-07 08:00:00,696.0,320.0,1486,1614,1468,256617.00475860498,290756.69598249474,256281.35684549733,288896.5557462219,1.1330375251476588,1.1272632520062202,0.9878869448183042
2024-06-07 08:00:00,696.0,330.0,1504,1610,1488,776217.8192321018,826382.8808991252,776001.6568032487,824842.1972636252,1.064627557399611,1.0629387064218083,0.9893617021276596
2024-06-07 08:00:00,696.0,340.0,1548,1644,1532,749786.0044307727,783971.1558755947,748473.4273260271,782498.8749036076,1.0455932109199275,1.0454597936751593,0.9896640826873385
2024-06-07 08:00:00,696.0,350.0,1548,1652,1531,770103.8093240192,803078.4719278646,769748.8154620392,801364.8005861912,1.0428184644779122,1.0410731195541687,0.9890180878552972
2024-06-07 08:00:00,696.0,360.0,1690,1803,1664,965328.5186606008,1013374.0200092492,964776.6718027066,1011475.6729424873,1.0497711405183718,1.048403949333189,0.9846153846153847
2024-06-07 08:00:00,696.0,370.0,1552,1672,1524,411975.6824332842,463029.61443366343,411273.1357911156,460944.00835383515,1.1239246251109662,1.120773442853674,0.9819587628865979
2024-06-07 08:00:00,696.0,380.0,1290,1360,1266,166552.26278456906,195424.26729049548,165920.45667160657,194008.60480153657,1.1733510192129397,1.16928682992672,0.9813953488372092
2024-06-07 08:00:00,696.0,390.0,1304,1396,1278,111568.23846139907,136354.11712234822,111066.06370979176,134609.93551176286,1.2221589137084448,1.2119807888707541,0.9800613496932515
2024-06-07 08:00:00,696.0,400.0,1223,1323,1205,125165.68749185404,147316.83705078092,124738.25277215856,145456.8086021868,1.1769746166286068,1.1660962485010258,0.9852820932134096
2024-06-07 08:00:00,696.0,410.0,1186,1281,1170,240248.15541257657,271133.6702242761,239999.0407037668,269440.188536562,1.1285567198576822,1.1226719396313534,0.9865092748735245
2024-06-07 08:00:00,696.0,420.0,1057,1123,1044,89047.71493030622,109408.59108156989,88710.21288789182,108268.48562414656,1.2286513041597895,1.2204737436598383,0.9877010406811731
2024-06-07 08:00:00,696.0,430.0,944,1008,934,94128.04613764194,112258.1437609776,93912.23435736299,111196.43232614,1.1926110056170114,1.1840462862698558,0.989406779661017
2024-06-07 08:00:00,696.0,440.0,924,983,919,108919.78308320329,128467.54794074962,108833.7155854891,127568.50569292456,1.1794693700648842,1.1721414178193637,0.9945887445887446
2024-06-07 08:00:00,696.0,450.0,937,984,925,82177.42443691728,99944.18937943631,81505.86604155987,99025.44951684502,1.2162000703265836,1.2149487432763661,0.9871931696905016
2024-06-07 08:00:00,696.0,460.0,907,974,898,60382.44306886496,76375.73689926718,60247.15562943787,75310.33052055226,1.2648666237661532,1.250023004965802,0.9900771775082691
2024-06-07 08:00:00,696.0,470.0,880,923,875,56135.185394050975,71849.43492336267,56052.00389644553,71207.3566427264,1.2799358266834377,1.2703802128873027,0.9943181818181818
2024-06-07 08:00:00,696.0,480.0,791,843,787,64728.42303634715,80503.17956137865,64648.27344782167,79762.95643583455,1.243706795022234,1.2337987108072128,0.9949431099873578
2024-06-07 08:00:00,696.0,490.0,762,834,755,170376.0467970766,189912.75523140922,170260.8905254262,188910.56310402177,1.1146681637566194,1.10953585712516,0.9908136482939632
2024-06-07 16:00:00,704.0,0.0,59,57,56,1841.1066891588835,1699.2939001298732,1802.3099213725482,1688.174793678505,0.9229741601265933,0.9366728627853729,0.9491525423728814
2024-06-07 16:00:00,704.0,10.0,181,169,169,5369.1828752440915,5053.433649021749,5200.5962689054795,5053.433649021749,0.9411923129535819,0.9717027409407609,0.9337016574585635
2024-06-07 16:00:00,704.0,20.0,295,282,278,9299.490244736708,8993.01010589884,9106.380097173022,8950.997500138194,0.9670433399280861,0.9829369524029571,0.9423728813559322
2024-06-07 16:00:00,704.0,30.0,450,433,430,34435.87773790421,33097.525151372865,34187.46505207295,33065.35906976366,0.9611349361640289,0.9671778536197363,0.9555555555555556
2024-06-07 16:00:00,704.0,40.0,588,571,571,24069.65888593026,23318.191027263543,23848.755409442594,23318.191027263543,0.9687794554036666,0.9777529530128444,0.9710884353741497
2024-06-07 16:00:00,704.0,50.0,721,709,706,57815.648677498095,57869.10047451168,57601.73683332798,57822.62941728457,1.000924521271252,1.003834825060844,0.9791955617198336
2024-06-07 16:00:00,704.0,60.0,836,830,825,240685.4761621122,233117.00866368008,240547.485462808,233064.889171161,0.96855453175191,0.9688934753267088,0.9868421052631579
2024-06-07 16:00:00,704.0,70.0,956,935,928,147708.25913913484,144930.9124368343,147367.5660922963,144849.93778996757,0.9811970791715554,0.9829159945496289,0.9707112970711297
2024-06-07 16:00:00,704.0,80.0,1050,1037,1025,141237.7707323166,137848.54087262682,140798.70516778223,137710.18594199393,0.9760033747196897,0.9780642924087414,0.9761904761904762
2024-06-07 16:00:00,704.0,90.0,1135,1130,1116,173291.7556353045,170630.03439303453,172888.0883006737,170298.2909672862,0.984640231541819,0.9850203830764585,0.9832599118942731
2024-06-07 16:00:00,704.0,100.0,1251,1248,1232,56373.16335699311,56015.905967111525,56107.68820905975,55823.56119256679,0.9936626336255217,0.9949360412884186,0.9848121502797762
2024-06-07 16:00:00,704.0,110.0,1386,1367,1351,67396.94922221577,67479.97965111703,66969.33485771347,67290.9584420658,1.0012319612365168,1.0048025500781166,0.9747474747474747
2024-06-07 16:00:00,704.0,120.0,1457,1455,1429,54240.03676821187,55329.44390503774,53888.67557072895,55021.08915388037,1.0200849262230651,1.0210139434892054,0.9807824296499656
2024-06-07 16:00:00,704.0,130.0,1479,1489,1461,77918.8724943529,78578.31598952999,77699.24272203105,78246.01492698316,1.008463206333291,1.0070370338988783,0.9878296146044625
2024-06-07 16:00:00,704.0,140.0,1417,1432,1398,83843.65403237214,84206.74553725874,83556.81844892477,83811.31229400181,1.0043305782539775,1.003045757962082,0.9865913902611151
2024-06-07 16:00:00,704.0,150.0,1427,1428,1393,129833.35467330687,128960.38987483208,129334.66535779706,128548.81012955717,0.9932762670989178,0.9939238623607533,0.9761737911702874
2024-06-07 16:00:00,704.0,160.0,1432,1452,1408,110555.35629180988,111207.35178047794,110164.6111428717,110677.4672906982,1.0058974572606607,1.0046553620305652,0.9832402234636871
2024-06-07 16:00:00,704.0,170.0,1393,1427,1358,103991.93683851726,104784.81829032203,103242.61597957651,103927.24915421929,1.0076244512402532,1.0066313040225385,0.9748743718592965
2024-06-07 16:00:00,704.0,180.0,1465,1482,1434,92985.43657000171,94218.44185596393,92459.7472912012,93632.396553503,1.0132601978486597,1.0126828084291486,0.978839590443686
2024-06-07 16:00:00,704.0,190.0,1522,1528,1482,97824.6089845562,98959.23618745271,97307.41422244247,98324.5429084379,1.0115985866406647,1.0104527357357405,0.973718791064389
2024-06-07 16:00:00,704.0,200.0,1524,1546,1493,105389.79276645694,107266.06143625118,104966.59091800204,106623.75643132307,1.0178031346351732,1.0157875520089585,0.9796587926509186
2024-06-07 16:00:00,704.0,210.0,1590,1590,1556,134450.4825332499,136229.01120181108,133906.21531972257,135812.17343736338,1.013228131539962,1.014233529885749,0.9786163522012579
2024-06-07 16:00:00,704.0,220.0,1666,1687,1624,117686.01743651048,120498.6911403493,116896.47351219362,119698.44595859744,1.0238998121026248,1.0239696918325902,0.9747899159663865
2024-06-07 16:00:00,704.0,230.0,1686,1694,1645,182328.13866933621,185234.37012599775,181526.82082167172,184597.46544097422,1.0159395663108928,1.0169156524936833,0.9756820877817319
2024-06-07 16:00:00,704.0,240.0,1737,1740,1696,387393.6623921591,383600.2900414929,386236.14585200336,383059.81790167745,0.9902079648715931,0.991776202241975,0.9763960852043754
2024-06-07 16:00:00,704.0,250.0,1831,1841,1786,205483.6364277589,212001.97283965192,204659.70107612805,211331.75804645946,1.0317219245542437,1.032600736418791,0.9754232659748772
2024-06-07 16:00:00,704.0,260.0,1920,1936,1875,176056.47449190833,180512.13945038093,175375.75753113333,179737.9198025465,1.0253081573474163,1.0248732340935935,0.9765625
2024-06-07 16:00:00,704.0,270.0,1909,1919,1856,204262.2016331412,204534.5654339887,203489.9323575772,203730.5563553205,1.001333402845313,1.0011824860078113,0.9722367731796753
2024-06-07 16:00:00,704.0,280.0,1903,1919,1836,152713.80253158335,155436.156053384,151748.98499610106,154410.78180513703,1.0178265060307017,1.0175407882240817,0.9647924330005255
2024-06-07 16:00:00,704.0,290.0,1876,1884,1809,199396.64296611046,201158.51605551288,198490.40178760904,200252.90066395502,1.0088360218266155,1.0088795168958946,0.9642857142857143
2024-06-07 16:00:00,704.0,300.0,1832,1835,1766,152578.93530958315,155810.36469423556,151640.10411890948,154952.83631543355,1.0211787385860036,1.0218460163673218,0.9639737991266376
2024-06-07 16:00:00,704.0,310.0,1915,1897,1828,191400.43678012298,193530.3830006359,190274.22572984456,192644.30591857596,1.0111282202713034,1.012456128409617,0.9545691906005221
2024-06-07 16:00:00,704.0,320.0,1861,1852,1805,321145.1860727455,323033.85703385685,320371.48362838314,322432.78709935164,1.0058810502010251,1.0064341040832445,0.9699086512627619
2024-06-07 16:00:00,704.0,330.0,1868,1878,1809,869362.7865661652,850903.7736375409,867461.6522945411,850029.8546915427,0.9787671922310659,0.9799048205106368,0.9684154175588865
2024-06-07 16:00:00,704.0,340.0,1900,1912,1847,803419.4763040398,771405.6966314653,802585.6210094675,770452.5071164292,0.9601530948442437,0.9599630082425071,0.9721052631578947
2024-06-07 16:00:00,704.0,350.0,1871,1879,1809,846172.1661018347,804098.0032285075,845105.2761628451,803201.8010204434,0.9502770658751925,0.9504162660862063,0.9668626402993051
2024-06-07 16:00:00,704.0,360.0,2023,2035,1964,1037257.1975899411,1002591.1603442881,1036275.612943175,1001536.3411630378,0.9665791306860061,0.9664768027479943,0.9708353929807217
2024-06-07 16:00:00,704.0,370.0,1896,1895,1826,481826.8156417326,485942.6951916625,480240.7300846832,485031.8602237557,1.0085422384481613,1.009976517689842,0.9630801687763713
2024-06-07 16:00:00,704.0,380.0,1503,1524,1459,216720.0106963776,219798.85629998642,215688.0979463871,218935.10085318232,1.0142065589315712,1.0150541589346405,0.9707252162341983
2024-06-07 16:00:00,704.0,390.0,1567,1573,1516,159877.84385700242,162342.52299423373,159118.5440617309,161561.50684056806,1.0154160143630393,1.0153530991201716,0.967453733248245
2024-06-07 16:00:00,704.0,400.0,1472,1479,1424,176733.16998521725,177247.2429173695,175949.24025919705,176382.93761967355,1.002908751833033,1.002464900444228,0.967391304347826
2024-06-07 16:00:00,704.0,410.0,1402,1403,1362,294898.07727965,294033.44434484397,294278.96174869145,293489.4341889543,0.997068027900412,0.9973170777990872,0.9714693295292439
2024-06-07 16:00:00,704.0,420.0,1240,1238,1202,129051.13822575998,130152.30109156072,128242.3236916691,129624.78288981077,1.0085327636853103,1.0107800541844945,0.9693548387096774
2024-06-07 16:00:00,704.0,430.0,1113,1113,1071,137036.4040370178,135106.34285750415,136325.6773396361,134555.45714018078,0.98591570471309,0.9870147705553292,0.9622641509433962
2024-06-07 16:00:00,704.0,440.0,1088,1091,1055,157360.7078928888,155055.7071329393,156817.67463560414,154593.74306442228,0.9853521200380057,0.9858183615058086,0.9696691176470589
2024-06-07 16:00:00,704.0,450.0,1089,1080,1048,123169.86288576736,123473.06045274701,121884.96795071298,123043.80535423389,1.0024616213729234,1.009507631851612,0.9623507805325987
2024-06-07 16:00:00,704.0,460.0,1070,1063,1045,99232.88889950805,100012.91636835897,98768.11265085726,99754.2248195268,1.0078605740244129,1.0099841147330153,0.9766355140186916
2024-06-07 16:00:00,704.0,470.0,1005,998,978,92958.04194240371,94933.70589993006,92485.03135648841,94639.13546326608,1.0212532871416382,1.0232913810503514,0.9731343283582089
2024-06-07 16:00:00,704.0,480.0,907,906,884,99222.30621822995,101241.22920180767,98795.98851783587,100964.72639488053,1.0203474708513356,1.0219516795123027,0.9746416758544653
2024-06-07 16:00:00,704.0,490.0,890,899,876,212471.32677175332,213073.41146109166,212137.30882930406,212801.15847722325,1.0028337220766976,1.0031293394433194,0.9842696629213483
2024-06-08 00:00:00,712.0,0.0,62,58,58,2176.2237438037437,1996.4882037151908,2133.1552444983336,1996.4882037151908,0.9174094388960211,0.9359319762892909,0.9354838709677419
2024-06-08 00:00:00,712.0,10.0,177,159,158,6147.5620113689465,5460.478399071522,5917.753372804011,5449.098357016492,0.888234781361006,0.9208052471498224,0.8926553672316384
2024-06-08 00:00:00,712.0,20.0,298,280,278,10896.672430077439,10027.28561450807,10663.459628704548,10006.528546188376,0.9202153849124021,0.93839418862263,0.9328859060402684
2024-06-08 00:00:00,712.0,30.0,451,423,419,42438.10308444082,39327.33281363445,42014.801727821316,39248.908990320764,0.9266986494514906,0.9341686114474976,0.9290465631929047
2024-06-08 00:00:00,712.0,40.0,587,563,561,28553.12559765495,26848.11840966254,28217.989361622927,26825.4796767858,0.9402864957056596,0.9506517042376176,0.9557069846678024
2024-06-08 00:00:00,712.0,50.0,720,702,698,69256.40472589355,67404.2354029884,68990.25934747973,67354.55042716736,0.9732563460341934,0.9762907266071593,0.9694444444444444
2024-06-08 00:00:00,712.0,60.0,838,816,814,309119.46028444136,299338.4555976115,308813.35605443525,299313.4920859253,0.9683584958454906,0.9692375223342498,0.9713603818615751
2024-06-08 00:00:00,712.0,70.0,953,918,910,182904.4214831001,178338.545139823,182318.6504501664,178247.63499992597,0.9750368181028418,0.9776708776628797,0.9548793284365162
2024-06-08 00:00:00,712.0,80.0,1050,1021,1013,179479.09856113937,171839.31561532296,178795.5456992283,171734.33917685092,0.9574335785778759,0.960506809636881,0.9647619047619047
2024-06-08 00:00:00,712.0,90.0,1141,1114,1108,221706.33620042773,215763.39982149738,221302.16703637654,215698.58037556222,0.9731945578066032,0.9746790249013095,0.9710780017528484
2024-06-08 00:00:00,712.0,100.0,1247,1232,1221,65331.4747903892,62370.337476221124,64976.04024715065,62239.53633082616,0.954675180322063,0.957884415456596,0.9791499599037691
2024-06-08 00:00:00,712.0,110.0,1383,1359,1343,80275.93337409214,76939.34806453944,79791.32150523306,76750.12967504884,0.9584360446610574,0.9618856816403928,0.9710773680404917
2024-06-08 00:00:00,712.0,120.0,1449,1453,1426,62687.27400964601,61138.88500318245,62382.90880476625,60796.26013995464,0.9752997872227575,0.9745659717507372,0.9841269841269841
2024-06-08 00:00:00,712.0,130.0,1485,1470,1452,93457.83454911443,90364.4070922886,93021.5267799192,90138.13603214512,0.9669002874745599,0.9690029733161022,0.9777777777777777
2024-06-08 00:00:00,712.0,140.0,1432,1420,1400,100349.10389504081,96459.42114466213,99946.19928354197,96212.90184640735,0.9612384904358782,0.9626469294090568,0.9776536312849162
2024-06-08 00:00:00,712.0,150.0,1429,1427,1401,159596.5339913519,153052.52005975487,159065.48548167522,152747.15739084463,0.9589965159772729,0.9602784471332816,0.980405878236529
2024-06-08 00:00:00,712.0,160.0,1450,1445,1409,135358.4366269494,131314.3665198487,134567.88651909534,130889.83784234198,0.9701232504757258,0.9726677086792811,0.9717241379310345
2024-06-08 00:00:00,712.0,170.0,1416,1408,1365,126533.32757153749,122594.03868621413,125660.79840128655,122059.28229733591,0.9688675785192148,0.9713393822912894,0.9639830508474576
2024-06-08 00:00:00,712.0,180.0,1482,1473,1436,111927.9136601513,108497.7229482434,111105.40866326708,108039.70743358397,0.969353572315097,0.9724072728180634,0.9689608636977058
2024-06-08 00:00:00,712.0,190.0,1542,1536,1497,118691.74195917723,115640.34190404092,117971.43029887925,115168.62725732624,0.9742913870437102,0.9762416795790969,0.9708171206225681
2024-06-08 00:00:00,712.0,200.0,1545,1532,1493,126788.86405049087,124457.73861201838,126022.89864820635,123976.14834259574,0.9816141152779461,0.9837589015364253,0.9663430420711974
2024-06-08 00:00:00,712.0,210.0,1605,1587,1557,162423.8822262155,159292.72423280578,161670.84951860784,158845.98278999556,0.980722305423972,0.9825270496380539,0.9700934579439252
2024-06-08 00:00:00,712.0,220.0,1690,1671,1628,142646.77212461358,140228.34128828492,141469.83757176207,139609.98009832337,0.9830460177941078,0.9868533285584974,0.9633136094674556
2024-06-08 00:00:00,712.0,230.0,1713,1676,1648,222290.81597794453,219342.88444635007,221036.5214128198,219022.9196611028,0.986738401590613,0.9908901853012956,0.9620548744892002
2024-06-08 00:00:00,712.0,240.0,1753,1748,1704,492571.3071826893,483304.5883718328,490731.7992962995,482777.73729653866,0.981187051142182,0.9837914273923825,0.9720479178551056
2024-06-08 00:00:00,712.0,250.0,1837,1842,1782,251150.25151250605,254778.08715716325,250275.59484843112,254004.91425150927,1.0144448815910365,1.0149008512209776,0.9700598802395209
2024-06-08 00:00:00,712.0,260.0,1938,1943,1896,217273.56702035462,217143.70428828255,216583.3446613075,216481.1641925778,0.9994023077272907,0.9995282164060699,0.978328173374613
2024-06-08 00:00:00,712.0,270.0,1926,1929,1883,253473.9687551618,249878.1867201936,252738.91961299954,249310.68226400914,0.9858139987603954,0.9864356571823611,0.9776739356178609
2024-06-08 00:00:00,712.0,280.0,1936,1952,1877,185092.19666971551,183633.30379914254,184201.87357377843,182661.7687118537,0.9921180206576927,0.9916390380182107,0.9695247933884298
2024-06-08 00:00:00,712.0,290.0,1904,1881,1824,245298.8318604942,240627.60407057405,243817.35026652546,239933.02812447917,0.9809569912971426,0.9840687213694997,0.957983193277311
2024-06-08 00:00:00,712.0,300.0,1849,1816,1750,186032.68985425404,183515.35110236675,184288.11663065484,182727.54142421938,0.9864682989110167,0.9915318728360379,0.9464575446187128
2024-06-08 00:00:00,712.0,310.0,1915,1896,1839,232217.17660892388,230400.09479066991,231094.81528540794,229718.6965158622,0.9921750757425059,0.9940452200632619,0.960313315926893
2024-06-08 00:00:00,712.0,320.0,1886,1858,1816,390077.0994390077,383303.13009056845,388934.37882531196,382789.07609003654,0.982634280868625,0.9841996411995363,0.9628844114528102
2024-06-08 00:00:00,712.0,330.0,1894,1877,1824,1070759.892938851,1042910.9311142216,1069837.3621952457,1042261.520140068,0.9739914036673581,0.9742242671366481,0.9630411826821542
2024-06-08 00:00:00,712.0,340.0,1917,1909,1853,1002721.9488210232,965915.8117337337,1001463.1652665439,965229.5874828792,0.9632937753775458,0.9638193604714149,0.9666145018257695
2024-06-08 00:00:00,712.0,350.0,1912,1872,1821,1094657.9143396944,1051186.8719030581,1093253.4001939883,1050425.3841946619,0.9602880115630842,0.9608251700916485,0.9524058577405857
2024-06-08 00:00:00,712.0,360.0,2042,2038,1964,1277444.722667806,1236669.9414426615,1276001.8227296197,1235656.1167186073,0.9680809818995605,0.9683811533084608,0.9618021547502449
2024-06-08 00:00:00,712.0,370.0,1915,1898,1832,581135.0656794164,577718.9831936744,579039.7295115514,576795.0655409938,0.9941217064887519,0.9961234715751697,0.9566579634464752
2024-06-08 00:00:00,712.0,380.0,1544,1540,1485,263726.02621794154,262513.5969149707,261851.20873017958,261788.96303563306,0.9954026937714184,0.999762286014075,0.9617875647668394
2024-06-08 00:00:00,712.0,390.0,1612,1623,1550,191705.62116276697,189921.43466207111,190683.03907182036,188950.275891849,0.9906930924097369,0.9909128615297624,0.9615384615384616
2024-06-08 00:00:00,712.0,400.0,1497,1487,1440,210923.67741857568,206686.48685206805,208876.4596878658,205863.7057867925,0.9799112616546175,0.9855763837362267,0.9619238476953907
2024-06-08 00:00:00,712.0,410.0,1426,1420,1383,366878.40552522603,361014.78141666856,366010.57090307056,360536.782754492,0.9840175272781099,0.985044726617942,0.9698457223001402
2024-06-08 00:00:00,712.0,420.0,1245,1244,1210,153956.15356214385,153248.0994733111,153143.24092125322,152723.69603740773,0.9954009367443247,0.997260441392505,0.9718875502008032
2024-06-08 00:00:00,712.0,430.0,1132,1134,1091,161928.32048775099,157377.19212928088,161199.79306966957,156830.57026574237,0.9718941791975519,0.9728956053805922,0.9637809187279152
2024-06-08 00:00:00,712.0,440.0,1107,1103,1065,187642.25433187233,182216.74051143037,187028.12797353632,181582.85024895554,0.9710858631508117,0.9708852471359214,0.962059620596206
2024-06-08 00:00:00,712.0,450.0,1098,1084,1051,145437.19848454883,143393.17646752784,144204.23013153864,142713.38858507504,0.985945672507999,0.9896615962991953,0.9571948998178507
2024-06-08 00:00:00,712.0,460.0,1073,1063,1047,115299.60655065051,113341.21450365362,114855.05983383543,113138.6513186425,0.9830147551619218,0.9850558737449084,0.9757688723205965
2024-06-08 00:00:00,712.0,470.0,1014,1012,994,108379.3738527178,107422.44279303649,108006.82497309355,107199.90756247228,0.9911705426441959,0.9925290146171569,0.980276134122288
2024-06-08 00:00:00,712.0,480.0,910,907,891,116585.18101578855,115751.44516098841,116122.40698629603,115542.88381557527,0.9928486978573441,0.9950093768656626,0.9791208791208791
2024-06-08 00:00:00,712.0,490.0,901,893,888,260607.5896376961,255889.07944548188,260389.33050955838,255832.49557211154,0.9818941950279575,0.9824999168417172,0.9855715871254163
2024-06-08 08:00:00,720.0,0.0,36,39,35,847.7079635157506,1055.7773122417775,837.5948361543153,1006.1273535040776,1.245449326514627,1.201210072072021,0.9722222222222222
2024-06-08 08:00:00,720.0,10.0,77,96,74,2358.8875611842896,2935.8812660346484,2302.162366148012,2688.4039490075675,1.2446041576312679,1.1677733892878357,0.961038961038961
2024-06-08 08:00:00,720.0,20.0,148,180,137,4663.977410723895,5804.958612074718,4506.949282996308,5285.633678239892,1.2446369484396218,1.172774164151654,0.9256756756756757
2024-06-08 08:00:00,720.0,30.0,262,314,256,23880.604946759482,26389.31572656669,23815.866724893353,25689.383613039565,1.1050522290117961,1.0786667522869504,0.9770992366412213
2024-06-08 08:00:00,720.0,40.0,377,434,371,13869.322338468406,17245.30451110807,13789.262712684318,16492.812773207326,1.2434136355224745,1.1960619734974007,0.9840848806366048
2024-06-08 08:00:00,720.0,50.0,447,516,430,46195.398700567326,51383.181365222525,45970.04041945722,50386.70216782711,1.1123008526949132,1.0960769603000067,0.9619686800894854
2024-06-08 08:00:00,720.0,60.0,577,678,573,219838.13133851625,229446.69999892925,219764.30273599675,228175.12721095805,1.0437074705917024,1.0382720231186282,0.9930675909878682
2024-06-08 08:00:00,720.0,70.0,677,752,660,118741.25381091356,128525.7564266165,118556.08990006553,127443.8439389595,1.082401880573739,1.0749666596324636,0.9748892171344166
2024-06-08 08:00:00,720.0,80.0,738,842,725,115539.3173884767,124557.21031242285,115307.66939418978,123126.02664064176,1.0780504258444368,1.0678043124757315,0.9823848238482384
2024-06-08 08:00:00,720.0,90.0,803,925,797,155229.50045496674,165467.5776940422,155020.0867348253,163918.76924240717,1.065954455880283,1.0574034158734784,0.9925280199252802
2024-06-08 08:00:00,720.0,100.0,915,1033,899,32295.81310456791,40170.45370947138,32081.381074629953,38527.056043060875,1.2438285290853903,1.200916380545979,0.9825136612021858
2024-06-08 08:00:00,720.0,110.0,963,1132,952,39539.80582762681,49480.18446422622,39350.40480352356,47267.355045655466,1.2514018070785258,1.2011910749498311,0.9885773624091381
2024-06-08 08:00:00,720.0,120.0,1022,1221,1011,27894.31189988664,37480.50596926558,27759.890777694396,34884.727791821235,1.3436612490669788,1.256659403712488,0.9892367906066536
2024-06-08 08:00:00,720.0,130.0,1112,1287,1101,48097.37180256048,59657.25854198358,47957.2408107261,57334.296112129254,1.2403434180744093,1.1955294996726726,0.9901079136690647
2024-06-08 08:00:00,720.0,140.0,1067,1226,1055,53094.01427177823,63334.84399155843,52944.026915354865,61248.976686586844,1.1928810593857027,1.1568628276898856,0.9887535145267105
2024-06-08 08:00:00,720.0,150.0,1096,1261,1088,97152.00272104773,108524.20566394234,97010.48604379133,106338.8859453144,1.1170557747074714,1.0961586760560311,0.9927007299270073
2024-06-08 08:00:00,720.0,160.0,1069,1249,1062,79319.0901158103,91207.74226830702,79211.70359038454,88891.82962991379,1.1498838695090756,1.1222057549675566,0.9934518241347053
2024-06-08 08:00:00,720.0,170.0,1061,1197,1049,72011.77296827281,83919.98120185867,71628.66117184937,82050.62443222463,1.1653647416629003,1.1454999031096114,0.9886899151743638
2024-06-08 08:00:00,720.0,180.0,1177,1308,1164,60283.58522150609,71889.1665391931,59918.566377756724,70058.31718406153,1.192516441665562,1.169225524228646,0.9889549702633815
2024-06-08 08:00:00,720.0,190.0,1243,1369,1232,63911.76128266867,77010.9758632862,63702.35841662416,75248.26853064643,1.2049578092940108,1.1812477654046976,0.9911504424778761
2024-06-08 08:00:00,720.0,200.0,1228,1356,1220,72447.01315745251,86541.56806442482,72204.35776511626,84783.71758291117,1.194549841224509,1.1742188450552538,0.993485342019544
2024-06-08 08:00:00,720.0,210.0,1316,1428,1304,92609.81044609858,109106.58361156644,92379.27536833083,107464.68897786063,1.1781320260348598,1.1632986787283388,0.9908814589665653
2024-06-08 08:00:00,720.0,220.0,1389,1498,1368,79423.06054353465,95110.48964697262,78962.23177154639,93440.93173582928,1.1975173078962265,1.1833623447494832,0.9848812095032398
2024-06-08 08:00:00,720.0,230.0,1443,1528,1431,139463.90400470796,160580.9084771927,139204.27857538447,159307.0544532201,1.1514155553237049,1.1444120545975116,0.9916839916839917
2024-06-08 08:00:00,720.0,240.0,1464,1576,1451,332957.50408507703,358967.7848059869,331870.60945914726,357334.7363668109,1.0781189202879888,1.0767290810992958,0.9911202185792349
2024-06-08 08:00:00,720.0,250.0,1578,1670,1557,157795.19796235347,184612.2636417824,157325.69571578864,183129.25191213022,1.1699485537311909,1.1640136156966763,0.9866920152091255
2024-06-08 08:00:00,720.0,260.0,1677,1800,1666,129741.13952387852,154242.76250512013,129569.7952894592,152404.17167900465,1.1888500676898415,1.1762322487160948,0.9934406678592725
2024-06-08 08:00:00,720.0,270.0,1583,1716,1563,154865.96814525902,178004.52325060792,154396.8029648542,176075.468347452,1.1494101989124281,1.1404087712070863,0.9873657612128869
2024-06-08 08:00:00,720.0,280.0,1570,1697,1548,108262.47079335249,130017.59384511258,107758.42904148153,127990.27956810087,1.2009479637065137,1.1877519068028646,0.9859872611464968
2024-06-08 08:00:00,720.0,290.0,1475,1608,1456,149085.40796110564,170439.21918847229,148485.08411850082,168456.29460629995,1.143232067573894,1.1344997755590105,0.9871186440677966
2024-06-08 08:00:00,720.0,300.0,1439,1562,1429,107855.47352892433,129658.974277552,107682.49053706115,127942.62156880733,1.202154791363282,1.188146939494989,0.9930507296733843
2024-06-08 08:00:00,720.0,310.0,1486,1612,1474,139903.11038204058,163278.27197764692,139673.00994417796,161523.81175784525,1.1670810715485493,1.1564425497982769,0.9919246298788694
2024-06-08 08:00:00,720.0,320.0,1499,1616,1484,257141.9536077089,287425.6989754333,256818.54003412044,285708.0013810304,1.1177705346904407,1.1124897810846202,0.989993328885924
2024-06-08 08:00:00,720.0,330.0,1517,1624,1498,775989.3433443452,815073.6829191685,775657.1066011527,813439.3887040322,1.0503671086594801,1.048710031509203,0.987475280158207
2024-06-08 08:00:00,720.0,340.0,1563,1667,1540,750152.5224700484,774471.9306041911,749060.5026372632,772937.4018539307,1.0324192846197005,1.031875795256328,0.9852847088931542
2024-06-08 08:00:00,720.0,350.0,1560,1659,1545,770064.5420956756,794306.6635991588,769676.3752844075,792732.6413080099,1.0314806359445015,1.0299557928032839,0.9903846153846154
2024-06-08 08:00:00,720.0,360.0,1693,1792,1670,963432.8692586126,999355.27553003,962994.2880670645,997453.547170285,1.0372858425507743,1.035783451189921,0.9864146485528648
2024-06-08 08:00:00,720.0,370.0,1553,1679,1525,412321.3160499082,460205.738989476,411498.11745106307,457443.4818971895,1.1161337555824347,1.1116538873390847,0.9819703799098519
2024-06-08 08:00:00,720.0,380.0,1294,1364,1270,168142.50878296891,195183.08554464945,167435.3700192248,193846.30792500958,1.1608193963406561,1.157738104575827,0.98145285935085
2024-06-08 08:00:00,720.0,390.0,1311,1425,1296,112325.97875447509,135332.15152075439,112076.55963132335,133443.17312498752,1.204816134445325,1.1906430172727445,0.988558352402746
2024-06-08 08:00:00,720.0,400.0,1228,1337,1205,125906.07901237707,147941.07774271665,125446.09477834632,145779.37872927595,1.1750113966155156,1.162087819368606,0.9812703583061889
2024-06-08 08:00:00,720.0,410.0,1199,1279,1187,241374.6911887131,270404.53704926017,241141.57154708717,269014.4641557819,1.120268805803881,1.1155872561909221,0.9899916597164303
2024-06-08 08:00:00,720.0,420.0,1064,1124,1043,89908.85888073171,109661.34497544936,89134.50169687385,108248.70544540077,1.2196945477966776,1.214442257315018,0.9802631578947368
2024-06-08 08:00:00,720.0,430.0,942,999,931,94503.94331890746,111176.40298051435,94265.69091962991,110235.99419389876,1.1764207828380768,1.1694179835576126,0.9883227176220807
2024-06-08 08:00:00,720.0,440.0,931,990,924,109575.85730886215,126932.57056740805,109424.81092618855,126095.31794417487,1.1583990642174256,1.1523466833242348,0.9924812030075187
2024-06-08 08:00:00,720.0,450.0,936,986,924,83064.48815101365,99880.3249471711,82730.74219065046,99044.35970963576,1.2024431519470242,1.1971893045681987,0.9871794871794872
2024-06-08 08:00:00,720.0,460.0,908,972,901,61482.05327450634,76445.66370144341,61344.52580717638,75388.44331344005,1.243381761505707,1.2289351384084013,0.9922907488986784
2024-06-08 08:00:00,720.0,470.0,882,933,877,56952.08318032467,71877.51796579776,56847.61869191045,71035.30962410817,1.2620700411996413,1.2495740588376951,0.9943310657596371
2024-06-08 08:00:00,720.0,480.0,803,838,796,65712.33636865286,80401.91252798392,65450.93606686206,79851.83788827343,1.2235436597006846,1.2200259108089757,0.9912826899128269
2024-06-08 08:00:00,720.0,490.0,777,819,770,171490.72121214643,188724.24001238693,171402.82548430373,188067.39896578755,1.10049242710293,1.097224613622311,0.990990990990991
2024-06-08 16:00:00,728.0,0.0,59,58,58,1862.8209649313221,1830.7324886046908,1851.4372917112119,1830.7324886046908,0.9827742563935475,0.9888169028466611,0.9830508474576272
2024-06-08 16:00:00,728.0,10.0,180,169,163,5289.053006695387,5096.096618742007,5058.413075954968,5032.306833109834,0.9635177814045128,0.9948390448836159,0.9055555555555556
2024-06-08 16:00:00,728.0,20.0,293,282,279,9093.452193688147,8955.45612082641,8927.051270895048,8922.014727535272,0.9848246771498373,0.9994358110862209,0.9522184300341296
2024-06-08 16:00:00,728.0,30.0,448,436,432,33189.20655422245,32174.511772707127,32983.822952299255,32126.284867328737,0.9694269647616438,0.9740012524863877,0.9642857142857143
2024-06-08 16:00:00,728.0,40.0,587,580,574,23715.371804620332,23703.53229214318,23503.506130829228,23633.17151945136,0.9995007663141572,1.005516853013349,0.9778534923339012
2024-06-08 16:00:00,728.0,50.0,719,713,707,57454.02310056301,58097.50439942874,57277.109729499694,58027.51322451035,1.0111999345587936,1.013101280748183,0.9833101529902643
2024-06-08 16:00:00,728.0,60.0,836,835,829,231195.28230683808,225906.42127868062,231111.4307831857,225842.20892374107,0.977123836717662,0.9772005138751104,0.9916267942583732
2024-06-08 16:00:00,728.0,70.0,959,950,938,143589.63226494155,141855.87986517273,143322.9763883196,141718.33646135114,0.9879256435689603,0.9888040287230649,0.9781021897810219
2024-06-08 16:00:00,728.0,80.0,1047,1041,1027,136858.08289123664,134441.82356236616,136283.7030226926,134289.46263423856,0.9823447817050694,0.9853669929402932,0.9808978032473734
2024-06-08 16:00:00,728.0,90.0,1141,1119,1113,169915.25068505114,166932.9349759979,169573.19242452478,166863.0628395238,0.9824482164077128,0.9840179361710889,0.9754601226993865
2024-06-08 16:00:00,728.0,100.0,1249,1253,1232,55363.394284787515,55813.48779670117,55154.66660577057,55573.54683227856,1.008129803414841,1.0075946470586437,0.9863891112890312
2024-06-08 16:00:00,728.0,110.0,1382,1385,1364,65602.35754584936,66662.14811018002,65361.59351900313,66419.75945695475,1.0161547633953547,1.016189414623803,0.9869753979739508
2024-06-08 16:00:00,728.0,120.0,1456,1458,1432,53370.3551736472,54545.49779378147,53079.878854420625,54230.00860771609,1.0220186396794775,1.0216679046395314,0.9835164835164835
2024-06-08 16:00:00,728.0,130.0,1483,1489,1461,76543.58650984982,78042.94511018544,76239.96812267773,77706.74982455026,1.0195882982324413,1.0192390125283413,0.9851652056641942
2024-06-08 16:00:00,728.0,140.0,1416,1421,1387,81638.5479712115,81914.54258163423,81296.74954892126,81521.67829974924,1.0033806898491147,1.0027667619194618,0.9795197740112994
2024-06-08 16:00:00,728.0,150.0,1415,1426,1390,127325.86647134274,126427.62879208085,126998.0205807347,125987.9599746883,0.9929453637021661,0.9920466429206724,0.9823321554770318
2024-06-08 16:00:00,728.0,160.0,1433,1449,1413,108685.89020150722,109259.58358336471,108348.65005322798,108776.1399300016,1.0052784531717396,1.003945502565686,0.9860432658757851
2024-06-08 16:00:00,728.0,170.0,1398,1407,1357,102473.14569589178,103430.70294369427,101751.578588081,102827.9927512272,1.0093444701175098,1.0105788448501996,0.9706723891273248
2024-06-08 16:00:00,728.0,180.0,1457,1483,1426,92198.9839124041,92780.11412064139,91666.88824832752,92091.01452241492,1.0063030001370665,1.00462682089675,0.9787234042553191
2024-06-08 16:00:00,728.0,190.0,1511,1541,1482,95872.47052236834,97676.30847798326,95372.77872227151,96955.45104118728,1.0188149731177947,1.0165945916656633,0.9808074123097287
2024-06-08 16:00:00,728.0,200.0,1521,1551,1494,103886.08659452203,106478.749392778,103576.37548245092,105738.32668642535,1.0249567856798323,1.0208730146609613,0.9822485207100592
2024-06-08 16:00:00,728.0,210.0,1593,1594,1554,131060.64277959103,132849.55284286226,130464.71528565473,132350.49169135807,1.0136494833638174,1.014454302081405,0.975517890772128
2024-06-08 16:00:00,728.0,220.0,1666,1672,1625,115472.97921238648,118499.60888540174,114709.54601753954,117919.86630695705,1.0262107178117268,1.0279865137721549,0.975390156062425
2024-06-08 16:00:00,728.0,230.0,1688,1702,1650,181965.30953402357,183009.4455234946,181030.98164570902,182378.01978934096,1.0057381046538203,1.0074409260303752,0.9774881516587678
2024-06-08 16:00:00,728.0,240.0,1735,1748,1696,377897.62091544166,376663.1236395545,376652.65609502746,376031.6228123801,0.9967332494105238,0.9983511777426821,0.9775216138328531
2024-06-08 16:00:00,728.0,250.0,1826,1855,1789,201847.85331418464,209283.8619049366,201042.40181232843,208471.38458287413,1.0368396714092247,1.0369523180362747,0.97973713033954
2024-06-08 16:00:00,728.0,260.0,1928,1940,1882,174240.7377614802,179424.33571774673,173454.35535123927,178716.66632698104,1.0297496327372213,1.0303383040747853,0.9761410788381742
2024-06-08 16:00:00,728.0,270.0,1897,1936,1854,201805.10406028733,204815.2536002659,201094.15797127085,203807.96357155393,1.014916121938518,1.0134951986057734,0.9773326304691619
2024-06-08 16:00:00,728.0,280.0,1905,1932,1849,151363.2798107512,156246.33778945624,150530.49241556742,155187.64948266628,1.0322605190955845,1.0309382969016132,0.9706036745406824
2024-06-08 16:00:00,728.0,290.0,1876,1909,1821,195670.5795241945,199464.67882442666,194909.4448125671,198380.4733440535,1.0193902389897251,1.0178084162869803,0.970682302771855
2024-06-08 16:00:00,728.0,300.0,1821,1830,1761,149782.39493281965,153785.13408691488,148894.19290754126,152963.44335148702,1.0267236957713926,1.027329812966397,0.9670510708401977
2024-06-08 16:00:00,728.0,310.0,1914,1914,1844,187672.27229569817,191689.87969235354,186784.7042466686,190896.03420247958,1.0214075704818302,1.022011063338364,0.9634273772204807
2024-06-08 16:00:00,728.0,320.0,1860,1862,1802,314989.3267967347,317697.56756657094,314139.3187578318,316956.6545447521,1.0085978810691065,1.0089684277602071,0.9688172043010753
2024-06-08 16:00:00,728.0,330.0,1866,1874,1799,852847.4059237683,838318.9786137841,851958.7009667961,837352.6889805512,0.9829647986157058,0.9828559624196922,0.9640943193997856
2024-06-08 16:00:00,728.0,340.0,1905,1899,1834,784165.0174142941,759185.8834293704,782660.9543321937,758398.7230282418,0.9681455644791578,0.9690003300028507,0.9627296587926509
2024-06-08 16:00:00,728.0,350.0,1857,1908,1806,805812.4824175868,779606.2548567788,804717.3489451555,778348.2605194933,0.9674785038298432,0.967231862889215,0.9725363489499192
2024-06-08 16:00:00,728.0,360.0,2017,2009,1950,1018542.5805362498,986585.6553733554,1017385.5629385721,985844.387670266,0.9686248510631048,0.9689978151673354,0.9667823500247893
2024-06-08 16:00:00,728.0,370.0,1890,1902,1834,479141.9334329596,485160.60937958455,477649.0170189731,484304.9445396081,1.0125613634012416,1.0139347664989973,0.9703703703703703
2024-06-08 16:00:00,728.0,380.0,1501,1533,1460,213286.6496139294,218286.30414775762,212417.29455752845,217327.94468324614,1.0234410102220561,1.0231179393182024,0.9726848767488341
2024-06-08 16:00:00,728.0,390.0,1568,1589,1515,156098.32262363512,159702.4260884731,155294.02628656392,158493.95064118266,1.0230886751648687,1.0206055856180452,0.9661989795918368
2024-06-08 16:00:00,728.0,400.0,1466,1491,1423,171456.1628395669,172372.78995176166,170569.07019939797,171284.79822809892,1.0053461310285619,1.004196118486571,0.970668485675307
2024-06-08 16:00:00,728.0,410.0,1398,1409,1363,286883.5210548798,287998.9076014996,286270.7694224842,287329.1473255269,1.0038879421952103,1.0036971218024735,0.974964234620887
2024-06-08 16:00:00,728.0,420.0,1232,1228,1191,125925.18178112002,128707.47691362088,125145.25395022033,128205.6130803882,1.0220948272072934,1.0244544561904456,0.9667207792207793
2024-06-08 16:00:00,728.0,430.0,1109,1147,1088,133209.69898909208,133058.0315420981,132877.7141061986,132284.85984199564,0.9988614384076763,0.9955383469064711,0.9810640216411182
2024-06-08 16:00:00,728.0,440.0,1084,1095,1051,153035.65697320458,151326.19228079554,152617.56678581523,150789.88122694648,0.9888296314321808,0.9880244090024464,0.9695571955719557
2024-06-08 16:00:00,728.0,450.0,1079,1081,1046,119590.26216787295,121254.34302988964,118610.91234126026,120770.93003953544,1.013914852529387,1.0182109525644698,0.969416126042632
2024-06-08 16:00:00,728.0,460.0,1066,1059,1042,96346.52084082866,98218.31625956457,95949.0830151343,97994.15604054293,1.0194277427186837,1.0213141487249655,0.9774859287054409
2024-06-08 16:00:00,728.0,470.0,1007,1014,982,90226.88064718818,92359.31030861873,89843.00835690193,91994.4868482612,1.0236340838354916,1.0239470887129303,0.9751737835153923
2024-06-08 16:00:00,728.0,480.0,905,915,889,97041.93927645429,99391.03685941377,96738.56512299884,99084.97808625948,1.0242070346128116,1.0242551970899845,0.9823204419889503
2024-06-08 16:00:00,728.0,490.0,888,907,881,206963.51500081326,207327.06701001988,206808.11533288824,207018.61094273912,1.0017565995108133,1.00101783051169,0.9921171171171171
2024-06-09 00:00:00,736.0,0.0,60,58,57,2112.1890657944928,1967.0386828920207,2080.18723228866,1955.0225062373781,0.931279644775609,0.9398300671648804,0.95
2024-06-09 00:00:00,736.0,10.0,177,156,155,6016.283774070227,5270.356411803965,5746.833865508581,5259.584272296958,0.8760152628635707,0.9152142545591925,0.8757062146892656
2024-06-09 00:00:00,736.0,20.0,295,274,273,10537.375452560378,9782.073605380738,10279.7495755481,9771.230989585612,0.9283216346821811,0.9505320064243516,0.9254237288135593
2024-06-09 00:00:00,736.0,30.0,449,425,423,40424.894045663874,37830.4146200912,40061.130421033384,37805.25179132832,0.9358197594125551,0.9436890919952511,0.9420935412026726
2024-06-09 00:00:00,736.0,40.0,586,563,560,27954.596974712338,26512.72619773414,27563.691161685347,26476.862672326824,0.9484209778347901,0.9605702849091105,0.9556313993174061
2024-06-09 00:00:00,736.0,50.0,719,693,692,69441.42970459402,67900.62720714562,69071.65645129641,67890.49754170164,0.9778114807831143,0.982899513776282,0.9624478442280946
2024-06-09 00:00:00,736.0,60.0,831,822,819,298026.0129094238,290012.36137068295,297800.4616284034,289979.12513779267,0.9731108990772012,0.9737363184467785,0.9855595667870036
2024-06-09 00:00:00,736.0,70.0,952,925,918,177908.8077065735,173906.72467890466,177464.40031219268,173828.65454051876,0.9775048628605869,0.9795128162872218,0.9642857142857143
2024-06-09 00:00:00,736.0,80.0,1046,1021,1013,172706.21029718238,166327.4747098442,172205.39154575748,166235.6220358475,0.9630659744292805,0.9653334343581007,0.9684512428298279
2024-06-09 00:00:00,736.0,90.0,1141,1120,1115,216597.47917040536,211409.9141977925,216278.2643413702,211353.38931241343,0.9760497444731034,0.9772289876472126,0.9772129710780018
2024-06-09 00:00:00,736.0,100.0,1247,1237,1225,63748.52770909498,61240.68318938206,63476.013207331685,61096.69447984664,0.9606603538962183,0.962516254451686,0.9823576583801122
2024-06-09 00:00:00,736.0,110.0,1378,1367,1349,77174.68171580724,74795.87249151847,76800.6544703544,74584.2202477809,0.9691763001621615,0.9711404253276376,0.978955007256894
2024-06-09 00:00:00,736.0,120.0,1453,1446,1422,60653.56766783872,59326.36207952854,60266.09111449805,59027.27586935619,0.9781182601561306,0.979444240994687,0.9786648313833448
2024-06-09 00:00:00,736.0,130.0,1480,1475,1451,90688.12950239603,88259.48942960807,90265.03579897835,87964.77672306303,0.9732198680674764,0.9745166103845786,0.9804054054054054
2024-06-09 00:00:00,736.0,140.0,1431,1409,1395,96681.0204267758,93575.95545137377,96154.519837399,93421.82352853843,0.9678834070876017,0.9715801575060469,0.9748427672955975
2024-06-09 00:00:00,736.0,150.0,1427,1417,1391,154755.06642839318,149341.19571565153,154141.41223380237,149035.52519404335,0.9650165203783703,0.9668753064749764,0.9747722494744219
2024-06-09 00:00:00,736.0,160.0,1450,1431,1402,131632.19606612594,128514.72624750322,130783.84832818893,128121.61669368087,0.976316813729548,0.9796440335061295,0.9668965517241379
2024-06-09 00:00:00,736.0,170.0,1401,1417,1360,122505.13754435096,120338.4853347475,121429.64870251626,119629.18792481798,0.9823137849315172,0.9851728074902931,0.9707351891506067
2024-06-09 00:00:00,736.0,180.0,1467,1471,1428,109085.84347949196,106234.24282666776,108443.35519125134,105722.43997199682,0.9738591135030248,0.9749093412458892,0.9734151329243353
2024-06-09 00:00:00,736.0,190.0,1532,1524,1491,114790.9776268717,112399.35968204596,114247.10639939376,111970.29876215238,0.979165453642187,0.9800712008470311,0.9732375979112271
2024-06-09 00:00:00,736.0,200.0,1538,1528,1483,123470.15836476993,122110.2555276406,122730.89681442725,121544.46561638254,0.9889859796477158,0.9903330682913641,0.9642392717815345
2024-06-09 00:00:00,736.0,210.0,1597,1574,1537,157078.25623306824,154419.86106761036,156152.9608945013,153983.4058364026,0.9830759824484336,0.9861062188915876,0.9624295554164057
2024-06-09 00:00:00,736.0,220.0,1682,1665,1627,138139.79706659314,136878.39591002456,137303.13608780748,136383.12986480596,0.9908686621570719,0.9932994522250886,0.9673008323424495
2024-06-09 00:00:00,736.0,230.0,1698,1677,1646,219628.81452316212,216186.28674530564,218330.3679143088,215737.47437385604,0.9843257006812581,0.9881239904223016,0.9693757361601885
2024-06-09 00:00:00,736.0,240.0,1748,1723,1686,475632.9876093294,469232.0937562918,473484.81170318706,468799.67700738,0.986542367708324,0.9901049947537831,0.9645308924485125
2024-06-09 00:00:00,736.0,250.0,1833,1843,1785,242378.01721289134,246082.62944168143,241621.23474244753,245291.3034994105,1.0152844398654197,1.0151893469167768,0.9738134206219312
2024-06-09 00:00:00,736.0,260.0,1932,1936,1889,211376.39585071226,213595.8746254398,210375.53528452557,212932.09528108768,1.0105001259284176,1.012152363596387,0.977743271221532
2024-06-09 00:00:00,736.0,270.0,1917,1913,1853,245155.58978660492,242836.7359764279,244011.12814621074,241995.10690831812,0.9905412974177116,0.9917379946840595,0.9666145018257695
2024-06-09 00:00:00,736.0,280.0,1934,1938,1860,181821.37590776355,181492.311525235,180600.45831001134,180533.61623957386,0.9981901776901333,0.9996298898072411,0.9617373319544984
2024-06-09 00:00:00,736.0,290.0,1887,1889,1817,237865.46366734474,236346.83721105932,236827.5074574239,235488.64713951584,0.9936156076091432,0.9943466857702383,0.9629040805511394
2024-06-09 00:00:00,736.0,300.0,1836,1808,1756,180224.82407572275,179350.32300945045,178975.01742532352,178735.40625632444,0.9951477213488367,0.9986612032648687,0.9564270152505446
2024-06-09 00:00:00,736.0,310.0,1908,1896,1833,225816.9403420047,225418.52745311736,224694.31525361718,224652.93317891972,0.998235682016221,0.9998158294541152,0.960691823899371
2024-06-09 00:00:00,736.0,320.0,1880,1842,1799,382567.7437733686,377886.4291969498,381195.2771082105,377352.8522027896,0.9877634362734147,0.9899200616162668,0.9569148936170213
2024-06-09 00:00:00,736.0,330.0,1871,1862,1799,1056823.0724482322,1032696.6912829714,1055759.5962610124,1031903.5318089188,0.9771708417480234,0.9774038857552608,0.9615179048637092
2024-06-09 00:00:00,736.0,340.0,1904,1907,1834,987180.3680459177,956762.5588535956,985284.8909766125,955865.5776699974,0.9691871818191311,0.9701413128567772,0.9632352941176471
2024-06-09 00:00:00,736.0,350.0,1896,1882,1815,1035559.6488774499,1006767.3161431566,1033808.9839329909,1005920.7837094264,0.9721963551153192,0.9730238364562596,0.9572784810126582
2024-06-09 00:00:00,736.0,360.0,2029,2026,1953,1271538.5287869023,1234869.012381595,1270095.2976984289,1233862.5385576754,0.9711613013879403,0.9714724090338641,0.9625431246919665
2024-06-09 00:00:00,736.0,370.0,1911,1915,1847,580856.2530238874,578387.0412097251,579691.6148355195,577258.5743123512,0.9957490139749589,0.995802870938786,0.9665096807953951
2024-06-09 00:00:00,736.0,380.0,1531,1538,1472,257425.59081988333,256850.2058105548,255979.69798789453,255860.08189303678,0.9977648492230474,0.9995327125713563,0.961463096015676
2024-06-09 00:00:00,736.0,390.0,1607,1595,1540,185361.25034779386,183979.79206412053,184183.93076739553,183050.75061789548,0.9925472110212825,0.9938475623536825,0.9583074051026758
2024-06-09 00:00:00,736.0,400.0,1483,1483,1432,203322.27085284347,199153.33988008474,201860.84141458647,198261.4844461985,0.9794959452534541,0.9821691173822291,0.9656102494942683
2024-06-09 00:00:00,736.0,410.0,1419,1408,1360,354640.5731520504,350034.39127369196,353465.0490181356,349333.8547660714,0.9870116895046198,0.9883122977404982,0.9584214235377027
2024-06-09 00:00:00,736.0,420.0,1245,1224,1195,149133.4423550604,148596.35863410408,147827.31143643934,148215.9696497732,0.9963986366003836,1.0026291367241769,0.9598393574297188
2024-06-09 00:00:00,736.0,430.0,1122,1125,1084,156441.589842661,152746.77677685546,155807.8847699882,152252.67946702507,0.9763821559885607,0.9771821220202591,0.966131907308378
2024-06-09 00:00:00,736.0,440.0,1092,1082,1055,182133.7660545068,176773.13448255364,181604.6941458768,176447.95082134398,0.9705676125406154,0.9716045703070286,0.9661172161172161
2024-06-09 00:00:00,736.0,450.0,1081,1084,1051,140495.68419767157,138991.28475744676,139536.60081894364,138597.8068566591,0.9892922017582535,0.9932720593967838,0.9722479185938946
2024-06-09 00:00:00,736.0,460.0,1072,1070,1043,111544.48547529461,111224.68259176788,110984.57223273082,110882.64366368936,0.9971329565763467,0.9990815969554064,0.9729477611940298
2024-06-09 00:00:00,736.0,470.0,1013,1019,994,104588.21004087286,104496.79096933501,104230.02993525566,104192.27712515855,0.9991259141780692,0.9996377933488021,0.981243830207305
2024-06-09 00:00:00,736.0,480.0,904,908,888,113161.21610882883,113748.86926368726,112719.92826173017,113489.75032467107,1.0051930615016833,1.006829511647252,0.9823008849557522
2024-06-09 00:00:00,736.0,490.0,892,903,882,253862.65897602457,251391.6281648827,252230.9104451027,251144.3384876881,0.9902662690877463,0.9956921538462628,0.9887892376681614
2024-06-09 08:00:00,744.0,0.0,38,47,36,890.1724799546937,1080.6543199383207,869.0967756275984,961.6779796109984,1.2139830698802572,1.1065257708688938,0.9473684210526315
2024-06-09 08:00:00,744.0,10.0,80,84,73,2395.767816492866,2587.208621421306,2302.751137980375,2464.010203012414,1.0799079124489983,1.0700288721487599,0.9125
2024-06-09 08:00:00,744.0,20.0,152,171,140,4699.477018576888,5345.08463254101,4562.639957312966,4997.669286861003,1.137378608600926,1.0953459693550387,0.9210526315789473
2024-06-09 08:00:00,744.0,30.0,274,300,264,24041.752183177432,25018.83914155313,23923.640358206507,24618.39403424685,1.0406412540538283,1.0290404664857797,0.9635036496350365
2024-06-09 08:00:00,744.0,40.0,392,420,372,14262.356546307554,16352.870435124583,14019.211755932629,15807.681522054412,1.146575629492186,1.127572776362761,0.9489795918367347
2024-06-09 08:00:00,744.0,50.0,472,511,443,46410.965209675516,49279.07288779746,46067.54208312576,48496.435325680126,1.0617980614099363,1.052724611140998,0.9385593220338984
2024-06-09 08:00:00,744.0,60.0,594,621,576,217940.2864549565,219023.01506467228,217656.10000681717,218503.25509819,1.0049680058117183,1.0038921725205328,0.9696969696969697
2024-06-09 08:00:00,744.0,70.0,697,727,668,117880.71098093808,122612.58164457984,117538.2359251679,121936.1341238464,1.0401411785207755,1.0374167449771703,0.9583931133428981
2024-06-09 08:00:00,744.0,80.0,755,815,732,114937.0953646673,119081.9037843351,114551.27996828861,118086.127740216,1.0360615378918123,1.0308582127838812,0.9695364238410596
2024-06-09 08:00:00,744.0,90.0,819,881,797,153299.72009362426,156050.80146642518,153055.65170258796,155050.15331229434,1.0179457690537255,1.0130312183020984,0.9731379731379731
2024-06-09 08:00:00,744.0,100.0,931,992,899,32832.533086447205,37359.580480963865,32447.979166873563,36239.17816894929,1.1378829766986622,1.1168392947547932,0.9656283566058003
2024-06-09 08:00:00,744.0,110.0,993,1078,972,40118.07491467189,46517.75153236263,39884.129533156425,45277.80899348863,1.1595210296431813,1.1352337263835315,0.9788519637462235
2024-06-09 08:00:00,744.0,120.0,1067,1198,1035,28884.54487896696,34688.44152108228,28525.78355669834,32793.57453139241,1.2009343289442507,1.1496117001032184,0.9700093720712277
2024-06-09 08:00:00,744.0,130.0,1138,1237,1125,48981.2765318696,55608.581385560195,48828.835818334825,54250.908362647584,1.1353028202394553,1.1110424292007555,0.9885764499121266
2024-06-09 08:00:00,744.0,140.0,1079,1175,1056,53402.22227010089,59716.24408282411,53112.706435619184,58311.818075145944,1.1182351884306947,1.0978882830199754,0.9786839666357738
2024-06-09 08:00:00,744.0,150.0,1122,1205,1097,97260.15193695755,103012.8721246396,96900.74288369314,101689.31645558715,1.0591477606513597,1.0494173050627855,0.9777183600713012
2024-06-09 08:00:00,744.0,160.0,1104,1193,1077,79740.44982600308,85988.8900374278,79392.63223199159,84590.50170112339,1.0783597311660402,1.0654704261970205,0.9755434782608695
2024-06-09 08:00:00,744.0,170.0,1081,1153,1057,72124.37455084427,79044.42914522643,71702.77371946804,77886.30034251741,1.0959461296888453,1.0862383183005162,0.9777983348751156
2024-06-09 08:00:00,744.0,180.0,1193,1272,1164,61196.38639900935,67749.67194056921,60591.4759714083,66395.24519741055,1.1070861520945288,1.095785242609718,0.9756915339480302
2024-06-09 08:00:00,744.0,190.0,1262,1337,1244,64860.211044028154,72258.81145350655,64593.55213583098,71075.43160713246,1.1140699404208863,1.1003487075253426,0.9857369255150554
2024-06-09 08:00:00,744.0,200.0,1243,1332,1222,72873.13914429472,81579.78610266795,72505.37580052284,80262.05934717422,1.1194767655217015,1.1069808060576307,0.9831053901850362
2024-06-09 08:00:00,744.0,210.0,1338,1389,1318,92649.85022852398,103029.55123895504,92370.06123000599,102178.8428618654,1.11203149260176,1.1061900522879926,0.9850523168908819
2024-06-09 08:00:00,744.0,220.0,1404,1462,1377,79951.03399762131,89650.24983249443,79522.6394363694,88577.96263802359,1.1213144514824123,1.1138710091344475,0.9807692307692307
2024-06-09 08:00:00,744.0,230.0,1444,1501,1425,140173.17704344814,151586.97030790703,139760.7665206957,150660.45226942754,1.0814263720434978,1.0779881652059902,0.9868421052631579
2024-06-09 08:00:00,744.0,240.0,1484,1547,1459,328787.69382259273,340111.0902495374,328116.11749158613,339005.4754423779,1.034439842608752,1.0331875131098094,0.9831536388140162
2024-06-09 08:00:00,744.0,250.0,1588,1664,1563,156655.30964397802,173461.75673469697,156187.01486949128,172163.3366776075,1.107282971313989,1.1022896930418058,0.9842569269521411
2024-06-09 08:00:00,744.0,260.0,1680,1770,1661,129371.48537531048,144759.12641066845,129016.12622048015,143281.72410966936,1.1189415193828685,1.1105722075766733,0.9886904761904762
2024-06-09 08:00:00,744.0,270.0,1604,1687,1578,153889.28729506466,167409.3659181784,153353.35433428833,166029.06913134403,1.08785587912426,1.082656912540853,0.983790523690773
2024-06-09 08:00:00,744.0,280.0,1575,1661,1556,108571.12662186637,122297.04276655878,107808.98723387861,120924.6995068971,1.126423263456566,1.1216569472502838,0.9879365079365079
2024-06-09 08:00:00,744.0,290.0,1487,1578,1460,148593.1594424483,161011.00281663451,148120.91948388028,159523.28606996255,1.0835694147750845,1.0769801229010272,0.9818426361802286
2024-06-09 08:00:00,744.0,300.0,1454,1531,1431,107289.39393621526,121376.1532577801,106965.2135822271,119992.95454904655,1.1312968486888795,1.1217941845813704,0.984181568088033
2024-06-09 08:00:00,744.0,310.0,1491,1583,1469,138407.86023371032,153440.3745705072,138044.3965735396,151959.11367551406,1.1086102647018279,1.1007988549144896,0.9852448021462106
2024-06-09 08:00:00,744.0,320.0,1509,1574,1478,253554.34895352102,272187.0167421545,252870.19946922114,270994.71471067483,1.0734858931252211,1.071675172794174,0.979456593770709
2024-06-09 08:00:00,744.0,330.0,1509,1588,1493,760092.4387403058,775898.6692050378,759806.6485748586,774591.0144390617,1.02079514235259,1.0194580633006223,0.9893969516235918
2024-06-09 08:00:00,744.0,340.0,1575,1645,1547,742405.8850524514,739660.3324735324,741650.0413429642,738323.5965067564,0.996301817329041,0.9955148052979484,0.9822222222222222
2024-06-09 08:00:00,744.0,350.0,1561,1638,1541,759545.9802854039,759251.3955903131,759012.9978960243,757967.3268726887,0.9996121568637885,0.9986223279097537,0.9871877001921845
2024-06-09 08:00:00,744.0,360.0,1708,1790,1686,951996.9406037187,957280.8950537394,951613.0232683168,955916.2659613895,1.0055503901584704,1.0045220510731276,0.9871194379391101
2024-06-09 08:00:00,744.0,370.0,1562,1644,1530,403697.1186706209,432018.57212459686,402891.1514347163,430306.79519175936,1.0701552033545318,1.068047271972627,0.9795134443021767
2024-06-09 08:00:00,744.0,380.0,1295,1339,1272,165353.49258431367,183326.85694374633,164734.44336858473,182185.71838077548,1.1086966115957184,1.1059357997959445,0.9822393822393822
2024-06-09 08:00:00,744.0,390.0,1313,1400,1293,111597.41598677477,126920.38050708984,111268.65799795194,125356.43253051772,1.1373057286750348,1.1266104470571137,0.9847677075399848
2024-06-09 08:00:00,744.0,400.0,1229,1305,1207,125506.87677728696,138978.47560092254,124936.52687574536,137316.68778585555,1.107337535357055,1.099091604510687,0.9820992676973149
2024-06-09 08:00:00,744.0,410.0,1201,1250,1176,239581.11239525874,255659.04498670768,239105.62593467813,254558.40107975976,1.0671085146517048,1.0646274009014878,0.9791840133222315
2024-06-09 08:00:00,744.0,420.0,1060,1119,1046,89656.78469961064,102853.70061141325,89309.45201301435,101756.56101893273,1.1471937227731068,1.1393705674524188,0.9867924528301887
2024-06-09 08:00:00,744.0,430.0,948,994,937,94392.79233490404,105700.79023890683,94205.22516193755,104967.71344527374,1.1197972601963317,1.1142451309344636,0.9883966244725738
2024-06-09 08:00:00,744.0,440.0,928,968,920,108932.66214562586,121771.52251514155,108772.58590008537,121101.76605636258,1.1178605215059572,1.1133482306617437,0.9913793103448276
2024-06-09 08:00:00,744.0,450.0,936,969,921,83016.24056770197,94435.66722018328,82353.36934496844,93755.34498220499,1.1375565380266583,1.1384518414720233,0.9839743589743589
2024-06-09 08:00:00,744.0,460.0,920,958,907,61553.636721489034,73129.23236152074,61320.67576832094,72403.30690370165,1.1880570548968157,1.180732371203028,0.9858695652173913
2024-06-09 08:00:00,744.0,470.0,886,918,875,56938.34760425828,68288.11359143963,56742.599554209104,67732.10166081076,1.1993343056961585,1.1936728699943122,0.9875846501128668
2024-06-09 08:00:00,744.0,480.0,805,834,796,65470.011106865466,76765.66296851842,65316.89076833179,76207.02836647873,1.1725316930711265,1.1667277402528613,0.9888198757763975
2024-06-09 08:00:00,744.0,490.0,775,803,766,169469.2201554887,180672.9718713914,169329.674542855,180183.7035122657,1.0661108353813349,1.0640999812862906,0.9883870967741936
2024-06-09 16:00:00,752.0,0.0,61,59,58,1805.8853422999603,1808.4049527526859,1774.7262038597917,1797.8720402145118,1.001395221719623,1.0130419195391271,0.9508196721311475
2024-06-09 16:00:00,752.0,10.0,179,167,165,5281.472359617612,5053.999088855573,5121.186623273057,5032.7605153510685,0.9569299514844932,0.9827332775727916,0.9217877094972067
2024-06-09 16:00:00,752.0,20.0,293,283,279,9222.898826329983,9165.384502583309,9058.946751720514,9116.6530496372,0.9937639645810187,1.0063700890951508,0.9522184300341296
2024-06-09 16:00:00,752.0,30.0,449,439,434,33959.53279050409,33508.23793286024,33775.638625829786,33445.614675174504,0.9867108048739103,0.9902289352893864,0.9665924276169265
2024-06-09 16:00:00,752.0,40.0,589,583,580,23959.804100034795,23794.530272404227,23852.785353931326,23760.706364211022,0.9931020376067963,0.9961396965447004,0.9847198641765704
2024-06-09 16:00:00,752.0,50.0,721,708,705,56806.77379491173,57022.82576323567,56593.59822127689,56983.79825915798,1.0038032782693125,1.006894773439841,0.9778085991678225
2024-06-09 16:00:00,752.0,60.0,836,832,826,237525.90446923237,233057.4550566785,237404.43715956638,232984.0240338745,0.9811875280612491,0.9813802421783684,0.9880382775119617
2024-06-09 16:00:00,752.0,70.0,961,943,937,144940.10900344458,144483.74546186498,144622.8512037283,144415.93552435143,0.9968513647138988,0.998569273958751,0.9750260145681582
2024-06-09 16:00:00,752.0,80.0,1055,1038,1029,139110.4644709528,137839.43669459596,138276.02874810685,137720.13657295122,0.9908631763887019,0.9959798369956929,0.9753554502369668
2024-06-09 16:00:00,752.0,90.0,1139,1122,1112,170133.81589733815,168036.46662989742,169622.23595620668,167927.76162612863,0.98767235510249,0.9900103054264917,0.9762949956101844
2024-06-09 16:00:00,752.0,100.0,1253,1248,1234,55795.52480103751,56139.84307496259,55577.473572773444,55971.617356713934,1.0061710733101425,1.0070917902272833,0.9848363926576217
2024-06-09 16:00:00,752.0,110.0,1392,1382,1361,66854.94496872705,68310.03058128903,66505.77128448035,68073.79910386086,1.0217648165478652,1.0235773195182298,0.9777298850574713
2024-06-09 16:00:00,752.0,120.0,1462,1453,1428,53831.71799375142,54678.87035378259,53422.46178351389,54380.08235535563,1.0157370485580546,1.0179254294892353,0.9767441860465116
2024-06-09 16:00:00,752.0,130.0,1484,1473,1453,77074.08077514637,78404.02223032885,76638.05547837896,78166.8866737562,1.0172553657702699,1.0199487211129536,0.97911051212938
2024-06-09 16:00:00,752.0,140.0,1418,1405,1387,82731.73982206339,83983.31970263695,82361.78384109582,83754.3808591534,1.015128170678695,1.0169082911164768,0.9781382228490832
2024-06-09 16:00:00,752.0,150.0,1412,1422,1385,128012.48689690318,128930.52899319197,127488.47690640658,128478.0935916293,1.0071715042691745,1.00776240103605,0.9808781869688386
2024-06-09 16:00:00,752.0,160.0,1435,1446,1405,108848.63421556177,110641.45646481536,108366.6713799061,110110.49859235415,1.0164707831400357,1.0160919145180223,0.9790940766550522
2024-06-09 16:00:00,752.0,170.0,1400,1405,1356,102108.16434284614,104331.16657825276,101268.17296285456,103706.0756568092,1.0217710527822486,1.0240737303994698,0.9685714285714285
2024-06-09 16:00:00,752.0,180.0,1459,1463,1421,91930.71308898467,94127.80780249635,91355.50015085764,93610.15886803977,1.0238994634076752,1.0246800544407173,0.973954763536669
2024-06-09 16:00:00,752.0,190.0,1519,1523,1482,96731.46870051364,99377.89273363276,96262.46491426454,98838.283236725,1.027358460164733,1.0267582834571563,0.9756418696510862
2024-06-09 16:00:00,752.0,200.0,1531,1558,1497,104311.53281851338,107115.1611065946,103711.30610598956,106412.64723712485,1.026877452687414,1.0260467371645539,0.9777922926192031
2024-06-09 16:00:00,752.0,210.0,1589,1579,1547,131627.75562316546,134749.30820701958,131016.67879894326,134324.11245217622,1.0237150027292934,1.0252443710491892,0.973568281938326
2024-06-09 16:00:00,752.0,220.0,1667,1669,1613,116451.35704634072,119932.95063242521,115553.50610405835,119240.01841387257,1.0298974067317999,1.0319030761948014,0.9676064787042592
2024-06-09 16:00:00,752.0,230.0,1694,1688,1641,180990.35592809482,184489.5702625536,179907.24259948957,183907.093984682,1.0193337060227063,1.0222328535938763,0.9687131050767415
2024-06-09 16:00:00,752.0,240.0,1739,1736,1691,379225.96516774927,381902.07815692155,377707.79861076974,381384.2373383214,1.0070567767900294,1.0097335526062046,0.9723979298447384
2024-06-09 16:00:00,752.0,250.0,1830,1839,1787,201495.48289874627,209714.68087848288,200781.78733329743,209070.73723661195,1.0407909788422742,1.04128337541669,0.9765027322404372
2024-06-09 16:00:00,752.0,260.0,1917,1942,1887,173081.26759991923,179059.45773724784,172634.1120641828,178319.05411782715,1.034539787119813,1.032930583565841,0.9843505477308294
2024-06-09 16:00:00,752.0,270.0,1917,1905,1855,200847.5787887454,204908.7752789896,199884.13031821,204198.62696174212,1.0202202910024414,1.0215849884463741,0.9676577986437142
2024-06-09 16:00:00,752.0,280.0,1910,1935,1850,150734.2139378316,155582.79321245634,149745.5115234041,154502.9682309461,1.0321664149628595,1.0317702791832826,0.9685863874345549
2024-06-09 16:00:00,752.0,290.0,1881,1872,1799,196777.51954693557,200843.6977066804,195641.9348346453,199953.6374359479,1.0206638348176502,1.0220387444284211,0.9564061669324827
2024-06-09 16:00:00,752.0,300.0,1825,1801,1739,149960.54045743262,154364.6599381253,148601.4939601136,153616.68559973774,1.029368522327664,1.033749267964764,0.9528767123287671
2024-06-09 16:00:00,752.0,310.0,1914,1868,1827,187773.86886820826,191827.64267338277,186688.1159084948,191324.70122885332,1.02158859392741,1.0248359961093139,0.9545454545454546
2024-06-09 16:00:00,752.0,320.0,1863,1838,1785,315551.6153948015,317461.2921383377,314220.4069870068,316813.5092597582,1.006051868063318,1.0082524947937537,0.9581320450885669
2024-06-09 16:00:00,752.0,330.0,1880,1870,1811,854186.8720861672,837572.7256016531,853315.527791938,836851.8276264868,0.9805497520186214,0.9807061987866866,0.9632978723404255
2024-06-09 16:00:00,752.0,340.0,1908,1909,1844,796083.4778809487,766776.9397031199,795240.0657067023,765983.1318834577,0.9631866016666515,0.9632099348550239,0.9664570230607966
2024-06-09 16:00:00,752.0,350.0,1873,1880,1811,852269.061195909,822671.4147498396,851202.1210796497,821773.0173615133,0.9652719454528387,0.9654264210704633,0.9668980245595301
2024-06-09 16:00:00,752.0,360.0,2020,2021,1947,1024771.7109006833,987193.0330663903,1023522.9624316725,986284.1380713368,0.9633297080368616,0.9636170113156385,0.9638613861386138
2024-06-09 16:00:00,752.0,370.0,1891,1902,1833,473125.7155226668,473905.2885006863,471889.6533965692,472953.0366752474,1.0016477078975896,1.0022534575001256,0.9693283976731888
2024-06-09 16:00:00,752.0,380.0,1500,1521,1454,212578.20805700577,216935.19709510746,211546.3389547739,215946.59099941835,1.0204959345453382,1.0208004169033866,0.9693333333333334
2024-06-09 16:00:00,752.0,390.0,1564,1572,1507,157431.07202093577,160520.19160251977,156463.2536661715,159600.2022243391,1.0196220450126465,1.0200491072802342,0.9635549872122762
2024-06-09 16:00:00,752.0,400.0,1472,1480,1419,173498.4297926731,174799.47375930136,172272.8977841992,173768.37323471002,1.0074988803540355,1.0086808515427899,0.9639945652173914
2024-06-09 16:00:00,752.0,410.0,1400,1390,1348,291087.2010318201,290839.8674194068,290212.5719231368,290248.9658618816,0.9991503109324745,1.000125404418229,0.9628571428571429
2024-06-09 16:00:00,752.0,420.0,1233,1225,1195,127074.0816760671,129151.59690654467,126218.79979492363,128675.88536647025,1.0163488510251326,1.019466874788374,0.9691808596918086
2024-06-09 16:00:00,752.0,430.0,1110,1118,1077,135565.73337608378,134594.0442361476,134907.9844708711,134074.05418170386,0.9928323395910046,0.9938185253271847,0.9702702702702702
2024-06-09 16:00:00,752.0,440.0,1084,1083,1048,155418.20961789016,153778.75757368887,154946.83719549584,153293.95550089993,0.9894513516258356,0.9893325883605454,0.966789667896679
2024-06-09 16:00:00,752.0,450.0,1084,1088,1046,121773.28458683951,122005.4639222516,121000.5004594466,121422.04247550879,1.0019066524829303,1.0034838039054514,0.9649446494464945
2024-06-09 16:00:00,752.0,460.0,1066,1059,1042,97817.51346625484,100053.63907399257,97469.88627047179,99859.21740481467,1.0228601763477576,1.0245135315713068,0.9774859287054409
2024-06-09 16:00:00,752.0,470.0,1003,1007,980,91738.63005739829,94278.27627787513,91368.12234263876,93893.04214037156,1.027683498422506,1.0276345812193024,0.9770687936191426
2024-06-09 16:00:00,752.0,480.0,909,901,885,98061.42564616489,100193.8693721052,97513.56666882272,99979.46562552245,1.0217459996312392,1.0252877526782962,0.9735973597359736
2024-06-09 16:00:00,752.0,490.0,887,898,876,211016.21259422082,210908.35240516515,210876.67971347028,210628.69431969995,0.9994888535448075,0.9988240264684208,0.9875986471251409
2024-06-10 00:00:00,760.0,0.0,61,60,59,2094.247095943555,1960.7768125511122,2072.248930881075,1949.994963425834,0.9362681301308868,0.9410042077313263,0.9672131147540983
2024-06-10 00:00:00,760.0,10.0,179,159,159,6261.357686661951,5589.647775576626,6019.194786843715,5589.647775576626,0.8927213641673574,0.9286371306331607,0.888268156424581
2024-06-10 00:00:00,760.0,20.0,295,271,270,10912.077214503359,10086.992516184682,10602.292222536078,10075.020674654177,0.9243879343868602,0.9502681555257324,0.9152542372881356
2024-06-10 00:00:00,760.0,30.0,450,432,428,42523.187391887564,40597.72132094377,42247.69393550331,40550.07362542862,0.954719620305059,0.9598174444108989,0.9511111111111111
2024-06-10 00:00:00,760.0,40.0,588,569,569,28756.20973087105,27445.77916725153,28412.337358135374,27445.77916725153,0.9544296492519765,0.9659810391978509,0.967687074829932
2024-06-10 00:00:00,760.0,50.0,720,692,689,68666.87872186396,66352.77040233172,68202.13213161405,66316.79535875161,0.9662994974781719,0.972356630006461,0.9569444444444445
2024-06-10 00:00:00,760.0,60.0,837,821,818,311575.4448790933,303903.5751232477,311329.73371573456,303869.1580444998,0.9753771682527078,0.9760364177806198,0.977299880525687
2024-06-10 00:00:00,760.0,70.0,958,938,931,181107.31042557044,177020.78541909164,180771.27337282873,176936.4809310559,0.9774358914785042,0.9787864942796314,0.9718162839248434
2024-06-10 00:00:00,760.0,80.0,1053,1030,1024,179305.3690012237,173197.1345645265,178859.84353985792,173130.6090261879,0.9659339010832658,0.9679680223336812,0.9724596391263058
2024-06-10 00:00:00,760.0,90.0,1142,1111,1102,219848.45355466558,213179.69036978972,219304.70009888767,213083.8296675025,0.9696665449447082,0.9716336657236252,0.9649737302977233
2024-06-10 00:00:00,760.0,100.0,1251,1242,1232,65476.09434907475,63312.43775747402,65189.53147584237,63192.88400927407,0.9669550144505327,0.9693716549058462,0.9848121502797762
2024-06-10 00:00:00,760.0,110.0,1387,1359,1345,80985.3531449165,78822.37098370749,80433.7864070728,78649.30239281594,0.9732916869876638,0.977814248290816,0.969718817591925
2024-06-10 00:00:00,760.0,120.0,1457,1433,1416,62623.69947204219,61138.14299654102,62130.18470173712,60936.289279643934,0.976278046681602,0.9807839711434206,0.9718599862731641
2024-06-10 00:00:00,760.0,130.0,1478,1475,1445,93283.99695754153,91285.76949249496,92758.15599136395,90924.11723577123,0.9785790968417009,0.9802277359226129,0.9776725304465493
2024-06-10 00:00:00,760.0,140.0,1440,1409,1395,100675.09639204129,97566.61702032856,100150.85940842082,97408.36315240382,0.969123651398277,0.9726163482548568,0.96875
2024-06-10 00:00:00,760.0,150.0,1431,1428,1394,160254.92048729758,155930.2485834937,159630.9517007672,155537.08174351425,0.9730137964522176,0.9743541593053517,0.9741439552760307
2024-06-10 00:00:00,760.0,160.0,1451,1441,1412,135309.567740709,132631.23009126354,134588.18712925183,132276.90424909824,0.9802058517060825,0.9828270004266129,0.9731219848380427
2024-06-10 00:00:00,760.0,170.0,1418,1388,1352,125845.61840865226,123489.23697117025,124657.84173529549,123017.79702476098,0.9812756179573114,0.986843629829425,0.9534555712270804
2024-06-10 00:00:00,760.0,180.0,1482,1455,1426,111705.90526512082,109026.4540472058,110672.05844487294,108668.28615268916,0.9760133431481921,0.9818945059815448,0.9622132253711201
2024-06-10 00:00:00,760.0,190.0,1539,1515,1477,118949.99672742054,116516.77363867112,118072.24744863265,116007.29093855272,0.9795441516965716,0.9825110764409029,0.9597141000649773
2024-06-10 00:00:00,760.0,200.0,1543,1527,1484,126853.06927866103,124784.94537143453,125786.87168961958,124284.36509214356,0.9836966979278727,0.988055139798822,0.9617627997407647
2024-06-10 00:00:00,760.0,210.0,1604,1585,1557,162498.33969903702,160257.91288170146,160897.74733098393,159931.93790626377,0.9862126171782121,0.9939973713694489,0.9706982543640897
2024-06-10 00:00:00,760.0,220.0,1683,1660,1623,143172.95077166075,141753.058909755,142193.83910794533,141281.8293214079,0.990082680742047,0.993586151184475,0.964349376114082
2024-06-10 00:00:00,760.0,230.0,1709,1680,1647,223823.17104517116,219695.68735905545,222301.8010221417,219291.89966161194,0.9815591760815384,0.9864602925091462,0.9637214745465185
2024-06-10 00:00:00,760.0,240.0,1752,1743,1698,490172.1120817363,485168.16388547875,488686.5316145642,484620.94490398327,0.9897914465696426,0.991680583671605,0.9691780821917808
2024-06-10 00:00:00,760.0,250.0,1837,1843,1785,249347.437682639,252615.340742459,248450.5394857158,251783.65657181616,1.0131058217008,1.0134156162148,0.9716929776810016
2024-06-10 00:00:00,760.0,260.0,1937,1931,1877,215867.59970949756,216580.86264032865,214734.60652864835,215814.63153830956,1.0033041685356716,1.0050295805930896,0.9690242643262778
2024-06-10 00:00:00,760.0,270.0,1920,1919,1872,250745.54650590205,250070.64451093582,249922.90833799486,249511.01509003632,0.9973084188159236,0.9983519187948889,0.975
2024-06-10 00:00:00,760.0,280.0,1946,1920,1864,184068.5171548807,182344.6008135159,182283.6691565304,181610.60417552397,0.9906343769808594,0.9963075958251177,0.9578622816032888
2024-06-10 00:00:00,760.0,290.0,1906,1877,1812,245625.73042633425,242096.24370787982,244388.0652266415,241245.28611574374,0.9856306311544467,0.9871402103536308,0.950682056663169
2024-06-10 00:00:00,760.0,300.0,1845,1803,1745,185230.04650242536,183380.09293242675,183720.98455159913,182638.1221843605,0.9900126701637771,0.9941059407564055,0.94579945799458
2024-06-10 00:00:00,760.0,310.0,1923,1890,1834,231906.91472926812,229229.58632522423,230498.20582552784,228478.86951338383,0.9884551592298597,0.9912392536639851,0.9537181487259491
2024-06-10 00:00:00,760.0,320.0,1883,1854,1813,390883.9422957177,384066.9772271345,389852.27632629813,383555.55978461995,0.9825601301794435,0.9838484551096787,0.9628252788104089
2024-06-10 00:00:00,760.0,330.0,1881,1854,1798,1069992.23315433,1039439.8082144589,1067873.4070938395,1038756.4755973306,0.971446124566902,0.9727337235826959,0.9558745348219032
2024-06-10 00:00:00,760.0,340.0,1923,1909,1839,1009697.5430066192,971519.9401744567,1007582.1871030282,970667.4438605726,0.9621890702848702,0.9633630450052003,0.9563182527301092
2024-06-10 00:00:00,760.0,350.0,1906,1868,1814,1120414.7399181034,1084510.9535805585,1118601.5806395086,1083835.0668423143,0.9679549143202371,0.9689196632662381,0.9517313746065058
2024-06-10 00:00:00,760.0,360.0,2035,2040,1967,1280359.4708697563,1229102.0730284422,1278948.5908421823,1228144.5603946187,0.9599664008370286,0.9602767219798026,0.9665847665847666
2024-06-10 00:00:00,760.0,370.0,1926,1903,1844,580553.605904988,568170.4278617445,579093.0129604591,567406.5190553537,0.9786700523133602,0.9798193146117213,0.9574247144340602
2024-06-10 00:00:00,760.0,380.0,1531,1517,1467,262230.09292098274,259735.82836842572,260930.17039364635,259040.8047288998,0.990488259662446,0.992759113820007,0.9581972566949706
2024-06-10 00:00:00,760.0,390.0,1607,1597,1539,191459.46382269223,190049.89828217152,190207.02779543848,189308.7614454617,0.9926377860233324,0.9952774281771396,0.9576851275668948
2024-06-10 00:00:00,760.0,400.0,1498,1474,1438,210055.9656921564,205791.56528569607,208936.49264097877,205009.32256789622,0.9796987417500441,0.9812040011611054,0.9599465954606141
2024-06-10 00:00:00,760.0,410.0,1427,1394,1363,366548.855573556,360932.52220729063,365363.1124634713,360537.5138197447,0.9846778041156964,0.986792321175529,0.9551506657323056
2024-06-10 00:00:00,760.0,420.0,1244,1213,1185,153187.77205154224,151721.8603141217,151862.45668382692,151279.65485755177,0.9904306217279059,0.9961623047657623,0.952572347266881
2024-06-10 00:00:00,760.0,430.0,1133,1125,1083,162188.93567803665,158245.7079833537,161404.8232708595,157738.9935531253,0.9756874433006287,0.9772879791108694,0.9558693733451015
2024-06-10 00:00:00,760.0,440.0,1096,1097,1063,187771.42056934384,183615.36768536136,187075.10648624244,183144.52232144348,0.9778664246594031,0.9789892720703167,0.9698905109489051
2024-06-10 00:00:00,760.0,450.0,1088,1073,1046,145573.96778477385,143188.76472623405,144365.2053165803,142765.02272693397,0.9836151813759295,0.9889157322490743,0.9613970588235294
2024-06-10 00:00:00,760.0,460.0,1072,1061,1040,114679.33519891882,114621.30441334857,114092.17873322587,114365.53951288157,0.9994939734742131,1.0023959642342783,0.9701492537313433
2024-06-10 00:00:00,760.0,470.0,1018,1004,983,108527.35133622901,108115.45203875768,107919.55333599325,107846.30974288384,0.9962046498656801,0.9993213130443436,0.9656188605108055
2024-06-10 00:00:00,760.0,480.0,910,906,887,116003.48478478735,115543.32715578299,115460.33465104479,115317.50403156495,0.9960332430542232,0.9987629464273465,0.9747252747252747
2024-06-10 00:00:00,760.0,490.0,898,901,884,261560.90041194973,259076.19243510714,261308.4009432674,258878.87885134065,0.9905004609904261,0.9907024723156367,0.9844097995545658
2024-06-10 08:00:00,768.0,0.0,41,43,39,905.2613885669039,1107.830384216523,883.9536397812577,1062.5537392902108,1.2237685139430292,1.2020469077463716,0.9512195121951219
2024-06-10 08:00:00,768.0,10.0,85,92,79,2484.9659605259967,2891.4079610757485,2420.979804561739,2749.984776902011,1.1635603895611188,1.1358974460341815,0.9294117647058824
2024-06-10 08:00:00,768.0,20.0,162,180,148,4914.7681730895765,5803.851013109278,4754.698772191672,5442.156293612879,1.1809002599324632,1.1445848736920772,0.9135802469135802
2024-06-10 08:00:00,768.0,30.0,272,333,271,24492.322610017793,26878.074003571728,24480.68745666174,26140.34509813187,1.0974081319906395,1.0677945684494452,0.9963235294117647
2024-06-10 08:00:00,768.0,40.0,391,441,383,14460.541812041956,17294.011900694524,14358.726482770766,16621.02718742124,1.195944946287767,1.157555804643611,0.979539641943734
2024-06-10 08:00:00,768.0,50.0,463,526,452,46895.302527573935,51594.284176765934,46746.03051858148,50737.45768613307,1.1002015424983995,1.0853853711913573,0.9762419006479481
2024-06-10 08:00:00,768.0,60.0,590,659,580,221290.74080844427,228827.30039731564,221094.6083692183,227895.30577680378,1.0340572748834316,1.03075921867904,0.9830508474576272
2024-06-10 08:00:00,768.0,70.0,696,764,680,119724.94168769429,128145.73238198046,119522.6935670073,127143.83231428971,1.0703344731313549,1.0637631107519328,0.9770114942528736
2024-06-10 08:00:00,768.0,80.0,758,849,739,116948.28365517092,124721.23550247448,116478.53116143327,123390.01227121019,1.066464864676617,1.0593369528346641,0.974934036939314
2024-06-10 08:00:00,768.0,90.0,815,921,797,156307.89560184022,164002.574294143,156006.23037692928,162496.91614289832,1.049227703198713,1.0416052983928064,0.9779141104294479
2024-06-10 08:00:00,768.0,100.0,929,1035,916,33226.582439006146,39947.18867616139,33080.264375507104,38514.02733207456,1.202265949243869,1.1642599616159857,0.9860064585575888
2024-06-10 08:00:00,768.0,110.0,998,1117,982,40915.13015425074,48860.60194627443,40743.06222290378,47276.31299473423,1.1941939757265618,1.1603524726758945,0.9839679358717435
2024-06-10 08:00:00,768.0,120.0,1051,1222,1033,28933.35504643601,36683.78325305844,28711.24215295991,34438.62169529741,1.2678717416000853,1.1994821231287984,0.9828734538534729
2024-06-10 08:00:00,768.0,130.0,1135,1278,1124,49504.347183021775,58942.12287047952,49320.92202457753,57064.93053096403,1.1906453922635418,1.1570126467329123,0.9903083700440528
2024-06-10 08:00:00,768.0,140.0,1092,1213,1076,54439.85510349975,62887.02013671184,54220.9010943441,61224.19197490314,1.155165090302914,1.1291622001702506,0.9853479853479854
2024-06-10 08:00:00,768.0,150.0,1120,1224,1101,98792.23029733959,107936.3916050542,98536.9879340949,106389.95425391989,1.0925595189033896,1.0796956197309109,0.9830357142857142
2024-06-10 08:00:00,768.0,160.0,1093,1254,1082,80626.52783319146,91067.54160955022,80472.13369861987,88970.72426315377,1.1294984920838984,1.1056091117996496,0.989935956084172
2024-06-10 08:00:00,768.0,170.0,1085,1203,1067,72982.77653067859,83243.06622153317,72568.12436659189,81547.35513655879,1.140585082927636,1.123735191564365,0.9834101382488479
2024-06-10 08:00:00,768.0,180.0,1198,1298,1179,61278.54204617919,71145.88724383402,60940.54857263706,69665.95549698637,1.1610244772177976,1.143179001973525,0.9841402337228714
2024-06-10 08:00:00,768.0,190.0,1266,1367,1253,65519.61401132145,76597.07371724295,65279.26014964811,75134.08427080946,1.1690708938548902,1.1509640902573015,0.9897314375987362
2024-06-10 08:00:00,768.0,200.0,1241,1342,1225,73480.53164759206,85358.77993323069,73100.8575662038,83909.09413721377,1.1616516377780983,1.1478537589141342,0.9871071716357775
2024-06-10 08:00:00,768.0,210.0,1338,1406,1317,94388.84404979092,109288.01199297473,93815.2358840723,108203.8147264055,1.157848823059263,1.1533714508815305,0.984304932735426
2024-06-10 08:00:00,768.0,220.0,1398,1492,1381,80853.8826674069,94519.81051271863,80577.61987657464,93097.49959714177,1.1690200568539997,1.1553766385721562,0.9878397711015737
2024-06-10 08:00:00,768.0,230.0,1454,1520,1436,141409.0281157645,158873.7737312619,141046.27683345627,157700.19632693235,1.1235051668780291,1.1180741517419888,0.9876203576341128
2024-06-10 08:00:00,768.0,240.0,1482,1558,1461,332732.9988555172,355602.7277076844,332156.36224204465,353718.17998050945,1.068732974880252,1.0649146612544864,0.9858299595141701
2024-06-10 08:00:00,768.0,250.0,1587,1674,1571,158029.49600526431,181807.6717681705,157729.9868897431,180454.8479871168,1.1504666936488495,1.1440744499221882,0.9899180844360429
2024-06-10 08:00:00,768.0,260.0,1679,1771,1666,129996.45493767191,150944.27427134634,129741.61287419661,149555.94919257762,1.1611414660785793,1.1527215199459089,0.9922572960095295
2024-06-10 08:00:00,768.0,270.0,1601,1680,1574,154042.92712246848,174363.03947420663,153410.02145945636,172957.61837713822,1.1319120113550107,1.1274205995913242,0.9831355402873204
2024-06-10 08:00:00,768.0,280.0,1578,1695,1559,108744.67986019926,128401.25816162617,108273.95712310044,126570.25419148547,1.1807589881794416,1.168981512771195,0.9879594423320659
2024-06-10 08:00:00,768.0,290.0,1493,1607,1478,150212.45441916597,168891.97692937695,150015.78910396167,167262.09018911386,1.124354019661286,1.1149632394574176,0.9899531145344943
2024-06-10 08:00:00,768.0,300.0,1438,1533,1419,108678.1631066887,127985.04526222814,108231.48018339991,126505.67326481137,1.1776518999183487,1.1688436030852165,0.9867872044506258
2024-06-10 08:00:00,768.0,310.0,1495,1604,1473,141181.3821443101,162877.62588656342,140868.65723241406,161214.40550059013,1.1536763800773409,1.1444306254343601,0.9852842809364548
2024-06-10 08:00:00,768.0,320.0,1511,1604,1485,260085.4603758285,287930.383894862,259480.9591527883,286406.86310804076,1.107060669515309,1.1037683228980122,0.9827928524156188
2024-06-10 08:00:00,768.0,330.0,1518,1609,1497,784527.1138193783,819646.5311938857,783322.9552668796,817972.4388476005,1.0447650779123907,1.0442339693325031,0.9861660079051383
2024-06-10 08:00:00,768.0,340.0,1566,1656,1547,757589.5013364675,777883.7674950822,756712.2771663105,776501.4839255067,1.0267879453487854,1.026151560317353,0.98786717752235
2024-06-10 08:00:00,768.0,350.0,1564,1646,1536,773445.926295154,792921.0065266967,772650.2631547651,791412.6961801338,1.0251796273914446,1.0242832157317348,0.9820971867007673
2024-06-10 08:00:00,768.0,360.0,1713,1803,1686,976146.9578224411,1003258.335885023,975545.9909877949,1001605.7388817688,1.0277738693393679,1.02671298753182,0.9842381786339754
2024-06-10 08:00:00,768.0,370.0,1563,1666,1539,415399.0296501339,453656.4618307556,414912.8881272767,451823.9792589407,1.0920980297254033,1.0889610619189571,0.9846449136276392
2024-06-10 08:00:00,768.0,380.0,1299,1353,1274,169252.05623743992,193554.2420579295,168784.82040516473,192325.98891847962,1.143585764100831,1.1394744412252522,0.9807544264819091
2024-06-10 08:00:00,768.0,390.0,1320,1417,1304,113833.31289294809,134921.12433274565,113582.7741640142,133276.6082726744,1.185251671095869,1.1733875075125582,0.9878787878787879
2024-06-10 08:00:00,768.0,400.0,1233,1317,1215,127726.80249779238,146484.38745754398,127396.28454712205,144765.47349784552,1.146857077707522,1.1363398392069972,0.9854014598540146
2024-06-10 08:00:00,768.0,410.0,1198,1278,1183,243772.71927354592,268652.85064018925,243532.8562389001,267313.4499535834,1.1020628208143524,1.0976483998173745,0.9874791318864775
2024-06-10 08:00:00,768.0,420.0,1070,1118,1052,90970.8593505084,107909.03045953295,90287.88780361795,106961.29270971275,1.1861933725805778,1.1846693428288027,0.983177570093458
2024-06-10 08:00:00,768.0,430.0,949,1001,936,96341.40817643258,111344.77118100427,96048.07561501717,110362.23371065516,1.1557311989575203,1.1490311805206013,0.9863013698630136
2024-06-10 08:00:00,768.0,440.0,937,980,926,111362.76917419085,127785.59115589355,111177.29173863257,127047.19002914664,1.1474713865638033,1.1427440625898921,0.9882604055496265
2024-06-10 08:00:00,768.0,450.0,938,982,924,84357.51811203992,99154.89547191063,83742.8503701576,98346.1488222265,1.1754126684976374,1.174382629532191,0.9850746268656716
2024-06-10 08:00:00,768.0,460.0,918,972,913,62290.57396676211,77145.54155952233,62186.84076619166,76318.21533176891,1.2384785794506685,1.2272405928885823,0.9945533769063181
2024-06-10 08:00:00,768.0,470.0,886,926,881,57819.73117546271,72295.43429291996,57723.664872266076,71680.28964549954,1.25035922553027,1.241783414204857,0.9943566591422122
2024-06-10 08:00:00,768.0,480.0,804,831,793,66296.55112733519,80620.78470647964,65919.25511405949,80094.7832503411,1.2160630279489506,1.215043815524824,0.986318407960199
2024-06-10 08:00:00,768.0,490.0,771,812,766,172499.30896120056,188826.4833137903,172417.39322245214,188256.01588370156,1.0946506652746193,1.0918620932913334,0.993514915693904
2024-06-10 16:00:00,776.0,0.0,61,61,59,1851.1979848185556,1788.1489785295719,1830.6781116466336,1767.1038262950096,0.9659415109534254,0.9652728216133851,0.9672131147540983
2024-06-10 16:00:00,776.0,10.0,182,163,160,5441.318042988543,4895.847366915071,5176.244300707784,4862.716393224991,0.8997539434813329,0.9394294609626672,0.8791208791208791
2024-06-10 16:00:00,776.0,20.0,296,273,271,9431.989213386994,8839.080747284832,9126.402205699986,8816.03347013121,0.9371385555381428,0.9659922137362156,0.9155405405405406
2024-06-10 16:00:00,776.0,30.0,453,444,441,34415.59324575534,33517.492422149866,34276.58675960015,33485.13299569189,0.9739042469152774,0.9769097848201999,0.9735099337748344
2024-06-10 16:00:00,776.0,40.0,589,585,584,24319.597460074998,23954.18813999989,24259.45446757748,23943.92374992429,0.984974697024694,0.9869934949248388,0.9915110356536503
2024-06-10 16:00:00,776.0,50.0,719,712,708,57428.419039022265,57029.24007087976,57262.43184064351,56982.38426865803,0.9930491040007341,0.9951094013477313,0.9847009735744089
2024-06-10 16:00:00,776.0,60.0,838,834,830,240266.85149814235,233204.51335724012,240175.59854190928,233157.6574040228,0.9706062734128065,0.970779957745533,0.9904534606205251
2024-06-10 16:00:00,776.0,70.0,963,943,936,146779.9847076926,143289.579450515,146434.2577105639,143207.25058478324,0.9762201551926264,0.9779627583310524,0.9719626168224299
2024-06-10 16:00:00,776.0,80.0,1056,1031,1027,141207.12493129104,137838.6922849937,140305.13787300454,137794.55421780617,0.9761454484117827,0.9821062600182839,0.9725378787878788
2024-06-10 16:00:00,776.0,90.0,1140,1114,1109,172472.15439568617,168327.78474038356,171883.87738477337,168276.2147471633,0.9759707897786527,0.9790110469201594,0.9728070175438597
2024-06-10 16:00:00,776.0,100.0,1247,1246,1229,56545.24541076069,56181.261848685564,56324.44251965305,55980.19509278337,0.9935629678599669,0.9938881343255273,0.9855653568564555
2024-06-10 16:00:00,776.0,110.0,1392,1374,1359,68119.87291734855,67393.82184491973,67698.84840866725,67210.39425646924,0.9893415674261496,0.9927848971780223,0.9762931034482759
2024-06-10 16:00:00,776.0,120.0,1464,1456,1428,54919.22981566211,54840.55736220062,54471.60991075599,54505.65706531888,0.9985674880415192,1.0006250440297004,0.9754098360655737
2024-06-10 16:00:00,776.0,130.0,1486,1489,1461,78332.1387997227,78298.67432975926,77958.13289636283,77976.14729731956,0.9995727874857471,1.000231077891266,0.9831763122476447
2024-06-10 16:00:00,776.0,140.0,1428,1407,1387,84276.91116565248,83771.50714733556,83742.51194006795,83543.46627711579,0.9940030547948833,0.9976231228519319,0.9712885154061625
2024-06-10 16:00:00,776.0,150.0,1428,1420,1399,130221.94085346615,128982.67344767612,129770.99667715703,128730.32933439566,0.9904834208608169,0.9919807401545174,0.9796918767507002
2024-06-10 16:00:00,776.0,160.0,1449,1442,1414,110497.96179476407,110345.20562758867,109906.50608766706,110029.89526857721,0.9986175657478722,1.001122674037256,0.9758454106280193
2024-06-10 16:00:00,776.0,170.0,1415,1415,1370,104177.11200939304,104926.47289355185,103617.76922718523,104382.96072692983,1.0071931431934036,1.0073847517221384,0.9681978798586572
2024-06-10 16:00:00,776.0,180.0,1478,1460,1425,93326.98318514199,93532.07405077202,92296.5320587738,93096.35886739529,1.0021975516472355,1.0086658381499336,0.9641407307171854
2024-06-10 16:00:00,776.0,190.0,1530,1537,1496,98594.40630170013,99033.60805882962,98162.26808629138,98499.0503948309,1.0044546315922378,1.0034308733396773,0.9777777777777777
2024-06-10 16:00:00,776.0,200.0,1542,1547,1499,105656.4864796302,106311.33647067402,104912.89242606703,105736.03877820318,1.0061979156496945,1.0078459980761298,0.9721141374837873
2024-06-10 16:00:00,776.0,210.0,1603,1586,1555,134872.00655592215,135949.05501482534,133670.04793169937,135553.1694023938,1.007985707979043,1.0140878341844886,0.9700561447286338
2024-06-10 16:00:00,776.0,220.0,1673,1675,1624,118378.2259510878,120562.93877668257,117568.52225201277,119947.97224238535,1.0184553604182027,1.0202388355726044,0.9707112970711297
2024-06-10 16:00:00,776.0,230.0,1700,1697,1649,183812.79587915592,185030.3663885506,182753.86290460092,184458.56041803744,1.0066239703475004,1.009327833000862,0.97
2024-06-10 16:00:00,776.0,240.0,1750,1749,1699,384869.0396304799,380499.63042365597,382956.5119119595,379770.7774292956,0.98864702338484,0.9916812108331603,0.9708571428571429
2024-06-10 16:00:00,776.0,250.0,1835,1834,1789,204409.51025364583,210434.01827364368,203712.18129973742,209877.22913788908,1.0294727383893354,1.0302635208106703,0.9749318801089918
2024-06-10 16:00:00,776.0,260.0,1924,1956,1892,175438.87924677294,179402.01058651478,174838.95164723438,178511.75654034945,1.022589812228379,1.0210067885817888,0.9833679833679834
2024-06-10 16:00:00,776.0,270.0,1926,1921,1869,203049.43478621525,204958.29597803554,201998.55540192602,204343.91657221757,1.009400967768416,1.011610781897053,0.9704049844236761
2024-06-10 16:00:00,776.0,280.0,1911,1949,1856,152864.86714620306,157154.13440865304,151987.33982519427,156014.3287448928,1.028059209042112,1.0264955549872121,0.9712192569335426
2024-06-10 16:00:00,776.0,290.0,1895,1910,1831,198861.0955602313,201609.89332872696,198030.99753119663,200654.59238854825,1.013822702528877,1.013248404997497,0.9662269129287598
2024-06-10 16:00:00,776.0,300.0,1838,1808,1756,152667.23081031675,154565.0908811884,151327.30236721569,153921.2130159692,1.0124313519070092,1.0171410618452648,0.955386289445049
2024-06-10 16:00:00,776.0,310.0,1925,1902,1835,191785.26314011923,192672.66056609032,190576.41737360178,191802.15690609542,1.0046270365691379,1.0064317482162062,0.9532467532467532
2024-06-10 16:00:00,776.0,320.0,1879,1850,1793,321061.91664434446,319391.9999943855,319846.9566729587,318691.7368346117,0.9947987706937887,0.9963882106293473,0.954230973922299
2024-06-10 16:00:00,776.0,330.0,1880,1889,1817,867579.9257140227,844011.7348805259,866775.2395777827,842864.0846919902,0.9728345595201501,0.9724136618191356,0.9664893617021276
2024-06-10 16:00:00,776.0,340.0,1911,1917,1847,805108.5795928298,769510.1200072138,803703.0134063645,768690.8441769072,0.9557842749562806,0.9564364340491099,0.9665096807953951
2024-06-10 16:00:00,776.0,350.0,1882,1871,1800,866796.6297579141,825017.6243404853,865460.0982144972,824105.4119767081,0.9518006831324469,0.9522165304638462,0.9564293304994687
2024-06-10 16:00:00,776.0,360.0,2018,2021,1940,1037533.3007942142,993516.0735481766,1036261.2564127591,992405.9865074761,0.9575751185891159,0.9576793307345124,0.9613478691774033
2024-06-10 16:00:00,776.0,370.0,1898,1891,1827,478277.0558340928,475282.78862553526,476902.3756965435,474477.99994264485,0.9937394713544524,0.9949164108265183,0.9625922023182297
2024-06-10 16:00:00,776.0,380.0,1512,1501,1453,215605.45963451502,217674.02643853409,214363.44051534624,216971.3017054007,1.0095942227415096,1.0121656061490008,0.9609788359788359
2024-06-10 16:00:00,776.0,390.0,1578,1589,1528,159262.80011053407,161960.36592877127,158402.1395903528,161186.42577533703,1.0169378273919898,1.017577326873139,0.9683143219264893
2024-06-10 16:00:00,776.0,400.0,1464,1477,1415,175311.1921293643,176018.45233447847,174200.61110864885,175049.49307985773,1.004034312906801,1.0048730137386224,0.9665300546448088
2024-06-10 16:00:00,776.0,410.0,1413,1399,1369,294037.35369841714,291749.0741595027,293443.3642041882,291409.0332580486,0.9922177250266595,0.993067381327035,0.9688605803255484
2024-06-10 16:00:00,776.0,420.0,1235,1232,1201,128330.47124079557,128707.47557984038,127638.07313705169,128304.15293854337,1.00293776166642,1.0052185040491521,0.9724696356275304
2024-06-10 16:00:00,776.0,430.0,1117,1119,1071,137525.8924049015,135872.20791444776,136863.37918459394,135231.7303591714,0.9879754680261591,0.9880782658214082,0.9588182632050134
2024-06-10 16:00:00,776.0,440.0,1091,1080,1049,157561.83975547357,155669.52277859923,156979.90170419894,155160.92246822247,0.9879900045606785,0.98841266164503,0.9615032080659945
2024-06-10 16:00:00,776.0,450.0,1092,1087,1049,122855.55826370904,123257.25763145936,122038.59213188886,122642.60517463589,1.0032696881885317,1.0049493609537405,0.9606227106227107
2024-06-10 16:00:00,776.0,460.0,1072,1060,1040,99059.60689242324,100444.50564069288,98566.7742387505,100210.02979249062,1.0139804587532193,1.0166714957086838,0.9701492537313433
2024-06-10 16:00:00,776.0,470.0,1006,1010,986,92994.04340162777,94857.75136842599,92653.038309989,94580.03638641843,1.0200411542355368,1.0207980020038012,0.9801192842942346
2024-06-10 16:00:00,776.0,480.0,917,907,892,99301.72889093349,100693.02991855939,98932.9994587962,100504.64457764298,1.0140108439517102,1.0158859544079764,0.9727371864776445
2024-06-10 16:00:00,776.0,490.0,890,903,881,214079.26313461538,213180.72704836045,213980.42470790818,212916.44717789462,0.9958027878408292,0.9950276875491487,0.9898876404494382
2024-06-11 00:00:00,784.0,0.0,60,58,58,2132.90722117847,1916.7244894952576,2111.23141222213,1916.7244894952576,0.8986440996886083,0.9078703918476901,0.9666666666666667
2024-06-11 00:00:00,784.0,10.0,181,157,157,6318.714745054274,5443.425260189363,6041.628637318449,5443.425260189363,0.861476657804499,0.9009864039914581,0.8674033149171271
2024-06-11 00:00:00,784.0,20.0,295,275,273,10968.94938128375,10058.777504313062,10709.025938758012,10035.60872619172,0.917022875634406,0.9371168567134508,0.9254237288135593
2024-06-11 00:00:00,784.0,30.0,452,430,426,42624.73331675447,39782.407364867366,42305.54686414401,39731.52455187775,0.9333174490321122,0.9391563872101163,0.9424778761061947
2024-06-11 00:00:00,784.0,40.0,588,570,568,28860.367237007704,27113.984673697658,28568.966846029558,27093.175674011527,0.9394885536636327,0.9483428581799369,0.9659863945578231
2024-06-11 00:00:00,784.0,50.0,721,697,695,68829.3992982779,65816.70767251556,68498.27880353408,65795.0622089668,0.9562295813057065,0.960535992410545,0.9639389736477115
2024-06-11 00:00:00,784.0,60.0,835,823,820,313630.3710888232,299825.91774621746,313451.182170574,299793.8950583396,0.9559849599556283,0.9564293009914304,0.9820359281437125
2024-06-11 00:00:00,784.0,70.0,957,917,911,182592.8348490836,174402.71413134877,181981.54198258478,174336.04359034004,0.9551454430043539,0.9579875062660124,0.9519331243469175
2024-06-11 00:00:00,784.0,80.0,1052,1021,1015,180929.70457020623,172905.81006674678,179755.96218936227,172842.913890939,0.9556518675442487,0.9615420361348528,0.964828897338403
2024-06-11 00:00:00,784.0,90.0,1137,1112,1104,220730.61823935833,212500.0813727144,220164.13501606806,212338.20453367278,0.9627123009381562,0.964454108377715,0.9709762532981531
2024-06-11 00:00:00,784.0,100.0,1252,1240,1229,65663.41122575739,62582.98366373987,65394.40242116918,62444.24507703329,0.9530876099106899,0.9548866992447524,0.981629392971246
2024-06-11 00:00:00,784.0,110.0,1379,1357,1338,81375.96731682568,78576.58950951429,80836.27409367468,78348.85509828257,0.9655994527670262,0.9692289257108802,0.9702683103698332
2024-06-11 00:00:00,784.0,120.0,1456,1435,1420,63344.3828379681,61156.67067443629,62882.205322269605,60971.02500237462,0.9654632018575684,0.9696069768847921,0.9752747252747253
2024-06-11 00:00:00,784.0,130.0,1482,1479,1454,93587.51089231847,90659.65108409351,93152.36694284569,90366.06836420813,0.9687152721521384,0.9700888053617884,0.9811066126855601
2024-06-11 00:00:00,784.0,140.0,1436,1407,1392,101191.80541481255,97424.20840570246,100562.03022098435,97236.5970309095,0.9627677656934206,0.9669315229339818,0.9693593314763231
2024-06-11 00:00:00,784.0,150.0,1430,1418,1392,160646.05847959372,155836.90032257215,159974.99030006788,155508.00442567084,0.9700636405117126,0.9720769736193249,0.9734265734265735
2024-06-11 00:00:00,784.0,160.0,1453,1440,1406,135783.30374919716,131816.95341698447,134891.29677433666,131396.27475123154,0.970789116020193,0.9740900850782683,0.9676531314521679
2024-06-11 00:00:00,784.0,170.0,1421,1407,1370,126795.54230575866,123348.9145234288,125899.56834153831,122883.68069524478,0.9728174372722146,0.9760452900194854,0.9641097818437719
2024-06-11 00:00:00,784.0,180.0,1481,1464,1431,112034.66596266779,109143.43087117134,111303.19625690645,108735.95665761616,0.9741933885672506,0.976934718088736,0.9662390276839973
2024-06-11 00:00:00,784.0,190.0,1549,1518,1488,119737.90749905475,115352.70998673528,118691.43847188375,114968.63103727702,0.96337669829119,0.9686345748055905,0.960619754680439
2024-06-11 00:00:00,784.0,200.0,1550,1539,1502,126773.62976727047,123342.06272779797,126146.02106058858,122907.41651361587,0.9729315391081558,0.9743265422108146,0.9690322580645161
2024-06-11 00:00:00,784.0,210.0,1607,1585,1556,164730.21172990184,160833.09767525957,163977.07138089708,160466.4432833115,0.976342444936378,0.9785907379121874,0.9682638456751711
2024-06-11 00:00:00,784.0,220.0,1683,1667,1628,143454.96612380154,141491.87793360953,142402.8158724436,140953.76500492578,0.986315648434939,0.9898242822050949,0.9673202614379085
2024-06-11 00:00:00,784.0,230.0,1710,1677,1642,224599.38642000657,218283.15709570431,222970.89112433285,217845.16811311696,0.9718777979540392,0.9770116942827408,0.960233918128655
2024-06-11 00:00:00,784.0,240.0,1753,1731,1687,490738.3553645226,478882.0492182698,488028.5796887542,478177.9250177798,0.9758398624916003,0.9798154143405766,0.9623502567027952
2024-06-11 00:00:00,784.0,250.0,1839,1840,1789,249810.11850542587,253034.0517889617,248820.2275336551,252418.40459398626,1.0129055352234093,1.0144609507675355,0.9728113104948342
2024-06-11 00:00:00,784.0,260.0,1934,1936,1891,215795.43530286243,215845.15514791876,214971.03573621894,215300.47210384876,1.0002304026727282,1.0015324686253737,0.9777662874870734
2024-06-11 00:00:00,784.0,270.0,1927,1927,1874,250187.83627252246,246684.07922414475,248971.07345553837,245934.1596229377,0.9859954940232939,0.9878021418695333,0.9724961079398028
2024-06-11 00:00:00,784.0,280.0,1949,1936,1870,185500.48768952943,184099.33010202085,184005.93147496827,183298.43782438006,0.9924466096830231,0.9961550497589017,0.9594663930220626
2024-06-11 00:00:00,784.0,290.0,1906,1873,1804,244987.0461558726,239317.9847944646,243618.88133782154,238440.55913886087,0.9768597505445203,0.9787441672397306,0.9464847848898216
2024-06-11 00:00:00,784.0,300.0,1846,1803,1747,185682.32900851918,182278.57522467128,184202.10132462718,181515.95996587301,0.9816689407009122,0.9854174228228795,0.9463705308775732
2024-06-11 00:00:00,784.0,310.0,1914,1882,1827,233130.83314893884,228264.10037314193,231862.94756945455,227602.2047392921,0.9791244568122496,0.9816238736079806,0.9545454545454546
2024-06-11 00:00:00,784.0,320.0,1887,1845,1802,392123.26346281497,383077.5152678917,390655.90636247594,382403.15721935476,0.9769313656245721,0.9788746336386791,0.954954954954955
2024-06-11 00:00:00,784.0,330.0,1889,1861,1815,1072657.5010431786,1033104.6795342481,1071655.698098215,1032552.9909777299,0.9631263273967089,0.963511874952116,0.9608258337744838
2024-06-11 00:00:00,784.0,340.0,1914,1912,1849,1008800.9883825928,964791.70120214,1007228.7164246044,963990.7271362747,0.9563746589394081,0.9570723227175123,0.9660397074190178
2024-06-11 00:00:00,784.0,350.0,1894,1855,1798,1137278.6415565768,1087808.0860543977,1135302.2116554733,1087023.2094605062,0.9565009368025504,0.9574747572062177,0.9493136219640972
2024-06-11 00:00:00,784.0,360.0,2046,2020,1961,1279125.8360547596,1221223.5440563885,1277512.135944812,1220262.9757652995,0.9547329196500631,0.9551869930870185,0.958455522971652
2024-06-11 00:00:00,784.0,370.0,1921,1912,1846,579728.1917640826,564337.4409563896,577857.2036862727,563397.4170955265,0.9734517813238308,0.974976886160622,0.9609578344612181
2024-06-11 00:00:00,784.0,380.0,1537,1531,1479,262635.95294353284,258711.8296965391,261552.35795451907,258028.37339630508,0.9850586973983815,0.9865266572789729,0.9622641509433962
2024-06-11 00:00:00,784.0,390.0,1625,1600,1541,191827.4577508218,189345.5165535268,190455.62990823653,188580.7866269198,0.987061595736107,0.9901560101834741,0.9483076923076923
2024-06-11 00:00:00,784.0,400.0,1499,1491,1447,210402.9136419882,205813.9549170057,208537.8106018456,205128.01124259195,0.9781896617040633,0.9836490114218958,0.9653102068045364
2024-06-11 00:00:00,784.0,410.0,1422,1400,1367,366566.23581934394,357507.670677357,365675.3633790085,357054.40140368254,0.9752880536808325,0.9764245480043712,0.9613220815752461
2024-06-11 00:00:00,784.0,420.0,1240,1232,1201,153422.8230332304,150611.15185342217,152488.61474677647,150131.96172269894,0.9816737097895842,0.9845453837455931,0.9685483870967742
2024-06-11 00:00:00,784.0,430.0,1129,1131,1082,162364.75879309227,157606.59012345094,161556.97665649417,156977.94876808985,0.970694572485986,0.9716568854953237,0.95837023914969
2024-06-11 00:00:00,784.0,440.0,1091,1097,1058,188706.81332380534,183479.41322931147,188242.65751245513,182952.67853822425,0.9722988269346476,0.9718980859910519,0.9697525206232814
2024-06-11 00:00:00,784.0,450.0,1093,1071,1045,145374.04769650754,143097.34945817402,143609.1639971646,142682.75096855403,0.9843390324861389,0.9935490674632096,0.9560841720036597
2024-06-11 00:00:00,784.0,460.0,1072,1062,1039,114951.23083150604,114474.90660921799,114482.208995995,114196.93182302258,0.9958562929788352,0.9975081091160427,0.9692164179104478
2024-06-11 00:00:00,784.0,470.0,1009,1005,984,108436.05792864357,108155.49758093579,107895.08260492819,107877.49719566636,0.9974126655554705,0.999837013802323,0.9752229930624381
2024-06-11 00:00:00,784.0,480.0,906,908,888,116138.07599483625,115703.0162841265,115593.79846633264,115372.95829709017,0.9962539442212811,0.9980895154223451,0.9801324503311258
2024-06-11 00:00:00,784.0,490.0,895,898,881,263277.96741988615,260163.47309521842,263099.0703137488,259958.44108967044,0.9881703191680274,0.9880629406241036,0.9843575418994414
2024-06-11 08:00:00,792.0,0.0,36,43,33,858.7306841296814,1122.3671827349317,813.9295788830345,1004.9429465544935,1.307007195011838,1.2346804596210754,0.9166666666666666
2024-06-11 08:00:00,792.0,10.0,75,105,74,2367.209583364035,2955.055198253131,2356.7077850377923,2600.5896618316797,1.2483285041680636,1.103484139332945,0.9866666666666667
2024-06-11 08:00:00,792.0,20.0,145,187,143,4647.337577567725,5900.594433298285,4626.153142930381,5384.061448225899,1.2696720078566957,1.1638312182668966,0.9862068965517241
2024-06-11 08:00:00,792.0,30.0,263,328,260,24213.450479168998,27149.312369891388,24181.890484803193,26355.742804050456,1.1212492161432397,1.0898958797540412,0.9885931558935361
2024-06-11 08:00:00,792.0,40.0,376,446,372,14060.850524771646,17457.73352498291,14017.669963020591,16582.57946993442,1.2415844613543696,1.1829768794443158,0.9893617021276596
2024-06-11 08:00:00,792.0,50.0,450,544,440,46561.63976320281,51839.99981729296,46423.66458249662,50614.136937645904,1.1133628472049988,1.0902658674802084,0.9777777777777777
2024-06-11 08:00:00,792.0,60.0,579,651,567,221919.7789417848,229330.10244456347,221778.06477580458,228355.46660913367,1.0333919019661721,1.0296575851177086,0.9792746113989638
2024-06-11 08:00:00,792.0,70.0,684,756,672,119400.58792011239,128786.03047065026,119259.65780083377,127801.48289520158,1.0786046594411864,1.0716237598856173,0.9824561403508771
2024-06-11 08:00:00,792.0,80.0,734,831,724,116652.17084585803,125461.85174222843,116452.3934802876,124135.34249735757,1.0755209340082608,1.0659750202418166,0.9863760217983651
2024-06-11 08:00:00,792.0,90.0,798,925,792,155725.23591195006,165405.0980946079,155631.6109722198,163797.74986232855,1.0621598813189856,1.0524709526496285,0.9924812030075187
2024-06-11 08:00:00,792.0,100.0,912,1032,906,32416.971500735992,40030.6252291518,32352.808374557266,38525.24127610473,1.2348662868844165,1.1907850728161689,0.993421052631579
2024-06-11 08:00:00,792.0,110.0,970,1129,961,40252.38006036979,49216.832952769124,40138.92936501124,47184.168647313374,1.2227061574732876,1.1755213552966217,0.9907216494845361
2024-06-11 08:00:00,792.0,120.0,1033,1223,1021,28314.61674333584,37000.84612430664,28164.56508628117,34553.158416058395,1.3067754531063962,1.226830888749959,0.9883833494675702
2024-06-11 08:00:00,792.0,130.0,1118,1268,1107,48514.81871510694,58180.48432815082,48343.936226443606,56191.953791327454,1.1992312012913717,1.1623371652677108,0.9901610017889088
2024-06-11 08:00:00,792.0,140.0,1066,1216,1054,53528.41995864069,62704.802751220515,53392.851087127914,60762.09470262291,1.1714301075890163,1.1380192940712168,0.9887429643527205
2024-06-11 08:00:00,792.0,150.0,1101,1240,1087,98072.74483130786,108765.09558333068,97879.46608625105,106838.18075806697,1.109024691522751,1.0915280296269856,0.9872842870118075
2024-06-11 08:00:00,792.0,160.0,1081,1237,1069,79953.45377457503,90995.32403958403,79813.96349749342,88945.01565471457,1.1381037309049966,1.1144041939166187,0.9888991674375578
2024-06-11 08:00:00,792.0,170.0,1066,1202,1054,72179.88087931689,83568.08402177854,71902.99172582693,81749.2593922248,1.1577753108446172,1.1369382195381057,0.9887429643527205
2024-06-11 08:00:00,792.0,180.0,1175,1303,1157,60366.4839047962,72018.63086624787,60059.87746153993,70156.25199194947,1.1930234495656271,1.168105147015574,0.9846808510638297
2024-06-11 08:00:00,792.0,190.0,1249,1363,1235,64574.43348633175,76503.8983143827,64373.75006408831,74878.8944232552,1.1847397520038023,1.1631898770649267,0.988791032826261
2024-06-11 08:00:00,792.0,200.0,1224,1343,1215,72265.08363204605,84790.34378566759,72063.79434982952,83210.68142272285,1.173323817313998,1.154680823754317,0.9926470588235294
2024-06-11 08:00:00,792.0,210.0,1324,1428,1313,94023.34545306257,109540.66391257604,93885.73307837688,108097.98191481852,1.1650368680750662,1.1513781526803128,0.9916918429003021
2024-06-11 08:00:00,792.0,220.0,1382,1476,1362,79936.31859397433,94471.41665009322,79576.89831767626,93078.14001210847,1.181833468338065,1.1696628290353108,0.9855282199710564
2024-06-11 08:00:00,792.0,230.0,1451,1522,1430,140087.75962071872,158389.3762293515,139686.89614370692,157249.62002944798,1.1306439381869164,1.1257292156285934,0.9855272226051
2024-06-11 08:00:00,792.0,240.0,1472,1558,1454,331513.4510121284,355701.45737242076,329975.06531254353,354399.20951076614,1.0729623678509728,1.0740181509626756,0.9877717391304348
2024-06-11 08:00:00,792.0,250.0,1585,1680,1570,156636.06530316858,183662.16725025277,156226.41518845435,182111.73812010762,1.1725407357161026,1.1656910766366115,0.9905362776025236
2024-06-11 08:00:00,792.0,260.0,1668,1771,1650,128242.9917064821,151244.21141062287,127952.78091897501,149631.29224674543,1.1793565433718602,1.1694258707944625,0.9892086330935251
2024-06-11 08:00:00,792.0,270.0,1596,1700,1577,151980.1552626706,174574.29408087127,151483.3441395934,173031.83994998003,1.1486650594556291,1.142249934689384,0.9880952380952381
2024-06-11 08:00:00,792.0,280.0,1569,1689,1548,107579.75357343999,128377.12731035874,106922.1250574435,126653.26637405576,1.19332051846281,1.1845374968558826,0.9866156787762906
2024-06-11 08:00:00,792.0,290.0,1475,1592,1459,148344.12958233032,169703.6999539581,147849.69788353093,167958.46555274262,1.1439866237495655,1.1360081755801248,0.9891525423728813
2024-06-11 08:00:00,792.0,300.0,1433,1540,1405,107459.66127525168,128779.99607561369,106934.63704760985,127034.68854064547,1.19840314539752,1.1879657709418006,0.9804605722260991
2024-06-11 08:00:00,792.0,310.0,1475,1601,1452,140251.94826541535,162647.92009247054,139902.00532640322,160659.16265634785,1.1596838554047937,1.1483692623384234,0.984406779661017
2024-06-11 08:00:00,792.0,320.0,1498,1607,1483,258642.2627056958,289094.43648468517,258318.80699428,287563.7266748145,1.1177385840211287,1.113212506750165,0.9899866488651535
2024-06-11 08:00:00,792.0,330.0,1501,1610,1485,783581.5896111501,823536.9209674129,783291.0831173342,821874.4880285915,1.050990645882952,1.0492580673300957,0.9893404397068621
2024-06-11 08:00:00,792.0,340.0,1554,1654,1539,758527.2112985264,779567.5479838166,757738.6052476907,778081.5405671222,1.0277384072342919,1.0268469036400512,0.9903474903474904
2024-06-11 08:00:00,792.0,350.0,1567,1641,1543,777253.3088991484,795161.8287842679,776717.9173380492,793897.2280159523,1.0230407766426675,1.0221178246238734,0.98468410976388
2024-06-11 08:00:00,792.0,360.0,1697,1804,1666,977830.943504961,1009080.7497144521,977262.7409701576,1007238.2583323151,1.0319582913765017,1.0306729358497797,0.9817324690630524
2024-06-11 08:00:00,792.0,370.0,1549,1670,1516,414899.3060846217,455494.1745534746,413987.892709895,453299.0752381059,1.0978427003215407,1.0949573241644497,0.9786959328599096
2024-06-11 08:00:00,792.0,380.0,1293,1356,1271,168123.76481127596,194439.16318139032,167406.06011003908,193205.0824393288,1.1565239655420172,1.1541104444625934,0.982985305491106
2024-06-11 08:00:00,792.0,390.0,1315,1411,1296,112743.39328603857,136191.99765931032,112475.0763955635,134533.39930419525,1.2079820705216922,1.1961174298833535,0.9855513307984791
2024-06-11 08:00:00,792.0,400.0,1222,1305,1196,126200.87129893579,147473.5124966888,125612.4015841747,145676.60675221466,1.1685617617279669,1.159731084789384,0.9787234042553191
2024-06-11 08:00:00,792.0,410.0,1188,1287,1176,242631.34168984153,269320.5437821952,242410.03130165607,267585.54580005736,1.1099989882035552,1.1038550853824725,0.98989898989899
2024-06-11 08:00:00,792.0,420.0,1060,1135,1045,89778.42624194427,108735.7421390091,89282.33082311248,107331.30164395308,1.2111566964426028,1.2021561338558633,0.9858490566037735
2024-06-11 08:00:00,792.0,430.0,938,1002,929,95095.23621785054,112023.47919977808,94900.29957320182,110930.09210987939,1.1780135751821172,1.1689119276627036,0.990405117270789
2024-06-11 08:00:00,792.0,440.0,924,977,918,110121.1652178668,128898.70926901791,109966.57307043042,128064.06208317129,1.1705171209730763,1.1645726379156143,0.9935064935064936
2024-06-11 08:00:00,792.0,450.0,927,986,919,82859.26041663675,99862.28365427032,82639.88565336971,98857.2982517952,1.2052036568047817,1.196241953509579,0.9913700107874865
2024-06-11 08:00:00,792.0,460.0,908,969,899,61038.40242361027,77640.60607999456,60902.305811687795,76710.30743625044,1.2719960385129998,1.2595632696312284,0.9900881057268722
2024-06-11 08:00:00,792.0,470.0,881,920,873,56713.03438249009,72590.77407945335,56532.849649840005,71968.16321396432,1.2799663229069866,1.2730326466776294,0.9909194097616345
2024-06-11 08:00:00,792.0,480.0,795,844,787,64961.63611330811,80865.00740051776,64713.35368392345,80038.47333367457,1.244811741802046,1.2368154140890752,0.989937106918239
2024-06-11 08:00:00,792.0,490.0,765,810,756,170102.6472643135,190605.9228292622,169038.48171609442,189911.41789090223,1.1205347235607084,1.1234803812889456,0.9882352941176471
2024-06-11 16:00:00,800.0,0.0,58,59,57,1836.7736139597382,1800.1825993282293,1825.8678695936533,1777.31258203123,0.9800786474972136,0.9734070091428745,0.9827586206896551
2024-06-11 16:00:00,800.0,10.0,180,166,165,5413.343001603278,5058.545211439333,5217.210311284531,5047.8060915682545,0.9344586533572944,0.9675297314831521,0.9166666666666666
2024-06-11 16:00:00,800.0,20.0,294,282,279,9277.819881208474,9138.456805947964,9106.128298381464,9106.43388273966,0.9849788983786182,1.0000335580993573,0.9489795918367347
2024-06-11 16:00:00,800.0,30.0,453,442,441,34517.169266294855,33957.873632560746,34380.46012756037,33946.65240516736,0.983796596139758,0.9873821432062436,0.9735099337748344
2024-06-11 16:00:00,800.0,40.0,589,585,581,24286.656543457935,24360.209404108515,24185.345665330442,24319.120621932947,1.003028529699795,1.0055312402168504,0.9864176570458404
2024-06-11 16:00:00,800.0,50.0,719,716,709,57538.910466188914,57655.551478060384,57377.7929817516,57576.16368958306,1.0020271675449957,1.003457273232774,0.9860917941585535
2024-06-11 16:00:00,800.0,60.0,836,832,826,240484.06910066638,236235.50093820557,240370.49149889563,236168.31798928976,0.9823332656572674,0.9825179310347036,0.9880382775119617
2024-06-11 16:00:00,800.0,70.0,957,941,935,147176.26279215066,145238.69639633625,146905.38456303894,145164.762607104,0.9868350618567429,0.9881514080568775,0.9770114942528736
2024-06-11 16:00:00,800.0,80.0,1047,1033,1021,141046.35112135636,139799.93105282672,140329.84498878685,139643.64674024621,0.9911630463417149,0.9951101047065543,0.9751671442215855
2024-06-11 16:00:00,800.0,90.0,1137,1127,1118,172234.93936623295,169697.09334278875,171845.13917219348,169588.10303529946,0.9852652079027483,0.9868658715180043,0.9832893579595426
2024-06-11 16:00:00,800.0,100.0,1249,1251,1235,56510.79548955079,56546.79602648639,56344.24273221721,56345.476945172726,1.0006370559222133,1.0000219048636678,0.988791032826261
2024-06-11 16:00:00,800.0,110.0,1389,1380,1366,68052.71091031499,68339.04956314083,67792.18811700563,68169.61573023866,1.0042076009757084,1.005567420431711,0.9834413246940245
2024-06-11 16:00:00,800.0,120.0,1465,1451,1435,54593.872061839946,55286.124839490025,54241.68328427931,55090.130099973394,1.012680045424621,1.0156419706086073,0.9795221843003413
2024-06-11 16:00:00,800.0,130.0,1484,1484,1454,78435.18852128014,79516.55212318504,78054.3934062248,79155.63471469397,1.0137867151503246,1.0141086396346441,0.9797843665768194
2024-06-11 16:00:00,800.0,140.0,1426,1425,1402,84116.58108710786,84242.94369723738,83792.6529193352,83975.70867176057,1.0015022318845634,1.0021846277214972,0.9831697054698457
2024-06-11 16:00:00,800.0,150.0,1422,1420,1393,130172.11024611117,130062.05135882198,129689.0654370932,129744.31660885944,0.9991545125366631,1.0004260279891757,0.9796061884669479
2024-06-11 16:00:00,800.0,160.0,1439,1431,1403,110598.0912873337,111241.98066950927,110048.47262395055,110900.97632708123,1.0058218851218939,1.0077466200375518,0.9749826268241835
2024-06-11 16:00:00,800.0,170.0,1402,1410,1360,104104.98296723005,105738.30793780109,103266.60499084315,105104.94733706632,1.0156892102953916,1.0178019055277956,0.9700427960057061
2024-06-11 16:00:00,800.0,180.0,1466,1504,1436,93343.42634296336,94864.69049083885,92810.2743617775,94038.82715468504,1.0162974963259443,1.0132372498772992,0.9795361527967258
2024-06-11 16:00:00,800.0,190.0,1523,1539,1487,98031.88345901831,98900.64202631016,97458.73062593746,98258.82905675413,1.008862000164008,1.008209612680957,0.9763624425476034
2024-06-11 16:00:00,800.0,200.0,1534,1553,1504,105638.5707824887,106594.70324673512,105253.78694617518,106016.03643795472,1.0090509787965147,1.0072420148851209,0.9804432855280313
2024-06-11 16:00:00,800.0,210.0,1595,1587,1553,135132.09954685875,136249.72416830732,134463.7428324105,135832.1486658897,1.0082706079843082,1.0101767644173396,0.9736677115987461
2024-06-11 16:00:00,800.0,220.0,1667,1662,1617,118226.02136886932,120055.38609960511,117381.98093982067,119499.53948203038,1.0154734525407745,1.0180398944135671,0.97000599880024
2024-06-11 16:00:00,800.0,230.0,1697,1691,1650,183601.27978715207,184021.21722984017,182659.8419158039,182956.48445079496,1.002287225030103,1.0016240161596537,0.9723040659988215
2024-06-11 16:00:00,800.0,240.0,1746,1742,1701,385611.6190539317,380949.1308481133,384464.72804410616,380473.4972152108,0.9879088492788224,0.9896187334292017,0.9742268041237113
2024-06-11 16:00:00,800.0,250.0,1840,1840,1793,203949.30096280246,211479.89917913603,203193.6684629612,210914.36158475283,1.0369238736332176,1.0379967209618,0.9744565217391304
2024-06-11 16:00:00,800.0,260.0,1920,1946,1886,175020.1548292811,179887.24967881863,174396.97619291913,179100.81060820963,1.0278087678203978,1.0269719952603253,0.9822916666666667
2024-06-11 16:00:00,800.0,270.0,1910,1933,1870,202638.86530188227,206041.39133133905,202026.2183312112,205247.12871004688,1.0167910831142282,1.0159430315799665,0.9790575916230366
2024-06-11 16:00:00,800.0,280.0,1908,1951,1853,152689.9784751829,155898.50898469368,151649.28634601104,154708.3921832177,1.0210133667025978,1.0201722402453437,0.9711740041928721
2024-06-11 16:00:00,800.0,290.0,1887,1893,1809,199522.7284368794,199995.39225041983,198569.51957855473,198954.23998066725,1.0023689722832252,1.0019374594999728,0.958664546899841
2024-06-11 16:00:00,800.0,300.0,1837,1836,1762,152496.7306188462,154572.22172262074,151450.84056439454,153691.69838817278,1.0136100695100283,1.0147959418080974,0.9591725639629831
2024-06-11 16:00:00,800.0,310.0,1913,1909,1837,191192.90992665925,192106.66723751024,190102.87664395806,191250.80736849335,1.0047792426570707,1.0060384710889212,0.9602718243596445
2024-06-11 16:00:00,800.0,320.0,1866,1853,1795,321125.05792722956,319639.16463068227,320055.2567891721,318951.98997400433,0.9953728516044861,0.9965528864414355,0.9619506966773848
2024-06-11 16:00:00,800.0,330.0,1879,1854,1803,867388.6704572382,842730.3542254742,866410.0099883006,842108.960706361,0.9715717796743119,0.9719520215581676,0.9595529536987759
2024-06-11 16:00:00,800.0,340.0,1917,1904,1846,805013.2576978451,769033.8600040919,803298.0482639051,768283.404498861,0.9553058321093417,0.9564113919600352,0.9629629629629629
2024-06-11 16:00:00,800.0,350.0,1876,1869,1803,867008.9106116693,821249.713222564,865870.5445760145,820420.8320507724,0.9472217680475481,0.947509806390865,0.9610874200426439
2024-06-11 16:00:00,800.0,360.0,2025,2039,1972,1036663.6216188173,992025.5217506303,1035815.5039702547,991040.8748101327,0.9569406131967072,0.9567735480029966,0.9738271604938271
2024-06-11 16:00:00,800.0,370.0,1883,1911,1833,477887.8082160428,471402.94524483907,476862.43803636136,470439.7619738352,0.9864301560748918,0.9865313860974799,0.9734466277217206
2024-06-11 16:00:00,800.0,380.0,1504,1531,1458,215180.54098008835,215730.91058854072,214072.11377717892,214700.40632997168,1.002557710868955,1.0029349574856197,0.9694148936170213
2024-06-11 16:00:00,800.0,390.0,1573,1584,1525,159197.50194036224,161123.6006718614,158270.30516105413,160270.47025030816,1.0120987999687376,1.0126376523203053,0.9694850603941513
2024-06-11 16:00:00,800.0,400.0,1463,1461,1409,175282.3792753077,174782.45211732655,174212.15350886277,173932.93688409613,0.9971478755591517,0.9983972609307511,0.9630895420369104
2024-06-11 16:00:00,800.0,410.0,1408,1410,1373,294135.7813994824,290503.92061158374,293652.61767115013,289955.9012629293,0.9876524346319974,0.9874112601565138,0.9751420454545454
2024-06-11 16:00:00,800.0,420.0,1230,1233,1200,128313.57241692956,128880.34858435491,127656.85221992183,128462.42429582725,1.0044171178212054,1.00631044916036,0.975609756097561
2024-06-11 16:00:00,800.0,430.0,1115,1121,1081,137037.10082943804,134684.30241589673,136471.57958272158,134147.753941682,0.9828309384881857,0.9829720909793456,0.9695067264573991
2024-06-11 16:00:00,800.0,440.0,1086,1086,1050,157340.46186166126,154838.95961010916,156852.9322597305,154318.0815487963,0.9841013416259607,0.9838393157563877,0.9668508287292817
2024-06-11 16:00:00,800.0,450.0,1085,1082,1046,122471.90749530174,122607.50023487433,121388.95218789585,122021.89391356277,1.0011071334018193,1.0052141625268105,0.9640552995391705
2024-06-11 16:00:00,800.0,460.0,1069,1079,1052,98830.51229821048,99621.83466683011,98574.0693769553,99292.4837408333,1.0080068629638577,1.0072880664095414,0.9840972871842844
2024-06-11 16:00:00,800.0,470.0,1007,1012,985,92702.83644796186,94206.32629459459,92334.16785092138,93882.76132859587,1.01621838019462,1.0167716189328178,0.9781529294935452
2024-06-11 16:00:00,800.0,480.0,908,903,886,98922.44444345069,100424.16804133568,98394.20203572573,100210.07800325914,1.015180817723762,1.018455111479781,0.9757709251101322
2024-06-11 16:00:00,800.0,490.0,890,898,881,212965.23947404674,214040.41106312576,212819.7739829485,213841.08469395386,1.0050485778417846,1.0047989465071379,0.9898876404494382
2024-06-12 00:00:00,808.0,0.0,61,58,57,2168.157773075543,1929.1157881811262,2124.2608117671793,1918.0683514716775,0.8897488052470764,0.9029344894217722,0.9344262295081968
2024-06-12 00:00:00,808.0,10.0,181,155,155,6347.073905765766,5450.066876327914,6046.215783553551,5450.066876327914,0.8586739271110426,0.9014013180199034,0.856353591160221
2024-06-12 00:00:00,808.0,20.0,297,279,277,10752.951142063363,9941.931609361956,10516.15022753177,9920.287887379407,0.9245770280189536,0.9433383579294666,0.9326599326599326
2024-06-12 00:00:00,808.0,30.0,450,431,428,42562.02399312803,40089.161418709264,42256.25420155897,40053.65410942148,0.9418997890039715,0.9478751693978537,0.9511111111111111
2024-06-12 00:00:00,808.0,40.0,587,567,566,28806.79824874895,27233.129045717025,28546.16653834447,27220.519452336936,0.9453716032776996,0.9535612922237083,0.9642248722316865
2024-06-12 00:00:00,808.0,50.0,717,706,702,68735.49731988535,66202.2885318594,68508.67664571221,66149.4801831152,0.9631455523448568,0.9655635376698716,0.9790794979079498
2024-06-12 00:00:00,808.0,60.0,836,823,821,311541.93032845506,301612.4901079418,311355.2594809395,301590.60866294405,0.9681280776233081,0.9686382339123673,0.9820574162679426
2024-06-12 00:00:00,808.0,70.0,950,924,920,181699.3177069595,175670.69147464779,181342.6328217768,175627.0385246519,0.9668208647759782,0.9684817948863566,0.968421052631579
2024-06-12 00:00:00,808.0,80.0,1051,1010,1006,179713.2647791897,172502.43103947886,179010.91420599783,172458.803362019,0.9598758959247073,0.9633982605304225,0.9571836346336822
2024-06-12 00:00:00,808.0,90.0,1137,1102,1094,220333.53469980074,211550.41682370778,219575.90637337836,211463.9866509504,0.9601371716381724,0.9630564215518527,0.9621811785400176
2024-06-12 00:00:00,808.0,100.0,1253,1227,1219,65568.42806580449,62182.67942759636,65098.639325053955,62080.40887767951,0.9483631263081344,0.9536360440299888,0.9728651237031125
2024-06-12 00:00:00,808.0,110.0,1382,1353,1341,81061.53153128449,77203.21039157265,80532.47421258313,77064.81201648066,0.9524025630058225,0.9569408213269494,0.9703328509406657
2024-06-12 00:00:00,808.0,120.0,1448,1426,1410,62806.21440057855,60561.82797489489,62356.08298363041,60373.854048218505,0.9642648988304096,0.968211137701958,0.9737569060773481
2024-06-12 00:00:00,808.0,130.0,1477,1480,1454,93631.56230687215,90533.29196294471,93273.90623760309,90223.926337701,0.9669099792036683,0.9673008237466472,0.984427894380501
2024-06-12 00:00:00,808.0,140.0,1430,1407,1389,100723.44257175413,96612.06779555084,100237.52468066839,96406.8138386814,0.959181550280369,0.9617836648082574,0.9713286713286713
2024-06-12 00:00:00,808.0,150.0,1425,1411,1383,160189.89419305808,153950.5984245561,159453.3360616796,153628.18668746052,0.9610506280690686,0.963467999365245,0.9705263157894737
2024-06-12 00:00:00,808.0,160.0,1446,1422,1397,135236.91824611637,130566.57834416174,134265.6454152833,130277.69828314715,0.9654654959420539,0.9702980824335112,0.9661134163208852
2024-06-12 00:00:00,808.0,170.0,1414,1383,1343,126399.75114668129,123072.20638477878,125151.8633633359,122555.22104260122,0.9736744358140307,0.9792520682397176,0.9497878359264498
2024-06-12 00:00:00,808.0,180.0,1482,1471,1434,111979.9494258885,107461.93824380585,110867.45977660693,106996.54928199828,0.9596533914754731,0.9650852423027607,0.9676113360323887
2024-06-12 00:00:00,808.0,190.0,1539,1520,1491,118606.34030164633,113523.22276404791,117925.02334776826,113162.2369235612,0.9571429526897909,0.9596117406721955,0.9688109161793372
2024-06-12 00:00:00,808.0,200.0,1541,1520,1482,126483.43206229212,122683.83659283465,125530.45342539667,122248.99754220186,0.9699597377497932,0.9738592843915361,0.9617131732641142
2024-06-12 00:00:00,808.0,210.0,1594,1573,1543,164061.30586891127,159760.25072551885,163301.2251572804,159409.3410500727,0.9737838540257076,0.9761674531011062,0.9680050188205772
2024-06-12 00:00:00,808.0,220.0,1684,1645,1614,142897.16246183455,139619.73715028167,141720.07199870396,139202.3266117798,0.9770644479212228,0.9822343768852504,0.9584323040380047
2024-06-12 00:00:00,808.0,230.0,1699,1670,1639,223771.49768053673,217182.60643921467,222466.02658396336,216755.33875974204,0.9705552704003055,0.9743300677774905,0.964685108887581
2024-06-12 00:00:00,808.0,240.0,1755,1715,1679,492290.6435711924,480662.2433899556,490167.41939887265,480231.1893278306,0.9763789941306183,0.9797289055171648,0.9566951566951567
2024-06-12 00:00:00,808.0,250.0,1830,1821,1771,249189.99371932738,250638.59006764105,248315.59242197115,249888.3748335648,1.005813220373308,1.006333804479426,0.9677595628415301
2024-06-12 00:00:00,808.0,260.0,1928,1926,1877,215018.82780787954,213112.56195814506,213984.80501517438,212470.44552886393,0.9911344235796982,0.9929230513063623,0.9735477178423236
2024-06-12 00:00:00,808.0,270.0,1922,1913,1863,249922.3928756116,247086.48178711673,248869.98789668895,246459.28684732888,0.9886528331620675,0.99031341195564,0.9693028095733611
2024-06-12 00:00:00,808.0,280.0,1943,1922,1856,184357.65508455242,181049.62487258838,183041.27896034054,180144.31110057037,0.9820564531999126,0.9841731445703138,0.9552238805970149
2024-06-12 00:00:00,808.0,290.0,1899,1858,1792,244725.82292619045,238284.37517252058,243205.8765880342,237448.2494897882,0.9736789208566167,0.9763261185172806,0.9436545550289626
2024-06-12 00:00:00,808.0,300.0,1843,1797,1748,184843.63354873605,180938.10718372604,183381.83029217416,180261.24235400866,0.9788711880954218,0.9829831127042761,0.9484536082474226
2024-06-12 00:00:00,808.0,310.0,1913,1876,1827,232213.31228043587,226518.00333788042,230854.09829933022,225935.74935190415,0.9754738051551608,0.9786949896767748,0.9550444328280188
2024-06-12 00:00:00,808.0,320.0,1889,1831,1789,390953.67505970935,378183.9836771076,389283.2517988328,377651.9508218601,0.9673370729136861,0.9701212396802951,0.9470619375330863
2024-06-12 00:00:00,808.0,330.0,1884,1839,1799,1068893.160872086,1027278.0761325507,1067674.583959311,1026792.9552437547,0.9610671241402813,0.9617096544867135,0.9548832271762208
2024-06-12 00:00:00,808.0,340.0,1908,1888,1833,1004953.4935758847,957719.1559013703,1003178.0930503202,956972.7642862357,0.9529984840328856,0.9539410508620758,0.960691823899371
2024-06-12 00:00:00,808.0,350.0,1892,1849,1793,1131683.1848948475,1077183.662969531,1129944.5255728187,1076425.9330108596,0.9518420679455617,0.9526360884532556,0.9476744186046512
2024-06-12 00:00:00,808.0,360.0,2038,2022,1961,1271384.731597953,1212425.5097011155,1270087.7556031495,1211565.8312041094,0.953625979271645,0.9539229284426501,0.9622178606476938
2024-06-12 00:00:00,808.0,370.0,1911,1877,1823,576494.3281314953,557648.6349341931,574905.5798158429,556924.6689393418,0.9673098376208074,0.9687237148015491,0.9539508110936682
2024-06-12 00:00:00,808.0,380.0,1527,1516,1458,260718.1846580125,255099.57918448368,258313.52706712417,254222.9251746043,0.9784495067695458,0.9841641979072319,0.9548133595284872
2024-06-12 00:00:00,808.0,390.0,1607,1570,1526,191022.42277179976,187094.09064327512,189583.85500108884,186469.1748662238,0.9794352303173459,0.983570963176969,0.9495955196017424
2024-06-12 00:00:00,808.0,400.0,1493,1484,1433,209709.24275355643,203880.27330394054,208059.28781421355,202983.38916829383,0.9722045181553304,0.9756035950173383,0.9598124581379772
2024-06-12 00:00:00,808.0,410.0,1419,1402,1370,366067.44797055656,357376.88192369405,365216.93287209526,356942.5906395473,0.9762596589916908,0.9773440344962161,0.9654686398872445
2024-06-12 00:00:00,808.0,420.0,1237,1227,1189,152842.4299181469,148896.1932381158,151538.97881352494,148316.0811164406,0.9741810132033072,0.9787322197739615,0.9611964430072757
2024-06-12 00:00:00,808.0,430.0,1129,1120,1083,161593.8334271813,155745.8829679608,160732.8986314542,155229.99683354705,0.9638108067913634,0.9657636871806511,0.9592559787422498
2024-06-12 00:00:00,808.0,440.0,1100,1073,1050,188471.75706303443,181589.05725609022,187458.088317953,181322.7311289076,0.9634815321181397,0.9672707790626828,0.9545454545454546
2024-06-12 00:00:00,808.0,450.0,1091,1081,1048,145340.76230682305,141434.2321967652,143813.9068820281,140874.24910472496,0.9731215796033124,0.9795592940833284,0.9605866177818515
2024-06-12 00:00:00,808.0,460.0,1069,1058,1043,114798.07238022692,113044.09157655948,114294.05006226093,112861.91939943579,0.9847211650221964,0.987469770630711,0.9756782039289055
2024-06-12 00:00:00,808.0,470.0,1017,1014,990,108164.95843621153,106783.97775106103,107684.16329842879,106513.81617517833,0.9872326425755998,0.9891316690644005,0.9734513274336283
2024-06-12 00:00:00,808.0,480.0,911,894,883,115925.75366943487,113814.53281998268,115100.8205422703,113689.0988170449,0.9817881636942177,0.987734911718488,0.969264544456641
2024-06-12 00:00:00,808.0,490.0,892,893,876,262085.90988326274,259336.3912232644,261891.99601966795,259140.96993201284,0.9895090939409027,0.9894955701989132,0.9820627802690582
2024-06-12 08:00:00,816.0,0.0,34,45,33,791.1363177703001,1061.014501937859,771.2869190019179,929.6130363141174,1.3411272850274025,1.2052752528424584,0.9705882352941176
2024-06-12 08:00:00,816.0,10.0,72,94,69,2259.455963204326,2758.4999247553083,2209.2093832452692,2474.8772912601553,1.2208690807335965,1.1202547436335015,0.9583333333333334
2024-06-12 08:00:00,816.0,20.0,137,178,129,4395.435446899132,5708.508322459251,4311.736129737611,5128.050314627824,1.2987355613393112,1.1893237805672237,0.9416058394160584
2024-06-12 08:00:00,816.0,30.0,253,305,247,23541.307520346207,26456.7516345026,23479.22061659508,25759.622979648597,1.123843763207997,1.0971242785393707,0.9762845849802372
2024-06-12 08:00:00,816.0,40.0,358,446,353,13402.268455327147,17010.94481693042,13315.217618600112,15869.750164857502,1.2692586239136923,1.1918506042806951,0.9860335195530726
2024-06-12 08:00:00,816.0,50.0,431,518,425,45084.017050925504,50625.39235237258,45013.16764030668,49535.06700647724,1.122912190703586,1.1004572573586549,0.9860788863109049
2024-06-12 08:00:00,816.0,60.0,560,645,550,216148.88228025593,225697.7070554368,216024.89211807237,224568.26152103348,1.0441770721849026,1.0395480785533344,0.9821428571428571
2024-06-12 08:00:00,816.0,70.0,669,746,659,116426.36218447852,125355.53185276398,116317.4317737861,124306.70103776341,1.0766937100906504,1.0686850555599854,0.9850523168908819
2024-06-12 08:00:00,816.0,80.0,725,813,710,113216.32492405489,122196.27283181297,112792.62073276154,120932.31954477163,1.0793167232179792,1.0721651714370162,0.9793103448275862
2024-06-12 08:00:00,816.0,90.0,771,901,763,151428.1204454196,161104.1726360324,151313.69042173395,159429.62724775422,1.0638986481648922,1.0536365004607313,0.9896238651102465
2024-06-12 08:00:00,816.0,100.0,882,1022,879,31149.955773328005,38728.683864436854,31117.90900842711,37015.13352624655,1.2432981974760329,1.1895122360638821,0.9965986394557823
2024-06-12 08:00:00,816.0,110.0,939,1097,930,38652.753825071704,47204.702105427816,38485.42167650336,45221.449614791396,1.22125068550249,1.1750280403553588,0.9904153354632588
2024-06-12 08:00:00,816.0,120.0,990,1187,976,26833.10660106748,35473.54999190807,26660.663813681807,32897.23162848604,1.3220068223668464,1.2339239509709332,0.9858585858585859
2024-06-12 08:00:00,816.0,130.0,1059,1261,1045,46405.31761605315,57224.564135803506,46227.08192663118,54587.859375923035,1.2331466968778513,1.1808631888675467,0.9867799811142587
2024-06-12 08:00:00,816.0,140.0,1045,1180,1031,51647.35400539411,60615.04665848891,51411.842220785,58850.844715626445,1.1736331478309265,1.1446943383762656,0.9866028708133971
2024-06-12 08:00:00,816.0,150.0,1069,1216,1057,94800.06547218474,106063.99523835452,94609.76748694105,104120.39339995361,1.1188177424779808,1.1005247784202123,0.9887745556594949
2024-06-12 08:00:00,816.0,160.0,1042,1202,1022,77019.10452234973,89163.68795015599,76709.05493902562,86957.49525793476,1.157682739926976,1.1336014415384912,0.980806142034549
2024-06-12 08:00:00,816.0,170.0,1033,1171,1016,69719.70064167154,80735.50746064016,69234.82138445947,78828.14114645448,1.1580013499424646,1.1385620641486676,0.9835430784123911
2024-06-12 08:00:00,816.0,180.0,1153,1302,1145,58322.05597828332,69617.74541728295,58193.36456267646,67563.35890568879,1.1936778333604299,1.1610148238279037,0.9930615784908933
2024-06-12 08:00:00,816.0,190.0,1218,1351,1209,62283.322491262355,73937.36393948672,62167.733212184256,72159.01062748827,1.1871133552623063,1.1607148419132938,0.9926108374384236
2024-06-12 08:00:00,816.0,200.0,1203,1331,1190,70045.04359148836,83238.64420866923,69668.99817700867,81488.54656856056,1.1883588037167574,1.1696529116368495,0.9891936824605154
2024-06-12 08:00:00,816.0,210.0,1307,1395,1289,91202.15590790779,106738.4399247184,90827.10244266402,105450.41635955132,1.170349964451482,1.1610016561534426,0.9862280030604438
2024-06-12 08:00:00,816.0,220.0,1364,1472,1350,77433.87595858538,92160.68360062662,77229.89921842242,90601.78326340369,1.1901855933172931,1.1731438753683048,0.9897360703812317
2024-06-12 08:00:00,816.0,230.0,1427,1510,1411,136635.26837988332,154978.71000956718,136326.33799410384,153655.8959349653,1.1342511479443513,1.127118194443182,0.9887876664330764
2024-06-12 08:00:00,816.0,240.0,1457,1549,1439,324343.6987012215,350084.0079548279,323136.04074238427,348701.72007053375,1.0793612126786463,1.079117387430427,0.9876458476321208
2024-06-12 08:00:00,816.0,250.0,1567,1670,1550,153076.95974603208,178306.18364538037,152764.9034316832,176753.90218695538,1.164813985992443,1.15703213379767,0.9891512444160817
2024-06-12 08:00:00,816.0,260.0,1655,1768,1636,125108.91580056041,147041.7547751862,124636.34567295949,145328.702058257,1.1753099596002377,1.1660218475884505,0.9885196374622357
2024-06-12 08:00:00,816.0,270.0,1572,1691,1558,148057.89016322774,170818.2061943995,147738.73892946605,168965.18618714964,1.1537257893252393,1.1436755681786182,0.9910941475826972
2024-06-12 08:00:00,816.0,280.0,1552,1672,1533,104386.48426488924,124125.6622383522,103936.30709748762,122330.7501201696,1.1890970666602123,1.1769780314152283,0.9877577319587629
2024-06-12 08:00:00,816.0,290.0,1451,1595,1436,144402.73743084373,165167.27859634007,144080.08198799807,163017.31025038945,1.143796035552586,1.1314354350795612,0.9896623018607856
2024-06-12 08:00:00,816.0,300.0,1422,1538,1398,104599.55325330122,124334.01834384131,104203.49092130178,122460.07035549344,1.188666820046072,1.1752012266842355,0.9831223628691983
2024-06-12 08:00:00,816.0,310.0,1464,1582,1442,136688.95002249163,157611.64184758172,136387.02979539082,155815.77170730638,1.1530679094516956,1.1424530026136852,0.9849726775956285
2024-06-12 08:00:00,816.0,320.0,1495,1582,1473,253383.63529022507,279751.49187225866,252928.3158510694,278375.2157213068,1.1040629816200715,1.10060913814498,0.9852842809364548
2024-06-12 08:00:00,816.0,330.0,1496,1599,1483,767053.6359237237,800965.4031585995,766799.5651107125,799414.3662103342,1.0442104249907342,1.0425336718793166,0.9913101604278075
2024-06-12 08:00:00,816.0,340.0,1553,1632,1531,741840.9679714517,757956.6086638854,741126.4704341202,756617.6855644773,1.0217238483559374,1.0209022558879635,0.9858338699291693
2024-06-12 08:00:00,816.0,350.0,1539,1624,1514,761705.6364758475,772484.0585873076,759255.9474821454,770945.7497289551,1.0141503772524623,1.015396392067228,0.9837556855100714
2024-06-12 08:00:00,816.0,360.0,1673,1787,1647,953751.4479055186,978239.2916263391,952970.002984033,976270.5898787953,1.0256752886452722,1.0244504935326415,0.9844590555887627
2024-06-12 08:00:00,816.0,370.0,1539,1645,1507,405241.8032687504,438460.3801321462,404517.1362179092,436546.9555189598,1.081972236317796,1.0791803768822203,0.9792072774528915
2024-06-12 08:00:00,816.0,380.0,1277,1345,1258,163500.8044620228,186666.32110406552,162982.59499451,185142.86483321944,1.1416844199529521,1.1359670941517155,0.985121378230227
2024-06-12 08:00:00,816.0,390.0,1300,1375,1279,109629.39262641507,129515.85289289191,109275.57180253256,128060.62001825147,1.1813971580983222,1.1719052840983033,0.9838461538461538
2024-06-12 08:00:00,816.0,400.0,1212,1307,1190,122878.47714166122,142513.33293766726,122461.28961269656,140478.34349695765,1.1597908458237962,1.147124482693616,0.9818481848184818
2024-06-12 08:00:00,816.0,410.0,1182,1263,1168,236847.5701935577,261455.85763394763,236634.169359998,260014.60795838616,1.1038992606944602,1.09880415267847,0.988155668358714
2024-06-12 08:00:00,816.0,420.0,1052,1115,1036,87109.1321478516,104201.48743386744,86622.69574327655,103012.68164645821,1.196217719825342,1.189211219560248,0.9847908745247148
2024-06-12 08:00:00,816.0,430.0,937,999,926,92119.31472536508,108264.8108497384,91885.89958965233,107238.45615580364,1.1752672191766493,1.1670828346320095,0.9882604055496265
2024-06-12 08:00:00,816.0,440.0,921,976,911,107642.34247185432,124813.87586783446,107428.94406910472,123857.12405826332,1.159523966142506,1.1529213577543032,0.98914223669924
2024-06-12 08:00:00,816.0,450.0,927,972,916,80951.90847408691,95914.60136611323,80639.28664647214,95077.23911701809,1.1848343439218105,1.1790436531742012,0.9881337648327939
2024-06-12 08:00:00,816.0,460.0,903,949,894,59436.58594034205,74672.63844488387,59316.96996831694,73848.44980476145,1.2563413134098014,1.2449801438645,0.9900332225913622
2024-06-12 08:00:00,816.0,470.0,875,914,866,55210.904983009925,69705.578417627,55082.414793391945,69061.48979631448,1.2625327992554645,1.2537847161450073,0.9897142857142858
2024-06-12 08:00:00,816.0,480.0,791,828,781,63541.129624022986,77839.69876183258,63338.43254755262,77188.36827983282,1.2250285637415508,1.2186655901514785,0.9873577749683944
2024-06-12 08:00:00,816.0,490.0,760,800,755,167095.30377272924,184469.7704742335,167007.2613282234,183896.44305477585,1.1039793836763703,1.101128427543996,0.993421052631579
2024-06-12 16:00:00,824.0,0.0,59,57,57,1874.8994451132744,1737.7457491911582,1853.850377200316,1737.7457491911582,0.9268474390562157,0.9373710902254696,0.9661016949152542
2024-06-12 16:00:00,824.0,10.0,182,163,161,5520.464925038322,5020.005896842722,5269.6219789251845,4998.359769564908,0.9093447680600696,0.9485234025428889,0.8846153846153846
2024-06-12 16:00:00,824.0,20.0,296,283,282,9495.742783278652,9199.496745245782,9333.69851358191,9188.507924570371,0.9688022259243859,0.9844444740956368,0.9527027027027027
2024-06-12 16:00:00,824.0,30.0,451,440,437,34959.736359095536,34303.49855346934,34781.03998428325,34270.7843845258,0.9812287541620588,0.9853294898603372,0.9689578713968958
2024-06-12 16:00:00,824.0,40.0,589,578,578,24589.033360614645,24182.919023214345,24457.059594064267,24182.919023214345,0.9834839242582512,0.9887909431714164,0.9813242784380306
2024-06-12 16:00:00,824.0,50.0,717,713,708,58066.42190683124,57446.22766886423,57948.189346678366,57376.59799115941,0.989319227574206,0.9901361653925134,0.9874476987447699
2024-06-12 16:00:00,824.0,60.0,839,825,824,242254.67938070913,234721.67480152423,242079.9013055882,234709.36974540987,0.96890460651393,0.9695533106200578,0.9821215733015495
2024-06-12 16:00:00,824.0,70.0,964,942,936,148523.14298324636,144130.90903011445,148144.83993484662,144067.2325815183,0.9704272757436371,0.9724755357316419,0.970954356846473
2024-06-12 16:00:00,824.0,80.0,1054,1025,1018,142897.4125726853,138366.53598305938,142395.28362668483,138291.02463366554,0.9682928017515973,0.9711770018747296,0.9658444022770398
2024-06-12 16:00:00,824.0,90.0,1146,1122,1116,174217.25808713096,168150.90220213198,173660.3078219326,168085.74310361088,0.9651793631032523,0.9678996036098372,0.9738219895287958
2024-06-12 16:00:00,824.0,100.0,1253,1242,1230,57114.88962073643,55669.97672477596,56845.527008843346,55529.85708167922,0.9747016425041664,0.976855348232422,0.9816440542697525
2024-06-12 16:00:00,824.0,110.0,1385,1370,1354,68564.15304945348,67870.82154332934,68177.14031546192,67682.88386376906,0.9898878426220176,0.9927504079900406,0.9776173285198556
2024-06-12 16:00:00,824.0,120.0,1464,1450,1432,55131.66965440117,54698.338698199266,54752.83679749834,54491.12470190069,0.9921400719601222,0.9952201180631867,0.9781420765027322
2024-06-12 16:00:00,824.0,130.0,1483,1487,1460,79147.542902441,78431.62540310716,78790.40169657796,78084.63526662602,0.9909546465615958,0.9910424821456064,0.9844908968307485
2024-06-12 16:00:00,824.0,140.0,1427,1412,1392,85018.95612414514,83330.40873617498,84553.74391518667,83094.15543716002,0.9801391658407975,0.9827377427605013,0.9754730203223546
2024-06-12 16:00:00,824.0,150.0,1421,1429,1396,131317.6502496286,128472.93385405991,130855.83236150455,128086.22187858367,0.9783371360197123,0.978834642423354,0.9824067558057706
2024-06-12 16:00:00,824.0,160.0,1445,1438,1406,111558.30945148866,110578.90580578466,111021.98986689924,110182.32515717534,0.9912207019762171,0.9924369513577396,0.9730103806228374
2024-06-12 16:00:00,824.0,170.0,1410,1403,1360,104797.12986770459,103624.64986521818,103798.24034062633,103086.42358666398,0.9888119073111397,0.9931423042276397,0.9645390070921985
2024-06-12 16:00:00,824.0,180.0,1471,1470,1424,94138.55224586424,93049.56905304556,93328.25203992268,92479.41583126252,0.9884321230055191,0.9909048311726973,0.9680489462950373
2024-06-12 16:00:00,824.0,190.0,1531,1537,1488,99242.92164708763,98393.6473950939,98609.03363219986,97806.08246788662,0.9914424702749705,0.9918572250965549,0.9719137818419333
2024-06-12 16:00:00,824.0,200.0,1543,1535,1497,106863.8849349863,106150.83052232549,106238.65269462776,105710.84176775184,0.9933274518973868,0.9950318371563591,0.9701879455605963
2024-06-12 16:00:00,824.0,210.0,1597,1574,1553,135974.5648638715,134667.029683235,135383.78449496196,134398.47667171713,0.9903839723116931,0.9927221134575278,0.9724483406386976
2024-06-12 16:00:00,824.0,220.0,1676,1663,1620,119509.3862434974,119257.57701132976,118541.19389550765,118685.6862270553,0.9978929752709583,1.0012189208392401,0.9665871121718377
2024-06-12 16:00:00,824.0,230.0,1689,1679,1640,185226.47992103093,182310.58753397595,184128.77142486977,181822.2857487652,0.9842576915120445,0.9874735183520968,0.9709887507400828
2024-06-12 16:00:00,824.0,240.0,1743,1734,1698,389630.4914656293,381232.66532774456,387921.4856123615,380804.3147758052,0.9784466916172407,0.981653063569497,0.9741824440619621
2024-06-12 16:00:00,824.0,250.0,1838,1815,1778,206156.67173491148,210004.40145652118,205132.35650036,209563.69420932495,1.0186641047763778,1.021602334144478,0.9673558215451578
2024-06-12 16:00:00,824.0,260.0,1929,1952,1891,176838.73829660047,177904.2307290711,176121.55473931943,177110.41443177,1.0060252207334999,1.0056146432156712,0.9803006739243131
2024-06-12 16:00:00,824.0,270.0,1922,1900,1857,204720.06734085,203621.1438533603,203792.4573030314,203092.1512898454,0.9946320675751829,0.9965636313411508,0.9661810613943809
2024-06-12 16:00:00,824.0,280.0,1914,1926,1837,153703.90367138205,154123.6392236787,152562.32642808114,152975.24006130456,1.0027308060645879,1.002706524231053,0.9597701149425287
2024-06-12 16:00:00,824.0,290.0,1889,1874,1799,200737.43181772393,199572.38026132638,199587.62222366733,198639.64229407843,0.9941961419659117,0.9952503070128941,0.9523557437797776
2024-06-12 16:00:00,824.0,300.0,1837,1811,1756,153831.90947430592,153373.46257538415,152695.36671516247,152719.50334986212,0.9970198192267883,1.0001580705113644,0.9559063690800218
2024-06-12 16:00:00,824.0,310.0,1930,1883,1830,193125.10945117715,191471.64494605875,191786.55876124033,190798.75727523043,0.9914383763467256,0.994849474893391,0.9481865284974094
2024-06-12 16:00:00,824.0,320.0,1876,1850,1800,323995.35338305705,316998.24244322337,322830.22238764574,316384.4159932665,0.9784036688589139,0.980033448087028,0.9594882729211087
2024-06-12 16:00:00,824.0,330.0,1885,1867,1818,874671.6426005499,839504.7698711103,873804.3500419299,838885.0800092914,0.9597942004557478,0.9600376559913408,0.9644562334217507
2024-06-12 16:00:00,824.0,340.0,1917,1896,1840,810696.6413578084,765306.2809006008,809446.1327950538,764601.3627370357,0.9440106716352189,0.9445982033379207,0.9598330725091289
2024-06-12 16:00:00,824.0,350.0,1884,1851,1800,871932.5937150491,817479.7475335464,870621.3401407442,816711.953184728,0.9375492479877429,0.9380794101057743,0.9554140127388535
2024-06-12 16:00:00,824.0,360.0,2013,2012,1945,1042588.1085071682,988495.7869545862,1041514.1057843354,987630.2879833579,0.9481172659545923,0.948263957730655,0.9662195727769498
2024-06-12 16:00:00,824.0,370.0,1890,1903,1825,480664.06655238883,470266.0560638174,479202.49960193585,469089.16240674304,0.9783674062362261,0.9788954832172333,0.9656084656084656
2024-06-12 16:00:00,824.0,380.0,1514,1508,1458,217025.47603195492,214321.97302412646,215822.55550619052,213586.83074692817,0.9875429232675412,0.9896409123966738,0.9630118890356671
2024-06-12 16:00:00,824.0,390.0,1573,1574,1514,160373.90536755993,159358.09725305514,159424.06733070326,158379.44451625028,0.9936660012601385,0.9934475212435394,0.9624920534011443
2024-06-12 16:00:00,824.0,400.0,1478,1470,1424,176549.96456265403,173565.7851902885,175762.26767142402,172908.9796315213,0.9830972530651146,0.9837662083124874,0.9634641407307172
2024-06-12 16:00:00,824.0,410.0,1409,1383,1350,296514.65038090415,288410.58088755177,295673.65907835274,287915.1408230351,0.972668906973258,0.9737598598417533,0.9581263307310149
2024-06-12 16:00:00,824.0,420.0,1225,1227,1192,128790.02435368557,126861.81736172657,127944.09453911435,126299.19585682757,0.9850282892511634,0.9871436138712607,0.9730612244897959
2024-06-12 16:00:00,824.0,430.0,1118,1099,1071,137503.66450162465,133323.89951599983,136772.5308030572,132946.95075256366,0.9696025193163094,0.9720296171458427,0.9579606440071556
2024-06-12 16:00:00,824.0,440.0,1095,1087,1056,157891.9226910821,153636.01441990657,157364.66851766087,153232.44627852517,0.973045433872496,0.9737411054332571,0.9643835616438357
2024-06-12 16:00:00,824.0,450.0,1086,1077,1045,123378.20041043582,121231.47120760406,122082.44846251143,120637.6328682558,0.9826004172885457,0.9881652472369991,0.9622467771639043
2024-06-12 16:00:00,824.0,460.0,1069,1055,1043,99232.73346655128,98288.0061217226,98790.27224819818,98114.48894309124,0.9904796803249695,0.9931594144876015,0.9756782039289055
2024-06-12 16:00:00,824.0,470.0,1009,1005,988,93284.55438625187,93095.59805567397,92972.2952309962,92902.7752451908,0.9979744092489791,0.9992522505157836,0.979187314172448
2024-06-12 16:00:00,824.0,480.0,908,898,883,99524.51708963838,99163.37504042679,99098.2345056445,98985.39943958029,0.9963713257821053,0.998861381672165,0.9724669603524229
2024-06-12 16:00:00,824.0,490.0,892,889,873,214392.4449618309,211243.52988657454,214081.03029422776,211045.6783733313,0.9853123785410584,0.9858214811619471,0.9786995515695067
2024-06-13 00:00:00,832.0,0.0,62,58,58,2218.323166669571,1960.6634146431597,2170.4698437478246,1960.6634146431597,0.8838493165027695,0.9033359391244133,0.9354838709677419
2024-06-13 00:00:00,832.0,10.0,180,161,160,6366.485636841913,5612.806201046171,6109.858796282721,5601.895857525895,0.8816176649430715,0.9168617547976927,0.8888888888888888
2024-06-13 00:00:00,832.0,20.0,295,281,277,11041.97496426362,10254.617481718105,10836.83232979481,10211.124846800718,0.9286941434758068,0.9422610349637163,0.9389830508474576
2024-06-13 00:00:00,832.0,30.0,453,430,429,43041.98755998358,40427.000365687716,42746.373290211515,40414.145092361265,0.9392456681826878,0.9454403258490164,0.9470198675496688
2024-06-13 00:00:00,832.0,40.0,587,561,560,28957.083698637325,27284.50060084514,28617.263698541723,27273.318686099316,0.9422392422110208,0.9530372635693016,0.9540034071550255
2024-06-13 00:00:00,832.0,50.0,719,692,689,69678.56702368849,66140.10893098896,69301.29366335276,66091.65080600217,0.9492174101184291,0.9536856718297039,0.9582753824756607
2024-06-13 00:00:00,832.0,60.0,838,817,817,312926.00384547614,299524.7484581694,312560.0617490531,299524.7484581694,0.9571743631957019,0.9582950130674424,0.9749403341288783
2024-06-13 00:00:00,832.0,70.0,956,914,903,183943.5495351858,176110.04773562241,183255.09363419723,175982.67601749935,0.9574135553034713,0.9603153316370314,0.944560669456067
2024-06-13 00:00:00,832.0,80.0,1054,1012,1007,181906.336327332,172226.08980291785,181200.633762486,172145.45249664673,0.9467844456666149,0.9500267682412822,0.9554079696394687
2024-06-13 00:00:00,832.0,90.0,1137,1101,1098,222303.5373827062,211776.1706081408,221766.97085998039,211744.08130531712,0.9526441778726982,0.9548044079071111,0.9656992084432717
2024-06-13 00:00:00,832.0,100.0,1255,1220,1209,66230.6508832381,61954.62535824011,65609.95045514955,61826.60645040531,0.935437362188446,0.942335819818512,0.9633466135458167
2024-06-13 00:00:00,832.0,110.0,1384,1351,1335,81829.68666008432,77297.70263080791,81161.07928990602,77108.5038122713,0.9446168717704858,0.9500675014047191,0.9645953757225434
2024-06-13 00:00:00,832.0,120.0,1456,1421,1411,63563.79591404164,60046.00348310928,62943.38217609464,59919.031713312266,0.9446572946069878,0.9519512559029439,0.9690934065934066
2024-06-13 00:00:00,832.0,130.0,1480,1467,1443,94691.9230805526,89680.01108601326,94136.37126408506,89394.91190517155,0.9470713886518515,0.9496320147542965,0.975
2024-06-13 00:00:00,832.0,140.0,1440,1410,1391,101911.29315593782,96545.32967536229,101230.73408898515,96328.0741031639,0.9473467236612836,0.9515694514127335,0.9659722222222222
2024-06-13 00:00:00,832.0,150.0,1428,1407,1380,161270.62476932246,153218.9235452016,160459.88940375406,152901.90586009528,0.9500733550475308,0.9528979885768141,0.9663865546218487
2024-06-13 00:00:00,832.0,160.0,1453,1420,1399,136517.21163056427,131246.71809166094,135504.49368304346,130987.80395376417,0.961393193752257,0.9666676018889513,0.9628355127322781
2024-06-13 00:00:00,832.0,170.0,1421,1383,1351,126722.39499512853,120665.8904663911,125508.53700313684,120280.96682278626,0.9522065178063415,0.9583488876121635,0.9507389162561576
2024-06-13 00:00:00,832.0,180.0,1493,1473,1444,112731.11171791024,108281.32736609367,111937.2614941723,107938.84114873045,0.9605274508163161,0.9642798091353163,0.9671801741460148
2024-06-13 00:00:00,832.0,190.0,1540,1522,1484,119975.59917490275,114067.78387614651,119181.68600309372,113600.03208740603,0.9507581930043649,0.9531668488433466,0.9636363636363636
2024-06-13 00:00:00,832.0,200.0,1540,1523,1477,127736.83486333824,122636.39129698317,126868.92336841009,122066.68662015317,0.9600706908714947,0.9621480452363272,0.9590909090909091
2024-06-13 00:00:00,832.0,210.0,1603,1572,1545,165231.80298975733,159953.43490098236,164435.3112090113,159634.89393391268,0.9680547691590452,0.9708066519301509,0.9638178415470992
2024-06-13 00:00:00,832.0,220.0,1683,1657,1620,144030.04358569504,140106.0278521079,142867.1921316665,139403.0551145277,0.9727555749071725,0.9757527465511728,0.9625668449197861
2024-06-13 00:00:00,832.0,230.0,1707,1673,1635,225316.02413226425,215918.0385247234,223625.6974235118,215445.08882794855,0.9582897592670814,0.9634182981213002,0.9578207381370826
2024-06-13 00:00:00,832.0,240.0,1747,1730,1682,496318.76606634574,481460.976115623,494777.65133176016,480902.22870934673,0.9700640173885011,0.971956246234918,0.9627933600457927
2024-06-13 00:00:00,832.0,250.0,1836,1824,1782,251537.10514561017,250417.22107212947,250705.24653174088,249843.25089197667,0.9955478374737897,0.9965617167901787,0.9705882352941176
2024-06-13 00:00:00,832.0,260.0,1936,1927,1884,217248.63774181402,213753.83568134642,216156.79456507668,213175.62531298166,0.983913353396393,0.9862083019037484,0.9731404958677686
2024-06-13 00:00:00,832.0,270.0,1917,1925,1859,252507.94938416165,247469.22234504408,251238.67979565036,246671.74520085403,0.9800452736184883,0.9818223268864853,0.9697443922796035
2024-06-13 00:00:00,832.0,280.0,1942,1958,1873,185652.00929349937,182066.15658987555,184478.95604561706,180953.94467776414,0.9806850854064557,0.980892067889948,0.9644696189495365
2024-06-13 00:00:00,832.0,290.0,1893,1900,1823,246914.68397005554,240151.78658441524,245977.6555229344,239192.85948970198,0.9726103880218786,0.9724170229250769,0.9630216587427364
2024-06-13 00:00:00,832.0,300.0,1838,1809,1756,186697.05553346506,181315.91054497685,185399.1263469476,180690.6518427399,0.9711771298528935,0.9746035777137565,0.955386289445049
2024-06-13 00:00:00,832.0,310.0,1910,1879,1820,234451.50518200686,227055.50538836227,233036.5174899783,226286.760991662,0.9684540315153746,0.9710356275015716,0.9528795811518325
2024-06-13 00:00:00,832.0,320.0,1882,1829,1787,395118.21592856897,380119.2497619938,393628.89480327023,379603.0520223413,0.9620392946669745,0.9643678526497937,0.9495217853347503
2024-06-13 00:00:00,832.0,330.0,1888,1863,1808,1080324.7178379816,1030046.0452424395,1079204.0453571244,1029333.0777692467,0.9534596665564006,0.9537891209707478,0.9576271186440678
2024-06-13 00:00:00,832.0,340.0,1917,1905,1845,1016555.5472892965,958995.3834387257,1014765.3164896244,958160.8021802083,0.9433772566545348,0.9442191082119085,0.9624413145539906
2024-06-13 00:00:00,832.0,350.0,1899,1867,1809,1142514.2480142107,1077385.4087321067,1140654.6611763295,1076598.9932711779,0.942995162296397,0.9438430665429512,0.95260663507109
2024-06-13 00:00:00,832.0,360.0,2048,2030,1972,1287038.488061372,1214791.5403450057,1285572.7525095858,1213955.0451252642,0.9438657441976038,0.9442912062001038,0.962890625
2024-06-13 00:00:00,832.0,370.0,1915,1902,1844,583287.8823498122,557907.2435852594,581872.3484055185,557066.0202889303,0.9564869431843753,0.9573680925299785,0.9629242819843342
2024-06-13 00:00:00,832.0,380.0,1545,1528,1471,264525.4441389671,256800.20587579263,263180.3936771754,255454.06489681714,0.9707958593990073,0.9706424605860435,0.9521035598705502
2024-06-13 00:00:00,832.0,390.0,1617,1600,1549,193737.73780799648,188072.3568302169,192613.92753100954,187330.93283629476,0.9707574732631891,0.972572104403695,0.9579468150896723
2024-06-13 00:00:00,832.0,400.0,1499,1495,1442,212249.51463912302,204601.17048536986,210566.0764094565,203688.86700200598,0.9639653161668839,0.9673394236872352,0.961974649766511
2024-06-13 00:00:00,832.0,410.0,1425,1404,1373,370297.75989048835,357721.70429949067,369391.0358263847,357318.54842522385,0.9660379917104631,0.9673178658108127,0.9635087719298245
2024-06-13 00:00:00,832.0,420.0,1245,1223,1197,154872.06734346994,149621.55115518926,153517.6209278886,149220.57811411185,0.966097720019219,0.972009448897106,0.9614457831325302
2024-06-13 00:00:00,832.0,430.0,1128,1118,1085,163825.47896128782,156307.0887513422,163163.2917415584,155888.89812215764,0.9541073204387077,0.9554164816010025,0.9618794326241135
2024-06-13 00:00:00,832.0,440.0,1100,1090,1058,190241.17327344237,182358.33782893975,189656.810128678,181923.00737827513,0.9585639884948972,0.959222119442188,0.9618181818181818
2024-06-13 00:00:00,832.0,450.0,1097,1074,1050,147134.4318497285,141991.6712912963,145968.1046447018,141606.89985412543,0.96504719871631,0.9701222071685326,0.9571558796718322
2024-06-13 00:00:00,832.0,460.0,1068,1063,1035,115817.20083875438,113537.94398485756,115318.95896857511,113167.80504157793,0.9803202215440339,0.9813460514538344,0.9691011235955056
2024-06-13 00:00:00,832.0,470.0,1015,1012,991,109404.51861632426,107329.17735225943,109016.30981191248,107048.99926975372,0.9810305708547291,0.9819539796792518,0.9763546798029556
2024-06-13 00:00:00,832.0,480.0,915,902,891,117067.6450194679,114310.62071909338,116625.87413970902,114183.8455491882,0.9764493058699861,0.9790610050425392,0.9737704918032787
2024-06-13 00:00:00,832.0,490.0,896,894,883,263937.8321527355,258930.0857795186,263674.97473589994,258803.92656109473,0.9810267958466863,0.981526315951356,0.9854910714285714
