window_start_pt,hours_since_quake,r_bin_km,n_tiles,n_tiles_crisis,n_tiles_overlap,baseline_sum,crisis_sum,baseline_sum_overlap,crisis_sum_overlap,phi_aggregate,phi_overlap,tile_overlap_ratio
2024-08-07 00:00:00,-8.0,10.0,10,8,8,271.6677706177058,180.7784508430282,245.06166910622107,180.7784508430282,0.6654394462470922,0.7376855446319124,0.8
2024-08-07 00:00:00,-8.0,20.0,23,20,20,617.315545321579,513.3680111712299,583.2435071497745,513.3680111712299,0.8316136132677503,0.8801949869617651,0.8695652173913043
2024-08-07 00:00:00,-8.0,30.0,11,11,11,186.2588601120429,235.05804107909012,186.2588601120429,235.05804107909012,1.2619965618692843,1.2619965618692843,1.0
2024-08-07 00:00:00,-8.0,40.0,41,43,39,2915.293082516467,3240.2066245462825,2894.9688127452805,3185.202885269341,1.1114514159754227,1.1002546456619107,0.9512195121951219
2024-08-07 00:00:00,-8.0,50.0,68,69,66,2109.8551930454114,2066.959336598782,2087.0391443776416,2034.9997109421313,0.9796688149082343,0.975065425305653,0.9705882352941176
2024-08-07 00:00:00,-8.0,60.0,134,115,111,2954.385444481037,2577.54006138026,2669.85609914994,2526.600353258986,0.8724454238681868,0.9463432707341174,0.8283582089552238
2024-08-07 00:00:00,-8.0,70.0,223,200,193,5635.242462561813,5363.278594024463,5275.507257920095,5286.612731742309,0.9517387458757695,1.0021051006622237,0.8654708520179372
2024-08-07 00:00:00,-8.0,80.0,351,351,336,10632.034528282931,10624.690723422063,10459.783107213634,10449.403207599777,0.999309275676134,0.9990076372036147,0.9572649572649573
2024-08-07 00:00:00,-8.0,90.0,413,414,398,18885.718246699143,18732.234959345267,18707.75716864083,18548.14392284072,0.9918730500291827,0.9914680715405232,0.9636803874092009
2024-08-07 00:00:00,-8.0,100.0,425,423,411,46790.827858974226,47229.33304082902,46591.39784203973,47088.72279686187,1.00937160554578,1.0106741797382477,0.9670588235294117
2024-08-07 00:00:00,-8.0,110.0,390,394,374,42693.35490961073,43171.99979316402,42437.52140289839,42916.6784021809,1.0112112267720974,1.0112908808865964,0.958974358974359
2024-08-07 00:00:00,-8.0,120.0,415,411,398,31618.056601845074,31601.231499741723,31389.1214506375,31455.111848490178,0.9994678641285509,1.002102333381852,0.9590361445783132
2024-08-07 00:00:00,-8.0,130.0,446,444,431,37283.252798999776,37480.09524673695,37074.50038773489,37316.47520313613,1.0052796479105077,1.0065267181720752,0.9663677130044843
2024-08-07 00:00:00,-8.0,140.0,577,575,559,43654.91294184181,43899.46088431713,43454.80602056159,43711.58075103405,1.0056018424043387,1.0059090064825271,0.9688041594454073
2024-08-07 00:00:00,-8.0,150.0,569,563,548,52979.8611009591,53722.958906179636,52710.94970737134,53523.423738719415,1.0140260429109937,1.015413761957593,0.9630931458699473
2024-08-07 00:00:00,-8.0,160.0,676,660,640,61113.23461836108,61017.18776615533,60627.32618735132,60770.06123633338,0.9984283788477972,1.0023543022257155,0.9467455621301775
2024-08-07 00:00:00,-8.0,170.0,605,601,577,84660.70791092447,84168.04162752762,84312.04378513375,83887.74153722302,0.9941806973322831,0.9949674776121896,0.9537190082644628
2024-08-07 00:00:00,-8.0,180.0,664,669,641,123616.95686688193,124144.86883938983,123190.83600287043,123741.18334876618,1.004270546581052,1.0044674373821354,0.9653614457831325
2024-08-07 00:00:00,-8.0,190.0,938,944,917,145250.786435668,146302.26050142013,144797.96371223108,145972.65561392438,1.0072390249413061,1.0081126272191774,0.9776119402985075
2024-08-07 00:00:00,-8.0,200.0,930,921,903,242808.37522141935,244199.29245707014,241949.8508648889,243982.47565613344,1.005728456583849,1.0084010169213935,0.9709677419354839
2024-08-07 00:00:00,-8.0,210.0,976,965,941,269795.1033536874,268808.22593504627,268739.99654090893,268527.039019807,0.9963421225723753,0.9992075704255302,0.9641393442622951
2024-08-07 00:00:00,-8.0,220.0,985,976,953,232771.34359395356,229701.4784400829,231926.9988928266,229412.28779814785,0.9868116706014047,0.9891573162819185,0.9675126903553299
2024-08-07 00:00:00,-8.0,230.0,794,794,764,229172.19006488618,228557.37202472094,228707.661807277,228177.86824621743,0.9973172223034952,0.9976835338314726,0.9622166246851386
2024-08-07 00:00:00,-8.0,240.0,770,765,742,305998.0313456713,307578.5105743601,305630.61682160944,307188.97666994913,1.0051649980287076,1.0050988342219958,0.9636363636363636
2024-08-07 00:00:00,-8.0,250.0,909,903,873,281311.14890729997,280099.26204437827,280613.4351322251,279441.71147851716,0.9956920055688193,0.9958244206904925,0.9603960396039604
2024-08-07 00:00:00,-8.0,260.0,845,851,822,227403.79357521143,226818.95954421224,226527.93477328142,226445.69451287264,0.9974282133916743,0.9996369531179848,0.9727810650887574
2024-08-07 00:00:00,-8.0,270.0,713,711,675,119898.99515740952,120226.67399994323,119066.11242154255,119760.06088323488,1.0027329573705228,1.0058282616907444,0.9467040673211781
2024-08-07 00:00:00,-8.0,280.0,650,669,627,81397.97366713655,82217.48940935964,81064.14926953499,81636.88843630085,1.0100680115892609,1.007065258464152,0.9646153846153847
2024-08-07 00:00:00,-8.0,290.0,650,652,618,54549.16337691786,55355.571036185735,54090.475274364246,54947.710376137766,1.014783135237031,1.0158481710028493,0.9507692307692308
2024-08-07 00:00:00,-8.0,300.0,601,616,579,68248.4095369869,68430.4396339593,67989.42006947097,67961.69130258316,1.0026671698023049,0.9995921605617539,0.9633943427620633
2024-08-07 00:00:00,-8.0,310.0,624,633,597,69319.73432446577,69863.07316611924,68831.4962847948,69430.58740750667,1.0078381552807207,1.0087037352817827,0.9567307692307693
2024-08-07 00:00:00,-8.0,320.0,745,763,717,104171.17933158562,106237.93098537889,103651.363223189,105653.8865441036,1.019839956378094,1.019319797238003,0.9624161073825503
2024-08-07 00:00:00,-8.0,330.0,758,770,731,114318.58790604748,115762.8131728273,113894.4227705664,115210.88770475067,1.0126333371784364,1.0115586426636203,0.9643799472295514
2024-08-07 00:00:00,-8.0,340.0,785,804,768,120904.98921446523,121845.31140553928,120360.73940403174,121281.18146469368,1.0077773646661188,1.0076473613008654,0.978343949044586
2024-08-07 00:00:00,-8.0,350.0,748,752,713,107675.41461696834,106296.41946231097,107052.86286645026,105861.31570758077,0.9871930360374014,0.9888695441956002,0.9532085561497327
2024-08-07 00:00:00,-8.0,360.0,854,881,823,90401.18281889337,91730.49076710742,89919.15787078696,91078.96795018537,1.014704541542085,1.0128983645628113,0.9637002341920374
2024-08-07 00:00:00,-8.0,370.0,1011,1042,981,107408.39126668646,108840.80365188007,106908.21387707167,108132.04071576503,1.0133361310815747,1.011447453795277,0.9703264094955489
2024-08-07 00:00:00,-8.0,380.0,943,953,915,148217.5230103813,145864.02965057147,147701.2380675622,145409.18338998052,0.9841213554780227,0.984481818110873,0.9703075291622482
2024-08-07 00:00:00,-8.0,390.0,933,940,904,113706.5280001759,112195.25834626667,113185.20234238582,111668.74329483879,0.9867090335050342,0.9866019672522232,0.9689174705251876
2024-08-07 00:00:00,-8.0,400.0,1043,1063,1018,94769.91797848672,96127.25178441464,94412.01715817918,95575.37473352524,1.0143224119518184,1.0123221345159585,0.9760306807286673
2024-08-07 00:00:00,-8.0,410.0,998,1017,964,109695.45238861581,110574.20711600587,109069.54905751644,109956.34961307622,1.008010858319604,1.0081305970660255,0.9659318637274549
2024-08-07 00:00:00,-8.0,420.0,1086,1104,1058,132211.3439118269,134975.6476306803,131761.08968115947,134303.90916673484,1.0209082188945673,1.0192987132371825,0.9742173112338858
2024-08-07 00:00:00,-8.0,430.0,917,932,892,142420.13416775913,144195.54783268832,142044.3048571929,143727.69675563677,1.0124660299985246,1.0118511748861476,0.9727371864776445
2024-08-07 00:00:00,-8.0,440.0,1056,1079,1017,176808.27295544234,180322.0900090662,176096.57768265824,179483.7312489701,1.01987360090616,1.0192346359644526,0.9630681818181818
2024-08-07 00:00:00,-8.0,450.0,1261,1276,1231,206965.98470033333,213720.4348214324,206585.95482903282,213203.9253864914,1.0326355566634724,1.0320349491471261,0.9762093576526566
2024-08-07 00:00:00,-8.0,460.0,1312,1324,1285,228723.04498226792,235217.94144591643,228384.32241922853,234778.71679262724,1.028396336119747,1.0279983945730784,0.979420731707317
2024-08-07 00:00:00,-8.0,470.0,1247,1283,1219,281384.44303573173,289024.01284659747,280944.1598190657,288277.5140954392,1.0271499366789643,1.0261025332617568,0.9775461106655974
2024-08-07 00:00:00,-8.0,480.0,1365,1379,1336,282814.03079165635,287853.3884817178,282300.215898196,287361.8915115999,1.0178186268763088,1.0179301159841452,0.9787545787545787
2024-08-07 00:00:00,-8.0,490.0,1320,1335,1276,264101.56264104194,264354.4667480083,263037.56129372964,263696.3441880151,1.0009576017060908,1.0025045202329481,0.9666666666666667
2024-08-07 08:00:00,0.0,10.0,10,10,10,291.4866682030644,232.29208994842122,291.4866682030644,232.29208994842122,0.7969218330993949,0.7969218330993949,1.0
2024-08-07 08:00:00,0.0,20.0,23,23,20,673.572303394363,604.8083283897521,639.5224563660092,570.0348673580149,0.8979115164651433,0.8913445676280906,0.8695652173913043
2024-08-07 08:00:00,0.0,30.0,13,13,11,222.46074172422044,246.37587238432303,200.86064966824958,224.0254831208457,1.1075027012620036,1.1153278827428679,0.8461538461538461
2024-08-07 08:00:00,0.0,40.0,44,44,43,3417.7690653950494,3856.6871337701573,3405.2017107083548,3842.6449320699094,1.128422388984428,1.128463233172333,0.9772727272727273
2024-08-07 08:00:00,0.0,50.0,72,73,70,2328.386945008465,2430.0751931156265,2302.3755780119136,2398.7668286069947,1.0436732598613638,1.0418659976745908,0.9722222222222222
2024-08-07 08:00:00,0.0,60.0,139,130,125,3283.8953864050436,3212.155387703533,3120.7082569406343,3160.351307269078,0.9781539938822332,1.012703222174093,0.8992805755395683
2024-08-07 08:00:00,0.0,70.0,235,226,217,6504.050552186692,6439.88279152599,6298.049658878809,6342.529265751918,0.9901341848213144,1.0070624414354057,0.9234042553191489
2024-08-07 08:00:00,0.0,80.0,366,369,352,12002.378768777311,12204.194923794988,11841.572268615731,12008.131295290472,1.0168146797318776,1.0140656175460905,0.9617486338797814
2024-08-07 08:00:00,0.0,90.0,423,432,415,20756.52337559378,21273.686902519825,20667.82036476577,21031.662864559614,1.0249157104765503,1.0176042995038856,0.9810874704491725
2024-08-07 08:00:00,0.0,100.0,442,449,431,56079.41862883094,56487.74556244856,55953.430063566266,56289.08888090492,1.0072812262252606,1.0059988961705713,0.9751131221719457
2024-08-07 08:00:00,0.0,110.0,399,399,379,48752.96053369656,49197.56914761249,48467.7684455783,48910.014714751254,1.0091196228710795,1.0091245436576997,0.949874686716792
2024-08-07 08:00:00,0.0,120.0,423,413,399,37166.10833556591,37258.076029270786,36848.10880431622,37068.56104535809,1.002474504268096,1.0059827287802636,0.9432624113475178
2024-08-07 08:00:00,0.0,130.0,458,453,437,43325.28400673179,43695.64551589103,43027.1556208074,43489.07914759847,1.0085483919528766,1.0107356277710278,0.9541484716157205
2024-08-07 08:00:00,0.0,140.0,590,594,573,49188.097238366056,49608.99580620846,48979.270987634634,49366.15297696878,1.0085569190815153,1.0078988923586023,0.9711864406779661
2024-08-07 08:00:00,0.0,150.0,583,582,558,60561.635481551755,61888.37812725854,60194.8173793781,61596.199541018636,1.0219073120327296,1.0232807776923438,0.9571183533447685
2024-08-07 08:00:00,0.0,160.0,693,695,669,68443.13326389468,68768.6986787878,68080.11376963028,68432.82905085443,1.0047567286792358,1.0051808856021844,0.9653679653679653
2024-08-07 08:00:00,0.0,170.0,623,628,600,94086.9081538966,94131.04910843528,93615.38257821521,93790.95310889633,1.0004691508670525,1.0018754453151375,0.9630818619582665
2024-08-07 08:00:00,0.0,180.0,682,676,643,138242.6320950809,139711.4926316276,137714.94909715618,139328.02883810818,1.0106252356041403,1.0117131782099704,0.9428152492668622
2024-08-07 08:00:00,0.0,190.0,965,958,928,163676.31412328588,165264.59481444815,162927.78380612825,164883.87833011354,1.009703790677776,1.0120058990448977,0.9616580310880829
2024-08-07 08:00:00,0.0,200.0,947,943,922,278239.66642083565,281965.2458104652,277881.5948195888,281679.4684702597,1.013389821219792,1.013667237130752,0.9736008447729673
2024-08-07 08:00:00,0.0,210.0,983,974,945,308854.988405542,308869.92980987404,308065.83078858396,308420.69008751126,1.000048376762212,1.0011518943792597,0.9613428280773143
2024-08-07 08:00:00,0.0,220.0,1007,1003,965,270902.68007291376,269762.7809231026,270083.0195446933,269250.43437171367,0.9957922190009181,0.9969172990794342,0.958291956305859
2024-08-07 08:00:00,0.0,230.0,808,811,773,258121.34541632707,259031.30760705832,257499.52334929164,258430.30026337836,1.0035253271644915,1.003614674318539,0.9566831683168316
2024-08-07 08:00:00,0.0,240.0,779,781,755,358337.1356217057,362217.29344149027,357976.794009228,361769.14053980866,1.0108282325052709,1.0105938334384963,0.9691912708600771
2024-08-07 08:00:00,0.0,250.0,926,926,899,323225.4110244942,322917.5281522708,322284.4662765597,322599.3492485728,0.9990474669944807,1.0009770342817046,0.9708423326133909
2024-08-07 08:00:00,0.0,260.0,858,874,835,258049.19570340114,258284.9087598617,257741.93335300338,257839.38817878359,1.0009134423217947,1.0003781100906337,0.9731934731934732
2024-08-07 08:00:00,0.0,270.0,724,732,693,134795.028497843,135762.2211947962,133638.37896830123,135239.10754639702,1.0071752846357287,1.0119780604228632,0.9571823204419889
2024-08-07 08:00:00,0.0,280.0,671,684,641,95449.63181653693,95949.4434938558,95003.45975813927,95421.68190106496,1.0052363918834128,1.004402178025836,0.9552906110283159
2024-08-07 08:00:00,0.0,290.0,689,696,647,63175.774776538194,64141.52079533914,62463.04545760261,63337.65897341313,1.0152866509705172,1.0140020953093645,0.9390420899854862
2024-08-07 08:00:00,0.0,300.0,629,643,606,77685.21566216601,79092.36967594415,77391.38561925851,78642.64440201572,1.0181135368137164,1.0161679335851799,0.9634340222575517
2024-08-07 08:00:00,0.0,310.0,640,649,615,77816.55163624231,79741.94582618542,77213.29250145511,79130.82834072558,1.024742733383297,1.0248342711099172,0.9609375
2024-08-07 08:00:00,0.0,320.0,766,770,732,118887.59197317534,121005.33122820922,118229.81604944011,120555.20665816843,1.0178129544041208,1.019668394034851,0.9556135770234987
2024-08-07 08:00:00,0.0,330.0,785,792,756,129529.24770884417,131809.81320307037,128997.58462923364,131340.4130909182,1.0176065678954027,1.0181618010013007,0.9630573248407643
2024-08-07 08:00:00,0.0,340.0,795,809,770,138476.16358549125,141340.96768140898,137829.398823392,140849.98547996779,1.0206880666082945,1.0219154018109462,0.9685534591194969
2024-08-07 08:00:00,0.0,350.0,762,782,738,127484.9059619277,126747.74077172851,127054.16339335658,126248.40925171754,0.9942176276898276,0.9936581838790718,0.968503937007874
2024-08-07 08:00:00,0.0,360.0,871,906,838,103941.72820064928,105575.61123862001,103254.62440121756,104750.67655331615,1.0157192213969801,1.014488960284097,0.9621125143513203
2024-08-07 08:00:00,0.0,370.0,1047,1079,1002,118889.95309499977,121116.08652843512,118338.08478968858,120118.0798675043,1.0187243192169193,1.0150416079572282,0.9570200573065902
2024-08-07 08:00:00,0.0,380.0,970,976,934,170814.30806429446,169099.64798144615,170140.7397608586,168566.47340024594,0.9899618474454558,0.9907472698024862,0.9628865979381444
2024-08-07 08:00:00,0.0,390.0,960,964,924,131855.5895761859,130116.95321418912,131208.3090402372,129574.6310159671,0.9868140867779276,0.9875489743277684,0.9625
2024-08-07 08:00:00,0.0,400.0,1061,1082,1037,108027.59330366994,110028.511612081,107669.49620367854,109463.07543193141,1.0185222890487469,1.0166581928168397,0.9773798303487277
2024-08-07 08:00:00,0.0,410.0,1028,1034,989,121844.08960714788,122866.27084004719,121165.58359733367,122322.44526825058,1.0083892557792098,1.0095477745129466,0.9620622568093385
2024-08-07 08:00:00,0.0,420.0,1103,1122,1070,153337.00199874764,156442.1996898247,152750.96858891603,155736.38408599654,1.0202508047672825,1.0195443310419514,0.970081595648232
2024-08-07 08:00:00,0.0,430.0,939,956,906,161950.4849236805,163839.90449152517,161487.2663290032,163229.4489114054,1.0116666496474838,1.0107883588719175,0.9648562300319489
2024-08-07 08:00:00,0.0,440.0,1085,1119,1054,209451.1324535038,213279.6579013185,208845.44386451942,212458.40520639686,1.0182788481636147,1.0172996895456394,0.9714285714285714
2024-08-07 08:00:00,0.0,450.0,1288,1300,1251,238226.64595539714,245416.47151414072,237775.53261016659,244846.78411761695,1.0301806102751818,1.0297391890150602,0.9712732919254659
2024-08-07 08:00:00,0.0,460.0,1340,1356,1314,264795.63465784094,272088.39460196334,264434.46599222725,271593.6127402187,1.0275410882567828,1.027073425247834,0.9805970149253731
2024-08-07 08:00:00,0.0,470.0,1269,1307,1236,321773.000097601,331828.0542446682,321302.48642901314,330973.1339405598,1.0312489057317342,1.030098265404128,0.9739952718676123
2024-08-07 08:00:00,0.0,480.0,1380,1413,1350,324382.72998590406,331562.0464093416,323893.5276198636,330806.18705782713,1.0221322399739021,1.0213423821363807,0.9782608695652174
2024-08-07 08:00:00,0.0,490.0,1363,1364,1314,300593.1130659599,303108.3050244731,299193.08831460134,302509.54571855144,1.008367430420674,1.0110846725191154,0.9640498899486427
2024-08-07 16:00:00,8.0,10.0,11,11,11,315.1225504967441,251.79962054944303,315.1225504967441,251.79962054944303,0.7990530038314242,0.7990530038314242,1.0
2024-08-07 16:00:00,8.0,20.0,25,23,22,710.7354713782725,595.7583539874176,673.4403574227725,584.4156592222745,0.8382279736680528,0.8678061134601559,0.88
2024-08-07 16:00:00,8.0,30.0,14,16,14,245.03204620900704,318.69086472097945,245.03204620900704,297.3043695879546,1.300608918921336,1.2133285184026927,1.0
2024-08-07 16:00:00,8.0,40.0,43,44,43,2925.508499032494,3296.9733434634973,2925.508499032494,3286.0004974211183,1.1269744540321287,1.123223705727686,1.0
2024-08-07 16:00:00,8.0,50.0,75,77,71,2422.382647542106,2495.4963410472647,2374.123815553719,2422.3178873413017,1.0301825533547906,1.0202997297242236,0.9466666666666667
2024-08-07 16:00:00,8.0,60.0,152,144,141,3503.941108714038,3451.2821501221924,3357.9039034691177,3418.996674755953,0.9849715058107322,1.018193722346765,0.9276315789473685
2024-08-07 16:00:00,8.0,70.0,245,236,230,6061.466080508748,6047.470596659793,5873.967511246908,5978.966902770377,0.9976910728092732,1.017875378323497,0.9387755102040817
2024-08-07 16:00:00,8.0,80.0,366,368,355,11823.56743715336,12225.492104190322,11696.515622473376,12069.163088185049,1.0339935192295675,1.0318596988829458,0.9699453551912568
2024-08-07 16:00:00,8.0,90.0,441,441,428,21142.820596817983,21956.687032588354,20973.639681913075,21809.42238768599,1.0384937493104802,1.0398491972994877,0.9705215419501134
2024-08-07 16:00:00,8.0,100.0,454,446,442,44810.07653331546,45394.2505875364,44673.349745243744,45346.082923612776,1.0130366671832531,1.015058937424782,0.973568281938326
2024-08-07 16:00:00,8.0,110.0,409,420,400,44634.20083316817,45935.54782706815,44487.135662069384,45698.79158591277,1.0291558260170064,1.027236096588625,0.9779951100244498
2024-08-07 16:00:00,8.0,120.0,439,441,423,30360.683805510555,30690.194193029016,30150.016173839012,30360.68866574295,1.0108531938749896,1.0069874752533876,0.9635535307517085
2024-08-07 16:00:00,8.0,130.0,484,485,471,38431.258484400154,39057.69428799973,38205.52175920584,38901.45619535398,1.0163001636767595,1.0182155459238154,0.9731404958677686
2024-08-07 16:00:00,8.0,140.0,632,631,613,44907.32987407626,45795.86025183832,44682.205628405136,45591.19904835105,1.0197858652530347,1.0203435217031465,0.9699367088607594
2024-08-07 16:00:00,8.0,150.0,607,605,586,55123.13941385409,56533.949779915834,54784.399607843305,56309.79617759524,1.0255937956557526,1.0278436303157652,0.9654036243822076
2024-08-07 16:00:00,8.0,160.0,728,734,709,67853.17434384151,68800.62098827065,67490.69449236433,68474.07725712146,1.0139631882161917,1.0145706422515535,0.9739010989010989
2024-08-07 16:00:00,8.0,170.0,669,654,631,89986.07440326377,90669.95554055425,89499.55812726675,90329.01845381982,1.0075998552201058,1.0092677589019332,0.9431988041853513
2024-08-07 16:00:00,8.0,180.0,714,719,690,131591.29378975392,134098.00594592368,131161.66203237363,133717.6540751629,1.0190492249447352,1.019487341065855,0.9663865546218487
2024-08-07 16:00:00,8.0,190.0,1000,998,974,146105.51929347235,149272.61147053205,145731.82508353147,148928.27383019633,1.0216767456313418,1.0219337728381066,0.974
2024-08-07 16:00:00,8.0,200.0,972,970,944,251089.77264687858,255953.36999668198,250349.70234782662,255651.42279368898,1.0193699540149863,1.021177258834909,0.9711934156378601
2024-08-07 16:00:00,8.0,210.0,1013,1021,991,276875.7579123365,279139.1107849779,276351.6443693695,278653.2045413727,1.0081746155376956,1.0083283751658338,0.9782823297137216
2024-08-07 16:00:00,8.0,220.0,1037,1032,1002,231822.9666336053,233273.862316654,231054.00898410974,232877.3204555154,1.0062586365109452,1.007891278231537,0.9662487945998072
2024-08-07 16:00:00,8.0,230.0,865,872,837,241689.50001444473,244769.39651584637,241189.61475582756,244223.07635865107,1.0127431953031372,1.0125770821678806,0.9676300578034682
2024-08-07 16:00:00,8.0,240.0,832,828,801,317873.56989908783,322135.94380112045,317233.8344595245,321809.9063805969,1.013409022660757,1.0144249175970423,0.9627403846153846
2024-08-07 16:00:00,8.0,250.0,954,963,929,291178.0612479263,292950.1625847531,290511.78174442507,292434.86048101936,1.006085971344242,1.0066196239100764,0.9737945492662474
2024-08-07 16:00:00,8.0,260.0,907,909,877,243387.19510205294,245130.39627900766,242587.78044598666,244754.34044870807,1.0071622550899764,1.0089310351854421,0.9669239250275634
2024-08-07 16:00:00,8.0,270.0,750,762,728,127021.18665147651,129136.64220129742,126273.75631161127,128745.09173888185,1.016654351967482,1.0195712513784096,0.9706666666666667
2024-08-07 16:00:00,8.0,280.0,704,722,681,85815.01174007644,86902.71115694442,85485.71815111111,86386.42234737918,1.0126749317492667,1.0105363119799253,0.9673295454545454
2024-08-07 16:00:00,8.0,290.0,737,741,703,58959.42578751342,59581.10069726339,58484.67717952556,59102.80032321839,1.0105441140487097,1.0105689759010796,0.9538670284938942
2024-08-07 16:00:00,8.0,300.0,677,680,641,71903.68282303169,73147.41580609354,71419.91971833582,72698.82799793396,1.017297208351941,1.0179068848668813,0.946824224519941
2024-08-07 16:00:00,8.0,310.0,659,671,636,71427.16367515211,73283.99186947697,71048.08640075347,72830.31924339922,1.0259961070660686,1.025084881703821,0.9650986342943855
2024-08-07 16:00:00,8.0,320.0,818,826,789,107095.70208094019,109034.95096488591,106700.31757361452,108610.41646620794,1.0181076256681159,1.0179015295926894,0.9645476772616137
2024-08-07 16:00:00,8.0,330.0,826,842,795,118252.47422184912,120609.49173896722,117680.41716157837,119944.1469896386,1.01993207780749,1.0192362491794371,0.9624697336561744
2024-08-07 16:00:00,8.0,340.0,825,845,811,126586.19359895636,129887.32053943218,126239.87232942642,129442.3457107278,1.0260780962490608,1.0253681608053629,0.983030303030303
2024-08-07 16:00:00,8.0,350.0,823,835,797,108404.84187991757,108869.90457320173,107891.66851469746,108426.7742777883,1.0042900546250444,1.0049596578721733,0.968408262454435
2024-08-07 16:00:00,8.0,360.0,940,978,918,100157.39806624348,102285.14583423379,99781.65752407908,101524.02682621275,1.0212440399717955,1.0174618195905716,0.9765957446808511
2024-08-07 16:00:00,8.0,370.0,1115,1133,1076,116426.24110075668,118806.11667942678,115861.92494598165,118088.74087004343,1.0204410582714813,1.0192195660921393,0.9650224215246637
2024-08-07 16:00:00,8.0,380.0,1003,1007,971,152370.49786662363,151341.01200403672,151831.97852678067,150938.51724119723,0.9932435354809429,0.9941154604303213,0.9680957128614157
2024-08-07 16:00:00,8.0,390.0,1000,1013,970,117734.35016442937,116899.38507272495,117176.0566542221,116374.34772421581,0.992908058773516,0.9931580823514817,0.97
2024-08-07 16:00:00,8.0,400.0,1099,1104,1072,102967.00171691329,104215.27977874519,102485.85164511602,103834.78383272744,1.0121230883780008,1.0131621308303358,0.9754322111010009
2024-08-07 16:00:00,8.0,410.0,1079,1084,1047,120484.34342015145,122361.4193175069,119965.97178818073,121936.13107455062,1.0155794175746946,1.0164226509984724,0.9703429101019463
2024-08-07 16:00:00,8.0,420.0,1142,1165,1126,138783.993351506,141904.49549827928,138496.95848618075,141405.11452101404,1.0224845969006657,1.0209979776207394,0.9859894921190894
2024-08-07 16:00:00,8.0,430.0,969,980,944,151189.07313295716,152954.62120604335,150811.4333636954,152479.1388975957,1.0116777491686424,1.011058216852024,0.9742002063983488
2024-08-07 16:00:00,8.0,440.0,1135,1134,1103,178119.92006339494,180274.45858405117,177693.6353517226,179904.2395927292,1.0120959998179284,1.0124405369760767,0.9718061674008811
2024-08-07 16:00:00,8.0,450.0,1374,1390,1342,219790.51858228506,224700.1267057494,219320.54423365102,224151.00582104997,1.0223376702286013,1.0220246653330063,0.9767103347889374
2024-08-07 16:00:00,8.0,460.0,1388,1404,1365,241250.3613687149,246998.48757751795,240977.42391647623,246557.57141525607,1.0238263941914596,1.0231563082055104,0.9834293948126801
2024-08-07 16:00:00,8.0,470.0,1356,1366,1322,298790.62710520125,306389.092919387,298235.71696186636,305884.02565019263,1.0254307368601305,1.0256451801489095,0.9749262536873157
2024-08-07 16:00:00,8.0,480.0,1460,1475,1439,300141.3093950743,307313.11089778715,299858.73072633374,306797.91365686647,1.0238947498335613,1.0231415070480832,0.9856164383561644
2024-08-07 16:00:00,8.0,490.0,1417,1417,1387,273378.11107150896,278583.8017352373,272732.99560720345,278247.86896733684,1.0190420902512076,1.0202207780098453,0.9788285109386027
2024-08-08 00:00:00,16.0,10.0,10,10,10,294.26485525075447,234.4766061073408,294.26485525075447,234.4766061073408,0.796821645274405,0.796821645274405,1.0
2024-08-08 00:00:00,16.0,20.0,24,22,21,667.8956858881106,565.7283275652726,634.3424262187986,554.1296803577223,0.8470309653415644,0.8735497697368123,0.875
2024-08-08 00:00:00,16.0,30.0,12,14,11,197.2602061936716,262.2182582036178,186.91547214923298,230.21007935395414,1.329301349032201,1.2316266636833297,0.9166666666666666
2024-08-08 00:00:00,16.0,40.0,41,43,40,2911.8009071114893,3238.72723499224,2901.2696152511553,3205.479537024635,1.1122763328640701,1.1048540680860317,0.975609756097561
2024-08-08 00:00:00,16.0,50.0,66,69,65,2094.266533922566,2236.3153724757653,2082.6966866830044,2190.612597833132,1.067827488169398,1.0518154716623664,0.9848484848484849
2024-08-08 00:00:00,16.0,60.0,136,121,120,3010.8422408682927,2848.7107900164738,2800.497198026729,2838.4721775965436,0.9461507983875429,1.0135600848294268,0.8823529411764706
2024-08-08 00:00:00,16.0,70.0,223,215,208,5654.383546732661,5496.557834768548,5481.75806502182,5417.507674882382,0.9720879012433971,0.9882792364461671,0.9327354260089686
2024-08-08 00:00:00,16.0,80.0,352,358,341,10730.320280338094,10922.124118143167,10604.922960590698,10728.774574164909,1.017874940616314,1.011678690551026,0.96875
2024-08-08 00:00:00,16.0,90.0,418,416,407,18977.642243645347,19299.013332221846,18840.41952198218,19195.673898217763,1.0169341946934483,1.0188559695192076,0.9736842105263158
2024-08-08 00:00:00,16.0,100.0,433,428,422,46506.313090939184,46720.77041066978,46378.41473876936,46653.56510529014,1.0046113593075254,1.0059327246968355,0.9745958429561201
2024-08-08 00:00:00,16.0,110.0,392,395,381,42510.49417770561,42797.191041635706,42323.4493791362,42627.75921915909,1.00674414328687,1.0071901001569334,0.9719387755102041
2024-08-08 00:00:00,16.0,120.0,419,424,406,31569.420413011998,31617.28129151877,31394.664938467446,31372.064976593945,1.0015160518590658,0.999280133681382,0.9689737470167065
2024-08-08 00:00:00,16.0,130.0,447,436,422,37231.124052493644,37251.43462194553,36918.96783940161,37086.66060168922,1.0005455266250691,1.0045421844678073,0.9440715883668904
2024-08-08 00:00:00,16.0,140.0,578,571,560,43749.12649453239,43986.52347019961,43541.38088060799,43861.157871101124,1.0054263249278106,1.0073442087509805,0.9688581314878892
2024-08-08 00:00:00,16.0,150.0,568,574,551,52837.06608258602,53880.64587595819,52594.4465601161,53597.228382338,1.0197509034990895,1.0190663061940524,0.9700704225352113
2024-08-08 00:00:00,16.0,160.0,677,665,640,61256.915547678625,61337.341245757976,60753.27885890448,60985.399176612125,1.0013129243834804,1.0038207043647263,0.9453471196454948
2024-08-08 00:00:00,16.0,170.0,607,610,589,84565.72900904535,84076.84349925458,84368.67008039131,83692.54438227284,0.9942188695643069,0.9919860571765061,0.9703459637561779
2024-08-08 00:00:00,16.0,180.0,666,655,637,123288.94160650935,122789.47255391754,122764.75040714329,122560.94698652369,0.9959487927620798,0.9983398864906767,0.9564564564564565
2024-08-08 00:00:00,16.0,190.0,951,951,921,144647.96128305845,145684.6530319843,144023.58095380303,145335.24221833714,1.0071669986893017,1.0091072674061259,0.9684542586750788
2024-08-08 00:00:00,16.0,200.0,931,924,901,241779.52498874394,243106.84184854216,241130.54785602566,242828.37604190654,1.0054897818988602,1.0070411161131463,0.9677765843179377
2024-08-08 00:00:00,16.0,210.0,973,973,944,269195.5944505682,268132.38028208085,268558.22484288807,267753.9483306045,0.9960504027911103,0.9970052061792033,0.9701952723535457
2024-08-08 00:00:00,16.0,220.0,992,978,945,232450.62814583027,230048.27619461116,231662.02679472865,229485.3932575658,0.9896651088001708,0.9906042713720556,0.9526209677419355
2024-08-08 00:00:00,16.0,230.0,798,792,768,228208.90595705737,227842.34261624736,227476.6999698417,227524.47575902514,0.998393737793568,1.0002100249792167,0.9624060150375939
2024-08-08 00:00:00,16.0,240.0,773,768,747,305307.63154703786,305458.0899722662,304920.45629105496,305230.52398069605,1.0004928092510035,1.0010168805773567,0.9663648124191462
2024-08-08 00:00:00,16.0,250.0,914,897,870,280789.09145487327,279200.3072123001,279809.35412570066,278738.99543306633,0.9943417166445423,0.9961746858107057,0.9518599562363238
2024-08-08 00:00:00,16.0,260.0,848,841,818,227231.02131331456,226440.72205901323,226684.16372987302,226131.42263736087,0.9965220450547039,0.997561624581897,0.964622641509434
2024-08-08 00:00:00,16.0,270.0,712,709,683,119622.48191578037,119662.70150293043,119040.70093579957,119299.43261980849,1.000336220972061,1.0021734724508087,0.9592696629213483
2024-08-08 00:00:00,16.0,280.0,646,646,615,81177.57724902217,81287.50644284568,80707.14165608867,80916.24858506332,1.001354181752509,1.0025909346395354,0.9520123839009288
2024-08-08 00:00:00,16.0,290.0,653,651,613,54718.22856557196,54735.55285833891,54166.02719736612,54283.32547364183,1.00031660916702,1.0021655322043153,0.9387442572741195
2024-08-08 00:00:00,16.0,300.0,606,606,574,68001.34608300946,68119.90836063302,67580.21155197528,67750.50030282955,1.0017435283924945,1.0025198019796564,0.9471947194719472
2024-08-08 00:00:00,16.0,310.0,622,633,602,68920.61496307867,70222.44702344693,68566.67358664477,69853.78699217975,1.0188888630936574,1.0187717055270082,0.9678456591639871
2024-08-08 00:00:00,16.0,320.0,745,768,719,104605.70619913719,106299.75393764683,104219.58062607425,105643.01758378209,1.0161946016146068,1.013658056856081,0.9651006711409396
2024-08-08 00:00:00,16.0,330.0,765,767,735,114078.45523927733,115514.5021441719,113548.92954305952,115076.16380454286,1.0125882393996526,1.0134500102081911,0.9607843137254902
2024-08-08 00:00:00,16.0,340.0,783,796,767,120574.49712213458,122476.91151365038,120256.22217206442,122120.90663459693,1.0157779168640344,1.0155059291640187,0.979565772669221
2024-08-08 00:00:00,16.0,350.0,755,754,723,107026.2742985609,107314.64010675198,106469.90365206663,106972.05465560254,1.0026943459452458,1.0047163657175542,0.9576158940397351
2024-08-08 00:00:00,16.0,360.0,852,866,818,90517.76007189846,91229.35861564899,89969.3269465012,90653.83606396422,1.0078614245777326,1.0076082498413048,0.960093896713615
2024-08-08 00:00:00,16.0,370.0,1017,1037,985,107434.20950614673,108276.28940134769,106974.4871036245,107675.89539554577,1.007838098302876,1.0065567810691332,0.9685349065880039
2024-08-08 00:00:00,16.0,380.0,949,958,924,147856.69449957807,145831.21494413627,147459.34649399115,145397.8237494438,0.9863010629157033,0.9860197214109359,0.9736564805057956
2024-08-08 00:00:00,16.0,390.0,936,934,905,113640.74031726085,112720.4664494129,113253.32375227002,112309.71340264435,0.9919019018595027,0.9916681443125703,0.9668803418803419
2024-08-08 00:00:00,16.0,400.0,1048,1053,1013,94876.63565234406,95585.32713199797,94388.97837859,95076.3930949031,1.0074696101393261,1.0072827858519233,0.9666030534351145
2024-08-08 00:00:00,16.0,410.0,998,1017,963,109776.88448917941,110798.56984268944,109204.4709524075,109980.03825803008,1.0093069261189567,1.0071019739288933,0.9649298597194389
2024-08-08 00:00:00,16.0,420.0,1081,1097,1054,131830.26480513485,134506.79850638012,131356.1966794749,133979.80502621253,1.0203028773794969,1.0199732362314018,0.9750231267345051
2024-08-08 00:00:00,16.0,430.0,919,929,888,141835.07070278868,143780.40805179384,141412.05318535914,143234.4383923604,1.0137154889786149,1.0128870571210258,0.9662676822633297
2024-08-08 00:00:00,16.0,440.0,1054,1058,1016,176327.69188837497,180144.01567467916,175768.0160543331,179595.66994472442,1.0216433604128394,1.0217767371807174,0.9639468690702088
2024-08-08 00:00:00,16.0,450.0,1270,1276,1233,206622.28704710538,211939.93511030212,206188.08104539564,211461.6717562362,1.0257360817131234,1.0255766030902607,0.9708661417322835
2024-08-08 00:00:00,16.0,460.0,1319,1325,1290,227880.42878302257,233655.37334908138,227506.1819948566,233155.27186462216,1.02534199447008,1.024830489528822,0.978013646702047
2024-08-08 00:00:00,16.0,470.0,1259,1269,1220,279709.6840622266,286851.30255048943,279225.342591002,286255.0218580243,1.0255322532439528,1.0251756491792332,0.9690230341540905
2024-08-08 00:00:00,16.0,480.0,1362,1378,1335,281737.3947838961,287360.6010192842,281158.64791167784,286873.25710073224,1.0199590339780822,1.0203252122298212,0.9801762114537445
2024-08-08 00:00:00,16.0,490.0,1319,1325,1284,263154.5457969612,266261.7622245149,262418.2414875431,265771.0431788583,1.0118075726875382,1.012776557270979,0.9734647460197119
2024-08-08 08:00:00,24.0,10.0,11,9,9,351.23585911719346,240.2119757721577,325.3948541753948,240.2119757721577,0.683905044251215,0.7382168853926568,0.8181818181818182
2024-08-08 08:00:00,24.0,20.0,23,22,22,731.4095056740728,654.6698529174308,719.811612178662,654.6698529174308,0.8950797710976999,0.9095016554900165,0.9565217391304348
2024-08-08 08:00:00,24.0,30.0,12,12,10,204.76991569754205,243.4187570920293,183.31098520296044,222.01707861102955,1.1887427714312,1.2111498847993973,0.8333333333333334
2024-08-08 08:00:00,24.0,40.0,43,41,40,3409.8071487725115,3766.9885125273568,3375.7088280961407,3753.322570575241,1.1047511921263424,1.1118620597061595,0.9302325581395349
2024-08-08 08:00:00,24.0,50.0,69,75,68,2303.0317496354205,2505.6973044455785,2292.4314935652883,2428.685120370323,1.0879994619449953,1.0594362916351001,0.9855072463768116
2024-08-08 08:00:00,24.0,60.0,142,146,137,3381.185175870324,3437.1063062405337,3324.888574730254,3338.318389365457,1.0165389138605267,1.0040391773538735,0.9647887323943662
2024-08-08 08:00:00,24.0,70.0,231,225,217,6523.362826530275,6485.246059921277,6368.883614018199,6398.628833131876,0.9941568838614988,1.0046703976577944,0.9393939393939394
2024-08-08 08:00:00,24.0,80.0,364,362,347,12080.028582714218,12112.076310270417,11872.853820041739,11921.888749478632,1.0026529513019578,1.0041300036351934,0.9532967032967034
2024-08-08 08:00:00,24.0,90.0,431,425,418,20966.860832043934,21164.601642542653,20819.157924169278,21078.76741530875,1.0094311118904604,1.0124697402308518,0.9698375870069605
2024-08-08 08:00:00,24.0,100.0,443,436,426,55659.56923662439,55606.46329902328,55405.38753225215,55489.482912361076,0.9990458794717698,1.0015178195452559,0.9616252821670429
2024-08-08 08:00:00,24.0,110.0,399,395,380,48582.44405275569,49140.37386861027,48272.362671593364,48932.199837049935,1.0114841858357049,1.0136690464054054,0.9523809523809523
2024-08-08 08:00:00,24.0,120.0,423,421,402,36912.8354359561,37311.03006649969,36592.491221684846,37071.28580534323,1.0107874300589685,1.013084503614628,0.950354609929078
2024-08-08 08:00:00,24.0,130.0,459,451,438,43314.02635990306,43572.096744416114,43034.063901454,43412.62097774961,1.0059581250278768,1.0087966843466722,0.954248366013072
2024-08-08 08:00:00,24.0,140.0,595,588,571,49292.74139339649,49345.07269904563,49026.04406435248,49158.24188724335,1.0010616432393462,1.0026964815418788,0.9596638655462185
2024-08-08 08:00:00,24.0,150.0,594,584,564,60554.07256842039,61427.267724700614,60145.19957579144,61171.383170892725,1.014420089669338,1.0170617705542426,0.9494949494949495
2024-08-08 08:00:00,24.0,160.0,693,685,665,68524.3879404167,68499.94869940236,68157.8160622707,68226.62216262598,0.9996433497365116,1.001009511517981,0.9595959595959596
2024-08-08 08:00:00,24.0,170.0,630,620,601,94052.76863156495,93786.20076899024,93393.63366382377,93517.11809462134,0.9971657627260401,1.0013221932368759,0.953968253968254
2024-08-08 08:00:00,24.0,180.0,687,683,655,138130.94283475482,139040.4706192206,137633.60731579966,138694.34108544566,1.0065845332392602,1.0077069386636954,0.9534206695778749
2024-08-08 08:00:00,24.0,190.0,974,968,938,162983.41718952399,164734.41062199028,162125.87333551852,164321.69197411594,1.0107433839752553,1.0135439124762842,0.9630390143737166
2024-08-08 08:00:00,24.0,200.0,952,942,925,277096.9834886071,280422.3784731368,276722.9105401302,280188.4964022181,1.012000834302357,1.0125236680089968,0.9716386554621849
2024-08-08 08:00:00,24.0,210.0,986,978,957,308490.97988010827,307878.06951418903,307601.5826492869,307614.4764120208,0.9980131984210449,1.0000419170884065,0.9705882352941176
2024-08-08 08:00:00,24.0,220.0,1017,1005,969,271338.08858887537,268454.1939592085,270577.7689368358,267913.1952913979,0.9893715819822241,0.9901522817047844,0.9528023598820059
2024-08-08 08:00:00,24.0,230.0,822,803,772,257892.6000968225,258083.82940567058,256908.45466118335,257648.82207332627,1.000741507545297,1.0028818335820022,0.9391727493917275
2024-08-08 08:00:00,24.0,240.0,788,782,757,358703.9699798509,359803.2599950067,358275.0121351583,359401.443938876,1.0030646162494872,1.0031440423293956,0.9606598984771574
2024-08-08 08:00:00,24.0,250.0,939,912,895,323412.8283004175,320153.2656535199,322164.64026095625,319851.186972197,0.9899213563542698,0.9928190341221641,0.9531416400425985
2024-08-08 08:00:00,24.0,260.0,874,865,836,258035.13071333978,258206.9705599976,257431.675149818,257881.81369576842,1.0006659552371135,1.0017485748235466,0.9565217391304348
2024-08-08 08:00:00,24.0,270.0,725,718,691,135157.09752421587,135582.83336400642,134608.86218942393,135189.6661945954,1.0031499332820037,1.0043147530981589,0.953103448275862
2024-08-08 08:00:00,24.0,280.0,677,676,635,95625.56144583721,96226.84294874918,95050.74194195059,95747.82953166228,1.0062878742233847,1.007333846906081,0.9379615952732644
2024-08-08 08:00:00,24.0,290.0,693,665,637,63233.15982451631,63295.36680232067,62484.22366823492,62950.39354857873,1.0009837714575232,1.0074606013002414,0.9191919191919192
2024-08-08 08:00:00,24.0,300.0,629,629,597,77590.7000562459,78293.21842273264,77173.87504527692,77880.10076022835,1.0090541568252056,1.0091510982769376,0.9491255961844197
2024-08-08 08:00:00,24.0,310.0,644,648,617,77605.66046439185,79379.14846583965,77083.61514644812,78983.70680625227,1.0228525598627118,1.024649747630469,0.9580745341614907
2024-08-08 08:00:00,24.0,320.0,762,772,738,119810.76572804511,120825.58794814628,119367.37351434995,120424.28796571848,1.0084702089493751,1.0088542992967964,0.968503937007874
2024-08-08 08:00:00,24.0,330.0,790,785,757,129520.7134534131,130976.25579212685,128933.85233597779,130623.94406619002,1.0112379116814956,1.0131082078103752,0.9582278481012658
2024-08-08 08:00:00,24.0,340.0,799,805,780,138514.2904766404,140801.64187573557,138184.7188667861,140516.84806386067,1.0165134686913833,1.016876896491882,0.9762202753441802
2024-08-08 08:00:00,24.0,350.0,766,768,744,126662.60521365266,127094.78367479338,126388.56718125986,126822.58907533837,1.0034120446236814,1.0034340281226233,0.9712793733681462
2024-08-08 08:00:00,24.0,360.0,896,888,844,103994.1332109037,104717.58405332331,103286.7911150961,104138.22338446345,1.0069566505348184,1.00824338001186,0.9419642857142857
2024-08-08 08:00:00,24.0,370.0,1066,1050,1009,119191.26802955894,120212.05824886469,118493.26121519046,119673.05565603542,1.0085643037126897,1.0099566374386673,0.9465290806754222
2024-08-08 08:00:00,24.0,380.0,979,957,936,170755.0122253638,168572.22451439482,170009.56357901424,168314.41020301866,0.9872168454528988,0.9900290704810395,0.9560776302349336
2024-08-08 08:00:00,24.0,390.0,972,947,922,132007.9798446408,129472.56241433826,131344.62563399388,128965.3831213463,0.9807934532951231,0.9818854977798818,0.948559670781893
2024-08-08 08:00:00,24.0,400.0,1079,1074,1038,108647.3718767977,109036.43022955705,108108.19514933134,108533.62468322716,1.003580927417191,1.0039352200201674,0.9620018535681186
2024-08-08 08:00:00,24.0,410.0,1037,1035,993,122248.32806596361,122492.63485779683,121646.78541198606,121978.81964884722,1.0019984468965613,1.0027294945422245,0.9575699132111861
2024-08-08 08:00:00,24.0,420.0,1110,1105,1070,153032.40901244158,155447.87831230773,152401.10721046917,155001.83879774855,1.0157840376130378,1.01706504391525,0.963963963963964
2024-08-08 08:00:00,24.0,430.0,941,955,910,161379.3581905214,162637.84321289256,160954.9927471546,162083.65279894357,1.0077983023137658,1.0070122711481337,0.9670563230605739
2024-08-08 08:00:00,24.0,440.0,1093,1100,1049,209162.995459703,212108.0278946819,208522.94641292587,211370.19694181366,1.0140800834703396,1.0136543751077138,0.959743824336688
2024-08-08 08:00:00,24.0,450.0,1286,1299,1243,237509.7983552625,242190.74249107775,236988.8961025638,241447.13855040987,1.0197084253712076,1.0188120309481363,0.9665629860031104
2024-08-08 08:00:00,24.0,460.0,1344,1359,1316,263616.9617153015,269558.2736814732,263275.1910588588,269007.2578681765,1.022537669532009,1.021772149461801,0.9791666666666666
2024-08-08 08:00:00,24.0,470.0,1282,1292,1242,319736.58850699745,327884.5257537366,319160.93140633754,327284.0313659463,1.0254832807367644,1.025451423279834,0.968798751950078
2024-08-08 08:00:00,24.0,480.0,1392,1411,1350,323369.6972615483,330500.3848387558,322779.38866761315,329781.1989656017,1.0220511929150864,1.0216922472246168,0.9698275862068966
2024-08-08 08:00:00,24.0,490.0,1366,1383,1332,300058.10520043,305089.9206987185,299543.1937709291,304234.5829231476,1.0167694703495092,1.01566181188482,0.9751098096632503
2024-08-08 16:00:00,32.0,10.0,11,10,10,387.64716623125446,288.28846954989086,375.7425210750214,288.28846954989086,0.7436878034029268,0.76725005390681,0.9090909090909091
2024-08-08 16:00:00,32.0,20.0,25,24,22,832.8382730257662,690.5576480822157,798.268803850157,662.7750335114634,0.8291617597896481,0.8302654823974217,0.88
2024-08-08 16:00:00,32.0,30.0,15,13,13,262.8830928520845,275.76134592708377,240.9616512723803,275.76134592708377,1.0489885178056904,1.14442005385897,0.8666666666666667
2024-08-08 16:00:00,32.0,40.0,43,43,42,2933.8799788764522,3173.7433226692583,2923.4511665867103,3163.461482561451,1.0817563586512708,1.0820982812088378,0.9767441860465116
2024-08-08 16:00:00,32.0,50.0,75,76,71,2428.8630093881384,2535.563918944752,2379.051337177574,2472.7923939540633,1.0439303942396871,1.03940270447787,0.9466666666666667
2024-08-08 16:00:00,32.0,60.0,156,145,142,3592.7833813747375,3586.2597300815823,3412.5718664149367,3554.36996301771,0.998184234728157,1.0415516807128047,0.9102564102564102
2024-08-08 16:00:00,32.0,70.0,244,242,233,6121.481211766235,6207.274659136718,5995.2208483025315,6109.069954049247,1.0140151450935726,1.018989976954552,0.9549180327868853
2024-08-08 16:00:00,32.0,80.0,369,377,363,11987.898567893199,12294.41685518506,11911.29826990149,12138.579068960493,1.025568975709621,1.0190811105480682,0.983739837398374
2024-08-08 16:00:00,32.0,90.0,439,447,429,21101.43382150936,22025.091358015277,20972.132330133572,21827.350988761846,1.04377226421289,1.0407788128153026,0.9772209567198178
2024-08-08 16:00:00,32.0,100.0,454,451,442,44688.24045240873,45202.06234652298,44558.713792669456,45093.4675466035,1.0114979218002877,1.0120011039012984,0.973568281938326
2024-08-08 16:00:00,32.0,110.0,405,407,394,44384.89738055196,45817.53439401552,44215.88136243148,45659.41689570286,1.03227757859121,1.0326474445106932,0.9728395061728395
2024-08-08 16:00:00,32.0,120.0,440,431,422,30329.592015710296,30629.34234893736,30118.087974810216,30456.069429357223,1.009883098100093,1.0112218761971106,0.9590909090909091
2024-08-08 16:00:00,32.0,130.0,476,483,465,38527.98986967711,39221.183473374454,38311.04557734594,39017.34429213026,1.0179919483482556,1.0184359028614445,0.976890756302521
2024-08-08 16:00:00,32.0,140.0,622,637,612,44817.0552077662,45842.48355263404,44697.43871377717,45543.88931893505,1.0228803150968773,1.0189373402484687,0.9839228295819936
2024-08-08 16:00:00,32.0,150.0,599,611,584,54974.368408238195,56640.52402297045,54765.329761251276,56286.899903018515,1.0303078627908815,1.0277834562194823,0.9749582637729549
2024-08-08 16:00:00,32.0,160.0,717,743,702,67622.7255243951,68896.35194270645,67366.14442747175,68381.84553191019,1.0188342958441077,1.0150773227868484,0.9790794979079498
2024-08-08 16:00:00,32.0,170.0,662,653,635,89673.09652847645,90847.70215331958,89362.41682627119,90517.80471188451,1.013098751691597,1.012929237219037,0.959214501510574
2024-08-08 16:00:00,32.0,180.0,715,704,689,131154.69567548612,133151.23229172322,130813.395686572,132940.528523584,1.0152227612282911,1.0162608181360004,0.9636363636363636
2024-08-08 16:00:00,32.0,190.0,997,1010,975,145351.7946122556,149315.75053004836,145019.57351271535,148898.89287888634,1.0272714618238263,1.0267503156450177,0.9779338014042126
2024-08-08 16:00:00,32.0,200.0,972,971,948,250207.77633315377,256324.54983375518,249431.77902675734,256051.5239418433,1.024446776156377,1.0265393004087737,0.9753086419753086
2024-08-08 16:00:00,32.0,210.0,1010,1010,986,276787.15734288516,279016.910920659,276200.63371437637,278722.82181814313,1.0080558418937466,1.0091317245360667,0.9762376237623762
2024-08-08 16:00:00,32.0,220.0,1032,1041,1006,233212.70398856423,231844.841398021,232714.09900760252,231237.7797003459,0.994134699494714,0.9936560813738734,0.9748062015503876
2024-08-08 16:00:00,32.0,230.0,863,862,837,241154.677128092,245461.76531744585,240752.6049092171,245009.37022719506,1.017860272256159,1.0176810768863045,0.9698725376593279
2024-08-08 16:00:00,32.0,240.0,832,830,801,318646.34734616306,322835.8681050936,318115.27570494486,322437.19985017437,1.0131478700252579,1.0135860314650156,0.9627403846153846
2024-08-08 16:00:00,32.0,250.0,953,952,929,293427.5151876196,293885.14389988506,292924.5843521485,293583.2748443186,1.0015595971358475,1.0022486692048294,0.974816369359916
2024-08-08 16:00:00,32.0,260.0,908,910,872,243066.6525108181,246066.46709829598,241924.71836159076,245422.92822524672,1.012341530837285,1.0144599108654428,0.960352422907489
2024-08-08 16:00:00,32.0,270.0,766,765,736,127470.085635861,129663.59030994873,126784.60724507358,129305.38090961061,1.017207995610467,1.0198823320851906,0.9608355091383812
2024-08-08 16:00:00,32.0,280.0,706,714,672,86384.06778413322,87505.70991760129,85909.39255589295,86985.19556667574,1.01298436346238,1.01252253075917,0.9518413597733711
2024-08-08 16:00:00,32.0,290.0,736,726,690,59249.49266194549,59746.39814067861,58440.87987150626,59273.65194501901,1.0083866621705653,1.0142498209360258,0.9375
2024-08-08 16:00:00,32.0,300.0,670,686,647,71540.71665717574,73119.16921966591,71220.98114837462,72571.86465124201,1.0220636951409663,1.0189674935824473,0.9656716417910448
2024-08-08 16:00:00,32.0,310.0,663,658,633,71102.19855314739,73254.21724340454,70707.72005995942,72958.58687365998,1.0302665562253825,1.0318333954452477,0.9547511312217195
2024-08-08 16:00:00,32.0,320.0,815,834,791,107577.10332567927,109277.83902282309,107154.0315381794,108666.02346541859,1.0158094580032984,1.0141104530136176,0.9705521472392638
2024-08-08 16:00:00,32.0,330.0,836,829,803,117997.2745174769,119825.01742595504,117496.84514758145,119346.72311706269,1.0154897044525162,1.0157440650185774,0.9605263157894737
2024-08-08 16:00:00,32.0,340.0,830,845,811,126634.1079125152,129187.32805784208,126257.38190108776,128731.35791279988,1.0201621836913857,1.0195947038855144,0.9771084337349397
2024-08-08 16:00:00,32.0,350.0,820,842,796,108752.7490573551,109754.58665126632,108343.33579765967,109200.82203241094,1.0092120668451596,1.0079145267998089,0.9707317073170731
2024-08-08 16:00:00,32.0,360.0,944,966,918,100057.31494982932,101727.58411583403,99605.6872309282,101167.89193361308,1.016693124004399,1.0156838906102121,0.972457627118644
2024-08-08 16:00:00,32.0,370.0,1111,1129,1081,116062.56407238705,118333.79991792307,115614.30551530712,117771.16405395797,1.0195690648719382,1.0186556371985065,0.972997299729973
2024-08-08 16:00:00,32.0,380.0,998,1005,973,152910.7838479721,152034.34073244114,152504.73517929058,151671.4476035551,0.9942682713836432,0.9945359888349969,0.9749498997995992
2024-08-08 16:00:00,32.0,390.0,1002,1013,973,118739.04870966436,117387.6156484554,117987.23327091122,116922.68686342274,0.9886184614421711,0.9909774441015651,0.9710578842315369
2024-08-08 16:00:00,32.0,400.0,1102,1108,1078,103220.47556877743,104681.24699361186,102899.03342117424,104299.65907519165,1.0141519540264188,1.0136116502502461,0.9782214156079855
2024-08-08 16:00:00,32.0,410.0,1081,1087,1052,120336.70402606006,122255.64586339993,119946.02978885465,121824.58729841045,1.015946438394426,1.0156616897855035,0.973172987974098
2024-08-08 16:00:00,32.0,420.0,1142,1148,1124,138471.354335012,141425.86383175675,138155.07475823158,141114.55197006883,1.02133661153914,1.0214214151526193,0.9842381786339754
2024-08-08 16:00:00,32.0,430.0,973,993,946,150511.54762869197,152206.31311934395,150112.4296538448,151453.20371678818,1.011260036305207,1.0089317990924214,0.9722507708119219
2024-08-08 16:00:00,32.0,440.0,1143,1147,1103,178332.01118019698,179528.6528853879,177769.29827379878,179021.89041106083,1.006710190151906,1.0070461668545985,0.9650043744531933
2024-08-08 16:00:00,32.0,450.0,1371,1387,1338,218851.6509364565,223832.36058500328,218469.82961324387,223227.89084088305,1.0227583828005615,1.0217790311644512,0.975929978118162
2024-08-08 16:00:00,32.0,460.0,1393,1413,1379,239852.94194271992,246679.6109099852,239679.23256217368,246280.38376765096,1.028461893825324,1.0275416069006518,0.9899497487437185
2024-08-08 16:00:00,32.0,470.0,1359,1367,1326,297195.35041266587,302896.87525398587,296684.2541858469,302424.6597286867,1.019184434862131,1.019348534550957,0.9757174392935982
2024-08-08 16:00:00,32.0,480.0,1459,1484,1431,298502.2209708295,307629.4953265361,298135.8072949495,307038.2046490925,1.030576906014373,1.0298602084563957,0.9808087731322824
2024-08-08 16:00:00,32.0,490.0,1419,1433,1394,272344.43022286927,278604.627366535,271824.2234894126,278128.9761380115,1.0229863233793428,1.0231942266500929,0.9823819591261451
2024-08-09 00:00:00,40.0,10.0,11,10,10,374.7669206244091,287.5788216526824,364.02430785039746,287.5788216526824,0.7673538026609704,0.7899989518580947,0.9090909090909091
2024-08-09 00:00:00,40.0,20.0,24,21,20,783.4798578109093,598.6909623091551,737.0134256464779,586.1513714876505,0.7641433999106683,0.7953062333613565,0.8333333333333334
2024-08-09 00:00:00,40.0,30.0,13,11,10,211.5916872219305,210.97128915502233,180.3703394145561,199.95913169584873,0.9970679468789458,1.1086031791306359,0.7692307692307693
2024-08-09 00:00:00,40.0,40.0,42,41,41,2899.0351424114133,3172.578682101776,2888.3641451326885,3172.578682101776,1.094356751902921,1.0983998286531946,0.9761904761904762
2024-08-09 00:00:00,40.0,50.0,68,66,64,2126.7093245327064,2256.5537351921275,2076.296671047943,2235.5398878558344,1.0610541408558272,1.076695791612245,0.9411764705882353
2024-08-09 00:00:00,40.0,60.0,137,129,125,3097.332787812648,3004.178199573516,2949.1958886136117,2952.371869172828,0.9699242559257192,1.0010768971201536,0.9124087591240876
2024-08-09 00:00:00,40.0,70.0,227,223,213,5762.908528336915,5716.206424076856,5610.662605707701,5610.212452137622,0.9918960878815932,0.9999197681982123,0.9383259911894273
2024-08-09 00:00:00,40.0,80.0,351,349,335,10849.200892138375,10898.298732109397,10658.754712468293,10723.321493324947,1.004525479844935,1.006057628925556,0.9544159544159544
2024-08-09 00:00:00,40.0,90.0,419,424,407,19160.086716151734,19516.194737844045,18988.642749227518,19310.795152220562,1.0185859295402935,1.016965530777925,0.9713603818615751
2024-08-09 00:00:00,40.0,100.0,436,432,422,45692.097932259734,46614.02608036506,45481.76861346611,46507.09386542304,1.0201769712888238,1.0225436539346306,0.9678899082568807
2024-08-09 00:00:00,40.0,110.0,388,388,376,42341.047568891954,43339.77086017291,42206.28504579443,43161.58413512656,1.023587590497282,1.0226340481825307,0.9690721649484536
2024-08-09 00:00:00,40.0,120.0,416,408,395,31530.11871994078,31702.344797347316,31193.27505590154,31554.541102452058,1.0054622717705664,1.0115815362735427,0.9495192307692307
2024-08-09 00:00:00,40.0,130.0,449,439,427,37452.45559050853,37615.53141781464,37168.08923577703,37452.55315569531,1.0043542092163227,1.0076534448169712,0.9510022271714922
2024-08-09 00:00:00,40.0,140.0,584,586,570,43881.204062807505,44141.99980791757,43723.84739594892,43952.86910713146,1.0059432221763283,1.005237913057115,0.976027397260274
2024-08-09 00:00:00,40.0,150.0,576,569,543,52954.701120545295,53735.89755668988,52525.528364917496,53413.11040771045,1.0147521640121484,1.0168981078424673,0.9427083333333334
2024-08-09 00:00:00,40.0,160.0,675,684,655,61735.25483314863,61921.266180845494,61458.72803910307,61516.05373459839,1.0030130489976852,1.0009327510888095,0.9703703703703703
2024-08-09 00:00:00,40.0,170.0,615,618,596,84853.51291645328,85089.14256081646,84473.16742229759,84802.56723689957,1.0027768991084103,1.0038994609134906,0.9691056910569106
2024-08-09 00:00:00,40.0,180.0,677,673,649,123790.55478215631,124603.42742005903,123276.74806711795,124218.22409929777,1.0065665158325947,1.007637093344377,0.9586410635155096
2024-08-09 00:00:00,40.0,190.0,957,949,916,143829.28031094372,145595.49100390388,143060.74796817073,145029.2373395503,1.0122799105240727,1.0137598146195737,0.9571577847439916
2024-08-09 00:00:00,40.0,200.0,941,930,915,241316.76280961407,244142.849946331,240884.9825955034,243961.79191802032,1.0117111099279354,1.0127729395554872,0.9723698193411264
2024-08-09 00:00:00,40.0,210.0,973,978,946,268997.0498001969,269025.804035347,268436.3562941082,268622.57736690535,1.0001068942398121,1.0006937252292052,0.9722507708119219
2024-08-09 00:00:00,40.0,220.0,1001,990,957,232540.21203538906,231346.4751838778,231739.40356533974,230952.4189532267,0.9948665358087417,0.9966040103667948,0.9560439560439561
2024-08-09 00:00:00,40.0,230.0,809,808,778,229348.80796931643,231250.21305662388,228827.1457769735,230818.34694399335,1.008290451143578,1.0087017698894893,0.9616810877626699
2024-08-09 00:00:00,40.0,240.0,781,769,746,306715.5549244208,307961.5774942049,306228.35738557973,307451.52643348323,1.0040624694436875,1.0039943036573957,0.9551856594110115
2024-08-09 00:00:00,40.0,250.0,916,913,882,282631.18144388346,281370.2485309845,281756.0797182321,280996.0024743252,0.9955385923575127,0.997302357256436,0.962882096069869
2024-08-09 00:00:00,40.0,260.0,855,865,828,228316.71306900936,228632.81581791912,227086.3892600953,228196.53212310726,1.0013844923775432,1.0048886367282033,0.968421052631579
2024-08-09 00:00:00,40.0,270.0,717,713,691,120137.66486680275,121217.2526112789,119579.15432830526,120894.96280636071,1.0089862554401494,1.0110036610097015,0.9637377963737797
2024-08-09 00:00:00,40.0,280.0,649,665,621,81809.83357835101,82175.15093554156,81479.23302859158,81665.30342573057,1.0044654455486781,1.0022836542542526,0.9568567026194145
2024-08-09 00:00:00,40.0,290.0,664,670,628,55059.79953021641,55348.85206091014,54499.65551580144,54838.66525208675,1.0052497926465405,1.0062204014516574,0.9457831325301205
2024-08-09 00:00:00,40.0,300.0,607,621,579,68032.52280382183,68993.62761849217,67635.379108319,68397.63990855066,1.0141271376550562,1.0112701490001392,0.9538714991762768
2024-08-09 00:00:00,40.0,310.0,632,632,605,68954.50967872437,70494.41941056785,68444.29363797931,70129.65281493659,1.022332255555413,1.0246238084634434,0.9572784810126582
2024-08-09 00:00:00,40.0,320.0,756,762,720,106159.42172612261,107252.73085220941,105502.98349894013,106749.18573475527,1.0102987479425745,1.0118120094284127,0.9523809523809523
2024-08-09 00:00:00,40.0,330.0,764,764,733,113977.65540854764,116289.95753116091,113445.95183173248,115932.86866938404,1.0202873283743636,1.021921600528684,0.9594240837696335
2024-08-09 00:00:00,40.0,340.0,786,797,767,120420.026643472,123082.1160808737,119955.63438469272,122722.71906782455,1.0221067002856872,1.0230675674162826,0.9758269720101781
2024-08-09 00:00:00,40.0,350.0,764,768,734,106606.58078906153,107732.02216515766,106131.64229123613,107333.69371298014,1.010556959690162,1.0113260418457057,0.9607329842931938
2024-08-09 00:00:00,40.0,360.0,870,873,826,90874.06933121357,91729.7615036408,90181.90524954116,91174.93522838486,1.0094162413846401,1.0110114105051995,0.9494252873563218
2024-08-09 00:00:00,40.0,370.0,1027,1044,987,107391.7342386876,108902.07089580508,106888.91811316166,108224.15629419949,1.0140638073109112,1.012491829879167,0.9610516066212269
2024-08-09 00:00:00,40.0,380.0,952,948,915,148395.6605556251,147070.0016895123,147823.83750204643,146678.91496096808,0.9910667275501909,0.9922548178938833,0.9611344537815126
2024-08-09 00:00:00,40.0,390.0,947,939,910,113960.04973872518,112683.99286324935,113480.8002320856,112334.5717742026,0.9888025946074837,0.9898993622221663,0.9609292502639916
2024-08-09 00:00:00,40.0,400.0,1054,1063,1022,95427.22041500613,96945.21600549048,94978.47532976296,96438.5346122334,1.0159073646270183,1.0153725281165142,0.969639468690702
2024-08-09 00:00:00,40.0,410.0,1005,1014,973,110049.28904920857,111617.15118605095,109580.73164564386,111120.59054628028,1.014246908366135,1.0140522779644867,0.9681592039800995
2024-08-09 00:00:00,40.0,420.0,1095,1097,1057,131575.7815392987,135233.62223202846,130996.09431745607,134762.89652567604,1.0278002581473342,1.0287550726443149,0.965296803652968
2024-08-09 00:00:00,40.0,430.0,918,934,895,140909.5716913597,143255.22870630404,140595.94541132817,142734.3536110202,1.0166465413725203,1.015209600770747,0.9749455337690632
2024-08-09 00:00:00,40.0,440.0,1063,1087,1027,175048.12617958942,179299.47700771643,174530.36037636746,178597.277929653,1.02428675428245,1.023302063575159,0.9661335841956726
2024-08-09 00:00:00,40.0,450.0,1263,1289,1232,205633.28486422147,212360.52948835952,205253.5272371412,211657.5009744346,1.032714765163529,1.0312003102869678,0.9754552652414885
2024-08-09 00:00:00,40.0,460.0,1329,1336,1301,226174.26591617352,234405.13801035128,225731.6097990019,233772.648530757,1.0363917267989646,1.0356221210618888,0.9789315274642588
2024-08-09 00:00:00,40.0,470.0,1268,1302,1241,276845.7088701901,285588.733595062,276507.11070306535,284901.99337323476,1.0315808569349052,1.030360458538748,0.9787066246056783
2024-08-09 00:00:00,40.0,480.0,1366,1399,1339,280331.0821796339,289181.69758881396,279865.93994696345,288466.02693262516,1.0315720088559737,1.0307293091374088,0.9802342606149341
2024-08-09 00:00:00,40.0,490.0,1325,1339,1292,261915.61097070924,268309.90089410264,261303.77312602283,267706.5975834344,1.0244135502259486,1.0245033754423578,0.9750943396226415
2024-08-09 08:00:00,48.0,10.0,13,11,11,454.89134222265017,348.59165663407134,431.7745023262237,348.59165663407134,0.7663185123084854,0.8073465541758549,0.8461538461538461
2024-08-09 08:00:00,48.0,20.0,24,25,24,848.1338689774846,793.4341088654469,848.1338689774846,776.8122548020904,0.9355057472495656,0.915907598099602,1.0
2024-08-09 08:00:00,48.0,30.0,13,12,11,228.4387236184114,238.81502234524365,206.40986118732056,228.25706297128852,1.0454226786180307,1.1058437889464072,0.8461538461538461
2024-08-09 08:00:00,48.0,40.0,44,44,43,3384.7035666019174,3743.853957283697,3369.16005171299,3733.0884464967653,1.1061098508671912,1.1080175441943585,0.9772727272727273
2024-08-09 08:00:00,48.0,50.0,72,71,69,2350.9053986169947,2435.0615328721333,2319.6093428314452,2413.375639910711,1.0357973291076052,1.0404233141106465,0.9583333333333334
2024-08-09 08:00:00,48.0,60.0,142,137,130,3503.7892855890004,3368.98791411448,3357.005806526536,3292.5049048564056,0.9615269753723619,0.9807861810829368,0.9154929577464789
2024-08-09 08:00:00,48.0,70.0,237,226,221,6673.5897148069635,6517.809712428418,6494.310110013812,6452.801198891322,0.9766572401007946,0.9936084186896949,0.9324894514767933
2024-08-09 08:00:00,48.0,80.0,375,360,351,12342.712010584297,12213.354916397679,12076.386979254705,12110.638940360926,0.9895195566358763,1.0028362755487268,0.936
2024-08-09 08:00:00,48.0,90.0,438,436,425,21277.369316258162,21608.0718063983,21127.488130039506,21489.274965893488,1.0155424519462304,1.0171239871785602,0.9703196347031964
2024-08-09 08:00:00,48.0,100.0,450,448,436,53984.2200117475,55511.666276263175,53812.63781301663,55369.7255298207,1.02829431015551,1.028935353851534,0.9688888888888889
2024-08-09 08:00:00,48.0,110.0,404,401,384,48435.291443675684,49466.05445990345,48207.01602389195,49265.57098977552,1.0212812390615305,1.0219585249864656,0.9504950495049505
2024-08-09 08:00:00,48.0,120.0,422,433,412,36580.56215240915,37457.12604258297,36369.84636709921,37146.977978597846,1.0239625593100978,1.0213674702844397,0.976303317535545
2024-08-09 08:00:00,48.0,130.0,464,460,450,43498.87166565288,43524.59160458483,43320.875830768935,43402.14156670771,1.0005912783009556,1.0018759024230313,0.9698275862068966
2024-08-09 08:00:00,48.0,140.0,600,598,585,49436.85066067168,49693.23277180294,49260.36111158981,49549.24506840082,1.0051860526652687,1.0058644303511417,0.975
2024-08-09 08:00:00,48.0,150.0,593,590,571,60435.68531546312,62050.60264886294,60092.415921477885,61779.761274354896,1.0267212545860984,1.028079173170236,0.9629005059021922
2024-08-09 08:00:00,48.0,160.0,706,700,678,69494.88010366439,70185.96669929923,69138.82984648157,69879.48151611869,1.00994442460515,1.0107125282750906,0.9603399433427762
2024-08-09 08:00:00,48.0,170.0,640,645,614,94402.79711189606,94844.58265296317,93857.52847182745,94436.60765481916,1.004679792914859,1.0061697680774273,0.959375
2024-08-09 08:00:00,48.0,180.0,700,688,675,138542.33097440324,140306.77860918146,138224.61475795554,140119.08398109043,1.0127358015587613,1.0137057298112373,0.9642857142857143
2024-08-09 08:00:00,48.0,190.0,982,967,941,160721.16723851685,163907.34097647681,159682.06635773776,163559.35653454406,1.019824232194827,1.0242813126435875,0.9582484725050916
2024-08-09 08:00:00,48.0,200.0,946,962,935,275754.31925542967,281027.58317327447,275381.1690500328,280709.97222197254,1.019123051026302,1.019350644745689,0.9883720930232558
2024-08-09 08:00:00,48.0,210.0,995,990,962,306527.771305816,308051.9521792184,305709.63978826173,307549.3078126087,1.0049724071228827,1.0060176971377846,0.9668341708542714
2024-08-09 08:00:00,48.0,220.0,1031,1026,988,270043.32391914073,269722.44008661347,269270.5644169429,269268.44386892626,0.9988117320292527,0.9999921248428278,0.9582929194956353
2024-08-09 08:00:00,48.0,230.0,832,825,802,258977.70308104664,262341.0723834585,258306.5533788356,262080.59389767464,1.0129870999024162,1.0146107037141407,0.9639423076923077
2024-08-09 08:00:00,48.0,240.0,810,790,771,358339.31227646745,361237.1913889489,357789.3365579005,360957.713740666,1.0080869695654426,1.0088554265290486,0.9518518518518518
2024-08-09 08:00:00,48.0,250.0,949,933,909,324979.3605548402,324007.3638554122,324238.1485853118,323706.4945834301,0.997009050981673,0.9983602978113423,0.9578503688092729
2024-08-09 08:00:00,48.0,260.0,878,880,846,258193.4049380651,260974.57426484872,257648.52450174853,260560.41699973086,1.0107716513032188,1.011301801567129,0.9635535307517085
2024-08-09 08:00:00,48.0,270.0,736,732,698,135200.83337587706,136783.64284514287,134194.65062978675,136332.9703161441,1.011707098467843,1.0159344629336717,0.9483695652173914
2024-08-09 08:00:00,48.0,280.0,692,689,652,95957.69440952134,96380.83098771228,95348.915044225,95908.34778934857,1.0044096159332998,1.0058672166837357,0.9421965317919075
2024-08-09 08:00:00,48.0,290.0,707,693,653,63434.44798577064,63457.49819617055,62614.42788246076,62999.66330088658,1.0003633705523074,1.006152502409652,0.9236209335219236
2024-08-09 08:00:00,48.0,300.0,643,638,611,77291.51401585867,78571.63027860844,76863.52398707983,78213.88962975552,1.0165621838186158,1.0175683545670204,0.9502332814930016
2024-08-09 08:00:00,48.0,310.0,650,653,618,77366.62745474585,79435.10507458885,76754.3402341404,78888.11737696358,1.026736044828281,1.0278000844813995,0.9507692307692308
2024-08-09 08:00:00,48.0,320.0,788,803,758,121192.1591672435,122515.30117701943,120736.7991973097,121957.18586947641,1.0109177195857202,1.010107826944893,0.9619289340101523
2024-08-09 08:00:00,48.0,330.0,792,798,766,128772.96338391697,130592.38022709137,128305.63082458335,130038.80338593815,1.0141288729820568,1.0135081566585675,0.9671717171717171
2024-08-09 08:00:00,48.0,340.0,809,820,785,138035.64227054606,142411.8936142148,137650.95083491446,141979.0696669498,1.0317037778915927,1.0314427093004688,0.9703337453646477
2024-08-09 08:00:00,48.0,350.0,774,786,755,125151.14633672417,126790.9460635423,124862.19903222378,126414.22982003241,1.0131025545895216,1.0124299491746744,0.975452196382429
2024-08-09 08:00:00,48.0,360.0,906,916,862,104527.26358266686,106242.02439179733,103980.910151223,105523.4975174359,1.0164049143769494,1.014835293939719,0.9514348785871964
2024-08-09 08:00:00,48.0,370.0,1090,1076,1031,119312.63043361236,120680.29822030783,118579.03179459003,120098.4510803202,1.0114628919145023,1.0128135578671464,0.9458715596330275
2024-08-09 08:00:00,48.0,380.0,981,982,947,170394.08650059832,169347.0865441538,169830.4570228971,168879.57973764802,0.9938554208191912,0.994401020276823,0.9653414882772681
2024-08-09 08:00:00,48.0,390.0,981,977,940,131484.65412680685,130237.00050606136,130922.36842031272,129730.76365652223,0.9905110324164352,0.9908983867449986,0.9582059123343527
2024-08-09 08:00:00,48.0,400.0,1080,1098,1045,109478.6665225477,110270.64180579467,108978.13888646274,109627.79178548996,1.007234060373615,1.0059613139448458,0.9675925925925926
2024-08-09 08:00:00,48.0,410.0,1036,1034,1001,122590.19282847019,123693.54978730614,122032.16515376861,123272.69267489963,1.0090003688988383,1.0101655782274115,0.9662162162162162
2024-08-09 08:00:00,48.0,420.0,1123,1127,1089,152401.442355384,156420.65324016835,151864.93220342835,155907.44954477143,1.0263725252377334,1.026619162717091,0.9697239536954586
2024-08-09 08:00:00,48.0,430.0,959,942,910,159623.58355225576,161524.67759275314,159051.90419108229,161093.41452304256,1.0119098569158174,1.012835497583906,0.948905109489051
2024-08-09 08:00:00,48.0,440.0,1112,1110,1070,206031.25566258148,209497.66032186127,205413.01979031684,208988.6124729881,1.0168246543376736,1.0174068454196388,0.9622302158273381
2024-08-09 08:00:00,48.0,450.0,1296,1320,1261,236553.03841104402,241599.2124014311,236129.96560145257,240874.6715728948,1.0213321038879182,1.0200936207285545,0.9729938271604939
2024-08-09 08:00:00,48.0,460.0,1352,1364,1323,260885.7568737992,269347.26651551714,260514.86704289122,268821.8456799853,1.0324337738599165,1.0318867738006154,0.9785502958579881
2024-08-09 08:00:00,48.0,470.0,1300,1310,1260,315230.9589346063,325728.2690423128,314707.29590635677,325130.72961113433,1.0333003780567256,1.0331210424428137,0.9692307692307692
2024-08-09 08:00:00,48.0,480.0,1398,1406,1352,321199.54010587255,330741.167872079,320472.21163124,329951.74525555584,1.0297062310956653,1.0295798926717046,0.9670958512160229
2024-08-09 08:00:00,48.0,490.0,1378,1382,1342,298759.2019614404,305972.04381479596,298284.88445949147,305515.92067364743,1.0241426600620205,1.0242420470861573,0.9738751814223512
2024-08-09 16:00:00,56.0,10.0,13,12,12,554.4987213418516,414.1668114862044,542.4507510366919,414.1668114862044,0.7469211299242441,0.7635104397858778,0.9230769230769231
2024-08-09 16:00:00,56.0,20.0,30,27,25,1085.2248900043385,916.6825847439352,1030.0394098391562,896.1370992470447,0.8446936604451364,0.8700027306595767,0.8333333333333334
2024-08-09 16:00:00,56.0,30.0,14,17,12,241.87251895391316,302.4066831673826,220.17006675267376,243.9955970518774,1.2502730135497688,1.1082142120889116,0.8571428571428571
2024-08-09 16:00:00,56.0,40.0,44,45,44,2945.7500403890554,3146.785942450935,2945.7500403890554,3134.344553230016,1.0682460831046372,1.064022578377374,1.0
2024-08-09 16:00:00,56.0,50.0,75,77,74,2397.505299802546,2501.2275864618705,2384.4549513264524,2467.6673660365054,1.04326258910371,1.0348978766253323,0.9866666666666667
2024-08-09 16:00:00,56.0,60.0,160,148,146,3764.987613657574,3563.641494435913,3592.091223038118,3541.8878218548434,0.9465214391433125,0.9860239069483281,0.9125
2024-08-09 16:00:00,56.0,70.0,251,249,240,6246.868781950403,6283.458645461187,6119.764698362629,6181.985613069146,1.0058573126454178,1.0101672070370882,0.9561752988047809
2024-08-09 16:00:00,56.0,80.0,362,375,356,12032.347889367225,12191.470720542751,11960.198826825457,11963.309693145184,1.013224586974928,1.0002601015555652,0.9834254143646409
2024-08-09 16:00:00,56.0,90.0,431,450,424,20541.27415537124,21540.555145767325,20440.246660814002,21255.589277227547,1.0486474686447231,1.0398890791262632,0.9837587006960556
2024-08-09 16:00:00,56.0,100.0,454,450,440,43849.564986525096,45300.439098456816,43655.25724269911,45193.96406199405,1.0330875371825825,1.0352467701825825,0.9691629955947136
2024-08-09 16:00:00,56.0,110.0,405,415,393,43518.860931014235,45354.494932587266,43310.205368767805,45032.87921263282,1.0421801941113042,1.039775240712834,0.9703703703703703
2024-08-09 16:00:00,56.0,120.0,430,429,412,30335.18045659377,31179.52754394779,30037.77132174207,30932.131516995913,1.0278339233406633,1.0297745190771355,0.958139534883721
2024-08-09 16:00:00,56.0,130.0,472,485,464,38824.002612646684,39623.798467355795,38642.851185894964,39371.860406374704,1.0206005512282905,1.018865306210786,0.9830508474576272
2024-08-09 16:00:00,56.0,140.0,626,633,610,44502.89394601774,45139.31796022436,44305.535392162186,44862.31466137245,1.0143007332282392,1.0125668105414378,0.9744408945686901
2024-08-09 16:00:00,56.0,150.0,600,608,581,54569.777650052216,56386.73751299612,54315.673242262164,56063.81946541082,1.033296083311825,1.0321849315086544,0.9683333333333334
2024-08-09 16:00:00,56.0,160.0,722,720,696,67141.92601662583,68121.14018025537,66810.11984530912,67811.75174522465,1.0145842429868197,1.0149922182782294,0.96398891966759
2024-08-09 16:00:00,56.0,170.0,654,659,633,88392.53939364036,90191.39404972701,88095.95325603713,89533.21861113622,1.0203507520931803,1.0163147715868617,0.9678899082568807
2024-08-09 16:00:00,56.0,180.0,703,693,676,129186.97623421517,132195.95282414666,128758.29048175915,131982.5861356596,1.0232916403622316,1.0250414605679874,0.9615931721194879
2024-08-09 16:00:00,56.0,190.0,989,995,957,142575.3004463311,147279.4939849743,142019.54709535086,146841.53558256105,1.0329944494166716,1.0339529915834242,0.967644084934277
2024-08-09 16:00:00,56.0,200.0,963,967,942,246902.49404904956,254792.6801723744,246388.86029998434,254356.41652080283,1.0319566886260672,1.032337323250401,0.9781931464174455
2024-08-09 16:00:00,56.0,210.0,1012,1013,987,273546.4767505252,277011.60980482807,273121.0687925638,276633.458790173,1.0126674380729206,1.0128601942469582,0.9752964426877471
2024-08-09 16:00:00,56.0,220.0,1034,1041,1000,233966.80005281832,232762.9483375228,233481.57054469566,232266.51113208215,0.9948546045207108,0.9947959086887292,0.9671179883945842
2024-08-09 16:00:00,56.0,230.0,863,853,828,239208.16465248782,244967.85596573103,238426.50576020923,244700.86832302046,1.0240781551984677,1.02631570908111,0.9594438006952491
2024-08-09 16:00:00,56.0,240.0,840,834,802,321146.48936817655,326852.3998002935,320352.9318126533,326220.17590867565,1.0177673137369265,1.018314938036695,0.9547619047619048
2024-08-09 16:00:00,56.0,250.0,950,963,925,297751.68537584785,298051.61901841644,297286.18224430847,297611.2815545579,1.001007328110301,1.0010935567465502,0.9736842105263158
2024-08-09 16:00:00,56.0,260.0,896,907,878,240311.85281075878,244204.16553619446,239600.33741407798,243848.29341964313,1.0161969236219939,1.0177293406654258,0.9799107142857143
2024-08-09 16:00:00,56.0,270.0,760,757,727,125919.27173089334,128245.04955641265,124987.25198410143,127877.31213656251,1.0184703881586117,1.023122839382281,0.9565789473684211
2024-08-09 16:00:00,56.0,280.0,697,711,668,85940.92857037348,87527.74103881526,85566.53257851393,87038.55292472057,1.0184639902644572,1.0172032253948815,0.9583931133428981
2024-08-09 16:00:00,56.0,290.0,727,723,682,58469.967673870364,58958.34484961528,57537.223268459595,58383.71413451493,1.0083526157987457,1.0147120562649634,0.938101788170564
2024-08-09 16:00:00,56.0,300.0,663,676,637,70819.61509815633,72602.22556939337,70470.82240978416,72144.74271981056,1.0251711403509653,1.023753381226242,0.9607843137254902
2024-08-09 16:00:00,56.0,310.0,650,665,625,69777.58863142726,72312.50931782041,69274.043718149,71767.44468159894,1.0363285796501636,1.035993293153128,0.9615384615384616
2024-08-09 16:00:00,56.0,320.0,811,818,777,106792.0926173159,109291.80758310268,106209.88980996693,108758.24403280517,1.0234073038979055,1.023993568088601,0.9580764488286067
2024-08-09 16:00:00,56.0,330.0,818,833,791,116387.53981338243,118802.99476937781,115946.20577430353,118195.85339361744,1.020753552827634,1.019402511744912,0.9669926650366748
2024-08-09 16:00:00,56.0,340.0,821,836,806,124995.57568885369,129533.45137935181,124647.43918640734,129148.353018255,1.0363042904958017,1.0361091560422404,0.9817295980511571
2024-08-09 16:00:00,56.0,350.0,812,824,781,109041.08298564932,111008.5409447201,108481.78214396557,110519.91357442408,1.0180432723630386,1.0187877760687385,0.9618226600985221
2024-08-09 16:00:00,56.0,360.0,936,957,901,98496.30013761956,101136.4275203988,97970.34449419,100466.14478071217,1.0268043305087649,1.0254750587987387,0.9626068376068376
2024-08-09 16:00:00,56.0,370.0,1097,1111,1054,113419.73967828328,117236.51893247211,112825.96625750132,116455.92132702569,1.0336518075690808,1.0321730465949635,0.9608021877848678
2024-08-09 16:00:00,56.0,380.0,997,1004,970,151861.23256220034,152513.44172768923,151456.9138903939,152142.73391558568,1.0042947706566372,1.0045281526447059,0.9729187562688064
2024-08-09 16:00:00,56.0,390.0,997,1012,969,118891.70649150765,117742.78317019905,118413.21612301053,117186.9270265758,0.9903363880020457,0.9896439845434074,0.9719157472417251
2024-08-09 16:00:00,56.0,400.0,1103,1124,1078,103123.05683502721,104751.05173077734,102750.413764317,104080.91103668584,1.0157869146407728,1.012948826419528,0.9773345421577516
2024-08-09 16:00:00,56.0,410.0,1078,1089,1048,118168.68513226951,120493.99398259463,117728.35025898609,119962.01643156889,1.019677876991881,1.0189730525202216,0.9721706864564007
2024-08-09 16:00:00,56.0,420.0,1139,1152,1109,136597.63635467816,140355.31722052695,136159.96387454768,139777.26152502256,1.0275091207002434,1.0265665291583634,0.9736611062335382
2024-08-09 16:00:00,56.0,430.0,965,972,932,147821.4015173968,151056.58635577894,147383.59073341044,150561.35258670605,1.0218857675896234,1.0215611645603315,0.9658031088082901
2024-08-09 16:00:00,56.0,440.0,1138,1138,1095,175816.82231435567,178541.23210720802,175212.17731049767,178034.57808979508,1.015495728776062,1.0161084738664925,0.9622144112478032
2024-08-09 16:00:00,56.0,450.0,1355,1391,1323,216487.3544307631,220863.29978139425,216075.15212793913,220032.12211161753,1.0202133993559916,1.0183129339246535,0.9763837638376384
2024-08-09 16:00:00,56.0,460.0,1386,1409,1369,235648.89790562203,243823.16268169633,235450.49045446294,243349.309584295,1.0346883216884304,1.0335476860319377,0.9877344877344877
2024-08-09 16:00:00,56.0,470.0,1350,1372,1320,294119.4023739365,302447.8711035154,293696.2201453059,301811.18029797403,1.0283166246849307,1.0276304548579251,0.9777777777777777
2024-08-09 16:00:00,56.0,480.0,1453,1456,1422,293010.3530630914,302976.2760477317,292533.1569573261,302593.9801480584,1.0340121872161099,1.0343920781335565,0.9786648313833448
2024-08-09 16:00:00,56.0,490.0,1412,1411,1376,266159.3765380458,274978.63167240005,265611.3216287273,274554.89983286953,1.0331352411816819,1.0336716753988506,0.9745042492917847
2024-08-10 00:00:00,64.0,10.0,12,12,11,516.0465779008802,389.98796439200925,502.76830847214285,372.4115371906348,0.7557224116829941,0.7407219805129568,0.9166666666666666
2024-08-10 00:00:00,64.0,20.0,27,23,23,1010.2273323237185,861.4380115508615,964.7500289459115,861.4380115508615,0.8527169915007023,0.8929131751279354,0.8518518518518519
2024-08-10 00:00:00,64.0,30.0,13,12,11,218.54092759055402,225.71121098838321,197.6863752694802,214.26041337125653,1.0328097966677574,1.0838400627214855,0.8461538461538461
2024-08-10 00:00:00,64.0,40.0,42,43,41,2777.232727461319,2910.5415413890582,2766.1516231288597,2879.007243519375,1.0480005915995372,1.0407987832072856,0.9761904761904762
2024-08-10 00:00:00,64.0,50.0,71,73,67,2270.005466845084,2377.3092398707117,2225.0595994148807,2314.412458751072,1.0472702707517094,1.040157512796371,0.9436619718309859
2024-08-10 00:00:00,64.0,60.0,153,151,144,3590.205592284422,3517.247726013853,3489.7034195283677,3440.8634331951425,0.9796786383411134,0.9860045452401723,0.9411764705882353
2024-08-10 00:00:00,64.0,70.0,237,246,230,5966.548337246136,6087.203634596575,5888.0149229551125,5912.078564561929,1.0202219592519262,1.0040868852952463,0.9704641350210971
2024-08-10 00:00:00,64.0,80.0,355,372,350,11560.515410234739,11682.733745130497,11498.75482781148,11433.847696486966,1.0105720489579173,0.994355290438272,0.9859154929577465
2024-08-10 00:00:00,64.0,90.0,434,444,428,19944.97594820478,20446.8990129835,19853.36414948792,20254.891488676913,1.0251653883204555,1.020224649896393,0.9861751152073732
2024-08-10 00:00:00,64.0,100.0,451,440,433,41908.51693112571,42316.31085276413,41693.03256045951,42231.559860737136,1.0097305739143336,1.0129164818965064,0.9600886917960089
2024-08-10 00:00:00,64.0,110.0,402,410,387,41035.01781619731,41997.796859622846,40815.197821847425,41720.471467279276,1.0234623766398248,1.022179817659668,0.9626865671641791
2024-08-10 00:00:00,64.0,120.0,430,430,412,28867.45398898908,29637.362795909896,28629.12932083221,29400.510086886185,1.0266704783599718,1.0269439128731266,0.958139534883721
2024-08-10 00:00:00,64.0,130.0,465,470,452,37163.23023678854,37503.916467110525,36974.189694158646,37294.54654111911,1.0091672932667928,1.0086643371933335,0.9720430107526882
2024-08-10 00:00:00,64.0,140.0,607,617,596,43669.343869718825,43902.31438454514,43550.78857897232,43590.33893154359,1.0053348755484248,1.000908143201576,0.9818780889621087
2024-08-10 00:00:00,64.0,150.0,591,593,565,52408.26678449316,53061.12789298587,52055.37885450495,52670.997133397184,1.0124572161712069,1.0118262183935476,0.9560067681895094
2024-08-10 00:00:00,64.0,160.0,712,707,681,64159.99143051237,64221.29226342897,63709.286553088365,63894.638750299986,1.0009554370496292,1.002909343476279,0.9564606741573034
2024-08-10 00:00:00,64.0,170.0,642,636,612,86197.93341924291,86305.50566262155,85533.11912729728,85858.58357894278,1.0012479677773183,1.0038051278261129,0.9532710280373832
2024-08-10 00:00:00,64.0,180.0,692,700,664,125059.77241115103,125777.52058979479,124517.70441200622,125303.71456194698,1.0057392410429475,1.0063124368831922,0.9595375722543352
2024-08-10 00:00:00,64.0,190.0,978,970,943,137434.73950282554,139617.74810297647,136660.0988902602,139237.19103547637,1.0158839650589657,1.0188576780358223,0.9642126789366053
2024-08-10 00:00:00,64.0,200.0,956,958,933,234890.65640709235,238020.57828101015,234388.40028262237,237728.16636117798,1.0133250165068008,1.01424885393018,0.9759414225941423
2024-08-10 00:00:00,64.0,210.0,997,996,970,261188.95760763943,261277.9636342795,260504.45948830855,260783.55304182423,1.0003407725481785,1.0010713580645179,0.9729187562688064
2024-08-10 00:00:00,64.0,220.0,1016,1023,980,222308.45718411263,219147.5408331828,221718.63622536056,218502.54146691834,0.9857813940550538,0.9854947025960717,0.9645669291338582
2024-08-10 00:00:00,64.0,230.0,844,837,805,226874.6339299955,228789.89383673607,226229.30600435458,228170.8156588209,1.0084419305656336,1.008582043099354,0.9537914691943128
2024-08-10 00:00:00,64.0,240.0,812,814,785,301128.6376344118,301095.9942275216,300570.15192831145,300728.9386071005,0.9998915964713729,1.00052828492041,0.9667487684729064
2024-08-10 00:00:00,64.0,250.0,936,934,910,277387.60923860886,275146.33276200364,276851.3446059815,274691.76133740484,0.9919200555397654,0.992199484269617,0.9722222222222222
2024-08-10 00:00:00,64.0,260.0,877,893,852,226369.9888251332,227133.35551469336,225872.31448935805,226516.6184156765,1.0033722080100904,1.0028525139425568,0.9714937286202965
2024-08-10 00:00:00,64.0,270.0,749,741,716,119660.14249835134,120475.04969624791,119090.46868800675,120137.17680508798,1.0068101807409078,1.008789184630916,0.9559412550066756
2024-08-10 00:00:00,64.0,280.0,676,675,647,80093.97345053763,80338.89918211692,79691.77968133452,79931.50631613118,1.0030579795336356,1.0030081726842501,0.9571005917159763
2024-08-10 00:00:00,64.0,290.0,700,685,641,55193.51663866122,54952.447428327236,54360.18559332812,54411.355319020484,0.9956322911636125,1.0009413088850574,0.9157142857142857
2024-08-10 00:00:00,64.0,300.0,636,650,611,66139.79178733932,66946.95053740934,65786.06376330185,66460.62839383079,1.0122038296199254,1.0102539138525757,0.960691823899371
2024-08-10 00:00:00,64.0,310.0,623,641,599,67671.04232957377,69038.985029577,67152.92405978369,68535.41492989179,1.020214594794344,1.020587202857724,0.9614767255216693
2024-08-10 00:00:00,64.0,320.0,773,787,746,103533.75536778447,104388.91733503246,103125.57804374857,103885.3415560029,1.0082597406441038,1.0073673624591177,0.9650711513583441
2024-08-10 00:00:00,64.0,330.0,785,811,762,112285.76711028312,113010.67853448121,111885.67029734608,112296.65048686622,1.0064559511223368,1.0036732155997092,0.9707006369426752
2024-08-10 00:00:00,64.0,340.0,804,816,783,118065.33636102514,120533.76549889403,117652.65946053954,120133.48820476414,1.0209073146611027,1.0210860405162083,0.9738805970149254
2024-08-10 00:00:00,64.0,350.0,792,801,762,100888.42925265984,101433.21913456178,100457.40280620265,100987.63646967831,1.0053999243118117,1.0052781940271596,0.9621212121212122
2024-08-10 00:00:00,64.0,360.0,906,925,863,90135.54759934782,91637.96869622485,89352.22073722763,90784.92856073484,1.0166684636294139,1.0160343840554407,0.9525386313465783
2024-08-10 00:00:00,64.0,370.0,1067,1090,1030,107401.18276348585,108730.32226054688,106891.78358833992,107922.59396316952,1.0123754642440763,1.009643494946248,0.9653233364573571
2024-08-10 00:00:00,64.0,380.0,975,985,948,143054.19334283404,142137.63597252197,142536.17827707902,141692.90560673794,0.9935929360133084,0.9940837990709852,0.9723076923076923
2024-08-10 00:00:00,64.0,390.0,981,976,945,111011.8178749126,108772.75273131026,110507.14111231398,108276.13782682376,0.9798303893543542,0.9798112297265682,0.963302752293578
2024-08-10 00:00:00,64.0,400.0,1097,1089,1058,96107.66330404316,96162.5707840574,95504.23791149608,95783.29389521651,1.000571312194331,1.0029219225222135,0.9644484958979034
2024-08-10 00:00:00,64.0,410.0,1055,1042,1003,111930.52842333265,112031.5240835071,111199.67305538838,111548.09230065464,1.000902306650358,1.00313327580642,0.9507109004739337
2024-08-10 00:00:00,64.0,420.0,1114,1124,1080,128686.77119189544,130525.24824892523,128143.38611102499,130001.11654306394,1.014286449492841,1.0144972790903886,0.9694793536804309
2024-08-10 00:00:00,64.0,430.0,947,955,917,138342.31073779555,139483.5059386738,137967.2421455989,138999.29528439164,1.0082490685227978,1.0074804216040183,0.9683210137275607
2024-08-10 00:00:00,64.0,440.0,1123,1123,1084,163724.1571472283,164228.27748768995,163017.85657456348,163760.03753929707,1.0030790834367118,1.0045527586997447,0.9652715939447908
2024-08-10 00:00:00,64.0,450.0,1322,1328,1282,200051.50339230138,202335.57914491737,199590.84396574312,201800.81634928676,1.011417438578989,1.0110725138469927,0.9697428139183056
2024-08-10 00:00:00,64.0,460.0,1355,1364,1330,217330.88172970206,222156.53524434136,217006.92589911228,221749.27200106828,1.0222041776862667,1.0218534320151642,0.981549815498155
2024-08-10 00:00:00,64.0,470.0,1326,1345,1287,267084.99787435244,272377.42730853753,266614.8295970933,271665.72734903276,1.019815524931411,1.0189445491819504,0.9705882352941176
2024-08-10 00:00:00,64.0,480.0,1416,1414,1374,272877.7757755134,278223.8292838704,272291.6648002672,277759.6010255574,1.0195913847991602,1.0200811737270807,0.9703389830508474
2024-08-10 00:00:00,64.0,490.0,1384,1397,1354,251928.836737977,256409.86424194212,251542.38069473827,255899.3091864101,1.01778687808028,1.0173208525721924,0.9783236994219653
2024-08-10 08:00:00,72.0,0.0,1,0,0,12.098666906303116,,,,,,0.0
2024-08-10 08:00:00,72.0,10.0,15,13,13,629.4433224243102,483.0784836799687,597.1430539608539,483.0784836799687,0.767469391555994,0.8089828400007434,0.8666666666666667
2024-08-10 08:00:00,72.0,20.0,28,26,25,1064.305097975825,969.9916780279909,1026.687213138448,956.9524816801986,0.9113849777406814,0.9320779195787591,0.8928571428571429
2024-08-10 08:00:00,72.0,30.0,13,16,12,241.6719678251181,307.200668320046,231.34021222446978,259.43783327918067,1.271147295586829,1.1214558454171717,0.9230769230769231
2024-08-10 08:00:00,72.0,40.0,45,46,44,3190.1610147150263,3372.5027571019396,3177.818814001636,3350.327867775194,1.057157535793911,1.0542853648589008,0.9777777777777777
2024-08-10 08:00:00,72.0,50.0,74,79,72,2474.1747704638224,2654.6888225602256,2452.761229150988,2571.446248262883,1.0729592970760764,1.0483883297327627,0.972972972972973
2024-08-10 08:00:00,72.0,60.0,163,163,156,4151.901613699284,4066.4509395342275,4074.39429574159,3988.4792574291705,0.9794189067768103,0.9789134207255751,0.9570552147239264
2024-08-10 08:00:00,72.0,70.0,259,252,244,7087.827820175059,6947.314468679064,6921.013877590907,6860.017172549135,0.9801753999869984,0.9911867385153973,0.9420849420849421
2024-08-10 08:00:00,72.0,80.0,383,389,368,13506.944927950604,13255.493459289706,13315.767631096485,12994.105785702879,0.9813835423182516,0.9758435372030355,0.9608355091383812
2024-08-10 08:00:00,72.0,90.0,454,460,443,22757.299343326733,23158.64056971753,22617.910410672193,22960.558537633675,1.0176357141651997,1.015149415694909,0.9757709251101322
2024-08-10 08:00:00,72.0,100.0,471,467,460,50698.55150633604,51648.0754923426,50541.30223296939,51574.417911060315,1.0187288188280466,1.0204410181860528,0.9766454352441614
2024-08-10 08:00:00,72.0,110.0,419,423,406,48859.34923831788,50469.48709075594,48663.66802416264,50250.16003817699,1.0329545496929236,1.0326011597240599,0.9689737470167065
2024-08-10 08:00:00,72.0,120.0,447,447,429,33974.20864603884,35160.14392054721,33723.28560233874,34955.317411954784,1.03490692857232,1.0365335639043012,0.959731543624161
2024-08-10 08:00:00,72.0,130.0,483,487,466,43821.105750731585,43986.365933043664,43552.30183175176,43748.52603748502,1.0037712462860278,1.0045054841530832,0.9648033126293996
2024-08-10 08:00:00,72.0,140.0,640,635,620,50029.96195531797,49959.97969625235,49771.303493430496,49759.3595628578,0.998601193038521,0.9997600237539634,0.96875
2024-08-10 08:00:00,72.0,150.0,618,620,595,60307.74569694526,61444.547888675035,59904.81103526153,61111.782908554145,1.0188500196548942,1.0201481626005324,0.9627831715210357
2024-08-10 08:00:00,72.0,160.0,751,747,714,72923.97460052997,73660.48111811337,72291.88082587195,73241.16564714105,1.0100996485945521,1.0131312785118376,0.9507323568575233
2024-08-10 08:00:00,72.0,170.0,686,676,651,96836.70640872323,97905.25322534272,96207.88689695744,97562.70786322694,1.011034522509568,1.0140822235054447,0.9489795918367347
2024-08-10 08:00:00,72.0,180.0,731,723,694,141988.08214418445,143876.70125986703,141438.23177594668,143368.4675795302,1.013301250972351,1.0136471997659107,0.9493844049247606
2024-08-10 08:00:00,72.0,190.0,1032,1014,985,156790.3009997495,160594.65069463063,155824.7958119378,160248.91335035145,1.024263935145371,1.0283916145396592,0.9544573643410853
2024-08-10 08:00:00,72.0,200.0,984,986,960,274243.2835728264,282779.87206554424,273705.6639343962,282374.07670511387,1.0311277942033934,1.0316705640873964,0.975609756097561
2024-08-10 08:00:00,72.0,210.0,1035,1030,1007,303233.1855247926,304915.7534438764,302366.20023737254,304583.6900059836,1.0055487591708403,1.0073337885215683,0.9729468599033816
2024-08-10 08:00:00,72.0,220.0,1088,1078,1033,264125.9785595564,262047.48432021384,263235.2625661282,261497.10823731526,0.9921306709371115,0.9933969548309421,0.9494485294117647
2024-08-10 08:00:00,72.0,230.0,894,886,849,263447.4945987054,267352.7169723831,262592.51132932527,266853.17438766826,1.0148235320272312,1.016225379150282,0.9496644295302014
2024-08-10 08:00:00,72.0,240.0,862,866,826,358180.54776226927,361670.87337429624,357654.30510389875,360948.42263442633,1.0097445984541393,1.009210339379448,0.9582366589327146
2024-08-10 08:00:00,72.0,250.0,992,998,956,326826.8384404369,326022.5893580838,326037.93904934084,325473.926556521,0.9975392195873788,0.9982701016499356,0.9637096774193549
2024-08-10 08:00:00,72.0,260.0,925,928,895,261363.81833752157,264876.7601122984,260898.46300953842,264483.5306242107,1.0134408113453572,1.0137412370058356,0.9675675675675676
2024-08-10 08:00:00,72.0,270.0,781,778,744,136380.97327724812,137421.44010198183,135359.59304517508,136981.22527562774,1.0076291201018088,1.0119801795644543,0.9526248399487837
2024-08-10 08:00:00,72.0,280.0,723,732,688,95225.5626409624,95975.0849137482,94707.56889057936,95447.56788825469,1.0078710196295904,1.007813514868387,0.9515905947441217
2024-08-10 08:00:00,72.0,290.0,759,750,711,64279.558492434284,64298.117109276885,63629.19282814496,63795.816118428535,1.000288717241964,1.002618661071713,0.9367588932806324
2024-08-10 08:00:00,72.0,300.0,683,711,658,76155.89838736586,77931.81528065578,75786.91699988823,77239.3405364383,1.023319492395149,1.0191645681609165,0.9633967789165446
2024-08-10 08:00:00,72.0,310.0,687,681,645,77520.52730869541,78987.07469119129,76681.2395710888,78546.53680223637,1.0189181812019406,1.0243253400907573,0.9388646288209607
2024-08-10 08:00:00,72.0,320.0,831,840,800,120198.55285879568,122401.72455678898,119632.34209902704,121922.03538704469,1.0183294361337403,1.0191394170492987,0.9626955475330926
2024-08-10 08:00:00,72.0,330.0,835,859,804,128923.27927074686,130523.8792582168,128431.8199049908,129827.61242712165,1.01241513554824,1.0108679649884538,0.962874251497006
2024-08-10 08:00:00,72.0,340.0,854,863,834,138628.8074380604,142804.2957247037,138050.77349457954,142438.067426215,1.030119917813683,1.031780292283605,0.9765807962529274
2024-08-10 08:00:00,72.0,350.0,827,861,807,121574.12629432819,123460.1442436991,121327.2698515029,122813.97192557558,1.01551331691091,1.0122536514329574,0.9758162031438936
2024-08-10 08:00:00,72.0,360.0,993,1008,948,106626.32202173001,109637.19450096242,105972.03549969265,108861.41379462207,1.0282376098335155,1.0272654788719031,0.9546827794561934
2024-08-10 08:00:00,72.0,370.0,1165,1154,1107,122410.53921929645,124605.78094730584,121546.78308510552,123961.0621201598,1.0179334372841595,1.0198629611888932,0.9502145922746781
2024-08-10 08:00:00,72.0,380.0,1044,1046,1000,167707.57923581306,167619.36018437124,166684.06157598522,166884.9584028708,0.9994739709925824,1.0012052551694872,0.9578544061302682
2024-08-10 08:00:00,72.0,390.0,1024,1028,992,130600.39447456396,128368.8907494839,129951.07692369103,127926.50881645252,0.9829134993499987,0.9844205361343227,0.96875
2024-08-10 08:00:00,72.0,400.0,1144,1150,1098,113032.21467781306,113553.43970226635,112428.70067452018,112855.12113504848,1.0046112962215152,1.0037928078681864,0.9597902097902098
2024-08-10 08:00:00,72.0,410.0,1105,1125,1070,127601.04142898598,128192.26356249339,127052.54581207683,127519.06604034992,1.0046333644842267,1.003671868401308,0.9683257918552036
2024-08-10 08:00:00,72.0,420.0,1172,1174,1133,152350.03619685248,154569.60879705625,151729.33054599154,154025.748477711,1.0145689010361365,1.0151349638428897,0.9667235494880546
2024-08-10 08:00:00,72.0,430.0,1007,1012,971,160739.41349332302,161395.62161793606,160206.42723705395,160877.88972783374,1.0040824344841863,1.0041912331631129,0.9642502482621649
2024-08-10 08:00:00,72.0,440.0,1181,1186,1142,193970.3432236432,195330.89429370535,193273.24580963247,194808.86720450968,1.0070142221096834,1.0079453386755337,0.9669771380186283
2024-08-10 08:00:00,72.0,450.0,1383,1411,1343,236907.70717377425,243348.4779508326,236354.41441296684,242537.4984358455,1.0271868351346374,1.026160222301054,0.9710773680404917
2024-08-10 08:00:00,72.0,460.0,1414,1420,1377,259387.11247743442,266732.1273168647,258928.6822469339,266213.8338513768,1.0283168071431044,1.028135745878841,0.9738330975954739
2024-08-10 08:00:00,72.0,470.0,1384,1396,1343,316595.55595812784,326866.3689979152,316071.0996220525,326183.0075506772,1.0324414314935795,1.0319925103583218,0.9703757225433526
2024-08-10 08:00:00,72.0,480.0,1473,1491,1440,320830.68454874563,329692.99622500653,320415.00137195043,329100.0885151538,1.0276230176946008,1.027105744443973,0.9775967413441955
2024-08-10 08:00:00,72.0,490.0,1440,1435,1401,295307.86047749734,302228.1531555457,294721.42563098844,301803.63389340625,1.0234341634755628,1.0240301778103003,0.9729166666666667
2024-08-10 16:00:00,80.0,10.0,13,12,12,581.6706215496571,445.1524197178405,570.3846776617286,445.1524197178405,0.7652998161259859,0.78044245778608,0.9230769230769231
2024-08-10 16:00:00,80.0,20.0,28,27,26,1115.0187500882867,976.2399670024384,1091.5829153994998,965.9732683614124,0.875536816690428,0.8849288997967538,0.9285714285714286
2024-08-10 16:00:00,80.0,30.0,13,16,11,228.46352456134338,282.30568670414596,207.3879380647441,226.1109494599737,1.23567071481621,1.0902801366846344,0.8461538461538461
2024-08-10 16:00:00,80.0,40.0,44,45,44,2921.372934111979,3028.124504406474,2921.372934111979,3015.7395369109404,1.036541575725574,1.0323021418104725,1.0
2024-08-10 16:00:00,80.0,50.0,72,80,71,2401.4943222753536,2539.5706815230615,2390.73320297867,2431.6887736218823,1.0574960173617582,1.0171309665972703,0.9861111111111112
2024-08-10 16:00:00,80.0,60.0,162,159,153,3856.7959557137697,3705.0670804522624,3751.0320216066602,3640.153853858796,0.9606593459950289,0.9704406235112938,0.9444444444444444
2024-08-10 16:00:00,80.0,70.0,245,240,229,6230.48242270654,6125.357920331881,6046.908192726432,5992.502096086679,0.9831273896237087,0.9910026587297627,0.9346938775510204
2024-08-10 16:00:00,80.0,80.0,363,372,353,12152.86280866509,12016.980911651139,12014.777918827298,11780.913446068935,0.9888189392776601,0.9805352646267481,0.9724517906336089
2024-08-10 16:00:00,80.0,90.0,438,436,425,20802.8721882671,21398.739027519416,20600.471167031057,21281.035732808232,1.028643488930744,1.0330363592298,0.9703196347031964
2024-08-10 16:00:00,80.0,100.0,456,441,437,43751.91842336283,44247.44950572127,43531.25446768813,44203.033901120056,1.011325928101334,1.0154321174899879,0.9583333333333334
2024-08-10 16:00:00,80.0,110.0,409,416,394,43537.7066378975,44321.15158983652,43303.88346697182,44006.27119718792,1.0179946306877143,1.0162199709121196,0.9633251833740831
2024-08-10 16:00:00,80.0,120.0,441,438,424,30319.158027320558,30434.789064918346,30068.584379505905,30269.912760992724,1.0038137944824719,1.0066956388417154,0.9614512471655329
2024-08-10 16:00:00,80.0,130.0,477,482,460,39087.10437072444,39239.36243877324,38854.529693792654,38966.87891768722,1.0038953529687107,1.002891534778055,0.9643605870020965
2024-08-10 16:00:00,80.0,140.0,626,623,612,44562.85492340865,44658.55694528271,44253.26517497688,44517.591181561875,1.0021475738490844,1.0059730283299968,0.9776357827476039
2024-08-10 16:00:00,80.0,150.0,597,605,579,54557.871943427905,55694.47600969961,54302.18962029561,55402.30063604686,1.0208329985350284,1.0202590544404138,0.9698492462311558
2024-08-10 16:00:00,80.0,160.0,729,724,700,67514.19486668991,67783.59620774633,67125.03248698778,67443.9434697965,1.0039902918428987,1.0047509993067123,0.9602194787379973
2024-08-10 16:00:00,80.0,170.0,669,656,633,88960.34244799856,89730.20415612317,88498.97610434928,89401.2712155323,1.0086539876864193,1.0101955429418654,0.9461883408071748
2024-08-10 16:00:00,80.0,180.0,703,702,677,129467.49327122173,130817.61604099078,129041.67033050673,130486.9543186767,1.0104282761306012,1.0112001339138608,0.9630156472261735
2024-08-10 16:00:00,80.0,190.0,1002,1006,972,143259.07521818025,147107.00902261384,142711.16093651272,146508.2253026553,1.0268599654058443,1.0266066391810222,0.9700598802395209
2024-08-10 16:00:00,80.0,200.0,969,970,944,248625.91929810756,256647.72840965117,248100.00515544924,256329.0655862121,1.03226457295438,1.033168320273137,0.9742002063983488
2024-08-10 16:00:00,80.0,210.0,1009,1021,990,274517.14902186126,273760.7122745174,273936.5859206363,273347.4008369578,0.9972444827216109,0.9978491916963249,0.981169474727453
2024-08-10 16:00:00,80.0,220.0,1039,1035,997,236407.8868438483,233279.82187883154,235793.13012581383,232770.24456197565,0.9867683561374461,0.9871799252072134,0.9595765158806545
2024-08-10 16:00:00,80.0,230.0,865,852,826,240627.24618621223,246308.71613809952,240012.87128083056,245967.877569688,1.0236110832914185,1.024811195570798,0.9549132947976878
2024-08-10 16:00:00,80.0,240.0,836,842,804,324458.4732096909,325078.05820830667,323959.70717330126,324560.4828472948,1.0019095972205212,1.0018544765311577,0.9617224880382775
2024-08-10 16:00:00,80.0,250.0,965,967,935,302198.9286490674,299275.36212836724,301527.1349318533,298887.2705988161,0.9903256886655107,0.9912450190141799,0.9689119170984456
2024-08-10 16:00:00,80.0,260.0,901,916,874,240404.08721376,241806.49046940266,239825.1197559412,241314.08295906062,1.0058335250115598,1.0062085373068286,0.9700332963374029
2024-08-10 16:00:00,80.0,270.0,761,762,730,126772.14394589834,127398.55658399065,126166.42979170472,126978.17439075763,1.0049412482789566,1.0064339190733467,0.9592641261498029
2024-08-10 16:00:00,80.0,280.0,701,711,671,86788.38034127098,86716.43584926132,86347.28109409535,86248.13329128435,0.9991710354343893,0.9988517553586551,0.9572039942938659
2024-08-10 16:00:00,80.0,290.0,731,725,688,58916.539937973794,58581.886650455075,58298.86743843503,58100.19176871033,0.9943198754055986,0.9965921178497248,0.9411764705882353
2024-08-10 16:00:00,80.0,300.0,678,684,644,70868.70047128081,71803.44685191472,70372.46932046024,71264.53206578267,1.0131898337971177,1.0126763030192982,0.9498525073746312
2024-08-10 16:00:00,80.0,310.0,647,661,617,69887.42032736226,71588.2261242198,69405.32341943136,71063.36171828763,1.0243363653843673,1.0238892093166456,0.9536321483771252
2024-08-10 16:00:00,80.0,320.0,816,820,789,106934.58757144707,108415.82162658717,106578.6868284296,107890.71716221326,1.0138517769486923,1.0123104381638306,0.9669117647058824
2024-08-10 16:00:00,80.0,330.0,823,831,793,116707.34150548888,117995.72292409954,116268.06122244551,117550.17820007095,1.011039420502523,1.0110272499957875,0.9635479951397327
2024-08-10 16:00:00,80.0,340.0,830,827,801,125627.42344305417,129086.81425699466,124941.4828845078,128757.7959540074,1.0275369080980046,1.0305448037064462,0.9650602409638555
2024-08-10 16:00:00,80.0,350.0,819,831,797,109568.68492638067,110697.3817997212,109263.80060636275,110300.58495638549,1.0103012724310683,1.0094888182936075,0.9731379731379731
2024-08-10 16:00:00,80.0,360.0,945,952,904,98480.5480262148,100344.35712069031,97832.85465623596,99717.47159950252,1.018925657216889,1.0192636405212616,0.9566137566137566
2024-08-10 16:00:00,80.0,370.0,1103,1134,1064,113910.01705071957,115933.99624855808,113414.69112602735,114944.51614963339,1.01776822838098,1.0134887730012516,0.9646418857660924
2024-08-10 16:00:00,80.0,380.0,1002,1001,960,151907.55541680485,151109.67364485096,151114.60469685472,150585.59905625513,0.9947475833590722,0.9964993083119874,0.9580838323353293
2024-08-10 16:00:00,80.0,390.0,995,1008,965,120070.75027709626,117872.32606854159,119528.24691813489,117334.20328072374,0.9816905932254009,0.9816441410797746,0.9698492462311558
2024-08-10 16:00:00,80.0,400.0,1114,1121,1076,103750.7423780975,103540.76262761277,103238.77469614528,102924.99273868729,0.9979761132723322,0.9969606191241467,0.9658886894075404
2024-08-10 16:00:00,80.0,410.0,1091,1088,1047,119238.24648766487,119877.79981216163,118648.33468266686,119306.34366320269,1.0053636592564528,1.0055458762425593,0.9596700274977086
2024-08-10 16:00:00,80.0,420.0,1149,1150,1118,137413.22791352245,139158.6149614643,136896.2257826107,138777.6320769823,1.0127017396683256,1.0137433028822813,0.9730200174064404
2024-08-10 16:00:00,80.0,430.0,985,976,944,149394.97356964106,149580.13560220698,148798.36853683117,149079.95635555434,1.0012394127335187,1.001892412003519,0.9583756345177665
2024-08-10 16:00:00,80.0,440.0,1142,1166,1112,173540.31339147442,173986.02652475666,173021.2209721357,173355.92547016247,1.0025683550096904,1.001934470790035,0.9737302977232924
2024-08-10 16:00:00,80.0,450.0,1372,1391,1339,220072.03187991685,229691.14395566186,219651.173961144,229096.14314192458,1.043708925634829,1.0429998575033856,0.9759475218658892
2024-08-10 16:00:00,80.0,460.0,1392,1390,1358,238729.51155186072,243362.63126495673,238290.1289334058,243003.81429083552,1.0194074024739481,1.0197812866967186,0.9755747126436781
2024-08-10 16:00:00,80.0,470.0,1361,1359,1310,296772.3056160708,305425.8355016279,296122.2967337609,304831.8494231012,1.0291588188041778,1.0294120124874315,0.9625275532696547
2024-08-10 16:00:00,80.0,480.0,1469,1480,1435,294589.30179447273,301116.6817245572,294119.9166270873,300586.37916519557,1.0221575593218197,1.0219858029754139,0.9768550034036759
2024-08-10 16:00:00,80.0,490.0,1412,1420,1377,266963.5444156996,271563.6519388822,266403.91918294085,270988.3582289598,1.0172312198403373,1.0172086021109576,0.9752124645892352
2024-08-11 00:00:00,88.0,10.0,12,12,12,509.17651258204404,387.9738779008494,509.17651258204404,387.9738779008494,0.7619634219446343,0.7619634219446343,1.0
2024-08-11 00:00:00,88.0,20.0,27,23,23,1022.5664919458487,877.7194220001861,977.0979555077671,877.7194220001861,0.8583494852544677,0.8982921487580668,0.8518518518518519
2024-08-11 00:00:00,88.0,30.0,13,11,10,216.77722501378153,222.16562795318,184.38054785232586,211.47253942214823,1.024856868331329,1.1469351940071297,0.7692307692307693
2024-08-11 00:00:00,88.0,40.0,42,44,41,2721.91940321386,2754.7559702639837,2711.530142309685,2723.484419710772,1.0120637543533995,1.0044086832060455,0.9761904761904762
2024-08-11 00:00:00,88.0,50.0,71,73,70,2289.784382316371,2360.1100540896346,2278.79504010916,2327.7317177709047,1.0307127921372758,1.0214748043595008,0.9859154929577465
2024-08-11 00:00:00,88.0,60.0,155,148,145,3643.3807226208887,3470.528529793456,3517.648836818636,3436.2980872335593,0.9525571972881576,0.97687354441592,0.9354838709677419
2024-08-11 00:00:00,88.0,70.0,246,243,231,6029.112241368521,5955.049364773326,5861.7783348622925,5825.728889480264,0.9877157907117708,0.9938500838273552,0.9390243902439024
2024-08-11 00:00:00,88.0,80.0,359,364,347,11526.759470778505,11447.33733887002,11378.722614239263,11238.33278384188,0.9931097606304853,0.9876620746320243,0.9665738161559888
2024-08-11 00:00:00,88.0,90.0,439,442,430,19969.77251612157,20293.23251004599,19856.516689820233,20152.095509929597,1.0161974801497258,1.0148857337229191,0.979498861047836
2024-08-11 00:00:00,88.0,100.0,451,441,436,40608.63858452491,41074.29521004675,40427.235799815055,41020.56960913241,1.011466935158454,1.0146765861572973,0.9667405764966741
2024-08-11 00:00:00,88.0,110.0,409,405,396,40393.646793907836,40807.02520824139,40202.59272747877,40703.45168154362,1.0102337483031094,1.0124583744501263,0.9682151589242054
2024-08-11 00:00:00,88.0,120.0,429,424,409,28100.44864486161,28123.107517676177,27778.736914183402,27931.360698173856,1.0008063527063547,1.005494266512619,0.9533799533799534
2024-08-11 00:00:00,88.0,130.0,467,469,451,36628.38718161566,36583.90369205868,36409.28939022494,36323.375330505594,0.9987855460483036,0.9976403258300774,0.9657387580299786
2024-08-11 00:00:00,88.0,140.0,611,606,587,43219.17493108945,43145.22589610053,42940.039208327384,42932.65818748769,0.998288976244761,0.9998281086609193,0.9607201309328969
2024-08-11 00:00:00,88.0,150.0,592,599,578,51687.003215271776,52472.91938457276,51503.53508447383,52213.91879183981,1.0152052957302962,1.0137929116166655,0.9763513513513513
2024-08-11 00:00:00,88.0,160.0,708,713,690,63955.44973523526,63650.296954705846,63618.82101242083,63355.03040548827,0.995228666489053,0.9958535759900194,0.9745762711864406
2024-08-11 00:00:00,88.0,170.0,644,637,615,86126.63196248918,85861.44258884405,85716.86784505681,85601.49123890503,0.9969209364443669,0.9986539801435542,0.9549689440993789
2024-08-11 00:00:00,88.0,180.0,689,691,664,124379.49949456235,124287.57123066262,123827.24649294914,123893.55526315313,0.9992609050183247,1.0005354941830817,0.9637155297532656
2024-08-11 00:00:00,88.0,190.0,970,971,939,135575.24835441518,136791.60866647697,135091.1362781223,136371.30961583485,1.0089718464603659,1.009476368124382,0.9680412371134021
2024-08-11 00:00:00,88.0,200.0,957,957,936,231486.8388808317,234025.7983385261,231203.30054964437,233778.81615107082,1.010968051013049,1.0111396143364026,0.9780564263322884
2024-08-11 00:00:00,88.0,210.0,997,994,973,257655.82381251443,255696.74828674912,256946.02745713983,255398.5377431864,0.9923965408707748,0.9939773744343584,0.9759277833500501
2024-08-11 00:00:00,88.0,220.0,1012,993,966,218673.6674609658,215580.88091609962,217442.452901694,215273.45991077105,0.9858566119058745,0.9900249791980431,0.9545454545454546
2024-08-11 00:00:00,88.0,230.0,836,836,800,224657.76682353526,225903.68120991025,223977.69405019292,225280.4357867083,1.0055458326858275,1.0058163905206714,0.9569377990430622
2024-08-11 00:00:00,88.0,240.0,809,797,780,297950.97962235624,295308.3336596962,297486.6141760827,295075.4114131462,0.9911306015304615,0.9918947520727459,0.9641532756489494
2024-08-11 00:00:00,88.0,250.0,938,921,898,274973.98155906406,270345.5687667151,274258.30216985254,270007.11705937504,0.983167815492555,0.9844993384818496,0.9573560767590619
2024-08-11 00:00:00,88.0,260.0,877,879,848,224469.14955115976,223266.39597726506,223812.61526117416,222754.2555431039,0.9946417867386245,0.9952712240244581,0.9669327251995439
2024-08-11 00:00:00,88.0,270.0,751,736,712,118991.35487765305,118612.52604098833,118242.03799090264,118337.2158606016,0.9968163331104665,1.0008049410456397,0.948069241011984
2024-08-11 00:00:00,88.0,280.0,680,680,643,79088.50171094728,78631.4371934549,78542.29732707562,78131.87277700666,0.9942208474354102,0.9947744773957933,0.9455882352941176
2024-08-11 00:00:00,88.0,290.0,687,693,649,54788.23709365944,54410.307221079274,54110.457437403806,53899.07943729091,0.993101988809494,0.9960935831977132,0.9446870451237264
2024-08-11 00:00:00,88.0,300.0,645,639,608,65316.414696682354,65057.76711452646,64854.95249596838,64685.43405711738,0.9960400829813301,0.9973861913034084,0.9426356589147287
2024-08-11 00:00:00,88.0,310.0,621,638,603,66714.59167578451,67503.91901362024,66432.23092799677,67074.46132518875,1.0118314047648174,1.0096674519012927,0.9710144927536232
2024-08-11 00:00:00,88.0,320.0,776,774,747,102044.84499839797,102690.7432455616,101638.24735094211,102305.61947149617,1.006329552925224,1.006566151404104,0.9626288659793815
2024-08-11 00:00:00,88.0,330.0,782,799,751,110984.26520765424,111108.92789747464,110404.41981285856,110466.77604758157,1.0011232465213618,1.0005647983552535,0.9603580562659847
2024-08-11 00:00:00,88.0,340.0,809,818,786,116167.38756892594,117938.43662379787,115634.78566712429,117517.89217880726,1.0152456648284451,1.0162849483468048,0.9715698393077874
2024-08-11 00:00:00,88.0,350.0,781,798,761,98753.67134621779,99096.3010517458,98368.82734396879,98643.15981607931,1.0034695389129058,1.0027888151106168,0.9743918053777209
2024-08-11 00:00:00,88.0,360.0,907,928,877,89172.11891380843,90084.34037661483,88793.65982656364,89422.7890621248,1.0102298955538795,1.0070852945670896,0.9669239250275634
2024-08-11 00:00:00,88.0,370.0,1052,1054,1009,106392.73059993885,106667.6104662398,105839.51769731392,106091.11933542507,1.0025836339076075,1.0023771994013682,0.9591254752851711
2024-08-11 00:00:00,88.0,380.0,973,973,937,140670.1050713783,137817.60226868058,140077.62079127436,137401.67885282804,0.9797220397237189,0.9808967205230188,0.9630010277492291
2024-08-11 00:00:00,88.0,390.0,977,973,941,109708.269786963,107080.6648904311,109217.80761478313,106606.55899839358,0.9760491629151173,0.9760913657450481,0.9631525076765609
2024-08-11 00:00:00,88.0,400.0,1094,1080,1056,94835.6125760249,93829.7868156941,94258.9725492161,93526.14854903422,0.9893940078731027,0.9922254191790681,0.9652650822669104
2024-08-11 00:00:00,88.0,410.0,1053,1062,1020,110824.93035833433,110384.74819526255,110374.0771873155,109862.9595328047,0.9960281304788686,0.9953692237567396,0.9686609686609686
2024-08-11 00:00:00,88.0,420.0,1114,1133,1085,126436.34188758969,127257.52282665127,126041.3768853492,126674.09063480108,1.0064948172875143,1.0050198892227862,0.973967684021544
2024-08-11 00:00:00,88.0,430.0,936,944,903,136533.27302878886,136787.87897813084,136036.42790966737,136303.01954990585,1.0018647904916798,1.001959707736633,0.9647435897435898
2024-08-11 00:00:00,88.0,440.0,1119,1117,1080,160469.21781202607,159615.27917365587,159924.67953892626,159190.876040713,0.9946784894323439,0.9954115681186364,0.9651474530831099
2024-08-11 00:00:00,88.0,450.0,1327,1349,1293,197465.4949111568,201588.76424130288,197039.8024026347,200890.82323200483,1.0208809611623602,1.0195443802846538,0.9743782969103241
2024-08-11 00:00:00,88.0,460.0,1357,1360,1325,213921.04726969518,218238.60530474636,213547.18024380715,217820.03366716838,1.0201829510941387,1.0200089433093096,0.976418570375829
2024-08-11 00:00:00,88.0,470.0,1326,1324,1281,262966.56891828513,267464.00961242954,262447.1232387243,266996.4311813038,1.017102708958955,1.017334188641273,0.9660633484162896
2024-08-11 00:00:00,88.0,480.0,1426,1420,1380,267766.32015467505,272329.8008244627,267164.08358575025,271859.16030552424,1.0170427732178997,1.0175737571336645,0.967741935483871
2024-08-11 00:00:00,88.0,490.0,1373,1372,1339,246173.71234948665,249015.23864840713,245604.00280071338,248495.77544782893,1.0115427690138028,1.0117741267004592,0.9752367079388201
2024-08-11 08:00:00,96.0,10.0,13,11,11,463.22524534829984,351.5761206995635,440.39716999902737,351.5761206995635,0.7589744389583362,0.7983160307327587,0.8461538461538461
2024-08-11 08:00:00,96.0,20.0,27,27,26,901.1029449413785,816.7053779468912,890.1604956514226,801.1796541993103,0.9063397057258782,0.9000395525449646,0.9629629629629629
2024-08-11 08:00:00,96.0,30.0,16,18,16,286.7014717534134,341.70723830364597,286.7014717534134,319.0389573352174,1.1918572870024957,1.1127914878986631,1.0
2024-08-11 08:00:00,96.0,40.0,43,45,42,3238.4426114227213,3298.0939723923925,3224.6134572885967,3264.148121439482,1.0184197678103875,1.0122602800845866,0.9767441860465116
2024-08-11 08:00:00,96.0,50.0,80,82,78,2709.753308296968,2747.430622109016,2689.231942638357,2705.2678373544245,1.013904333540874,1.0059630017261862,0.975
2024-08-11 08:00:00,96.0,60.0,168,158,154,4245.2199379325775,4002.482987250518,4081.1931971439662,3959.1628945065577,0.9428211131034421,0.9700993565502349,0.9166666666666666
2024-08-11 08:00:00,96.0,70.0,259,264,252,7196.3069079611705,7063.894814149513,7117.844529695594,6925.003293377003,0.9815999935098415,0.9729073548159054,0.972972972972973
2024-08-11 08:00:00,96.0,80.0,398,393,379,13904.01340267633,13700.409927678184,13659.916732911921,13518.86675630117,0.9853564960632909,0.9896741701015711,0.9522613065326633
2024-08-11 08:00:00,96.0,90.0,461,462,448,23907.482312277116,24260.85819532654,23737.9050656685,24099.44203182301,1.0147809743591425,1.0152303653230712,0.9718004338394793
2024-08-11 08:00:00,96.0,100.0,477,470,464,50599.471980042734,51393.60100666159,50439.56566608785,51327.404749385474,1.0156944133119032,1.0176020366466902,0.9727463312368972
2024-08-11 08:00:00,96.0,110.0,422,431,407,49509.15872856819,50428.46583202874,49281.94044500371,50071.35403025386,1.0185684250564753,1.0160183137701548,0.9644549763033176
2024-08-11 08:00:00,96.0,120.0,458,454,440,34048.901518290804,34158.94946946808,33755.27072182129,34000.21184170914,1.0032320558452719,1.0072563814376256,0.9606986899563319
2024-08-11 08:00:00,96.0,130.0,495,508,483,43798.83458457622,44020.70683634013,43633.459233839494,43682.16388681161,1.0050657113110044,1.001116222592188,0.9757575757575757
2024-08-11 08:00:00,96.0,140.0,657,661,641,51338.94898334934,51088.73864705779,51133.157718577844,50870.38898025668,0.9951263058312179,0.9948610891631733,0.9756468797564688
2024-08-11 08:00:00,96.0,150.0,641,639,613,61935.4475145772,63020.9858610162,61591.144270197066,62694.67088223065,1.017526931506929,1.0179169688290328,0.9563182527301092
2024-08-11 08:00:00,96.0,160.0,763,760,731,75713.69655374702,76043.3762907964,75226.1138091934,75674.7258290975,1.0043542945603685,1.0059635144923476,0.9580602883355177
2024-08-11 08:00:00,96.0,170.0,689,696,668,100202.32664986988,101219.90491040409,99926.99822824898,100877.98427236854,1.0101552358568466,1.0095168078795618,0.969521044992743
2024-08-11 08:00:00,96.0,180.0,747,734,716,146479.67835113744,148655.375226259,145918.5437324252,148405.6990721309,1.0148532335653144,1.0170448201858873,0.9585006693440429
2024-08-11 08:00:00,96.0,190.0,1057,1033,1007,160426.11363732326,163930.25776007038,159487.46019853043,163503.28769119264,1.0218427289878067,1.0251795814395896,0.9526963103122044
2024-08-11 08:00:00,96.0,200.0,998,1002,977,278634.17678186944,286028.7353800365,278069.4934621304,285732.43583683565,1.0265385915093825,1.0275576521512555,0.9789579158316634
2024-08-11 08:00:00,96.0,210.0,1038,1035,1010,307321.97912083275,309443.13041721104,306606.08880491427,309149.6272212713,1.0069020487973113,1.0082957857303851,0.9730250481695568
2024-08-11 08:00:00,96.0,220.0,1095,1091,1055,262700.23279159504,260968.10790154018,261903.06433679588,260289.14510013335,0.993406458488261,0.9938377229730039,0.9634703196347032
2024-08-11 08:00:00,96.0,230.0,916,898,875,268659.2747005894,273974.97293587914,267752.9819983008,273711.3447662616,1.0197860216856978,1.0222532078764992,0.9552401746724891
2024-08-11 08:00:00,96.0,240.0,881,874,851,358121.2340250447,358217.9695619176,357574.2467442923,357916.41849526507,1.0002701195228936,1.0009569250416892,0.9659477866061293
2024-08-11 08:00:00,96.0,250.0,1004,1008,971,326277.0426345159,324088.52858035103,325462.3963666498,323431.81259104237,0.9932924669278176,0.9937609266131014,0.9671314741035857
2024-08-11 08:00:00,96.0,260.0,931,945,908,267220.4920341974,271118.26657932997,266504.3309396676,270683.7288194877,1.0145863609316077,1.0156822887833903,0.9752953813104189
2024-08-11 08:00:00,96.0,270.0,799,793,765,139582.51761747504,140237.07829133893,138660.79069645208,139782.3743553139,1.004689417306956,1.0080886864500658,0.9574468085106383
2024-08-11 08:00:00,96.0,280.0,742,747,705,95988.20464407848,95304.62370879967,95430.6131870037,94718.82214148606,0.9928784902497811,0.9925412713829802,0.9501347708894878
2024-08-11 08:00:00,96.0,290.0,772,777,731,65565.62760972293,65442.69372748857,65006.976270796236,64901.37348193595,0.9981250254635536,0.9983755160612242,0.9468911917098446
2024-08-11 08:00:00,96.0,300.0,723,716,691,78012.60871288176,78902.04189946566,77580.9562006022,78610.83009972601,1.011401146574362,1.0132748286378535,0.9557399723374828
2024-08-11 08:00:00,96.0,310.0,700,698,667,79671.91065761939,81250.29749990714,79038.08283751755,80762.93718396012,1.0198110830938985,1.0218230792615306,0.9528571428571428
2024-08-11 08:00:00,96.0,320.0,859,856,821,123572.09986896755,124932.33118418246,122913.61201254054,124390.12765353807,1.011007592463487,1.0120126291695577,0.9557625145518044
2024-08-11 08:00:00,96.0,330.0,886,881,842,131763.33503387598,133491.56272112724,131018.1648668166,133006.01588186983,1.0131161501551773,1.0151723313868266,0.9503386004514672
2024-08-11 08:00:00,96.0,340.0,872,878,842,140306.71264664523,145107.7611127038,139732.96935834468,144635.26565190632,1.0342182378554456,1.0350833186761366,0.9655963302752294
2024-08-11 08:00:00,96.0,350.0,862,879,838,121206.2393922649,122552.93248175955,120824.50053390898,121998.85706675067,1.0111107571379745,1.0097195231732996,0.9721577726218097
2024-08-11 08:00:00,96.0,360.0,1017,1006,955,109011.51407603634,110465.91151100353,108009.04170441275,109837.09891419776,1.0133416864016103,1.0169250386906297,0.9390363815142576
2024-08-11 08:00:00,96.0,370.0,1181,1190,1135,126989.18035786207,128909.26590343361,126339.32197285867,128066.07439702196,1.0151200719633013,1.0136675771026715,0.9610499576629975
2024-08-11 08:00:00,96.0,380.0,1072,1064,1029,168843.82464840153,167451.116513996,167965.42385324318,167044.00393377,0.9917515009073877,0.9945142285933904,0.9598880597014925
2024-08-11 08:00:00,96.0,390.0,1046,1046,1008,131709.7056753518,128589.51449278016,131064.47825155276,127993.45151548636,0.9763100891724522,0.976568580770053,0.9636711281070746
2024-08-11 08:00:00,96.0,400.0,1151,1155,1115,114938.3899242205,114768.28800915796,114426.19935162298,114287.18365867643,0.9985200600497824,0.9987851060881663,0.9687228496959166
2024-08-11 08:00:00,96.0,410.0,1135,1144,1105,131491.75981303077,132306.2977641726,131045.39378622947,131721.1760900126,1.006194593123554,1.0051568565995193,0.973568281938326
2024-08-11 08:00:00,96.0,420.0,1202,1197,1158,155690.49679897478,157451.99784453417,154962.0126220299,156942.1854749781,1.0113141205261476,1.0127784404670714,0.9633943427620633
2024-08-11 08:00:00,96.0,430.0,1018,1020,986,165404.6006431966,166550.19486336887,164901.76958343945,166082.48746296187,1.006926011826258,1.0071601286178131,0.9685658153241651
2024-08-11 08:00:00,96.0,440.0,1205,1213,1171,197907.9015347978,198892.02491677908,197299.81083908066,198365.690217581,1.0049726331002922,1.0054023335043625,0.9717842323651452
2024-08-11 08:00:00,96.0,450.0,1429,1430,1381,240461.73574807803,247169.781719264,239815.37186015796,246510.3450925363,1.027896521458257,1.0279171980530186,0.966410076976907
2024-08-11 08:00:00,96.0,460.0,1440,1443,1408,264465.8499227461,270990.749438761,264079.8107388646,270583.13484213286,1.0246719926898722,1.0246263585431719,0.9777777777777777
2024-08-11 08:00:00,96.0,470.0,1410,1414,1368,324691.83776983665,335537.87354094774,324139.75464734435,334742.0485428149,1.033404091231882,1.0327090205488851,0.9702127659574468
2024-08-11 08:00:00,96.0,480.0,1509,1510,1481,328078.7862919716,337324.7957407242,327634.5610985134,337001.83399820246,1.0281822837534034,1.0285906128714928,0.9814446653412856
2024-08-11 08:00:00,96.0,490.0,1475,1471,1436,299522.12794561114,307178.25712811167,298986.05066234304,306650.44997553155,1.0255611471346477,1.0256346384595856,0.9735593220338983
2024-08-11 16:00:00,104.0,10.0,11,10,10,354.93507912427583,264.93013785949614,344.5592486731084,264.93013785949614,0.7464185803024963,0.7688957381923064,0.9090909090909091
2024-08-11 16:00:00,104.0,20.0,26,23,23,749.3082474516651,616.4050466630081,714.3946999440782,616.4050466630081,0.8226321393890301,0.8628354139682999,0.8846153846153846
2024-08-11 16:00:00,104.0,30.0,16,15,15,276.29081718084353,271.89225356878205,265.70073987110163,271.89225356878205,0.9840799500434267,1.0233025835783676,0.9375
2024-08-11 16:00:00,104.0,40.0,41,44,41,2889.586091812544,2981.942774798644,2889.586091812544,2941.644500529215,1.0319619073637525,1.0180158704612314,1.0
2024-08-11 16:00:00,104.0,50.0,76,81,76,2480.7808887182605,2592.1526664916087,2480.7808887182605,2537.072245214745,1.0448938389842606,1.022690982808066,1.0
2024-08-11 16:00:00,104.0,60.0,157,152,146,3653.5335165847055,3619.0973225531643,3526.407404849733,3551.7037896565553,0.9905745509449351,1.007173415292865,0.9299363057324841
2024-08-11 16:00:00,104.0,70.0,247,250,241,6139.7574539743455,6213.884193927672,6070.878628876908,6113.33258225949,1.0120732358743818,1.006993049273073,0.9757085020242915
2024-08-11 16:00:00,104.0,80.0,369,374,362,12037.959267450444,12160.883745662883,11945.98738492836,12012.533100366254,1.0102114050630504,1.005570549615836,0.981029810298103
2024-08-11 16:00:00,104.0,90.0,444,449,437,21496.138131619933,22136.128945009787,21411.032830989963,22003.92574997382,1.0297723623411432,1.027691000413848,0.9842342342342343
2024-08-11 16:00:00,104.0,100.0,461,443,440,43951.33066881363,44133.620060837224,43704.63092082828,44102.5306747093,1.004147528396744,1.0091042927373493,0.9544468546637744
2024-08-11 16:00:00,104.0,110.0,414,419,405,44243.50665336594,45075.30596437271,44098.352305703986,44915.208549495495,1.0188004833686366,1.018523509407535,0.9782608695652174
2024-08-11 16:00:00,104.0,120.0,443,451,434,29992.50882811907,29841.428334905584,29856.0719820884,29637.111357552323,0.9949627257233032,0.9926661275244969,0.9796839729119639
2024-08-11 16:00:00,104.0,130.0,478,485,466,38662.75609338634,38758.06445282033,38439.88931558426,38506.012839449395,1.0024651206759232,1.0017201798715463,0.9748953974895398
2024-08-11 16:00:00,104.0,140.0,633,634,615,45196.25268419187,45479.90296198585,44836.606985227874,45268.624055538356,1.0062759689343268,1.0096353649252008,0.9715639810426541
2024-08-11 16:00:00,104.0,150.0,615,618,594,55228.563666373426,56272.44139986438,54928.18670988682,56006.49375794175,1.0189010480119824,1.0196312150945417,0.9658536585365853
2024-08-11 16:00:00,104.0,160.0,734,724,703,68611.07115974888,68626.73570966118,68214.48543368769,68353.02459145046,1.0002283093624325,1.0020309345864296,0.9577656675749319
2024-08-11 16:00:00,104.0,170.0,677,659,644,90966.05110222788,91169.49481948152,90444.54747999035,90818.27901322456,1.0022364795963827,1.0041321621219554,0.9512555391432792
2024-08-11 16:00:00,104.0,180.0,729,719,701,132379.2724705394,133865.80442072568,132007.6498737979,133656.60786165475,1.0112293406848651,1.0124913820481865,0.9615912208504801
2024-08-11 16:00:00,104.0,190.0,1009,1004,977,145809.61285750166,148895.2274140583,145194.5386782505,148559.3819243404,1.0211619419055187,1.023174723214255,0.9682854311199207
2024-08-11 16:00:00,104.0,200.0,977,976,959,250686.00141921136,255154.3289774913,250248.39154338138,254900.89451811227,1.0178243999783927,1.018591539973692,0.9815762538382804
2024-08-11 16:00:00,104.0,210.0,1018,1015,992,277009.8887495742,276768.5597855979,276231.50141210866,276280.71830194886,0.9991288074044372,1.0001781726182155,0.9744597249508841
2024-08-11 16:00:00,104.0,220.0,1042,1052,1012,230791.5802503426,228824.57723275505,230370.34420635988,228246.66820017717,0.9914771456763981,0.9907814696657293,0.9712092130518234
2024-08-11 16:00:00,104.0,230.0,881,879,850,242120.31974602767,244225.56718182575,241532.37145542842,243747.43535506958,1.008695046487657,1.0091708779502044,0.9648127128263337
2024-08-11 16:00:00,104.0,240.0,851,833,815,318145.76596869144,314324.70922454546,317570.77827748115,314086.34286246065,0.9879896036569539,0.9890278462208637,0.9576968272620446
2024-08-11 16:00:00,104.0,250.0,972,966,935,294106.8001458412,286912.21725408034,293389.1393471968,286504.4532384621,0.9755375160037333,0.9765339435397867,0.9619341563786008
2024-08-11 16:00:00,104.0,260.0,918,902,876,244166.03992706188,244725.89000887424,243013.6149802015,244438.17443141213,1.0022929072445113,1.0058620561293519,0.954248366013072
2024-08-11 16:00:00,104.0,270.0,763,756,733,128101.2528784694,127632.2990928764,127281.3959825242,127295.37895078413,0.9963391943868192,1.0001098586965673,0.9606815203145478
2024-08-11 16:00:00,104.0,280.0,713,729,686,86148.70147502235,85220.75654913067,85724.50599066868,84707.55199911332,0.9892285674652831,0.9881369512742826,0.9621318373071529
2024-08-11 16:00:00,104.0,290.0,743,733,706,59373.714058079175,59033.96718003739,58901.943718700924,58712.95028795002,0.9942778233864662,0.9967913888945078,0.9502018842530283
2024-08-11 16:00:00,104.0,300.0,678,685,651,71639.70370774675,72483.11420785578,71260.88690764754,72094.5232311215,1.0117729479109756,1.0116983714299588,0.9601769911504425
2024-08-11 16:00:00,104.0,310.0,665,660,632,71752.83493217414,72484.02656417168,71227.0791731556,72033.24635214703,1.0101904215030488,1.0113182681130533,0.9503759398496241
2024-08-11 16:00:00,104.0,320.0,818,829,799,108418.21781471568,108969.97530540245,108135.85611678821,108605.92117081054,1.0050891584625539,1.0043469860128047,0.9767726161369193
2024-08-11 16:00:00,104.0,330.0,843,844,812,118034.05737071819,118602.0905732172,117467.1427017038,118252.78683904815,1.0048124517207346,1.0066882033501012,0.963226571767497
2024-08-11 16:00:00,104.0,340.0,843,849,824,126636.57475123517,129237.82008415987,126269.07361102497,128866.29229714791,1.0205410272508917,1.0205689216832599,0.9774614472123369
2024-08-11 16:00:00,104.0,350.0,846,854,820,107711.43493987138,107840.66692878192,107220.6945939675,107433.62021333327,1.0011997982292473,1.0019858630852196,0.9692671394799054
2024-08-11 16:00:00,104.0,360.0,962,960,916,100413.88137987736,101617.84059825481,99650.14443250152,100996.86682355039,1.0119899679390216,1.013514505159208,0.9521829521829522
2024-08-11 16:00:00,104.0,370.0,1132,1131,1087,116738.0861516743,118160.74089821991,116096.87275878432,117561.42749627982,1.012186723231844,1.0126149370150428,0.9602473498233216
2024-08-11 16:00:00,104.0,380.0,1020,1032,988,151571.8029481204,149032.50320972712,150977.83061169414,148460.90206876904,0.9832468857069515,0.9833291514871578,0.9686274509803922
2024-08-11 16:00:00,104.0,390.0,1020,1012,979,118341.98616144939,115270.01430127805,117687.27893985546,114796.30140556586,0.9740415725659668,0.9754350889889548,0.9598039215686275
2024-08-11 16:00:00,104.0,400.0,1111,1126,1086,103437.7505701115,103049.69920997982,103017.8507571691,102533.566069746,0.9962484551530473,0.9952990216368943,0.9774977497749775
2024-08-11 16:00:00,104.0,410.0,1093,1097,1056,121423.88941870887,121792.45294599026,120883.18243559591,121226.70813682859,1.0030353460842492,1.002841798952602,0.9661482159194876
2024-08-11 16:00:00,104.0,420.0,1165,1162,1132,139929.43338543072,140715.93386608816,139471.46140386874,140346.43015588477,1.0056206936712955,1.0062734608443111,0.9716738197424892
2024-08-11 16:00:00,104.0,430.0,982,972,952,151724.81237335954,152143.9269249618,151317.74733614913,151916.23855346174,1.002762333629195,1.003955195129776,0.9694501018329938
2024-08-11 16:00:00,104.0,440.0,1149,1157,1120,176840.97218745714,177681.64895624225,176345.4546230767,177231.5057962579,1.004753857425608,1.0050245194869076,0.9747606614447345
2024-08-11 16:00:00,104.0,450.0,1389,1401,1363,220590.45464804312,230590.26687578775,220296.51779271025,230109.8025317386,1.045332026010371,1.0445458005299122,0.9812814974802015
2024-08-11 16:00:00,104.0,460.0,1407,1420,1385,241878.5899277729,247012.65953752655,241631.69310655884,246611.55172728232,1.0212258125503655,1.0206092940735525,0.984363894811656
2024-08-11 16:00:00,104.0,470.0,1382,1364,1341,299342.48332765687,305149.3681948197,298852.0962878441,304861.11153687217,1.0193987996712337,1.0201069871139212,0.9703328509406657
2024-08-11 16:00:00,104.0,480.0,1487,1475,1445,300509.956648677,306493.8314843091,300013.23565115547,306165.1178006722,1.0199124012474161,1.0205053691586792,0.9717552118359112
2024-08-11 16:00:00,104.0,490.0,1438,1437,1408,272643.36908577394,277675.81451664167,272175.48875595926,277332.953977018,1.0184579784490724,1.0189490436652915,0.9791376912378303
2024-08-12 00:00:00,112.0,10.0,10,10,10,309.17446055391673,245.92233057373414,309.17446055391673,245.92233057373414,0.7954160577595571,0.7954160577595571,1.0
2024-08-12 00:00:00,112.0,20.0,24,22,21,684.0983979846744,579.1161973023743,647.7654408453083,568.4790244756277,0.8465393268109188,0.8776001136056056,0.875
2024-08-12 00:00:00,112.0,30.0,12,13,11,199.49602858022126,217.34998620651248,189.37056707165203,196.18506085811487,1.0894953035073167,1.035984967948501,0.9166666666666666
2024-08-12 00:00:00,112.0,40.0,42,43,41,2907.388123632503,3147.8337137655926,2896.528614174334,3114.4908792985398,1.08270157953066,1.0752494776186896,0.9761904761904762
2024-08-12 00:00:00,112.0,50.0,67,70,66,2142.405571548051,2254.0921947930337,2130.3913382872533,2211.0101747672793,1.0521314100038868,1.0378422663625924,0.9850746268656716
2024-08-12 00:00:00,112.0,60.0,138,130,123,3076.356148608097,3045.5660343234013,2900.203762145603,2968.6969712693763,0.9899913687501277,1.0236166885988387,0.8913043478260869
2024-08-12 00:00:00,112.0,70.0,228,220,213,5745.474239646936,5719.005261944487,5570.448271875333,5640.600572683126,0.9953930734699323,1.0125936544751677,0.9342105263157895
2024-08-12 00:00:00,112.0,80.0,355,355,338,10857.090971913532,11082.417087892107,10657.013951813371,10895.210013646532,1.0207538203890412,1.0223511072529496,0.952112676056338
2024-08-12 00:00:00,112.0,90.0,420,423,408,19132.260147478883,19828.19743938185,18995.729176183424,19627.796051344,1.0363750694658347,1.0332741570117274,0.9714285714285714
2024-08-12 00:00:00,112.0,100.0,433,427,414,45799.549613806346,47800.32462988474,45572.12765960384,47648.66274608076,1.0436854736116281,1.0455659016403047,0.9561200923787528
2024-08-12 00:00:00,112.0,110.0,391,394,380,42304.66590413847,43528.8371345402,42136.9525460461,43298.19044128539,1.0289370263123145,1.0275586587323875,0.9718670076726342
2024-08-12 00:00:00,112.0,120.0,418,420,405,31353.017463837143,32165.8348241574,31196.591108683337,31987.21988468238,1.025924693253457,1.025343434904302,0.9688995215311005
2024-08-12 00:00:00,112.0,130.0,448,446,429,37293.207951480545,38018.49559405346,37051.364400147315,37806.03943998599,1.0194482502957785,1.0203683468087257,0.9575892857142857
2024-08-12 00:00:00,112.0,140.0,577,584,567,43765.53026146891,44541.95984258642,43648.702237791,44345.49981712552,1.0177406643191313,1.0159637639519836,0.9826689774696707
2024-08-12 00:00:00,112.0,150.0,579,570,551,53039.4434868879,54726.859824471096,52689.18973770424,54494.568218336084,1.03181436732081,1.0342646848360988,0.9516407599309153
2024-08-12 00:00:00,112.0,160.0,678,678,654,61622.01257736167,62591.80172046351,61322.55597538781,62314.44754564684,1.0157377064224307,1.016174987400348,0.9646017699115044
2024-08-12 00:00:00,112.0,170.0,615,613,591,84986.05409026286,86334.21543923269,84532.79060187475,86068.87755527848,1.0158633244407131,1.0181714922986307,0.9609756097560975
2024-08-12 00:00:00,112.0,180.0,671,666,641,124140.28927744784,127195.33113955699,123691.51334219179,126863.24489514786,1.024609591937403,1.025642273000424,0.9552906110283159
2024-08-12 00:00:00,112.0,190.0,950,949,922,144682.01583096973,149927.93749628187,144095.84462968342,149586.8527668402,1.0362582843153145,1.0381066376429404,0.9705263157894737
2024-08-12 00:00:00,112.0,200.0,941,934,914,242130.92289085462,251314.36536493574,241601.6893561909,251079.15989330347,1.0379275904309866,1.0392276666705753,0.971307120085016
2024-08-12 00:00:00,112.0,210.0,970,978,948,269743.71332209243,275134.18118790025,268976.32066445134,274739.0693871199,1.0199836644918254,1.0214247436667765,0.977319587628866
2024-08-12 00:00:00,112.0,220.0,995,979,949,232388.12745370762,234923.49731712602,231547.2100861309,234569.5639405246,1.0109100662378867,1.0130528623224155,0.9537688442211055
2024-08-12 00:00:00,112.0,230.0,809,795,771,229340.85408091798,235037.49196010735,228836.98294804033,234709.9466660056,1.0248391761773916,1.0256643993567192,0.9530284301606922
2024-08-12 00:00:00,112.0,240.0,770,756,737,306204.36001477204,310972.86153766664,305743.70693474857,310747.05514408817,1.0155729380295713,1.016364517391056,0.9571428571428572
2024-08-12 00:00:00,112.0,250.0,912,905,876,281314.2732614575,283190.84722389805,280414.89323151903,282587.80147204275,1.0066707385326887,1.007748904544559,0.9605263157894737
2024-08-12 00:00:00,112.0,260.0,854,854,826,228345.91361794656,233395.44532506051,227889.59422852774,233078.3190547694,1.0221135190339448,1.0227685903948665,0.9672131147540983
2024-08-12 00:00:00,112.0,270.0,710,713,681,120159.89391330039,121952.59134969328,119695.54248678527,121520.61606297808,1.0149192661378879,1.0152476319357866,0.9591549295774648
2024-08-12 00:00:00,112.0,280.0,644,641,612,81209.54761602604,81738.43432258593,80725.61383667425,81363.90005939643,1.0065126173225416,1.0079068611855162,0.9503105590062112
2024-08-12 00:00:00,112.0,290.0,657,666,625,54971.728254686546,55572.32762825113,54543.51013926983,55054.729811661,1.010925604717792,1.0093726947731425,0.9512937595129376
2024-08-12 00:00:00,112.0,300.0,608,615,577,68157.17290458563,69944.08967999989,67735.84831180373,69485.67083169261,1.0262175894225511,1.025833034700238,0.9490131578947368
2024-08-12 00:00:00,112.0,310.0,626,631,595,69341.67403902837,71664.66274015364,68826.21557685637,71099.71891855486,1.0335006146493926,1.0330325199873838,0.950479233226837
2024-08-12 00:00:00,112.0,320.0,749,746,721,106438.12039553393,108561.40030851058,106030.10969953814,108229.928573048,1.0199484912462409,1.0207471149444585,0.9626168224299065
2024-08-12 00:00:00,112.0,330.0,772,753,729,113988.88938969502,116367.13808334025,113307.06893151662,116020.69780691793,1.0208638640693717,1.023949334326541,0.944300518134715
2024-08-12 00:00:00,112.0,340.0,788,793,770,120304.93252479272,124306.03686442884,119816.8458031646,124036.30884183847,1.0332580240532663,1.0352159415513709,0.9771573604060914
2024-08-12 00:00:00,112.0,350.0,758,757,727,106757.33252664932,109040.0984981772,106328.35049778727,108650.2593685748,1.0213827558023525,1.0218371568816527,0.9591029023746702
2024-08-12 00:00:00,112.0,360.0,857,863,827,90416.0512117939,92883.18849702037,90011.0862299299,92444.17532276906,1.0272864967244295,1.0270309935669917,0.9649941656942824
2024-08-12 00:00:00,112.0,370.0,1019,1035,981,107085.12808753495,109759.55809159682,106602.85967737263,109108.94416984574,1.0249748032413586,1.0235086047415392,0.9627085377821394
2024-08-12 00:00:00,112.0,380.0,947,957,923,147384.83632719718,147614.48753110657,146912.78105984387,147186.59360774566,1.0015581738911021,1.00186377622101,0.9746568109820486
2024-08-12 00:00:00,112.0,390.0,946,957,916,113267.75904642775,112819.91812535639,112775.47094849977,112290.39053746065,0.9960461747911178,0.9956987064034463,0.9682875264270613
2024-08-12 00:00:00,112.0,400.0,1057,1056,1022,94954.87405179089,96080.18922783654,94538.65268757165,95692.27782202243,1.0118510522738609,1.0122026822009325,0.9668874172185431
2024-08-12 00:00:00,112.0,410.0,1011,1012,972,109986.79230353498,111845.02948835702,109422.181265034,111381.68747544725,1.0168950939099468,1.0179077604536788,0.9614243323442137
2024-08-12 00:00:00,112.0,420.0,1090,1088,1053,131913.20497193764,134750.77559379057,131352.2716562295,134314.81518612988,1.021510891365702,1.022554185721689,0.9660550458715597
2024-08-12 00:00:00,112.0,430.0,919,924,888,142461.32481628907,144976.8802317699,142058.22309773776,144423.46070612274,1.0176578128746505,1.0166497761045319,0.9662676822633297
2024-08-12 00:00:00,112.0,440.0,1061,1063,1019,176119.72019185944,179272.8057377082,175372.42680702626,178733.31388549955,1.0179030806000253,1.0191642844868167,0.9604147031102733
2024-08-12 00:00:00,112.0,450.0,1275,1266,1227,206095.2923039525,212554.03289771377,205522.39276648054,212055.16119324364,1.0313386129375328,1.0317861637305177,0.9623529411764706
2024-08-12 00:00:00,112.0,460.0,1323,1311,1285,227864.7996991895,235998.5361539578,227196.82174127732,235677.9993552008,1.0356954495187756,1.037329649019393,0.9712773998488284
2024-08-12 00:00:00,112.0,470.0,1261,1263,1221,280085.30865877925,290818.8240843339,279567.3095332779,290341.17793773784,1.0383223078602493,1.038537654572154,0.9682791435368755
2024-08-12 00:00:00,112.0,480.0,1365,1361,1321,281720.32547389006,291828.55918251775,281170.72011434264,291316.0781600783,1.0358803848874742,1.0360825552589896,0.9677655677655678
2024-08-12 00:00:00,112.0,490.0,1323,1326,1286,262857.15311305085,271215.3859879739,262179.6200222116,270726.4289348008,1.0317976238269928,1.032599059041527,0.9720332577475435
2024-08-12 08:00:00,120.0,10.0,11,9,9,323.9294500333555,239.5316106078301,299.6682155922473,239.5316106078301,0.7394561086778777,0.7993227114007849,0.8181818181818182
2024-08-12 08:00:00,120.0,20.0,24,22,21,681.4973335693569,588.7801004163716,642.8434289714118,576.7992199156893,0.863950702980191,0.8972623720189578,0.875
2024-08-12 08:00:00,120.0,30.0,12,14,12,219.02326917573157,255.03458270514957,219.02326917573157,233.66871314964914,1.164417751889753,1.0668670686408526,1.0
2024-08-12 08:00:00,120.0,40.0,43,45,42,3419.8495474219876,3681.6452214030305,3407.325185674559,3633.2209736674854,1.0765518103503688,1.0662971027663168,0.9767441860465116
2024-08-12 08:00:00,120.0,50.0,70,73,67,2382.2876895209856,2498.2355179886727,2350.8616801677736,2434.620018016776,1.0486707919357132,1.0356287818018393,0.9571428571428572
2024-08-12 08:00:00,120.0,60.0,140,135,129,3374.076574139337,3257.026272241401,3241.0852875451897,3192.5808238898517,0.9653089373267133,0.985034499449388,0.9214285714285714
2024-08-12 08:00:00,120.0,70.0,235,231,223,6555.053911452028,6526.020614963998,6410.622521321885,6420.874630188742,0.9955708531340517,1.0015992376454483,0.948936170212766
2024-08-12 08:00:00,120.0,80.0,368,364,353,12347.103391578314,12374.341571291747,12153.646154987477,12242.46688021092,1.0022060380357722,1.0073081546139135,0.9592391304347826
2024-08-12 08:00:00,120.0,90.0,437,436,426,21487.346575800097,21589.33476713588,21368.370054875435,21438.67201723264,1.0047464302293445,1.0032900011641817,0.9748283752860412
2024-08-12 08:00:00,120.0,100.0,447,435,430,55523.3166365621,57102.73678761601,55310.58881757912,57047.73088075145,1.0284460699887994,1.0314070433945592,0.9619686800894854
2024-08-12 08:00:00,120.0,110.0,407,407,390,49250.81834282513,49607.763645202605,48981.70781972021,49349.471883070946,1.0072474999276733,1.007508191929614,0.9582309582309583
2024-08-12 08:00:00,120.0,120.0,430,433,411,37139.019720679345,37642.22173390853,36840.67277731838,37259.99460150028,1.01354914634295,1.0113820349241847,0.9558139534883721
2024-08-12 08:00:00,120.0,130.0,463,459,448,43583.615231779295,44129.89978295946,43384.30546819993,43987.25218833714,1.0125341724929198,1.0138978073667484,0.9676025917926566
2024-08-12 08:00:00,120.0,140.0,606,586,577,49886.2880394542,50083.384985639466,49551.598679445015,49973.917473861686,1.0039509242706008,1.0085228086615066,0.9521452145214522
2024-08-12 08:00:00,120.0,150.0,596,569,556,60969.14557128735,62111.00558068452,60399.58057578379,61963.69651947101,1.0187284896105697,1.0258961391581969,0.9328859060402684
2024-08-12 08:00:00,120.0,160.0,695,689,665,69663.12737532023,70132.760766744,69253.90702781803,69829.56993285954,1.0067414916487105,1.0083123527573725,0.9568345323741008
2024-08-12 08:00:00,120.0,170.0,638,631,607,95332.88388530437,95616.059763296,94678.59716336588,95292.40244788065,1.0029703903464446,1.0064830416050172,0.95141065830721
2024-08-12 08:00:00,120.0,180.0,706,685,664,140708.7495616988,142890.98798667465,139943.52418699907,142622.20833847206,1.0155089035456106,1.0191411797511516,0.9405099150141643
2024-08-12 08:00:00,120.0,190.0,981,964,933,164345.63062186522,169160.8025055541,162906.10992746902,168695.3925516063,1.0292990562965916,1.0355375413894226,0.9510703363914373
2024-08-12 08:00:00,120.0,200.0,956,956,933,279371.593247689,287874.9003511915,279045.07162439614,287615.9446248154,1.0304372645931956,1.0307150129924385,0.9759414225941423
2024-08-12 08:00:00,120.0,210.0,993,990,963,311013.7835231895,314213.6518507734,310224.6425586266,313696.57681543677,1.0102885096966945,1.0111916778376304,0.9697885196374623
2024-08-12 08:00:00,120.0,220.0,1028,1003,978,270858.9423421005,271684.8566026836,270073.34252274106,271229.9527667727,1.0030492412524448,1.004282578329382,0.9513618677042801
2024-08-12 08:00:00,120.0,230.0,832,802,781,260407.87884106045,264960.8742444973,259579.86186796214,264486.0099435211,1.0174840923542707,1.0189003416530613,0.9387019230769231
2024-08-12 08:00:00,120.0,240.0,795,776,761,359418.51917761937,362105.2619248929,358994.19120122073,361925.6314175251,1.0074752485025564,1.0081657037583132,0.9572327044025157
2024-08-12 08:00:00,120.0,250.0,945,930,907,323559.707232688,322180.9739546799,322757.59994168166,321827.42029067356,0.995738859792525,0.9971180240180985,0.9597883597883597
2024-08-12 08:00:00,120.0,260.0,881,870,844,261096.5839582077,264519.42237573105,260358.3518051674,264220.60248914285,1.0131094722329697,1.0148343644718787,0.9580022701475596
2024-08-12 08:00:00,120.0,270.0,732,722,696,136290.4668137518,136761.52027256996,135485.92316242805,136431.06071391507,1.0034562465727108,1.0069759095958177,0.9508196721311475
2024-08-12 08:00:00,120.0,280.0,688,686,652,95740.18905037965,95391.78351005177,95228.52654911017,94978.47723822737,0.9963609269651166,0.9973742184202141,0.9476744186046512
2024-08-12 08:00:00,120.0,290.0,701,696,657,63725.167769680964,63737.47345823532,63093.550216275675,63157.08677164894,1.0001931056282007,1.0010070214016404,0.9372325249643366
2024-08-12 08:00:00,120.0,300.0,640,635,610,78285.4541567426,79872.48221192707,77901.73547322929,79557.77158475744,1.020272323540551,1.0212580130785052,0.953125
2024-08-12 08:00:00,120.0,310.0,654,644,620,78673.36846818047,80431.81407640057,78034.90444165844,80096.13743155808,1.0223512179846639,1.0264142437880563,0.9480122324159022
2024-08-12 08:00:00,120.0,320.0,777,764,739,121686.12007622936,122794.9054550305,121048.71254883255,122470.57577332068,1.0091118475805338,1.0117462069157863,0.9510939510939511
2024-08-12 08:00:00,120.0,330.0,806,782,756,130430.04553736554,131861.6959235103,129581.10190384701,131511.04386798944,1.0109763849291504,1.0148936992801196,0.9379652605459057
2024-08-12 08:00:00,120.0,340.0,806,807,786,139330.71037158289,142783.16577030573,139030.85013862886,142542.6744785728,1.0247788544931369,1.0252593171691193,0.9751861042183623
2024-08-12 08:00:00,120.0,350.0,779,789,752,127410.38911028337,128769.0040317876,127051.25803609431,128346.39501444563,1.0106632977969185,1.010193814672684,0.9653401797175867
2024-08-12 08:00:00,120.0,360.0,890,888,853,105254.86748046009,107492.35733120865,104740.7038805942,107003.90625639132,1.0212578278260047,1.0216076681934199,0.9584269662921349
2024-08-12 08:00:00,120.0,370.0,1076,1066,1016,120371.4628242596,122394.60630530464,119607.0265365557,121771.78204443351,1.0168075009938096,1.0180988991245945,0.9442379182156134
2024-08-12 08:00:00,120.0,380.0,979,962,936,171057.37967287394,169460.7073595067,170353.05778101995,169132.7729037928,0.9906658671118388,0.992836730416687,0.9560776302349336
2024-08-12 08:00:00,120.0,390.0,982,968,939,131926.1530182478,129797.06942364044,131343.66698380854,129407.12859080783,0.9838615502241403,0.9852559439105698,0.9562118126272913
2024-08-12 08:00:00,120.0,400.0,1084,1079,1043,109350.44543398824,109675.88639101162,108789.64953488232,109178.31747481435,1.0029761283160008,1.0035726555016375,0.9621771217712177
2024-08-12 08:00:00,120.0,410.0,1050,1039,1004,123395.11842673829,123959.54138673186,122648.67356587402,123512.10558156509,1.0045741109307227,1.0070398805840108,0.9561904761904761
2024-08-12 08:00:00,120.0,420.0,1125,1116,1086,154409.8994485826,157356.73800394707,153823.10888593947,156829.95743198338,1.019084518323553,1.0195474436046765,0.9653333333333334
2024-08-12 08:00:00,120.0,430.0,955,950,913,164205.95880061947,165778.23267410707,163622.60795926116,165198.217681641,1.0095750110712893,1.009629535563766,0.956020942408377
2024-08-12 08:00:00,120.0,440.0,1106,1090,1044,210502.54112175276,213086.79253110057,209581.62859417187,212508.86998924357,1.0122765805846168,1.0139670705619905,0.9439421338155516
2024-08-12 08:00:00,120.0,450.0,1312,1297,1264,238981.05448680161,243431.7617016092,238337.6452643783,242996.7540722313,1.0186236822176773,1.019548354615507,0.9634146341463414
2024-08-12 08:00:00,120.0,460.0,1361,1356,1332,266246.12298599165,273327.086448526,265881.51221479557,273044.67478998523,1.0265955552070403,1.0269411833696915,0.9786921381337252
2024-08-12 08:00:00,120.0,470.0,1292,1268,1233,324952.99310169776,334030.3475747898,324253.2439614193,333608.93998156104,1.0279343617870635,1.0288530529589857,0.9543343653250774
2024-08-12 08:00:00,120.0,480.0,1405,1403,1368,326641.5817400593,335601.1835250991,326152.78187053313,335135.9395549457,1.0274294587275477,1.027542790323274,0.9736654804270463
2024-08-12 08:00:00,120.0,490.0,1366,1351,1318,302451.7134805756,311191.78810455377,301263.5696954544,310728.6176405581,1.0288974214210873,1.0314178310861546,0.9648609077598829
2024-08-12 16:00:00,128.0,10.0,11,11,11,303.4503361345814,242.63204878120376,303.4503361345814,242.63204878120376,0.799577459270289,0.799577459270289,1.0
2024-08-12 16:00:00,128.0,20.0,26,27,25,678.9688649045361,632.5297507234881,667.9794302016163,606.4930827823848,0.9316034702304392,0.907951735279224,0.9615384615384616
2024-08-12 16:00:00,128.0,30.0,16,15,14,272.6510901511743,293.69999242810593,251.9019486057623,283.3560244294612,1.0772008733405791,1.1248663458055495,0.875
2024-08-12 16:00:00,128.0,40.0,42,44,42,2910.590143835481,3086.853509050856,2910.590143835481,3065.6736963000126,1.0605593218229967,1.0532825113810658,1.0
2024-08-12 16:00:00,128.0,50.0,75,78,74,2457.79591809344,2520.273400563761,2446.5209794859975,2469.475901461348,1.0254201262238185,1.009382679391604,0.9866666666666667
2024-08-12 16:00:00,128.0,60.0,154,146,143,3545.6969506408623,3493.3534157065687,3421.9387143515855,3458.9618829709225,0.9852374481905926,1.0108193546728532,0.9285714285714286
2024-08-12 16:00:00,128.0,70.0,249,241,236,6103.347962339597,6123.237806235922,5935.470268052473,6065.957656662507,1.0032588415438632,1.0219843386820382,0.9477911646586346
2024-08-12 16:00:00,128.0,80.0,364,378,359,11906.848405429639,12305.02219350386,11843.36966132707,12080.737514329156,1.0334407371721177,1.020042256535923,0.9862637362637363
2024-08-12 16:00:00,128.0,90.0,443,453,438,21436.249366170116,22284.423536488946,21374.538690688263,22118.113573208808,1.039567284175066,1.034787879789166,0.9887133182844243
2024-08-12 16:00:00,128.0,100.0,450,449,439,44670.49236194458,45784.261524696645,44546.794054170095,45665.12100484404,1.0249329950009884,1.0251045439838842,0.9755555555555555
2024-08-12 16:00:00,128.0,110.0,409,413,397,44803.89414585497,46061.266521724625,44639.266273787696,45878.05664870559,1.0280639082794099,1.0277511365737952,0.9706601466992665
2024-08-12 16:00:00,128.0,120.0,439,441,425,30285.00274369526,30641.121851700016,30087.49478886918,30403.112528305443,1.011758926060487,1.0104899973112094,0.9681093394077449
2024-08-12 16:00:00,128.0,130.0,486,480,468,38644.53271857151,38884.48339630923,38281.423875249966,38734.12751126317,1.0062091752922764,1.0118256739218598,0.9629629629629629
2024-08-12 16:00:00,128.0,140.0,638,638,623,45326.69657380469,45936.704287205415,45137.68945810861,45766.98068332541,1.0134580227440015,1.0139415914454557,0.9764890282131662
2024-08-12 16:00:00,128.0,150.0,618,614,597,55392.74331498754,56663.194762951025,55104.3712941214,56465.00546764962,1.0229353408394875,1.0246919462389978,0.9660194174757282
2024-08-12 16:00:00,128.0,160.0,728,730,709,68377.25233145649,69128.2914976161,68104.9868266149,68850.16042281548,1.0109837576175038,1.010941542329311,0.9739010989010989
2024-08-12 16:00:00,128.0,170.0,670,659,640,90979.44555081938,91487.45611988043,90524.28476863977,91270.69884764445,1.0055837949548427,1.0082454567955146,0.9552238805970149
2024-08-12 16:00:00,128.0,180.0,721,713,694,132951.15699576214,135262.70178447643,132618.39594175125,135018.3805301999,1.0173864210056327,1.0180969206527184,0.9625520110957004
2024-08-12 16:00:00,128.0,190.0,1008,1007,981,147078.05106514395,151283.21572042047,146757.88321531226,150982.28856173076,1.0285913814115877,1.0287848615274777,0.9732142857142857
2024-08-12 16:00:00,128.0,200.0,979,969,958,252618.61891395418,258772.52010769607,252049.09186237463,258635.6660890886,1.0243604419191208,1.0261321085430073,0.9785495403472931
2024-08-12 16:00:00,128.0,210.0,1022,1008,993,278427.3730933564,279569.63642966136,277768.4069831129,279398.26788547134,1.0041025540111748,1.0058676971944385,0.9716242661448141
2024-08-12 16:00:00,128.0,220.0,1044,1053,1007,231059.19716023066,231089.6388136043,230280.22520513367,230404.23372070942,1.000131748286793,1.000538511352702,0.9645593869731801
2024-08-12 16:00:00,128.0,230.0,872,864,841,243419.59817675012,248258.2875223778,242927.8576158673,247928.030001601,1.0198779777054525,1.0205829518063765,0.9644495412844036
2024-08-12 16:00:00,128.0,240.0,831,827,800,318196.91248800745,319006.27800021524,317605.671658604,318664.17894301796,1.0025435995147762,1.0033327719838447,0.9626955475330926
2024-08-12 16:00:00,128.0,250.0,963,971,939,291225.27183441713,288449.2780752952,290530.53899240773,288034.84462057124,0.9904678816448997,0.9914098725025884,0.9750778816199377
2024-08-12 16:00:00,128.0,260.0,911,900,876,245151.52260581605,246840.95549936965,244150.74723407812,246411.28810336388,1.0068913824217607,1.0092587915248872,0.9615806805708014
2024-08-12 16:00:00,128.0,270.0,760,755,731,128380.33936736269,128451.12084583801,127802.00673741246,128190.0520296751,1.0005513420421237,1.003036300463262,0.9618421052631579
2024-08-12 16:00:00,128.0,280.0,720,719,684,86222.09968051506,85883.51644752269,85760.85102366896,85452.17161202693,0.9960731270260531,0.996400695562631,0.95
2024-08-12 16:00:00,128.0,290.0,741,738,707,59448.53969270762,59105.7331530458,58945.22873595912,58756.79134793269,0.9942335582768929,0.9968031782712978,0.9541160593792173
2024-08-12 16:00:00,128.0,300.0,682,693,654,72261.18644667532,73457.08641027776,71872.61052567766,72882.45235731492,1.0165496862480239,1.0140504404146622,0.9589442815249267
2024-08-12 16:00:00,128.0,310.0,665,661,635,72196.93033081011,73795.82659572267,71682.81206249505,73299.73470851696,1.0221463192075666,1.022556629678705,0.9548872180451128
2024-08-12 16:00:00,128.0,320.0,820,823,792,107984.70707242656,109219.85001939727,107521.88324608098,108768.67505132094,1.0114381284207428,1.0115957028243867,0.9658536585365853
2024-08-12 16:00:00,128.0,330.0,837,843,802,118903.77438753167,119901.19547998469,118301.69874042654,119431.61718514576,1.0083884729277157,1.0095511599304965,0.9581839904420549
2024-08-12 16:00:00,128.0,340.0,833,851,819,127016.67754896962,130853.95312054043,126825.94314658211,130474.4270875525,1.0302108010193496,1.0287676468272233,0.9831932773109243
2024-08-12 16:00:00,128.0,350.0,828,842,803,108503.21714341748,109913.50102702103,107987.5974942738,109427.0277050728,1.0129976227501114,1.0133295882508668,0.9698067632850241
2024-08-12 16:00:00,128.0,360.0,955,972,929,101140.72168900594,103387.40124340134,100557.19824320407,102817.25864580054,1.0222134024444045,1.0224753716499775,0.9727748691099476
2024-08-12 16:00:00,128.0,370.0,1120,1130,1084,117489.74898996556,119368.13785191867,117058.40315028289,118745.88224461582,1.0159876829944843,1.014415702323963,0.9678571428571429
2024-08-12 16:00:00,128.0,380.0,1011,1020,986,152760.6111527825,151237.7849260905,152288.45992112183,150847.57213587643,0.990031290034779,0.9905384309093958,0.9752720079129574
2024-08-12 16:00:00,128.0,390.0,1008,1026,983,118123.77238043494,115823.60644494098,117665.0325172091,115269.8976141781,0.9805274934152464,0.9796444631697978,0.9751984126984127
2024-08-12 16:00:00,128.0,400.0,1096,1110,1075,103353.13211257926,103739.84839493112,103043.19541524534,103323.65717432412,1.0037416987221115,1.0027217882553872,0.9808394160583942
2024-08-12 16:00:00,128.0,410.0,1084,1088,1052,121571.99607911383,122579.11305160876,120995.93314914129,122177.03970935996,1.0082841197395453,1.0097615393301098,0.9704797047970479
2024-08-12 16:00:00,128.0,420.0,1159,1156,1132,140107.61116684348,142032.34858906746,139677.53516366723,141759.89613147505,1.0137375650487108,1.0149083456073864,0.9767040552200172
2024-08-12 16:00:00,128.0,430.0,976,981,946,152139.3887746217,153782.42013822307,151710.76998728886,153352.77522147534,1.0107995133728014,1.0108232608293009,0.9692622950819673
2024-08-12 16:00:00,128.0,440.0,1127,1143,1106,178682.05227308703,180276.8847736515,178243.70942187542,179862.05712047892,1.008925532700548,1.0090794098925147,0.9813664596273292
2024-08-12 16:00:00,128.0,450.0,1384,1381,1343,220992.12902726876,223291.22917963663,220484.1417734125,222823.85180343644,1.010403538635008,1.0106116930279205,0.9703757225433526
2024-08-12 16:00:00,128.0,460.0,1401,1403,1373,242805.23725386837,247830.10397430958,242478.3368964722,247479.96426935168,1.0206950508039798,1.0206271101859914,0.9800142755174875
2024-08-12 16:00:00,128.0,470.0,1363,1362,1316,300781.9221098381,306514.89849758486,300236.21635162213,305980.04457523057,1.0190602425422801,1.0191310305379067,0.9655172413793104
2024-08-12 16:00:00,128.0,480.0,1467,1473,1436,302365.6048679218,309491.7800699028,301954.7606102638,309057.068262429,1.0235680748314406,1.0235210984513412,0.9788684389911384
2024-08-12 16:00:00,128.0,490.0,1426,1435,1405,275588.65827889054,282795.0364064296,275233.5469415502,282455.586164783,1.026149037382541,1.026239676461992,0.985273492286115
2024-08-13 00:00:00,136.0,10.0,10,7,7,274.8563575539791,194.5597739474099,234.10113059078435,194.5597739474099,0.7078598278710009,0.8310928420397341,0.7
2024-08-13 00:00:00,136.0,20.0,22,22,20,613.0849901760952,548.862330380857,589.8727905305906,526.9202590820153,0.8952467262707057,0.8932777838558217,0.9090909090909091
2024-08-13 00:00:00,136.0,30.0,13,11,11,203.63260230003817,214.87484072241315,181.89894692351962,214.87484072241315,1.0552084405708784,1.1812868867941189,0.8461538461538461
2024-08-13 00:00:00,136.0,40.0,41,43,41,2906.888356810561,3127.4768576609854,2906.888356810561,3103.4576936799,1.075884751587933,1.0676219079445537,1.0
2024-08-13 00:00:00,136.0,50.0,66,67,65,2114.4282254630616,2222.709665726749,2103.5297478398243,2200.6854730709606,1.051210742913713,1.0461869984633725,0.9848484848484849
2024-08-13 00:00:00,136.0,60.0,137,125,119,2997.63678021371,2868.6624603872197,2801.3783888006137,2805.268146199447,0.9569746672853088,1.001388515530206,0.8686131386861314
2024-08-13 00:00:00,136.0,70.0,225,208,203,5696.756420006949,5600.819913017433,5440.819800975545,5540.083821209253,0.9831594507617373,1.0182443131485277,0.9022222222222223
2024-08-13 00:00:00,136.0,80.0,353,352,342,10753.997582043055,11057.675441670304,10621.178714164727,10942.604159532671,1.0282386021858818,1.0302626906126042,0.9688385269121813
2024-08-13 00:00:00,136.0,90.0,418,422,407,19016.095641864104,19553.334508321997,18888.563060674456,19383.215469506307,1.0282517966135571,1.0261879322023022,0.9736842105263158
2024-08-13 00:00:00,136.0,100.0,428,425,412,46762.77705382182,47858.45699653839,46567.79008193598,47712.53758439257,1.023430600399448,1.0245823883942615,0.9626168224299065
2024-08-13 00:00:00,136.0,110.0,394,389,374,42797.22419250367,43615.73133678184,42531.061496240814,43442.664769657385,1.0191252390714989,1.021433823689003,0.949238578680203
2024-08-13 00:00:00,136.0,120.0,415,412,401,31751.42650007052,32156.915294339655,31578.939408780723,31910.385870760532,1.0127707268291783,1.0104958072748842,0.9662650602409638
2024-08-13 00:00:00,136.0,130.0,442,432,421,37344.82500139218,37832.693078088036,37102.60243622479,37689.566652198395,1.0130638736873896,1.0158200281767977,0.9524886877828054
2024-08-13 00:00:00,136.0,140.0,572,579,561,43788.408215022704,44536.46305509962,43669.87199322181,44310.21816332247,1.0170833987936625,1.0146633397551532,0.9807692307692307
2024-08-13 00:00:00,136.0,150.0,567,568,547,52935.15276920296,54417.537684002404,52699.71667517732,54168.335810593664,1.0280037902462025,1.0278676855981674,0.9647266313932981
2024-08-13 00:00:00,136.0,160.0,673,676,646,61168.705087287475,62076.682445783255,60827.30689308503,61696.753629256054,1.0148438218072477,1.0142936911163802,0.9598811292719168
2024-08-13 00:00:00,136.0,170.0,604,597,572,84688.61236442333,85746.0547915019,84245.88536936435,85451.35312720315,1.0124862410370865,1.0143089214690262,0.9470198675496688
2024-08-13 00:00:00,136.0,180.0,668,666,641,123931.86620304058,126911.2267269121,123454.5604702165,126583.91820439059,1.0240403103346347,1.025348255441151,0.9595808383233533
2024-08-13 00:00:00,136.0,190.0,941,953,918,145523.95866225482,150231.89634486096,145030.4615946653,149790.1502437893,1.0323516328574647,1.032818544440867,0.975557917109458
2024-08-13 00:00:00,136.0,200.0,928,929,906,243052.88178820998,250305.20545485427,242592.62540889866,249974.07477040356,1.0298384598992896,1.0304273443970657,0.9762931034482759
2024-08-13 00:00:00,136.0,210.0,973,961,940,270404.38658709486,272894.1850112226,269527.12097526214,272624.5371538367,1.0092076850362994,1.011492038973172,0.9660842754367934
2024-08-13 00:00:00,136.0,220.0,984,974,941,233444.41588107264,234430.19079550583,232432.0336781562,233934.6492308846,1.004222739321961,1.0064647524222459,0.9563008130081301
2024-08-13 00:00:00,136.0,230.0,795,798,763,229041.79489527186,233653.9359520937,228423.23161043617,233212.8128162617,1.0201366788054151,1.0209680126318934,0.959748427672956
2024-08-13 00:00:00,136.0,240.0,764,769,745,306365.7960301023,309733.9260600683,306005.30147455237,309419.9096067832,1.0109938187408984,1.0111586567807054,0.975130890052356
2024-08-13 00:00:00,136.0,250.0,908,894,869,281411.3514960081,281588.88902198913,280609.9478039172,281254.1190584266,1.000630882603126,1.0022956108988677,0.9570484581497798
2024-08-13 00:00:00,136.0,260.0,842,848,816,227824.85702982618,230302.05804050877,227298.6006160528,229829.91422238128,1.0108732692427775,1.0111365120571256,0.9691211401425178
2024-08-13 00:00:00,136.0,270.0,707,715,678,119800.4528723502,120675.41251170816,119176.94492563786,120099.1307086644,1.0073034752238395,1.0077379545481884,0.958981612446959
2024-08-13 00:00:00,136.0,280.0,642,651,615,81385.50234091551,81195.59274184982,80980.75957729662,80754.74934194626,0.9976665426445341,0.997209087238375,0.9579439252336449
2024-08-13 00:00:00,136.0,290.0,648,646,608,54742.42373777443,54613.223194224425,54234.30029596739,54094.39544398488,0.9976398461242985,0.9974203621837284,0.9382716049382716
2024-08-13 00:00:00,136.0,300.0,598,623,573,68311.24241821376,70007.9871309403,68000.87976840422,69429.97840175175,1.024838440242951,1.0210158844740644,0.9581939799331104
2024-08-13 00:00:00,136.0,310.0,625,624,601,69297.33937127968,71344.89076724129,68864.43972294996,71074.97950609971,1.029547330597951,1.0320998732007844,0.9616
2024-08-13 00:00:00,136.0,320.0,748,771,726,104485.90640636481,106356.73534986761,104149.4871410613,105715.69040235448,1.0179050841194486,1.0150380314323766,0.9705882352941176
2024-08-13 00:00:00,136.0,330.0,755,771,725,114340.84687596414,116287.79454903962,113844.91101814882,115726.98087139637,1.0170275778627695,1.0165318751309622,0.9602649006622517
2024-08-13 00:00:00,136.0,340.0,779,787,760,120642.53964716446,123675.78469616972,120349.96806042682,123364.63606254752,1.0251424170767327,1.0250491799101022,0.975609756097561
2024-08-13 00:00:00,136.0,350.0,748,749,723,107880.08472369848,109322.83217854079,107401.53676185984,108992.86155776249,1.0133736218184983,1.0148165924239154,0.9665775401069518
2024-08-13 00:00:00,136.0,360.0,851,873,821,90559.6556437463,93001.62070483537,90081.37676243142,92316.58524675781,1.0269652644296212,1.0248132140588972,0.9647473560517039
2024-08-13 00:00:00,136.0,370.0,1016,1024,971,107609.80642442525,109764.94672251734,106994.83600582465,109027.48777129885,1.020027359677537,1.01899766232983,0.9557086614173228
2024-08-13 00:00:00,136.0,380.0,944,944,919,148582.5960518847,148088.34770267544,148122.09365403088,147798.85922795907,0.9966735784517006,0.9978177838423835,0.9735169491525424
2024-08-13 00:00:00,136.0,390.0,936,931,905,113778.37358421925,112347.73867416862,113368.05649472785,111992.39631019189,0.9874261262049798,0.9878655396672524,0.9668803418803419
2024-08-13 00:00:00,136.0,400.0,1037,1040,1004,94806.3645754769,95710.60160791862,94394.71627320247,95259.67855351593,1.0095377249880924,1.009163248902725,0.9681774349083896
2024-08-13 00:00:00,136.0,410.0,1001,1004,968,109581.2228737164,111182.11173719793,109104.56138553799,110770.33580921528,1.014609153114913,1.0152676881930813,0.967032967032967
2024-08-13 00:00:00,136.0,420.0,1085,1099,1048,132382.83174357374,135758.92556201265,131755.61773912594,135125.4900103441,1.0255025049243427,1.0255766875754053,0.9658986175115207
2024-08-13 00:00:00,136.0,430.0,922,930,887,142626.08092877935,145274.81007464582,142150.47485342404,144735.20456406905,1.0185711416076078,1.018183053650086,0.9620390455531453
2024-08-13 00:00:00,136.0,440.0,1047,1042,1009,176859.4209528328,179607.74927446042,176310.57328282457,179187.03599520336,1.015539620715826,1.0163147487914101,0.9637058261700095
2024-08-13 00:00:00,136.0,450.0,1256,1282,1226,207427.58467808907,211704.48598527006,207082.96352709,211002.13135744623,1.0206187682984325,1.0189255927363794,0.9761146496815286
2024-08-13 00:00:00,136.0,460.0,1313,1319,1285,229073.1059622516,235925.5875706828,228751.7084513658,235541.32312668272,1.0299139507435693,1.0296811539519515,0.9786747905559787
2024-08-13 00:00:00,136.0,470.0,1248,1256,1214,282049.7071089471,291460.0791448231,281650.9422849198,290953.73618573777,1.0333642326111017,1.0330295145663217,0.9727564102564102
2024-08-13 00:00:00,136.0,480.0,1361,1364,1331,283114.04559527995,292353.5051567838,282670.5398532841,291877.2921815433,1.0326351154428839,1.0325706114724154,0.9779573842762674
2024-08-13 00:00:00,136.0,490.0,1314,1321,1287,264639.15538798086,272434.3880382997,264249.3143406587,271973.91052495106,1.0294560819576772,1.0292322279191768,0.9794520547945206
2024-08-13 08:00:00,144.0,10.0,10,10,10,292.7536195189552,253.81697198411734,292.7536195189552,253.81697198411734,0.8669985785357069,0.8669985785357069,1.0
2024-08-13 08:00:00,144.0,20.0,24,24,22,660.3032565730307,589.0833562812625,639.1577966367554,566.1775482846799,0.8921406193551141,0.8858181051125448,0.9166666666666666
2024-08-13 08:00:00,144.0,30.0,12,11,10,210.16633926847203,221.4122740271618,189.2413782238961,211.27362461942,1.0535096856986403,1.1164240432103438,0.8333333333333334
2024-08-13 08:00:00,144.0,40.0,42,46,42,3363.806663705733,3705.446477394373,3363.806663705733,3656.3573537230136,1.1015634511266092,1.0869701261888198,1.0
2024-08-13 08:00:00,144.0,50.0,70,71,67,2335.2371344465396,2367.959304974821,2303.379450038125,2326.9409890606566,1.0140123544823796,1.010229117491754,0.9571428571428572
2024-08-13 08:00:00,144.0,60.0,140,141,129,3284.700587824632,3290.6649918346607,3158.716028923427,3159.1567631946764,1.0018158136032662,1.0001395295642956,0.9214285714285714
2024-08-13 08:00:00,144.0,70.0,229,230,217,6468.989069859532,6569.648518061802,6316.71644559975,6415.704360651969,1.0155603058090275,1.0156707865399237,0.9475982532751092
2024-08-13 08:00:00,144.0,80.0,362,360,349,11926.69993240832,12022.123681550533,11772.497204815338,11897.245841888303,1.00800085100514,1.0105966164104876,0.9640883977900553
2024-08-13 08:00:00,144.0,90.0,427,430,416,20819.62245107796,21350.0614832872,20698.4030924328,21159.333012239702,1.0254778410826453,1.022268863822418,0.9742388758782201
2024-08-13 08:00:00,144.0,100.0,443,442,431,56208.791835140095,57330.58982921858,56052.98015202912,57209.660494388045,1.0199576962509478,1.0206354834162559,0.9729119638826185
2024-08-13 08:00:00,144.0,110.0,392,401,382,48784.73869851364,49712.33195269521,48569.60470526223,49446.107336749614,1.0190140047672291,1.0180463200556462,0.9744897959183674
2024-08-13 08:00:00,144.0,120.0,416,425,404,37272.63802468853,38267.80470383813,37094.87486636134,37976.108157715375,1.026699657762094,1.0237562006753975,0.9711538461538461
2024-08-13 08:00:00,144.0,130.0,455,451,437,43477.84672741866,44314.80875521392,43222.12760804095,44154.29050791921,1.0192503100036792,1.0215667981070151,0.9604395604395605
2024-08-13 08:00:00,144.0,140.0,591,592,573,49305.62784505954,50071.641186596426,49094.72958870151,49847.54682973522,1.0155360224586134,1.0153339726553245,0.9695431472081218
2024-08-13 08:00:00,144.0,150.0,583,582,559,60631.04498681761,62247.84921011883,60355.44475114341,61825.42097034394,1.0266662767176906,1.0243553208043037,0.9588336192109777
2024-08-13 08:00:00,144.0,160.0,693,680,661,68722.56522714283,69355.28984634216,68270.91867789092,69105.80097061102,1.0092069412296827,1.0122289594001093,0.9538239538239538
2024-08-13 08:00:00,144.0,170.0,624,635,606,94303.70131228724,95320.43297661265,93898.30574673836,94829.45656547848,1.0107814608565415,1.009916588071904,0.9711538461538461
2024-08-13 08:00:00,144.0,180.0,688,681,656,139168.71513757226,141594.40227500926,138741.25126060142,141187.83116875018,1.0174298306558276,1.017634120248442,0.9534883720930233
2024-08-13 08:00:00,144.0,190.0,962,960,925,164449.92979938164,168758.38333144144,163639.54271335324,168111.43161650823,1.0261991813393647,1.0273276790499737,0.9615384615384616
2024-08-13 08:00:00,144.0,200.0,952,948,926,278879.4321400131,286410.1115008388,278321.09675609204,286103.3248310697,1.0270033516026555,1.0279613301531276,0.9726890756302521
2024-08-13 08:00:00,144.0,210.0,984,995,960,310453.45144341205,312808.71704230283,309799.93545340927,312344.0958201403,1.0075865337877234,1.0082122688728374,0.975609756097561
2024-08-13 08:00:00,144.0,220.0,1007,985,967,271881.62202468544,272843.1694619813,271266.50391897844,272598.2806574278,1.0035366400646548,1.0049094772823375,0.9602780536246276
2024-08-13 08:00:00,144.0,230.0,809,802,776,258858.29530069165,263547.3556412696,258277.60039586018,263139.26083862945,1.0181143908682977,1.0188233917123197,0.9592088998763906
2024-08-13 08:00:00,144.0,240.0,776,777,755,359676.7153748625,362001.72903529025,359263.36699011514,361733.3249222862,1.0064641761922357,1.006875062027237,0.9729381443298969
2024-08-13 08:00:00,144.0,250.0,929,916,894,324124.2904555573,322887.80809419695,323441.516597262,322588.9713389566,0.9961851598359923,0.9973641440119546,0.9623250807319699
2024-08-13 08:00:00,144.0,260.0,860,864,833,259114.2878275981,260409.3022416581,258486.01562502346,260057.58307976174,1.0049978502726242,1.0060798935328792,0.9686046511627907
2024-08-13 08:00:00,144.0,270.0,717,716,685,135046.14506326427,134944.1110558987,134312.92031156484,134537.7605122374,0.9992444507962982,1.0016740027701803,0.9553695955369595
2024-08-13 08:00:00,144.0,280.0,666,671,631,95405.33804933823,94971.85192676506,94864.30902064923,94475.99668772325,0.9954563745442734,0.9959066551273624,0.9474474474474475
2024-08-13 08:00:00,144.0,290.0,691,682,642,63380.594636915564,63182.91563849065,62647.97432173103,62696.89164598241,0.9968810800915116,1.0007808285069228,0.9290882778581766
2024-08-13 08:00:00,144.0,300.0,625,640,603,78042.03254127817,79834.46466820445,77738.65088548794,79370.48977402394,1.0229675223537806,1.0209913456169926,0.9648
2024-08-13 08:00:00,144.0,310.0,641,646,617,78166.80677056081,80192.56284748009,77670.09640702525,79757.70609422636,1.025915809543882,1.0268779077633832,0.9625585023400937
2024-08-13 08:00:00,144.0,320.0,761,783,740,119767.36956213808,121741.38058888537,119411.29017251906,121205.64738737242,1.0164820437650435,1.0150266964895946,0.9724047306176085
2024-08-13 08:00:00,144.0,330.0,785,764,734,129789.56077674881,131739.58806743837,129019.84478667635,131355.9381851798,1.0150245310872406,1.018106465732973,0.935031847133758
2024-08-13 08:00:00,144.0,340.0,791,803,769,138520.24142262083,142210.07498899227,138124.0115455855,141799.86056216847,1.0266375045876066,1.0266126720144515,0.9721871049304678
2024-08-13 08:00:00,144.0,350.0,757,776,735,127830.70201246894,129980.48990133799,127512.8710269646,129504.0933380319,1.0168174613377259,1.015615853482322,0.9709379128137384
2024-08-13 08:00:00,144.0,360.0,871,888,833,103962.29117668928,106917.10068346353,103265.65341841962,106186.24082054014,1.0284219352356558,1.0282822730059786,0.9563719862227325
2024-08-13 08:00:00,144.0,370.0,1046,1060,1000,119192.22426801584,122043.31677792816,118619.3297704198,121324.10821842012,1.0239201216977154,1.0228021727422947,0.9560229445506692
2024-08-13 08:00:00,144.0,380.0,962,965,929,171307.25532771667,169771.16399548214,170706.50397406984,169283.35154550464,0.9910331215727207,0.9916631622379112,0.9656964656964657
2024-08-13 08:00:00,144.0,390.0,960,961,924,132014.13731787232,130774.4566259117,131236.66813113895,130309.34193971513,0.9906094853388646,0.9929339398460102,0.9625
2024-08-13 08:00:00,144.0,400.0,1070,1080,1043,108306.09731706852,109470.33363613379,107967.13560482221,109012.25252472732,1.01074949931634,1.0096799541272485,0.974766355140187
2024-08-13 08:00:00,144.0,410.0,1028,1025,991,121819.73538870718,122776.69687096606,121191.50595305233,122360.32819826281,1.0078555537754648,1.009644423806923,0.9640077821011673
2024-08-13 08:00:00,144.0,420.0,1104,1125,1076,153818.94072034326,157379.02360290982,153349.00713877223,156350.05518451394,1.0231446326823892,1.019570052012309,0.9746376811594203
2024-08-13 08:00:00,144.0,430.0,933,958,906,162321.4323678953,164977.43235261977,161866.03745498412,164344.5728971235,1.0163625957828215,1.0153122636540026,0.9710610932475884
2024-08-13 08:00:00,144.0,440.0,1092,1092,1049,209999.72504921583,213397.59432383653,209396.92394563885,212831.67286138944,1.0161803510639091,1.01640305335451,0.9606227106227107
2024-08-13 08:00:00,144.0,450.0,1286,1302,1247,238874.8240237374,244421.9628697166,238332.55753582722,243701.13241090364,1.023221948435336,1.0225255623091671,0.9696734059097978
2024-08-13 08:00:00,144.0,460.0,1335,1340,1307,265666.48630871315,273725.1225369287,265333.90018042014,273344.8805222304,1.0303336575876987,1.030192072465535,0.9790262172284644
2024-08-13 08:00:00,144.0,470.0,1271,1278,1238,324353.33144185215,334462.99696436955,323961.8649829129,333998.1445916555,1.0311686810108494,1.0309798179772547,0.9740361919748229
2024-08-13 08:00:00,144.0,480.0,1383,1391,1349,325566.41831613705,335414.73818600574,325015.1911030964,334843.6355262755,1.0302498025466054,1.0302399539843707,0.9754157628344179
2024-08-13 08:00:00,144.0,490.0,1356,1358,1320,301727.2999845838,311508.7576584959,301076.43901851587,311049.3616368683,1.032418205692398,1.0331242213800036,0.9734513274336283
2024-08-13 16:00:00,152.0,10.0,10,10,10,284.15486411276595,232.2270720219429,284.15486411276595,232.2270720219429,0.8172553116309996,0.8172553116309996,1.0
2024-08-13 16:00:00,152.0,20.0,26,26,25,661.6274612321539,614.0152403819968,648.1413122916042,602.1365621731534,0.928037719653461,0.9290204940712792,0.9615384615384616
2024-08-13 16:00:00,152.0,30.0,14,17,14,249.64279647151062,306.0485555484987,249.64279647151062,274.7298123280295,1.2259458709573667,1.100491647310087,1.0
2024-08-13 16:00:00,152.0,40.0,42,44,42,2911.8717143059735,3072.0224252328753,2911.8717143059735,3049.3077821876764,1.054999233015687,1.0471985311737746,1.0
2024-08-13 16:00:00,152.0,50.0,73,79,73,2413.050192463248,2578.5540111210953,2413.050192463248,2513.312823565917,1.0685869772517664,1.0415501639442983,1.0
2024-08-13 16:00:00,152.0,60.0,151,159,148,3490.5016983650607,3683.8620598676907,3443.17620634159,3567.394280530044,1.0553961516744712,1.0360765951970947,0.9801324503311258
2024-08-13 16:00:00,152.0,70.0,245,248,238,6080.70989091732,6307.41799530372,5974.9366352618235,6195.202659325636,1.0372831640471831,1.0368649974903308,0.9714285714285714
2024-08-13 16:00:00,152.0,80.0,366,377,359,11858.571721175365,12353.95462946016,11780.920071204986,12143.924818528338,1.0417742473488785,1.0308129369462926,0.9808743169398907
2024-08-13 16:00:00,152.0,90.0,435,442,427,21209.29997878683,22083.17831428864,21095.73461102491,21914.98646557372,1.0412026015180063,1.038834952641121,0.9816091954022989
2024-08-13 16:00:00,152.0,100.0,453,446,437,45001.224273408545,46315.8498171635,44822.23880332522,46216.75819423129,1.0292131061983523,1.0311122208113044,0.9646799116997793
2024-08-13 16:00:00,152.0,110.0,411,421,401,44982.43056933,46707.033349286205,44822.822890500014,46486.23968294725,1.03833947517127,1.0371109333410544,0.975669099756691
2024-08-13 16:00:00,152.0,120.0,440,446,426,30367.99089380225,31140.082197964733,30143.22442806475,30890.451482209235,1.0254245105269726,1.0247892210711467,0.9681818181818181
2024-08-13 16:00:00,152.0,130.0,486,487,469,38644.91331830932,39946.3219375494,38351.610427242435,39717.322604486246,1.0336760651659553,1.0356102954225281,0.9650205761316872
2024-08-13 16:00:00,152.0,140.0,632,642,617,45041.876725470865,46123.21344919924,44853.008822812146,45824.45093999867,1.024007363865389,1.021658348964372,0.9762658227848101
2024-08-13 16:00:00,152.0,150.0,611,622,596,55346.99076068918,57498.51338249385,55138.43670082678,57192.12130286494,1.0388733441915114,1.0372459707768134,0.9754500818330606
2024-08-13 16:00:00,152.0,160.0,723,738,703,68070.04870716081,69702.78312571326,67773.88374526353,69297.80490990628,1.0239860915272225,1.022485374607874,0.9723374827109267
2024-08-13 16:00:00,152.0,170.0,669,665,649,90466.8510004202,92502.02142472548,90182.19940873391,92316.89072747245,1.0224963110995853,1.0236708722201755,0.9701046337817638
2024-08-13 16:00:00,152.0,180.0,713,715,689,132380.7087213414,136546.53451383114,132064.0846614847,136166.1019680875,1.0314685261374354,1.0310608089785906,0.9663394109396914
2024-08-13 16:00:00,152.0,190.0,998,1012,971,146909.0444822692,153300.9224361563,146528.80680090515,152793.61207605753,1.0435090839805887,1.0427547689217496,0.9729458917835672
2024-08-13 16:00:00,152.0,200.0,981,979,957,252411.31896995904,261728.12301294686,251729.5247970526,261444.08466030128,1.0369111974891136,1.0385912612796637,0.9755351681957186
2024-08-13 16:00:00,152.0,210.0,1014,1024,995,277501.4654475366,282301.8458725767,277018.4235817241,281706.1720787525,1.0172985768464262,1.0169221542611422,0.9812623274161736
2024-08-13 16:00:00,152.0,220.0,1041,1047,1012,231977.54288035617,234266.7646021981,231615.46324723313,233763.07052971155,1.009868290238002,1.0092722966436227,0.9721421709894332
2024-08-13 16:00:00,152.0,230.0,869,859,831,243144.0425810477,250765.63276115293,242536.82104590966,250365.00773843046,1.0313459877494828,1.0322762814271365,0.956271576524741
2024-08-13 16:00:00,152.0,240.0,836,823,804,317218.2030360546,323827.37640546577,316685.1849530793,323399.242510107,1.020834785980614,1.02120104721041,0.9617224880382775
2024-08-13 16:00:00,152.0,250.0,957,963,931,291035.96985284763,292737.4134335064,290469.843835955,292316.7162671058,1.0058461625259552,1.0063582243401272,0.9728317659352143
2024-08-13 16:00:00,152.0,260.0,904,905,878,243969.75492638562,248158.8133401632,243413.62004391383,247790.65712856632,1.017170400548386,1.0179818905937261,0.9712389380530974
2024-08-13 16:00:00,152.0,270.0,757,765,734,127799.57829259688,129713.39218821636,127157.03357170807,129349.90418249494,1.0149751190198593,1.0172453740795253,0.9696169088507266
2024-08-13 16:00:00,152.0,280.0,709,725,680,85988.69542191565,86543.53823220085,85630.0135998168,85925.38495409035,1.0064525087578406,1.0034493904865407,0.9590973201692524
2024-08-13 16:00:00,152.0,290.0,738,738,699,59117.32375808475,59723.51178931115,58503.89285308768,59273.92882440726,1.0102539829730284,1.013162132189276,0.9471544715447154
2024-08-13 16:00:00,152.0,300.0,681,689,655,72258.68020496872,74246.35329314142,71864.35030098817,73862.55510810004,1.027507741388778,1.0278052302531482,0.9618208516886931
2024-08-13 16:00:00,152.0,310.0,663,679,642,72025.93974144539,74710.17417169467,71706.31752576295,74234.70215151717,1.0372676071965878,1.0352602770996546,0.9683257918552036
2024-08-13 16:00:00,152.0,320.0,818,824,796,107921.61380167773,110639.1949123698,107502.99634318196,110314.07480179436,1.0251810644315054,1.0261488382113424,0.9731051344743277
2024-08-13 16:00:00,152.0,330.0,840,851,811,118905.8737686107,122063.91236093211,118409.80669587204,121534.26995035005,1.0265591470987119,1.0263868622174428,0.9654761904761905
2024-08-13 16:00:00,152.0,340.0,831,844,816,127275.56653660676,132093.8982750164,126927.85253366522,131552.3429656159,1.0378574762582087,1.0364340082939962,0.9819494584837545
2024-08-13 16:00:00,152.0,350.0,829,849,800,108938.54169893412,111939.55520218528,108492.55617299743,111384.26081532704,1.027547766441971,1.0266534842972879,0.9650180940892642
2024-08-13 16:00:00,152.0,360.0,942,975,927,100559.97450260216,104385.47044747794,100219.36837044042,103809.66338315597,1.0380419343162899,1.0358243628062467,0.9840764331210191
2024-08-13 16:00:00,152.0,370.0,1120,1128,1084,117081.83711849262,120597.79865498163,116643.30468510617,119960.44975445747,1.0300299484789488,1.0284383666795653,0.9678571428571429
2024-08-13 16:00:00,152.0,380.0,1012,1016,976,152738.6612524161,153210.7075791422,152117.42179781912,152771.7863735726,1.0030905490650204,1.0043017069841165,0.9644268774703557
2024-08-13 16:00:00,152.0,390.0,1004,1016,973,118026.53138035795,117614.7293389028,117382.21514123748,117025.29055005778,0.9965109366797534,0.9969592958290125,0.9691235059760956
2024-08-13 16:00:00,152.0,400.0,1092,1119,1073,103138.37928131496,104990.98379425128,102893.45022019207,104381.9258379268,1.0179623194182958,1.014466184334857,0.9826007326007326
2024-08-13 16:00:00,152.0,410.0,1079,1099,1055,120999.62491985616,124145.82613597371,120656.15065935062,123636.65638041223,1.0260017435442583,1.024702476457056,0.9777571825764597
2024-08-13 16:00:00,152.0,420.0,1156,1167,1128,139779.62421060726,143751.21643866925,139399.5742054403,143287.5040317245,1.0284132415614307,1.027890543055421,0.9757785467128027
2024-08-13 16:00:00,152.0,430.0,979,983,953,151783.50173928327,155116.56938976332,151361.95097685518,154731.83852544933,1.0219593540291698,1.0222637692421752,0.9734422880490297
2024-08-13 16:00:00,152.0,440.0,1128,1144,1098,178235.50214659414,180994.09348566586,177655.24675046332,180401.54325665254,1.0154772270723194,1.015458572467869,0.973404255319149
2024-08-13 16:00:00,152.0,450.0,1376,1394,1348,220834.5844798008,227349.5890586703,220464.29826580145,226803.20227869664,1.029501740382813,1.0287525194000016,0.9796511627906976
2024-08-13 16:00:00,152.0,460.0,1391,1411,1367,242201.45351712883,251790.6660539161,241886.93175964762,251303.824644838,1.0395918868261833,1.0389309700060503,0.98274622573688
2024-08-13 16:00:00,152.0,470.0,1361,1367,1325,301226.6716735071,311021.0333939797,300656.3886703139,310537.86324850644,1.0325149219558105,1.0328663382870207,0.973548861131521
2024-08-13 16:00:00,152.0,480.0,1464,1476,1430,301750.69776463165,314022.25752341456,301262.00278913253,313494.1320616065,1.0406678753344751,1.040602960742566,0.976775956284153
2024-08-13 16:00:00,152.0,490.0,1425,1434,1404,274883.18721440854,286520.7490702645,274371.9235525449,286177.67103107006,1.0423363901364353,1.0430282637001094,0.9852631578947368
2024-08-14 00:00:00,160.0,10.0,10,8,8,271.6677706177058,202.83609671847552,245.06166910622107,202.83609671847552,0.7466329048060285,0.8276940961768973,0.8
2024-08-14 00:00:00,160.0,20.0,23,22,20,617.315545321579,538.9130889327886,582.2906780320507,515.672993164631,0.8729945212250437,0.8855937637666373,0.8695652173913043
2024-08-14 00:00:00,160.0,30.0,11,11,9,186.25886011204292,200.51928484634144,164.82361662981236,179.82543710430224,1.076562396686634,1.0910174208116268,0.8181818181818182
2024-08-14 00:00:00,160.0,40.0,41,42,41,2915.2930825164667,3131.1142992182617,2915.2930825164667,3118.9302996490246,1.0740307099811381,1.0698513704689956,1.0
2024-08-14 00:00:00,160.0,50.0,68,66,65,2109.8551930454114,2205.845362718367,2077.6655854318633,2195.7686078948013,1.0454960937553262,1.0568440962256151,0.9558823529411765
2024-08-14 00:00:00,160.0,60.0,134,131,124,2954.3854444810368,2996.8650417953804,2840.242440640369,2923.3892493130734,1.0143784885596758,1.0292745462440023,0.9253731343283582
2024-08-14 00:00:00,160.0,70.0,223,220,210,5635.242462561813,5764.699129956045,5468.8498760332,5654.709392870109,1.0229726880882744,1.033985119549802,0.9417040358744395
2024-08-14 00:00:00,160.0,80.0,351,360,344,10632.03452828293,11169.85140779475,10555.69115376523,10989.425204034473,1.050584568558458,1.0410900663870342,0.98005698005698
2024-08-14 00:00:00,160.0,90.0,413,420,402,18885.718246699143,19784.3553869136,18758.338045575252,19577.137869133825,1.0475828945701613,1.043649912991717,0.9733656174334141
2024-08-14 00:00:00,160.0,100.0,425,432,417,46790.827858974226,48797.15076996689,46700.760736142984,48625.16446735755,1.0428785512630732,1.0412071174190791,0.9811764705882353
2024-08-14 00:00:00,160.0,110.0,390,392,375,42693.35490961074,44759.92777797319,42477.15907107841,44548.95890284416,1.0484050239841247,1.048774444361944,0.9615384615384616
2024-08-14 00:00:00,160.0,120.0,415,414,400,31618.056601845074,32869.10004322333,31334.52488345359,32709.806529327863,1.0395673730720454,1.0438902983526808,0.963855421686747
2024-08-14 00:00:00,160.0,130.0,446,447,430,37283.252798999776,39044.2360454318,37091.42180807996,38817.2156444351,1.0472325538741423,1.0465281122218721,0.9641255605381166
2024-08-14 00:00:00,160.0,140.0,577,580,560,43654.91294184181,44817.14299814219,43469.24297333317,44581.67342858268,1.0266231216140262,1.025591208384557,0.9705372616984402
2024-08-14 00:00:00,160.0,150.0,569,572,550,52979.8611009591,55557.95937994607,52748.42786742784,55289.48903803313,1.048661854248242,1.0481732114745053,0.9666080843585237
2024-08-14 00:00:00,160.0,160.0,676,679,649,61113.23461836108,62765.04529594157,60756.25382438471,62398.675809339824,1.0270286900684555,1.0270329699672156,0.9600591715976331
2024-08-14 00:00:00,160.0,170.0,605,609,586,84660.70791092445,86535.55115402059,84299.86874434885,86254.48769569019,1.0221453764013968,1.0231865005302558,0.968595041322314
2024-08-14 00:00:00,160.0,180.0,664,673,643,123616.95686688194,128066.73608761505,123266.28823685803,127724.88838689812,1.0359965115912446,1.0361704746189226,0.9683734939759037
2024-08-14 00:00:00,160.0,190.0,938,948,913,145250.786435668,152671.67790401948,144596.43603976833,152266.23485278344,1.0510901982044567,1.053042792914382,0.9733475479744137
2024-08-14 00:00:00,160.0,200.0,930,938,908,242808.37522141935,253805.91108648112,242275.3036172604,253446.97601140075,1.0452930664151638,1.046111478253636,0.9763440860215054
2024-08-14 00:00:00,160.0,210.0,976,972,949,269795.1033536874,276802.4595228848,268720.7884995253,276354.20153291663,1.0259728812053759,1.028406484946753,0.9723360655737705
2024-08-14 00:00:00,160.0,220.0,985,995,955,232771.34359395356,238138.43399202224,231978.76156875765,237637.67066609778,1.0230573502528346,1.0243940827128817,0.9695431472081218
2024-08-14 00:00:00,160.0,230.0,794,792,769,229172.19006488618,237154.03593140072,228826.92932374077,236896.63476075343,1.034829033419171,1.035265540908412,0.9685138539042821
2024-08-14 00:00:00,160.0,240.0,770,766,743,305998.0313456713,314842.6470356931,305616.5702457711,314586.5408394529,1.0289041587984287,1.029350406577982,0.964935064935065
2024-08-14 00:00:00,160.0,250.0,909,904,877,281311.14890729997,285411.06480373396,280579.3838109118,285103.0943876574,1.014574310020628,1.0161227475636423,0.9647964796479648
2024-08-14 00:00:00,160.0,260.0,845,852,818,227403.79357521143,233086.3000553484,226877.0651428809,232693.83822098566,1.0249886177833596,1.0256384358394337,0.9680473372781065
2024-08-14 00:00:00,160.0,270.0,713,715,684,119898.9951574095,122769.29426262027,119371.98876264681,122329.89492415852,1.0239393090946467,1.0247788965583295,0.9593267882187938
2024-08-14 00:00:00,160.0,280.0,650,659,623,81397.97366713654,82758.75872234016,81037.85712513381,82281.48401075986,1.0167176772823403,1.0153462459367073,0.9584615384615385
2024-08-14 00:00:00,160.0,290.0,650,647,613,54549.16337691786,55260.53376041789,53706.59024688252,54868.33862462583,1.0130409036447485,1.0216313933244112,0.943076923076923
2024-08-14 00:00:00,160.0,300.0,601,628,582,68248.4095369869,71148.60497988966,67959.86406074135,70578.96033497714,1.0424946963977382,1.038538868645983,0.9683860232945092
2024-08-14 00:00:00,160.0,310.0,624,632,602,69319.73432446577,72400.70459177799,68968.5080944095,72025.2309934547,1.0444457887402032,1.0443205599700796,0.9647435897435898
2024-08-14 00:00:00,160.0,320.0,745,755,719,104171.17933158562,108056.36789253411,103624.8400356338,107615.1345736666,1.0372961944549135,1.0385071237423444,0.9651006711409396
2024-08-14 00:00:00,160.0,330.0,758,779,731,114318.58790604748,118037.90681163286,113804.41145058078,117380.75941990348,1.032534682012011,1.0314253896113308,0.9643799472295514
2024-08-14 00:00:00,160.0,340.0,785,789,766,120904.98921446523,126108.23807970423,120500.12813416857,125753.1410513682,1.0430358490501108,1.0435934218372844,0.975796178343949
2024-08-14 00:00:00,160.0,350.0,748,763,725,107675.41461696834,111513.79571105444,107378.37164887774,111046.0339217248,1.03564770201016,1.034156434080041,0.9692513368983957
2024-08-14 00:00:00,160.0,360.0,854,870,814,90401.18281889337,94397.701984684,89781.56648504006,93763.90647479173,1.0442087043683612,1.0443558755506368,0.9531615925058547
2024-08-14 00:00:00,160.0,370.0,1011,1038,980,107408.39126668646,111703.48308526876,107015.24263762285,111035.64047356228,1.0399884196004567,1.037568459752536,0.9693372898120672
2024-08-14 00:00:00,160.0,380.0,943,949,913,148217.5230103813,150984.66637382167,147682.302764673,150540.9733523198,1.0186694751554213,1.0193568933726744,0.968186638388123
2024-08-14 00:00:00,160.0,390.0,933,939,906,113706.5280001759,114761.70831574108,113283.87577137485,114328.83703431886,1.009279856962685,1.0092242718200506,0.9710610932475884
2024-08-14 00:00:00,160.0,400.0,1043,1059,1010,94769.91797848672,97063.26936707526,94251.18814664723,96501.92463873385,1.0241991492396263,1.0238801922431435,0.9683604985618408
2024-08-14 00:00:00,160.0,410.0,998,1015,970,109695.45238861581,113111.77532715775,109332.57375651802,112523.1245056722,1.0311437061806263,1.0291820693461355,0.9719438877755511
2024-08-14 00:00:00,160.0,420.0,1086,1099,1053,132211.34391182693,137611.74760246798,131729.4640290886,136936.29904668033,1.0408467498389746,1.0395267304544864,0.9696132596685083
2024-08-14 00:00:00,160.0,430.0,917,937,895,142420.1341677591,146841.79676758766,142139.56092146647,146340.18063981849,1.0310466116723371,1.029552783835268,0.9760087241003271
2024-08-14 00:00:00,160.0,440.0,1056,1064,1023,176808.27295544237,182961.8039037207,176349.62139706683,182458.25637004734,1.034803410753461,1.0346393427135654,0.96875
2024-08-14 00:00:00,160.0,450.0,1261,1254,1218,206965.98470033333,216223.4083021032,206390.58165108165,215796.25683605945,1.0447292032803057,1.0455722112401369,0.9659000793021412
2024-08-14 00:00:00,160.0,460.0,1312,1313,1276,228723.04498226795,240772.27448324446,228304.54612452775,240326.79659259762,1.0526804349859484,1.052658830812385,0.9725609756097561
2024-08-14 00:00:00,160.0,470.0,1247,1263,1213,281384.4430357318,296813.33880914643,280963.2200978376,296233.18269251415,1.0548320852672561,1.054348617549867,0.9727345629510826
2024-08-14 00:00:00,160.0,480.0,1365,1392,1347,282814.03079165635,298350.15787368675,282557.0775009919,297777.00503935525,1.0549340746586777,1.0538649665864765,0.9868131868131869
2024-08-14 00:00:00,160.0,490.0,1320,1320,1277,264101.56264104194,277279.44758676545,263353.03963948763,276709.04224903684,1.0498970351176393,1.0507152020262711,0.9674242424242424
2024-08-14 08:00:00,168.0,10.0,10,10,9,291.4866682030644,238.17301305419423,279.2072360473789,227.83262267797275,0.8170974491645389,0.8159982739104643,0.9
2024-08-14 08:00:00,168.0,20.0,23,24,21,673.572303394363,623.7723500452937,647.4054290050416,590.2688230845702,0.9260659128973829,0.911745247474552,0.9130434782608695
2024-08-14 08:00:00,168.0,30.0,13,12,12,222.46074172422044,226.77202785964897,211.5088341022206,226.77202785964897,1.0193799863383228,1.0721633865659332,0.9230769230769231
2024-08-14 08:00:00,168.0,40.0,44,43,42,3417.76906539505,3669.220577459044,3394.105920206624,3653.1455783841225,1.0735718263149912,1.076320440277164,0.9545454545454546
2024-08-14 08:00:00,168.0,50.0,72,75,70,2328.386945008466,2496.8182514216387,2307.8802235836356,2444.083277261115,1.0723381939476389,1.05901651753226,0.9722222222222222
2024-08-14 08:00:00,168.0,60.0,139,140,129,3283.895386405043,3342.5687322331037,3168.7798321203436,3224.3885505586854,1.017866996028851,1.017548937251703,0.9280575539568345
2024-08-14 08:00:00,168.0,70.0,235,227,220,6504.050552186691,6568.236661340686,6335.094173113833,6484.853560999034,1.0098686362658136,1.0236396466718334,0.9361702127659575
2024-08-14 08:00:00,168.0,80.0,366,363,353,12002.378768777311,12400.970610802233,11835.745691947242,12281.970821377807,1.0332094037110218,1.0377014799949753,0.9644808743169399
2024-08-14 08:00:00,168.0,90.0,423,441,418,20756.52337559378,21665.800644659605,20702.977870628347,21318.684203963603,1.0438068193122834,1.029739988961142,0.9881796690307328
2024-08-14 08:00:00,168.0,100.0,442,440,428,56079.418628830936,58038.629434137285,55915.45137180668,57905.07325383551,1.0349363608469917,1.0355826848074416,0.9683257918552036
2024-08-14 08:00:00,168.0,110.0,399,395,384,48752.96053369656,50482.093667733614,48525.615574944764,50354.58470664291,1.0354672437347046,1.0376907971187592,0.9624060150375939
2024-08-14 08:00:00,168.0,120.0,423,421,413,37166.10833556591,38760.08276562049,37035.22494594508,38643.03101343666,1.0428878486728523,1.0434128878611715,0.9763593380614657
2024-08-14 08:00:00,168.0,130.0,458,453,440,43325.28400673179,44819.49353644936,43092.226667735,44668.37245439229,1.0344881646819766,1.0365761045213617,0.9606986899563319
2024-08-14 08:00:00,168.0,140.0,590,593,571,49188.097238366056,50619.50024222934,48967.200078849506,50263.426610288785,1.0291005971816045,1.026471322218792,0.9677966101694915
2024-08-14 08:00:00,168.0,150.0,583,583,561,60561.635481551755,63243.11629331823,60169.02705685478,62981.31245188881,1.044276888998206,1.0467397518722823,0.9622641509433962
2024-08-14 08:00:00,168.0,160.0,693,690,665,68443.13326389468,70285.19768573242,68055.23568638627,69977.75960607783,1.026913794474244,1.0282494638406805,0.9595959595959596
2024-08-14 08:00:00,168.0,170.0,623,622,597,94086.9081538966,96363.85402328087,93534.6213426048,96016.942514884,1.0242004537513327,1.0265390626128348,0.9582664526484751
2024-08-14 08:00:00,168.0,180.0,682,686,652,138242.63209508086,142838.42572953063,137890.36136117944,142362.58014420822,1.0332444019966929,1.0324331500685142,0.9560117302052786
2024-08-14 08:00:00,168.0,190.0,965,966,932,163676.3141232859,171852.65884474287,162843.77413609004,171423.4060899847,1.0499543551261687,1.0526862755386925,0.9658031088082901
2024-08-14 08:00:00,168.0,200.0,947,945,925,278239.66642083565,289875.0684854314,277642.75297083287,289551.08921393077,1.041817912644408,1.0428908592631225,0.9767687434002112
2024-08-14 08:00:00,168.0,210.0,983,981,951,308854.988405542,317750.58942607784,308212.79746651184,317281.3014684201,1.0288018693382912,1.029422866527447,0.9674465920651069
2024-08-14 08:00:00,168.0,220.0,1007,1012,977,270902.68007291376,278383.8145148393,270377.0949978051,277862.4233324063,1.0276155792918402,1.027684772390435,0.9702085402184707
2024-08-14 08:00:00,168.0,230.0,808,812,778,258121.34541632707,267167.26717774465,257628.49439489548,266576.4690602226,1.0350452293932813,1.0347320846102201,0.9628712871287128
2024-08-14 08:00:00,168.0,240.0,779,773,747,358337.1356217057,368503.0100245916,357794.5349587285,368195.16312156327,1.0283695810238824,1.0290687172291062,0.9589216944801027
2024-08-14 08:00:00,168.0,250.0,926,914,890,323225.4110244942,326263.5545222997,322175.9634182891,325882.5022020411,1.0093994574503773,1.0115047030337883,0.9611231101511879
2024-08-14 08:00:00,168.0,260.0,858,866,834,258049.19570340114,265277.4407455128,257205.076527987,264900.647539676,1.0280111124640734,1.0299199810344786,0.972027972027972
2024-08-14 08:00:00,168.0,270.0,724,713,686,134795.028497843,137339.1901987687,133875.72388952802,136802.7088885737,1.0188742992176925,1.0218634485327673,0.9475138121546961
2024-08-14 08:00:00,168.0,280.0,671,680,634,95449.63181653693,96472.84541055959,94934.7051087631,95919.15965676145,1.010719932330272,1.0103698067726707,0.9448584202682563
2024-08-14 08:00:00,168.0,290.0,689,684,645,63175.774776538194,63835.27754882674,62482.31943135161,63357.630545667256,1.0104391718917782,1.014008940805684,0.9361393323657474
2024-08-14 08:00:00,168.0,300.0,629,647,603,77685.21566216601,81024.911240808,77235.42072524804,80471.24532218928,1.0429901050048636,1.0418956039412557,0.958664546899841
2024-08-14 08:00:00,168.0,310.0,640,643,615,77816.5516362423,81040.72140329286,77341.10126862282,80574.84224135571,1.0414329560903974,1.0418114161770389,0.9609375
2024-08-14 08:00:00,168.0,320.0,766,772,735,118887.59197317534,122799.29792428037,118425.55869565415,122270.13592141794,1.0329025585107958,1.0324640834977532,0.9595300261096605
2024-08-14 08:00:00,168.0,330.0,785,788,750,129529.24770884417,133389.5017291646,128836.39374544789,132801.75106303243,1.0298021805005577,1.0307782389921532,0.9554140127388535
2024-08-14 08:00:00,168.0,340.0,795,795,773,138476.16358549125,144179.56328309124,138101.67692409502,143899.3707166618,1.0411868696382456,1.0419813424550475,0.9723270440251572
2024-08-14 08:00:00,168.0,350.0,762,778,740,127484.9059619277,132246.03393768103,127136.11645103994,131807.18116430077,1.0373466014649233,1.0367406590955581,0.9711286089238845
2024-08-14 08:00:00,168.0,360.0,871,878,833,103941.72820064928,108121.18719860999,103248.89040268827,107500.82549674503,1.040209635440087,1.0411814119984582,0.9563719862227325
2024-08-14 08:00:00,168.0,370.0,1047,1054,999,118889.95309499976,123936.26128181112,118298.44674280693,123065.09985132227,1.0424452029414049,1.0402934547304628,0.9541547277936963
2024-08-14 08:00:00,168.0,380.0,970,958,928,170814.30806429448,172647.70482080273,170051.9577123119,172248.34174228244,1.0107332739117976,1.0129159585077303,0.9567010309278351
2024-08-14 08:00:00,168.0,390.0,960,957,919,131855.5895761859,132345.4683757669,131159.79750411666,131845.78651274857,1.0037152675981016,1.005230177399522,0.9572916666666667
2024-08-14 08:00:00,168.0,400.0,1061,1086,1036,108027.59330366991,111117.64467950197,107676.70924963342,110489.96258104424,1.0286042786045024,1.0261268509319752,0.9764373232799246
2024-08-14 08:00:00,168.0,410.0,1028,1042,999,121844.08960714788,125348.34178262913,121413.87021214142,124696.60715866764,1.0287601326152112,1.0270375776737075,0.9717898832684825
2024-08-14 08:00:00,168.0,420.0,1103,1114,1068,153337.00199874764,158877.2460983728,152723.14533876546,158299.61564596277,1.0361311622596507,1.0365135899658677,0.9682683590208522
2024-08-14 08:00:00,168.0,430.0,939,954,911,161950.4849236805,166961.78525389853,161493.08155471517,166449.86498717783,1.030943410466351,1.030693472344097,0.9701810436634718
2024-08-14 08:00:00,168.0,440.0,1085,1088,1047,209451.1324535038,216584.3652274587,208916.40972235915,216086.67542624922,1.034056787807239,1.034321218296921,0.9649769585253456
2024-08-14 08:00:00,168.0,450.0,1288,1299,1245,238226.64595539714,249486.08911513112,237692.46939351666,248786.92448958382,1.0472635758883249,1.0466756692981278,0.9666149068322981
2024-08-14 08:00:00,168.0,460.0,1340,1346,1314,264795.63465784094,278440.987301364,264504.93837105413,278076.52712060534,1.051531637449972,1.051309396463943,0.9805970149253731
2024-08-14 08:00:00,168.0,470.0,1269,1286,1232,321773.00009760103,339167.96320280444,321277.10567417496,338534.38051599165,1.054059734968214,1.053714611271798,0.970843183609141
2024-08-14 08:00:00,168.0,480.0,1380,1383,1337,324382.72998590406,340017.0088544572,323800.39828281093,339450.5472462042,1.0481970136610925,1.0483327044882886,0.9688405797101449
2024-08-14 08:00:00,168.0,490.0,1363,1360,1324,300593.1130659599,315780.9911151637,300068.4749451766,315337.6949912295,1.050526367335206,1.0508857854822724,0.971386647101981
2024-08-14 16:00:00,176.0,10.0,11,10,10,315.12255049674405,244.10156399261092,304.4303944324909,244.10156399261092,0.7746242330414658,0.8018304625845819,0.9090909090909091
2024-08-14 16:00:00,176.0,20.0,25,24,22,710.7354713782725,630.190255777711,673.7374118748489,607.354383681819,0.8866734265501529,0.9014704734767481,0.88
2024-08-14 16:00:00,176.0,30.0,14,17,14,245.03204620900704,302.3838282741735,245.03204620900704,270.55506916983927,1.2340582913642513,1.1041619794459931,1.0
2024-08-14 16:00:00,176.0,40.0,43,43,42,2925.5084990324926,3047.026230300842,2915.400775892517,3036.210871114257,1.0415373024240187,1.0414385892398466,0.9767441860465116
2024-08-14 16:00:00,176.0,50.0,75,81,74,2422.382647542106,2611.1466015893175,2412.351214292053,2525.9720064158546,1.077924911755268,1.0470996061645799,0.9866666666666667
2024-08-14 16:00:00,176.0,60.0,152,145,141,3503.9411087140384,3519.6611522987214,3369.727551224816,3476.8253287645216,1.0044863892105915,1.0317823253992087,0.9276315789473685
2024-08-14 16:00:00,176.0,70.0,245,246,236,6061.466080508746,6270.197219926713,5932.511225849833,6159.554800402643,1.0344357514577476,1.038271073734089,0.963265306122449
2024-08-14 16:00:00,176.0,80.0,366,377,358,11823.56743715336,12318.726329207318,11727.972600725254,12102.905678100407,1.0418789755871831,1.0319691297157334,0.9781420765027322
2024-08-14 16:00:00,176.0,90.0,441,449,433,21142.820596817983,22313.000458158214,21028.69792740627,22123.170017193162,1.0553464404610398,1.052046593353766,0.981859410430839
2024-08-14 16:00:00,176.0,100.0,454,449,441,44810.076533315456,46546.01984570931,44652.07392844459,46458.65218054231,1.038740021144646,1.0404589998438323,0.9713656387665198
2024-08-14 16:00:00,176.0,110.0,409,418,400,44634.20083316817,47391.00592920941,44481.05056174513,47175.15525743556,1.0617644103530721,1.0605674700050236,0.9779951100244498
2024-08-14 16:00:00,176.0,120.0,439,442,428,30360.683805510555,31511.782867953487,30218.4614423018,31258.39055456945,1.0379141349324288,1.0344137015133368,0.9749430523917996
2024-08-14 16:00:00,176.0,130.0,484,498,473,38431.258484400154,40106.29265903476,38246.73050896962,39802.4013459126,1.0435852022726377,1.0406746097311024,0.9772727272727273
2024-08-14 16:00:00,176.0,140.0,632,633,616,44907.32987407626,46516.133338635846,44698.43299899853,46326.248940028985,1.035824963743576,1.0364177406636812,0.9746835443037974
2024-08-14 16:00:00,176.0,150.0,607,610,584,55123.13941385409,57741.670155800755,54783.76096255172,57446.13705850528,1.047503294801249,1.0485979065543432,0.9621087314662273
2024-08-14 16:00:00,176.0,160.0,728,724,698,67853.17434384151,69751.75272777649,67470.92855617587,69449.14456209987,1.0279806862728935,1.0293195313634516,0.9587912087912088
2024-08-14 16:00:00,176.0,170.0,669,664,642,89986.07440326377,92854.37896779674,89664.36337715409,92601.46759179822,1.031874982696533,1.032756650513313,0.9596412556053812
2024-08-14 16:00:00,176.0,180.0,714,729,691,131591.29378975392,136441.408310529,131237.07862724294,135985.92076955282,1.0368574119236504,1.0361852167998815,0.9677871148459384
2024-08-14 16:00:00,176.0,190.0,1000,1013,973,146105.51929347237,152565.54043313873,145672.90646738466,151906.23301426618,1.0442147645818263,1.042789882470541,0.973
2024-08-14 16:00:00,176.0,200.0,972,973,947,251089.7726468786,262376.7824693129,250389.50458511946,262064.63514299074,1.0449520890614203,1.0466278751468288,0.9742798353909465
2024-08-14 16:00:00,176.0,210.0,1013,1020,993,276875.7579123365,289708.018212758,276348.97123845527,289405.07927448704,1.0463466371963284,1.0472450032200986,0.9802566633761106
2024-08-14 16:00:00,176.0,220.0,1037,1043,1006,231822.9666336053,237322.8421728409,231217.483115478,236760.13365919102,1.023724463624556,1.0239715892977903,0.970106075216972
2024-08-14 16:00:00,176.0,230.0,865,871,835,241689.5000144447,250476.96205353303,241219.4839950453,249933.3977493553,1.036358476634538,1.0361244191803718,0.9653179190751445
2024-08-14 16:00:00,176.0,240.0,832,827,803,317873.56989908783,325260.9146390902,317406.8641424329,324983.49565254117,1.0232398835245962,1.023870408507323,0.9651442307692307
2024-08-14 16:00:00,176.0,250.0,954,973,934,291178.0612479263,293686.23521183064,290788.9686784256,293109.4739003988,1.0086138837285845,1.0079800318166106,0.9790356394129979
2024-08-14 16:00:00,176.0,260.0,907,923,890,243387.1951020529,249803.40194065042,242951.04335460614,249366.76322246026,1.026362138057046,1.0264074596234183,0.9812568908489526
2024-08-14 16:00:00,176.0,270.0,750,768,737,127021.18665147651,129763.72422196288,126682.65870428293,129366.95461220593,1.0215911820916255,1.0211891346090942,0.9826666666666667
2024-08-14 16:00:00,176.0,280.0,704,724,675,85815.01174007644,86554.28160065127,85336.10345150117,85970.62777929706,1.0086146915974794,1.00743559058982,0.9588068181818182
2024-08-14 16:00:00,176.0,290.0,737,739,701,58959.42578751342,59759.893061949144,58393.22162449511,59307.82981418268,1.0135765785325075,1.0156629171031026,0.9511533242876526
2024-08-14 16:00:00,176.0,300.0,677,681,647,71903.68282303168,74821.6212031248,71499.93348055627,74325.83942361755,1.0405812089941862,1.0395231968129,0.9556868537666174
2024-08-14 16:00:00,176.0,310.0,659,670,637,71427.16367515213,74747.234352512,71061.50932560125,74239.88606326818,1.0464819055738992,1.044727121163494,0.9666160849772383
2024-08-14 16:00:00,176.0,320.0,818,831,791,107095.70208094019,110313.6994812142,106706.6065611055,109811.57812012348,1.030047866886777,1.0290982129324853,0.9669926650366748
2024-08-14 16:00:00,176.0,330.0,826,837,794,118252.4742218491,122419.36530101832,117625.85512483383,121898.86189633851,1.035237242236064,1.0363271048441673,0.9612590799031477
2024-08-14 16:00:00,176.0,340.0,825,839,809,126586.19359895636,132263.87780289073,126190.30084700618,131851.2868475847,1.0448523179543743,1.0448607061127617,0.9806060606060606
2024-08-14 16:00:00,176.0,350.0,823,846,801,108404.84187991756,112624.4187946475,108025.30352703115,112092.1327529612,1.0389242476770923,1.0376470057768679,0.9732685297691372
2024-08-14 16:00:00,176.0,360.0,940,982,926,100157.39806624348,104979.77765684713,99918.09005177644,104263.04410643339,1.0481480118664241,1.04348515921797,0.9851063829787234
2024-08-14 16:00:00,176.0,370.0,1115,1153,1091,116426.24110075668,121656.707664902,116111.02871997649,120857.62462014321,1.0449251518789378,1.0408798023107177,0.97847533632287
2024-08-14 16:00:00,176.0,380.0,1003,1017,975,152370.49786662363,154757.99035136268,151894.92501627104,154289.008747951,1.0156689944455581,1.0157614464829785,0.9720837487537388
2024-08-14 16:00:00,176.0,390.0,1000,1012,968,117734.35016442937,118079.24872626684,117336.37698549201,117587.89910358301,1.0029294641823374,1.0021435988101295,0.968
2024-08-14 16:00:00,176.0,400.0,1099,1104,1072,102967.0017169133,105589.91200689963,102577.42015847468,105171.67245158242,1.0254733093733999,1.0252906759509044,0.9754322111010009
2024-08-14 16:00:00,176.0,410.0,1079,1089,1050,120484.34342015143,124921.31254979587,120059.81098682352,124483.22610233148,1.0368261053983745,1.0368434289472055,0.9731232622798888
2024-08-14 16:00:00,176.0,420.0,1142,1167,1116,138783.993351506,144694.00940817763,138301.8337354519,144044.50970954957,1.0425842772927205,1.0415227753601768,0.9772329246935202
2024-08-14 16:00:00,176.0,430.0,969,996,953,151189.07313295716,156389.4225172886,150965.6298244869,155914.54100655258,1.0343963308760957,1.0327817079147041,0.9834881320949432
2024-08-14 16:00:00,176.0,440.0,1135,1148,1105,178119.92006339494,182976.06326656853,177656.78319890733,182433.17800852106,1.0272633358551095,1.026885518940563,0.973568281938326
2024-08-14 16:00:00,176.0,450.0,1374,1386,1344,219790.51858228506,228847.41711612733,219410.64519352373,228347.3460012943,1.041206957389527,1.0407304795986003,0.9781659388646288
2024-08-14 16:00:00,176.0,460.0,1388,1407,1372,241250.3613687149,254004.70595590046,241054.78784426328,253611.32279481884,1.0528676703936308,1.052089962878762,0.9884726224783862
2024-08-14 16:00:00,176.0,470.0,1356,1380,1331,298790.6271052013,312955.51306616433,298501.8052939095,312394.693103346,1.0474073972741311,1.0465420562390144,0.9815634218289085
2024-08-14 16:00:00,176.0,480.0,1460,1471,1433,300141.3093950744,316602.6545055595,299777.58981336554,316158.99065457535,1.054845316506623,1.0546451816208426,0.9815068493150685
2024-08-14 16:00:00,176.0,490.0,1417,1443,1396,273378.1110715089,288178.2512869923,272905.4426586902,287643.81312326516,1.0541379855083277,1.054005410522382,0.9851799576570219
