r_bin_km,-16.0,-8.0,0.0,8.0,16.0,24.0,32.0,40.0,48.0,56.0,64.0,72.0,80.0,88.0,96.0,104.0,112.0,120.0,128.0,136.0,144.0,152.0,160.0,168.0,176.0,184.0,192.0,200.0,208.0,216.0,224.0,232.0,240.0,248.0,256.0,264.0,272.0,280.0,288.0,296.0,304.0,312.0,320.0,328.0,336.0,344.0,352.0,360.0,368.0,376.0,384.0,392.0,400.0,408.0,416.0,424.0,432.0,440.0,448.0,456.0,464.0,472.0,480.0,488.0,496.0,504.0,512.0,520.0,528.0,536.0,544.0,552.0,560.0,568.0,576.0,584.0,592.0,600.0,608.0,616.0,624.0,632.0,640.0,648.0,656.0,664.0,672.0,680.0,688.0,696.0,704.0,712.0,720.0,728.0,736.0,744.0,752.0,760.0,768.0,776.0,784.0,792.0,800.0,808.0,816.0,824.0,832.0
0.0,1.0103776975022274,1.022596006487098,,0.2828449017807913,0.3302128152632038,0.19716852004215948,0.25597267612067576,0.3801533259896052,0.358940447483369,0.3956047109173656,0.6123707367426277,0.5280702706509921,0.6213925963951278,0.9813791706502634,0.5743663138115523,0.7206071429098588,0.9303331235891067,1.0068808832572587,0.70165243011064,1.024240052917757,0.8100457782630582,1.041771794511746,0.9936758610725372,0.751476632360962,0.9798250832513878,0.7549934874340233,0.7751612262338167,0.8182128839998789,0.9840191590385199,0.8398319256975473,0.7942573233497701,0.9825269329203473,0.9505530544481801,0.8237854887841708,0.8044978933955776,0.5155962297703186,0.8882930012952678,0.800253964368579,0.7144638566590263,1.005677979859777,1.0707536115026415,1.0395772747253258,0.9974375256589381,0.8899671080105134,0.5309210355883069,0.7802165919264624,1.1720098207673921,1.2747754679596244,1.0500783083884644,1.1585472907970615,1.185202195605136,0.9424228960710992,1.071789998302484,1.0399396986163132,0.9655429836223631,1.072660885606777,1.1933608111187208,0.9002563844748137,1.309125152084363,1.1159558926944624,1.0989992969686893,1.0351033751962748,1.2540295202874305,1.102040824665904,1.0879855635677829,0.8053799756711122,1.0303598637825961,1.2328223908837532,1.1094386355244705,0.847854117697031,1.2020124198620512,1.0728007947370208,0.9640170236830709,1.146691175636858,1.2040889150703598,0.9764310459894673,1.2677248554286185,1.2475012438089559,0.9537438236210777,1.1886657830101015,1.0494225389623004,1.0125524625658409,1.148743267129629,1.2743881911510175,0.9580913684597564,1.0091489960699884,0.730122900926069,0.8375216666020436,0.8872890997378734,0.8873484854075854,0.9664670387032084,1.0968933867504727,0.9373836146713634,0.9213030120484428,1.0393900645274967,1.0312944429168613,0.9611728936681768,1.0432309984782524,0.7090392219632928,0.7110494841432254,1.048536809201938,0.8160614142317574,0.8488070468148913,0.9700309758586557,0.9363522854277002,0.837138286767295,0.8903627971015571
10.0,0.7936730289969928,0.6977319888405485,0.6965821305327706,0.752826329687722,1.3198714629621584,1.7011051912071609,1.1705576197811778,1.5267878440347369,1.5934738265709736,1.2370833344352756,2.066549622727201,1.7185233268867524,1.515588278255571,2.4466523245562657,2.1396989345396347,1.8267065725923906,3.034683196977115,2.885681138086484,2.196667482127449,3.1743571322904436,2.999144835168093,2.168400806530156,2.9743040358832333,2.557024982424888,1.7435998611652517,2.4020453798394805,1.9706621474950654,2.0225302532284926,2.5173045651555452,2.084900571711758,1.7292476312731562,2.066621552290726,1.5233341539540466,1.742354948055525,1.827168252246216,1.7520883879293516,1.4492004908330989,2.122260598767833,2.190363946755483,1.905436970202903,2.322029225126525,2.399944772286232,1.8287770000994692,1.969429595469162,1.8176137141032147,1.5605266928672687,2.4831798317945353,2.305757844656061,2.0434075341607563,2.404247849065274,2.188067955407922,1.689397378508996,2.139432920507205,1.8228013346317598,1.7217235869156475,2.3493997811569245,1.9297220577706669,1.7193121748414752,2.4274460033801915,2.9243073872884318,1.950526142252219,2.7995576029015314,2.6956244812254977,2.1445613993559984,2.439990064465852,2.5661517838360997,1.5286532087198292,1.966061571869048,2.391287741464287,1.9106162551296755,2.319062684881985,2.4242181730096704,1.8955717128035543,2.067502507037216,2.093347077354417,1.73747948120773,2.1308701812397386,2.4607500175100956,1.7945068305789895,2.4798946338487506,2.4265359304186007,1.9157155740658296,2.2351322050361495,2.712760965720427,1.8720595886801403,2.277115749457655,2.268723456540902,1.6994265188476598,1.8702070963518214,1.9714715959101181,1.8154707237115093,2.0349066603042445,1.8392848086888003,1.6316067931265972,1.9376863991542495,1.8609556028667584,1.6510682824121308,2.041519167867103,1.9737172909061758,1.6695651655026915,2.201826111726859,2.0745591699037105,1.8627900716558499,2.338136622573758,2.4471636082580353,1.637878773535394,2.366447700440317
20.0,1.0496309058808542,1.0204900806913035,0.7923855805566783,0.6279987053077145,0.7333041820490357,0.7070287127730366,0.6848744961326879,0.7887740405775602,0.6697998563888147,0.7003852571370066,0.8616290528479458,0.721467525793207,0.7426573195474669,0.8489525538512542,0.6971252022582983,0.7661087879424642,0.8930472212935684,0.7503274676235477,0.8419165792233493,0.8761483790977832,0.8711859079601324,0.8779555479058563,0.9060467706352154,0.7701680849530272,0.8481940829863898,0.8781941549490684,0.8134798775455804,0.8990028409778293,0.9034519758808025,0.8706530603857818,0.9410203589898353,0.9102578140753781,0.9074587603728025,0.9610006943727251,0.9258435294015782,0.9270166546397852,0.9679031141233503,0.9501703532300431,0.9857352673406744,1.009344025238985,1.0219085330465751,1.0916397600154026,1.022628936736935,1.0478168605162494,1.056182249257663,1.0845020000839216,1.0652356122938873,1.0262293623556467,1.0723921639794636,1.0534870595967136,1.089276564254914,1.0996604690524638,1.074715161589702,1.0946006013858893,1.0728120250733582,1.0557539754242047,1.1129748206180787,1.1003169389181944,1.0756340090191714,1.1358253531369205,1.11474685588094,1.0870977703939328,1.1584416090534548,1.062114576829015,1.0996151258510674,1.1285178450391185,1.127115140721121,1.1169707111650042,1.1704249541189287,1.146056923948235,1.1318584092383386,1.1726301526877234,1.1567295737406407,1.1367702098700339,1.1717845188117104,1.1656530942526724,1.1220266480005108,1.2212318374645696,1.1639528482713608,1.1296632074122344,1.2008994331826697,1.1494152456765045,1.1183433256603992,1.206752948422304,1.0747028925217579,1.1460450855404827,1.1665333543198606,1.1404342448348619,1.0973637503601477,1.1102357949726662,1.128200776459179,1.1179180824675243,1.16337357312408,1.1585338856259124,1.143945353373835,1.163696776143233,1.1496898018677244,1.133045791625406,1.1837120715842953,1.1740213381094453,1.1540355891118494,1.2078639541641782,1.1326632424780114,1.1453706790509672,1.2413038419261797,1.0544237291600012,1.2441385137513024
30.0,1.0656425517113974,1.0308238500995448,1.1592371380482664,0.8111965050939915,0.6888496987785501,0.846110697563295,0.8312461445602602,0.7449071765439115,0.7827537972287832,0.8266153669250157,0.8077202588037941,0.8017019505404076,0.8535927551935558,0.8055260716466206,0.8058231718857854,0.8951626898716343,0.845062642907186,0.8258019465477436,0.8833677787909993,0.8536639685584024,0.9128765160831588,0.8859572368016579,0.89570755884777,0.8410176394670966,0.9508441915435673,0.9150830074726679,0.8760201313389164,0.9844327103313061,0.9351730918270382,0.9130498206776162,1.0040304640846252,0.9568756680047298,0.939181578370227,1.032332978171148,0.9967461590463296,0.9855570643529845,1.0671701217526046,1.04356980453298,1.0454776542267123,1.0766766690337042,1.1058011896941096,1.1820452710457796,1.115734648514908,1.1575547154147587,1.1302935270928425,1.127748135085888,1.1453872718623463,1.1538377057346425,1.1415043350968177,1.0997689545944052,1.1155629946863543,1.133529703435652,1.1190340704581374,1.1387323456641927,1.1292294500777649,1.114324998387415,1.1457171366522543,1.139140772224237,1.1328116288597685,1.172862307684893,1.1306335716160119,1.1198633670018576,1.2066853208744681,1.0976587384477767,1.1597146345859395,1.167158934115516,1.144472203738822,1.1661099380431106,1.1997965726008877,1.1626253743547552,1.1740566437420932,1.2085188062706178,1.1810755435688653,1.1835634946384332,1.213602885853287,1.1778156730548566,1.164546125426103,1.260142203665977,1.1979112299100512,1.1905154087858942,1.2477925787161437,1.151573907603849,1.1557696006313112,1.2632448737116166,1.1207779641690048,1.2209929582241426,1.243505669151839,1.1684659045031074,1.1776290788777184,1.178794110428047,1.1598306111912693,1.1904139935124172,1.2235205133780727,1.1803238840622154,1.2060233010338612,1.2126120024437252,1.165546282964308,1.1986269042148132,1.2398121130343898,1.196368021316672,1.2120713338796942,1.2533108947268679,1.1606033526050288,1.1977952259278786,1.289212081568528,1.0753532045454486,1.3114092537102606
40.0,1.0930282831229907,1.052072748884805,0.3703640152058228,0.2048350606028716,0.2764795903982787,0.3651952195726043,0.35587403035426673,0.4288569673754467,0.46114169134450494,0.47382290923698,0.5741125270284061,0.6008368953792965,0.5979209505689363,0.6650747564824674,0.6792333267521885,0.6986212538103409,0.7445363426908704,0.7396571577318948,0.7504016305632855,0.7564399008071836,0.8190192617905199,0.7492118501759721,0.7462162649660281,0.7007492994636806,0.7194760461708574,0.7004452787556968,0.688095332155563,0.7259436380644001,0.7040772071144079,0.6890875418567151,0.7254568660286118,0.690505089877982,0.6879729214859104,0.7239096247389439,0.6862240263661498,0.6907952466657572,0.7272680583547719,0.702394856530434,0.724400096602706,0.7335126584144916,0.7301408309958196,0.8349964212309982,0.7500936869610709,0.7299854893274454,0.7357869611130535,0.7560629496712397,0.7865108155565396,0.7929597621913286,0.7801132441535352,0.767196207310147,0.7659316055145673,0.7824635843178551,0.7646864395081866,0.7875395087866212,0.7818139413605578,0.7646660910897237,0.7834386069448425,0.7874251927532613,0.776810207070981,0.8230404921127811,0.792070809902457,0.7976299674819741,0.9140183798794501,0.8114524863513837,0.8168543076421955,0.8231903456538895,0.8272417873527372,0.8238069457260978,0.8477851909090932,0.8504737617044195,0.8425420117164979,0.8775535502809876,0.8521715008751547,0.8436258229410076,0.8750618204771865,0.8631560303854541,0.8271465368803677,0.9259094399326744,0.8779390753595847,0.8349939726344963,0.9013650119620342,0.8420206385901455,0.8314740133212762,0.950594554425844,0.8348888641996032,0.8629954200271268,0.8977342062826125,0.8757952992921845,0.8215466959437164,0.8510249887050672,0.8627234320229653,0.8537603612271918,0.8792012778872105,0.8593240416615338,0.8565287216282099,0.8780345278765331,0.8655699376887779,0.8406076603011423,0.8913060094871695,0.8709595531920161,0.8621515775533904,0.8909785880406004,0.8457455208334432,0.8541059418420512,0.9587410590982421,0.7851697719996111,0.9093994372812361
50.0,1.0688254047464738,1.0163258140340539,1.0738803437079232,0.8375699453860003,0.9072255265792271,1.0295672547077475,1.0327348661117453,1.0762215445797552,1.0840830921839602,1.1130314306524103,1.2055805493333283,1.1918001665699567,1.1697080882948716,1.2262483223379321,1.182798542892684,1.2466075802199843,1.2996798791056006,1.2959102642661484,1.3180797433797373,1.3076717740425994,1.3812412659528677,1.2944535715736274,1.3554343182585986,1.2804070831503342,1.270632409828674,1.323154009789828,1.248371745356727,1.2614831694777235,1.2993531432790562,1.276993292178577,1.278008490447245,1.3009931407680055,1.2655720334333334,1.2863758736128703,1.2962600178784864,1.2959267425531524,1.275923318266523,1.2962096160944092,1.3057951951532392,1.2605915885182921,1.284708005203793,1.4526897613081904,1.2455343223563216,1.315238307012016,1.3078214896044962,1.2452855708754234,1.4148241652921418,1.4180170660569138,1.2939767039635088,1.3226569098425718,1.3111138262768764,1.2747548069729073,1.3409963512300334,1.333542835084841,1.2575310208823556,1.3168869408071162,1.3244332638272085,1.2707105262633531,1.3264079798862323,1.4121004257870104,1.2732829803682657,1.30429097202871,1.4271279089206994,1.230876745110797,1.3240547863042302,1.3675937627599581,1.2783113035243037,1.339865022990278,1.379160932876487,1.283514871256638,1.3708128514597662,1.3763868833533153,1.312682331942437,1.3599530850616162,1.387247718852087,1.298511691374868,1.3301103027546706,1.461761001196143,1.3201099523073108,1.3640390406990937,1.4371809202102428,1.2853217480431862,1.31882064731141,1.4470578698185803,1.2390530894641743,1.3784507104300403,1.4224455103501514,1.3011691555801448,1.3357623329551884,1.3130422448074057,1.2918125075982227,1.3172060396344718,1.3721466123660189,1.3105199604573914,1.3517314038690285,1.3684402689312034,1.288681885707688,1.3320213818512672,1.3736223112852477,1.3054041416099365,1.3133753653412064,1.3700780713560248,1.2196894267255318,1.3096865643461764,1.422599073148278,1.1541225281769494,1.4061183692540113
60.0,1.0891072496852174,1.0415358417762937,0.5863749086722393,0.575557421564531,0.6426438529416753,0.819310949919538,0.8871409443988171,1.027908454780533,1.0744470882052375,1.170514884160407,1.2445748370293606,1.267176038136191,1.32272607995354,1.29496605325534,1.3022865369461614,1.3677810975815599,1.3719668093868722,1.3810491820884159,1.4343861335698362,1.361129332695349,1.463702981911784,1.352617396103495,1.3837837454131368,1.3332326959668337,1.36994968389224,1.3506128869551417,1.2884656198465885,1.3593435937184126,1.3281666189072037,1.2655785023868007,1.3540533126397063,1.2977654992263987,1.2734462498405725,1.3348801741387506,1.2733877476535846,1.2737461484348276,1.3453375034955541,1.311435563008237,1.3306284785328326,1.3335915986380156,1.3119455719782613,1.4525735912712565,1.3354624803321207,1.3413378250083026,1.299402137578181,1.2599342199687893,1.4002647397369037,1.4306425289868356,1.35720189492655,1.3654991752657824,1.336798315801151,1.328836364864673,1.365571637798153,1.4238910420774502,1.3300632530982246,1.3420185879255586,1.3475938375159324,1.3307095715381942,1.36718024155635,1.4171003720778863,1.3277922989086854,1.3516139814814274,1.4847341896393718,1.3235418795712794,1.3690116064593627,1.3752237254276252,1.284961329930218,1.362728018726844,1.3557950376435906,1.3233709352006262,1.3636991651309869,1.3830228507543751,1.3517159769055136,1.3618436229868938,1.4080802466055242,1.2876209672168475,1.3286920388424306,1.4446031169080134,1.3180014638140665,1.3500429525971174,1.438241915148236,1.2962150009878108,1.3531810965216142,1.4602662936939048,1.2949180866255179,1.3918671272623333,1.398167767752337,1.31297800412608,1.3039818497970725,1.2920348292416846,1.2567637547248378,1.3245810400204217,1.32067939727978,1.2923497654431315,1.3347587244804544,1.316611398883072,1.2750864198781453,1.3086397442631383,1.3366614937385792,1.3200327514240824,1.3351910598153462,1.3441195937924981,1.2195724052598882,1.3326355420823424,1.4622713705272923,1.211779076789938,1.4380670854774826
70.0,1.077114984856771,1.0231888345144735,0.5549664556335785,0.5651881595444354,0.6252609322287698,0.7611302727175295,0.7806516244765371,0.7902738030223783,0.8406719936160199,0.910669629441877,0.9926640748470095,0.9839163336793773,1.0358861639325405,1.0624422075449467,1.0214535515143024,1.0987801987539794,1.1004182133198488,1.0865791891711747,1.1323234083124076,1.1139713943727534,1.1868749129155647,1.142577681481229,1.1384652526334664,1.0778079104519973,1.1389327652421095,1.1358892195553147,1.055843354792635,1.1452711236812163,1.130127060272757,1.0841951050344685,1.1628531543494178,1.1248974674614376,1.0660375023014217,1.1495349059137439,1.1444740563129163,1.114946876307579,1.1610904884976,1.1457663201715904,1.1456341553821594,1.14186844078812,1.1675550735945033,1.2723398116489364,1.2036077121997586,1.2102963772962585,1.150159094579712,1.1541404614431146,1.2218537175680175,1.1926535598451227,1.1720329304656416,1.151774232551752,1.153861606039373,1.1493778910566759,1.1739857531569506,1.1620135766300181,1.157598880778753,1.1584622270958365,1.166562491533827,1.1721807099148833,1.1897469138206536,1.226201105373098,1.1585288936420668,1.177449347379444,1.276694505607368,1.1601368156481469,1.2047840977142625,1.2122619806485417,1.1643473185960729,1.1967778337105488,1.212411521260754,1.1730255614656324,1.190455223478489,1.2319887767725595,1.1842273829281982,1.192294741464937,1.190881119728842,1.17431730307857,1.1729485664996928,1.24757803993246,1.1957402135926558,1.1863671070568504,1.2529638479934326,1.1461608462592716,1.1591567591269258,1.274020792719042,1.1596536318369643,1.2500651540225256,1.25397318895998,1.1768893875368676,1.1663953508834293,1.162286637865113,1.1626796622746736,1.1813529480192493,1.2052828337916763,1.1569203990330146,1.1752984986587331,1.1849239088914973,1.163891704190054,1.1778563789291832,1.2176895535024512,1.1957830757699401,1.1854504468372564,1.2248292464004154,1.1254375045751817,1.1970881619947893,1.3010684088588118,1.1080285779109416,1.295954323847542
80.0,1.0624909778813254,1.0181366786469779,0.6013303211129699,0.6225465983743871,0.7562189616927595,0.8353840314737985,0.8036148952240868,0.8888521192851685,0.8721577804445735,0.9180577150106849,1.049214741935729,0.9743594446049647,1.0102276738952625,1.1275573690893532,1.0011030309080686,1.0416944778788,1.1406296032638392,1.0990260295861092,1.1117147730281107,1.1567978379607247,1.228657204881678,1.17148060093513,1.1848498092573894,1.0515306837596818,1.0862406235771518,1.1509327557770215,1.0317759335113388,1.097278783069838,1.139820219904641,1.070977541623967,1.1076989406078857,1.1398862438847852,1.0441248715634335,1.0981072041534872,1.1384762386640643,1.0597178047719649,1.109279992447525,1.145359906272832,1.1059048606855904,1.1212936184400593,1.1860653253965174,1.238112104481595,1.1831653269842874,1.2201863761378577,1.1277742135981792,1.1252850898175053,1.2489853121972805,1.1885393858625382,1.1516055546469341,1.190984325390483,1.1409917442571946,1.138818237680472,1.1932278028071108,1.165904157656368,1.1479215312422517,1.1888380129384062,1.188524309058268,1.153510956901667,1.2096008273802272,1.1989955727627593,1.1809856258202096,1.2190830181876453,1.3163334304496062,1.1913541000877788,1.232621476323282,1.2035724277191997,1.1793060573038416,1.215737135637961,1.2305565436902752,1.1941490292278882,1.2448086076288039,1.2613560551063387,1.2204764723232913,1.2349574535721,1.2524923327882453,1.1907394798344328,1.2150244628206643,1.3162605923875987,1.2078344541243686,1.2419572631379712,1.2910610840756431,1.208751147830447,1.2143358846073622,1.3418294338651464,1.2025169153789224,1.3152846319562952,1.2937618017378774,1.201133790728339,1.1969139029443776,1.2044939223788178,1.1816734389652574,1.2165715280738991,1.2307107570468656,1.1932763273859854,1.2288264073187334,1.172154166134638,1.1627301755731234,1.1926012302840143,1.2113505814007066,1.1899277339266987,1.215202046168913,1.228745621081393,1.146422675186068,1.2286227948648674,1.3219686891117939,1.0979871150348797,1.3219685022389533
90.0,1.0621710339210113,1.0170538643738698,0.35435974493023165,0.25013900609763157,0.33624429721764154,0.36520374877802825,0.3846740291969109,0.49631371287518317,0.5022189862235502,0.5126321367506878,0.6183939617846489,0.5967499329134338,0.5894104166430613,0.6952665367220581,0.6382853584051363,0.6545649606949926,0.7708129181649864,0.7817117778249187,0.7150195027691877,0.7760538528166924,0.8136720105827108,0.7590474889560181,0.7639839368627056,0.6903938084157938,0.6972340471627549,0.7577060193797981,0.6838538009954429,0.722000448920582,0.7478150128688829,0.6894603910931927,0.7254513627621711,0.7270300619970601,0.6829252041158604,0.7329301456630846,0.7437136911580369,0.7268550085760503,0.7492740423689206,0.769331385750434,0.7664272456324775,0.7587213912447106,0.7756730710267119,0.851685708074515,0.8026283272606874,0.7992494363611795,0.7488459800187462,0.7578767924923567,0.8513910805566999,0.841276972360787,0.7899339658401576,0.8204103695270089,0.7837572831911889,0.7876886598011651,0.8085157978067721,0.8139891490315098,0.7971350202452784,0.8141777379161323,0.8031237969250573,0.7905334923680716,0.8239628096715801,0.8890113470237456,0.8284892938643922,0.8434003284868806,0.9254481345819178,0.8427433182606127,0.8558760296761921,0.8561534828318047,0.8205057807821332,0.8799626814661884,0.8605172717085668,0.8399183593515829,0.8677689887288823,0.8957253299822369,0.86799455198744,0.861283840113453,0.900656881585198,0.8517527975905813,0.8472947654999582,0.902581679139379,0.8751030173067047,0.865012878443591,0.9516199974059345,0.8671366869340175,0.8626890407199347,0.9583385398718924,0.8602080805855172,0.9308797871440223,0.9158356499236213,0.845527660428708,0.8547561675396478,0.8569658356003321,0.8380120004344445,0.8662287672093405,0.9052760373931018,0.86234954290654,0.8866711884813407,0.8910971738209783,0.8724139942358857,0.8648694607538333,0.9076207630046912,0.8663776298251874,0.8899670953871244,0.9410616388170601,0.8755512341812889,0.8832342983069186,0.9862221300432777,0.8224638366081068,0.9246795613998088
100.0,1.0327530677210661,1.001755559972236,0.7028036813978287,0.5362354481879997,0.5451262213501364,0.6185575962529855,0.6864980401045989,0.7320739480583135,0.7604044977689756,0.8429588428288706,0.9629061200987726,1.0239429061470107,1.016471763283204,1.0610245313948399,1.0266189756106243,1.0533036680829708,1.096605118969573,1.1492360853149726,1.1159503602192624,1.1220973265722385,1.1876276168964586,1.0578597679909303,1.086461418626072,1.0428425592288328,1.068010387051567,1.059846852469935,1.0314957283701678,1.0633481472741795,1.0521947540948824,1.0310494137872486,1.0695944243803808,1.045391010046388,1.0166483340789625,1.0658060360518085,1.0562106154830853,1.0570239510046182,1.0763004515811585,1.0577748923570438,1.0940394856672941,1.0498888080325761,1.0639564532351518,1.12276246471263,1.041056970794172,1.0733747133726117,1.0485472184430982,1.0553958920614077,1.0668004669583528,1.1786813358792256,1.0927287547988744,1.0770102703388549,1.0906812692432197,1.0658796796592827,1.081776478684312,1.1041444971655832,1.0761793100753017,1.0685979901179001,1.1143317258229797,1.079609740994728,1.0944610950291533,1.1681774296511631,1.088580229067504,1.0902228584184412,1.1959062243600382,1.0550965255467895,1.109635865487347,1.1225960306853167,1.0850773730886416,1.1062386223884002,1.1418853680996488,1.0905449151402717,1.1097981966544779,1.1668063360002585,1.1265215626905172,1.121957985281007,1.152333512455602,1.1029900119264513,1.0946820237324248,1.2180087340067587,1.124177272445479,1.1204978338761016,1.205446790060665,1.103060920293852,1.102371638226978,1.2190773533602335,1.0619558022020679,1.1706554180205737,1.2152898512669783,1.1197444683375608,1.1026376262197775,1.1562670323593403,1.1139167629605002,1.121431662431794,1.1560682927500978,1.1005101997580338,1.1264663750825339,1.151308796202146,1.1106536911998626,1.112153332458596,1.159950542654087,1.132209956888303,1.129452758221003,1.1986231859362613,1.0921312519743134,1.1440113333091195,1.2390420170143355,1.0208492223303356,1.1862888639201352
110.0,1.0675986817512206,1.0320204640627444,1.0696190191981998,0.6735893816756491,0.5057759259438689,0.5383437584058639,0.5784820655094491,0.6330814483012475,0.6666941116528857,0.8275920258058127,0.9786815973300252,1.0219653258793886,1.0240101593426343,1.0716631547691033,1.09966147217932,1.0658022341898683,1.1112856932619593,1.1522973827349725,1.1232489902216487,1.115119276654746,1.1811013391948852,1.0855756752073873,1.0982466661809507,1.0240121700704174,1.0446772910712132,1.0765411136432526,1.026747804269562,1.0695066011635384,1.0842992144950379,1.0364738610210136,1.077724126679427,1.0762044467388918,1.0284863442701768,1.0702246178599644,1.0618255515300816,1.0543211161270254,1.0738557178365908,1.0858462562576148,1.1332401009482043,1.083325968029394,1.0874166225008852,1.1650159075119069,1.0817379708219523,1.1002052636923176,1.0729134403396574,1.0532023944988709,1.044931412305893,1.0766155602227647,1.0497266306250668,1.0713608430653487,1.064849134154235,1.0510437195527735,1.0863662138906574,1.099560435664534,1.0646339508604603,1.0813833826051793,1.0984962239428566,1.0783325884149062,1.109117965546256,1.1690457983327345,1.1019957985183002,1.1077262689628784,1.1944609484776785,1.0903370057123292,1.1383551988969594,1.1374419975885346,1.079907298849726,1.1251712943309755,1.1412279098564901,1.1316542268605325,1.1332420939051708,1.1632152139153549,1.1144086595980698,1.1314057833086688,1.153060780215963,1.1021237185685786,1.1124038180847071,1.183246482830751,1.1192930514026393,1.135467576290751,1.220392671543639,1.1315573028175567,1.128052417914215,1.2370054762898688,1.1053042382673663,1.172900231208649,1.1801994071161974,1.103714780289919,1.1146189369231032,1.1305222837809912,1.0879612527006541,1.1216509868351996,1.145317169690413,1.0877162170158712,1.1275989869967658,1.14434678287593,1.0896059852322753,1.1147194557333893,1.1708110379066694,1.1299132711286373,1.1592632443517936,1.2396911738256735,1.105866278049777,1.1768378258438938,1.288279798602391,1.0596794228792756,1.2444915215743928
120.0,1.0640845196482016,1.0355564913834714,0.4559408293057821,0.2936315662195357,0.3091196667570124,0.33865539693571556,0.35851514885430713,0.43251113569337124,0.4414309472414664,0.4886820782618026,0.6316743942670486,0.6018769634628451,0.6326321849529186,0.743797072296998,0.694577274324134,0.7374536049621451,0.8895390139491672,0.8424728657711231,0.864225396850003,0.8906564938438495,0.9508768709643559,0.8825991490131229,0.8896104445110254,0.8163971202534587,0.8381585969012959,0.8695243147339369,0.8153321282169727,0.8448835823216123,0.8656432372423052,0.8240503673796586,0.8489736335979032,0.8839416373279951,0.8354647660250454,0.8574042493212852,0.8781194248875461,0.8503587471122971,0.864527204834489,0.8861260040783467,0.9046128860243194,0.8834430598911145,0.9079271142768531,0.9929473239349741,0.8798604970679825,0.905682107994239,0.8624369623905592,0.8475221887584545,0.868630697511687,0.8148615331403877,0.7810549350407805,0.8431034789062466,0.8244625628389511,0.8064949562732826,0.8670953144848716,0.8709229488223709,0.8576573472992731,0.8962278617804923,0.9056432243310074,0.8735211828426964,0.9323854292181114,0.9849145886945575,0.920764745137531,0.945372822451589,1.0670531312284772,0.923672413562067,0.9675514534973778,0.9683865725901255,0.9073126001894729,0.9635642374991112,0.9779943668902996,0.9186064619904784,0.969281299242313,0.979384898855781,0.9327209591286294,0.9684993635745948,0.9679771727402771,0.9237787426223844,0.9625582019822815,0.9977364438825032,0.9396217069444857,0.987127990465957,1.072565058366163,0.9431478606141999,0.9708757465409265,1.0888738088901444,0.9396726975394953,1.0066802698759432,0.9739987041779425,0.8841557727008614,0.9312138249901907,0.9145427855791869,0.8943202846636291,0.954619148948863,0.9519065819304489,0.9018363271074106,0.9755282631575003,0.9655476930320498,0.9212537247239452,0.9771357934520459,1.0031129026204795,0.9476311771568391,0.994361556198318,1.0392180722265127,0.9373658720830429,0.9959033626422839,1.1116209334845033,0.8514992488085679,1.0647789626707764
130.0,1.0600686573402243,1.0313745013801079,0.23079656439749308,0.12839860972562275,0.14149602530282865,0.14901408012062933,0.17038684640947044,0.192159621385239,0.21012730976409139,0.24546704008423656,0.28560365536971827,0.27634089194626466,0.3203342167504227,0.34150415647169124,0.3235711295264618,0.38196015335136224,0.405696148394231,0.3873729135215366,0.40350114907701484,0.4155045079611846,0.4239591230852047,0.403456289238342,0.416989373205913,0.3807937466617767,0.4172912828520622,0.4125435149802874,0.40393477395609456,0.45003128749106347,0.42820178279164517,0.4182671117565648,0.4610805782529642,0.4314406297449471,0.4300007038646583,0.4635736205744287,0.44111373139958904,0.4430903008664594,0.4767653814995117,0.4528214869549948,0.4695405643965263,0.47055026853047405,0.4646820266857635,0.5083204091082204,0.45933744914582353,0.4579986058095135,0.4573110761168193,0.4772362487707747,0.4100487754791724,0.3904466032948551,0.40562282747628026,0.3956022072954387,0.4014435059479158,0.4235484421112836,0.4211978337444931,0.44253294176182495,0.45418438528848626,0.43385525712285006,0.44320236768859456,0.4569389563536111,0.4503521061075293,0.4780410345320007,0.47201008623115115,0.4658865787605642,0.524260666955112,0.46764963668939225,0.4720157239944422,0.4779952755580531,0.49009390820252635,0.47012522674954843,0.49353642430649036,0.5029245372417227,0.4753418993449383,0.5081282842452559,0.5096476127382422,0.48026799983225543,0.5009640147263983,0.5107613613466442,0.4802092112396813,0.5219747857758473,0.5184401757067213,0.4980263363851712,0.5559339280678649,0.5016715278111582,0.48622107941518844,0.5426087022752137,0.48277066692614223,0.5057506347146059,0.5197098605195893,0.5022379566189663,0.4716259975706059,0.4817722470398885,0.49149601662780484,0.48243009524784036,0.5162597377874566,0.5017469573045364,0.48570525492613537,0.5160354385569844,0.512161039107274,0.48176712601491123,0.5321408961781581,0.5167602498696744,0.49164347531828806,0.5258947500456741,0.4890680035758831,0.49650152882185433,0.5585034059385761,0.45155570715009885,0.5246076964639369
140.0,1.0459101387294454,1.0304806384790914,1.268354758924941,0.9996874278501582,1.058376371545649,1.0711904457263544,1.0721831093175818,1.0941616798524685,1.004303186727685,1.0848771562443928,1.2139743577488997,1.0656590651594602,1.1272552881949092,1.2234443217123439,1.1167263838875854,1.1965044134570841,1.297442278360921,1.2035455424903092,1.284177554299536,1.3411543585066101,1.3111086456355399,1.288445083293555,1.3643030978176192,1.2336798327389404,1.27391081411234,1.3261931109176317,1.2316923860086595,1.2812320442324867,1.3263178202290207,1.2668204165526646,1.281766178672402,1.2997637331841805,1.2282378769680709,1.2854561875534098,1.3050187388407444,1.264566240744262,1.275147563300924,1.3140030855913096,1.2545871361830827,1.267567555053138,1.3141762954701512,1.3360345695259839,1.2689788327067433,1.332838513872597,1.2860531474568548,1.2694717386241408,1.3405287090917806,1.286873404273606,1.2551622731461403,1.3133730842372697,1.250282803592323,1.259954446241148,1.3117948479141242,1.2691496604326418,1.2469705297339928,1.2969437769235648,1.3085400560563567,1.256868694560934,1.3360926159781104,1.3477627170230349,1.27838347420769,1.3285979514114805,1.3845724414175729,1.2401321142573045,1.3590486776444206,1.332357055292548,1.2816837532847765,1.3686232897519923,1.3448828261270898,1.2965297853623865,1.3640884388007406,1.3439335685200364,1.296433333900109,1.350743815152399,1.3467855388702172,1.3038255332270159,1.3256382710807875,1.3919250350649341,1.318280278795956,1.3570820634925906,1.4106460406928876,1.3016881739906245,1.3225019253873656,1.392512072497696,1.23969664525351,1.3804212501004811,1.3633679372424607,1.2850493240387306,1.326685752726184,1.2758877460011915,1.2775205175829898,1.3237834898765948,1.3296022607349764,1.2745993032198166,1.3266913192946095,1.311431239348296,1.2486739219876384,1.2941503465164192,1.3504891569223585,1.2875925276622058,1.325543734892682,1.362487318664266,1.2368269758797643,1.3592384250481524,1.41871209291365,1.1811729973229361,1.4489943703264683
150.0,1.0329345290458387,1.0169367966256848,1.2947369151658554,0.9318778360477483,0.8113274521701025,0.8877764610651069,0.9148008276154769,0.8570792289713476,0.8348415099390305,0.9256376952141117,0.938169570248259,0.876285842545964,0.967523838138425,0.9319298450980119,0.9025631986247954,0.9987667036281976,0.9805220419409416,0.9439757695116863,1.008042772576748,1.001980305461809,1.0100572421833256,1.0133597567547044,1.0419454320450297,0.9803804740759342,1.0684132955481096,1.04886090414287,0.9941057655859743,1.0827845884751168,1.0667917609164463,1.0174911912508036,1.0965268231080538,1.061618532017862,1.0229933496094594,1.1084449747545604,1.0875579897386836,1.0623603354786204,1.1239339009393614,1.1013750042182915,1.08057368619344,1.100420671068824,1.1119562584098674,1.126886986089802,1.116678350675254,1.1624314613613067,1.1287862079471005,1.1475208552476759,1.1350156282265509,1.114242446410538,1.102006680386874,1.065584737077903,1.0574534579876345,1.0901914588182415,1.0767947799163267,1.0741057860485457,1.0853229298391924,1.0758610556540433,1.0929452568243656,1.0928259210076983,1.0837473143947116,1.107261240506898,1.072838522334888,1.0745079963773976,1.124082250465343,1.0578889529679074,1.1203013253379477,1.1302903805961253,1.1231332743846787,1.1214715825121169,1.1466346766572932,1.1295203400388172,1.1267477636018066,1.1544215301803666,1.1454247295765034,1.1285529083998023,1.1584353245241137,1.1411137852502573,1.1112547256800904,1.174215742991162,1.147830658216243,1.125934723746896,1.1761408857778097,1.103554941260054,1.0946222755859478,1.1663444440513533,1.0769396443459445,1.1606403182455831,1.1829771659182657,1.1306667473759455,1.1219224759080144,1.1393214499437936,1.1261515730670768,1.1330075538422202,1.1683713932512167,1.1353845505600453,1.138488842404896,1.1555720776989238,1.1240381935933834,1.1312691364409437,1.1746273711583664,1.1434573986381371,1.1342752475192508,1.1797196139606756,1.0964742087323023,1.1507545510967856,1.2020751258091698,1.0610527518412547,1.2563296942041522
160.0,1.0295572622964297,1.0336358936008332,1.0828608570413172,0.7937237072676123,0.8089228294950783,0.8567337256321931,0.8265505426147038,0.8881238412724517,0.84300753765282,0.8860686908729816,0.9844736061396545,0.944699674190779,0.9237556165558489,0.9565765141670443,0.9423177649357602,0.9595094400928865,0.9805774420551204,0.9712647266807786,0.9764744281762793,0.9724383759080133,0.9975560467680415,0.9643082838222542,0.9749054648067182,0.9222682549082738,0.9594832146125011,0.9427909083279042,0.9281830912045709,0.9629736784243346,0.9190704147415841,0.9028566991857583,0.9588625906998803,0.9101834864251892,0.9048317350662918,0.9562516205906832,0.9043498202640373,0.9239716878107669,0.9599043505604818,0.9079997582805605,0.9377106469933849,0.940839020912104,0.8994885376446534,0.9571362274890157,0.9378819472359922,0.9324920277604891,0.9396904196982102,0.9535499449595515,0.9721814632888199,1.0153945006519616,0.9921544807486697,0.9545553393423271,0.9643747289408962,0.980937376731669,0.943521219619269,0.9759440490392713,0.9802934463896175,0.9433191385338949,0.9804790207082517,0.9921360939994696,0.9538987658051332,0.9999252986006102,0.9756872434230092,0.9514341640303755,1.037609150402266,0.9704142526022288,0.9663337167265093,1.0033796006802285,1.0076093102656516,0.9679338605155291,1.0154153785500557,1.001354262885548,0.964776350387539,1.0129129075346222,1.0027077364197945,0.9452181225362615,1.008831072385967,0.9985056607455751,0.9363873072257007,1.0159585765913168,1.012955575921143,0.946733972734099,1.025727006563037,0.9491125310890733,0.9218965051091824,1.0039446203034792,0.9137323607079153,0.9539786621447767,1.0108636524199945,0.97855986751494,0.9243109951145396,0.9844045138923226,0.9777328711460739,0.9389417976112767,1.0034513865057186,0.9931831112209578,0.9294591389749515,1.0121229403453942,0.983186191958952,0.9316229923331387,1.0180249319051469,1.0134881570859369,0.9406360452688323,1.0240793414238438,0.9645035183477015,0.9550974883112638,1.0359578267337235,0.8978580073754623,1.0388340738443615
170.0,1.0345242967486483,1.0198687421279524,1.0636565457156177,0.7370134063696155,0.66981817960727,0.7585273449565608,0.7446322134351303,0.7593546133169485,0.7432708689831556,0.7855122828693015,0.8553513205372567,0.8187528646074312,0.8235278233690587,0.8306642039495958,0.8333201389173167,0.8291225689989955,0.8458445744840692,0.8587287004069114,0.8461079578856755,0.8383406793239293,0.8896375219468464,0.8473113357347746,0.8387130135617201,0.7904066986951859,0.8128499636073264,0.8050401840198197,0.7823406102011194,0.8071188464631506,0.7776440417590165,0.7502500754489134,0.7874246272551323,0.7535463664063801,0.7685122525327693,0.7960074445816653,0.7447036094661492,0.7514578171582296,0.7817830502251285,0.7599974650433532,0.7843773467704778,0.7521303876450831,0.7567506772684685,0.8177662812695633,0.7690966224574405,0.7771586809238998,0.7698199775190053,0.7702868191668713,0.8094924896089822,0.805988816465308,0.792691399145985,0.7900469147930261,0.8033934910859069,0.7969816855275103,0.7907630929642643,0.79744491880991,0.7899089974660406,0.7802863991149336,0.7939580584313808,0.7863892115029874,0.800800389747224,0.8200949464662537,0.7764957705079731,0.7882701366412015,0.8508459921725398,0.7797709413561569,0.824936267751569,0.8242338102112166,0.7775503074900995,0.7920521246897388,0.8278097204394333,0.7798867305842851,0.7778655693508939,0.8218444109107923,0.7890108894024769,0.7687134769387357,0.7996161101961743,0.7759114052208901,0.7557280781323785,0.7975850034069042,0.78702447822559,0.7733511987056351,0.8092565619418745,0.7398196253279644,0.7628442563840634,0.8353989566513257,0.7456669104505164,0.772832928487591,0.8047856593068078,0.7521648443111522,0.7422271537002919,0.7643506442440027,0.7426127817855672,0.7526283708111838,0.7968985169839788,0.7573966518355321,0.7540803670995418,0.7853621152620619,0.7503257394522451,0.7582256860972122,0.8228018101883664,0.7773229598570595,0.7650088606405946,0.8208576188059881,0.7367863400763774,0.7618284415838179,0.8694603157614169,0.7201062141830109,0.8348267661806203
180.0,1.0380527819292307,1.0636705722764326,1.4113370653819166,1.2330323356536301,1.6222230459518263,1.5012742138088817,1.578566728155596,1.6901238091711137,1.4453362034763764,1.5662215011084073,1.8220924335902013,1.511777487710357,1.5788413049872017,1.68580575346287,1.5291507533812767,1.5595048454025642,1.790967076171054,1.65495460997927,1.6924149886637239,1.7698090882729436,1.7339589769060388,1.6361328270457092,1.8090556531694275,1.5061906449940798,1.5730157134962766,1.7094880014068228,1.5065333096135334,1.518226914239723,1.6345525053141827,1.4228158378333302,1.5168778295262684,1.5942473768713297,1.507808738630623,1.5268850125738538,1.5252175466817093,1.4724144195480386,1.443517743057972,1.558039022740138,1.4625364395993685,1.4426216428491752,1.52250659223254,1.552617666947025,1.4801814605880832,1.6259381902745411,1.4591615705242482,1.4170023959731495,1.7094448829033666,1.5673637265204878,1.4904779686575775,1.6407664588436088,1.545402172779545,1.4880636533260687,1.6054787641463737,1.5409365415507041,1.4641876985323512,1.595440896704041,1.5957223773270166,1.4450049500746731,1.647393549011053,1.6174764602115126,1.5322486155164243,1.6050422558397468,1.6730701251449436,1.4762746542873915,1.6678176403899814,1.5446651500826187,1.477929674905181,1.663503125794648,1.6020566925108723,1.5060055603517903,1.6661905532743546,1.5926208035997969,1.4985456227489944,1.6236080233227679,1.5700499031450799,1.4872815701361888,1.5805746628653086,1.6332723272361458,1.4841716621392964,1.6395772635169326,1.6481181325377585,1.491918757938633,1.581699000013676,1.654296971081632,1.494168567995135,1.6648855914810594,1.611364448030925,1.391385272781159,1.5460925277374382,1.471156485929509,1.4268805064799377,1.5719205239695073,1.535624008310798,1.3937908604135416,1.5385145750773885,1.47115757023373,1.4275116592246402,1.521749958900124,1.607925194375951,1.4157185358190196,1.5942437552977347,1.5940265560972156,1.4521551134343735,1.5931057782613223,1.7102499023112485,1.3915377248870833,1.7917473221921807
190.0,1.075022161575278,1.056175614734266,1.5167213724228839,1.1383155783130745,1.0944550411947385,1.1405571640931504,1.2508148148114002,1.1788064661028153,1.143261364265458,1.2332385245359208,1.2899313792385172,1.2403628036117051,1.314282432053166,1.2660196101307613,1.260174321629902,1.3236101760986059,1.3284521020892095,1.3488355595341242,1.3620744879629245,1.345360314132478,1.3387519270479977,1.3312167525919019,1.3536198376849307,1.2399864862592551,1.2910292247348987,1.309398455699808,1.2356657487229752,1.296973616281198,1.283321942429171,1.2392848755880668,1.2788390394527624,1.276741776884199,1.2251891500332,1.2820023381350698,1.2844465843780104,1.2438088933106495,1.279892465565506,1.275630618790347,1.252002427295399,1.2587699005508626,1.2667304597711204,1.2965143258322145,1.266586240919017,1.290960672704335,1.2647524688932759,1.2458342721448183,1.34631784989339,1.3276313954260892,1.300395879864467,1.2940999898623753,1.3059999452371147,1.2765005205911222,1.2865356104888603,1.3081088089600188,1.2786785835370782,1.2858456699566947,1.33618666564285,1.2894320091815528,1.3057379598895293,1.3460383511541287,1.3109009908709703,1.301358451386123,1.3724036975725997,1.283604044001874,1.3323987425144734,1.3387584051771753,1.2894599769286073,1.3055585312906055,1.3260622151170154,1.3127458391111375,1.3267995931956944,1.3738208869440043,1.2946362344974505,1.2992172406091083,1.3378322495152606,1.2894512551738557,1.2696425009400383,1.3830431739689641,1.3110546970036348,1.3089983116585533,1.37089255530562,1.289732908506837,1.2814506078418206,1.3709678320990564,1.2640751629774003,1.3305770973724,1.3600788035685032,1.2584293099530712,1.256750768424507,1.29006770732695,1.2742650580583876,1.2771274265349442,1.3503856562469172,1.2689341326786296,1.2732039581651138,1.2972610293031621,1.2400686704402168,1.2534434374806056,1.3534271728994096,1.269178429527772,1.2797631352504828,1.3236251648269066,1.2259048758061322,1.272236653214907,1.3787422917413434,1.2250405551761305,1.3759981595841102
200.0,1.0576682715665973,1.044633478084631,1.254380333863911,1.0282138956464648,1.4849399513617536,1.2504547325376045,1.1784589150813265,1.447989352404393,1.254180501049881,1.2039219969611452,1.5217749100748121,1.2766096072653497,1.2395043025682069,1.4235242427961592,1.3032229381500275,1.2729222660645518,1.5080224761143397,1.4176885483615298,1.3725911376984832,1.4866206170134093,1.4799283134253287,1.4268568385446545,1.5712380865876592,1.3618813543235637,1.3488667020940763,1.4866428380123191,1.3340775242977925,1.3349917823153452,1.4695143838082303,1.3458357773420024,1.3192952868125956,1.3836915170739155,1.3239589954964837,1.3240343969332624,1.3995493906885,1.3170595888037588,1.3261824660569572,1.3987291982356453,1.3704754981384701,1.337322016786964,1.4172781960611454,1.4388474382418655,1.37328544825665,1.4316479348381923,1.3414859184955135,1.279259620806646,1.5301071399338735,1.4516783672510707,1.3659808515707181,1.4999313903622804,1.4274067979174152,1.345693418523512,1.460353285964578,1.430180504282494,1.3513906712378108,1.4188551836757435,1.451046090944349,1.3815794847121254,1.5096460790565889,1.4887507872670398,1.405855608150141,1.5369463079741188,1.630085055654401,1.4936907981728453,1.548848682683864,1.4757475221463552,1.3359267705491173,1.4958247157751774,1.4571644889238953,1.3565223128613542,1.520185477716982,1.4926885969856343,1.3517183214531623,1.4818126112091876,1.460276009005247,1.3564166822948356,1.421199821566246,1.451977446822195,1.354447913072283,1.4886232099467915,1.5238310947992928,1.3844812190122515,1.4834871189314005,1.5456915036068002,1.442634579496966,1.5055659851423484,1.4440964268382512,1.294868360450644,1.3717236553435297,1.3584615132421318,1.3268413151992453,1.4512226790198486,1.4330241214282262,1.3169861759551178,1.4194874449603165,1.3735929296671834,1.307656062380514,1.408291278140944,1.4476344536612504,1.3551363129094751,1.4442524562591348,1.4627606950389933,1.3318654780495778,1.4497781937462704,1.524590731669292,1.3489808732116821,1.5640043007649624
210.0,1.0186924946405977,1.0289419589845705,1.4229881253431569,1.0330195679266907,0.9078396976690631,0.9795530673502081,1.0640866588644855,0.9905420656273515,0.957189109018914,1.0493436072585647,1.0812152342630337,1.0357020905261467,1.1142479624698733,1.0875482438407138,1.0841656732421825,1.1495986108759937,1.1542636077385724,1.1493183812175687,1.1933392784620502,1.1745473283755143,1.1972655843048416,1.2041595694852087,1.221044072311519,1.1589188492405096,1.200328593653569,1.2116332606990448,1.1676642727713797,1.2068114738343159,1.205399653144714,1.160723914643522,1.210940353508375,1.1904894297055935,1.1620621632281458,1.2178217324668512,1.195143147941377,1.1861636506233644,1.2100022409384361,1.2026211876711934,1.2056394414334495,1.2010769046684533,1.218876077254025,1.2367626517089256,1.2194068423711715,1.2286869017440836,1.2231557954126944,1.2002629187590461,1.2549604207186456,1.2676300574217214,1.223877917792715,1.2318584598160773,1.242200670058264,1.218348487294722,1.2193055431062492,1.287084611662262,1.2172117251953192,1.2111498635592557,1.2793823099675004,1.2196529968929501,1.2368997600678637,1.2729971000279265,1.2189287131376423,1.2263251783414382,1.302642753541828,1.2008496160446538,1.2467134997114107,1.264838287700181,1.2154680957155606,1.235572819404966,1.2799006303518654,1.2237848664886621,1.2580161087560908,1.2934261377737766,1.2361171336383214,1.2253194568588102,1.2720153779280654,1.22640061649055,1.2052681500382643,1.2943539194217617,1.2381031152600241,1.2271688393282212,1.2853070056549785,1.1854631882537174,1.1904112579002875,1.2869998125127105,1.1899076685584513,1.2551831543510414,1.2871494466413198,1.2050282715126832,1.1952807704664705,1.254003878443615,1.2156580331592692,1.193026894627033,1.2571641825298434,1.196913059134327,1.1827948115531348,1.2288789466888208,1.1804767571691048,1.180408643048652,1.4269768948267627,1.2001962768638608,1.1930189652512972,1.2556538681888951,1.1627362752394994,1.1788924559644776,1.2834320980002192,1.139568660633771,1.281838800009149
220.0,1.0230571493182392,1.0305877661432525,1.3479536489745005,0.9651346341245255,0.8521693095159104,0.8600113463137298,0.9355761462713343,0.9424415301117431,0.9128936637874164,1.0151351412313763,1.0720289553759716,1.0289943791947833,1.1047594618793704,1.0890617667209819,1.0751230863302184,1.148288676942043,1.165386565404985,1.1464618825555757,1.1869863887498453,1.190463217896397,1.2224904015822546,1.2121012592253355,1.2341250708220075,1.1773035306681991,1.2233214861223562,1.2291936923769156,1.1953262459785714,1.2306342122412297,1.220733354809305,1.1926615586512104,1.236279485055178,1.2156576611532404,1.1873995828621555,1.2384783786651996,1.209641326063235,1.2192000726530083,1.2376861599451006,1.2237013042997904,1.2224442772922892,1.2209181344379516,1.2456986903986542,1.2562103265156945,1.23147181668619,1.2511271552244032,1.228448138067027,1.2160385982975446,1.2276390400352108,1.2412659829745791,1.2179183676560474,1.1893633162267556,1.2195461812356454,1.204525640440474,1.1990363385517493,1.2694953687203117,1.2069892155420927,1.1892402277368943,1.2422302721876692,1.208868553905155,1.208572248402451,1.2456694015241858,1.2040358741715425,1.1882775567044317,1.2621111015095248,1.16761359794152,1.219486830537849,1.2439497712139467,1.1986091401996706,1.2062218193289336,1.246519477974356,1.203821805619039,1.1991888370698567,1.25185440299431,1.2066570264594283,1.1900579835821397,1.2419846655648792,1.2044992634570082,1.1707296974710206,1.2679996773376945,1.2177275272321273,1.1821962861044593,1.2456959322778391,1.160954521968626,1.1617773700620644,1.2413462599005685,1.152706838754298,1.2286876967805693,1.2699163500042179,1.1945176856568283,1.1737468217969313,1.2245434542826887,1.1804962591895245,1.1445138485282333,1.22902938091818,1.1841982683826178,1.156472933139551,1.2101671322179863,1.1703766693506998,1.1467488066023495,1.2971763337173552,1.179780684052842,1.1299714617072774,1.2031320998944048,1.1242503694760462,1.1243047433847444,1.2174971604410498,1.1024187611384269,1.232931352993066
230.0,1.0209441671394601,1.0491107481301916,1.4183732296863722,1.0956433563075543,1.1510446806087489,1.1116876887851908,1.1760318515122126,1.1960564449786244,1.1137468144886873,1.195086299815869,1.2794124129097015,1.2087140675169987,1.2759663316959813,1.2843217060397787,1.2527654558884218,1.3087893378674298,1.347324947579354,1.3765868816059332,1.349083158996125,1.3731093137363288,1.3645289795637094,1.4057328036476004,1.417527614467147,1.2942401881858745,1.3395819773602318,1.3747079939668863,1.3082389422067804,1.3244206719442628,1.3766795077758993,1.3126319529754835,1.3386048965266013,1.3376326794127715,1.304166356519464,1.3359126891926771,1.3224778408380429,1.309681572124108,1.3289395689986336,1.3609731935956273,1.3488057911904041,1.3168636739423916,1.3576083910771566,1.339042720807207,1.3784606136329858,1.357911491949537,1.3186211942372787,1.290143082587985,1.38022978623475,1.337560336999222,1.3152280779204986,1.3110890537804363,1.297026223189402,1.2887190331290275,1.3020465179087986,1.325211715272168,1.2945564991205516,1.284715345660416,1.3464568420884722,1.2968622960812406,1.3264087029090024,1.3625822453003453,1.3184679085575377,1.3517306871966965,1.3796602204823332,1.3467191954017885,1.3546331598119272,1.3357561997823346,1.2889783769675638,1.3216961654839199,1.3184079019115411,1.284192281043695,1.3452546306671564,1.3624211895821614,1.29744661748366,1.3244795480633964,1.3417626362425525,1.287817280266442,1.2977715910236491,1.3654834163593066,1.3193246718044733,1.3898215195131804,1.3823663119689196,1.293924164059114,1.3055348060476517,1.3719154290150206,1.3534926394650162,1.35520593331465,1.3444257476852148,1.274579171465315,1.294411786821575,1.3038092910844277,1.280669627226948,1.3267633877793983,1.3236208486671706,1.2727265215163914,1.2912360666600968,1.3230364989734678,1.2553009428596844,1.2748985264125923,1.3687002003876223,1.2799666917539738,1.3284411103465663,1.3596792731968244,1.2738807563583059,1.3269798328790172,1.458743871873182,1.3033566229420395,1.4193381871243906
240.0,1.0388261216041625,1.043837813174361,1.3980779893887882,1.0974295519860047,1.1090544138041,1.1041880767453687,1.1859454053288363,1.1525502922620363,1.0889135361278612,1.1757929509474732,1.2242626604312081,1.2046737930080593,1.2121110133639008,1.2128409992248743,1.185105391849212,1.248968682513453,1.288511345134101,1.2836422236102893,1.2939541887019135,1.2930919847828866,1.238779226918657,1.290283537014031,1.353215916373203,1.2515185449754742,1.2994295913397806,1.288599745442451,1.2290577978710868,1.282499714170088,1.2878505681785377,1.235911902420079,1.2773755767740016,1.2518508489799542,1.242946079403187,1.2671660238952982,1.23603798287433,1.2420787912291757,1.2758818529786615,1.2758736305280964,1.2696209487838228,1.2432657685931572,1.2733942646495777,1.27781007562784,1.2740698280863778,1.305242454191889,1.2602569473531262,1.2463134414440937,1.317332174991782,1.289205578757766,1.257482013434607,1.2761466980178613,1.2721674053749985,1.2596945751748478,1.2538489182038757,1.2946521430292468,1.2370660427944453,1.2508865983180828,1.291627775978896,1.2455658433497765,1.295951556748318,1.2950096081670377,1.2601734781404905,1.2792928360433258,1.3167341082198212,1.2553324268026307,1.3117120406320406,1.2801963271852403,1.2416371208045824,1.2783523109219934,1.3017518479847148,1.252069774353335,1.3010480120351438,1.3270321288721325,1.2674258345248093,1.290012465636574,1.3187908563693271,1.2411177004688982,1.2499960017472649,1.3185326282954883,1.2796834171147866,1.296257916488873,1.3132030929519674,1.2381397682120663,1.267848198764336,1.3221468163232968,1.2399510439244212,1.3169098024374166,1.3177202611880443,1.2307422594909494,1.2393304885163452,1.2656154018222374,1.2211325497881054,1.2792254189049619,1.3124229962109493,1.2363542063341966,1.2628588989423921,1.2902013237541308,1.1955402069235417,1.2404709071477231,1.3436929644776678,1.2446408491142675,1.2800952717629241,1.3145995538635171,1.2067274768299325,1.2501269132101445,1.3524749443905577,1.2017412197430464,1.3649140966081563
250.0,1.0225980875886855,1.0175764346153193,1.3184744880214074,0.9829118761621786,0.9262740263392005,0.9630204301398835,1.0182840156888116,0.9823840831617766,0.9619661769989204,1.0266348863165442,1.0644128711829755,1.0559370863242559,1.0841278211431562,1.0675663608840307,1.080626563292389,1.1176697059493035,1.123902517415715,1.1719325171104682,1.1491955192525776,1.1394518876622528,1.0737594350599189,1.1373983649755832,1.1838207167766919,1.1470123591059624,1.1792347321779708,1.17463226701942,1.1444131950692815,1.1800221990953792,1.1795483654007948,1.1539582477831904,1.1830459056052307,1.16691840220261,1.176526854418064,1.2161746588622946,1.1550604567092562,1.1835598887661072,1.1928704852054066,1.1839775428669321,1.2035378780070831,1.1722201886147845,1.164599289851818,1.1918384769881536,1.2038715941264884,1.209276405572606,1.2336773188781645,1.1919133764431027,1.2172965632168395,1.2303905805996809,1.1966354748847898,1.1869350923404474,1.2110438704058157,1.194877056026576,1.186249097127192,1.2323135958354337,1.188076220061455,1.1730456651096741,1.2263430950551744,1.1883354391582717,1.2045927677490897,1.2345828966775156,1.184588473301582,1.1916893961921369,1.2369108369650836,1.1756801920538948,1.2287528672397576,1.2396632482418106,1.193692876159993,1.2128725182988898,1.2528157742214823,1.2119368571235594,1.2199925496288382,1.2623998593327783,1.1836434434030003,1.2026876561128939,1.2447325093948656,1.188343337597626,1.1739520901346883,1.2521425555194075,1.1926246896232575,1.2093949257065242,1.256327528104804,1.1625731220615627,1.1826229006075673,1.2467575350327302,1.1748543835548657,1.234495567445118,1.2453061339295317,1.1740316014779997,1.1707441958977167,1.229023417139944,1.1788739297942668,1.1933122608123823,1.2412655477644208,1.1680168540958267,1.189173916580099,1.2276316532521854,1.1660751020515487,1.1738001262322164,1.2580698650369553,1.166731033198721,1.1829050538801567,1.2327626532191704,1.1345250356252845,1.1811345878016974,1.2463427246785252,1.1098628081316078,1.273683712261675
260.0,1.036032682277521,1.042141006134541,1.367186759559651,1.0772859676473598,1.0672581092155533,1.0959230424577675,1.1811297977418072,1.1231688206438286,1.115970965543949,1.1904009932535038,1.2152464878885203,1.2184169789480492,1.2437721423776285,1.2056622988379493,1.226835427724901,1.2673205810981452,1.2736169950032437,1.3052372308489861,1.3115834406904427,1.2834349248066719,1.2996510182029448,1.3191814302647127,1.3436190324868031,1.271416720924768,1.2955311362716426,1.2969713626986663,1.2524658263774076,1.2951373136259845,1.2885925395651285,1.2596801087867433,1.297505694654567,1.260065189265409,1.2498076194026368,1.2862243997786384,1.2378556989076799,1.251872857874432,1.258370941327115,1.2614793056363924,1.280712066759606,1.2555770083635713,1.264629859899748,1.292218287346864,1.2672379040977715,1.2732371823135338,1.2531328156259174,1.2274987643586441,1.2823849609860782,1.2893624953027365,1.2562970616194455,1.2593596403243619,1.2847974559212871,1.241297676440636,1.2512805410937031,1.289819827929391,1.2337140558588278,1.2293375320357924,1.2753199891627454,1.2538304537259521,1.2718840939007021,1.30516259448915,1.2700035420081903,1.2771179169625855,1.3315968465978407,1.2579844982299855,1.3161728440097031,1.2902215810919375,1.2424121754223252,1.2727248406353506,1.2979372723229663,1.2382543947167113,1.2822344737008688,1.326376975893129,1.2514850170792133,1.2701033791292515,1.3053590898348164,1.2441380721178907,1.2300785505278753,1.3188929122982787,1.2445760743502983,1.257324041656052,1.2868164849502153,1.1971526985964505,1.2443302481224277,1.3128079722566033,1.2461909087242933,1.2941134424494254,1.304113501481817,1.2251004106449601,1.2253871118853934,1.2731463676623767,1.203414214654465,1.2309742521421063,1.2961131267704233,1.2099548074576103,1.2241780278375627,1.2773350791759137,1.1891915674460956,1.2033440986513777,1.2977767214444715,1.203101541065178,1.23260859765983,1.289777528665054,1.1838055791953868,1.2324299484053962,1.3081224201846824,1.1830344265113433,1.3317919176878932
270.0,1.018921741463348,1.03907363610388,1.350712202771376,1.1192160169152445,1.2345556383068919,1.2273107174583833,1.2764650954919237,1.2598717133255202,1.2017242247080853,1.273001221717364,1.3491915191654218,1.2895452278430346,1.3077207355037153,1.3201972857991422,1.3030399856190453,1.3564978968151422,1.3956297608079762,1.3940428139617167,1.4247855667413285,1.4136032113477366,1.4182498395364327,1.4152099793581832,1.4642314520763355,1.362158812105973,1.3737836660741427,1.3943321608527386,1.3847043137554655,1.3543815349542745,1.3772786379195805,1.3498106655346294,1.3381533421139433,1.3385819745150025,1.2979633920664715,1.3385777080491548,1.2889572377042402,1.32774927050723,1.3160425983540731,1.3494961424830694,1.3547384279081356,1.3263869171049694,1.3328571926741297,1.3408434551858046,1.3363695384452037,1.3477369431000397,1.3021270265044531,1.2786040744825393,1.3755786692110412,1.3693834206854674,1.3230256239618705,1.3204185812751599,1.3450767548651725,1.2812327848866643,1.3139400065727946,1.3641088986147778,1.2861583965042453,1.2711528278905957,1.34934490886681,1.3064890467979582,1.3174947031910222,1.3884505363074502,1.336008591659736,1.3571293666800912,1.4054797654598743,1.3461078854878756,1.37705888568459,1.3540273173523159,1.2927030540842106,1.3060053300007841,1.3498245122984875,1.2783741707011749,1.3285989340085251,1.375254401921792,1.2985241868519775,1.3227207883448158,1.3579009073733337,1.2799023003052559,1.297164353473002,1.403553267892366,1.3271857625331522,1.3570125096141392,1.3791820673789417,1.3172993912499904,1.365114190942926,1.42908848023415,1.3577878222468007,1.393087193003554,1.3824960212104827,1.3103257993070196,1.303154807470669,1.3400121805648229,1.273376559052127,1.326716510452322,1.3772536300943503,1.2558759758113174,1.3123644514652648,1.3406722950601002,1.2205348116142412,1.2713430665944137,1.423871953551162,1.2666821774631989,1.3299730623755028,1.3707189644374542,1.2862803068640216,1.331606150750174,1.435085223882557,1.2931669613466512,1.4574068663532247
280.0,1.0451644141410363,1.0244583996919845,1.325159100395989,1.0066906056407103,0.9219503767800961,0.9806875077679421,1.023471049364505,0.9626456255017165,0.9425514514616516,1.0322772295550902,1.0499087618388188,1.0152686626816545,1.0673918124252357,1.040977930284042,1.0368655206290986,1.1059149860162383,1.0948937821665876,1.0919992383108377,1.1322942328334038,1.0993010227540494,1.117208968236938,1.1489305887293764,1.1676859545265934,1.1229764811390515,1.1796773334812227,1.161403455971216,1.1451788787263129,1.188827503454425,1.1656880524639384,1.1527001135362027,1.1972875094570343,1.155543577780358,1.1682741437555524,1.2103169457660807,1.1491041410587144,1.1756448699255067,1.19892214287953,1.1752091912675036,1.1854386215056854,1.1884658933690622,1.169212441488314,1.2114017162955608,1.2141749245668088,1.2077904748612902,1.2131785303330793,1.1935831690991956,1.1849817731886652,1.2178823530421932,1.195403049986858,1.1688036512372078,1.1965429040129274,1.1940951688133068,1.1723202769805032,1.2097241199337476,1.186236952636693,1.1522697230717094,1.209965726981067,1.1708529825601244,1.1869986763292673,1.2282434316516417,1.1780595355276156,1.1836633734673137,1.235498095407322,1.1733989323240421,1.2084026562214667,1.2301595657852336,1.1799505813629425,1.188437988320378,1.235400534049542,1.188092096556114,1.1809699390125104,1.2514195887236539,1.1996163716024995,1.1856132064592249,1.2456587345351093,1.1946543865011086,1.1559979126723323,1.2429075121454611,1.210748251938199,1.1781604853455234,1.231912563597553,1.160582766403574,1.1576002198857969,1.250757174508763,1.176019322903741,1.2068052785133643,1.2511774609124091,1.1725305542417286,1.1508345258228452,1.2082703272785675,1.1674866369765065,1.1622927716451112,1.2289503401652873,1.1784700965563262,1.1590955386990234,1.2110201317868163,1.1516440022331205,1.1452883306391595,1.2185095748183268,1.1731378068648763,1.1666435460248556,1.224793692929651,1.1341861841110783,1.1434721508898846,1.2291013984874424,1.1017919033485566,1.2444445594890996
290.0,1.017398808244504,1.0428965827432917,1.2432131913829851,0.9651271473906481,0.9238387173517175,0.9438819241156167,0.9792605058855364,0.9631363280925019,0.945323008984585,1.004033830774182,1.056950010666172,1.0015370718098349,1.05099805102478,1.0366591813289634,1.0192057876257405,1.0680324788311837,1.0741989937438667,1.0929418399494264,1.1072560221208403,1.088742112290837,1.1119079470963333,1.1344495723365629,1.1479752893747939,1.0936997538839042,1.1280436789420267,1.1278776191829916,1.076942455336254,1.1309802272985259,1.1234816834108794,1.089870927030047,1.133268286461376,1.1186365468067598,1.1006946765726473,1.1513295399477719,1.10624134058852,1.1136261603772408,1.146828162640431,1.1315974682889407,1.132152784884165,1.136902464627103,1.1311072712369712,1.1607614809739542,1.1636523042457838,1.1746880769217656,1.1590233931710872,1.15124889275768,1.164852868556116,1.163585013760957,1.146571492679207,1.1449628476454903,1.1654975313847076,1.1450512855974586,1.1401184829629976,1.1570764160953666,1.1356209844639957,1.125017221318979,1.157512949845615,1.155648686923628,1.1508233678261188,1.1742633391754433,1.1498070159719311,1.1389181632553016,1.2022997206997752,1.13968260301909,1.177866357020453,1.1853569729019993,1.1518802962569377,1.1659181010553532,1.1803371436047965,1.1515782771872776,1.1649471774724487,1.2020750678823926,1.1403401888976228,1.1598418224775573,1.1900916459876612,1.1472348666440755,1.1357729921578328,1.1961409668039908,1.156402417162895,1.1591172761809598,1.1959068649901299,1.1197330635395415,1.1395709443239945,1.2083755491145292,1.1415466786660258,1.1893258547138246,1.215525399939593,1.1424032438696734,1.1302329985770736,1.1794660104946468,1.1419364196220068,1.1394371747721859,1.1969368275648828,1.1285375190075677,1.1426767095868877,1.174781532343566,1.118501180016948,1.1258894850590722,1.1987669812759354,1.1415896792328961,1.130756967697589,1.1865931951096271,1.1100858793321915,1.1342970469108313,1.206653822775861,1.080627506336847,1.238189597447536
300.0,1.0528078475017892,1.0607081769442868,1.3684978319427996,1.0515946837384145,1.1101293537254617,1.0892702785270045,1.1625271338373002,1.1940428430602406,1.0802059137335362,1.163753134192382,1.217509298803394,1.1544818929529783,1.1787190443542126,1.1807648996120452,1.1380069761566827,1.2123421031394184,1.252148829129318,1.2260546498062455,1.2501081630272821,1.2430993838821964,1.2350363756104124,1.2809196329879804,1.2809810014552656,1.1877384746924593,1.2379717591299955,1.223513675250686,1.1628385808407105,1.21564465056989,1.2264405264964633,1.2028741069082851,1.2287218051043662,1.2071279879989527,1.159754969296646,1.1982222471249522,1.174247303638966,1.191288603473861,1.20891216203432,1.2118159507921415,1.1960974834417306,1.1995034480399254,1.1954914470258522,1.2264624413047962,1.2324757205759522,1.2465585037804652,1.2987629439172619,1.1867665322399497,1.2433325166428364,1.2254530071420515,1.2177642226039562,1.225726674808745,1.2361206028929654,1.195894669388894,1.2249449189635466,1.2377695005306335,1.1999636131828393,1.1684710257735602,1.2384878409410678,1.1987592091043942,1.2275322265810722,1.2462891804434713,1.2239037072600374,1.2278880642914967,1.2987254031041795,1.2160824509751438,1.277705013895462,1.2489232289144572,1.1950119383077369,1.221221347458582,1.281128755034196,1.2097147234475618,1.2155548594618049,1.2826237604263142,1.2078446776243197,1.2276153390699152,1.2815637686853447,1.2016477106941035,1.1795107952009831,1.2624741701941995,1.2420249041438485,1.2579350850208166,1.2687831009376738,1.2154428313098844,1.2381413870525266,1.30115284420899,1.2309285115104698,1.2686394945805388,1.2961328344169067,1.1893582857348544,1.1840239909161616,1.250921707639361,1.1708651086869761,1.1925149912910784,1.259435362196909,1.149538738494368,1.188707018244724,1.2482463375848376,1.1370694097178236,1.1707227067791477,1.259633169230525,1.1808962949262443,1.2071809370179953,1.2510149688696834,1.203820921663218,1.187995427556177,1.2754028511062963,1.1320280969253265,1.3350818996037355
310.0,1.0691798659023795,1.044867659086171,1.2649605558658643,1.0323122901431343,1.0131973487021309,1.0372590859265454,1.0784566312329322,1.0348741780841983,0.9353661606577558,1.0595269099941735,1.103608006933004,1.0321053633360677,1.0957768007558608,1.0902807784119906,1.081242811928102,1.1400416082179556,1.129684000311575,1.1306005839257585,1.1605401405427427,1.1609532607338477,1.13742661038575,1.192152884227625,1.2009818578604528,1.1264810679625177,1.1807143161983302,1.1619891874196042,1.1068561580681735,1.188914856499805,1.1695085600549222,1.1313448511817699,1.1757799521665344,1.1542222810758083,1.1427129082382044,1.1890489426811752,1.1338035063036176,1.1398710259347766,1.1717595312676452,1.1545593826830036,1.1499084672422024,1.1451020508350236,1.1562564431169515,1.178289646053559,1.1909093278596856,1.192175484017124,1.1805728407427898,1.1693090937053987,1.181965828321683,1.2067005529874177,1.1817179705557133,1.1563253737429189,1.1977473710721345,1.1699822700955296,1.154511218684901,1.1780127035880619,1.1715569176567313,1.1422677433500577,1.221820426214636,1.1773146925187605,1.1876335501309445,1.204402303819282,1.1879987648603587,1.1908992815567403,1.2331377138684638,1.179102945256167,1.2150387132463494,1.2166469509830433,1.1783706145225037,1.1795623064396845,1.2109509300649992,1.1724835958663056,1.171379727766909,1.218488923326559,1.16137840223466,1.1786398102244502,1.2038402222499531,1.1539366789875856,1.1598840246681894,1.229401995772536,1.183799236510217,1.17134355896223,1.198048391856628,1.1255349841991158,1.1697056458617894,1.2297085553572866,1.1336915288859069,1.208177003410873,1.2102535188896533,1.14807115506982,1.141186027794277,1.1771719980143616,1.1441423831538937,1.1520718751253494,1.203560704755776,1.1081335861857726,1.1502014633396997,1.1815061475126893,1.1159661516864334,1.141358084914982,1.2096429321341482,1.1299564639139912,1.1570642049717523,1.1985050231407808,1.1163388482856453,1.1495478045710732,1.250926987880846,1.1017489455028702,1.244874191512891
320.0,1.0615248715164856,1.034692603833075,1.2846607036173063,1.002594180692571,0.980085128992186,0.9884137657381032,1.0733598150867791,1.0141957296230695,0.9803524384952066,1.0716816450560374,1.0924626239307533,1.0535267582859953,1.094994981864315,1.0875313025342677,1.0668989129815547,1.1334558124107446,1.1307690935253834,1.143078693246682,1.1576812947896258,1.1572242448217562,1.1686740809179732,1.20407783058295,1.2128772557085639,1.1368664576966407,1.1730071179579826,1.1637273988036057,1.1244319288458424,1.173208352741903,1.1638832058047446,1.134497058302708,1.1811834350198394,1.1533822414266843,1.1238583427300033,1.1782990864174423,1.1310549391041593,1.1416617021170008,1.1605073181717853,1.156219433695259,1.1628244125437366,1.1533370976121564,1.151438294409106,1.1610841272943861,1.180743926464049,1.203197760800963,1.1929403828587037,1.163399593322871,1.1999313417512476,1.1948722008428436,1.1767414501826745,1.1712892603166578,1.2024270945470044,1.1914102917497638,1.1752353588007518,1.2076341665866823,1.173249012674736,1.1508390697858608,1.2002926366827995,1.1797085500059834,1.1825219087921282,1.2250407451603524,1.1853057255419253,1.1759753431736373,1.2135349324628972,1.1678219219116035,1.2158478668914103,1.216649223599326,1.1723120923319976,1.1954732160831278,1.2089799240883325,1.1779434626451377,1.191964740581312,1.2164245794198465,1.1665804800405801,1.169409832957231,1.1973519074018566,1.1597472997178329,1.1445511143501097,1.2301985981451748,1.1824892035038461,1.1641886928079148,1.207176386856205,1.126570652503063,1.1423613747978851,1.2114229753676677,1.145032542532032,1.196771784085226,1.220028326381076,1.145709800689682,1.132852641888439,1.15902145409375,1.1305878702475631,1.1470908869028478,1.1945143292951728,1.1318781285142823,1.14754502677958,1.1808428236905733,1.1170837755121406,1.1275146126944369,1.1956842565286956,1.1418812614711809,1.1399298706268643,1.1945733211114402,1.1204349047919555,1.1479321721329863,1.2299635768117496,1.1007622366816558,1.2577899204990035
330.0,1.0447201074147354,1.0483095429185387,1.2092693719054115,1.0835691676964059,1.0799717892954692,1.0705930601932112,1.1100611911848377,1.0711063991188141,1.034678373219178,1.083627250960707,1.1022752343172926,1.0740171891950008,1.110977861778321,1.0833694348464509,1.068508878096136,1.126324007815206,1.1244882555626459,1.1262177291388076,1.1731801221671259,1.1586118543263404,1.15793999201287,1.2051586443962756,1.1907560534001067,1.099959125840548,1.1657968589700727,1.1551982477810907,1.1086594243343417,1.1561959569145455,1.1430399272290064,1.112093050811618,1.1664421269329301,1.129948084259201,1.1203792183936023,1.164686918731174,1.1179729213668723,1.1342372635416191,1.1579928364606717,1.1361626970923167,1.1542463835048875,1.1438455747772818,1.1323415475043537,1.1328254283360806,1.1641140729427528,1.159053212718015,1.1569145358678024,1.1481303036063581,1.177746163173093,1.176331453672691,1.1544639897396445,1.1343893604598771,1.1635535602992688,1.1480656040038262,1.1322251482029524,1.171026661004444,1.1453706962626131,1.122021522372845,1.1765587055114675,1.1369779661259716,1.1446779659224473,1.1699452039128195,1.1428347150252793,1.1374326100067265,1.1906614964893738,1.14800757841449,1.16314761708811,1.1653607956954524,1.1326875221372021,1.1352839651791409,1.1715948622250392,1.130689915332405,1.1439704555345638,1.1686407440561264,1.1231834102386293,1.1391452508648832,1.168008357184289,1.1172624742022332,1.1204993446145721,1.177771637062071,1.1279230653550745,1.1389580258214589,1.1677770235741933,1.0939949174089367,1.1291763598464106,1.1808481524777816,1.1282883662144536,1.1716796985764582,1.183169072509403,1.1196425603813127,1.1057848442711429,1.1452151809765583,1.113366614523595,1.121667203390372,1.1498652860215994,1.111565324243376,1.1200596464085724,1.1398117596562318,1.0952557636901705,1.0937467018202094,1.1596498770142654,1.107441109286871,1.11378211570175,1.1573202141995063,1.092130585113344,1.1222430039672602,1.1806493027973646,1.1137185339353206,1.2079710925941665
340.0,1.0392291576635837,0.9950147596499663,1.2630328787272047,1.0922567269734385,1.1338036982561912,1.1075848895066,1.1505469775260577,1.0957308287337673,1.1100076509987054,1.1258623675527732,1.1291380741896648,1.0767066138710257,1.1593560451328324,1.112700928903638,1.1170676285613648,1.177062538752634,1.1739605145655292,1.1887426362397007,1.2148012072748198,1.1907200165291962,1.2342669800111494,1.2181276387465787,1.1913677746420466,1.1936836874115886,1.197490662552884,1.1490866945622378,1.128032773951217,1.1707607778732425,1.1453658545271166,1.1653929107020196,1.1802454808143876,1.1554409123164426,1.185538296533326,1.167442776528889,1.077309914268075,1.1247313614808092,1.1742317522565877,1.1595293269295446,1.1618645028027021,1.1641690907648563,1.1636889743489205,1.203455769031225,1.176104793463873,1.135880168659315,1.1922277926210956,1.1496464719962893,1.1846959167824196,1.2138983949378297,1.1449034969001666,1.175218926108774,1.232390246292906,1.136483704326624,1.148045060376133,1.1593897411322445,1.129574152493924,1.0960390873652206,1.1444553441712157,1.1583838056431155,1.1474969410861184,1.2120384707695038,1.1677354546476066,1.1961110353398257,1.2503221435555594,1.163058075967713,1.1844664909333433,1.1700725295248524,1.15677681005096,1.1798209953370413,1.2024567898189948,1.1496386903999662,1.1823901189245862,1.2109367701904699,1.1437218788776156,1.1582068580425944,1.1913557272840818,1.1484123334200893,1.0987191204712732,1.1726087238411125,1.1478946982229097,1.2146042536544297,1.2048571056866237,1.1528343720642804,1.19128438511884,1.2473234545084466,1.1455849324654692,1.1807429726302276,1.2426741493497815,1.1371032601815834,1.155195701750272,1.1865847229690638,1.1456273022130208,1.1190767304761289,1.1780678697670015,1.1135255633494148,1.1849216032607957,1.1603719550686127,1.0683854467681928,1.095724880977601,1.2113378382724853,1.1494552930812805,1.1870311597548568,1.2263051184167844,1.152379461219669,1.1408132953730006,1.266040039005594,1.1339484361015584,1.2371648491956095
350.0,1.0196744934088622,1.0283772136231473,1.2441193925916982,1.0665289727840095,1.0253782059121246,1.0141036501756888,1.0670455137207484,1.0370186046794736,0.9922081437280496,1.0585683377724937,1.090714229091715,1.0528197357346938,1.0980323986794511,1.0685902373644143,1.0792824566723187,1.100768474829081,1.1065938194845555,1.1105519783274844,1.126836110632594,1.1162236408438035,1.1414469037079054,1.1663986179434014,1.150163700138461,1.1093309704443202,1.1352196825083871,1.1222061216077235,1.1044635238774814,1.1351060096599546,1.1319230687531532,1.1053385667805942,1.150949113126636,1.1035731772620048,1.1000283307432812,1.1510675264693373,1.08547357407156,1.1153377733926972,1.1206591169034068,1.1047307986883526,1.118416133112927,1.1268194223114483,1.1172629451775256,1.1364333054825484,1.1727087216282945,1.1528033513590872,1.1594518466393025,1.1382588357092251,1.125593285755168,1.1567094475347162,1.1286881381655554,1.1192887504254085,1.148052039173179,1.1258606430871023,1.1096913116397176,1.1572492056554455,1.13290516487816,1.0897846520423335,1.1479863319671413,1.1053529053636206,1.1160345500327244,1.1606664262165183,1.1040386916195075,1.1157047005871203,1.176537158696421,1.1185327987128697,1.1324300714623805,1.144383042460163,1.100474732029155,1.1030242358268945,1.1460312466702176,1.1062045790203163,1.1195897602259444,1.1532651216945833,1.119309305852922,1.1040535762695038,1.1625283613450315,1.1146180031938293,1.0896891752135531,1.1478022145701272,1.1196971361955321,1.1135607685443671,1.1482008141245348,1.084773915180073,1.1097333022152902,1.1537523432060397,1.1332798079366322,1.1308751043666594,1.1608144183725562,1.1076261930739015,1.0818092453288781,1.133338914322635,1.090954278526697,1.1047088281570563,1.1458241358948484,1.0898207242714748,1.0950560670419112,1.127650022890707,1.0844211412280618,1.0763773926806894,1.139943743283142,1.0995297933755817,1.1004495538985175,1.1426492519586042,1.0776654760495408,1.0896759201402886,1.1414196654539153,1.0709894361838728,1.1875553536782488
360.0,1.0275679470825143,1.0265364859696828,1.2672127365010015,1.017989605264222,1.0289780069363754,1.0324473882553318,1.084424979115745,1.045950415685521,1.014318359918996,1.0744776899028186,1.130191156336722,1.0796726985284113,1.1124740008714482,1.0956616793782021,1.100719151911762,1.1228574381479681,1.1339111937499158,1.1443771142429866,1.1490493529835353,1.140732440588679,1.1684384955687723,1.1754537987697578,1.1805376861418986,1.1487716790318978,1.1623349963450218,1.167882473531507,1.1515377026725555,1.166612158331413,1.1560605944390179,1.1327941882111279,1.175754814398932,1.1342821375484826,1.1316074806882828,1.1803131579355455,1.1224794280960257,1.1216198717092023,1.1519003834214734,1.1393010403849948,1.143194590984852,1.1599802630629066,1.137963038087114,1.1675887272105934,1.1971862140064164,1.1832348217994102,1.1929191675150066,1.1591054565796113,1.160842754490303,1.193104881772814,1.1599013835559828,1.149101797813207,1.1776156208233866,1.1581485818738135,1.1493243287936195,1.194307644574222,1.16155619653068,1.1239844660149705,1.1857229523670918,1.1409911004735094,1.1512898850672744,1.1802526196828296,1.1431830488441803,1.1558506719593231,1.2121832107871289,1.1157271551845789,1.1867186952281554,1.1914285419848227,1.139150979610283,1.160773382927533,1.204214732030294,1.145709681639562,1.1649149932554677,1.2105280247136616,1.1466736487241183,1.1609958933180426,1.2007172721813182,1.1510613072501745,1.1240905790178264,1.203865909310309,1.1601566924002653,1.158194349779306,1.211526765887441,1.1231700621547787,1.1520257399902976,1.230451696407452,1.1437448741973761,1.1901039548569985,1.206253401006466,1.1363665238428604,1.1202915009753474,1.1762903729376573,1.1069327267950677,1.1176537395861927,1.1726453375475676,1.1025660496387064,1.1388855653715546,1.1649394428345399,1.0922715900971312,1.0991243781375335,1.1875534877980025,1.1174113606666911,1.1402925047045,1.181212415982365,1.096890517221858,1.1247965555678896,1.198610972864427,1.060186317999904,1.2201556106772173
370.0,1.0286326639621615,1.0138215157451969,1.2784106802537722,1.0363716342832554,0.9974013154466788,1.0040423881983473,1.070086002385463,1.0370433065398457,0.9830774805541634,1.0554534155871518,1.087731579178509,1.0437098368552709,1.0829247487138787,1.0672339577811023,1.0422471888330649,1.0871556083788092,1.1048996606592965,1.0967457363495725,1.1241624333023135,1.1225815058437556,1.135664186787185,1.129747764540118,1.1508862944805005,1.0994489640307463,1.1158528683360525,1.1151589174207572,1.0865678728180679,1.1121629022377295,1.110074787434995,1.0784254586522182,1.125370630320865,1.0985215788101934,1.0917374934442257,1.119542980903001,1.0874601118862173,1.1114953866795823,1.1266319905721824,1.1134820040382283,1.139955411571312,1.1156102792052107,1.1100644902760475,1.120940403664342,1.1283787047254825,1.1348371834270117,1.131319562016023,1.1080532978340527,1.136908630839083,1.1549759341064942,1.1249046006496248,1.1133110257125758,1.1692613737672495,1.1246298931662768,1.1116316803916482,1.1574131205508429,1.124431559952442,1.0856902232375758,1.1794914437721518,1.106861968836958,1.111317961859522,1.1606373277221447,1.1095964728432106,1.1181993308414797,1.1602434692834005,1.0915954389312852,1.1407219504893533,1.1443046879199976,1.1072626929443243,1.1145478401392557,1.1551016313682054,1.1124254254929595,1.1172367426703127,1.1766364287248163,1.1027261107678004,1.1095236002275914,1.174845173075847,1.1090536628404464,1.0986814220207615,1.2027475066045898,1.1331807928633415,1.1193441414993859,1.1740397657722392,1.0792829586256658,1.1062914147677485,1.1925743488880058,1.0933114417954637,1.1377002956908002,1.1353046765175956,1.0864581986044424,1.0887877206683194,1.1278382214933027,1.0894195768997836,1.1044583160933061,1.1508070386193825,1.0904124711563257,1.101763931229014,1.1248497838234386,1.072887292119646,1.0834034998157314,1.1656481195880823,1.082400381808102,1.10321952062057,1.136976539703464,1.0777441267521344,1.1009593549825802,1.1881855581141412,1.0289107571692906,1.1770605279220416
380.0,1.0337575006573314,1.0455459005139398,1.3081319632880222,1.0763662748991116,1.0991662105041295,1.0940660834617448,1.1775660981604918,1.0982124655220682,1.0517887814404911,1.123487122961733,1.1489279989749344,1.102520122215453,1.1551361316639295,1.130515931100301,1.1087297152184705,1.17040300906473,1.175222881805194,1.180095115961187,1.1961746660980905,1.1838998970861772,1.2149457744567878,1.2233704597566462,1.2368660982291177,1.148255825219199,1.1775399404609286,1.1954367101944583,1.1450868514641015,1.1756135194999884,1.1760257406342924,1.1443135799131576,1.1598291855256613,1.1616126458839002,1.1479303078520104,1.1669396494852393,1.1443787805335122,1.122860131118509,1.172492874417337,1.1662862469057003,1.1771550553701045,1.1751816031984532,1.1522886991819183,1.187586320344249,1.1697982201509793,1.196402627869925,1.190005263849556,1.1563512508457876,1.190498501208769,1.2218508743497782,1.1695176865996577,1.16668567007569,1.1882418775213643,1.1938181693576453,1.1614280572811277,1.2233934559723927,1.1517565738202504,1.152066759856485,1.2146979973956817,1.1605774750771203,1.1838879290075361,1.219196892961346,1.153083268365774,1.1756398392996563,1.229020070628134,1.156787207929358,1.218538790257656,1.2078104557663065,1.148032362501481,1.1801723131943351,1.2170589586355816,1.1452443462156547,1.186151590611667,1.224019971201521,1.1665143617865812,1.170999131583179,1.2068163456081804,1.1533111645083962,1.1367965638773396,1.2131952802075878,1.191756347455019,1.1935477511965638,1.2024696903161705,1.142645690429983,1.1647381824267395,1.2361525209153807,1.1733651387041335,1.2113843404434448,1.1890687026117597,1.1430962636172677,1.1555710558978494,1.1851187298765018,1.1184414368390032,1.1376831142250068,1.1786665005675812,1.1161529086306108,1.163587395517904,1.2020499077929876,1.0978658173122169,1.129806488792919,1.1752837040560355,1.124204166610544,1.1676600272438469,1.1983296491538566,1.118990373142207,1.1612784336659936,1.2179622258493357,1.1001026698051941,1.267459840006199
390.0,1.0621790765848096,1.0623963813931758,1.174614518657385,1.0646009928768028,1.0565570263404909,1.0326324417327604,1.0968004242790483,1.0839218517786078,1.0442514847506283,1.091605953222767,1.1235903931878686,1.0828149663395539,1.1060999687997126,1.1085926315006398,1.1009679854740175,1.1210250137564401,1.1572178306079706,1.1478727682983507,1.185925200774325,1.1754505376693432,1.21302433052169,1.2051524505630706,1.1990569241654467,1.131551909459692,1.1492003037476908,1.1485777339544165,1.1061431892211588,1.1533389226210546,1.1530668399409016,1.1200856016738663,1.1580862862374575,1.1509665503874098,1.1354949932621654,1.1662063617612148,1.1198990974048895,1.1307668202237309,1.143977733075779,1.1513520948274951,1.138584677979083,1.1470776510456262,1.1445418026661602,1.1760778151665086,1.160892285198588,1.1575525565383162,1.1644380235084266,1.1448845121284732,1.176209121358362,1.1818845376581713,1.1468766552434502,1.1358773925999157,1.1422590880871877,1.133587646944688,1.1370370592408972,1.1687927716241857,1.1318833679779292,1.108270432262719,1.1569958132671716,1.11778630098631,1.1385940437079853,1.1389553161929438,1.1268139813723417,1.142190435195367,1.1993792255199192,1.12663001786357,1.1649003361259618,1.1568276189688083,1.1146725869984262,1.136918764840084,1.1509754941259243,1.1348098873653463,1.132068236863065,1.1658050348202613,1.124906631871964,1.1326130765503308,1.182825794818348,1.1276263375131814,1.1166373513204217,1.1777142294797684,1.142056041690556,1.1535660005067998,1.1749447351806601,1.107735550493262,1.1558129035502906,1.23702890153712,1.1471777250257535,1.1832194487009902,1.1784101839923555,1.1378940660522525,1.1195391169784572,1.1365813719649678,1.1070162793555607,1.1188700085740408,1.1354011437718567,1.1219330987151324,1.141943843245687,1.1535345039950673,1.1159359142843626,1.1128035203579112,1.1691018978983228,1.1299645799901625,1.1367401669197665,1.1866875842569218,1.1267082305882685,1.1667115813582416,1.2357990419543212,1.1154883772226563,1.2415535329213758
400.0,1.0234188180811108,1.036842952948428,1.1135397581913042,1.0670765152241029,1.0659323030083852,1.052441510569452,1.1126630696518298,1.0447231311206728,1.0134836460236747,1.0610867396361532,1.0782809960720043,1.035690323496268,1.081938067526392,1.0537809133638203,1.07616063185978,1.0965616485947125,1.0863338862445489,1.1009570936065587,1.1280912003111752,1.1082567356299822,1.1338765627692162,1.1464044474961501,1.1432488647357515,1.0949159285606247,1.1254909203097387,1.120441626200708,1.099550179245782,1.128789885983257,1.120636943865301,1.0996832099720324,1.138375396144573,1.1056285080930832,1.0936245271966387,1.1322345083879615,1.0903470829486102,1.1080750424896175,1.122468174706528,1.1527405424925734,1.1582586438235676,1.1239718360005826,1.1127115968208312,1.147669450008392,1.1279764051675774,1.140887919570236,1.130997360210086,1.124272508767033,1.1453276038652098,1.1615328908390175,1.123635325785526,1.1198313072028425,1.1513409069549623,1.1264353091075106,1.117173580796653,1.1434427044483064,1.1159689074970214,1.0905324998089823,1.145689771346277,1.1179857405782476,1.118752281533218,1.1559804406841858,1.1091390011198379,1.1096956376612717,1.1830645420394337,1.1028746310603552,1.1317233649977572,1.1440432307119897,1.1057380345361194,1.1119407807533856,1.142769901587328,1.1115052135138113,1.1161057382358373,1.1516379062444155,1.1080742281270477,1.1111735439899382,1.1388700417130255,1.1034984937558687,1.083182981859777,1.150570595062631,1.097148743304229,1.098902595137691,1.1342555889152253,1.0716818369023036,1.0779941946938663,1.164082396752804,1.0792458495409571,1.1214187500094732,1.1448365375853615,1.0893941699472232,1.076787245096241,1.120880999441796,1.089537166148318,1.0824467153033026,1.1358105571469366,1.0772432830184164,1.087017441128794,1.1131147578104243,1.0664252853674239,1.060945155102384,1.1293832251112712,1.0777546363741248,1.0800121840635826,1.127498028120826,1.0603965072158983,1.0743398256147103,1.1572902756384502,1.0575700833201211,1.1666536298546721
410.0,1.0253912738471427,1.0348346083490836,1.1942947518762244,1.108646743696286,1.0449601343347348,1.0436060216298364,1.1045588987044948,1.0427292215533082,1.0138158815777554,1.062681934506014,1.0791637268167882,1.050050187219206,1.1111570950202663,1.0590697767629789,1.0802764623040695,1.1149327558980766,1.0948784539817908,1.097503652724752,1.145311788866121,1.1059907759810033,1.1236670277790068,1.1456810846070191,1.1387475655566064,1.08461817524016,1.126208269608597,1.1089380044871318,1.091438501133263,1.1292528493889316,1.1050167243307878,1.107034968679964,1.1318537895851757,1.1030946208492853,1.1082647344927854,1.1356341932208194,1.0876867671180337,1.1052577356758033,1.1247631423976494,1.1349713283372185,1.1386935655601669,1.122684315869355,1.1159829478633014,1.1169535775768173,1.1178980280430668,1.1300609522291265,1.1381817057880141,1.128409104817238,1.1329797372477077,1.1641659769293244,1.1238414755080326,1.1186874347372657,1.1550102933634323,1.1263466414535988,1.1071729470932208,1.143694518133063,1.1139700733488873,1.0853163456131634,1.1583710431711476,1.1072723331012502,1.105294568487869,1.1355394185543672,1.0959253845528578,1.102442707762233,1.1582599628490764,1.0946766878054353,1.1229679987725227,1.1452730226298375,1.0999784844179188,1.1093146027832261,1.150120294019747,1.0953038576182312,1.104435880059135,1.1607123099143688,1.1114887906091304,1.0936703155107728,1.144929344782061,1.097292353724202,1.0825151798873902,1.1633975884477894,1.111055483164063,1.1082202253086584,1.1612504702805917,1.066516056613029,1.0823764866115035,1.1558476372685131,1.0886950556061177,1.1235648496858512,1.1629379102582236,1.1004662833397212,1.075475609548402,1.1346938781300318,1.0924934336319867,1.0853199136503815,1.1494529990661233,1.0874442497340588,1.0822295854896258,1.126797220768949,1.063365435355607,1.062520293686379,1.1480116137321486,1.0901493548755645,1.0827772179814648,1.1308994482292658,1.0446545085325003,1.0681692057059067,1.1387347331872382,1.0646021877858889,1.1670557993386168
420.0,1.0197986486075614,1.0523304280939483,1.2154402020086323,1.1077949588442777,1.0684626661876813,1.0857996885789112,1.105703050228422,1.0551720317462199,1.0313253972922956,1.0830055770897538,1.0943792955184135,1.0538613278643614,1.1004647310817928,1.0628639026251174,1.0692537649118998,1.1132679586875043,1.1078853891425253,1.1179173573464662,1.1499101055997145,1.118121258222328,1.128850023758152,1.1428985174870407,1.1413020981189617,1.1001758881637005,1.137394603414788,1.1126662337578834,1.0916951629436935,1.1120641492965004,1.1090505427010768,1.0941224480928378,1.1393905356129699,1.106706930147478,1.1043441018842854,1.1559840941248496,1.0858173637112483,1.1117031532803676,1.1271993304997427,1.1063666862624821,1.1216863405211797,1.1036924305649645,1.1058230128661068,1.1129813710571452,1.1312789926119533,1.1219798291085012,1.1179502760252005,1.1142800239499242,1.1181697366167898,1.13795778814414,1.1019360895969048,1.097388111619997,1.1342121012310007,1.1116299392448132,1.0965367172703067,1.1302410932871454,1.1289704503422031,1.075303481875371,1.13660792438184,1.0970078511024737,1.0931809980852378,1.1394920690301371,1.0880736110619413,1.0868441043358852,1.1384458997009965,1.0681373072593532,1.1141834142889613,1.1276905718265848,1.0767819590915961,1.095683865375815,1.1353299910307744,1.0907806022974538,1.1001157474171706,1.1461226394509152,1.0968763517059474,1.0941348015506196,1.149156182928252,1.1207244284104159,1.0742301180746432,1.1524596212680995,1.127331424735679,1.1076561924550339,1.141116322369162,1.0821881549883532,1.091207584318029,1.1541228394022325,1.1123447816345204,1.1265790305875165,1.1511968618040151,1.101379370243955,1.077447395397663,1.1213933072193158,1.076468799016284,1.0754363682284285,1.1344789600798502,1.0682644944111428,1.0768674045795545,1.1142734199818922,1.0594014308579898,1.051080285274513,1.1377518445109573,1.0803190801068234,1.080286497383858,1.129689741439931,1.0547057204034123,1.065821493038484,1.1374933096974984,1.0262444786160716,1.1606471541845402
430.0,1.0183309068913784,1.0385625312389974,1.1828495234318714,1.0732398351611394,1.0509860720595428,1.0357889799529103,1.0540845766293445,1.0460228098959747,1.0065047010772328,1.0583481730068103,1.0818890049733898,1.0299134480870917,1.083759431869747,1.056512727541123,1.0377323001936198,1.0872611945331394,1.0938466049602904,1.0870221759714402,1.1231727058847112,1.1054038703930515,1.1041301287407228,1.1258131289272124,1.12395370990521,1.073377828371582,1.104742266669047,1.1089708880615705,1.0622918791544556,1.0917162495173458,1.1000633587828748,1.0663781374972092,1.1195375616930194,1.099753709998901,1.0762743364436818,1.1314226809989987,1.0786482600895222,1.074910077016834,1.093495707985078,1.0972919540949457,1.1036653618375638,1.1051021373039343,1.0911406559187309,1.0882489318532418,1.1240131842067975,1.1164068911904563,1.0960196314352677,1.0983914825039085,1.1073936524963768,1.1092366981301742,1.08385447890281,1.084835865674794,1.1145370194679984,1.1035420067214163,1.0835652771351552,1.1092414180798593,1.1091949263506875,1.0668660174640385,1.1012406999315756,1.0710862670843857,1.0776648315554942,1.1102388856022753,1.06678789871887,1.0793576055491596,1.1198293169932994,1.0523902041297186,1.1113377728514875,1.1057237590135236,1.0626108713618991,1.0863323288778755,1.1144924282438737,1.0855620971858313,1.0913204319569352,1.1353191242428393,1.1022796333786018,1.0987155084227773,1.1311341601691427,1.1154078976357056,1.0719719337937283,1.1369444648662548,1.1159175233688126,1.1029274276853627,1.1328674458508958,1.0941764071720772,1.0935720462650895,1.1346166184865836,1.1104071973005578,1.11754499315174,1.137271192563898,1.0969402785495057,1.0773210652713268,1.1107239680843621,1.0733902883162247,1.0745354639401623,1.1293040132208159,1.0694928208720562,1.0843404022503016,1.1038769462302542,1.0652869645681806,1.0620154743409014,1.1275885618543888,1.075538094723465,1.0769878882981525,1.1184283824677823,1.0427825834571973,1.0673433126578413,1.1169982325643044,1.0085185526536156,1.1566343853817604
440.0,1.0161863726415394,1.0187132345216017,1.1963736758386931,1.051363506343693,1.0380770028076722,1.0220219421761185,1.0533397780563214,1.0344799503129636,0.9877255167818018,1.0518452085665642,1.0713522956054673,1.035134798093673,1.0906778412602947,1.0545097798758314,1.0352576189004141,1.0990556216872045,1.089879439225692,1.0801205452138896,1.1296756401672332,1.105306988858563,1.105205441482809,1.1291526310711821,1.135760799829832,1.0963503891653883,1.1197404305867529,1.1037750315870063,1.0758085081822015,1.1063170185230113,1.1130576020215184,1.0872894775277684,1.127673112420932,1.1055074257144333,1.097336444508183,1.1342528309497544,1.0888337998053754,1.0976120348056257,1.1198161514277218,1.104768663475419,1.1056416013293504,1.113778077953241,1.1051090429446686,1.116721776386298,1.1285341475893365,1.1263975863194928,1.1312809856877883,1.1250806417662769,1.1256619501620446,1.157633321329993,1.1160280823748658,1.1065533666275211,1.130026275501315,1.12071996970127,1.1042289629249886,1.138360850084741,1.1175976135827168,1.0763617642206564,1.1182509370571445,1.1060471088460697,1.0918986271028717,1.1281228096003344,1.0798412264910258,1.0900961174692771,1.1526856650025763,1.0837571208530732,1.128848358626787,1.1345018377277423,1.089765899908035,1.09816135579496,1.1288217938657354,1.0960711948175743,1.0986664915499498,1.1570856760469654,1.1152051743310851,1.1007668840035114,1.1512824775522603,1.1279221318809787,1.0848309826944482,1.1552996527369428,1.1287956475565288,1.1084380060691206,1.1349588778502349,1.1017628616543123,1.104702470399165,1.1542232258556164,1.1160919046747044,1.1309090845980374,1.165665736419691,1.1026668609236938,1.0772148016743495,1.1287186455585732,1.0846018567516855,1.0781546573318022,1.1445459935452937,1.0724888187277544,1.0877086465027865,1.1302158426210227,1.0727031282394506,1.064718657160053,1.1448882700243015,1.096698861549255,1.0921765242231096,1.1353333594888901,1.066123266669867,1.0813209499393204,1.1603495248555853,1.0446935723635313,1.1760345613935117
450.0,1.022281575160104,1.0282657354294558,1.1870417845053267,1.0764270846897563,1.0540409553525387,1.042988249861426,1.0685665653450942,1.042289503025574,0.9953946585782537,1.0561183274797,1.0837643566278055,1.0219974125570142,1.0719590825754837,1.049297234205897,1.0327901440309304,1.086104522569113,1.0847330984353172,1.0686391205189743,1.1111295518913453,1.1034995071131015,1.0979562263460827,1.1222410783879069,1.1301055787592957,1.0839125098251943,1.112499304082705,1.1078074112709435,1.0819966976481876,1.1117577278323085,1.1145320616801293,1.0844102662899775,1.1222571094471168,1.1071602609758302,1.0757800270032536,1.1310128218357667,1.081891656015916,1.0815352878345472,1.1108210407681347,1.1073195734541963,1.1012140409891749,1.1045704925912303,1.105436982498901,1.1172186519162095,1.1244660648027567,1.1218158287495024,1.109842526914873,1.116292715234284,1.1255440466254125,1.1308465470465527,1.1067923797074888,1.1054758035480519,1.1234919057983097,1.1133539494161309,1.0974207055699388,1.1249289051240507,1.1131374642365452,1.0845474832872741,1.1144612546046364,1.0982339705072888,1.0961398769632382,1.1260559339175709,1.0821975524952114,1.091396114025831,1.1427122240404437,1.0709189739968403,1.1209946169374594,1.1314044548078388,1.0912773368703823,1.0973204025379555,1.1331396232368163,1.095993481825799,1.1065541497862919,1.1485895517029607,1.1132827218602548,1.10167463264268,1.1377576750538865,1.1178283574629735,1.0817773379784303,1.1394223784949837,1.1235316402205409,1.1081572420353922,1.1276866200463331,1.102631083670747,1.1047819451738912,1.1484963260581262,1.110761539488847,1.1287611993088682,1.1502777476962245,1.1026337294408255,1.0799771760977426,1.1218854560503257,1.0895256438672336,1.086761727598283,1.1498710146682014,1.0864591140629258,1.0887475375401658,1.113529740135451,1.0684081493117927,1.0581920455070686,1.1282090142026875,1.0942828990104831,1.08813203049291,1.1371358893997254,1.0752196413082797,1.08590738440797,1.156570266443714,1.0469975229486128,1.1703289886695463
460.0,1.0062885663036572,1.0290819163776106,1.1254024827487152,1.076772538566144,1.0609063522981557,1.0466878578492311,1.0793867735437426,1.039892990689116,0.9999395053510313,1.073006862450078,1.0864444368009394,1.0288899772320597,1.0833227071696543,1.063380187850085,1.0575019171664903,1.1066001638306402,1.0904858324418494,1.07831130104423,1.109219721074159,1.0930813726859927,1.0875166876594378,1.1221451643812654,1.1279601198988987,1.0788897278034064,1.1188868208116844,1.10391824950302,1.0860580043727002,1.1186646055375429,1.105211668549245,1.0850812824666953,1.1270628471020154,1.0970459092094007,1.0819695558706985,1.1314003078501316,1.0834610704007395,1.1006940614523062,1.1109664908340662,1.0920719220418098,1.1095201450985546,1.1021618095649888,1.0891218624126522,1.1051118898326036,1.1004576790096756,1.1112718127280097,1.1042424523049055,1.1104318296195157,1.0975336296936227,1.129949626277657,1.094726057740966,1.088593392825304,1.1221896944500036,1.1081241184848167,1.0841954536172667,1.1122001537494572,1.0986119266547147,1.0682567332576527,1.1157745254076732,1.0818816414828283,1.0822584579944161,1.1182331367936549,1.074410172153912,1.0750774262255491,1.1204420832994086,1.0694405812485377,1.1019305412614293,1.1147547956140729,1.0725045716758022,1.088012236494205,1.118702020161041,1.0910472364839352,1.08864118499502,1.1280716099452706,1.101564299634199,1.0885848969997856,1.1207294392547982,1.1025954763760273,1.0597520944764034,1.123460493156193,1.0995100853135538,1.0930283391691813,1.1244577835590817,1.0855855246176416,1.0747659710015995,1.1220138637874326,1.1029011114512237,1.1146964168432743,1.1330607937172505,1.0922746714334644,1.0766206672738527,1.1191110872509733,1.081441333443989,1.0699906568433435,1.1388598294659305,1.0820304208319684,1.084143577937069,1.1054732294161225,1.0662795985552187,1.051882095762832,1.1177020318174626,1.0771518562831461,1.071136999912687,1.111146649797866,1.0666793144248963,1.0666454677112887,1.1207818589432657,1.0385894024010824,1.1553257569087212
470.0,0.9914728143309579,1.0145153938891491,1.09782582282943,1.0466210358553532,1.0527601318615896,1.0384157956677798,1.0387801342732579,1.0263709774453156,0.9939991032395946,1.035490267279819,1.0709363300899066,1.0282908518745946,1.064750404581399,1.0491153984125168,1.0591038003723996,1.0836787214085146,1.079373854041938,1.0830502294846078,1.0956782503742426,1.0827849999313737,1.0970570153577415,1.1095804614086755,1.1184284870401071,1.0811561075270903,1.1019634563677136,1.1025650127983841,1.0854080466159781,1.10780779931336,1.1015742638677988,1.0878224670091554,1.1147998350547599,1.0855060370702014,1.0816377751210784,1.1131501689983665,1.0740649056629568,1.0989350374710907,1.105371794008165,1.089863943554693,1.1023501892715668,1.0956738961369799,1.0779490955260607,1.1007348053857906,1.0944832849425306,1.105464471552457,1.11693656237809,1.1047249980014657,1.0928077006737225,1.1196683775882539,1.1000438749333967,1.0863927694318793,1.114501692165097,1.1032107798021962,1.0808796371348952,1.1130854543631796,1.0937760276569803,1.066902975804785,1.1188960882372219,1.0896908241645331,1.0829186859696391,1.1242187060339344,1.0784996920692473,1.073418951770571,1.131106329850569,1.074840462078878,1.1039718606988966,1.1173167224687743,1.0873676841600202,1.0851851187427846,1.1188709381783841,1.1019767043824507,1.094684351853641,1.127235305721227,1.0982037921491867,1.0842822997623434,1.1191395424538335,1.0938129670155186,1.060123567788354,1.126852342752284,1.094628635408539,1.0877446872997687,1.1320980147797188,1.0754510453520632,1.0667001368379712,1.1222038292009766,1.0995058043029355,1.1083198296669998,1.1253748699295432,1.0845588430835191,1.082079121079234,1.107864816589513,1.087861016292678,1.0701987131798218,1.1338561861933611,1.095164579094104,1.0758498930958664,1.1012767817812426,1.071560087548149,1.045228152682831,1.115185572687148,1.078925702395448,1.0659883145683937,1.114105891404403,1.0700382982945413,1.0613641811799053,1.1168853767559663,1.0369634857642023,1.1486847161902654
480.0,1.008377627412605,1.023965748284278,1.1298111638372157,1.0749431272448828,1.0613638683305802,1.0411816697160803,1.0578838423848582,1.0359112072962988,0.9981417272138174,1.0490311754631676,1.0828775999559541,1.0314918316646655,1.0768662956306263,1.0577858670263443,1.0637223868293257,1.09785143099249,1.0812151271856265,1.0806401006610393,1.1151251044119814,1.095638581045329,1.1078976426883673,1.1278390894678725,1.1261111329020854,1.0923750095575986,1.1170284405962738,1.1072290127933342,1.0871349627798927,1.116708124677494,1.1078282330067313,1.0960542398821307,1.1325198268155012,1.0953272363697044,1.0846405184344858,1.1335946761053741,1.0837244189646227,1.0972895873141095,1.113838124439815,1.0963077892973234,1.1104664169513234,1.1004529267850796,1.0839494556888731,1.1105823519032851,1.1102364034691898,1.1079785221137763,1.1084687509773101,1.103681842906555,1.0917452867953732,1.1184639990850114,1.1027392301096999,1.0858088523909868,1.1066281070313746,1.1019660653961536,1.080562205700688,1.1078717717996207,1.0980968189283609,1.068729372022595,1.1172054255209398,1.0895636140906046,1.0813694373105844,1.1184650870793393,1.0739484878310028,1.0699024926890535,1.123406624877851,1.061419005710558,1.0961066713920573,1.1068084267484153,1.081350988151015,1.0831590421862887,1.1110185562175203,1.0946445437461312,1.0862107094371516,1.127659417587513,1.0947865590352435,1.0825870281195389,1.1097023459288669,1.0927979358562745,1.0588216983620737,1.1210500446197986,1.0958789713726036,1.0901345460217553,1.129358684045443,1.0779931123650561,1.0730725337239877,1.1181223245848797,1.103285440635255,1.1045109687681351,1.122817930355191,1.0780384197600383,1.0666753826027249,1.1127280809093187,1.0801055089456353,1.0638148844387896,1.1309014333751304,1.082052762830881,1.0694057691206118,1.1041574812518073,1.063552915233835,1.0425609722986446,1.116548656461087,1.0719859907760525,1.0598203090391582,1.1123866009139587,1.0588175243010596,1.0507076467442207,1.1151004433266962,1.0249026183876242,1.139077637837958
490.0,1.0220104125225267,1.0334453795705245,1.1533249484132482,1.0932856601182612,1.0660673480397864,1.0508787875756185,1.0683502096291964,1.042621862885653,1.0051963567755737,1.0701860667660228,1.0876557728645186,1.0437962300606185,1.096148999824644,1.0683863560372753,1.0669170907307486,1.110656810046978,1.0992673367110297,1.0963942866473575,1.1234377297153835,1.105045440703587,1.1073266328548785,1.1299555717802587,1.1369026145660983,1.095919040931151,1.1256329245095578,1.1145013647326254,1.0956011648433133,1.1309329382288074,1.1180653680669645,1.1017048649911747,1.1443313506632145,1.1065352484232147,1.0943786498710286,1.1430546157337471,1.0848831798143954,1.1044638862513234,1.1185506591824008,1.100587274341799,1.121071419866482,1.106858186280121,1.0910040132469991,1.1252333606406442,1.106929362240513,1.1197634091742843,1.1297325720799896,1.1228709309374,1.115822685026064,1.1391028047279663,1.1088385748880618,1.0970055678656212,1.1314041519989737,1.117132635772507,1.094150712583481,1.1247475361925052,1.106807515169865,1.076512347586808,1.1315204908273075,1.0956151408080899,1.0917891430014108,1.1418176786892136,1.082901904455987,1.0888222183161416,1.1443363975898233,1.073945441478298,1.1110775877847545,1.1263064506163427,1.0946199473696752,1.0950925137920218,1.1332688880702588,1.1038271169189537,1.1019742669567243,1.1449711778071794,1.1084934700389477,1.0942529185303154,1.141152975568317,1.100907155580818,1.073861814121598,1.1489375782393398,1.101710747029308,1.0986309112936945,1.1539970731218456,1.0858291997521228,1.0829551013862324,1.1513913656446886,1.1114566715048844,1.1203277148626078,1.1517454020837337,1.088983858468143,1.071840504122047,1.1284900560547646,1.0898214274286382,1.0777488022340842,1.1484545450992847,1.0941805507711513,1.083369160929892,1.1295500977057154,1.0748066749423841,1.0620937590452308,1.1368319826594577,1.0820311580544788,1.0799158861091591,1.137979921664395,1.0787768688373403,1.0735492318808262,1.1416711736660818,1.0634096609557058,1.164770262348179
