"polygon_id","polygon_name","polygon_level","polygon_version","country","business_vertical","activity_quantile","latitude","longitude","ds"
"MEX.15.13_1","Atizapán de Zaragoza","GADM2","3.6","MX","Retail","0.270831166243622","19.49300512555868","-99.24963873871992","2026-01-03"
"MEX.15.13_1","Atizapán de Zaragoza","GADM2","3.6","MX","Business & Utility Services","0.3154379750966565","19.49300512555868","-99.24963873871992","2026-01-03"
"MEX.15.13_1","Atizapán de Zaragoza","GADM2","3.6","MX","Travel","0.27163284634513857","19.49300512555868","-99.24963873871992","2026-01-03"
"MEX.15.13_1","Atizapán de Zaragoza","GADM2","3.6","MX","Professional Services","0.2640515661894886","19.49300512555868","-99.24963873871992","2026-01-03"
"MEX.15.13_1","Atizapán de Zaragoza","GADM2","3.6","MX","Grocery & Convenience Stores","0.4568599570182949","19.49300512555868","-99.24963873871992","2026-01-03"
"MEX.15.13_1","Atizapán de Zaragoza","GADM2","3.6","MX","Public Good","0.3018353319776967","19.49300512555868","-99.24963873871992","2026-01-03"
"MEX.15.13_1","Atizapán de Zaragoza","GADM2","3.6","MX","All","0.26132169998490384","19.49300512555868","-99.24963873871992","2026-01-03"
"MEX.15.13_1","Atizapán de Zaragoza","GADM2","3.6","MX","","0.24542916769359624","19.49300512555868","-99.24963873871992","2026-01-03"
"MEX.15.13_1","Atizapán de Zaragoza","GADM2","3.6","MX","Lifestyle Services","0.2801066735391993","19.49300512555868","-99.24963873871992","2026-01-03"
"MEX.15.13_1","Atizapán de Zaragoza","GADM2","3.6","MX","Manufacturing","0.1803804969156107","19.49300512555868","-99.24963873871992","2026-01-03"
"MEX.15.13_1","Atizapán de Zaragoza","GADM2","3.6","MX","Home Services","0.2747289175630779","19.49300512555868","-99.24963873871992","2026-01-03"
"MEX.15.13_1","Atizapán de Zaragoza","GADM2","3.6","MX","Local Events","0.20448312141160324","19.49300512555868","-99.24963873871992","2026-01-03"
"MEX.15.13_1","Atizapán de Zaragoza","GADM2","3.6","MX","Restaurants","0.2256840033836307","19.49300512555868","-99.24963873871992","2026-01-03"
"MEX.30.118_1","Omealca","GADM2","3.6","MX","Retail","0.41022135476213695","18.74374102087376","-96.72386023513822","2026-01-03"
"MEX.30.118_1","Omealca","GADM2","3.6","MX","All","0.43751355005065407","18.74374102087376","-96.72386023513822","2026-01-03"
"MEX.30.118_1","Omealca","GADM2","3.6","MX","Restaurants","0.5161194356736686","18.74374102087376","-96.72386023513822","2026-01-03"
"MEX.24.48_1","Villa de Arista","GADM2","3.6","MX","Lifestyle Services","0.5165727216121526","22.64996283017115","-100.82978635962402","2026-01-03"
"MEX.24.48_1","Villa de Arista","GADM2","3.6","MX","All","0.3104957675618262","22.64996283017115","-100.82978635962402","2026-01-03"
"MEX.24.48_1","Villa de Arista","GADM2","3.6","MX","Restaurants","0.40504566693826766","22.64996283017115","-100.82978635962402","2026-01-03"
"MEX.24.48_1","Villa de Arista","GADM2","3.6","MX","Retail","0.2955866886053635","22.64996283017115","-100.82978635962402","2026-01-03"
"MEX.30.40_1","Chinampa de Gorostiza","GADM2","3.6","MX","Retail","0.566129251378437","21.356953916063606","-97.64934684775207","2026-01-03"
"MEX.30.40_1","Chinampa de Gorostiza","GADM2","3.6","MX","Home Services","0.5170300399133169","21.356953916063606","-97.64934684775207","2026-01-03"
"MEX.30.40_1","Chinampa de Gorostiza","GADM2","3.6","MX","Lifestyle Services","0.481884561049878","21.356953916063606","-97.64934684775207","2026-01-03"
"MEX.30.40_1","Chinampa de Gorostiza","GADM2","3.6","MX","Professional Services","0.3499718591046094","21.356953916063606","-97.64934684775207","2026-01-03"
"MEX.30.40_1","Chinampa de Gorostiza","GADM2","3.6","MX","Restaurants","0.4194479900556819","21.356953916063606","-97.64934684775207","2026-01-03"
"MEX.30.40_1","Chinampa de Gorostiza","GADM2","3.6","MX","All","0.37627033082017247","21.356953916063606","-97.64934684775207","2026-01-03"
"MEX.21.151_1","Tecamachalco","GADM2","3.6","MX","Professional Services","0.3355094138441831","18.875019433180107","-97.6229699614485","2026-01-03"
"MEX.21.151_1","Tecamachalco","GADM2","3.6","MX","Lifestyle Services","0.4795086430167301","18.875019433180107","-97.6229699614485","2026-01-03"
"MEX.21.151_1","Tecamachalco","GADM2","3.6","MX","Retail","0.7296812551846475","18.875019433180107","-97.6229699614485","2026-01-03"
"MEX.21.151_1","Tecamachalco","GADM2","3.6","MX","Restaurants","0.459479852032585","18.875019433180107","-97.6229699614485","2026-01-03"
"MEX.21.151_1","Tecamachalco","GADM2","3.6","MX","All","0.5996109555592161","18.875019433180107","-97.6229699614485","2026-01-03"
"MEX.21.151_1","Tecamachalco","GADM2","3.6","MX","Home Services","0.431199365882092","18.875019433180107","-97.6229699614485","2026-01-03"
"MEX.21.151_1","Tecamachalco","GADM2","3.6","MX","Business & Utility Services","0.24255305632409646","18.875019433180107","-97.6229699614485","2026-01-03"
"MEX.30.74_1","Isla","GADM2","3.6","MX","Public Good","0.6070154177892443","18.155049922213713","-95.55925304579254","2026-01-03"
"MEX.30.74_1","Isla","GADM2","3.6","MX","Restaurants","0.4289797338017945","18.155049922213713","-95.55925304579254","2026-01-03"
"MEX.30.74_1","Isla","GADM2","3.6","MX","Lifestyle Services","0.3849482736880421","18.155049922213713","-95.55925304579254","2026-01-03"
"MEX.30.74_1","Isla","GADM2","3.6","MX","Retail","0.30342036736249584","18.155049922213713","-95.55925304579254","2026-01-03"
"MEX.30.74_1","Isla","GADM2","3.6","MX","All","0.27571797833311523","18.155049922213713","-95.55925304579254","2026-01-03"
"MEX.30.74_1","Isla","GADM2","3.6","MX","Home Services","0.4376711661278434","18.155049922213713","-95.55925304579254","2026-01-03"
"MEX.30.74_1","Isla","GADM2","3.6","MX","Professional Services","0.21638228631993828","18.155049922213713","-95.55925304579254","2026-01-03"
"MEX.15.83_1","Tejupilco","GADM2","3.6","MX","Retail","0.3314018095842891","18.803717662966086","-100.28739226432351","2026-01-03"
"MEX.15.83_1","Tejupilco","GADM2","3.6","MX","All","0.16198632079953806","18.803717662966086","-100.28739226432351","2026-01-03"
"MEX.16.32_1","Epitacio Huerta","GADM2","3.6","MX","All","0.4660759557489414","20.136748750278418","-100.30640520318087","2026-01-03"
"MEX.16.32_1","Epitacio Huerta","GADM2","3.6","MX","Retail","0.5207712751381048","20.136748750278418","-100.30640520318087","2026-01-03"
"MEX.13.84_1","Zimapán","GADM2","3.6","MX","Local Events","0.31908438603100536","20.77904556469558","-99.35539954518998","2026-01-03"
"MEX.13.84_1","Zimapán","GADM2","3.6","MX","Retail","0.4461135506683159","20.77904556469558","-99.35539954518998","2026-01-03"
"MEX.13.84_1","Zimapán","GADM2","3.6","MX","Lifestyle Services","0.5536579552665362","20.77904556469558","-99.35539954518998","2026-01-03"
"MEX.13.84_1","Zimapán","GADM2","3.6","MX","Restaurants","0.6149184742512482","20.77904556469558","-99.35539954518998","2026-01-03"
"MEX.13.84_1","Zimapán","GADM2","3.6","MX","Professional Services","0.19229033837387766","20.77904556469558","-99.35539954518998","2026-01-03"
"MEX.13.84_1","Zimapán","GADM2","3.6","MX","All","0.47142249831363914","20.77904556469558","-99.35539954518998","2026-01-03"
"MEX.13.84_1","Zimapán","GADM2","3.6","MX","Home Services","0.623134412720335","20.77904556469558","-99.35539954518998","2026-01-03"
"MEX.13.84_1","Zimapán","GADM2","3.6","MX","Grocery & Convenience Stores","0.5578715464006475","20.77904556469558","-99.35539954518998","2026-01-03"
"MEX.13.84_1","Zimapán","GADM2","3.6","MX","Public Good","0.4197370927074543","20.77904556469558","-99.35539954518998","2026-01-03"
"MEX.13.84_1","Zimapán","GADM2","3.6","MX","Travel","0.37856127049669164","20.77904556469558","-99.35539954518998","2026-01-03"
"MEX.13.84_1","Zimapán","GADM2","3.6","MX","Business & Utility Services","0.5286699789875529","20.77904556469558","-99.35539954518998","2026-01-03"
"MEX.13.34_1","La Misión","GADM2","3.6","MX","All","0.4784507608077623","21.094180460285823","-99.06458510746202","2026-01-03"
"MEX.21.182_1","Tlapanalá","GADM2","3.6","MX","Restaurants","0.3963114048954746","18.71996878721709","-98.45458757450932","2026-01-03"
"MEX.21.182_1","Tlapanalá","GADM2","3.6","MX","All","0.6432083071011266","18.71996878721709","-98.45458757450932","2026-01-03"
"MEX.16.29_1","Cotija","GADM2","3.6","MX","Retail","0.39837686207050055","19.74455060808493","-102.72071980372836","2026-01-03"
"MEX.16.29_1","Cotija","GADM2","3.6","MX","Home Services","0.5501936841276843","19.74455060808493","-102.72071980372836","2026-01-03"
"MEX.16.29_1","Cotija","GADM2","3.6","MX","Restaurants","0.5024120298967099","19.74455060808493","-102.72071980372836","2026-01-03"
"MEX.16.29_1","Cotija","GADM2","3.6","MX","Professional Services","0.3827469726867326","19.74455060808493","-102.72071980372836","2026-01-03"
"MEX.16.29_1","Cotija","GADM2","3.6","MX","All","0.3447145540049881","19.74455060808493","-102.72071980372836","2026-01-03"
"MEX.1.1_1","Aguascalientes","GADM2","3.6","MX","Grocery & Convenience Stores","0.487777006282351","21.832771608659222","-102.24203114789458","2026-01-03"
"MEX.1.1_1","Aguascalientes","GADM2","3.6","MX","Retail","0.2800615508073435","21.832771608659222","-102.24203114789458","2026-01-03"
"MEX.1.1_1","Aguascalientes","GADM2","3.6","MX","Local Events","0.22242091354382026","21.832771608659222","-102.24203114789458","2026-01-03"
"MEX.1.1_1","Aguascalientes","GADM2","3.6","MX","","0.2285900845151543","21.832771608659222","-102.24203114789458","2026-01-03"
"MEX.1.1_1","Aguascalientes","GADM2","3.6","MX","Business & Utility Services","0.32417988920009716","21.832771608659222","-102.24203114789458","2026-01-03"
"MEX.1.1_1","Aguascalientes","GADM2","3.6","MX","Travel","0.31933489222917605","21.832771608659222","-102.24203114789458","2026-01-03"
"MEX.1.1_1","Aguascalientes","GADM2","3.6","MX","All","0.2770238847068826","21.832771608659222","-102.24203114789458","2026-01-03"
"MEX.1.1_1","Aguascalientes","GADM2","3.6","MX","Restaurants","0.31464117121747914","21.832771608659222","-102.24203114789458","2026-01-03"
"MEX.1.1_1","Aguascalientes","GADM2","3.6","MX","Lifestyle Services","0.20882456953003445","21.832771608659222","-102.24203114789458","2026-01-03"
"MEX.1.1_1","Aguascalientes","GADM2","3.6","MX","Professional Services","0.292516613387784","21.832771608659222","-102.24203114789458","2026-01-03"
"MEX.1.1_1","Aguascalientes","GADM2","3.6","MX","Home Services","0.34533721162672654","21.832771608659222","-102.24203114789458","2026-01-03"
"MEX.1.1_1","Aguascalientes","GADM2","3.6","MX","Manufacturing","0.2912728870229873","21.832771608659222","-102.24203114789458","2026-01-03"
"MEX.1.1_1","Aguascalientes","GADM2","3.6","MX","Public Good","0.16966984171717817","21.832771608659222","-102.24203114789458","2026-01-03"
"MEX.21.136_1","San Nicolás de los Ranchos","GADM2","3.6","MX","Grocery & Convenience Stores","0.4928319029650255","19.103826619396592","-98.48202917422789","2026-01-03"
"MEX.21.136_1","San Nicolás de los Ranchos","GADM2","3.6","MX","All","0.34045710599715323","19.103826619396592","-98.48202917422789","2026-01-03"
"MEX.21.136_1","San Nicolás de los Ranchos","GADM2","3.6","MX","Restaurants","0.4674365757889753","19.103826619396592","-98.48202917422789","2026-01-03"
"MEX.21.136_1","San Nicolás de los Ranchos","GADM2","3.6","MX","Lifestyle Services","0.38338970480484463","19.103826619396592","-98.48202917422789","2026-01-03"
"MEX.21.136_1","San Nicolás de los Ranchos","GADM2","3.6","MX","Professional Services","0.33259276808591925","19.103826619396592","-98.48202917422789","2026-01-03"
"MEX.21.136_1","San Nicolás de los Ranchos","GADM2","3.6","MX","Business & Utility Services","0.3360922090567687","19.103826619396592","-98.48202917422789","2026-01-03"
"MEX.21.136_1","San Nicolás de los Ranchos","GADM2","3.6","MX","Retail","0.3383865951927642","19.103826619396592","-98.48202917422789","2026-01-03"
"MEX.21.136_1","San Nicolás de los Ranchos","GADM2","3.6","MX","Home Services","0.5427107509638096","19.103826619396592","-98.48202917422789","2026-01-03"
"MEX.21.136_1","San Nicolás de los Ranchos","GADM2","3.6","MX","Public Good","0.4748163196323723","19.103826619396592","-98.48202917422789","2026-01-03"
"MEX.16.57_1","Morelia","GADM2","3.6","MX","","0.2502226459155724","19.649698233782733","-101.29155899868071","2026-01-03"
"MEX.16.57_1","Morelia","GADM2","3.6","MX","All","0.3069108644500198","19.649698233782733","-101.29155899868071","2026-01-03"
"MEX.16.57_1","Morelia","GADM2","3.6","MX","Public Good","0.15421403425995023","19.649698233782733","-101.29155899868071","2026-01-03"
"MEX.16.57_1","Morelia","GADM2","3.6","MX","Manufacturing","0.5444457542023008","19.649698233782733","-101.29155899868071","2026-01-03"
"MEX.16.57_1","Morelia","GADM2","3.6","MX","Lifestyle Services","0.23998263381361423","19.649698233782733","-101.29155899868071","2026-01-03"
"MEX.16.57_1","Morelia","GADM2","3.6","MX","Local Events","0.21424557194915758","19.649698233782733","-101.29155899868071","2026-01-03"
"MEX.16.57_1","Morelia","GADM2","3.6","MX","Travel","0.303901806882647","19.649698233782733","-101.29155899868071","2026-01-03"
"MEX.16.57_1","Morelia","GADM2","3.6","MX","Grocery & Convenience Stores","0.6562394515384711","19.649698233782733","-101.29155899868071","2026-01-03"
"MEX.16.57_1","Morelia","GADM2","3.6","MX","Restaurants","0.3063162839204462","19.649698233782733","-101.29155899868071","2026-01-03"
"MEX.16.57_1","Morelia","GADM2","3.6","MX","Home Services","0.3490272409397706","19.649698233782733","-101.29155899868071","2026-01-03"
"MEX.16.57_1","Morelia","GADM2","3.6","MX","Business & Utility Services","0.3051473121383856","19.649698233782733","-101.29155899868071","2026-01-03"
"MEX.16.57_1","Morelia","GADM2","3.6","MX","Retail","0.32300637511824604","19.649698233782733","-101.29155899868071","2026-01-03"
"MEX.16.57_1","Morelia","GADM2","3.6","MX","Professional Services","0.30895631094736886","19.649698233782733","-101.29155899868071","2026-01-03"
"MEX.14.107_1","Tototlán","GADM2","3.6","MX","Home Services","0.6640627544833546","20.515343774269038","-102.78165367689262","2026-01-03"
"MEX.14.107_1","Tototlán","GADM2","3.6","MX","Retail","0.5241032279328875","20.515343774269038","-102.78165367689262","2026-01-03"
"MEX.14.107_1","Tototlán","GADM2","3.6","MX","Grocery & Convenience Stores","0.6704461755544872","20.515343774269038","-102.78165367689262","2026-01-03"
"MEX.14.107_1","Tototlán","GADM2","3.6","MX","Restaurants","0.7058497578196982","20.515343774269038","-102.78165367689262","2026-01-03"
"MEX.14.107_1","Tototlán","GADM2","3.6","MX","All","0.5596251501376088","20.515343774269038","-102.78165367689262","2026-01-03"
"MEX.14.107_1","Tototlán","GADM2","3.6","MX","Professional Services","0.20432114432449172","20.515343774269038","-102.78165367689262","2026-01-03"
"MEX.14.107_1","Tototlán","GADM2","3.6","MX","Lifestyle Services","0.4120154457259802","20.515343774269038","-102.78165367689262","2026-01-03"
"MEX.30.35_1","Chalma","GADM2","3.6","MX","Retail","0.421782089395674","21.235570636235547","-98.37043109256025","2026-01-03"
"MEX.30.35_1","Chalma","GADM2","3.6","MX","All","0.5861641699809199","21.235570636235547","-98.37043109256025","2026-01-03"
"MEX.30.35_1","Chalma","GADM2","3.6","MX","Professional Services","0.5641611470943655","21.235570636235547","-98.37043109256025","2026-01-03"
"MEX.13.36_1","Metepec","GADM2","3.6","MX","Retail","0.6191424501742316","20.283970914420404","-98.30422867392662","2026-01-03"
"MEX.13.36_1","Metepec","GADM2","3.6","MX","All","0.48029603705995844","20.283970914420404","-98.30422867392662","2026-01-03"
"MEX.13.36_1","Metepec","GADM2","3.6","MX","Professional Services","0.407646712517504","20.283970914420404","-98.30422867392662","2026-01-03"
"MEX.13.36_1","Metepec","GADM2","3.6","MX","Restaurants","0.4684239747127498","20.283970914420404","-98.30422867392662","2026-01-03"
"MEX.12.75_1","Zitlala","GADM2","3.6","MX","All","0.2510510380592333","17.79324539842664","-99.122639255166","2026-01-03"
"MEX.24.57_1","Zaragoza","GADM2","3.6","MX","All","0.22795958838938013","22.009922199148907","-100.70620554621053","2026-01-03"
"MEX.24.57_1","Zaragoza","GADM2","3.6","MX","Lifestyle Services","0.49147200050795586","22.009922199148907","-100.70620554621053","2026-01-03"
"MEX.24.57_1","Zaragoza","GADM2","3.6","MX","Home Services","0.2987719736597803","22.009922199148907","-100.70620554621053","2026-01-03"
"MEX.24.57_1","Zaragoza","GADM2","3.6","MX","Grocery & Convenience Stores","0.5661347700672742","22.009922199148907","-100.70620554621053","2026-01-03"
"MEX.24.57_1","Zaragoza","GADM2","3.6","MX","Retail","0.47441713734255286","22.009922199148907","-100.70620554621053","2026-01-03"
"MEX.24.57_1","Zaragoza","GADM2","3.6","MX","Business & Utility Services","0.25218575320838865","22.009922199148907","-100.70620554621053","2026-01-03"
"MEX.24.57_1","Zaragoza","GADM2","3.6","MX","Professional Services","0.265622439868919","22.009922199148907","-100.70620554621053","2026-01-03"
"MEX.24.57_1","Zaragoza","GADM2","3.6","MX","Restaurants","0.3686119871557084","22.009922199148907","-100.70620554621053","2026-01-03"
"MEX.21.110_1","Pantepec","GADM2","3.6","MX","All","0.7206466161867758","20.627045495713066","-97.84496548389245","2026-01-03"
"MEX.29.22_1","Panotla","GADM2","3.6","MX","Home Services","0.421577234882984","19.374223792094092","-98.19475727891377","2026-01-03"
"MEX.29.22_1","Panotla","GADM2","3.6","MX","Local Events","0.5633109541715401","19.374223792094092","-98.19475727891377","2026-01-03"
"MEX.29.22_1","Panotla","GADM2","3.6","MX","Lifestyle Services","0.42762597629058835","19.374223792094092","-98.19475727891377","2026-01-03"
"MEX.29.22_1","Panotla","GADM2","3.6","MX","Public Good","0.46805392035565824","19.374223792094092","-98.19475727891377","2026-01-03"
"MEX.29.22_1","Panotla","GADM2","3.6","MX","Business & Utility Services","0.32337915064584893","19.374223792094092","-98.19475727891377","2026-01-03"
"MEX.29.22_1","Panotla","GADM2","3.6","MX","Grocery & Convenience Stores","0.42384084157759844","19.374223792094092","-98.19475727891377","2026-01-03"
"MEX.29.22_1","Panotla","GADM2","3.6","MX","Professional Services","0.27901289506799165","19.374223792094092","-98.19475727891377","2026-01-03"
"MEX.29.22_1","Panotla","GADM2","3.6","MX","","0.2797534868849129","19.374223792094092","-98.19475727891377","2026-01-03"
"MEX.29.22_1","Panotla","GADM2","3.6","MX","Retail","0.48525118877310564","19.374223792094092","-98.19475727891377","2026-01-03"
"MEX.29.22_1","Panotla","GADM2","3.6","MX","Travel","0.3976597887694301","19.374223792094092","-98.19475727891377","2026-01-03"
"MEX.29.22_1","Panotla","GADM2","3.6","MX","All","0.35007238643182725","19.374223792094092","-98.19475727891377","2026-01-03"
"MEX.29.22_1","Panotla","GADM2","3.6","MX","Manufacturing","0.5832015500756759","19.374223792094092","-98.19475727891377","2026-01-03"
"MEX.29.22_1","Panotla","GADM2","3.6","MX","Restaurants","0.3339805020758409","19.374223792094092","-98.19475727891377","2026-01-03"
"MEX.12.42_1","Leonardo Bravo","GADM2","3.6","MX","All","0.6041708477173328","17.5770851416585","-99.7374416914159","2026-01-03"
"MEX.12.42_1","Leonardo Bravo","GADM2","3.6","MX","Restaurants","0.40910645893507075","17.5770851416585","-99.7374416914159","2026-01-03"
"MEX.12.52_1","Pungarabato","GADM2","3.6","MX","Retail","0.3884855948592934","18.289784282792102","-100.59801553178734","2026-01-03"
"MEX.12.52_1","Pungarabato","GADM2","3.6","MX","All","0.15099852679199638","18.289784282792102","-100.59801553178734","2026-01-03"
"MEX.1.8_1","San José de Gracia","GADM2","3.6","MX","All","0.5900381439233825","22.10344329467382","-102.54376759561194","2026-01-03"
"MEX.1.8_1","San José de Gracia","GADM2","3.6","MX","Travel","0.6024112104202392","22.10344329467382","-102.54376759561194","2026-01-03"
"MEX.1.8_1","San José de Gracia","GADM2","3.6","MX","Home Services","0.822600459291697","22.10344329467382","-102.54376759561194","2026-01-03"
"MEX.1.8_1","San José de Gracia","GADM2","3.6","MX","Retail","0.4977699422964984","22.10344329467382","-102.54376759561194","2026-01-03"
"MEX.1.8_1","San José de Gracia","GADM2","3.6","MX","Restaurants","0.57513462031733","22.10344329467382","-102.54376759561194","2026-01-03"
"MEX.30.171_1","Tierra Blanca","GADM2","3.6","MX","Local Events","0.503499285363198","18.581559079813157","-96.31436881678184","2026-01-03"
"MEX.30.171_1","Tierra Blanca","GADM2","3.6","MX","All","0.4283739080257947","18.581559079813157","-96.31436881678184","2026-01-03"
"MEX.30.171_1","Tierra Blanca","GADM2","3.6","MX","Business & Utility Services","0.6347341244616514","18.581559079813157","-96.31436881678184","2026-01-03"
"MEX.30.171_1","Tierra Blanca","GADM2","3.6","MX","Professional Services","0.4076385515112237","18.581559079813157","-96.31436881678184","2026-01-03"
"MEX.30.171_1","Tierra Blanca","GADM2","3.6","MX","Lifestyle Services","0.5112373825363783","18.581559079813157","-96.31436881678184","2026-01-03"
"MEX.30.171_1","Tierra Blanca","GADM2","3.6","MX","Public Good","0.5594799067605812","18.581559079813157","-96.31436881678184","2026-01-03"
"MEX.30.171_1","Tierra Blanca","GADM2","3.6","MX","Retail","0.379463499746106","18.581559079813157","-96.31436881678184","2026-01-03"
"MEX.30.171_1","Tierra Blanca","GADM2","3.6","MX","","0.520107769786137","18.581559079813157","-96.31436881678184","2026-01-03"
"MEX.30.171_1","Tierra Blanca","GADM2","3.6","MX","Home Services","0.23320101389168757","18.581559079813157","-96.31436881678184","2026-01-03"
"MEX.30.171_1","Tierra Blanca","GADM2","3.6","MX","Restaurants","0.3550137625333035","18.581559079813157","-96.31436881678184","2026-01-03"
"MEX.30.171_1","Tierra Blanca","GADM2","3.6","MX","Grocery & Convenience Stores","0.6145693717404915","18.581559079813157","-96.31436881678184","2026-01-03"
"MEX.16.79_1","San Lucas","GADM2","3.6","MX","Grocery & Convenience Stores","0.47543058086082884","18.54083720144096","-100.77635901882633","2026-01-03"
"MEX.16.79_1","San Lucas","GADM2","3.6","MX","Home Services","0.5360686755323488","18.54083720144096","-100.77635901882633","2026-01-03"
"MEX.16.79_1","San Lucas","GADM2","3.6","MX","All","0.30050917877598093","18.54083720144096","-100.77635901882633","2026-01-03"
"MEX.16.79_1","San Lucas","GADM2","3.6","MX","Public Good","0.27440317267652403","18.54083720144096","-100.77635901882633","2026-01-03"
"MEX.16.79_1","San Lucas","GADM2","3.6","MX","Business & Utility Services","0.5252026554214656","18.54083720144096","-100.77635901882633","2026-01-03"
"MEX.16.79_1","San Lucas","GADM2","3.6","MX","Local Events","0.4966639749508041","18.54083720144096","-100.77635901882633","2026-01-03"
"MEX.16.79_1","San Lucas","GADM2","3.6","MX","Retail","0.44183414558209766","18.54083720144096","-100.77635901882633","2026-01-03"
"MEX.16.79_1","San Lucas","GADM2","3.6","MX","Lifestyle Services","0.3318311965501061","18.54083720144096","-100.77635901882633","2026-01-03"
"MEX.16.79_1","San Lucas","GADM2","3.6","MX","Restaurants","0.26747249108313015","18.54083720144096","-100.77635901882633","2026-01-03"
"MEX.16.79_1","San Lucas","GADM2","3.6","MX","Professional Services","0.19160433185993847","18.54083720144096","-100.77635901882633","2026-01-03"
"MEX.29.21_1","Natívitas","GADM2","3.6","MX","Business & Utility Services","0.6609627753867082","19.24190617226954","-98.21197524016867","2026-01-03"
"MEX.29.21_1","Natívitas","GADM2","3.6","MX","Local Events","0.5261060840127151","19.24190617226954","-98.21197524016867","2026-01-03"
"MEX.29.21_1","Natívitas","GADM2","3.6","MX","","0.595773854821033","19.24190617226954","-98.21197524016867","2026-01-03"
"MEX.29.21_1","Natívitas","GADM2","3.6","MX","Manufacturing","0.4773986179719018","19.24190617226954","-98.21197524016867","2026-01-03"
"MEX.29.21_1","Natívitas","GADM2","3.6","MX","All","0.32688144111947126","19.24190617226954","-98.21197524016867","2026-01-03"
"MEX.29.21_1","Natívitas","GADM2","3.6","MX","Restaurants","0.33054534613608155","19.24190617226954","-98.21197524016867","2026-01-03"
"MEX.29.21_1","Natívitas","GADM2","3.6","MX","Professional Services","0.34090998348514334","19.24190617226954","-98.21197524016867","2026-01-03"
"MEX.29.21_1","Natívitas","GADM2","3.6","MX","Public Good","0.39216381218484503","19.24190617226954","-98.21197524016867","2026-01-03"
"MEX.29.21_1","Natívitas","GADM2","3.6","MX","Retail","0.28028985797282985","19.24190617226954","-98.21197524016867","2026-01-03"
"MEX.29.21_1","Natívitas","GADM2","3.6","MX","Lifestyle Services","0.48673699674256005","19.24190617226954","-98.21197524016867","2026-01-03"
"MEX.29.21_1","Natívitas","GADM2","3.6","MX","Home Services","0.4827423894198394","19.24190617226954","-98.21197524016867","2026-01-03"
"MEX.29.21_1","Natívitas","GADM2","3.6","MX","Grocery & Convenience Stores","0.4958124124175371","19.24190617226954","-98.21197524016867","2026-01-03"
"MEX.21.162_1","Tepemaxalco","GADM2","3.6","MX","All","0.7600330711170261","18.71763353262563","-98.51475995226015","2026-01-03"
"MEX.30.186_1","Totutla","GADM2","3.6","MX","All","0.48918841264646457","19.206202888316692","-96.81125575666637","2026-01-03"
"MEX.24.1_1","Ahualulco","GADM2","3.6","MX","All","0.42008642196190377","22.43658509905079","-101.25048994450148","2026-01-03"
"MEX.24.1_1","Ahualulco","GADM2","3.6","MX","Lifestyle Services","0.4176920646010914","22.43658509905079","-101.25048994450148","2026-01-03"
"MEX.24.1_1","Ahualulco","GADM2","3.6","MX","Retail","0.38523210760079224","22.43658509905079","-101.25048994450148","2026-01-03"
"MEX.24.1_1","Ahualulco","GADM2","3.6","MX","Restaurants","0.6041583945805649","22.43658509905079","-101.25048994450148","2026-01-03"
"MEX.1.5_1","Jesús María","GADM2","3.6","MX","","0.14647303824255747","21.906106082046698","-102.46030450034074","2026-01-03"
"MEX.1.5_1","Jesús María","GADM2","3.6","MX","Retail","0.32664122576103266","21.906106082046698","-102.46030450034074","2026-01-03"
"MEX.1.5_1","Jesús María","GADM2","3.6","MX","Lifestyle Services","0.2791918337943514","21.906106082046698","-102.46030450034074","2026-01-03"
"MEX.1.5_1","Jesús María","GADM2","3.6","MX","Manufacturing","0.5424835275755344","21.906106082046698","-102.46030450034074","2026-01-03"
"MEX.1.5_1","Jesús María","GADM2","3.6","MX","Public Good","0.25215079931505996","21.906106082046698","-102.46030450034074","2026-01-03"
"MEX.1.5_1","Jesús María","GADM2","3.6","MX","Business & Utility Services","0.3895578229795456","21.906106082046698","-102.46030450034074","2026-01-03"
"MEX.1.5_1","Jesús María","GADM2","3.6","MX","Professional Services","0.29059010919556905","21.906106082046698","-102.46030450034074","2026-01-03"
"MEX.1.5_1","Jesús María","GADM2","3.6","MX","Local Events","0.25045449355396343","21.906106082046698","-102.46030450034074","2026-01-03"
"MEX.1.5_1","Jesús María","GADM2","3.6","MX","Home Services","0.24542415641374582","21.906106082046698","-102.46030450034074","2026-01-03"
"MEX.1.5_1","Jesús María","GADM2","3.6","MX","Grocery & Convenience Stores","0.599347952746639","21.906106082046698","-102.46030450034074","2026-01-03"
"MEX.1.5_1","Jesús María","GADM2","3.6","MX","Restaurants","0.3653377181144376","21.906106082046698","-102.46030450034074","2026-01-03"
"MEX.1.5_1","Jesús María","GADM2","3.6","MX","All","0.31632059276948443","21.906106082046698","-102.46030450034074","2026-01-03"
"MEX.1.5_1","Jesús María","GADM2","3.6","MX","Travel","0.4206687310321783","21.906106082046698","-102.46030450034074","2026-01-03"
"MEX.16.34_1","Gabriel Zamora","GADM2","3.6","MX","Retail","0.30106046138834985","19.141516254467394","-102.00690505847231","2026-01-03"
"MEX.16.34_1","Gabriel Zamora","GADM2","3.6","MX","All","0.4754188982820612","19.141516254467394","-102.00690505847231","2026-01-03"
"MEX.16.34_1","Gabriel Zamora","GADM2","3.6","MX","Professional Services","0.5368833722822126","19.141516254467394","-102.00690505847231","2026-01-03"
"MEX.16.4_1","Angamacutiro","GADM2","3.6","MX","Retail","0.30951520555449713","20.13893260820413","-101.75024846859382","2026-01-03"
"MEX.16.4_1","Angamacutiro","GADM2","3.6","MX","Grocery & Convenience Stores","0.5442717317679441","20.13893260820413","-101.75024846859382","2026-01-03"
"MEX.16.4_1","Angamacutiro","GADM2","3.6","MX","All","0.30332043496441513","20.13893260820413","-101.75024846859382","2026-01-03"
"MEX.30.117_1","Oluta","GADM2","3.6","MX","All","0.2768064074484835","17.916607064220003","-94.92787117215704","2026-01-03"
"MEX.30.117_1","Oluta","GADM2","3.6","MX","Lifestyle Services","0.4010186454491798","17.916607064220003","-94.92787117215704","2026-01-03"
"MEX.30.117_1","Oluta","GADM2","3.6","MX","Public Good","0.16139261980161665","17.916607064220003","-94.92787117215704","2026-01-03"
"MEX.30.117_1","Oluta","GADM2","3.6","MX","Home Services","0.245176619012816","17.916607064220003","-94.92787117215704","2026-01-03"
"MEX.30.117_1","Oluta","GADM2","3.6","MX","Restaurants","0.21850304077892746","17.916607064220003","-94.92787117215704","2026-01-03"
"MEX.30.117_1","Oluta","GADM2","3.6","MX","Professional Services","0.2519510412714436","17.916607064220003","-94.92787117215704","2026-01-03"
"MEX.30.117_1","Oluta","GADM2","3.6","MX","Grocery & Convenience Stores","0.5679470374480692","17.916607064220003","-94.92787117215704","2026-01-03"
"MEX.30.117_1","Oluta","GADM2","3.6","MX","Retail","0.3535597543708063","17.916607064220003","-94.92787117215704","2026-01-03"
"MEX.30.117_1","Oluta","GADM2","3.6","MX","Travel","0.5550434054579009","17.916607064220003","-94.92787117215704","2026-01-03"
"MEX.30.117_1","Oluta","GADM2","3.6","MX","Business & Utility Services","0.48802636349938844","17.916607064220003","-94.92787117215704","2026-01-03"
"MEX.30.117_1","Oluta","GADM2","3.6","MX","Local Events","0.4402919678562565","17.916607064220003","-94.92787117215704","2026-01-03"
"MEX.15.25_1","Chiconcuac","GADM2","3.6","MX","All","0.26153273121142934","19.517435830321276","-98.89757202940719","2026-01-03"
"MEX.15.25_1","Chiconcuac","GADM2","3.6","MX","Home Services","0.5733912937202396","19.517435830321276","-98.89757202940719","2026-01-03"
"MEX.15.25_1","Chiconcuac","GADM2","3.6","MX","Professional Services","0.24550801200707334","19.517435830321276","-98.89757202940719","2026-01-03"
"MEX.15.25_1","Chiconcuac","GADM2","3.6","MX","Public Good","0.1437682945896593","19.517435830321276","-98.89757202940719","2026-01-03"
"MEX.15.25_1","Chiconcuac","GADM2","3.6","MX","Grocery & Convenience Stores","0.5221204248879331","19.517435830321276","-98.89757202940719","2026-01-03"
"MEX.15.25_1","Chiconcuac","GADM2","3.6","MX","Business & Utility Services","0.16296794292948194","19.517435830321276","-98.89757202940719","2026-01-03"
"MEX.15.25_1","Chiconcuac","GADM2","3.6","MX","Lifestyle Services","0.3278042988151309","19.517435830321276","-98.89757202940719","2026-01-03"
"MEX.15.25_1","Chiconcuac","GADM2","3.6","MX","Restaurants","0.33584436275767027","19.517435830321276","-98.89757202940719","2026-01-03"
"MEX.15.25_1","Chiconcuac","GADM2","3.6","MX","Local Events","0.4577167556363367","19.517435830321276","-98.89757202940719","2026-01-03"
"MEX.15.25_1","Chiconcuac","GADM2","3.6","MX","Retail","0.2656678732342231","19.517435830321276","-98.89757202940719","2026-01-03"
"MEX.11.14_1","Guanajuato","GADM2","3.6","MX","Local Events","0.1934787656267538","21.013705768916658","-101.25136952404007","2026-01-03"
"MEX.11.14_1","Guanajuato","GADM2","3.6","MX","Business & Utility Services","0.4388047198128178","21.013705768916658","-101.25136952404007","2026-01-03"
"MEX.11.14_1","Guanajuato","GADM2","3.6","MX","Restaurants","0.2642867479856057","21.013705768916658","-101.25136952404007","2026-01-03"
"MEX.11.14_1","Guanajuato","GADM2","3.6","MX","Professional Services","0.23467014805653694","21.013705768916658","-101.25136952404007","2026-01-03"
"MEX.11.14_1","Guanajuato","GADM2","3.6","MX","","0.554219150531867","21.013705768916658","-101.25136952404007","2026-01-03"
"MEX.11.14_1","Guanajuato","GADM2","3.6","MX","Retail","0.32320365897387787","21.013705768916658","-101.25136952404007","2026-01-03"
"MEX.11.14_1","Guanajuato","GADM2","3.6","MX","All","0.255198728342963","21.013705768916658","-101.25136952404007","2026-01-03"
"MEX.11.14_1","Guanajuato","GADM2","3.6","MX","Home Services","0.3311219767404731","21.013705768916658","-101.25136952404007","2026-01-03"
"MEX.11.14_1","Guanajuato","GADM2","3.6","MX","Lifestyle Services","0.3397600608887677","21.013705768916658","-101.25136952404007","2026-01-03"
"MEX.11.14_1","Guanajuato","GADM2","3.6","MX","Manufacturing","0.3422028241791532","21.013705768916658","-101.25136952404007","2026-01-03"
"MEX.11.14_1","Guanajuato","GADM2","3.6","MX","Public Good","0.10498060394707658","21.013705768916658","-101.25136952404007","2026-01-03"
"MEX.11.14_1","Guanajuato","GADM2","3.6","MX","Grocery & Convenience Stores","0.5301725310038469","21.013705768916658","-101.25136952404007","2026-01-03"
"MEX.11.14_1","Guanajuato","GADM2","3.6","MX","Travel","0.2931816688649215","21.013705768916658","-101.25136952404007","2026-01-03"
"MEX.30.93_1","La Perla","GADM2","3.6","MX","All","0.5457486599317075","18.986283105517096","-97.11444898272656","2026-01-03"
"MEX.32.16_1","General Pánfilo Natera","GADM2","3.6","MX","All","0.43846602156042674","22.655534487616773","-102.12663038237953","2026-01-03"
"MEX.21.100_1","Nauzontla","GADM2","3.6","MX","All","0.6358764951421202","19.982704832019586","-97.52479469255174","2026-01-03"
"MEX.22.12_1","Peñamiller","GADM2","3.6","MX","All","0.3550846074289962","21.107562002931687","-99.86115690844001","2026-01-03"
"MEX.24.43_1","Tanlajás","GADM2","3.6","MX","All","0.32658266299280897","21.773418772713864","-98.80871825584953","2026-01-03"
"MEX.15.113_1","Villa del Carbón","GADM2","3.6","MX","Travel","0.22285117308570124","19.7254906893632","-99.45122668069028","2026-01-03"
"MEX.15.113_1","Villa del Carbón","GADM2","3.6","MX","Business & Utility Services","0.42325369649849004","19.7254906893632","-99.45122668069028","2026-01-03"
"MEX.15.113_1","Villa del Carbón","GADM2","3.6","MX","Grocery & Convenience Stores","0.34630128592316745","19.7254906893632","-99.45122668069028","2026-01-03"
"MEX.15.113_1","Villa del Carbón","GADM2","3.6","MX","All","0.2093487967698977","19.7254906893632","-99.45122668069028","2026-01-03"
"MEX.15.113_1","Villa del Carbón","GADM2","3.6","MX","Local Events","0.25381330957749615","19.7254906893632","-99.45122668069028","2026-01-03"
"MEX.15.113_1","Villa del Carbón","GADM2","3.6","MX","Retail","0.4539328308264506","19.7254906893632","-99.45122668069028","2026-01-03"
"MEX.15.113_1","Villa del Carbón","GADM2","3.6","MX","Professional Services","0.30526045767856297","19.7254906893632","-99.45122668069028","2026-01-03"
"MEX.15.113_1","Villa del Carbón","GADM2","3.6","MX","Restaurants","0.46555600114029944","19.7254906893632","-99.45122668069028","2026-01-03"
"MEX.15.113_1","Villa del Carbón","GADM2","3.6","MX","Home Services","0.4204491305370007","19.7254906893632","-99.45122668069028","2026-01-03"
"MEX.15.113_1","Villa del Carbón","GADM2","3.6","MX","Lifestyle Services","0.42811983366776524","19.7254906893632","-99.45122668069028","2026-01-03"
"MEX.30.11_1","Amatitlán","GADM2","3.6","MX","All","0.5563170640039393","18.465785870957486","-95.72750333818048","2026-01-03"
"MEX.21.5_1","Acteopan","GADM2","3.6","MX","All","0.5791002183818821","18.74486776254611","-98.57525608532161","2026-01-03"
"MEX.24.21_1","Mexquitic de Carmona","GADM2","3.6","MX","Lifestyle Services","0.23841278416283546","22.24613177169621","-101.1932237375933","2026-01-03"
"MEX.24.21_1","Mexquitic de Carmona","GADM2","3.6","MX","All","0.23316317582508092","22.24613177169621","-101.1932237375933","2026-01-03"
"MEX.24.21_1","Mexquitic de Carmona","GADM2","3.6","MX","Retail","0.40111824737793206","22.24613177169621","-101.1932237375933","2026-01-03"
"MEX.24.21_1","Mexquitic de Carmona","GADM2","3.6","MX","Public Good","0.5298608706945102","22.24613177169621","-101.1932237375933","2026-01-03"
"MEX.24.21_1","Mexquitic de Carmona","GADM2","3.6","MX","Home Services","0.5443832249234465","22.24613177169621","-101.1932237375933","2026-01-03"
"MEX.24.21_1","Mexquitic de Carmona","GADM2","3.6","MX","Local Events","0.24208173906048186","22.24613177169621","-101.1932237375933","2026-01-03"
"MEX.24.21_1","Mexquitic de Carmona","GADM2","3.6","MX","Restaurants","0.6351591349697739","22.24613177169621","-101.1932237375933","2026-01-03"
"MEX.24.21_1","Mexquitic de Carmona","GADM2","3.6","MX","Professional Services","0.2458137559716216","22.24613177169621","-101.1932237375933","2026-01-03"
"MEX.21.17_1","Atempan","GADM2","3.6","MX","All","0.5012906036093687","19.850071690398465","-97.38797428711977","2026-01-03"
"MEX.21.17_1","Atempan","GADM2","3.6","MX","Restaurants","0.7008409867750949","19.850071690398465","-97.38797428711977","2026-01-03"
"MEX.21.17_1","Atempan","GADM2","3.6","MX","Professional Services","0.34712705546818456","19.850071690398465","-97.38797428711977","2026-01-03"
"MEX.21.17_1","Atempan","GADM2","3.6","MX","Retail","0.4535435055201726","19.850071690398465","-97.38797428711977","2026-01-03"
"MEX.11.16_1","Irapuato","GADM2","3.6","MX","Home Services","0.3467446969370948","20.710880553357732","-101.36121022858167","2026-01-03"
"MEX.11.16_1","Irapuato","GADM2","3.6","MX","Business & Utility Services","0.36612924152979387","20.710880553357732","-101.36121022858167","2026-01-03"
"MEX.11.16_1","Irapuato","GADM2","3.6","MX","Travel","0.4965441037218853","20.710880553357732","-101.36121022858167","2026-01-03"
"MEX.11.16_1","Irapuato","GADM2","3.6","MX","All","0.2940433380405755","20.710880553357732","-101.36121022858167","2026-01-03"
"MEX.11.16_1","Irapuato","GADM2","3.6","MX","","0.3343526320437103","20.710880553357732","-101.36121022858167","2026-01-03"
"MEX.11.16_1","Irapuato","GADM2","3.6","MX","Local Events","0.38885407596536575","20.710880553357732","-101.36121022858167","2026-01-03"
"MEX.11.16_1","Irapuato","GADM2","3.6","MX","Lifestyle Services","0.26780430874453554","20.710880553357732","-101.36121022858167","2026-01-03"
"MEX.11.16_1","Irapuato","GADM2","3.6","MX","Manufacturing","0.3785706132143524","20.710880553357732","-101.36121022858167","2026-01-03"
"MEX.11.16_1","Irapuato","GADM2","3.6","MX","Professional Services","0.28692739530809863","20.710880553357732","-101.36121022858167","2026-01-03"
"MEX.11.16_1","Irapuato","GADM2","3.6","MX","Restaurants","0.2880120660331044","20.710880553357732","-101.36121022858167","2026-01-03"
"MEX.11.16_1","Irapuato","GADM2","3.6","MX","Grocery & Convenience Stores","0.4007297984173279","20.710880553357732","-101.36121022858167","2026-01-03"
"MEX.11.16_1","Irapuato","GADM2","3.6","MX","Public Good","0.28773139678592863","20.710880553357732","-101.36121022858167","2026-01-03"
"MEX.11.16_1","Irapuato","GADM2","3.6","MX","Retail","0.2779318010163755","20.710880553357732","-101.36121022858167","2026-01-03"
"MEX.16.91_1","Tinguindín","GADM2","3.6","MX","Restaurants","0.5001457258722298","19.77828246344405","-102.5162394504437","2026-01-03"
"MEX.16.91_1","Tinguindín","GADM2","3.6","MX","Professional Services","0.43454134677000916","19.77828246344405","-102.5162394504437","2026-01-03"
"MEX.16.91_1","Tinguindín","GADM2","3.6","MX","Grocery & Convenience Stores","0.44735442564949374","19.77828246344405","-102.5162394504437","2026-01-03"
"MEX.16.91_1","Tinguindín","GADM2","3.6","MX","All","0.49406760099938957","19.77828246344405","-102.5162394504437","2026-01-03"
"MEX.16.91_1","Tinguindín","GADM2","3.6","MX","Lifestyle Services","0.3368194572794575","19.77828246344405","-102.5162394504437","2026-01-03"
"MEX.16.91_1","Tinguindín","GADM2","3.6","MX","Retail","0.475799225432632","19.77828246344405","-102.5162394504437","2026-01-03"
"MEX.30.127_1","Paso del Macho","GADM2","3.6","MX","Retail","0.31235939608237934","18.96719170363506","-96.65759081677876","2026-01-03"
"MEX.30.127_1","Paso del Macho","GADM2","3.6","MX","All","0.5719660084706082","18.96719170363506","-96.65759081677876","2026-01-03"
"MEX.30.127_1","Paso del Macho","GADM2","3.6","MX","Restaurants","0.7417573783863768","18.96719170363506","-96.65759081677876","2026-01-03"
"MEX.30.127_1","Paso del Macho","GADM2","3.6","MX","Public Good","0.567873331126507","18.96719170363506","-96.65759081677876","2026-01-03"
"MEX.30.127_1","Paso del Macho","GADM2","3.6","MX","Grocery & Convenience Stores","0.5569512366174661","18.96719170363506","-96.65759081677876","2026-01-03"
"MEX.30.127_1","Paso del Macho","GADM2","3.6","MX","Home Services","0.3630510843729035","18.96719170363506","-96.65759081677876","2026-01-03"
"MEX.30.127_1","Paso del Macho","GADM2","3.6","MX","Business & Utility Services","0.4572737620798479","18.96719170363506","-96.65759081677876","2026-01-03"
"MEX.14.87_1","Tamazula de Gordiano","GADM2","3.6","MX","Public Good","0.27194932124715115","19.64737728908115","-103.18519792612291","2026-01-03"
"MEX.14.87_1","Tamazula de Gordiano","GADM2","3.6","MX","All","0.4191094561722772","19.64737728908115","-103.18519792612291","2026-01-03"
"MEX.14.87_1","Tamazula de Gordiano","GADM2","3.6","MX","Business & Utility Services","0.36096215213868554","19.64737728908115","-103.18519792612291","2026-01-03"
"MEX.14.87_1","Tamazula de Gordiano","GADM2","3.6","MX","Professional Services","0.4241676981784398","19.64737728908115","-103.18519792612291","2026-01-03"
"MEX.14.87_1","Tamazula de Gordiano","GADM2","3.6","MX","Grocery & Convenience Stores","0.540256122148378","19.64737728908115","-103.18519792612291","2026-01-03"
"MEX.14.87_1","Tamazula de Gordiano","GADM2","3.6","MX","Restaurants","0.4063884948488363","19.64737728908115","-103.18519792612291","2026-01-03"
"MEX.14.87_1","Tamazula de Gordiano","GADM2","3.6","MX","Lifestyle Services","0.48138682002821725","19.64737728908115","-103.18519792612291","2026-01-03"
"MEX.14.87_1","Tamazula de Gordiano","GADM2","3.6","MX","Home Services","0.5590501223590071","19.64737728908115","-103.18519792612291","2026-01-03"
"MEX.14.87_1","Tamazula de Gordiano","GADM2","3.6","MX","Retail","0.3552703259555844","19.64737728908115","-103.18519792612291","2026-01-03"
"MEX.12.35_1","Huitzuco de los Figueroa","GADM2","3.6","MX","All","0.4124084002691296","18.209158650459965","-99.18147854427009","2026-01-03"
"MEX.14.76_1","San Juan de los Lagos","GADM2","3.6","MX","Public Good","0.3007632229714418","21.251260694897415","-102.3459034378494","2026-01-03"
"MEX.14.76_1","San Juan de los Lagos","GADM2","3.6","MX","Grocery & Convenience Stores","0.3316899856406156","21.251260694897415","-102.3459034378494","2026-01-03"
"MEX.14.76_1","San Juan de los Lagos","GADM2","3.6","MX","Home Services","0.43365487364345207","21.251260694897415","-102.3459034378494","2026-01-03"
"MEX.14.76_1","San Juan de los Lagos","GADM2","3.6","MX","Retail","0.393251268061465","21.251260694897415","-102.3459034378494","2026-01-03"
"MEX.14.76_1","San Juan de los Lagos","GADM2","3.6","MX","Professional Services","0.3830931128385386","21.251260694897415","-102.3459034378494","2026-01-03"
"MEX.14.76_1","San Juan de los Lagos","GADM2","3.6","MX","All","0.36692856810108926","21.251260694897415","-102.3459034378494","2026-01-03"
"MEX.14.76_1","San Juan de los Lagos","GADM2","3.6","MX","Business & Utility Services","0.45137689589070595","21.251260694897415","-102.3459034378494","2026-01-03"
"MEX.14.76_1","San Juan de los Lagos","GADM2","3.6","MX","Local Events","0.40931503011096954","21.251260694897415","-102.3459034378494","2026-01-03"
"MEX.14.76_1","San Juan de los Lagos","GADM2","3.6","MX","Travel","0.4299854689404509","21.251260694897415","-102.3459034378494","2026-01-03"
"MEX.14.76_1","San Juan de los Lagos","GADM2","3.6","MX","Restaurants","0.5288188328523905","21.251260694897415","-102.3459034378494","2026-01-03"
"MEX.14.76_1","San Juan de los Lagos","GADM2","3.6","MX","Lifestyle Services","0.19801188725064747","21.251260694897415","-102.3459034378494","2026-01-03"
"MEX.14.76_1","San Juan de los Lagos","GADM2","3.6","MX","Manufacturing","0.5278199925562712","21.251260694897415","-102.3459034378494","2026-01-03"
"MEX.15.69_1","Otzolotepec","GADM2","3.6","MX","Public Good","0.5544087415346942","19.3883898116358","-99.48931253147663","2026-01-03"
"MEX.15.69_1","Otzolotepec","GADM2","3.6","MX","Travel","0.23496417051825738","19.3883898116358","-99.48931253147663","2026-01-03"
"MEX.15.69_1","Otzolotepec","GADM2","3.6","MX","Grocery & Convenience Stores","0.46913306332548316","19.3883898116358","-99.48931253147663","2026-01-03"
"MEX.15.69_1","Otzolotepec","GADM2","3.6","MX","Restaurants","0.35260495150641163","19.3883898116358","-99.48931253147663","2026-01-03"
"MEX.15.69_1","Otzolotepec","GADM2","3.6","MX","All","0.2876862858619434","19.3883898116358","-99.48931253147663","2026-01-03"
"MEX.15.69_1","Otzolotepec","GADM2","3.6","MX","Professional Services","0.36477082298616503","19.3883898116358","-99.48931253147663","2026-01-03"
"MEX.15.69_1","Otzolotepec","GADM2","3.6","MX","Local Events","0.5461369296758257","19.3883898116358","-99.48931253147663","2026-01-03"
"MEX.15.69_1","Otzolotepec","GADM2","3.6","MX","Retail","0.3715536663343399","19.3883898116358","-99.48931253147663","2026-01-03"
"MEX.15.69_1","Otzolotepec","GADM2","3.6","MX","Home Services","0.1755784643785057","19.3883898116358","-99.48931253147663","2026-01-03"
"MEX.15.69_1","Otzolotepec","GADM2","3.6","MX","Lifestyle Services","0.4510312541162747","19.3883898116358","-99.48931253147663","2026-01-03"
"MEX.15.69_1","Otzolotepec","GADM2","3.6","MX","Business & Utility Services","0.3555747438116828","19.3883898116358","-99.48931253147663","2026-01-03"
"MEX.13.72_1","Tlanchinol","GADM2","3.6","MX","Professional Services","0.2665731467358463","21.070723253875396","-98.62276386306007","2026-01-03"
"MEX.13.72_1","Tlanchinol","GADM2","3.6","MX","Home Services","0.7593061025339569","21.070723253875396","-98.62276386306007","2026-01-03"
"MEX.13.72_1","Tlanchinol","GADM2","3.6","MX","All","0.37312468941649424","21.070723253875396","-98.62276386306007","2026-01-03"
"MEX.13.72_1","Tlanchinol","GADM2","3.6","MX","Retail","0.49480035483158974","21.070723253875396","-98.62276386306007","2026-01-03"
"MEX.16.2_1","Aguililla","GADM2","3.6","MX","All","0.3403653999536142","18.76861377662006","-102.73287682748888","2026-01-03"
"MEX.16.95_1","Tocumbo","GADM2","3.6","MX","All","0.20037179143082742","19.633831500799673","-102.62210936968307","2026-01-03"
"MEX.30.9_1","Altotonga","GADM2","3.6","MX","Lifestyle Services","0.3838222623724106","19.82107644718787","-97.01791958694022","2026-01-03"
"MEX.30.9_1","Altotonga","GADM2","3.6","MX","Restaurants","0.5459626729061523","19.82107644718787","-97.01791958694022","2026-01-03"
"MEX.30.9_1","Altotonga","GADM2","3.6","MX","Professional Services","0.44965457244757634","19.82107644718787","-97.01791958694022","2026-01-03"
"MEX.30.9_1","Altotonga","GADM2","3.6","MX","All","0.33723508486559645","19.82107644718787","-97.01791958694022","2026-01-03"
"MEX.30.9_1","Altotonga","GADM2","3.6","MX","Business & Utility Services","0.3207274558485443","19.82107644718787","-97.01791958694022","2026-01-03"
"MEX.30.9_1","Altotonga","GADM2","3.6","MX","Home Services","0.6015004711938747","19.82107644718787","-97.01791958694022","2026-01-03"
"MEX.30.9_1","Altotonga","GADM2","3.6","MX","Grocery & Convenience Stores","0.2677380871089568","19.82107644718787","-97.01791958694022","2026-01-03"
"MEX.30.9_1","Altotonga","GADM2","3.6","MX","Public Good","0.5443824989161965","19.82107644718787","-97.01791958694022","2026-01-03"
"MEX.30.9_1","Altotonga","GADM2","3.6","MX","Local Events","0.4915082166690545","19.82107644718787","-97.01791958694022","2026-01-03"
"MEX.30.9_1","Altotonga","GADM2","3.6","MX","Retail","0.27486617817472025","19.82107644718787","-97.01791958694022","2026-01-03"
"MEX.15.114_1","Villa Guerrero","GADM2","3.6","MX","Travel","0.7443563225962999","18.906900704457748","-99.67169146815102","2026-01-03"
"MEX.15.114_1","Villa Guerrero","GADM2","3.6","MX","Restaurants","0.7059379299563855","18.906900704457748","-99.67169146815102","2026-01-03"
"MEX.15.114_1","Villa Guerrero","GADM2","3.6","MX","Business & Utility Services","0.3704995223289035","18.906900704457748","-99.67169146815102","2026-01-03"
"MEX.15.114_1","Villa Guerrero","GADM2","3.6","MX","Home Services","0.6399663738911918","18.906900704457748","-99.67169146815102","2026-01-03"
"MEX.15.114_1","Villa Guerrero","GADM2","3.6","MX","Public Good","0.46448706010242086","18.906900704457748","-99.67169146815102","2026-01-03"
"MEX.15.114_1","Villa Guerrero","GADM2","3.6","MX","Professional Services","0.23162428098324117","18.906900704457748","-99.67169146815102","2026-01-03"
"MEX.15.114_1","Villa Guerrero","GADM2","3.6","MX","Lifestyle Services","0.5331319810740819","18.906900704457748","-99.67169146815102","2026-01-03"
"MEX.15.114_1","Villa Guerrero","GADM2","3.6","MX","All","0.5484200732057088","18.906900704457748","-99.67169146815102","2026-01-03"
"MEX.15.114_1","Villa Guerrero","GADM2","3.6","MX","Retail","0.6102322466681024","18.906900704457748","-99.67169146815102","2026-01-03"
"MEX.15.114_1","Villa Guerrero","GADM2","3.6","MX","Grocery & Convenience Stores","0.43533619457676637","18.906900704457748","-99.67169146815102","2026-01-03"
"MEX.15.114_1","Villa Guerrero","GADM2","3.6","MX","Local Events","0.4312198709603648","18.906900704457748","-99.67169146815102","2026-01-03"
"MEX.11.35_1","Santa Cruz de Juventino Rosas","GADM2","3.6","MX","Professional Services","0.3108606332229999","20.67833610058373","-101.03188777565691","2026-01-03"
"MEX.11.35_1","Santa Cruz de Juventino Rosas","GADM2","3.6","MX","Grocery & Convenience Stores","0.6473866058544181","20.67833610058373","-101.03188777565691","2026-01-03"
"MEX.11.35_1","Santa Cruz de Juventino Rosas","GADM2","3.6","MX","Home Services","0.5411945697870438","20.67833610058373","-101.03188777565691","2026-01-03"
"MEX.11.35_1","Santa Cruz de Juventino Rosas","GADM2","3.6","MX","Retail","0.4757732128628388","20.67833610058373","-101.03188777565691","2026-01-03"
"MEX.11.35_1","Santa Cruz de Juventino Rosas","GADM2","3.6","MX","Lifestyle Services","0.2738978300568308","20.67833610058373","-101.03188777565691","2026-01-03"
"MEX.11.35_1","Santa Cruz de Juventino Rosas","GADM2","3.6","MX","All","0.45245525567078665","20.67833610058373","-101.03188777565691","2026-01-03"
"MEX.11.35_1","Santa Cruz de Juventino Rosas","GADM2","3.6","MX","Restaurants","0.6612625698493154","20.67833610058373","-101.03188777565691","2026-01-03"
"MEX.11.35_1","Santa Cruz de Juventino Rosas","GADM2","3.6","MX","Public Good","0.12931438551842525","20.67833610058373","-101.03188777565691","2026-01-03"
"MEX.11.35_1","Santa Cruz de Juventino Rosas","GADM2","3.6","MX","Business & Utility Services","0.4515327052381345","20.67833610058373","-101.03188777565691","2026-01-03"
"MEX.15.76_1","San Martín de las Piráámides","GADM2","3.6","MX","Lifestyle Services","0.16856510647098316","19.63798463442176","-98.82440114871784","2026-01-03"
"MEX.15.76_1","San Martín de las Piráámides","GADM2","3.6","MX","Travel","0.5890233680985058","19.63798463442176","-98.82440114871784","2026-01-03"
"MEX.15.76_1","San Martín de las Piráámides","GADM2","3.6","MX","Public Good","0.43428941106626595","19.63798463442176","-98.82440114871784","2026-01-03"
"MEX.15.76_1","San Martín de las Piráámides","GADM2","3.6","MX","Restaurants","0.280207413723882","19.63798463442176","-98.82440114871784","2026-01-03"
"MEX.15.76_1","San Martín de las Piráámides","GADM2","3.6","MX","Home Services","0.6042830107492788","19.63798463442176","-98.82440114871784","2026-01-03"
"MEX.15.76_1","San Martín de las Piráámides","GADM2","3.6","MX","Professional Services","0.3619836862195443","19.63798463442176","-98.82440114871784","2026-01-03"
"MEX.15.76_1","San Martín de las Piráámides","GADM2","3.6","MX","Local Events","0.6021843919714651","19.63798463442176","-98.82440114871784","2026-01-03"
"MEX.15.76_1","San Martín de las Piráámides","GADM2","3.6","MX","Business & Utility Services","0.5728400071554195","19.63798463442176","-98.82440114871784","2026-01-03"
"MEX.15.76_1","San Martín de las Piráámides","GADM2","3.6","MX","All","0.43278791104395237","19.63798463442176","-98.82440114871784","2026-01-03"
"MEX.15.76_1","San Martín de las Piráámides","GADM2","3.6","MX","Retail","0.5155608501420228","19.63798463442176","-98.82440114871784","2026-01-03"
"MEX.15.76_1","San Martín de las Piráámides","GADM2","3.6","MX","Grocery & Convenience Stores","0.44382576109996746","19.63798463442176","-98.82440114871784","2026-01-03"
"MEX.24.32_1","San Vicente Tancuayalab","GADM2","3.6","MX","Restaurants","0.6661783523252983","21.809241543414217","-98.61230275722143","2026-01-03"
"MEX.24.32_1","San Vicente Tancuayalab","GADM2","3.6","MX","All","0.3258372226241096","21.809241543414217","-98.61230275722143","2026-01-03"
"MEX.16.41_1","Irimbo","GADM2","3.6","MX","Retail","0.2672997351025354","19.70150065659153","-100.46463265982347","2026-01-03"
"MEX.16.41_1","Irimbo","GADM2","3.6","MX","Restaurants","0.32271623068464095","19.70150065659153","-100.46463265982347","2026-01-03"
"MEX.16.41_1","Irimbo","GADM2","3.6","MX","All","0.4340616915753415","19.70150065659153","-100.46463265982347","2026-01-03"
"MEX.21.122_1","San Gabriel Chilac","GADM2","3.6","MX","Retail","0.4837998774142687","18.355901739378492","-97.28452949660833","2026-01-03"
"MEX.21.122_1","San Gabriel Chilac","GADM2","3.6","MX","Professional Services","0.38112479535859617","18.355901739378492","-97.28452949660833","2026-01-03"
"MEX.21.122_1","San Gabriel Chilac","GADM2","3.6","MX","All","0.4365630601919272","18.355901739378492","-97.28452949660833","2026-01-03"
"MEX.21.122_1","San Gabriel Chilac","GADM2","3.6","MX","Restaurants","0.3285291932932678","18.355901739378492","-97.28452949660833","2026-01-03"
"MEX.21.122_1","San Gabriel Chilac","GADM2","3.6","MX","Business & Utility Services","0.6432943862604867","18.355901739378492","-97.28452949660833","2026-01-03"
"MEX.21.122_1","San Gabriel Chilac","GADM2","3.6","MX","Local Events","0.4481708986561469","18.355901739378492","-97.28452949660833","2026-01-03"
"MEX.21.122_1","San Gabriel Chilac","GADM2","3.6","MX","Lifestyle Services","0.49129706887457864","18.355901739378492","-97.28452949660833","2026-01-03"
"MEX.21.122_1","San Gabriel Chilac","GADM2","3.6","MX","Home Services","0.5399373721541179","18.355901739378492","-97.28452949660833","2026-01-03"
"MEX.21.122_1","San Gabriel Chilac","GADM2","3.6","MX","Public Good","0.49200018619978725","18.355901739378492","-97.28452949660833","2026-01-03"
"MEX.21.122_1","San Gabriel Chilac","GADM2","3.6","MX","Grocery & Convenience Stores","0.5398054046933612","18.355901739378492","-97.28452949660833","2026-01-03"
"MEX.30.53_1","Cosamaloapan","GADM2","3.6","MX","Retail","0.5490148690945864","18.34946709432529","-96.05673850857077","2026-01-03"
"MEX.30.53_1","Cosamaloapan","GADM2","3.6","MX","Home Services","0.59049613189725","18.34946709432529","-96.05673850857077","2026-01-03"
"MEX.30.53_1","Cosamaloapan","GADM2","3.6","MX","Public Good","0.29329734021979653","18.34946709432529","-96.05673850857077","2026-01-03"
"MEX.30.53_1","Cosamaloapan","GADM2","3.6","MX","Grocery & Convenience Stores","0.5153118517252726","18.34946709432529","-96.05673850857077","2026-01-03"
"MEX.30.53_1","Cosamaloapan","GADM2","3.6","MX","Local Events","0.52420790165812","18.34946709432529","-96.05673850857077","2026-01-03"
"MEX.30.53_1","Cosamaloapan","GADM2","3.6","MX","Business & Utility Services","0.3130125817625032","18.34946709432529","-96.05673850857077","2026-01-03"
"MEX.30.53_1","Cosamaloapan","GADM2","3.6","MX","Professional Services","0.2981197427065128","18.34946709432529","-96.05673850857077","2026-01-03"
"MEX.30.53_1","Cosamaloapan","GADM2","3.6","MX","All","0.4744566368735926","18.34946709432529","-96.05673850857077","2026-01-03"
"MEX.30.53_1","Cosamaloapan","GADM2","3.6","MX","Restaurants","0.46315967137010194","18.34946709432529","-96.05673850857077","2026-01-03"
"MEX.30.53_1","Cosamaloapan","GADM2","3.6","MX","Lifestyle Services","0.43189802788495146","18.34946709432529","-96.05673850857077","2026-01-03"
"MEX.21.155_1","Tenampulco","GADM2","3.6","MX","All","0.4335433420737486","20.21009453001892","-97.36425501306461","2026-01-03"
"MEX.20.24_1","Dist. Tlacolula","GADM2","3.6","MX","Business & Utility Services","0.6557858854545711","16.90810335160841","-96.38388678132736","2026-01-03"
"MEX.20.24_1","Dist. Tlacolula","GADM2","3.6","MX","Travel","0.27155751052258187","16.90810335160841","-96.38388678132736","2026-01-03"
"MEX.20.24_1","Dist. Tlacolula","GADM2","3.6","MX","Local Events","0.31003826633809145","16.90810335160841","-96.38388678132736","2026-01-03"
"MEX.20.24_1","Dist. Tlacolula","GADM2","3.6","MX","Professional Services","0.2992419860283365","16.90810335160841","-96.38388678132736","2026-01-03"
"MEX.20.24_1","Dist. Tlacolula","GADM2","3.6","MX","Restaurants","0.6278179238274868","16.90810335160841","-96.38388678132736","2026-01-03"
"MEX.20.24_1","Dist. Tlacolula","GADM2","3.6","MX","","0.23452113600495325","16.90810335160841","-96.38388678132736","2026-01-03"
"MEX.20.24_1","Dist. Tlacolula","GADM2","3.6","MX","Lifestyle Services","0.3696011829687048","16.90810335160841","-96.38388678132736","2026-01-03"
"MEX.20.24_1","Dist. Tlacolula","GADM2","3.6","MX","Public Good","0.3262357411051181","16.90810335160841","-96.38388678132736","2026-01-03"
"MEX.20.24_1","Dist. Tlacolula","GADM2","3.6","MX","Manufacturing","0.19071800869076042","16.90810335160841","-96.38388678132736","2026-01-03"
"MEX.20.24_1","Dist. Tlacolula","GADM2","3.6","MX","Grocery & Convenience Stores","0.5914245389125385","16.90810335160841","-96.38388678132736","2026-01-03"
"MEX.20.24_1","Dist. Tlacolula","GADM2","3.6","MX","Home Services","0.5577264542986025","16.90810335160841","-96.38388678132736","2026-01-03"
"MEX.20.24_1","Dist. Tlacolula","GADM2","3.6","MX","All","0.37869541712247956","16.90810335160841","-96.38388678132736","2026-01-03"
"MEX.20.24_1","Dist. Tlacolula","GADM2","3.6","MX","Retail","0.46144993032807846","16.90810335160841","-96.38388678132736","2026-01-03"
"MEX.21.142_1","San Salvador Huixcolotla","GADM2","3.6","MX","All","0.5269281327601917","18.950644535740746","-97.67065033114211","2026-01-03"
"MEX.21.146_1","Santa Isabel Cholula","GADM2","3.6","MX","Restaurants","0.445640443661286","18.993796987222428","-98.30471755473432","2026-01-03"
"MEX.21.146_1","Santa Isabel Cholula","GADM2","3.6","MX","Local Events","0.12750503390437395","18.993796987222428","-98.30471755473432","2026-01-03"
"MEX.21.146_1","Santa Isabel Cholula","GADM2","3.6","MX","Business & Utility Services","0.3679478836885798","18.993796987222428","-98.30471755473432","2026-01-03"
"MEX.21.146_1","Santa Isabel Cholula","GADM2","3.6","MX","Professional Services","0.3528058154151384","18.993796987222428","-98.30471755473432","2026-01-03"
"MEX.21.146_1","Santa Isabel Cholula","GADM2","3.6","MX","Retail","0.41407674182065846","18.993796987222428","-98.30471755473432","2026-01-03"
"MEX.21.146_1","Santa Isabel Cholula","GADM2","3.6","MX","All","0.29206876923796404","18.993796987222428","-98.30471755473432","2026-01-03"
"MEX.21.146_1","Santa Isabel Cholula","GADM2","3.6","MX","Lifestyle Services","0.36486478149600615","18.993796987222428","-98.30471755473432","2026-01-03"
"MEX.21.146_1","Santa Isabel Cholula","GADM2","3.6","MX","Public Good","0.19959114166483513","18.993796987222428","-98.30471755473432","2026-01-03"
"MEX.21.146_1","Santa Isabel Cholula","GADM2","3.6","MX","Grocery & Convenience Stores","0.30362846424048856","18.993796987222428","-98.30471755473432","2026-01-03"
"MEX.21.146_1","Santa Isabel Cholula","GADM2","3.6","MX","Manufacturing","0.36336853322614004","18.993796987222428","-98.30471755473432","2026-01-03"
"MEX.21.146_1","Santa Isabel Cholula","GADM2","3.6","MX","Home Services","0.3632861321356176","18.993796987222428","-98.30471755473432","2026-01-03"
"MEX.13.15_1","Chapantongo","GADM2","3.6","MX","Retail","0.491665484698975","20.26195558048295","-99.45630648477342","2026-01-03"
"MEX.13.15_1","Chapantongo","GADM2","3.6","MX","All","0.5747924894171839","20.26195558048295","-99.45630648477342","2026-01-03"
"MEX.30.138_1","Saltabarranca","GADM2","3.6","MX","All","0.20573514007491742","18.56684638930675","-95.55962927964333","2026-01-03"
"MEX.21.11_1","Albino Zertuche","GADM2","3.6","MX","Retail","0.25158474282506205","18.03313128081606","-98.4667544977884","2026-01-03"
"MEX.21.11_1","Albino Zertuche","GADM2","3.6","MX","All","0.24514830126977347","18.03313128081606","-98.4667544977884","2026-01-03"
"MEX.13.23_1","Francisco I. Madero","GADM2","3.6","MX","Local Events","0.4131777321923972","20.240278101267094","-99.04732137701711","2026-01-03"
"MEX.13.23_1","Francisco I. Madero","GADM2","3.6","MX","Retail","0.5707255157029499","20.240278101267094","-99.04732137701711","2026-01-03"
"MEX.13.23_1","Francisco I. Madero","GADM2","3.6","MX","Professional Services","0.21944590721417434","20.240278101267094","-99.04732137701711","2026-01-03"
"MEX.13.23_1","Francisco I. Madero","GADM2","3.6","MX","Home Services","0.6043982626152483","20.240278101267094","-99.04732137701711","2026-01-03"
"MEX.13.23_1","Francisco I. Madero","GADM2","3.6","MX","Restaurants","0.42478034322194475","20.240278101267094","-99.04732137701711","2026-01-03"
"MEX.13.23_1","Francisco I. Madero","GADM2","3.6","MX","All","0.38089055088125706","20.240278101267094","-99.04732137701711","2026-01-03"
"MEX.16.50_1","La Piedad","GADM2","3.6","MX","Retail","0.3916305472614518","20.30230460247725","-102.10187425093163","2026-01-03"
"MEX.16.50_1","La Piedad","GADM2","3.6","MX","Professional Services","0.32154636516094687","20.30230460247725","-102.10187425093163","2026-01-03"
"MEX.16.50_1","La Piedad","GADM2","3.6","MX","Home Services","0.3346641267342636","20.30230460247725","-102.10187425093163","2026-01-03"
"MEX.16.50_1","La Piedad","GADM2","3.6","MX","Restaurants","0.39125991482816996","20.30230460247725","-102.10187425093163","2026-01-03"
"MEX.16.50_1","La Piedad","GADM2","3.6","MX","Grocery & Convenience Stores","0.4454888338011053","20.30230460247725","-102.10187425093163","2026-01-03"
"MEX.16.50_1","La Piedad","GADM2","3.6","MX","Public Good","0.3919725232366516","20.30230460247725","-102.10187425093163","2026-01-03"
"MEX.16.50_1","La Piedad","GADM2","3.6","MX","Lifestyle Services","0.4067301335686331","20.30230460247725","-102.10187425093163","2026-01-03"
"MEX.16.50_1","La Piedad","GADM2","3.6","MX","All","0.34803954149987676","20.30230460247725","-102.10187425093163","2026-01-03"
"MEX.16.50_1","La Piedad","GADM2","3.6","MX","Local Events","0.281607513306176","20.30230460247725","-102.10187425093163","2026-01-03"
"MEX.16.50_1","La Piedad","GADM2","3.6","MX","Business & Utility Services","0.4356112473979122","20.30230460247725","-102.10187425093163","2026-01-03"
"MEX.12.64_1","Tlacoachistlahuaca","GADM2","3.6","MX","All","0.33847791957920154","16.964767728722364","-98.24682605977365","2026-01-03"
"MEX.15.11_1","Atenco","GADM2","3.6","MX","Lifestyle Services","0.28019257293579086","19.450341121474455","-98.9226402101802","2026-01-03"
"MEX.15.11_1","Atenco","GADM2","3.6","MX","Manufacturing","0.4880803208476549","19.450341121474455","-98.9226402101802","2026-01-03"
"MEX.15.11_1","Atenco","GADM2","3.6","MX","","0.3402989852109092","19.450341121474455","-98.9226402101802","2026-01-03"
"MEX.15.11_1","Atenco","GADM2","3.6","MX","Retail","0.3098356563500654","19.450341121474455","-98.9226402101802","2026-01-03"
"MEX.15.11_1","Atenco","GADM2","3.6","MX","Home Services","0.5547318946451463","19.450341121474455","-98.9226402101802","2026-01-03"
"MEX.15.11_1","Atenco","GADM2","3.6","MX","Business & Utility Services","0.4292532101638131","19.450341121474455","-98.9226402101802","2026-01-03"
"MEX.15.11_1","Atenco","GADM2","3.6","MX","Travel","0.24611524467709897","19.450341121474455","-98.9226402101802","2026-01-03"
"MEX.15.11_1","Atenco","GADM2","3.6","MX","Local Events","0.23568451515943964","19.450341121474455","-98.9226402101802","2026-01-03"
"MEX.15.11_1","Atenco","GADM2","3.6","MX","Restaurants","0.2125040879542892","19.450341121474455","-98.9226402101802","2026-01-03"
"MEX.15.11_1","Atenco","GADM2","3.6","MX","Professional Services","0.28245606910402177","19.450341121474455","-98.9226402101802","2026-01-03"
"MEX.15.11_1","Atenco","GADM2","3.6","MX","All","0.25881300050657624","19.450341121474455","-98.9226402101802","2026-01-03"
"MEX.15.11_1","Atenco","GADM2","3.6","MX","Grocery & Convenience Stores","0.47545662768534236","19.450341121474455","-98.9226402101802","2026-01-03"
"MEX.15.11_1","Atenco","GADM2","3.6","MX","Public Good","0.18440492045402276","19.450341121474455","-98.9226402101802","2026-01-03"
"MEX.11.20_1","Manuel Doblado","GADM2","3.6","MX","Business & Utility Services","0.445913786752569","20.671163160589593","-101.89324757893363","2026-01-03"
"MEX.11.20_1","Manuel Doblado","GADM2","3.6","MX","Home Services","0.7342480203232442","20.671163160589593","-101.89324757893363","2026-01-03"
"MEX.11.20_1","Manuel Doblado","GADM2","3.6","MX","Restaurants","0.36754741764543997","20.671163160589593","-101.89324757893363","2026-01-03"
"MEX.11.20_1","Manuel Doblado","GADM2","3.6","MX","Professional Services","0.32083408822733317","20.671163160589593","-101.89324757893363","2026-01-03"
"MEX.11.20_1","Manuel Doblado","GADM2","3.6","MX","All","0.4193977298675634","20.671163160589593","-101.89324757893363","2026-01-03"
"MEX.11.20_1","Manuel Doblado","GADM2","3.6","MX","Lifestyle Services","0.7576727644474174","20.671163160589593","-101.89324757893363","2026-01-03"
"MEX.11.20_1","Manuel Doblado","GADM2","3.6","MX","Retail","0.3142757670628381","20.671163160589593","-101.89324757893363","2026-01-03"
"MEX.32.5_1","Calera","GADM2","3.6","MX","Restaurants","0.5392782512592493","22.908545267168947","-102.73059448177914","2026-01-03"
"MEX.32.5_1","Calera","GADM2","3.6","MX","Grocery & Convenience Stores","0.6232088738996344","22.908545267168947","-102.73059448177914","2026-01-03"
"MEX.32.5_1","Calera","GADM2","3.6","MX","Local Events","0.39122907895952025","22.908545267168947","-102.73059448177914","2026-01-03"
"MEX.32.5_1","Calera","GADM2","3.6","MX","Public Good","0.33928922256738225","22.908545267168947","-102.73059448177914","2026-01-03"
"MEX.32.5_1","Calera","GADM2","3.6","MX","Business & Utility Services","0.42442473360851224","22.908545267168947","-102.73059448177914","2026-01-03"
"MEX.32.5_1","Calera","GADM2","3.6","MX","Retail","0.2723018187160021","22.908545267168947","-102.73059448177914","2026-01-03"
"MEX.32.5_1","Calera","GADM2","3.6","MX","Lifestyle Services","0.13295746471342648","22.908545267168947","-102.73059448177914","2026-01-03"
"MEX.32.5_1","Calera","GADM2","3.6","MX","Home Services","0.4650711477300375","22.908545267168947","-102.73059448177914","2026-01-03"
"MEX.32.5_1","Calera","GADM2","3.6","MX","Professional Services","0.5564289690695166","22.908545267168947","-102.73059448177914","2026-01-03"
"MEX.32.5_1","Calera","GADM2","3.6","MX","All","0.32553640787819826","22.908545267168947","-102.73059448177914","2026-01-03"
"MEX.16.53_1","Los Reyes","GADM2","3.6","MX","Retail","0.5432905245970698","19.63237780569192","-102.41331530925284","2026-01-03"
"MEX.16.53_1","Los Reyes","GADM2","3.6","MX","Grocery & Convenience Stores","0.3778806171279155","19.63237780569192","-102.41331530925284","2026-01-03"
"MEX.16.53_1","Los Reyes","GADM2","3.6","MX","Travel","0.48303454602126966","19.63237780569192","-102.41331530925284","2026-01-03"
"MEX.16.53_1","Los Reyes","GADM2","3.6","MX","Public Good","0.5181265626337056","19.63237780569192","-102.41331530925284","2026-01-03"
"MEX.16.53_1","Los Reyes","GADM2","3.6","MX","Business & Utility Services","0.4105628484554439","19.63237780569192","-102.41331530925284","2026-01-03"
"MEX.16.53_1","Los Reyes","GADM2","3.6","MX","Home Services","0.38617364706786717","19.63237780569192","-102.41331530925284","2026-01-03"
"MEX.16.53_1","Los Reyes","GADM2","3.6","MX","Restaurants","0.47776345135085696","19.63237780569192","-102.41331530925284","2026-01-03"
"MEX.16.53_1","Los Reyes","GADM2","3.6","MX","All","0.3494087528418766","19.63237780569192","-102.41331530925284","2026-01-03"
"MEX.16.53_1","Los Reyes","GADM2","3.6","MX","Lifestyle Services","0.23545765404602584","19.63237780569192","-102.41331530925284","2026-01-03"
"MEX.16.53_1","Los Reyes","GADM2","3.6","MX","Professional Services","0.21140397988381718","19.63237780569192","-102.41331530925284","2026-01-03"
"MEX.16.53_1","Los Reyes","GADM2","3.6","MX","Local Events","0.3319733888014584","19.63237780569192","-102.41331530925284","2026-01-03"
"MEX.13.63_1","Tepeji del Río de Ocampo","GADM2","3.6","MX","Public Good","0.38457237805412653","19.90254795137397","-99.3101666304691","2026-01-03"
"MEX.13.63_1","Tepeji del Río de Ocampo","GADM2","3.6","MX","Business & Utility Services","0.47209530577970676","19.90254795137397","-99.3101666304691","2026-01-03"
"MEX.13.63_1","Tepeji del Río de Ocampo","GADM2","3.6","MX","All","0.35359259123846404","19.90254795137397","-99.3101666304691","2026-01-03"
"MEX.13.63_1","Tepeji del Río de Ocampo","GADM2","3.6","MX","Local Events","0.2072740065025847","19.90254795137397","-99.3101666304691","2026-01-03"
"MEX.13.63_1","Tepeji del Río de Ocampo","GADM2","3.6","MX","Manufacturing","0.6296125392837432","19.90254795137397","-99.3101666304691","2026-01-03"
"MEX.13.63_1","Tepeji del Río de Ocampo","GADM2","3.6","MX","Lifestyle Services","0.34641856116918396","19.90254795137397","-99.3101666304691","2026-01-03"
"MEX.13.63_1","Tepeji del Río de Ocampo","GADM2","3.6","MX","Grocery & Convenience Stores","0.572295869074246","19.90254795137397","-99.3101666304691","2026-01-03"
"MEX.13.63_1","Tepeji del Río de Ocampo","GADM2","3.6","MX","Retail","0.3958471000773262","19.90254795137397","-99.3101666304691","2026-01-03"
"MEX.13.63_1","Tepeji del Río de Ocampo","GADM2","3.6","MX","","0.32559266189705866","19.90254795137397","-99.3101666304691","2026-01-03"
"MEX.13.63_1","Tepeji del Río de Ocampo","GADM2","3.6","MX","Home Services","0.4979579639893246","19.90254795137397","-99.3101666304691","2026-01-03"
"MEX.13.63_1","Tepeji del Río de Ocampo","GADM2","3.6","MX","Travel","0.6686156881216311","19.90254795137397","-99.3101666304691","2026-01-03"
"MEX.13.63_1","Tepeji del Río de Ocampo","GADM2","3.6","MX","Restaurants","0.3442746295537085","19.90254795137397","-99.3101666304691","2026-01-03"
"MEX.13.63_1","Tepeji del Río de Ocampo","GADM2","3.6","MX","Professional Services","0.37552051282383686","19.90254795137397","-99.3101666304691","2026-01-03"
"MEX.11.13_1","Dolores Hidalgo","GADM2","3.6","MX","Manufacturing","0.6026439684764106","21.144701585787082","-100.95687960839759","2026-01-03"
"MEX.11.13_1","Dolores Hidalgo","GADM2","3.6","MX","Professional Services","0.37497832399857634","21.144701585787082","-100.95687960839759","2026-01-03"
"MEX.11.13_1","Dolores Hidalgo","GADM2","3.6","MX","","0.2762521386128109","21.144701585787082","-100.95687960839759","2026-01-03"
"MEX.11.13_1","Dolores Hidalgo","GADM2","3.6","MX","Grocery & Convenience Stores","0.327479838680159","21.144701585787082","-100.95687960839759","2026-01-03"
"MEX.11.13_1","Dolores Hidalgo","GADM2","3.6","MX","All","0.3539009571207196","21.144701585787082","-100.95687960839759","2026-01-03"
"MEX.11.13_1","Dolores Hidalgo","GADM2","3.6","MX","Home Services","0.43544627830881305","21.144701585787082","-100.95687960839759","2026-01-03"
"MEX.11.13_1","Dolores Hidalgo","GADM2","3.6","MX","Restaurants","0.444099029319462","21.144701585787082","-100.95687960839759","2026-01-03"
"MEX.11.13_1","Dolores Hidalgo","GADM2","3.6","MX","Public Good","0.365884134640739","21.144701585787082","-100.95687960839759","2026-01-03"
"MEX.11.13_1","Dolores Hidalgo","GADM2","3.6","MX","Business & Utility Services","0.6812192535004886","21.144701585787082","-100.95687960839759","2026-01-03"
"MEX.11.13_1","Dolores Hidalgo","GADM2","3.6","MX","Lifestyle Services","0.11339259383412603","21.144701585787082","-100.95687960839759","2026-01-03"
"MEX.11.13_1","Dolores Hidalgo","GADM2","3.6","MX","Retail","0.4128819164421143","21.144701585787082","-100.95687960839759","2026-01-03"
"MEX.11.13_1","Dolores Hidalgo","GADM2","3.6","MX","Local Events","0.446403861341404","21.144701585787082","-100.95687960839759","2026-01-03"
"MEX.11.13_1","Dolores Hidalgo","GADM2","3.6","MX","Travel","0.47401148141376187","21.144701585787082","-100.95687960839759","2026-01-03"
"MEX.1.6_1","Pabellón de Arteaga","GADM2","3.6","MX","Retail","0.47298424444607357","22.0736815044064","-102.30111926070126","2026-01-03"
"MEX.1.6_1","Pabellón de Arteaga","GADM2","3.6","MX","Professional Services","0.2668694433222372","22.0736815044064","-102.30111926070126","2026-01-03"
"MEX.1.6_1","Pabellón de Arteaga","GADM2","3.6","MX","Restaurants","0.37920038639910064","22.0736815044064","-102.30111926070126","2026-01-03"
"MEX.1.6_1","Pabellón de Arteaga","GADM2","3.6","MX","Business & Utility Services","0.448200102684372","22.0736815044064","-102.30111926070126","2026-01-03"
"MEX.1.6_1","Pabellón de Arteaga","GADM2","3.6","MX","Lifestyle Services","0.5107144385126489","22.0736815044064","-102.30111926070126","2026-01-03"
"MEX.1.6_1","Pabellón de Arteaga","GADM2","3.6","MX","Grocery & Convenience Stores","0.33455742691976326","22.0736815044064","-102.30111926070126","2026-01-03"
"MEX.1.6_1","Pabellón de Arteaga","GADM2","3.6","MX","Public Good","0.39976598030927474","22.0736815044064","-102.30111926070126","2026-01-03"
"MEX.1.6_1","Pabellón de Arteaga","GADM2","3.6","MX","Home Services","0.6877003062828504","22.0736815044064","-102.30111926070126","2026-01-03"
"MEX.1.6_1","Pabellón de Arteaga","GADM2","3.6","MX","Local Events","0.31562144350439547","22.0736815044064","-102.30111926070126","2026-01-03"
"MEX.1.6_1","Pabellón de Arteaga","GADM2","3.6","MX","All","0.39118454419914395","22.0736815044064","-102.30111926070126","2026-01-03"
"MEX.30.124_1","Pánuco","GADM2","3.6","MX","Business & Utility Services","0.34107266418716325","22.13551873236982","-98.26130834354241","2026-01-03"
"MEX.30.124_1","Pánuco","GADM2","3.6","MX","Restaurants","0.4286922196786081","22.13551873236982","-98.26130834354241","2026-01-03"
"MEX.30.124_1","Pánuco","GADM2","3.6","MX","Lifestyle Services","0.33156493005027804","22.13551873236982","-98.26130834354241","2026-01-03"
"MEX.30.124_1","Pánuco","GADM2","3.6","MX","Local Events","0.552878540426322","22.13551873236982","-98.26130834354241","2026-01-03"
"MEX.30.124_1","Pánuco","GADM2","3.6","MX","Home Services","0.3648561503326647","22.13551873236982","-98.26130834354241","2026-01-03"
"MEX.30.124_1","Pánuco","GADM2","3.6","MX","Professional Services","0.4385913716913751","22.13551873236982","-98.26130834354241","2026-01-03"
"MEX.30.124_1","Pánuco","GADM2","3.6","MX","All","0.31407417355931544","22.13551873236982","-98.26130834354241","2026-01-03"
"MEX.30.124_1","Pánuco","GADM2","3.6","MX","Retail","0.4676299762928921","22.13551873236982","-98.26130834354241","2026-01-03"
"MEX.30.124_1","Pánuco","GADM2","3.6","MX","Grocery & Convenience Stores","0.46254196527420366","22.13551873236982","-98.26130834354241","2026-01-03"
"MEX.30.124_1","Pánuco","GADM2","3.6","MX","Public Good","0.22384617975948432","22.13551873236982","-98.26130834354241","2026-01-03"
"MEX.16.22_1","Churumuco","GADM2","3.6","MX","All","0.4757669634795348","18.683691508401875","-101.58861512465282","2026-01-03"
"MEX.15.118_1","Zacualpan","GADM2","3.6","MX","All","0.34140148203605125","18.6594730901705","-99.78468129971779","2026-01-03"
"MEX.29.19_1","Muñoz de Domingo Arenas","GADM2","3.6","MX","All","0.44404404763863053","19.51463476027404","-98.15496093918122","2026-01-03"
"MEX.29.32_1","Tetla de la Solidaridad","GADM2","3.6","MX","All","0.5599943699160363","19.512699470858543","-98.02236181833324","2026-01-03"
"MEX.12.57_1","Taxco de Alarcón","GADM2","3.6","MX","Public Good","0.5085274625701267","18.48975230272346","-99.53499740300782","2026-01-03"
"MEX.12.57_1","Taxco de Alarcón","GADM2","3.6","MX","Restaurants","0.6349689920853379","18.48975230272346","-99.53499740300782","2026-01-03"
"MEX.12.57_1","Taxco de Alarcón","GADM2","3.6","MX","Grocery & Convenience Stores","0.4223903586215543","18.48975230272346","-99.53499740300782","2026-01-03"
"MEX.12.57_1","Taxco de Alarcón","GADM2","3.6","MX","Home Services","0.3489466528946673","18.48975230272346","-99.53499740300782","2026-01-03"
"MEX.12.57_1","Taxco de Alarcón","GADM2","3.6","MX","Retail","0.3438162416414","18.48975230272346","-99.53499740300782","2026-01-03"
"MEX.12.57_1","Taxco de Alarcón","GADM2","3.6","MX","All","0.3088488139459486","18.48975230272346","-99.53499740300782","2026-01-03"
"MEX.12.57_1","Taxco de Alarcón","GADM2","3.6","MX","Travel","0.3917006509581133","18.48975230272346","-99.53499740300782","2026-01-03"
"MEX.12.57_1","Taxco de Alarcón","GADM2","3.6","MX","Professional Services","0.22268973524632177","18.48975230272346","-99.53499740300782","2026-01-03"
"MEX.12.57_1","Taxco de Alarcón","GADM2","3.6","MX","Local Events","0.5287651499223027","18.48975230272346","-99.53499740300782","2026-01-03"
"MEX.12.57_1","Taxco de Alarcón","GADM2","3.6","MX","Business & Utility Services","0.2653173480651921","18.48975230272346","-99.53499740300782","2026-01-03"
"MEX.12.57_1","Taxco de Alarcón","GADM2","3.6","MX","Lifestyle Services","0.24160332654893976","18.48975230272346","-99.53499740300782","2026-01-03"
"MEX.15.63_1","Nicolás Romero","GADM2","3.6","MX","Public Good","0.30510926340946776","19.58143339002858","-99.35454751005517","2026-01-03"
"MEX.15.63_1","Nicolás Romero","GADM2","3.6","MX","Lifestyle Services","0.3070949018335933","19.58143339002858","-99.35454751005517","2026-01-03"
"MEX.15.63_1","Nicolás Romero","GADM2","3.6","MX","Grocery & Convenience Stores","0.3958142183384997","19.58143339002858","-99.35454751005517","2026-01-03"
"MEX.15.63_1","Nicolás Romero","GADM2","3.6","MX","Business & Utility Services","0.40061423761630227","19.58143339002858","-99.35454751005517","2026-01-03"
"MEX.15.63_1","Nicolás Romero","GADM2","3.6","MX","","0.5482875280973472","19.58143339002858","-99.35454751005517","2026-01-03"
"MEX.15.63_1","Nicolás Romero","GADM2","3.6","MX","Retail","0.23925513268622758","19.58143339002858","-99.35454751005517","2026-01-03"
"MEX.15.63_1","Nicolás Romero","GADM2","3.6","MX","Restaurants","0.3018329430708664","19.58143339002858","-99.35454751005517","2026-01-03"
"MEX.15.63_1","Nicolás Romero","GADM2","3.6","MX","Home Services","0.3720683770543657","19.58143339002858","-99.35454751005517","2026-01-03"
"MEX.15.63_1","Nicolás Romero","GADM2","3.6","MX","Professional Services","0.2447545905264796","19.58143339002858","-99.35454751005517","2026-01-03"
"MEX.15.63_1","Nicolás Romero","GADM2","3.6","MX","All","0.25647631753561956","19.58143339002858","-99.35454751005517","2026-01-03"
"MEX.15.63_1","Nicolás Romero","GADM2","3.6","MX","Manufacturing","0.2635280210605925","19.58143339002858","-99.35454751005517","2026-01-03"
"MEX.15.63_1","Nicolás Romero","GADM2","3.6","MX","Travel","0.48205310395801687","19.58143339002858","-99.35454751005517","2026-01-03"
"MEX.15.63_1","Nicolás Romero","GADM2","3.6","MX","Local Events","0.17346965644049708","19.58143339002858","-99.35454751005517","2026-01-03"
"MEX.30.159_1","Tempoal","GADM2","3.6","MX","Lifestyle Services","0.3955301669601749","21.651180006214613","-98.39210195358153","2026-01-03"
"MEX.30.159_1","Tempoal","GADM2","3.6","MX","Professional Services","0.24442311897364905","21.651180006214613","-98.39210195358153","2026-01-03"
"MEX.30.159_1","Tempoal","GADM2","3.6","MX","Restaurants","0.5109625968189646","21.651180006214613","-98.39210195358153","2026-01-03"
"MEX.30.159_1","Tempoal","GADM2","3.6","MX","Home Services","0.5470682396612039","21.651180006214613","-98.39210195358153","2026-01-03"
"MEX.30.159_1","Tempoal","GADM2","3.6","MX","All","0.47591963895706396","21.651180006214613","-98.39210195358153","2026-01-03"
"MEX.30.159_1","Tempoal","GADM2","3.6","MX","Retail","0.47101804869552755","21.651180006214613","-98.39210195358153","2026-01-03"
"MEX.30.159_1","Tempoal","GADM2","3.6","MX","Grocery & Convenience Stores","0.5724456549858444","21.651180006214613","-98.39210195358153","2026-01-03"
"MEX.15.84_1","Temamatla","GADM2","3.6","MX","All","0.3151453711918807","19.17382314205059","-98.80874796564245","2026-01-03"
"MEX.21.196_1","Xiutetelco","GADM2","3.6","MX","All","0.6268253681758674","19.75941501944585","-97.2960385518524","2026-01-03"
"MEX.16.13_1","Carácuaro","GADM2","3.6","MX","All","0.5166851352464424","18.966187082578983","-101.04610142499314","2026-01-03"
"MEX.15.80_1","Soyaniquilpan de Juárez","GADM2","3.6","MX","All","0.24352145553892648","20.052088365391064","-99.51247996961689","2026-01-03"
"MEX.30.87_1","Jesús Carranza","GADM2","3.6","MX","Home Services","0.38528503506718226","17.517371064139386","-94.98344677639767","2026-01-03"
"MEX.30.87_1","Jesús Carranza","GADM2","3.6","MX","Professional Services","0.31136210471239856","17.517371064139386","-94.98344677639767","2026-01-03"
"MEX.30.87_1","Jesús Carranza","GADM2","3.6","MX","Restaurants","0.3942251785732216","17.517371064139386","-94.98344677639767","2026-01-03"
"MEX.30.87_1","Jesús Carranza","GADM2","3.6","MX","All","0.29158679740030985","17.517371064139386","-94.98344677639767","2026-01-03"
"MEX.30.87_1","Jesús Carranza","GADM2","3.6","MX","Retail","0.3364660303986368","17.517371064139386","-94.98344677639767","2026-01-03"
"MEX.15.8_1","Amatepec","GADM2","3.6","MX","All","0.47696177479056173","18.65558636841758","-100.27207326376244","2026-01-03"
"MEX.15.8_1","Amatepec","GADM2","3.6","MX","Retail","0.5441715416142603","18.65558636841758","-100.27207326376244","2026-01-03"
"MEX.30.56_1","Cosoleacaque","GADM2","3.6","MX","Restaurants","0.17963648313876512","17.97067458769505","-94.6148379469477","2026-01-03"
"MEX.30.56_1","Cosoleacaque","GADM2","3.6","MX","Local Events","0.7473703214779528","17.97067458769505","-94.6148379469477","2026-01-03"
"MEX.30.56_1","Cosoleacaque","GADM2","3.6","MX","Business & Utility Services","0.2613363930208078","17.97067458769505","-94.6148379469477","2026-01-03"
"MEX.30.56_1","Cosoleacaque","GADM2","3.6","MX","Public Good","0.34372965935880107","17.97067458769505","-94.6148379469477","2026-01-03"
"MEX.30.56_1","Cosoleacaque","GADM2","3.6","MX","","0.6078162449527943","17.97067458769505","-94.6148379469477","2026-01-03"
"MEX.30.56_1","Cosoleacaque","GADM2","3.6","MX","Lifestyle Services","0.3785857970423698","17.97067458769505","-94.6148379469477","2026-01-03"
"MEX.30.56_1","Cosoleacaque","GADM2","3.6","MX","Professional Services","0.3045618708099705","17.97067458769505","-94.6148379469477","2026-01-03"
"MEX.30.56_1","Cosoleacaque","GADM2","3.6","MX","All","0.31029158222772696","17.97067458769505","-94.6148379469477","2026-01-03"
"MEX.30.56_1","Cosoleacaque","GADM2","3.6","MX","Home Services","0.4698001534050462","17.97067458769505","-94.6148379469477","2026-01-03"
"MEX.30.56_1","Cosoleacaque","GADM2","3.6","MX","Retail","0.3536505629889973","17.97067458769505","-94.6148379469477","2026-01-03"
"MEX.30.56_1","Cosoleacaque","GADM2","3.6","MX","Grocery & Convenience Stores","0.5810414929675133","17.97067458769505","-94.6148379469477","2026-01-03"
"MEX.22.2_1","Arroyo Seco","GADM2","3.6","MX","Travel","0.4752510072302796","21.38255283357054","-99.6516888175113","2026-01-03"
"MEX.22.2_1","Arroyo Seco","GADM2","3.6","MX","Restaurants","0.5884804810669467","21.38255283357054","-99.6516888175113","2026-01-03"
"MEX.22.2_1","Arroyo Seco","GADM2","3.6","MX","All","0.6643527106873905","21.38255283357054","-99.6516888175113","2026-01-03"
"MEX.22.2_1","Arroyo Seco","GADM2","3.6","MX","Retail","0.507928682811099","21.38255283357054","-99.6516888175113","2026-01-03"
"MEX.21.140_1","San Salvador el Seco","GADM2","3.6","MX","All","0.5503541520525697","19.181946533401682","-97.51951541243407","2026-01-03"
"MEX.15.92_1","Teoloyucán","GADM2","3.6","MX","Local Events","0.2630616454067229","19.713739378098555","-99.12821555686546","2026-01-03"
"MEX.15.92_1","Teoloyucán","GADM2","3.6","MX","Retail","0.334622921127389","19.713739378098555","-99.12821555686546","2026-01-03"
"MEX.15.92_1","Teoloyucán","GADM2","3.6","MX","Restaurants","0.7274426836271211","19.713739378098555","-99.12821555686546","2026-01-03"
"MEX.15.92_1","Teoloyucán","GADM2","3.6","MX","Business & Utility Services","0.4702042172309466","19.713739378098555","-99.12821555686546","2026-01-03"
"MEX.15.92_1","Teoloyucán","GADM2","3.6","MX","Home Services","0.20543711893639444","19.713739378098555","-99.12821555686546","2026-01-03"
"MEX.15.92_1","Teoloyucán","GADM2","3.6","MX","All","0.2795097125690638","19.713739378098555","-99.12821555686546","2026-01-03"
"MEX.15.92_1","Teoloyucán","GADM2","3.6","MX","Public Good","0.36480548426134307","19.713739378098555","-99.12821555686546","2026-01-03"
"MEX.15.92_1","Teoloyucán","GADM2","3.6","MX","","0.3354651744419569","19.713739378098555","-99.12821555686546","2026-01-03"
"MEX.15.92_1","Teoloyucán","GADM2","3.6","MX","Lifestyle Services","0.3314858909732035","19.713739378098555","-99.12821555686546","2026-01-03"
"MEX.15.92_1","Teoloyucán","GADM2","3.6","MX","Professional Services","0.33213172814081915","19.713739378098555","-99.12821555686546","2026-01-03"
"MEX.15.92_1","Teoloyucán","GADM2","3.6","MX","Grocery & Convenience Stores","0.19533701768244846","19.713739378098555","-99.12821555686546","2026-01-03"
"MEX.12.62_1","Tetipac","GADM2","3.6","MX","Home Services","0.3387876449778065","18.592428368002114","-99.65065111063095","2026-01-03"
"MEX.12.62_1","Tetipac","GADM2","3.6","MX","Lifestyle Services","0.35042403225848345","18.592428368002114","-99.65065111063095","2026-01-03"
"MEX.12.62_1","Tetipac","GADM2","3.6","MX","Professional Services","0.20014026384947467","18.592428368002114","-99.65065111063095","2026-01-03"
"MEX.12.62_1","Tetipac","GADM2","3.6","MX","All","0.35171403682413555","18.592428368002114","-99.65065111063095","2026-01-03"
"MEX.12.62_1","Tetipac","GADM2","3.6","MX","Retail","0.5353479801482772","18.592428368002114","-99.65065111063095","2026-01-03"
"MEX.12.62_1","Tetipac","GADM2","3.6","MX","Travel","0.43126081898261465","18.592428368002114","-99.65065111063095","2026-01-03"
"MEX.12.62_1","Tetipac","GADM2","3.6","MX","Restaurants","0.6633788283914492","18.592428368002114","-99.65065111063095","2026-01-03"
"MEX.24.15_1","Coxcatlán","GADM2","3.6","MX","All","0.5614570034064089","21.563418558898455","-98.91670664502043","2026-01-03"
"MEX.16.106_1","Yurécuaro","GADM2","3.6","MX","All","0.39127749984941146","20.292711839388794","-102.23225390927297","2026-01-03"
"MEX.21.137_1","San Pablo Anicano","GADM2","3.6","MX","All","0.608329804583244","18.195242815727962","-98.01773337159285","2026-01-03"
"MEX.30.131_1","Poza Rica de Hidalgo","GADM2","3.6","MX","Restaurants","0.44182648752888387","20.553747122810343","-97.41770538976157","2026-01-03"
"MEX.30.131_1","Poza Rica de Hidalgo","GADM2","3.6","MX","Retail","0.4106643477848976","20.553747122810343","-97.41770538976157","2026-01-03"
"MEX.30.131_1","Poza Rica de Hidalgo","GADM2","3.6","MX","Public Good","0.6941109430593725","20.553747122810343","-97.41770538976157","2026-01-03"
"MEX.30.131_1","Poza Rica de Hidalgo","GADM2","3.6","MX","","0.2924684536243391","20.553747122810343","-97.41770538976157","2026-01-03"
"MEX.30.131_1","Poza Rica de Hidalgo","GADM2","3.6","MX","Grocery & Convenience Stores","0.5845739229476468","20.553747122810343","-97.41770538976157","2026-01-03"
"MEX.30.131_1","Poza Rica de Hidalgo","GADM2","3.6","MX","Business & Utility Services","0.40101331143090874","20.553747122810343","-97.41770538976157","2026-01-03"
"MEX.30.131_1","Poza Rica de Hidalgo","GADM2","3.6","MX","Home Services","0.4456679804264342","20.553747122810343","-97.41770538976157","2026-01-03"
"MEX.30.131_1","Poza Rica de Hidalgo","GADM2","3.6","MX","Local Events","0.45897557287260976","20.553747122810343","-97.41770538976157","2026-01-03"
"MEX.30.131_1","Poza Rica de Hidalgo","GADM2","3.6","MX","All","0.35173535761936986","20.553747122810343","-97.41770538976157","2026-01-03"
"MEX.30.131_1","Poza Rica de Hidalgo","GADM2","3.6","MX","Lifestyle Services","0.2094734188372691","20.553747122810343","-97.41770538976157","2026-01-03"
"MEX.30.131_1","Poza Rica de Hidalgo","GADM2","3.6","MX","Professional Services","0.36414936614843113","20.553747122810343","-97.41770538976157","2026-01-03"
"MEX.30.150_1","Tamiahua","GADM2","3.6","MX","Retail","0.44910143340345404","21.186972098075007","-97.51067770910007","2026-01-03"
"MEX.30.150_1","Tamiahua","GADM2","3.6","MX","Travel","0.4292596215382317","21.186972098075007","-97.51067770910007","2026-01-03"
"MEX.30.150_1","Tamiahua","GADM2","3.6","MX","Restaurants","0.5760626001921486","21.186972098075007","-97.51067770910007","2026-01-03"
"MEX.30.150_1","Tamiahua","GADM2","3.6","MX","All","0.3985088421025695","21.186972098075007","-97.51067770910007","2026-01-03"
"MEX.22.14_1","Querétaro","GADM2","3.6","MX","Travel","0.3113377264522716","20.724103466018907","-100.45782909954215","2026-01-03"
"MEX.22.14_1","Querétaro","GADM2","3.6","MX","","0.21593532218649794","20.724103466018907","-100.45782909954215","2026-01-03"
"MEX.22.14_1","Querétaro","GADM2","3.6","MX","Local Events","0.18056892502754035","20.724103466018907","-100.45782909954215","2026-01-03"
"MEX.22.14_1","Querétaro","GADM2","3.6","MX","Professional Services","0.27993981458105094","20.724103466018907","-100.45782909954215","2026-01-03"
"MEX.22.14_1","Querétaro","GADM2","3.6","MX","Home Services","0.29641694076805786","20.724103466018907","-100.45782909954215","2026-01-03"
"MEX.22.14_1","Querétaro","GADM2","3.6","MX","Public Good","0.1560960588401567","20.724103466018907","-100.45782909954215","2026-01-03"
"MEX.22.14_1","Querétaro","GADM2","3.6","MX","All","0.2783820149212967","20.724103466018907","-100.45782909954215","2026-01-03"
"MEX.22.14_1","Querétaro","GADM2","3.6","MX","Business & Utility Services","0.35124707192769644","20.724103466018907","-100.45782909954215","2026-01-03"
"MEX.22.14_1","Querétaro","GADM2","3.6","MX","Restaurants","0.28536703203906405","20.724103466018907","-100.45782909954215","2026-01-03"
"MEX.22.14_1","Querétaro","GADM2","3.6","MX","Manufacturing","0.45896566774087605","20.724103466018907","-100.45782909954215","2026-01-03"
"MEX.22.14_1","Querétaro","GADM2","3.6","MX","Retail","0.27287129775650704","20.724103466018907","-100.45782909954215","2026-01-03"
"MEX.22.14_1","Querétaro","GADM2","3.6","MX","Lifestyle Services","0.2653060863390921","20.724103466018907","-100.45782909954215","2026-01-03"
"MEX.22.14_1","Querétaro","GADM2","3.6","MX","Grocery & Convenience Stores","0.39315220758698316","20.724103466018907","-100.45782909954215","2026-01-03"
"MEX.21.167_1","Tepeyahualco","GADM2","3.6","MX","All","0.48043975296542396","19.522114300222647","-97.38924958238883","2026-01-03"
"MEX.21.167_1","Tepeyahualco","GADM2","3.6","MX","Business & Utility Services","0.3766994088188454","19.522114300222647","-97.38924958238883","2026-01-03"
"MEX.21.179_1","Tlanepantla","GADM2","3.6","MX","All","0.42616596140698876","18.910536846348673","-97.71263368006784","2026-01-03"
"MEX.14.119_1","Yahualica de González Gallo","GADM2","3.6","MX","Lifestyle Services","0.5469329485934388","21.080558242483814","-102.9432188758359","2026-01-03"
"MEX.14.119_1","Yahualica de González Gallo","GADM2","3.6","MX","Grocery & Convenience Stores","0.44694202886239237","21.080558242483814","-102.9432188758359","2026-01-03"
"MEX.14.119_1","Yahualica de González Gallo","GADM2","3.6","MX","Business & Utility Services","0.42160469628699465","21.080558242483814","-102.9432188758359","2026-01-03"
"MEX.14.119_1","Yahualica de González Gallo","GADM2","3.6","MX","Retail","0.32157260970046725","21.080558242483814","-102.9432188758359","2026-01-03"
"MEX.14.119_1","Yahualica de González Gallo","GADM2","3.6","MX","All","0.5408765149042633","21.080558242483814","-102.9432188758359","2026-01-03"
"MEX.14.119_1","Yahualica de González Gallo","GADM2","3.6","MX","Home Services","0.6431282931121055","21.080558242483814","-102.9432188758359","2026-01-03"
"MEX.14.119_1","Yahualica de González Gallo","GADM2","3.6","MX","Restaurants","0.5849341137711912","21.080558242483814","-102.9432188758359","2026-01-03"
"MEX.14.119_1","Yahualica de González Gallo","GADM2","3.6","MX","Public Good","0.39643654577734616","21.080558242483814","-102.9432188758359","2026-01-03"
"MEX.14.119_1","Yahualica de González Gallo","GADM2","3.6","MX","Professional Services","0.6083452502741755","21.080558242483814","-102.9432188758359","2026-01-03"
"MEX.13.10_1","Atlapexco","GADM2","3.6","MX","Professional Services","0.2407988087910416","21.06056296361726","-98.35292510374178","2026-01-03"
"MEX.13.10_1","Atlapexco","GADM2","3.6","MX","All","0.4124969991726296","21.06056296361726","-98.35292510374178","2026-01-03"
"MEX.32.11_1","Fresnillo","GADM2","3.6","MX","Retail","0.34969033757913415","23.181482589648045","-102.99273311866442","2026-01-03"
"MEX.32.11_1","Fresnillo","GADM2","3.6","MX","Travel","0.35315646813003854","23.181482589648045","-102.99273311866442","2026-01-03"
"MEX.32.11_1","Fresnillo","GADM2","3.6","MX","Public Good","0.20588469526223058","23.181482589648045","-102.99273311866442","2026-01-03"
"MEX.32.11_1","Fresnillo","GADM2","3.6","MX","Grocery & Convenience Stores","0.4603539924036978","23.181482589648045","-102.99273311866442","2026-01-03"
"MEX.32.11_1","Fresnillo","GADM2","3.6","MX","All","0.35566962601153645","23.181482589648045","-102.99273311866442","2026-01-03"
"MEX.32.11_1","Fresnillo","GADM2","3.6","MX","Business & Utility Services","0.4662401350093447","23.181482589648045","-102.99273311866442","2026-01-03"
"MEX.32.11_1","Fresnillo","GADM2","3.6","MX","","0.22631040134144792","23.181482589648045","-102.99273311866442","2026-01-03"
"MEX.32.11_1","Fresnillo","GADM2","3.6","MX","Local Events","0.30247434067759604","23.181482589648045","-102.99273311866442","2026-01-03"
"MEX.32.11_1","Fresnillo","GADM2","3.6","MX","Manufacturing","0.7790532337867779","23.181482589648045","-102.99273311866442","2026-01-03"
"MEX.32.11_1","Fresnillo","GADM2","3.6","MX","Home Services","0.6017624718588638","23.181482589648045","-102.99273311866442","2026-01-03"
"MEX.32.11_1","Fresnillo","GADM2","3.6","MX","Restaurants","0.36314482451569446","23.181482589648045","-102.99273311866442","2026-01-03"
"MEX.32.11_1","Fresnillo","GADM2","3.6","MX","Lifestyle Services","0.16848683938679218","23.181482589648045","-102.99273311866442","2026-01-03"
"MEX.32.11_1","Fresnillo","GADM2","3.6","MX","Professional Services","0.3253551483469098","23.181482589648045","-102.99273311866442","2026-01-03"
"MEX.14.77_1","San Julián","GADM2","3.6","MX","Home Services","0.684821871074215","20.95774127170084","-102.18550081756683","2026-01-03"
"MEX.14.77_1","San Julián","GADM2","3.6","MX","Grocery & Convenience Stores","0.5156004535613673","20.95774127170084","-102.18550081756683","2026-01-03"
"MEX.14.77_1","San Julián","GADM2","3.6","MX","Retail","0.30480223875497015","20.95774127170084","-102.18550081756683","2026-01-03"
"MEX.14.77_1","San Julián","GADM2","3.6","MX","Professional Services","0.35829756995614226","20.95774127170084","-102.18550081756683","2026-01-03"
"MEX.14.77_1","San Julián","GADM2","3.6","MX","All","0.3124901266326394","20.95774127170084","-102.18550081756683","2026-01-03"
"MEX.14.77_1","San Julián","GADM2","3.6","MX","Restaurants","0.6295571621503667","20.95774127170084","-102.18550081756683","2026-01-03"
"MEX.17.21_1","Tepoztlán","GADM2","3.6","MX","Retail","0.3694459348421013","18.970720267418937","-99.05905300814734","2026-01-03"
"MEX.17.21_1","Tepoztlán","GADM2","3.6","MX","Grocery & Convenience Stores","0.5173172261589889","18.970720267418937","-99.05905300814734","2026-01-03"
"MEX.17.21_1","Tepoztlán","GADM2","3.6","MX","Home Services","0.3029259903530566","18.970720267418937","-99.05905300814734","2026-01-03"
"MEX.17.21_1","Tepoztlán","GADM2","3.6","MX","Lifestyle Services","0.29578233575487006","18.970720267418937","-99.05905300814734","2026-01-03"
"MEX.17.21_1","Tepoztlán","GADM2","3.6","MX","Professional Services","0.3890667798533976","18.970720267418937","-99.05905300814734","2026-01-03"
"MEX.28.43_1","Xicoténcatl","GADM2","3.6","MX","Home Services","0.45522866168128184","22.99457281250501","-98.92598317898847","2026-01-03"
"MEX.28.43_1","Xicoténcatl","GADM2","3.6","MX","All","0.4455158037749443","22.99457281250501","-98.92598317898847","2026-01-03"
"MEX.28.43_1","Xicoténcatl","GADM2","3.6","MX","Retail","0.5783724585306216","22.99457281250501","-98.92598317898847","2026-01-03"
"MEX.28.43_1","Xicoténcatl","GADM2","3.6","MX","Grocery & Convenience Stores","0.4069446092106648","22.99457281250501","-98.92598317898847","2026-01-03"
"MEX.28.43_1","Xicoténcatl","GADM2","3.6","MX","Restaurants","0.45335853891980754","22.99457281250501","-98.92598317898847","2026-01-03"
"MEX.28.43_1","Xicoténcatl","GADM2","3.6","MX","Professional Services","0.24831695640339818","22.99457281250501","-98.92598317898847","2026-01-03"
"MEX.28.43_1","Xicoténcatl","GADM2","3.6","MX","Lifestyle Services","0.5136014253952659","22.99457281250501","-98.92598317898847","2026-01-03"
"MEX.22.5_1","Corregidora","GADM2","3.6","MX","Retail","0.2675285571385954","20.47837528605651","-100.45325828485524","2026-01-03"
"MEX.22.5_1","Corregidora","GADM2","3.6","MX","Travel","0.30701482453484547","20.47837528605651","-100.45325828485524","2026-01-03"
"MEX.22.5_1","Corregidora","GADM2","3.6","MX","Manufacturing","0.48030469055364083","20.47837528605651","-100.45325828485524","2026-01-03"
"MEX.22.5_1","Corregidora","GADM2","3.6","MX","Restaurants","0.2692556871022028","20.47837528605651","-100.45325828485524","2026-01-03"
"MEX.22.5_1","Corregidora","GADM2","3.6","MX","Public Good","0.2332288107579277","20.47837528605651","-100.45325828485524","2026-01-03"
"MEX.22.5_1","Corregidora","GADM2","3.6","MX","Home Services","0.23988725845372874","20.47837528605651","-100.45325828485524","2026-01-03"
"MEX.22.5_1","Corregidora","GADM2","3.6","MX","Professional Services","0.24838852195510208","20.47837528605651","-100.45325828485524","2026-01-03"
"MEX.22.5_1","Corregidora","GADM2","3.6","MX","Grocery & Convenience Stores","0.471435480665576","20.47837528605651","-100.45325828485524","2026-01-03"
"MEX.22.5_1","Corregidora","GADM2","3.6","MX","All","0.23628169194200183","20.47837528605651","-100.45325828485524","2026-01-03"
"MEX.22.5_1","Corregidora","GADM2","3.6","MX","Local Events","0.41538393762253645","20.47837528605651","-100.45325828485524","2026-01-03"
"MEX.22.5_1","Corregidora","GADM2","3.6","MX","Lifestyle Services","0.2102728185566562","20.47837528605651","-100.45325828485524","2026-01-03"
"MEX.22.5_1","Corregidora","GADM2","3.6","MX","Business & Utility Services","0.4082728318240952","20.47837528605651","-100.45325828485524","2026-01-03"
"MEX.22.5_1","Corregidora","GADM2","3.6","MX","","0.3496515876219912","20.47837528605651","-100.45325828485524","2026-01-03"
"MEX.15.97_1","Tequixquiac","GADM2","3.6","MX","Professional Services","0.3095304438019843","19.87460090831708","-99.0961797119761","2026-01-03"
"MEX.15.97_1","Tequixquiac","GADM2","3.6","MX","Retail","0.47988229647145264","19.87460090831708","-99.0961797119761","2026-01-03"
"MEX.15.97_1","Tequixquiac","GADM2","3.6","MX","Lifestyle Services","0.4400932193541838","19.87460090831708","-99.0961797119761","2026-01-03"
"MEX.15.97_1","Tequixquiac","GADM2","3.6","MX","Restaurants","0.4368955365493697","19.87460090831708","-99.0961797119761","2026-01-03"
"MEX.15.97_1","Tequixquiac","GADM2","3.6","MX","Public Good","0.2486059183322719","19.87460090831708","-99.0961797119761","2026-01-03"
"MEX.15.97_1","Tequixquiac","GADM2","3.6","MX","All","0.3899486404673054","19.87460090831708","-99.0961797119761","2026-01-03"
"MEX.15.97_1","Tequixquiac","GADM2","3.6","MX","Local Events","0.5482170411906404","19.87460090831708","-99.0961797119761","2026-01-03"
"MEX.15.97_1","Tequixquiac","GADM2","3.6","MX","Manufacturing","0.6999874018687054","19.87460090831708","-99.0961797119761","2026-01-03"
"MEX.15.97_1","Tequixquiac","GADM2","3.6","MX","Business & Utility Services","0.4593806306086341","19.87460090831708","-99.0961797119761","2026-01-03"
"MEX.15.97_1","Tequixquiac","GADM2","3.6","MX","Grocery & Convenience Stores","0.6196728657017043","19.87460090831708","-99.0961797119761","2026-01-03"
"MEX.15.97_1","Tequixquiac","GADM2","3.6","MX","Home Services","0.3085525260716045","19.87460090831708","-99.0961797119761","2026-01-03"
"MEX.15.97_1","Tequixquiac","GADM2","3.6","MX","","0.5816845495424091","19.87460090831708","-99.0961797119761","2026-01-03"
"MEX.16.56_1","Marcos Castellanos","GADM2","3.6","MX","Travel","0.3469445327258219","20.007978039949073","-102.98441719938482","2026-01-03"
"MEX.16.56_1","Marcos Castellanos","GADM2","3.6","MX","All","0.4681355499049327","20.007978039949073","-102.98441719938482","2026-01-03"
"MEX.16.56_1","Marcos Castellanos","GADM2","3.6","MX","Retail","0.49484267692155115","20.007978039949073","-102.98441719938482","2026-01-03"
"MEX.16.56_1","Marcos Castellanos","GADM2","3.6","MX","Business & Utility Services","0.32478654435318416","20.007978039949073","-102.98441719938482","2026-01-03"
"MEX.16.56_1","Marcos Castellanos","GADM2","3.6","MX","Restaurants","0.3661350511264274","20.007978039949073","-102.98441719938482","2026-01-03"
"MEX.16.56_1","Marcos Castellanos","GADM2","3.6","MX","Home Services","0.5178922649455934","20.007978039949073","-102.98441719938482","2026-01-03"
"MEX.16.56_1","Marcos Castellanos","GADM2","3.6","MX","Professional Services","0.5197842142331724","20.007978039949073","-102.98441719938482","2026-01-03"
"MEX.16.56_1","Marcos Castellanos","GADM2","3.6","MX","Lifestyle Services","0.5178486113039769","20.007978039949073","-102.98441719938482","2026-01-03"
"MEX.9.16_1","Xochimilco","GADM2","3.6","MX","All","0.30892900232471704","19.192002082359423","-99.04257501342224","2026-01-03"
"MEX.9.16_1","Xochimilco","GADM2","3.6","MX","Home Services","0.5168639108066883","19.192002082359423","-99.04257501342224","2026-01-03"
"MEX.9.16_1","Xochimilco","GADM2","3.6","MX","Travel","0.7848661962520044","19.192002082359423","-99.04257501342224","2026-01-03"
"MEX.9.16_1","Xochimilco","GADM2","3.6","MX","","0.4384224252153408","19.192002082359423","-99.04257501342224","2026-01-03"
"MEX.9.16_1","Xochimilco","GADM2","3.6","MX","Business & Utility Services","0.399369422908841","19.192002082359423","-99.04257501342224","2026-01-03"
"MEX.9.16_1","Xochimilco","GADM2","3.6","MX","Local Events","0.2930726150685992","19.192002082359423","-99.04257501342224","2026-01-03"
"MEX.9.16_1","Xochimilco","GADM2","3.6","MX","Lifestyle Services","0.24425433159947657","19.192002082359423","-99.04257501342224","2026-01-03"
"MEX.9.16_1","Xochimilco","GADM2","3.6","MX","Public Good","0.5478864464042398","19.192002082359423","-99.04257501342224","2026-01-03"
"MEX.9.16_1","Xochimilco","GADM2","3.6","MX","Grocery & Convenience Stores","0.39711660760253914","19.192002082359423","-99.04257501342224","2026-01-03"
"MEX.9.16_1","Xochimilco","GADM2","3.6","MX","Manufacturing","0.41832382711513294","19.192002082359423","-99.04257501342224","2026-01-03"
"MEX.9.16_1","Xochimilco","GADM2","3.6","MX","Restaurants","0.42757701592489067","19.192002082359423","-99.04257501342224","2026-01-03"
"MEX.9.16_1","Xochimilco","GADM2","3.6","MX","Professional Services","0.25106444288277957","19.192002082359423","-99.04257501342224","2026-01-03"
"MEX.9.16_1","Xochimilco","GADM2","3.6","MX","Retail","0.38545172485137524","19.192002082359423","-99.04257501342224","2026-01-03"
"MEX.21.175_1","Tlacotepec de Benito Juárez","GADM2","3.6","MX","All","0.4761717625188357","18.726369376890926","-97.50155665240942","2026-01-03"
"MEX.21.175_1","Tlacotepec de Benito Juárez","GADM2","3.6","MX","Retail","0.38238345106412014","18.726369376890926","-97.50155665240942","2026-01-03"
"MEX.17.17_1","Puente de Ixtla","GADM2","3.6","MX","Travel","0.5493700300903998","18.579835560907622","-99.21705282003377","2026-01-03"
"MEX.17.17_1","Puente de Ixtla","GADM2","3.6","MX","Lifestyle Services","0.2699918078835835","18.579835560907622","-99.21705282003377","2026-01-03"
"MEX.17.17_1","Puente de Ixtla","GADM2","3.6","MX","Home Services","0.38010757872128803","18.579835560907622","-99.21705282003377","2026-01-03"
"MEX.17.17_1","Puente de Ixtla","GADM2","3.6","MX","Retail","0.4382601581450803","18.579835560907622","-99.21705282003377","2026-01-03"
"MEX.17.17_1","Puente de Ixtla","GADM2","3.6","MX","Professional Services","0.34549401761193127","18.579835560907622","-99.21705282003377","2026-01-03"
"MEX.17.17_1","Puente de Ixtla","GADM2","3.6","MX","Local Events","0.37541683999246206","18.579835560907622","-99.21705282003377","2026-01-03"
"MEX.17.17_1","Puente de Ixtla","GADM2","3.6","MX","Restaurants","0.42608850735768755","18.579835560907622","-99.21705282003377","2026-01-03"
"MEX.17.17_1","Puente de Ixtla","GADM2","3.6","MX","Business & Utility Services","0.567098763949538","18.579835560907622","-99.21705282003377","2026-01-03"
"MEX.15.60_1","Naucalpan de Juárez","GADM2","3.6","MX","Restaurants","0.23328710720914708","19.411144935323755","-99.27925719043655","2026-01-03"
"MEX.15.60_1","Naucalpan de Juárez","GADM2","3.6","MX","Public Good","0.14576871633067395","19.411144935323755","-99.27925719043655","2026-01-03"
"MEX.15.60_1","Naucalpan de Juárez","GADM2","3.6","MX","Lifestyle Services","0.2521823085991429","19.411144935323755","-99.27925719043655","2026-01-03"
"MEX.15.60_1","Naucalpan de Juárez","GADM2","3.6","MX","All","0.2613157426843965","19.411144935323755","-99.27925719043655","2026-01-03"
"MEX.15.60_1","Naucalpan de Juárez","GADM2","3.6","MX","Travel","0.3156946226683922","19.411144935323755","-99.27925719043655","2026-01-03"
"MEX.15.60_1","Naucalpan de Juárez","GADM2","3.6","MX","Manufacturing","0.2648319762905348","19.411144935323755","-99.27925719043655","2026-01-03"
"MEX.15.60_1","Naucalpan de Juárez","GADM2","3.6","MX","Business & Utility Services","0.33437344788397283","19.411144935323755","-99.27925719043655","2026-01-03"
"MEX.15.60_1","Naucalpan de Juárez","GADM2","3.6","MX","Local Events","0.13766816394606995","19.411144935323755","-99.27925719043655","2026-01-03"
"MEX.15.60_1","Naucalpan de Juárez","GADM2","3.6","MX","Professional Services","0.2780110748414281","19.411144935323755","-99.27925719043655","2026-01-03"
"MEX.15.60_1","Naucalpan de Juárez","GADM2","3.6","MX","","0.19901703157213937","19.411144935323755","-99.27925719043655","2026-01-03"
"MEX.15.60_1","Naucalpan de Juárez","GADM2","3.6","MX","Retail","0.23485488057083154","19.411144935323755","-99.27925719043655","2026-01-03"
"MEX.15.60_1","Naucalpan de Juárez","GADM2","3.6","MX","Grocery & Convenience Stores","0.32197097618503323","19.411144935323755","-99.27925719043655","2026-01-03"
"MEX.15.60_1","Naucalpan de Juárez","GADM2","3.6","MX","Home Services","0.2737614061342872","19.411144935323755","-99.27925719043655","2026-01-03"
"MEX.30.187_1","Tuxpan","GADM2","3.6","MX","Restaurants","0.42832256547295","20.89205100897235","-97.38272349434718","2026-01-03"
"MEX.30.187_1","Tuxpan","GADM2","3.6","MX","","0.524784832999976","20.89205100897235","-97.38272349434718","2026-01-03"
"MEX.30.187_1","Tuxpan","GADM2","3.6","MX","Home Services","0.3276449216695928","20.89205100897235","-97.38272349434718","2026-01-03"
"MEX.30.187_1","Tuxpan","GADM2","3.6","MX","Professional Services","0.2716962915675748","20.89205100897235","-97.38272349434718","2026-01-03"
"MEX.30.187_1","Tuxpan","GADM2","3.6","MX","Local Events","0.31041761980593147","20.89205100897235","-97.38272349434718","2026-01-03"
"MEX.30.187_1","Tuxpan","GADM2","3.6","MX","Grocery & Convenience Stores","0.44699899747959415","20.89205100897235","-97.38272349434718","2026-01-03"
"MEX.30.187_1","Tuxpan","GADM2","3.6","MX","Lifestyle Services","0.23008312541055642","20.89205100897235","-97.38272349434718","2026-01-03"
"MEX.30.187_1","Tuxpan","GADM2","3.6","MX","Retail","0.3277797589901225","20.89205100897235","-97.38272349434718","2026-01-03"
"MEX.30.187_1","Tuxpan","GADM2","3.6","MX","All","0.27436847513177104","20.89205100897235","-97.38272349434718","2026-01-03"
"MEX.30.187_1","Tuxpan","GADM2","3.6","MX","Public Good","0.2513542691895357","20.89205100897235","-97.38272349434718","2026-01-03"
"MEX.30.187_1","Tuxpan","GADM2","3.6","MX","Business & Utility Services","0.574770656994516","20.89205100897235","-97.38272349434718","2026-01-03"
"MEX.30.187_1","Tuxpan","GADM2","3.6","MX","Travel","0.24767119140178956","20.89205100897235","-97.38272349434718","2026-01-03"
"MEX.30.71_1","Huiloapan de Cuauhtémoc","GADM2","3.6","MX","All","0.3347501764124345","18.764097897934445","-97.07001602884027","2026-01-03"
"MEX.14.50_1","Jamay","GADM2","3.6","MX","All","0.6791748480770045","20.269250692162753","-102.66502163064355","2026-01-03"
"MEX.30.33_1","Cerro Azul","GADM2","3.6","MX","All","0.31934574961885404","21.14215250782978","-97.73931094052858","2026-01-03"
"MEX.15.28_1","Coatepec Harinas","GADM2","3.6","MX","All","0.47608487973286334","18.86045776323799","-99.78992637869486","2026-01-03"
"MEX.15.28_1","Coatepec Harinas","GADM2","3.6","MX","Lifestyle Services","0.21062650273788514","18.86045776323799","-99.78992637869486","2026-01-03"
"MEX.15.28_1","Coatepec Harinas","GADM2","3.6","MX","Restaurants","0.4973640647125232","18.86045776323799","-99.78992637869486","2026-01-03"
"MEX.15.28_1","Coatepec Harinas","GADM2","3.6","MX","Home Services","0.5449543881402217","18.86045776323799","-99.78992637869486","2026-01-03"
"MEX.15.28_1","Coatepec Harinas","GADM2","3.6","MX","Professional Services","0.3857712362502904","18.86045776323799","-99.78992637869486","2026-01-03"
"MEX.15.28_1","Coatepec Harinas","GADM2","3.6","MX","Retail","0.6972077719967096","18.86045776323799","-99.78992637869486","2026-01-03"
"MEX.12.2_1","Ahuacuotzingo","GADM2","3.6","MX","All","0.5684104219232722","17.726455553009057","-98.87809904797376","2026-01-03"
"MEX.12.2_1","Ahuacuotzingo","GADM2","3.6","MX","Retail","0.6573924090028569","17.726455553009057","-98.87809904797376","2026-01-03"
"MEX.11.46_1","Yuriria","GADM2","3.6","MX","Home Services","0.7871166701249719","20.167783428514294","-101.24268234936483","2026-01-03"
"MEX.11.46_1","Yuriria","GADM2","3.6","MX","Grocery & Convenience Stores","0.5820083554021833","20.167783428514294","-101.24268234936483","2026-01-03"
"MEX.11.46_1","Yuriria","GADM2","3.6","MX","Business & Utility Services","0.34968758103258485","20.167783428514294","-101.24268234936483","2026-01-03"
"MEX.11.46_1","Yuriria","GADM2","3.6","MX","Lifestyle Services","0.6187456062643923","20.167783428514294","-101.24268234936483","2026-01-03"
"MEX.11.46_1","Yuriria","GADM2","3.6","MX","Professional Services","0.20330887486980412","20.167783428514294","-101.24268234936483","2026-01-03"
"MEX.11.46_1","Yuriria","GADM2","3.6","MX","Retail","0.334050182540608","20.167783428514294","-101.24268234936483","2026-01-03"
"MEX.11.46_1","Yuriria","GADM2","3.6","MX","Public Good","0.24908954432435795","20.167783428514294","-101.24268234936483","2026-01-03"
"MEX.11.46_1","Yuriria","GADM2","3.6","MX","All","0.39464474634031027","20.167783428514294","-101.24268234936483","2026-01-03"
"MEX.11.46_1","Yuriria","GADM2","3.6","MX","Restaurants","0.674675103346994","20.167783428514294","-101.24268234936483","2026-01-03"
"MEX.21.69_1","Huaquechula","GADM2","3.6","MX","All","0.867803213567224","18.815968628397627","-98.4018948556131","2026-01-03"
"MEX.13.56_1","Santiago Tulantepec de Lugo Guerrero","GADM2","3.6","MX","Retail","0.43513882807485177","20.03158627900698","-98.34206338069728","2026-01-03"
"MEX.13.56_1","Santiago Tulantepec de Lugo Guerrero","GADM2","3.6","MX","Professional Services","0.21957081745909074","20.03158627900698","-98.34206338069728","2026-01-03"
"MEX.13.56_1","Santiago Tulantepec de Lugo Guerrero","GADM2","3.6","MX","Grocery & Convenience Stores","0.372745945719306","20.03158627900698","-98.34206338069728","2026-01-03"
"MEX.13.56_1","Santiago Tulantepec de Lugo Guerrero","GADM2","3.6","MX","Local Events","0.6649495374441019","20.03158627900698","-98.34206338069728","2026-01-03"
"MEX.13.56_1","Santiago Tulantepec de Lugo Guerrero","GADM2","3.6","MX","All","0.40329100950492885","20.03158627900698","-98.34206338069728","2026-01-03"
"MEX.13.56_1","Santiago Tulantepec de Lugo Guerrero","GADM2","3.6","MX","Public Good","0.27809411347753155","20.03158627900698","-98.34206338069728","2026-01-03"
"MEX.13.56_1","Santiago Tulantepec de Lugo Guerrero","GADM2","3.6","MX","Restaurants","0.4396993332317139","20.03158627900698","-98.34206338069728","2026-01-03"
"MEX.13.56_1","Santiago Tulantepec de Lugo Guerrero","GADM2","3.6","MX","Home Services","0.560381417065322","20.03158627900698","-98.34206338069728","2026-01-03"
"MEX.13.56_1","Santiago Tulantepec de Lugo Guerrero","GADM2","3.6","MX","Business & Utility Services","0.47235722523301643","20.03158627900698","-98.34206338069728","2026-01-03"
"MEX.13.56_1","Santiago Tulantepec de Lugo Guerrero","GADM2","3.6","MX","Lifestyle Services","0.41938247488625774","20.03158627900698","-98.34206338069728","2026-01-03"
"MEX.14.1_1","Acatic","GADM2","3.6","MX","All","0.4022578677925245","20.734789299838592","-102.95644589653023","2026-01-03"
"MEX.14.1_1","Acatic","GADM2","3.6","MX","Home Services","0.38017247443346897","20.734789299838592","-102.95644589653023","2026-01-03"
"MEX.14.1_1","Acatic","GADM2","3.6","MX","Restaurants","0.32349902965303917","20.734789299838592","-102.95644589653023","2026-01-03"
"MEX.14.1_1","Acatic","GADM2","3.6","MX","Retail","0.5069273477020115","20.734789299838592","-102.95644589653023","2026-01-03"
"MEX.16.36_1","Huandacareo","GADM2","3.6","MX","Grocery & Convenience Stores","0.5014004831969265","19.980872331123408","-101.31666031336466","2026-01-03"
"MEX.16.36_1","Huandacareo","GADM2","3.6","MX","Home Services","0.4699463889628642","19.980872331123408","-101.31666031336466","2026-01-03"
"MEX.16.36_1","Huandacareo","GADM2","3.6","MX","Restaurants","0.6877120970432073","19.980872331123408","-101.31666031336466","2026-01-03"
"MEX.16.36_1","Huandacareo","GADM2","3.6","MX","All","0.46522380885176295","19.980872331123408","-101.31666031336466","2026-01-03"
"MEX.16.36_1","Huandacareo","GADM2","3.6","MX","Professional Services","0.5271674082363719","19.980872331123408","-101.31666031336466","2026-01-03"
"MEX.16.36_1","Huandacareo","GADM2","3.6","MX","Retail","0.35648836342549445","19.980872331123408","-101.31666031336466","2026-01-03"
"MEX.24.35_1","Santo Domingo","GADM2","3.6","MX","All","0.2385799111886649","23.358109738626137","-101.6729547380735","2026-01-03"
"MEX.24.35_1","Santo Domingo","GADM2","3.6","MX","Retail","0.40795103224984836","23.358109738626137","-101.6729547380735","2026-01-03"
"MEX.24.35_1","Santo Domingo","GADM2","3.6","MX","Professional Services","0.09031179321680884","23.358109738626137","-101.6729547380735","2026-01-03"
"MEX.16.55_1","Maravatío","GADM2","3.6","MX","Travel","0.746846487809853","19.883805904223852","-100.41695360678771","2026-01-03"
"MEX.16.55_1","Maravatío","GADM2","3.6","MX","Professional Services","0.3656033501567903","19.883805904223852","-100.41695360678771","2026-01-03"
"MEX.16.55_1","Maravatío","GADM2","3.6","MX","Public Good","0.29483640092522434","19.883805904223852","-100.41695360678771","2026-01-03"
"MEX.16.55_1","Maravatío","GADM2","3.6","MX","All","0.4395884208438486","19.883805904223852","-100.41695360678771","2026-01-03"
"MEX.16.55_1","Maravatío","GADM2","3.6","MX","Retail","0.4928842568003883","19.883805904223852","-100.41695360678771","2026-01-03"
"MEX.16.55_1","Maravatío","GADM2","3.6","MX","Business & Utility Services","0.4768766604109412","19.883805904223852","-100.41695360678771","2026-01-03"
"MEX.16.55_1","Maravatío","GADM2","3.6","MX","Restaurants","0.5208518008257265","19.883805904223852","-100.41695360678771","2026-01-03"
"MEX.16.55_1","Maravatío","GADM2","3.6","MX","Lifestyle Services","0.40637776989628566","19.883805904223852","-100.41695360678771","2026-01-03"
"MEX.16.55_1","Maravatío","GADM2","3.6","MX","Local Events","0.3682466946482327","19.883805904223852","-100.41695360678771","2026-01-03"
"MEX.16.55_1","Maravatío","GADM2","3.6","MX","Grocery & Convenience Stores","0.8171424287965159","19.883805904223852","-100.41695360678771","2026-01-03"
"MEX.16.55_1","Maravatío","GADM2","3.6","MX","Home Services","0.389040062908128","19.883805904223852","-100.41695360678771","2026-01-03"
"MEX.15.42_1","Ixtapan de la Sal","GADM2","3.6","MX","Retail","0.5154872061614674","18.787201143476242","-99.6571459576331","2026-01-03"
"MEX.15.42_1","Ixtapan de la Sal","GADM2","3.6","MX","Lifestyle Services","0.44210171977753054","18.787201143476242","-99.6571459576331","2026-01-03"
"MEX.15.42_1","Ixtapan de la Sal","GADM2","3.6","MX","Travel","0.5541683176346485","18.787201143476242","-99.6571459576331","2026-01-03"
"MEX.15.42_1","Ixtapan de la Sal","GADM2","3.6","MX","Local Events","0.25610027034592253","18.787201143476242","-99.6571459576331","2026-01-03"
"MEX.15.42_1","Ixtapan de la Sal","GADM2","3.6","MX","Professional Services","0.23641280936821443","18.787201143476242","-99.6571459576331","2026-01-03"
"MEX.15.42_1","Ixtapan de la Sal","GADM2","3.6","MX","Grocery & Convenience Stores","0.5259725645057546","18.787201143476242","-99.6571459576331","2026-01-03"
"MEX.15.42_1","Ixtapan de la Sal","GADM2","3.6","MX","Home Services","0.32907572743067137","18.787201143476242","-99.6571459576331","2026-01-03"
"MEX.15.42_1","Ixtapan de la Sal","GADM2","3.6","MX","Business & Utility Services","0.3621795912076435","18.787201143476242","-99.6571459576331","2026-01-03"
"MEX.15.42_1","Ixtapan de la Sal","GADM2","3.6","MX","All","0.24948166464407254","18.787201143476242","-99.6571459576331","2026-01-03"
"MEX.15.42_1","Ixtapan de la Sal","GADM2","3.6","MX","Public Good","0.35905956480499623","18.787201143476242","-99.6571459576331","2026-01-03"
"MEX.15.42_1","Ixtapan de la Sal","GADM2","3.6","MX","Restaurants","0.41066256676509155","18.787201143476242","-99.6571459576331","2026-01-03"
"MEX.15.46_1","Jaltenco","GADM2","3.6","MX","Business & Utility Services","0.43699300948617675","19.649556610567814","-99.02802994046455","2026-01-03"
"MEX.15.46_1","Jaltenco","GADM2","3.6","MX","Home Services","0.5598285600169273","19.649556610567814","-99.02802994046455","2026-01-03"
"MEX.15.46_1","Jaltenco","GADM2","3.6","MX","Lifestyle Services","0.2746640966023736","19.649556610567814","-99.02802994046455","2026-01-03"
"MEX.15.46_1","Jaltenco","GADM2","3.6","MX","Manufacturing","0.48466171397391183","19.649556610567814","-99.02802994046455","2026-01-03"
"MEX.15.46_1","Jaltenco","GADM2","3.6","MX","Local Events","0.3184707706120352","19.649556610567814","-99.02802994046455","2026-01-03"
"MEX.15.46_1","Jaltenco","GADM2","3.6","MX","Public Good","0.32018294285746357","19.649556610567814","-99.02802994046455","2026-01-03"
"MEX.15.46_1","Jaltenco","GADM2","3.6","MX","Retail","0.4265128656208691","19.649556610567814","-99.02802994046455","2026-01-03"
"MEX.15.46_1","Jaltenco","GADM2","3.6","MX","Grocery & Convenience Stores","0.29283984931757107","19.649556610567814","-99.02802994046455","2026-01-03"
"MEX.15.46_1","Jaltenco","GADM2","3.6","MX","Restaurants","0.3178171425851661","19.649556610567814","-99.02802994046455","2026-01-03"
"MEX.15.46_1","Jaltenco","GADM2","3.6","MX","All","0.2511889077837201","19.649556610567814","-99.02802994046455","2026-01-03"
"MEX.15.46_1","Jaltenco","GADM2","3.6","MX","Professional Services","0.2790401171825993","19.649556610567814","-99.02802994046455","2026-01-03"
"MEX.17.15_1","Miacatlán","GADM2","3.6","MX","Home Services","0.3816942600827358","18.76074031108104","-99.29110137120345","2026-01-03"
"MEX.17.15_1","Miacatlán","GADM2","3.6","MX","Retail","0.37416797653636896","18.76074031108104","-99.29110137120345","2026-01-03"
"MEX.17.15_1","Miacatlán","GADM2","3.6","MX","","0.23292114752872115","18.76074031108104","-99.29110137120345","2026-01-03"
"MEX.17.15_1","Miacatlán","GADM2","3.6","MX","Lifestyle Services","0.3188969638327862","18.76074031108104","-99.29110137120345","2026-01-03"
"MEX.17.15_1","Miacatlán","GADM2","3.6","MX","Business & Utility Services","0.4424785858381956","18.76074031108104","-99.29110137120345","2026-01-03"
"MEX.17.15_1","Miacatlán","GADM2","3.6","MX","Grocery & Convenience Stores","0.5983071752350194","18.76074031108104","-99.29110137120345","2026-01-03"
"MEX.17.15_1","Miacatlán","GADM2","3.6","MX","Public Good","0.3481926100861127","18.76074031108104","-99.29110137120345","2026-01-03"
"MEX.17.15_1","Miacatlán","GADM2","3.6","MX","Professional Services","0.1822302356557833","18.76074031108104","-99.29110137120345","2026-01-03"
"MEX.17.15_1","Miacatlán","GADM2","3.6","MX","Travel","0.4884535049241528","18.76074031108104","-99.29110137120345","2026-01-03"
"MEX.17.15_1","Miacatlán","GADM2","3.6","MX","Restaurants","0.6425020880447015","18.76074031108104","-99.29110137120345","2026-01-03"
"MEX.17.15_1","Miacatlán","GADM2","3.6","MX","All","0.27737024961815626","18.76074031108104","-99.29110137120345","2026-01-03"
"MEX.17.15_1","Miacatlán","GADM2","3.6","MX","Local Events","0.29216877692130233","18.76074031108104","-99.29110137120345","2026-01-03"
"MEX.15.111_1","Valle de Bravo","GADM2","3.6","MX","Business & Utility Services","0.46856783511209027","19.081198189455993","-100.12106639378116","2026-01-03"
"MEX.15.111_1","Valle de Bravo","GADM2","3.6","MX","Restaurants","0.3448089165071831","19.081198189455993","-100.12106639378116","2026-01-03"
"MEX.15.111_1","Valle de Bravo","GADM2","3.6","MX","Retail","0.3767868353466608","19.081198189455993","-100.12106639378116","2026-01-03"
"MEX.15.111_1","Valle de Bravo","GADM2","3.6","MX","All","0.268326733623122","19.081198189455993","-100.12106639378116","2026-01-03"
"MEX.15.111_1","Valle de Bravo","GADM2","3.6","MX","Lifestyle Services","0.5267630791519811","19.081198189455993","-100.12106639378116","2026-01-03"
"MEX.15.111_1","Valle de Bravo","GADM2","3.6","MX","Public Good","0.5080878044545009","19.081198189455993","-100.12106639378116","2026-01-03"
"MEX.15.111_1","Valle de Bravo","GADM2","3.6","MX","Local Events","0.4265931949037555","19.081198189455993","-100.12106639378116","2026-01-03"
"MEX.15.111_1","Valle de Bravo","GADM2","3.6","MX","Grocery & Convenience Stores","0.37951261069012643","19.081198189455993","-100.12106639378116","2026-01-03"
"MEX.15.111_1","Valle de Bravo","GADM2","3.6","MX","Professional Services","0.21391040590997532","19.081198189455993","-100.12106639378116","2026-01-03"
"MEX.15.111_1","Valle de Bravo","GADM2","3.6","MX","Travel","0.316334200536878","19.081198189455993","-100.12106639378116","2026-01-03"
"MEX.15.111_1","Valle de Bravo","GADM2","3.6","MX","Home Services","0.21370293304509064","19.081198189455993","-100.12106639378116","2026-01-03"
"MEX.15.17_1","Ayapango","GADM2","3.6","MX","All","0.5401859117288529","19.126683043050228","-98.73259175173888","2026-01-03"
"MEX.21.20_1","Atoyatempan","GADM2","3.6","MX","Retail","0.4981210406993738","18.889508352864862","-97.78090247877915","2026-01-03"
"MEX.21.20_1","Atoyatempan","GADM2","3.6","MX","Public Good","0.7582380917338641","18.889508352864862","-97.78090247877915","2026-01-03"
"MEX.21.20_1","Atoyatempan","GADM2","3.6","MX","Restaurants","0.4001939686897269","18.889508352864862","-97.78090247877915","2026-01-03"
"MEX.21.20_1","Atoyatempan","GADM2","3.6","MX","All","0.49508480562591384","18.889508352864862","-97.78090247877915","2026-01-03"
"MEX.21.20_1","Atoyatempan","GADM2","3.6","MX","Local Events","0.42743173686995256","18.889508352864862","-97.78090247877915","2026-01-03"
"MEX.21.20_1","Atoyatempan","GADM2","3.6","MX","Grocery & Convenience Stores","0.6738268521135787","18.889508352864862","-97.78090247877915","2026-01-03"
"MEX.21.20_1","Atoyatempan","GADM2","3.6","MX","Travel","0.5780823661904415","18.889508352864862","-97.78090247877915","2026-01-03"
"MEX.21.20_1","Atoyatempan","GADM2","3.6","MX","Lifestyle Services","0.4815622540605054","18.889508352864862","-97.78090247877915","2026-01-03"
"MEX.21.20_1","Atoyatempan","GADM2","3.6","MX","Business & Utility Services","0.6560340387786935","18.889508352864862","-97.78090247877915","2026-01-03"
"MEX.21.20_1","Atoyatempan","GADM2","3.6","MX","Home Services","0.4702922111219334","18.889508352864862","-97.78090247877915","2026-01-03"
"MEX.21.20_1","Atoyatempan","GADM2","3.6","MX","Professional Services","0.5223037165647707","18.889508352864862","-97.78090247877915","2026-01-03"
"MEX.16.103_1","Venustiano Carranza","GADM2","3.6","MX","All","0.47883514777119596","20.1190975922323","-102.686340563622","2026-01-03"
"MEX.16.103_1","Venustiano Carranza","GADM2","3.6","MX","Lifestyle Services","0.5431243813211386","20.1190975922323","-102.686340563622","2026-01-03"
"MEX.16.103_1","Venustiano Carranza","GADM2","3.6","MX","Home Services","0.507290384514298","20.1190975922323","-102.686340563622","2026-01-03"
"MEX.16.103_1","Venustiano Carranza","GADM2","3.6","MX","Retail","0.4037613246914808","20.1190975922323","-102.686340563622","2026-01-03"
"MEX.16.103_1","Venustiano Carranza","GADM2","3.6","MX","Public Good","0.5987701414341468","20.1190975922323","-102.686340563622","2026-01-03"
"MEX.16.103_1","Venustiano Carranza","GADM2","3.6","MX","Grocery & Convenience Stores","0.5169475683878175","20.1190975922323","-102.686340563622","2026-01-03"
"MEX.16.103_1","Venustiano Carranza","GADM2","3.6","MX","Professional Services","0.41015634999233114","20.1190975922323","-102.686340563622","2026-01-03"
"MEX.16.103_1","Venustiano Carranza","GADM2","3.6","MX","Restaurants","0.5890789294100462","20.1190975922323","-102.686340563622","2026-01-03"
"MEX.16.103_1","Venustiano Carranza","GADM2","3.6","MX","Local Events","0.35362741851576407","20.1190975922323","-102.686340563622","2026-01-03"
"MEX.16.103_1","Venustiano Carranza","GADM2","3.6","MX","Travel","0.6579929278385925","20.1190975922323","-102.686340563622","2026-01-03"
"MEX.16.103_1","Venustiano Carranza","GADM2","3.6","MX","Business & Utility Services","0.4491177130262457","20.1190975922323","-102.686340563622","2026-01-03"
"MEX.9.6_1","Cuauhtémoc","GADM2","3.6","MX","Travel","0.41981985360290747","19.399413304344794","-99.107377628891","2026-01-03"
"MEX.9.6_1","Cuauhtémoc","GADM2","3.6","MX","Professional Services","0.29335461110012384","19.399413304344794","-99.107377628891","2026-01-03"
"MEX.9.6_1","Cuauhtémoc","GADM2","3.6","MX","Restaurants","0.25676199843820885","19.399413304344794","-99.107377628891","2026-01-03"
"MEX.9.6_1","Cuauhtémoc","GADM2","3.6","MX","Grocery & Convenience Stores","0.29706016475825386","19.399413304344794","-99.107377628891","2026-01-03"
"MEX.9.6_1","Cuauhtémoc","GADM2","3.6","MX","Manufacturing","0.38907793978808947","19.399413304344794","-99.107377628891","2026-01-03"
"MEX.9.6_1","Cuauhtémoc","GADM2","3.6","MX","Public Good","0.23933015631115237","19.399413304344794","-99.107377628891","2026-01-03"
"MEX.9.6_1","Cuauhtémoc","GADM2","3.6","MX","All","0.2771755173392313","19.399413304344794","-99.107377628891","2026-01-03"
"MEX.9.6_1","Cuauhtémoc","GADM2","3.6","MX","Retail","0.2744578108822896","19.399413304344794","-99.107377628891","2026-01-03"
"MEX.9.6_1","Cuauhtémoc","GADM2","3.6","MX","","0.43804626545300807","19.399413304344794","-99.107377628891","2026-01-03"
"MEX.9.6_1","Cuauhtémoc","GADM2","3.6","MX","Home Services","0.24391425074425482","19.399413304344794","-99.107377628891","2026-01-03"
"MEX.9.6_1","Cuauhtémoc","GADM2","3.6","MX","Business & Utility Services","0.3642371651826439","19.399413304344794","-99.107377628891","2026-01-03"
"MEX.9.6_1","Cuauhtémoc","GADM2","3.6","MX","Local Events","0.2077734585793989","19.399413304344794","-99.107377628891","2026-01-03"
"MEX.9.6_1","Cuauhtémoc","GADM2","3.6","MX","Lifestyle Services","0.2215268407425033","19.399413304344794","-99.107377628891","2026-01-03"
"MEX.13.42_1","Molango de Escamilla","GADM2","3.6","MX","All","0.6684086462475074","20.880462584495184","-98.75393942471892","2026-01-03"
"MEX.15.41_1","Ixtapaluca","GADM2","3.6","MX","Lifestyle Services","0.17932718460886468","19.317242358345545","-98.74369217169753","2026-01-03"
"MEX.15.41_1","Ixtapaluca","GADM2","3.6","MX","Retail","0.30962938129394446","19.317242358345545","-98.74369217169753","2026-01-03"
"MEX.15.41_1","Ixtapaluca","GADM2","3.6","MX","Public Good","0.23297520673710267","19.317242358345545","-98.74369217169753","2026-01-03"
"MEX.15.41_1","Ixtapaluca","GADM2","3.6","MX","","0.6119647238223392","19.317242358345545","-98.74369217169753","2026-01-03"
"MEX.15.41_1","Ixtapaluca","GADM2","3.6","MX","Home Services","0.25795433699535575","19.317242358345545","-98.74369217169753","2026-01-03"
"MEX.15.41_1","Ixtapaluca","GADM2","3.6","MX","Restaurants","0.37234183157847706","19.317242358345545","-98.74369217169753","2026-01-03"
"MEX.15.41_1","Ixtapaluca","GADM2","3.6","MX","All","0.28098461029441874","19.317242358345545","-98.74369217169753","2026-01-03"
"MEX.15.41_1","Ixtapaluca","GADM2","3.6","MX","Business & Utility Services","0.22555285757809887","19.317242358345545","-98.74369217169753","2026-01-03"
"MEX.15.41_1","Ixtapaluca","GADM2","3.6","MX","Travel","0.48421122576052017","19.317242358345545","-98.74369217169753","2026-01-03"
"MEX.15.41_1","Ixtapaluca","GADM2","3.6","MX","Grocery & Convenience Stores","0.44786521623717795","19.317242358345545","-98.74369217169753","2026-01-03"
"MEX.15.41_1","Ixtapaluca","GADM2","3.6","MX","Professional Services","0.2974877328986659","19.317242358345545","-98.74369217169753","2026-01-03"
"MEX.15.41_1","Ixtapaluca","GADM2","3.6","MX","Local Events","0.3630081446186112","19.317242358345545","-98.74369217169753","2026-01-03"
"MEX.17.28_1","Totolapan","GADM2","3.6","MX","All","0.39169396153268643","19.002223066338253","-98.85944718377874","2026-01-03"
"MEX.17.28_1","Totolapan","GADM2","3.6","MX","Restaurants","0.5321039670544007","19.002223066338253","-98.85944718377874","2026-01-03"
"MEX.11.12_1","Doctor Mora","GADM2","3.6","MX","Public Good","0.3084495344529272","21.13948296226462","-100.42665831253227","2026-01-03"
"MEX.11.12_1","Doctor Mora","GADM2","3.6","MX","Home Services","0.3658170457491721","21.13948296226462","-100.42665831253227","2026-01-03"
"MEX.11.12_1","Doctor Mora","GADM2","3.6","MX","Retail","0.36547011971213106","21.13948296226462","-100.42665831253227","2026-01-03"
"MEX.11.12_1","Doctor Mora","GADM2","3.6","MX","Lifestyle Services","0.45623156869612763","21.13948296226462","-100.42665831253227","2026-01-03"
"MEX.11.12_1","Doctor Mora","GADM2","3.6","MX","Restaurants","0.6270632054115322","21.13948296226462","-100.42665831253227","2026-01-03"
"MEX.11.12_1","Doctor Mora","GADM2","3.6","MX","Business & Utility Services","0.47625348459782313","21.13948296226462","-100.42665831253227","2026-01-03"
"MEX.11.12_1","Doctor Mora","GADM2","3.6","MX","All","0.3629205032779809","21.13948296226462","-100.42665831253227","2026-01-03"
"MEX.11.12_1","Doctor Mora","GADM2","3.6","MX","Professional Services","0.31323822465633977","21.13948296226462","-100.42665831253227","2026-01-03"
"MEX.12.27_1","Cuetzala del Progreso","GADM2","3.6","MX","Restaurants","0.8320991968414847","18.08814727575807","-99.71347020316563","2026-01-03"
"MEX.12.27_1","Cuetzala del Progreso","GADM2","3.6","MX","All","0.6985839824114081","18.08814727575807","-99.71347020316563","2026-01-03"
"MEX.30.76_1","Ixhuacán de los Reyes","GADM2","3.6","MX","Restaurants","0.50559568743044","19.390388326837616","-97.00845493260157","2026-01-03"
"MEX.30.76_1","Ixhuacán de los Reyes","GADM2","3.6","MX","Home Services","0.46420235905666507","19.390388326837616","-97.00845493260157","2026-01-03"
"MEX.30.76_1","Ixhuacán de los Reyes","GADM2","3.6","MX","Travel","0.49218471702182154","19.390388326837616","-97.00845493260157","2026-01-03"
"MEX.30.76_1","Ixhuacán de los Reyes","GADM2","3.6","MX","Business & Utility Services","0.5358648103785816","19.390388326837616","-97.00845493260157","2026-01-03"
"MEX.30.76_1","Ixhuacán de los Reyes","GADM2","3.6","MX","Professional Services","0.3081971185332275","19.390388326837616","-97.00845493260157","2026-01-03"
"MEX.30.76_1","Ixhuacán de los Reyes","GADM2","3.6","MX","Lifestyle Services","0.4022290021003581","19.390388326837616","-97.00845493260157","2026-01-03"
"MEX.30.76_1","Ixhuacán de los Reyes","GADM2","3.6","MX","All","0.40955085277925235","19.390388326837616","-97.00845493260157","2026-01-03"
"MEX.30.76_1","Ixhuacán de los Reyes","GADM2","3.6","MX","Public Good","0.5581289075902057","19.390388326837616","-97.00845493260157","2026-01-03"
"MEX.30.76_1","Ixhuacán de los Reyes","GADM2","3.6","MX","Grocery & Convenience Stores","0.5734365481213406","19.390388326837616","-97.00845493260157","2026-01-03"
"MEX.30.76_1","Ixhuacán de los Reyes","GADM2","3.6","MX","Retail","0.6402709134606619","19.390388326837616","-97.00845493260157","2026-01-03"
"MEX.30.76_1","Ixhuacán de los Reyes","GADM2","3.6","MX","Local Events","0.6497028579524782","19.390388326837616","-97.00845493260157","2026-01-03"
"MEX.12.49_1","Pedro Ascencio Alquisiras","GADM2","3.6","MX","Restaurants","0.5346371989133258","18.48754153822253","-99.81193037753566","2026-01-03"
"MEX.12.49_1","Pedro Ascencio Alquisiras","GADM2","3.6","MX","Professional Services","0.5558979159902445","18.48754153822253","-99.81193037753566","2026-01-03"
"MEX.12.49_1","Pedro Ascencio Alquisiras","GADM2","3.6","MX","Retail","0.27440884819051425","18.48754153822253","-99.81193037753566","2026-01-03"
"MEX.12.49_1","Pedro Ascencio Alquisiras","GADM2","3.6","MX","All","0.4210294203736485","18.48754153822253","-99.81193037753566","2026-01-03"
"MEX.24.37_1","Tamasopo","GADM2","3.6","MX","Professional Services","0.31717717784770366","21.914163611602962","-99.3468005219622","2026-01-03"
"MEX.24.37_1","Tamasopo","GADM2","3.6","MX","Home Services","0.20205834792280328","21.914163611602962","-99.3468005219622","2026-01-03"
"MEX.24.37_1","Tamasopo","GADM2","3.6","MX","Lifestyle Services","0.4512678029335065","21.914163611602962","-99.3468005219622","2026-01-03"
"MEX.24.37_1","Tamasopo","GADM2","3.6","MX","Business & Utility Services","0.47387529631076003","21.914163611602962","-99.3468005219622","2026-01-03"
"MEX.24.37_1","Tamasopo","GADM2","3.6","MX","Retail","0.41848201424985876","21.914163611602962","-99.3468005219622","2026-01-03"
"MEX.17.17_1","Puente de Ixtla","GADM2","3.6","MX","Grocery & Convenience Stores","0.6036805365175409","18.579835560907622","-99.21705282003377","2026-01-03"
"MEX.17.17_1","Puente de Ixtla","GADM2","3.6","MX","All","0.277937859631065","18.579835560907622","-99.21705282003377","2026-01-03"
"MEX.17.17_1","Puente de Ixtla","GADM2","3.6","MX","Public Good","0.514623693014687","18.579835560907622","-99.21705282003377","2026-01-03"
"MEX.21.176_1","Tlacuilotepec","GADM2","3.6","MX","All","0.5274239175350954","20.41384845603961","-97.94811313483898","2026-01-03"
"MEX.29.27_1","Tenancingo","GADM2","3.6","MX","All","0.5237980105762522","19.16636330409592","-98.10244656585797","2026-01-03"
"MEX.29.27_1","Tenancingo","GADM2","3.6","MX","Retail","0.37940969030591504","19.16636330409592","-98.10244656585797","2026-01-03"
"MEX.9.3_1","Benito Juárez","GADM2","3.6","MX","Home Services","0.35662977786303135","19.340193518037843","-99.12430870843676","2026-01-03"
"MEX.9.3_1","Benito Juárez","GADM2","3.6","MX","Public Good","0.2087146667710973","19.340193518037843","-99.12430870843676","2026-01-03"
"MEX.9.3_1","Benito Juárez","GADM2","3.6","MX","Retail","0.2735940916766242","19.340193518037843","-99.12430870843676","2026-01-03"
"MEX.9.3_1","Benito Juárez","GADM2","3.6","MX","Business & Utility Services","0.3155636538339165","19.340193518037843","-99.12430870843676","2026-01-03"
"MEX.9.3_1","Benito Juárez","GADM2","3.6","MX","All","0.25727859195826774","19.340193518037843","-99.12430870843676","2026-01-03"
"MEX.9.3_1","Benito Juárez","GADM2","3.6","MX","Travel","0.32174213339685626","19.340193518037843","-99.12430870843676","2026-01-03"
"MEX.9.3_1","Benito Juárez","GADM2","3.6","MX","Local Events","0.16343362974638806","19.340193518037843","-99.12430870843676","2026-01-03"
"MEX.9.3_1","Benito Juárez","GADM2","3.6","MX","Lifestyle Services","0.26715373593869496","19.340193518037843","-99.12430870843676","2026-01-03"
"MEX.9.3_1","Benito Juárez","GADM2","3.6","MX","","0.19017216945464374","19.340193518037843","-99.12430870843676","2026-01-03"
"MEX.9.3_1","Benito Juárez","GADM2","3.6","MX","Restaurants","0.2589215514147049","19.340193518037843","-99.12430870843676","2026-01-03"
"MEX.9.3_1","Benito Juárez","GADM2","3.6","MX","Professional Services","0.25618498926989386","19.340193518037843","-99.12430870843676","2026-01-03"
"MEX.9.3_1","Benito Juárez","GADM2","3.6","MX","Grocery & Convenience Stores","0.4809928664386281","19.340193518037843","-99.12430870843676","2026-01-03"
"MEX.9.3_1","Benito Juárez","GADM2","3.6","MX","Manufacturing","0.24470517649664764","19.340193518037843","-99.12430870843676","2026-01-03"
"MEX.30.12_1","Amatitlán de los Reyes","GADM2","3.6","MX","Professional Services","0.3088766370275121","18.855768867342302","-96.80131379837107","2026-01-03"
"MEX.30.12_1","Amatitlán de los Reyes","GADM2","3.6","MX","Home Services","0.5966136089458745","18.855768867342302","-96.80131379837107","2026-01-03"
"MEX.30.12_1","Amatitlán de los Reyes","GADM2","3.6","MX","Grocery & Convenience Stores","0.505131961676848","18.855768867342302","-96.80131379837107","2026-01-03"
"MEX.30.12_1","Amatitlán de los Reyes","GADM2","3.6","MX","Public Good","0.37130152961239643","18.855768867342302","-96.80131379837107","2026-01-03"
"MEX.30.12_1","Amatitlán de los Reyes","GADM2","3.6","MX","Restaurants","0.5854673910625","18.855768867342302","-96.80131379837107","2026-01-03"
"MEX.30.12_1","Amatitlán de los Reyes","GADM2","3.6","MX","Retail","0.51379451210946","18.855768867342302","-96.80131379837107","2026-01-03"
"MEX.30.12_1","Amatitlán de los Reyes","GADM2","3.6","MX","All","0.537444005105174","18.855768867342302","-96.80131379837107","2026-01-03"
"MEX.24.44_1","Tanquián de Escobedo","GADM2","3.6","MX","Retail","0.6144534159788844","21.63360967239877","-98.6738504950924","2026-01-03"
"MEX.24.44_1","Tanquián de Escobedo","GADM2","3.6","MX","Home Services","0.3893116146950496","21.63360967239877","-98.6738504950924","2026-01-03"
"MEX.24.44_1","Tanquián de Escobedo","GADM2","3.6","MX","All","0.5341362314766916","21.63360967239877","-98.6738504950924","2026-01-03"
"MEX.24.44_1","Tanquián de Escobedo","GADM2","3.6","MX","Restaurants","0.4855304633146806","21.63360967239877","-98.6738504950924","2026-01-03"
"MEX.24.53_1","Villa de Reyes","GADM2","3.6","MX","Grocery & Convenience Stores","0.48960419842661995","21.86252367758046","-101.02119790748593","2026-01-03"
"MEX.24.53_1","Villa de Reyes","GADM2","3.6","MX","Retail","0.31932354567784227","21.86252367758046","-101.02119790748593","2026-01-03"
"MEX.24.53_1","Villa de Reyes","GADM2","3.6","MX","Restaurants","0.4568993095992174","21.86252367758046","-101.02119790748593","2026-01-03"
"MEX.24.53_1","Villa de Reyes","GADM2","3.6","MX","Professional Services","0.36227303685461454","21.86252367758046","-101.02119790748593","2026-01-03"
"MEX.24.53_1","Villa de Reyes","GADM2","3.6","MX","All","0.24784802823369426","21.86252367758046","-101.02119790748593","2026-01-03"
"MEX.24.53_1","Villa de Reyes","GADM2","3.6","MX","Home Services","0.2975791592853456","21.86252367758046","-101.02119790748593","2026-01-03"
"MEX.24.53_1","Villa de Reyes","GADM2","3.6","MX","Lifestyle Services","0.39495643336504793","21.86252367758046","-101.02119790748593","2026-01-03"
"MEX.24.53_1","Villa de Reyes","GADM2","3.6","MX","Travel","0.45957014365710613","21.86252367758046","-101.02119790748593","2026-01-03"
"MEX.24.53_1","Villa de Reyes","GADM2","3.6","MX","Local Events","0.4084452825177425","21.86252367758046","-101.02119790748593","2026-01-03"
"MEX.15.96_1","Tepotzotlán","GADM2","3.6","MX","Restaurants","0.2585324613595182","19.660955146366177","-99.26870484145972","2026-01-03"
"MEX.15.96_1","Tepotzotlán","GADM2","3.6","MX","Home Services","0.27490772648361067","19.660955146366177","-99.26870484145972","2026-01-03"
"MEX.15.96_1","Tepotzotlán","GADM2","3.6","MX","Public Good","0.3013318687546488","19.660955146366177","-99.26870484145972","2026-01-03"
"MEX.15.96_1","Tepotzotlán","GADM2","3.6","MX","","0.2295217408880208","19.660955146366177","-99.26870484145972","2026-01-03"
"MEX.15.96_1","Tepotzotlán","GADM2","3.6","MX","Retail","0.2956960869957085","19.660955146366177","-99.26870484145972","2026-01-03"
"MEX.15.96_1","Tepotzotlán","GADM2","3.6","MX","Professional Services","0.2775355623365282","19.660955146366177","-99.26870484145972","2026-01-03"
"MEX.15.96_1","Tepotzotlán","GADM2","3.6","MX","Business & Utility Services","0.3029132747722847","19.660955146366177","-99.26870484145972","2026-01-03"
"MEX.15.96_1","Tepotzotlán","GADM2","3.6","MX","Local Events","0.26810264437234776","19.660955146366177","-99.26870484145972","2026-01-03"
"MEX.15.96_1","Tepotzotlán","GADM2","3.6","MX","All","0.2546103143336723","19.660955146366177","-99.26870484145972","2026-01-03"
"MEX.15.96_1","Tepotzotlán","GADM2","3.6","MX","Travel","0.39771987994803587","19.660955146366177","-99.26870484145972","2026-01-03"
"MEX.15.96_1","Tepotzotlán","GADM2","3.6","MX","Lifestyle Services","0.2457586104826303","19.660955146366177","-99.26870484145972","2026-01-03"
"MEX.15.96_1","Tepotzotlán","GADM2","3.6","MX","Manufacturing","0.5027289359868959","19.660955146366177","-99.26870484145972","2026-01-03"
"MEX.15.96_1","Tepotzotlán","GADM2","3.6","MX","Grocery & Convenience Stores","0.366118080556363","19.660955146366177","-99.26870484145972","2026-01-03"
"MEX.16.9_1","Ario","GADM2","3.6","MX","Professional Services","0.49006055598271675","19.131776890423904","-101.69214915024985","2026-01-03"
"MEX.16.9_1","Ario","GADM2","3.6","MX","Lifestyle Services","0.31212948401656443","19.131776890423904","-101.69214915024985","2026-01-03"
"MEX.16.9_1","Ario","GADM2","3.6","MX","Home Services","0.3315836738381982","19.131776890423904","-101.69214915024985","2026-01-03"
"MEX.16.9_1","Ario","GADM2","3.6","MX","Restaurants","0.3839627004680022","19.131776890423904","-101.69214915024985","2026-01-03"
"MEX.16.9_1","Ario","GADM2","3.6","MX","Grocery & Convenience Stores","0.6639241417521269","19.131776890423904","-101.69214915024985","2026-01-03"
"MEX.16.9_1","Ario","GADM2","3.6","MX","Business & Utility Services","0.35802495456018246","19.131776890423904","-101.69214915024985","2026-01-03"
"MEX.16.9_1","Ario","GADM2","3.6","MX","All","0.2895408896774748","19.131776890423904","-101.69214915024985","2026-01-03"
"MEX.16.9_1","Ario","GADM2","3.6","MX","Retail","0.2784626504699383","19.131776890423904","-101.69214915024985","2026-01-03"
"MEX.29.14_1","Huamantla","GADM2","3.6","MX","Public Good","0.3444743619090875","19.363998169841526","-97.85971034486896","2026-01-03"
"MEX.29.14_1","Huamantla","GADM2","3.6","MX","Travel","0.5869163736833908","19.363998169841526","-97.85971034486896","2026-01-03"
"MEX.29.14_1","Huamantla","GADM2","3.6","MX","All","0.3906600655557625","19.363998169841526","-97.85971034486896","2026-01-03"
"MEX.29.14_1","Huamantla","GADM2","3.6","MX","Professional Services","0.27618140393439106","19.363998169841526","-97.85971034486896","2026-01-03"
"MEX.29.14_1","Huamantla","GADM2","3.6","MX","Business & Utility Services","0.29520089231277374","19.363998169841526","-97.85971034486896","2026-01-03"
"MEX.29.14_1","Huamantla","GADM2","3.6","MX","Home Services","0.5311788373759432","19.363998169841526","-97.85971034486896","2026-01-03"
"MEX.29.14_1","Huamantla","GADM2","3.6","MX","Restaurants","0.3360830201934447","19.363998169841526","-97.85971034486896","2026-01-03"
"MEX.29.14_1","Huamantla","GADM2","3.6","MX","Local Events","0.2737799928885963","19.363998169841526","-97.85971034486896","2026-01-03"
"MEX.29.14_1","Huamantla","GADM2","3.6","MX","Grocery & Convenience Stores","0.6812266452194556","19.363998169841526","-97.85971034486896","2026-01-03"
"MEX.29.14_1","Huamantla","GADM2","3.6","MX","Lifestyle Services","0.3715153460846278","19.363998169841526","-97.85971034486896","2026-01-03"
"MEX.29.14_1","Huamantla","GADM2","3.6","MX","Retail","0.5389570156417693","19.363998169841526","-97.85971034486896","2026-01-03"
"MEX.21.186_1","Tochtepec","GADM2","3.6","MX","Professional Services","0.5629364056471967","18.852907707753857","-97.69989724408217","2026-01-03"
"MEX.21.186_1","Tochtepec","GADM2","3.6","MX","Home Services","0.5020958897207262","18.852907707753857","-97.69989724408217","2026-01-03"
"MEX.21.186_1","Tochtepec","GADM2","3.6","MX","All","0.3627060161277145","18.852907707753857","-97.69989724408217","2026-01-03"
"MEX.21.186_1","Tochtepec","GADM2","3.6","MX","Grocery & Convenience Stores","0.6323492938764596","18.852907707753857","-97.69989724408217","2026-01-03"
"MEX.21.186_1","Tochtepec","GADM2","3.6","MX","Retail","0.40565205886115524","18.852907707753857","-97.69989724408217","2026-01-03"
"MEX.21.186_1","Tochtepec","GADM2","3.6","MX","Restaurants","0.5149768824310189","18.852907707753857","-97.69989724408217","2026-01-03"
"MEX.14.52_1","Jilotlán de los Dolores","GADM2","3.6","MX","All","0.724520893470882","19.310787058399207","-102.89756685000262","2026-01-03"
"MEX.30.46_1","Coatepec","GADM2","3.6","MX","Manufacturing","0.4772363465889176","19.432205354672718","-96.839407691167","2026-01-03"
"MEX.30.46_1","Coatepec","GADM2","3.6","MX","Home Services","0.3281224339089484","19.432205354672718","-96.839407691167","2026-01-03"
"MEX.30.46_1","Coatepec","GADM2","3.6","MX","Grocery & Convenience Stores","0.3768623420291109","19.432205354672718","-96.839407691167","2026-01-03"
"MEX.30.46_1","Coatepec","GADM2","3.6","MX","Professional Services","0.2562778697405884","19.432205354672718","-96.839407691167","2026-01-03"
"MEX.30.46_1","Coatepec","GADM2","3.6","MX","All","0.27921948303863475","19.432205354672718","-96.839407691167","2026-01-03"
"MEX.30.46_1","Coatepec","GADM2","3.6","MX","Public Good","0.15946483235985617","19.432205354672718","-96.839407691167","2026-01-03"
"MEX.30.46_1","Coatepec","GADM2","3.6","MX","Travel","0.34880799878207597","19.432205354672718","-96.839407691167","2026-01-03"
"MEX.30.46_1","Coatepec","GADM2","3.6","MX","Restaurants","0.3525355457665736","19.432205354672718","-96.839407691167","2026-01-03"
"MEX.30.46_1","Coatepec","GADM2","3.6","MX","","0.24697336265678962","19.432205354672718","-96.839407691167","2026-01-03"
"MEX.30.46_1","Coatepec","GADM2","3.6","MX","Local Events","0.11426371573422635","19.432205354672718","-96.839407691167","2026-01-03"
"MEX.30.46_1","Coatepec","GADM2","3.6","MX","Lifestyle Services","0.30251907970408515","19.432205354672718","-96.839407691167","2026-01-03"
"MEX.30.46_1","Coatepec","GADM2","3.6","MX","Retail","0.3215092783075706","19.432205354672718","-96.839407691167","2026-01-03"
"MEX.30.46_1","Coatepec","GADM2","3.6","MX","Business & Utility Services","0.33526082565346854","19.432205354672718","-96.839407691167","2026-01-03"
"MEX.16.1_1","Acuitzio","GADM2","3.6","MX","Restaurants","0.6126865920476356","19.464019794362926","-101.36403616878921","2026-01-03"
"MEX.16.1_1","Acuitzio","GADM2","3.6","MX","All","0.5221499169281679","19.464019794362926","-101.36403616878921","2026-01-03"
"MEX.16.1_1","Acuitzio","GADM2","3.6","MX","Retail","0.5341464115440318","19.464019794362926","-101.36403616878921","2026-01-03"
"MEX.30.67_1","Hidalgotitlán","GADM2","3.6","MX","All","0.24869352320921173","17.50222856966298","-94.66533624515054","2026-01-03"
"MEX.30.153_1","Tantima","GADM2","3.6","MX","Retail","0.5869031819987868","21.410327217842145","-97.75585154796309","2026-01-03"
"MEX.30.153_1","Tantima","GADM2","3.6","MX","All","0.3793650817118815","21.410327217842145","-97.75585154796309","2026-01-03"
"MEX.30.153_1","Tantima","GADM2","3.6","MX","Restaurants","0.35494143968055575","21.410327217842145","-97.75585154796309","2026-01-03"
"MEX.9.7_1","Gustavo A. Madero","GADM2","3.6","MX","Grocery & Convenience Stores","0.5056008578319259","19.4717243088252","-99.09050214802893","2026-01-03"
"MEX.9.7_1","Gustavo A. Madero","GADM2","3.6","MX","Retail","0.26806822204768394","19.4717243088252","-99.09050214802893","2026-01-03"
"MEX.9.7_1","Gustavo A. Madero","GADM2","3.6","MX","All","0.25591130746616353","19.4717243088252","-99.09050214802893","2026-01-03"
"MEX.9.7_1","Gustavo A. Madero","GADM2","3.6","MX","Restaurants","0.2482479102154713","19.4717243088252","-99.09050214802893","2026-01-03"
"MEX.9.7_1","Gustavo A. Madero","GADM2","3.6","MX","Business & Utility Services","0.3241311289103893","19.4717243088252","-99.09050214802893","2026-01-03"
"MEX.9.7_1","Gustavo A. Madero","GADM2","3.6","MX","Lifestyle Services","0.19816291681417347","19.4717243088252","-99.09050214802893","2026-01-03"
"MEX.9.7_1","Gustavo A. Madero","GADM2","3.6","MX","Professional Services","0.26705707607742496","19.4717243088252","-99.09050214802893","2026-01-03"
"MEX.9.7_1","Gustavo A. Madero","GADM2","3.6","MX","Home Services","0.26372572078517503","19.4717243088252","-99.09050214802893","2026-01-03"
"MEX.9.7_1","Gustavo A. Madero","GADM2","3.6","MX","","0.3536234001248045","19.4717243088252","-99.09050214802893","2026-01-03"
"MEX.9.7_1","Gustavo A. Madero","GADM2","3.6","MX","Travel","0.3618059633235102","19.4717243088252","-99.09050214802893","2026-01-03"
"MEX.9.7_1","Gustavo A. Madero","GADM2","3.6","MX","Manufacturing","0.40143295571803417","19.4717243088252","-99.09050214802893","2026-01-03"
"MEX.9.7_1","Gustavo A. Madero","GADM2","3.6","MX","Local Events","0.23384896216799872","19.4717243088252","-99.09050214802893","2026-01-03"
"MEX.9.7_1","Gustavo A. Madero","GADM2","3.6","MX","Public Good","0.26028410077107494","19.4717243088252","-99.09050214802893","2026-01-03"
"MEX.21.73_1","Huehuetlán el Chico","GADM2","3.6","MX","All","0.4901446002699944","18.365343752554644","-98.66550622470955","2026-01-03"
"MEX.21.73_1","Huehuetlán el Chico","GADM2","3.6","MX","Restaurants","0.4833167594718283","18.365343752554644","-98.66550622470955","2026-01-03"
"MEX.21.73_1","Huehuetlán el Chico","GADM2","3.6","MX","Retail","0.38264698700794886","18.365343752554644","-98.66550622470955","2026-01-03"
"MEX.16.81_1","Senguio","GADM2","3.6","MX","All","0.8047418480023483","19.739050921994433","-100.35037166978161","2026-01-03"
"MEX.12.6_1","Apaxtla","GADM2","3.6","MX","Retail","0.4705297699491654","18.07531570542004","-99.88951880047031","2026-01-03"
"MEX.12.6_1","Apaxtla","GADM2","3.6","MX","All","0.4255776004100129","18.07531570542004","-99.88951880047031","2026-01-03"
"MEX.12.6_1","Apaxtla","GADM2","3.6","MX","Professional Services","0.3829772655690026","18.07531570542004","-99.88951880047031","2026-01-03"
"MEX.16.86_1","Tanhuato","GADM2","3.6","MX","Retail","0.4876388719470868","20.2398676689389","-102.34039372470366","2026-01-03"
"MEX.16.86_1","Tanhuato","GADM2","3.6","MX","All","0.5729480795754999","20.2398676689389","-102.34039372470366","2026-01-03"
"MEX.16.86_1","Tanhuato","GADM2","3.6","MX","Restaurants","0.5648210205954867","20.2398676689389","-102.34039372470366","2026-01-03"
"MEX.12.50_1","Petatlán","GADM2","3.6","MX","All","0.4984842698315193","17.593866413242363","-101.11405546552358","2026-01-03"
"MEX.12.50_1","Petatlán","GADM2","3.6","MX","Lifestyle Services","0.5721272520237266","17.593866413242363","-101.11405546552358","2026-01-03"
"MEX.12.50_1","Petatlán","GADM2","3.6","MX","Public Good","0.5366448634296347","17.593866413242363","-101.11405546552358","2026-01-03"
"MEX.12.50_1","Petatlán","GADM2","3.6","MX","Restaurants","0.45352495667847287","17.593866413242363","-101.11405546552358","2026-01-03"
"MEX.12.50_1","Petatlán","GADM2","3.6","MX","Travel","0.6802492724430663","17.593866413242363","-101.11405546552358","2026-01-03"
"MEX.12.50_1","Petatlán","GADM2","3.6","MX","Professional Services","0.560564632430512","17.593866413242363","-101.11405546552358","2026-01-03"
"MEX.12.50_1","Petatlán","GADM2","3.6","MX","Business & Utility Services","0.32666373919609415","17.593866413242363","-101.11405546552358","2026-01-03"
"MEX.12.50_1","Petatlán","GADM2","3.6","MX","Retail","0.5330341620363509","17.593866413242363","-101.11405546552358","2026-01-03"
"MEX.12.50_1","Petatlán","GADM2","3.6","MX","Home Services","0.36199448882079793","17.593866413242363","-101.11405546552358","2026-01-03"
"MEX.30.119_1","Orizaba","GADM2","3.6","MX","All","0.2731834728852886","18.848564206618317","-97.02682616152339","2026-01-03"
"MEX.13.58_1","Tasquillo","GADM2","3.6","MX","Professional Services","0.4184210940670455","20.55988034602627","-99.37142750350397","2026-01-03"
"MEX.13.58_1","Tasquillo","GADM2","3.6","MX","Restaurants","0.42868092049696643","20.55988034602627","-99.37142750350397","2026-01-03"
"MEX.13.58_1","Tasquillo","GADM2","3.6","MX","Home Services","0.6074510740853832","20.55988034602627","-99.37142750350397","2026-01-03"
"MEX.13.58_1","Tasquillo","GADM2","3.6","MX","All","0.6504600618701681","20.55988034602627","-99.37142750350397","2026-01-03"
"MEX.13.58_1","Tasquillo","GADM2","3.6","MX","Public Good","0.6273970903404774","20.55988034602627","-99.37142750350397","2026-01-03"
"MEX.13.58_1","Tasquillo","GADM2","3.6","MX","Retail","0.4249807961241063","20.55988034602627","-99.37142750350397","2026-01-03"
"MEX.13.58_1","Tasquillo","GADM2","3.6","MX","Local Events","0.9221405752557297","20.55988034602627","-99.37142750350397","2026-01-03"
"MEX.22.11_1","Pedro Escobedo","GADM2","3.6","MX","Local Events","0.5382338118231493","20.489081198559163","-100.20536002881266","2026-01-03"
"MEX.22.11_1","Pedro Escobedo","GADM2","3.6","MX","All","0.317011166394151","20.489081198559163","-100.20536002881266","2026-01-03"
"MEX.22.11_1","Pedro Escobedo","GADM2","3.6","MX","Professional Services","0.19792119291753155","20.489081198559163","-100.20536002881266","2026-01-03"
"MEX.22.11_1","Pedro Escobedo","GADM2","3.6","MX","Business & Utility Services","0.5139069960003982","20.489081198559163","-100.20536002881266","2026-01-03"
"MEX.22.11_1","Pedro Escobedo","GADM2","3.6","MX","Home Services","0.3728755753032966","20.489081198559163","-100.20536002881266","2026-01-03"
"MEX.22.11_1","Pedro Escobedo","GADM2","3.6","MX","Retail","0.4464459309226437","20.489081198559163","-100.20536002881266","2026-01-03"
"MEX.22.11_1","Pedro Escobedo","GADM2","3.6","MX","Public Good","0.3960472857182279","20.489081198559163","-100.20536002881266","2026-01-03"
"MEX.22.11_1","Pedro Escobedo","GADM2","3.6","MX","","0.4016255444541133","20.489081198559163","-100.20536002881266","2026-01-03"
"MEX.22.11_1","Pedro Escobedo","GADM2","3.6","MX","Grocery & Convenience Stores","0.5249168513095301","20.489081198559163","-100.20536002881266","2026-01-03"
"MEX.22.11_1","Pedro Escobedo","GADM2","3.6","MX","Restaurants","0.5968646555238897","20.489081198559163","-100.20536002881266","2026-01-03"
"MEX.22.11_1","Pedro Escobedo","GADM2","3.6","MX","Lifestyle Services","0.1594630718532004","20.489081198559163","-100.20536002881266","2026-01-03"
"MEX.21.117_1","San Andrés Cholula","GADM2","3.6","MX","Professional Services","0.30756291721759144","19.039494783531957","-98.2128241310977","2026-01-03"
"MEX.21.117_1","San Andrés Cholula","GADM2","3.6","MX","All","0.3048266275374437","19.039494783531957","-98.2128241310977","2026-01-03"
"MEX.21.117_1","San Andrés Cholula","GADM2","3.6","MX","Home Services","0.27303806415913295","19.039494783531957","-98.2128241310977","2026-01-03"
"MEX.21.117_1","San Andrés Cholula","GADM2","3.6","MX","Lifestyle Services","0.26446368423753525","19.039494783531957","-98.2128241310977","2026-01-03"
"MEX.21.117_1","San Andrés Cholula","GADM2","3.6","MX","Public Good","0.15004617807114906","19.039494783531957","-98.2128241310977","2026-01-03"
"MEX.21.117_1","San Andrés Cholula","GADM2","3.6","MX","Restaurants","0.3028485292396162","19.039494783531957","-98.2128241310977","2026-01-03"
"MEX.21.117_1","San Andrés Cholula","GADM2","3.6","MX","Travel","0.3827484975633674","19.039494783531957","-98.2128241310977","2026-01-03"
"MEX.21.117_1","San Andrés Cholula","GADM2","3.6","MX","Local Events","0.1389039691920694","19.039494783531957","-98.2128241310977","2026-01-03"
"MEX.21.117_1","San Andrés Cholula","GADM2","3.6","MX","","0.3451603638720981","19.039494783531957","-98.2128241310977","2026-01-03"
"MEX.21.117_1","San Andrés Cholula","GADM2","3.6","MX","Grocery & Convenience Stores","0.4507137124903533","19.039494783531957","-98.2128241310977","2026-01-03"
"MEX.21.117_1","San Andrés Cholula","GADM2","3.6","MX","Retail","0.34188353290485","19.039494783531957","-98.2128241310977","2026-01-03"
"MEX.21.117_1","San Andrés Cholula","GADM2","3.6","MX","Business & Utility Services","0.3656596869675332","19.039494783531957","-98.2128241310977","2026-01-03"
"MEX.21.117_1","San Andrés Cholula","GADM2","3.6","MX","Manufacturing","0.28274084351760836","19.039494783531957","-98.2128241310977","2026-01-03"
"MEX.17.19_1","Temoac","GADM2","3.6","MX","Retail","0.38854857902029266","18.765966215822584","-98.72976633628045","2026-01-03"
"MEX.17.19_1","Temoac","GADM2","3.6","MX","All","0.3197995527602871","18.765966215822584","-98.72976633628045","2026-01-03"
"MEX.21.169_1","Tetela de Ocampo","GADM2","3.6","MX","Restaurants","0.5007182205041112","19.8139849549088","-97.71748776525769","2026-01-03"
"MEX.21.169_1","Tetela de Ocampo","GADM2","3.6","MX","Retail","0.41507449937137114","19.8139849549088","-97.71748776525769","2026-01-03"
"MEX.21.169_1","Tetela de Ocampo","GADM2","3.6","MX","Professional Services","0.19814883884182818","19.8139849549088","-97.71748776525769","2026-01-03"
"MEX.21.169_1","Tetela de Ocampo","GADM2","3.6","MX","All","0.33631033871172616","19.8139849549088","-97.71748776525769","2026-01-03"
"MEX.30.44_1","Citlaltépetl","GADM2","3.6","MX","All","0.24751882186621785","21.357373216942175","-97.90169415683921","2026-01-03"
"MEX.30.44_1","Citlaltépetl","GADM2","3.6","MX","Retail","0.23827953606908103","21.357373216942175","-97.90169415683921","2026-01-03"
"MEX.21.86_1","Izúcar de Matamoros","GADM2","3.6","MX","Public Good","0.58754743764882","18.550700047937198","-98.32168257882662","2026-01-03"
"MEX.21.86_1","Izúcar de Matamoros","GADM2","3.6","MX","All","0.5954319272394513","18.550700047937198","-98.32168257882662","2026-01-03"
"MEX.22.17_1","Tequisquiapan","GADM2","3.6","MX","All","0.26364034155732496","20.55998787574455","-99.95112563338097","2026-01-03"
"MEX.22.17_1","Tequisquiapan","GADM2","3.6","MX","Grocery & Convenience Stores","0.43036792789376055","20.55998787574455","-99.95112563338097","2026-01-03"
"MEX.22.17_1","Tequisquiapan","GADM2","3.6","MX","Business & Utility Services","0.28571843894483917","20.55998787574455","-99.95112563338097","2026-01-03"
"MEX.22.17_1","Tequisquiapan","GADM2","3.6","MX","Travel","0.2915780539595832","20.55998787574455","-99.95112563338097","2026-01-03"
"MEX.22.17_1","Tequisquiapan","GADM2","3.6","MX","Lifestyle Services","0.4732340593632573","20.55998787574455","-99.95112563338097","2026-01-03"
"MEX.22.17_1","Tequisquiapan","GADM2","3.6","MX","","0.15962506434866405","20.55998787574455","-99.95112563338097","2026-01-03"
"MEX.22.17_1","Tequisquiapan","GADM2","3.6","MX","Retail","0.2642759032509846","20.55998787574455","-99.95112563338097","2026-01-03"
"MEX.22.17_1","Tequisquiapan","GADM2","3.6","MX","Public Good","0.3183773958979545","20.55998787574455","-99.95112563338097","2026-01-03"
"MEX.22.17_1","Tequisquiapan","GADM2","3.6","MX","Professional Services","0.33957340437156386","20.55998787574455","-99.95112563338097","2026-01-03"
"MEX.22.17_1","Tequisquiapan","GADM2","3.6","MX","Restaurants","0.3397390690492145","20.55998787574455","-99.95112563338097","2026-01-03"
"MEX.22.17_1","Tequisquiapan","GADM2","3.6","MX","Local Events","0.31440182351668444","20.55998787574455","-99.95112563338097","2026-01-03"
"MEX.22.17_1","Tequisquiapan","GADM2","3.6","MX","Home Services","0.40094854288359233","20.55998787574455","-99.95112563338097","2026-01-03"
"MEX.22.17_1","Tequisquiapan","GADM2","3.6","MX","Manufacturing","0.39888068741457394","20.55998787574455","-99.95112563338097","2026-01-03"
"MEX.16.83_1","Tacámbaro","GADM2","3.6","MX","Grocery & Convenience Stores","0.3629565917925803","19.29309555648681","-101.90153281259776","2026-01-03"
"MEX.16.83_1","Tacámbaro","GADM2","3.6","MX","","0.4361702420092177","19.29309555648681","-101.90153281259776","2026-01-03"
"MEX.16.83_1","Tacámbaro","GADM2","3.6","MX","Restaurants","0.18705312538763189","19.29309555648681","-101.90153281259776","2026-01-03"
"MEX.16.83_1","Tacámbaro","GADM2","3.6","MX","Travel","0.3612336253495612","19.29309555648681","-101.90153281259776","2026-01-03"
"MEX.16.83_1","Tacámbaro","GADM2","3.6","MX","Professional Services","0.36394633023897704","19.29309555648681","-101.90153281259776","2026-01-03"
"MEX.16.83_1","Tacámbaro","GADM2","3.6","MX","Lifestyle Services","0.30208284471830266","19.29309555648681","-101.90153281259776","2026-01-03"
"MEX.16.83_1","Tacámbaro","GADM2","3.6","MX","Home Services","0.3872103599358547","19.29309555648681","-101.90153281259776","2026-01-03"
"MEX.16.83_1","Tacámbaro","GADM2","3.6","MX","Public Good","0.41442570382872645","19.29309555648681","-101.90153281259776","2026-01-03"
"MEX.16.83_1","Tacámbaro","GADM2","3.6","MX","All","0.3924912313479941","19.29309555648681","-101.90153281259776","2026-01-03"
"MEX.16.83_1","Tacámbaro","GADM2","3.6","MX","Business & Utility Services","0.483772971166937","19.29309555648681","-101.90153281259776","2026-01-03"
"MEX.16.83_1","Tacámbaro","GADM2","3.6","MX","Retail","0.664413859668071","19.29309555648681","-101.90153281259776","2026-01-03"
"MEX.16.83_1","Tacámbaro","GADM2","3.6","MX","Local Events","0.434066058422269","19.29309555648681","-101.90153281259776","2026-01-03"
"MEX.21.206_1","Zapotitlán","GADM2","3.6","MX","Manufacturing","0.4128918482114626","18.33590680780295","-97.42330024393583","2026-01-03"
"MEX.21.206_1","Zapotitlán","GADM2","3.6","MX","Business & Utility Services","0.3762060939800164","18.33590680780295","-97.42330024393583","2026-01-03"
"MEX.21.206_1","Zapotitlán","GADM2","3.6","MX","Home Services","0.360339465184234","18.33590680780295","-97.42330024393583","2026-01-03"
"MEX.21.206_1","Zapotitlán","GADM2","3.6","MX","Restaurants","0.2800073573133227","18.33590680780295","-97.42330024393583","2026-01-03"
"MEX.21.206_1","Zapotitlán","GADM2","3.6","MX","","0.566125207595579","18.33590680780295","-97.42330024393583","2026-01-03"
"MEX.21.206_1","Zapotitlán","GADM2","3.6","MX","Professional Services","0.2856624708344298","18.33590680780295","-97.42330024393583","2026-01-03"
"MEX.21.206_1","Zapotitlán","GADM2","3.6","MX","All","0.3250487738260724","18.33590680780295","-97.42330024393583","2026-01-03"
"MEX.21.206_1","Zapotitlán","GADM2","3.6","MX","Lifestyle Services","0.42514077107475695","18.33590680780295","-97.42330024393583","2026-01-03"
"MEX.21.206_1","Zapotitlán","GADM2","3.6","MX","Public Good","0.3606852652397244","18.33590680780295","-97.42330024393583","2026-01-03"
"MEX.21.206_1","Zapotitlán","GADM2","3.6","MX","Local Events","0.5339492730780678","18.33590680780295","-97.42330024393583","2026-01-03"
"MEX.21.206_1","Zapotitlán","GADM2","3.6","MX","Retail","0.451587752933578","18.33590680780295","-97.42330024393583","2026-01-03"
"MEX.21.206_1","Zapotitlán","GADM2","3.6","MX","Grocery & Convenience Stores","0.3609448401098486","18.33590680780295","-97.42330024393583","2026-01-03"
"MEX.21.206_1","Zapotitlán","GADM2","3.6","MX","Travel","0.3323088190895732","18.33590680780295","-97.42330024393583","2026-01-03"
"MEX.21.105_1","Ocoyucan","GADM2","3.6","MX","All","0.290371868104724","18.969518161579845","-98.24312522395017","2026-01-03"
"MEX.21.105_1","Ocoyucan","GADM2","3.6","MX","Retail","0.3162725583559012","18.969518161579845","-98.24312522395017","2026-01-03"
"MEX.21.105_1","Ocoyucan","GADM2","3.6","MX","Professional Services","0.2593624390833107","18.969518161579845","-98.24312522395017","2026-01-03"
"MEX.21.105_1","Ocoyucan","GADM2","3.6","MX","Business & Utility Services","0.3332774819398753","18.969518161579845","-98.24312522395017","2026-01-03"
"MEX.21.105_1","Ocoyucan","GADM2","3.6","MX","Manufacturing","0.46792952961473994","18.969518161579845","-98.24312522395017","2026-01-03"
"MEX.21.105_1","Ocoyucan","GADM2","3.6","MX","Local Events","0.27911612088957954","18.969518161579845","-98.24312522395017","2026-01-03"
"MEX.21.105_1","Ocoyucan","GADM2","3.6","MX","","0.2593384023755423","18.969518161579845","-98.24312522395017","2026-01-03"
"MEX.21.105_1","Ocoyucan","GADM2","3.6","MX","Home Services","0.30211893438555293","18.969518161579845","-98.24312522395017","2026-01-03"
"MEX.21.105_1","Ocoyucan","GADM2","3.6","MX","Public Good","0.269009119764937","18.969518161579845","-98.24312522395017","2026-01-03"
"MEX.21.105_1","Ocoyucan","GADM2","3.6","MX","Restaurants","0.282082866585977","18.969518161579845","-98.24312522395017","2026-01-03"
"MEX.21.105_1","Ocoyucan","GADM2","3.6","MX","Lifestyle Services","0.3200316496047671","18.969518161579845","-98.24312522395017","2026-01-03"
"MEX.21.105_1","Ocoyucan","GADM2","3.6","MX","Grocery & Convenience Stores","0.3997036355213054","18.969518161579845","-98.24312522395017","2026-01-03"
"MEX.21.105_1","Ocoyucan","GADM2","3.6","MX","Travel","0.44244099834714","18.969518161579845","-98.24312522395017","2026-01-03"
"MEX.15.109_1","Tultepec","GADM2","3.6","MX","Home Services","0.3779179140169803","19.62712640485591","-99.07925601038764","2026-01-03"
"MEX.15.109_1","Tultepec","GADM2","3.6","MX","Restaurants","0.3077726909053669","19.62712640485591","-99.07925601038764","2026-01-03"
"MEX.15.109_1","Tultepec","GADM2","3.6","MX","Grocery & Convenience Stores","0.291686270395833","19.62712640485591","-99.07925601038764","2026-01-03"
"MEX.15.109_1","Tultepec","GADM2","3.6","MX","All","0.22786624983937712","19.62712640485591","-99.07925601038764","2026-01-03"
"MEX.15.109_1","Tultepec","GADM2","3.6","MX","Local Events","0.20926310941188642","19.62712640485591","-99.07925601038764","2026-01-03"
"MEX.15.109_1","Tultepec","GADM2","3.6","MX","Lifestyle Services","0.23580714446423293","19.62712640485591","-99.07925601038764","2026-01-03"
"MEX.15.109_1","Tultepec","GADM2","3.6","MX","Professional Services","0.2960837887740206","19.62712640485591","-99.07925601038764","2026-01-03"
"MEX.15.109_1","Tultepec","GADM2","3.6","MX","Business & Utility Services","0.3512780499788687","19.62712640485591","-99.07925601038764","2026-01-03"
"MEX.15.109_1","Tultepec","GADM2","3.6","MX","Retail","0.21777393610049353","19.62712640485591","-99.07925601038764","2026-01-03"
"MEX.15.109_1","Tultepec","GADM2","3.6","MX","Public Good","0.30852477560982594","19.62712640485591","-99.07925601038764","2026-01-03"
"MEX.15.109_1","Tultepec","GADM2","3.6","MX","Travel","0.39934831342713156","19.62712640485591","-99.07925601038764","2026-01-03"
"MEX.15.109_1","Tultepec","GADM2","3.6","MX","","0.6045921194619115","19.62712640485591","-99.07925601038764","2026-01-03"
"MEX.15.109_1","Tultepec","GADM2","3.6","MX","Manufacturing","0.30147873342187437","19.62712640485591","-99.07925601038764","2026-01-03"
"MEX.12.23_1","Coyuca de Catalán","GADM2","3.6","MX","Retail","0.26055143439273476","18.061433439986683","-100.92411879889038","2026-01-03"
"MEX.12.23_1","Coyuca de Catalán","GADM2","3.6","MX","All","0.17162991329461305","18.061433439986683","-100.92411879889038","2026-01-03"
"MEX.12.23_1","Coyuca de Catalán","GADM2","3.6","MX","Restaurants","0.5589727159586838","18.061433439986683","-100.92411879889038","2026-01-03"
"MEX.12.23_1","Coyuca de Catalán","GADM2","3.6","MX","Professional Services","0.3203938079629679","18.061433439986683","-100.92411879889038","2026-01-03"
"MEX.30.110_1","Misantla","GADM2","3.6","MX","Retail","0.5557016924976447","19.976151748272503","-96.8059090072326","2026-01-03"
"MEX.30.110_1","Misantla","GADM2","3.6","MX","All","0.4548933163814723","19.976151748272503","-96.8059090072326","2026-01-03"
"MEX.30.110_1","Misantla","GADM2","3.6","MX","Restaurants","0.5032236605056845","19.976151748272503","-96.8059090072326","2026-01-03"
"MEX.30.104_1","Martínez de la Torre","GADM2","3.6","MX","Business & Utility Services","0.7453742482287139","20.153363095561613","-96.99731206037873","2026-01-03"
"MEX.30.104_1","Martínez de la Torre","GADM2","3.6","MX","Lifestyle Services","0.38767814375826715","20.153363095561613","-96.99731206037873","2026-01-03"
"MEX.30.104_1","Martínez de la Torre","GADM2","3.6","MX","Grocery & Convenience Stores","0.5414612785067028","20.153363095561613","-96.99731206037873","2026-01-03"
"MEX.30.104_1","Martínez de la Torre","GADM2","3.6","MX","Professional Services","0.2167799143047464","20.153363095561613","-96.99731206037873","2026-01-03"
"MEX.30.104_1","Martínez de la Torre","GADM2","3.6","MX","Retail","0.39643391239857745","20.153363095561613","-96.99731206037873","2026-01-03"
"MEX.30.104_1","Martínez de la Torre","GADM2","3.6","MX","Restaurants","0.2914894177541557","20.153363095561613","-96.99731206037873","2026-01-03"
"MEX.30.104_1","Martínez de la Torre","GADM2","3.6","MX","Public Good","0.5521142058947561","20.153363095561613","-96.99731206037873","2026-01-03"
"MEX.30.104_1","Martínez de la Torre","GADM2","3.6","MX","All","0.3525361725300152","20.153363095561613","-96.99731206037873","2026-01-03"
"MEX.30.104_1","Martínez de la Torre","GADM2","3.6","MX","Home Services","0.414982717773524","20.153363095561613","-96.99731206037873","2026-01-03"
"MEX.24.41_1","Tamuín","GADM2","3.6","MX","Lifestyle Services","0.5660536308312853","22.12153430151517","-98.77317350197158","2026-01-03"
"MEX.24.41_1","Tamuín","GADM2","3.6","MX","Restaurants","0.31955951654453124","22.12153430151517","-98.77317350197158","2026-01-03"
"MEX.24.41_1","Tamuín","GADM2","3.6","MX","All","0.3970895182149979","22.12153430151517","-98.77317350197158","2026-01-03"
"MEX.24.41_1","Tamuín","GADM2","3.6","MX","Retail","0.6006541767078326","22.12153430151517","-98.77317350197158","2026-01-03"
"MEX.24.41_1","Tamuín","GADM2","3.6","MX","Home Services","0.5405998827334269","22.12153430151517","-98.77317350197158","2026-01-03"
"MEX.24.41_1","Tamuín","GADM2","3.6","MX","Professional Services","0.3668423991692454","22.12153430151517","-98.77317350197158","2026-01-03"
"MEX.15.94_1","Tepetlaoxtoc","GADM2","3.6","MX","Home Services","0.5379135862618697","19.53322345575373","-98.75047554843249","2026-01-03"
"MEX.15.94_1","Tepetlaoxtoc","GADM2","3.6","MX","Business & Utility Services","0.4253453829228027","19.53322345575373","-98.75047554843249","2026-01-03"
"MEX.15.94_1","Tepetlaoxtoc","GADM2","3.6","MX","All","0.4332570587983681","19.53322345575373","-98.75047554843249","2026-01-03"
"MEX.15.94_1","Tepetlaoxtoc","GADM2","3.6","MX","Lifestyle Services","0.3349048412751534","19.53322345575373","-98.75047554843249","2026-01-03"
"MEX.15.94_1","Tepetlaoxtoc","GADM2","3.6","MX","Restaurants","0.3752391014689568","19.53322345575373","-98.75047554843249","2026-01-03"
"MEX.15.94_1","Tepetlaoxtoc","GADM2","3.6","MX","Public Good","0.473578719160977","19.53322345575373","-98.75047554843249","2026-01-03"
"MEX.15.94_1","Tepetlaoxtoc","GADM2","3.6","MX","Professional Services","0.44012509218719936","19.53322345575373","-98.75047554843249","2026-01-03"
"MEX.15.94_1","Tepetlaoxtoc","GADM2","3.6","MX","Retail","0.6425742848741512","19.53322345575373","-98.75047554843249","2026-01-03"
"MEX.15.94_1","Tepetlaoxtoc","GADM2","3.6","MX","Local Events","0.5138805095895862","19.53322345575373","-98.75047554843249","2026-01-03"
"MEX.30.59_1","Coyutla","GADM2","3.6","MX","Professional Services","0.6180676274217832","20.370736978937206","-97.61855774885812","2026-01-03"
"MEX.30.59_1","Coyutla","GADM2","3.6","MX","Lifestyle Services","0.35135509425277495","20.370736978937206","-97.61855774885812","2026-01-03"
"MEX.30.59_1","Coyutla","GADM2","3.6","MX","All","0.6177589714172319","20.370736978937206","-97.61855774885812","2026-01-03"
"MEX.30.59_1","Coyutla","GADM2","3.6","MX","Public Good","0.5130473305711736","20.370736978937206","-97.61855774885812","2026-01-03"
"MEX.30.59_1","Coyutla","GADM2","3.6","MX","Retail","0.5755410648162176","20.370736978937206","-97.61855774885812","2026-01-03"
"MEX.30.59_1","Coyutla","GADM2","3.6","MX","Grocery & Convenience Stores","0.8598245833445713","20.370736978937206","-97.61855774885812","2026-01-03"
"MEX.30.59_1","Coyutla","GADM2","3.6","MX","Restaurants","0.49676343519017224","20.370736978937206","-97.61855774885812","2026-01-03"
"MEX.30.59_1","Coyutla","GADM2","3.6","MX","Home Services","0.4918365762048857","20.370736978937206","-97.61855774885812","2026-01-03"
"MEX.32.17_1","Guadalupe","GADM2","3.6","MX","Business & Utility Services","0.3517833526651296","22.72713379536714","-102.43284887911815","2026-01-03"
"MEX.32.17_1","Guadalupe","GADM2","3.6","MX","Local Events","0.6154046744237339","22.72713379536714","-102.43284887911815","2026-01-03"
"MEX.32.17_1","Guadalupe","GADM2","3.6","MX","Grocery & Convenience Stores","0.5952848669618859","22.72713379536714","-102.43284887911815","2026-01-03"
"MEX.32.17_1","Guadalupe","GADM2","3.6","MX","Restaurants","0.49677476874408805","22.72713379536714","-102.43284887911815","2026-01-03"
"MEX.32.17_1","Guadalupe","GADM2","3.6","MX","All","0.33285488169652233","22.72713379536714","-102.43284887911815","2026-01-03"
"MEX.32.17_1","Guadalupe","GADM2","3.6","MX","Travel","0.27498420926058276","22.72713379536714","-102.43284887911815","2026-01-03"
"MEX.32.17_1","Guadalupe","GADM2","3.6","MX","Home Services","0.3892392292089712","22.72713379536714","-102.43284887911815","2026-01-03"
"MEX.32.17_1","Guadalupe","GADM2","3.6","MX","Retail","0.42036235590200927","22.72713379536714","-102.43284887911815","2026-01-03"
"MEX.32.17_1","Guadalupe","GADM2","3.6","MX","Professional Services","0.2489954958814944","22.72713379536714","-102.43284887911815","2026-01-03"
"MEX.32.17_1","Guadalupe","GADM2","3.6","MX","Public Good","0.43397564986947934","22.72713379536714","-102.43284887911815","2026-01-03"
"MEX.32.17_1","Guadalupe","GADM2","3.6","MX","Lifestyle Services","0.4173897135818499","22.72713379536714","-102.43284887911815","2026-01-03"
"MEX.20.13_1","Dist. Miahuatlan","GADM2","3.6","MX","Public Good","0.4652122134870273","16.31902839085715","-96.69741453155372","2026-01-03"
"MEX.20.13_1","Dist. Miahuatlan","GADM2","3.6","MX","Retail","0.6229817551903906","16.31902839085715","-96.69741453155372","2026-01-03"
"MEX.20.13_1","Dist. Miahuatlan","GADM2","3.6","MX","All","0.4334271839804852","16.31902839085715","-96.69741453155372","2026-01-03"
"MEX.20.13_1","Dist. Miahuatlan","GADM2","3.6","MX","Restaurants","0.3616005304625104","16.31902839085715","-96.69741453155372","2026-01-03"
"MEX.20.13_1","Dist. Miahuatlan","GADM2","3.6","MX","Professional Services","0.35177402812099035","16.31902839085715","-96.69741453155372","2026-01-03"
"MEX.20.13_1","Dist. Miahuatlan","GADM2","3.6","MX","Grocery & Convenience Stores","0.5099453113212874","16.31902839085715","-96.69741453155372","2026-01-03"
"MEX.20.13_1","Dist. Miahuatlan","GADM2","3.6","MX","Home Services","0.49240039357601073","16.31902839085715","-96.69741453155372","2026-01-03"
"MEX.20.13_1","Dist. Miahuatlan","GADM2","3.6","MX","Travel","0.5117280806225201","16.31902839085715","-96.69741453155372","2026-01-03"
"MEX.20.13_1","Dist. Miahuatlan","GADM2","3.6","MX","Business & Utility Services","0.7009364310110211","16.31902839085715","-96.69741453155372","2026-01-03"
"MEX.20.13_1","Dist. Miahuatlan","GADM2","3.6","MX","Lifestyle Services","0.38901155965438977","16.31902839085715","-96.69741453155372","2026-01-03"
"MEX.20.13_1","Dist. Miahuatlan","GADM2","3.6","MX","Local Events","0.5421638738475733","16.31902839085715","-96.69741453155372","2026-01-03"
"MEX.28.29_1","Ocampo","GADM2","3.6","MX","Grocery & Convenience Stores","0.617300794398183","22.82838205273709","-99.36240079733685","2026-01-03"
"MEX.28.29_1","Ocampo","GADM2","3.6","MX","Restaurants","0.19733201725637503","22.82838205273709","-99.36240079733685","2026-01-03"
"MEX.28.29_1","Ocampo","GADM2","3.6","MX","All","0.4827590152778816","22.82838205273709","-99.36240079733685","2026-01-03"
"MEX.30.103_1","Mariano Escobedo","GADM2","3.6","MX","Restaurants","0.4362639715815609","18.890904747489476","-97.04508465145561","2026-01-03"
"MEX.30.103_1","Mariano Escobedo","GADM2","3.6","MX","All","0.2631554196726594","18.890904747489476","-97.04508465145561","2026-01-03"
"MEX.30.103_1","Mariano Escobedo","GADM2","3.6","MX","Retail","0.272442885163283","18.890904747489476","-97.04508465145561","2026-01-03"
"MEX.30.103_1","Mariano Escobedo","GADM2","3.6","MX","Professional Services","0.31861662496518056","18.890904747489476","-97.04508465145561","2026-01-03"
"MEX.12.14_1","Benito Juárez","GADM2","3.6","MX","Professional Services","0.21944234986070135","17.09967991230262","-100.39604887690409","2026-01-03"
"MEX.12.14_1","Benito Juárez","GADM2","3.6","MX","Home Services","0.6877070270657353","17.09967991230262","-100.39604887690409","2026-01-03"
"MEX.12.14_1","Benito Juárez","GADM2","3.6","MX","All","0.48490118490796313","17.09967991230262","-100.39604887690409","2026-01-03"
"MEX.12.14_1","Benito Juárez","GADM2","3.6","MX","Retail","0.5326617180309678","17.09967991230262","-100.39604887690409","2026-01-03"
"MEX.12.14_1","Benito Juárez","GADM2","3.6","MX","Restaurants","0.6440417583941266","17.09967991230262","-100.39604887690409","2026-01-03"
"MEX.12.14_1","Benito Juárez","GADM2","3.6","MX","Grocery & Convenience Stores","0.6051298499867205","17.09967991230262","-100.39604887690409","2026-01-03"
"MEX.15.105_1","Tlalnepantla","GADM2","3.6","MX","Home Services","0.3034253987323507","19.490365378802395","-99.0494330284099","2026-01-03"
"MEX.15.105_1","Tlalnepantla","GADM2","3.6","MX","Manufacturing","0.6109103640469451","19.490365378802395","-99.0494330284099","2026-01-03"
"MEX.15.105_1","Tlalnepantla","GADM2","3.6","MX","Business & Utility Services","0.267388396628666","19.490365378802395","-99.0494330284099","2026-01-03"
"MEX.15.105_1","Tlalnepantla","GADM2","3.6","MX","Travel","0.2127506609931063","19.490365378802395","-99.0494330284099","2026-01-03"
"MEX.15.105_1","Tlalnepantla","GADM2","3.6","MX","Public Good","0.34663397099664955","19.490365378802395","-99.0494330284099","2026-01-03"
"MEX.15.105_1","Tlalnepantla","GADM2","3.6","MX","Professional Services","0.3076201751758228","19.490365378802395","-99.0494330284099","2026-01-03"
"MEX.15.105_1","Tlalnepantla","GADM2","3.6","MX","Grocery & Convenience Stores","0.6428246579753265","19.490365378802395","-99.0494330284099","2026-01-03"
"MEX.15.105_1","Tlalnepantla","GADM2","3.6","MX","","0.5059470378065586","19.490365378802395","-99.0494330284099","2026-01-03"
"MEX.15.105_1","Tlalnepantla","GADM2","3.6","MX","Lifestyle Services","0.22650925295647623","19.490365378802395","-99.0494330284099","2026-01-03"
"MEX.15.105_1","Tlalnepantla","GADM2","3.6","MX","Local Events","0.19458785347102267","19.490365378802395","-99.0494330284099","2026-01-03"
"MEX.15.105_1","Tlalnepantla","GADM2","3.6","MX","Restaurants","0.2373776070134517","19.490365378802395","-99.0494330284099","2026-01-03"
"MEX.15.105_1","Tlalnepantla","GADM2","3.6","MX","All","0.25804578555300595","19.490365378802395","-99.0494330284099","2026-01-03"
"MEX.15.105_1","Tlalnepantla","GADM2","3.6","MX","Retail","0.38001437254061043","19.490365378802395","-99.0494330284099","2026-01-03"
"MEX.21.33_1","Chiautzingo","GADM2","3.6","MX","All","0.2904947550455322","19.226452878530825","-98.42148714818642","2026-01-03"
"MEX.17.17_1","Puente de Ixtla","GADM2","3.6","MX","","0.4129318425452731","18.579835560907622","-99.21705282003377","2026-01-03"
"MEX.9.1_1","Alvaro Obregón","GADM2","3.6","MX","Travel","0.30583004535210717","19.280980066817268","-99.19713786517949","2026-01-03"
"MEX.9.1_1","Alvaro Obregón","GADM2","3.6","MX","Public Good","0.14452875141619556","19.280980066817268","-99.19713786517949","2026-01-03"
"MEX.9.1_1","Alvaro Obregón","GADM2","3.6","MX","Home Services","0.24621666103289355","19.280980066817268","-99.19713786517949","2026-01-03"
"MEX.9.1_1","Alvaro Obregón","GADM2","3.6","MX","Lifestyle Services","0.2321687352656498","19.280980066817268","-99.19713786517949","2026-01-03"
"MEX.9.1_1","Alvaro Obregón","GADM2","3.6","MX","Local Events","0.15667567480862446","19.280980066817268","-99.19713786517949","2026-01-03"
"MEX.9.1_1","Alvaro Obregón","GADM2","3.6","MX","Professional Services","0.2574366481019667","19.280980066817268","-99.19713786517949","2026-01-03"
"MEX.9.1_1","Alvaro Obregón","GADM2","3.6","MX","All","0.23420301338215133","19.280980066817268","-99.19713786517949","2026-01-03"
"MEX.9.1_1","Alvaro Obregón","GADM2","3.6","MX","Retail","0.2587002350068521","19.280980066817268","-99.19713786517949","2026-01-03"
"MEX.9.1_1","Alvaro Obregón","GADM2","3.6","MX","Restaurants","0.19024104022749314","19.280980066817268","-99.19713786517949","2026-01-03"
"MEX.9.1_1","Alvaro Obregón","GADM2","3.6","MX","Grocery & Convenience Stores","0.3427240416266944","19.280980066817268","-99.19713786517949","2026-01-03"
"MEX.9.1_1","Alvaro Obregón","GADM2","3.6","MX","Manufacturing","0.2584922635620882","19.280980066817268","-99.19713786517949","2026-01-03"
"MEX.9.1_1","Alvaro Obregón","GADM2","3.6","MX","","0.25255976893459303","19.280980066817268","-99.19713786517949","2026-01-03"
"MEX.9.1_1","Alvaro Obregón","GADM2","3.6","MX","Business & Utility Services","0.28791871807371955","19.280980066817268","-99.19713786517949","2026-01-03"
"MEX.1.9_1","Tepezalá","GADM2","3.6","MX","Retail","0.3565183910114787","22.204405503392","-102.18323266450317","2026-01-03"
"MEX.1.9_1","Tepezalá","GADM2","3.6","MX","All","0.21708704113571128","22.204405503392","-102.18323266450317","2026-01-03"
"MEX.21.101_1","Nealtican","GADM2","3.6","MX","Business & Utility Services","0.3913028807425166","19.078083768897077","-98.35645594695723","2026-01-03"
"MEX.21.101_1","Nealtican","GADM2","3.6","MX","Home Services","0.4520648405702686","19.078083768897077","-98.35645594695723","2026-01-03"
"MEX.21.101_1","Nealtican","GADM2","3.6","MX","Retail","0.7481115503365263","19.078083768897077","-98.35645594695723","2026-01-03"
"MEX.21.101_1","Nealtican","GADM2","3.6","MX","All","0.45731113137394414","19.078083768897077","-98.35645594695723","2026-01-03"
"MEX.21.101_1","Nealtican","GADM2","3.6","MX","Professional Services","0.31564245967126414","19.078083768897077","-98.35645594695723","2026-01-03"
"MEX.22.8_1","Huimilpan","GADM2","3.6","MX","Local Events","0.5757657801024256","20.41130126863505","-100.33732677474039","2026-01-03"
"MEX.22.8_1","Huimilpan","GADM2","3.6","MX","Retail","0.33848137901942277","20.41130126863505","-100.33732677474039","2026-01-03"
"MEX.22.8_1","Huimilpan","GADM2","3.6","MX","Home Services","0.26506430339969805","20.41130126863505","-100.33732677474039","2026-01-03"
"MEX.22.8_1","Huimilpan","GADM2","3.6","MX","All","0.23133474155833153","20.41130126863505","-100.33732677474039","2026-01-03"
"MEX.22.8_1","Huimilpan","GADM2","3.6","MX","Lifestyle Services","0.3844889366301517","20.41130126863505","-100.33732677474039","2026-01-03"
"MEX.22.8_1","Huimilpan","GADM2","3.6","MX","Public Good","0.18224996935234147","20.41130126863505","-100.33732677474039","2026-01-03"
"MEX.22.8_1","Huimilpan","GADM2","3.6","MX","Professional Services","0.2441185034153892","20.41130126863505","-100.33732677474039","2026-01-03"
"MEX.22.8_1","Huimilpan","GADM2","3.6","MX","Restaurants","0.5214288547463364","20.41130126863505","-100.33732677474039","2026-01-03"
"MEX.16.25_1","Coeneo","GADM2","3.6","MX","All","0.4490721432759982","19.790908574931176","-101.63783877438001","2026-01-03"
"MEX.16.25_1","Coeneo","GADM2","3.6","MX","Retail","0.4773814625617622","19.790908574931176","-101.63783877438001","2026-01-03"
"MEX.30.113_1","Naolinco","GADM2","3.6","MX","All","0.7339628749514656","19.655613855178924","-96.79520129831933","2026-01-03"
"MEX.30.134_1","Puente Nacional","GADM2","3.6","MX","Grocery & Convenience Stores","0.22124842335435208","19.30467879667321","-96.50124845352475","2026-01-03"
"MEX.30.134_1","Puente Nacional","GADM2","3.6","MX","All","0.44247196813452616","19.30467879667321","-96.50124845352475","2026-01-03"
"MEX.30.134_1","Puente Nacional","GADM2","3.6","MX","Retail","0.343855265056756","19.30467879667321","-96.50124845352475","2026-01-03"
"MEX.30.134_1","Puente Nacional","GADM2","3.6","MX","Restaurants","0.6431994244326591","19.30467879667321","-96.50124845352475","2026-01-03"
"MEX.30.134_1","Puente Nacional","GADM2","3.6","MX","Professional Services","0.4942570709624437","19.30467879667321","-96.50124845352475","2026-01-03"
"MEX.30.134_1","Puente Nacional","GADM2","3.6","MX","Business & Utility Services","0.4527937378093045","19.30467879667321","-96.50124845352475","2026-01-03"
"MEX.30.134_1","Puente Nacional","GADM2","3.6","MX","Lifestyle Services","0.4478242130547398","19.30467879667321","-96.50124845352475","2026-01-03"
"MEX.30.134_1","Puente Nacional","GADM2","3.6","MX","Public Good","0.5942317551887021","19.30467879667321","-96.50124845352475","2026-01-03"
"MEX.30.134_1","Puente Nacional","GADM2","3.6","MX","Home Services","0.3156211685007416","19.30467879667321","-96.50124845352475","2026-01-03"
"MEX.24.24_1","Rayón","GADM2","3.6","MX","Retail","0.34727281222776607","21.831933026001945","-99.62452475238858","2026-01-03"
"MEX.24.24_1","Rayón","GADM2","3.6","MX","All","0.4287909167954405","21.831933026001945","-99.62452475238858","2026-01-03"
"MEX.24.24_1","Rayón","GADM2","3.6","MX","Restaurants","0.6891673729340899","21.831933026001945","-99.62452475238858","2026-01-03"
"MEX.28.38_1","Tampico","GADM2","3.6","MX","Lifestyle Services","0.29579497778210234","22.246861801980337","-97.88052212592855","2026-01-03"
"MEX.28.38_1","Tampico","GADM2","3.6","MX","Local Events","0.11966237344707663","22.246861801980337","-97.88052212592855","2026-01-03"
"MEX.28.38_1","Tampico","GADM2","3.6","MX","Retail","0.25847212273373044","22.246861801980337","-97.88052212592855","2026-01-03"
"MEX.28.38_1","Tampico","GADM2","3.6","MX","Public Good","0.30900507019834944","22.246861801980337","-97.88052212592855","2026-01-03"
"MEX.28.38_1","Tampico","GADM2","3.6","MX","Travel","0.32733065354626917","22.246861801980337","-97.88052212592855","2026-01-03"
"MEX.28.38_1","Tampico","GADM2","3.6","MX","","0.15791279526061122","22.246861801980337","-97.88052212592855","2026-01-03"
"MEX.28.38_1","Tampico","GADM2","3.6","MX","Home Services","0.3024630408969733","22.246861801980337","-97.88052212592855","2026-01-03"
"MEX.28.38_1","Tampico","GADM2","3.6","MX","Business & Utility Services","0.3275555380796464","22.246861801980337","-97.88052212592855","2026-01-03"
"MEX.28.38_1","Tampico","GADM2","3.6","MX","Restaurants","0.2655205562071642","22.246861801980337","-97.88052212592855","2026-01-03"
"MEX.28.38_1","Tampico","GADM2","3.6","MX","All","0.24439155773786087","22.246861801980337","-97.88052212592855","2026-01-03"
"MEX.28.38_1","Tampico","GADM2","3.6","MX","Manufacturing","0.15542151283833902","22.246861801980337","-97.88052212592855","2026-01-03"
"MEX.28.38_1","Tampico","GADM2","3.6","MX","Grocery & Convenience Stores","0.2998134084591187","22.246861801980337","-97.88052212592855","2026-01-03"
"MEX.28.38_1","Tampico","GADM2","3.6","MX","Professional Services","0.2511296473331798","22.246861801980337","-97.88052212592855","2026-01-03"
"MEX.15.59_1","Morelos","GADM2","3.6","MX","All","0.6809762306644787","19.745408789633927","-99.61451821899875","2026-01-03"
"MEX.24.52_1","Villa de Ramos","GADM2","3.6","MX","All","0.3231700547909835","22.906712842238502","-101.97837953241653","2026-01-03"
"MEX.24.52_1","Villa de Ramos","GADM2","3.6","MX","Retail","0.39410295547667346","22.906712842238502","-101.97837953241653","2026-01-03"
"MEX.12.46_1","Mochitlán","GADM2","3.6","MX","Retail","0.686690897268039","17.360093202127473","-99.29764150970321","2026-01-03"
"MEX.12.46_1","Mochitlán","GADM2","3.6","MX","All","0.7164838987496643","17.360093202127473","-99.29764150970321","2026-01-03"
"MEX.22.16_1","San Juan del Río","GADM2","3.6","MX","Manufacturing","0.48977895837716273","20.374213697747493","-100.02362976969437","2026-01-03"
"MEX.22.16_1","San Juan del Río","GADM2","3.6","MX","Retail","0.307997008101956","20.374213697747493","-100.02362976969437","2026-01-03"
"MEX.22.16_1","San Juan del Río","GADM2","3.6","MX","Grocery & Convenience Stores","0.3868725204907499","20.374213697747493","-100.02362976969437","2026-01-03"
"MEX.22.16_1","San Juan del Río","GADM2","3.6","MX","All","0.2696490366940992","20.374213697747493","-100.02362976969437","2026-01-03"
"MEX.22.16_1","San Juan del Río","GADM2","3.6","MX","","0.6817824098379551","20.374213697747493","-100.02362976969437","2026-01-03"
"MEX.22.16_1","San Juan del Río","GADM2","3.6","MX","Professional Services","0.25970629816620977","20.374213697747493","-100.02362976969437","2026-01-03"
"MEX.22.16_1","San Juan del Río","GADM2","3.6","MX","Public Good","0.1374644024823598","20.374213697747493","-100.02362976969437","2026-01-03"
"MEX.22.16_1","San Juan del Río","GADM2","3.6","MX","Restaurants","0.2466185617902727","20.374213697747493","-100.02362976969437","2026-01-03"
"MEX.22.16_1","San Juan del Río","GADM2","3.6","MX","Home Services","0.36417468405972286","20.374213697747493","-100.02362976969437","2026-01-03"
"MEX.22.16_1","San Juan del Río","GADM2","3.6","MX","Travel","0.3198845629495305","20.374213697747493","-100.02362976969437","2026-01-03"
"MEX.22.16_1","San Juan del Río","GADM2","3.6","MX","Lifestyle Services","0.21867830713338382","20.374213697747493","-100.02362976969437","2026-01-03"
"MEX.22.16_1","San Juan del Río","GADM2","3.6","MX","Local Events","0.4310540352615684","20.374213697747493","-100.02362976969437","2026-01-03"
"MEX.22.16_1","San Juan del Río","GADM2","3.6","MX","Business & Utility Services","0.2840148132038965","20.374213697747493","-100.02362976969437","2026-01-03"
"MEX.22.1_1","Amealco de Bonfin","GADM2","3.6","MX","Travel","0.37842839390855126","20.194696079459618","-100.13535284611832","2026-01-03"
"MEX.22.1_1","Amealco de Bonfin","GADM2","3.6","MX","Retail","0.3833325064131725","20.194696079459618","-100.13535284611832","2026-01-03"
"MEX.22.1_1","Amealco de Bonfin","GADM2","3.6","MX","Professional Services","0.2810871219932159","20.194696079459618","-100.13535284611832","2026-01-03"
"MEX.22.1_1","Amealco de Bonfin","GADM2","3.6","MX","Lifestyle Services","0.2262335521100398","20.194696079459618","-100.13535284611832","2026-01-03"
"MEX.22.1_1","Amealco de Bonfin","GADM2","3.6","MX","Grocery & Convenience Stores","0.3701480897139073","20.194696079459618","-100.13535284611832","2026-01-03"
"MEX.22.1_1","Amealco de Bonfin","GADM2","3.6","MX","Home Services","0.3280704396711557","20.194696079459618","-100.13535284611832","2026-01-03"
"MEX.22.1_1","Amealco de Bonfin","GADM2","3.6","MX","Local Events","0.34538134579411217","20.194696079459618","-100.13535284611832","2026-01-03"
"MEX.22.1_1","Amealco de Bonfin","GADM2","3.6","MX","All","0.19764615148041068","20.194696079459618","-100.13535284611832","2026-01-03"
"MEX.22.1_1","Amealco de Bonfin","GADM2","3.6","MX","Business & Utility Services","0.26415201238832237","20.194696079459618","-100.13535284611832","2026-01-03"
"MEX.22.1_1","Amealco de Bonfin","GADM2","3.6","MX","Restaurants","0.24556170924890247","20.194696079459618","-100.13535284611832","2026-01-03"
"MEX.16.73_1","Purépero","GADM2","3.6","MX","Professional Services","0.36620453770362216","19.90494764163039","-102.00703187496791","2026-01-03"
"MEX.16.73_1","Purépero","GADM2","3.6","MX","All","0.42260831667381654","19.90494764163039","-102.00703187496791","2026-01-03"
"MEX.16.73_1","Purépero","GADM2","3.6","MX","Lifestyle Services","0.32633096655729504","19.90494764163039","-102.00703187496791","2026-01-03"
"MEX.16.73_1","Purépero","GADM2","3.6","MX","Restaurants","0.6649969172981074","19.90494764163039","-102.00703187496791","2026-01-03"
"MEX.16.73_1","Purépero","GADM2","3.6","MX","Home Services","0.5283300350282262","19.90494764163039","-102.00703187496791","2026-01-03"
"MEX.16.73_1","Purépero","GADM2","3.6","MX","Business & Utility Services","0.5937759632097566","19.90494764163039","-102.00703187496791","2026-01-03"
"MEX.16.73_1","Purépero","GADM2","3.6","MX","Retail","0.4923869144115864","19.90494764163039","-102.00703187496791","2026-01-03"
"MEX.16.73_1","Purépero","GADM2","3.6","MX","Grocery & Convenience Stores","0.2956180059682347","19.90494764163039","-102.00703187496791","2026-01-03"
"MEX.30.75_1","Ixcatepec","GADM2","3.6","MX","All","0.5475506545098036","21.24780663170117","-98.005760480613","2026-01-03"
"MEX.1.3_1","Calvillo","GADM2","3.6","MX","Travel","0.2296532884591342","21.85266974230896","-102.72380438728861","2026-01-03"
"MEX.1.3_1","Calvillo","GADM2","3.6","MX","Home Services","0.5172527169143403","21.85266974230896","-102.72380438728861","2026-01-03"
"MEX.1.3_1","Calvillo","GADM2","3.6","MX","Retail","0.280817349208646","21.85266974230896","-102.72380438728861","2026-01-03"
"MEX.1.3_1","Calvillo","GADM2","3.6","MX","Local Events","0.4408254953060729","21.85266974230896","-102.72380438728861","2026-01-03"
"MEX.1.3_1","Calvillo","GADM2","3.6","MX","All","0.24338777780727752","21.85266974230896","-102.72380438728861","2026-01-03"
"MEX.1.3_1","Calvillo","GADM2","3.6","MX","Public Good","0.4129536462091005","21.85266974230896","-102.72380438728861","2026-01-03"
"MEX.1.3_1","Calvillo","GADM2","3.6","MX","Restaurants","0.36904159674807396","21.85266974230896","-102.72380438728861","2026-01-03"
"MEX.1.3_1","Calvillo","GADM2","3.6","MX","Grocery & Convenience Stores","0.3623898611392492","21.85266974230896","-102.72380438728861","2026-01-03"
"MEX.1.3_1","Calvillo","GADM2","3.6","MX","Lifestyle Services","0.35224425999987197","21.85266974230896","-102.72380438728861","2026-01-03"
"MEX.1.3_1","Calvillo","GADM2","3.6","MX","Business & Utility Services","0.2726558259011596","21.85266974230896","-102.72380438728861","2026-01-03"
"MEX.1.3_1","Calvillo","GADM2","3.6","MX","Professional Services","0.3253194531224253","21.85266974230896","-102.72380438728861","2026-01-03"
"MEX.16.102_1","Uruapan","GADM2","3.6","MX","Retail","0.3891849197518345","19.420816979111503","-102.09172471998353","2026-01-03"
"MEX.16.102_1","Uruapan","GADM2","3.6","MX","Restaurants","0.3684249686105652","19.420816979111503","-102.09172471998353","2026-01-03"
"MEX.16.102_1","Uruapan","GADM2","3.6","MX","Professional Services","0.3160208033200599","19.420816979111503","-102.09172471998353","2026-01-03"
"MEX.16.102_1","Uruapan","GADM2","3.6","MX","Grocery & Convenience Stores","0.27877431101421035","19.420816979111503","-102.09172471998353","2026-01-03"
"MEX.16.102_1","Uruapan","GADM2","3.6","MX","Local Events","0.45549340850146","19.420816979111503","-102.09172471998353","2026-01-03"
"MEX.16.102_1","Uruapan","GADM2","3.6","MX","All","0.3629345624532428","19.420816979111503","-102.09172471998353","2026-01-03"
"MEX.16.102_1","Uruapan","GADM2","3.6","MX","Business & Utility Services","0.32164658419475883","19.420816979111503","-102.09172471998353","2026-01-03"
"MEX.16.102_1","Uruapan","GADM2","3.6","MX","","0.6199050813935936","19.420816979111503","-102.09172471998353","2026-01-03"
"MEX.16.102_1","Uruapan","GADM2","3.6","MX","Travel","0.39490113113176845","19.420816979111503","-102.09172471998353","2026-01-03"
"MEX.16.102_1","Uruapan","GADM2","3.6","MX","Lifestyle Services","0.3613364529809564","19.420816979111503","-102.09172471998353","2026-01-03"
"MEX.16.102_1","Uruapan","GADM2","3.6","MX","Public Good","0.3090977252802181","19.420816979111503","-102.09172471998353","2026-01-03"
"MEX.16.102_1","Uruapan","GADM2","3.6","MX","Manufacturing","0.5138083206784843","19.420816979111503","-102.09172471998353","2026-01-03"
"MEX.16.102_1","Uruapan","GADM2","3.6","MX","Home Services","0.43508170768638177","19.420816979111503","-102.09172471998353","2026-01-03"
"MEX.17.29_1","Xochitepec","GADM2","3.6","MX","All","0.44593186383071526","18.759799762666553","-99.15856174553618","2026-01-03"
"MEX.17.29_1","Xochitepec","GADM2","3.6","MX","Restaurants","0.45219112553238283","18.759799762666553","-99.15856174553618","2026-01-03"
"MEX.17.29_1","Xochitepec","GADM2","3.6","MX","Travel","0.5856855769269373","18.759799762666553","-99.15856174553618","2026-01-03"
"MEX.17.29_1","Xochitepec","GADM2","3.6","MX","Public Good","0.6033404285848399","18.759799762666553","-99.15856174553618","2026-01-03"
"MEX.16.69_1","Parácuaro","GADM2","3.6","MX","All","0.5193048034522519","19.07261315981854","-102.21202051801795","2026-01-03"
"MEX.22.18_1","Tolimán","GADM2","3.6","MX","Retail","0.3413519828515854","20.923612412801187","-99.94629720789035","2026-01-03"
"MEX.22.18_1","Tolimán","GADM2","3.6","MX","All","0.3309997956454098","20.923612412801187","-99.94629720789035","2026-01-03"
"MEX.22.18_1","Tolimán","GADM2","3.6","MX","Restaurants","0.47655498221578707","20.923612412801187","-99.94629720789035","2026-01-03"
"MEX.24.12_1","Ciudad del Maíz","GADM2","3.6","MX","Local Events","0.36877383960561233","22.434781770624014","-99.64036132045325","2026-01-03"
"MEX.24.12_1","Ciudad del Maíz","GADM2","3.6","MX","Travel","0.3027607248414495","22.434781770624014","-99.64036132045325","2026-01-03"
"MEX.24.12_1","Ciudad del Maíz","GADM2","3.6","MX","Restaurants","0.3988155917285975","22.434781770624014","-99.64036132045325","2026-01-03"
"MEX.24.12_1","Ciudad del Maíz","GADM2","3.6","MX","All","0.2568836486769292","22.434781770624014","-99.64036132045325","2026-01-03"
"MEX.24.12_1","Ciudad del Maíz","GADM2","3.6","MX","Professional Services","0.1697815474202197","22.434781770624014","-99.64036132045325","2026-01-03"
"MEX.24.12_1","Ciudad del Maíz","GADM2","3.6","MX","Lifestyle Services","0.33888442825374027","22.434781770624014","-99.64036132045325","2026-01-03"
"MEX.24.12_1","Ciudad del Maíz","GADM2","3.6","MX","Home Services","0.5783434449704522","22.434781770624014","-99.64036132045325","2026-01-03"
"MEX.24.12_1","Ciudad del Maíz","GADM2","3.6","MX","Retail","0.46182227773842677","22.434781770624014","-99.64036132045325","2026-01-03"
"MEX.13.48_1","Pisaflores","GADM2","3.6","MX","All","0.42169847122942183","21.24878551330381","-98.99568997252211","2026-01-03"
"MEX.16.113_1","Zitácuaro","GADM2","3.6","MX","Manufacturing","0.5489770632017447","19.438693380831662","-100.32721936339361","2026-01-03"
"MEX.16.113_1","Zitácuaro","GADM2","3.6","MX","Retail","0.31695180911135246","19.438693380831662","-100.32721936339361","2026-01-03"
"MEX.16.113_1","Zitácuaro","GADM2","3.6","MX","Business & Utility Services","0.23103923872553697","19.438693380831662","-100.32721936339361","2026-01-03"
"MEX.16.113_1","Zitácuaro","GADM2","3.6","MX","Grocery & Convenience Stores","0.44009430751255146","19.438693380831662","-100.32721936339361","2026-01-03"
"MEX.16.113_1","Zitácuaro","GADM2","3.6","MX","Home Services","0.39965094206634966","19.438693380831662","-100.32721936339361","2026-01-03"
"MEX.16.113_1","Zitácuaro","GADM2","3.6","MX","Local Events","0.462893594973394","19.438693380831662","-100.32721936339361","2026-01-03"
"MEX.16.113_1","Zitácuaro","GADM2","3.6","MX","Lifestyle Services","0.34764028346659914","19.438693380831662","-100.32721936339361","2026-01-03"
"MEX.16.113_1","Zitácuaro","GADM2","3.6","MX","Travel","0.4406145402935725","19.438693380831662","-100.32721936339361","2026-01-03"
"MEX.16.113_1","Zitácuaro","GADM2","3.6","MX","Restaurants","0.431309213694539","19.438693380831662","-100.32721936339361","2026-01-03"
"MEX.16.113_1","Zitácuaro","GADM2","3.6","MX","Professional Services","0.24425770719528966","19.438693380831662","-100.32721936339361","2026-01-03"
"MEX.16.113_1","Zitácuaro","GADM2","3.6","MX","All","0.2790226918822814","19.438693380831662","-100.32721936339361","2026-01-03"
"MEX.16.113_1","Zitácuaro","GADM2","3.6","MX","Public Good","0.33115926546783797","19.438693380831662","-100.32721936339361","2026-01-03"
"MEX.16.113_1","Zitácuaro","GADM2","3.6","MX","","0.7118130547027529","19.438693380831662","-100.32721936339361","2026-01-03"
"MEX.32.38_1","Pinos","GADM2","3.6","MX","All","0.38602690485393454","22.243326838656884","-101.5433953872805","2026-01-03"
"MEX.32.38_1","Pinos","GADM2","3.6","MX","Public Good","0.4425697151540984","22.243326838656884","-101.5433953872805","2026-01-03"
"MEX.32.38_1","Pinos","GADM2","3.6","MX","Retail","0.3011057839400971","22.243326838656884","-101.5433953872805","2026-01-03"
"MEX.32.38_1","Pinos","GADM2","3.6","MX","Lifestyle Services","0.4060821346285516","22.243326838656884","-101.5433953872805","2026-01-03"
"MEX.32.38_1","Pinos","GADM2","3.6","MX","Restaurants","0.3763379968942777","22.243326838656884","-101.5433953872805","2026-01-03"
"MEX.32.38_1","Pinos","GADM2","3.6","MX","Home Services","0.7317807053918567","22.243326838656884","-101.5433953872805","2026-01-03"
"MEX.32.38_1","Pinos","GADM2","3.6","MX","Professional Services","0.32633737633389986","22.243326838656884","-101.5433953872805","2026-01-03"
"MEX.29.20_1","Nanacamilpa de Mariano Arista","GADM2","3.6","MX","Retail","0.464495528965609","19.505804143144733","-98.48659338561453","2026-01-03"
"MEX.29.20_1","Nanacamilpa de Mariano Arista","GADM2","3.6","MX","All","0.39054729620769846","19.505804143144733","-98.48659338561453","2026-01-03"
"MEX.29.20_1","Nanacamilpa de Mariano Arista","GADM2","3.6","MX","Local Events","0.5027053968225896","19.505804143144733","-98.48659338561453","2026-01-03"
"MEX.29.20_1","Nanacamilpa de Mariano Arista","GADM2","3.6","MX","Lifestyle Services","0.29221231578362167","19.505804143144733","-98.48659338561453","2026-01-03"
"MEX.29.20_1","Nanacamilpa de Mariano Arista","GADM2","3.6","MX","Travel","0.5385353174747457","19.505804143144733","-98.48659338561453","2026-01-03"
"MEX.29.20_1","Nanacamilpa de Mariano Arista","GADM2","3.6","MX","Restaurants","0.37209036332011325","19.505804143144733","-98.48659338561453","2026-01-03"
"MEX.16.52_1","Lázaro Cárdenas","GADM2","3.6","MX","Retail","0.3922083581970983","18.08764426236609","-102.39206641182331","2026-01-03"
"MEX.16.52_1","Lázaro Cárdenas","GADM2","3.6","MX","Restaurants","0.27321684323140216","18.08764426236609","-102.39206641182331","2026-01-03"
"MEX.16.52_1","Lázaro Cárdenas","GADM2","3.6","MX","Professional Services","0.3285845973346371","18.08764426236609","-102.39206641182331","2026-01-03"
"MEX.16.52_1","Lázaro Cárdenas","GADM2","3.6","MX","Public Good","0.2658429798940294","18.08764426236609","-102.39206641182331","2026-01-03"
"MEX.16.52_1","Lázaro Cárdenas","GADM2","3.6","MX","","0.43247403338782103","18.08764426236609","-102.39206641182331","2026-01-03"
"MEX.16.52_1","Lázaro Cárdenas","GADM2","3.6","MX","All","0.32064186454880844","18.08764426236609","-102.39206641182331","2026-01-03"
"MEX.16.52_1","Lázaro Cárdenas","GADM2","3.6","MX","Travel","0.6815021663168933","18.08764426236609","-102.39206641182331","2026-01-03"
"MEX.16.52_1","Lázaro Cárdenas","GADM2","3.6","MX","Business & Utility Services","0.43231489413099045","18.08764426236609","-102.39206641182331","2026-01-03"
"MEX.16.52_1","Lázaro Cárdenas","GADM2","3.6","MX","Manufacturing","0.5283089341921264","18.08764426236609","-102.39206641182331","2026-01-03"
"MEX.16.52_1","Lázaro Cárdenas","GADM2","3.6","MX","Lifestyle Services","0.12365488409200098","18.08764426236609","-102.39206641182331","2026-01-03"
"MEX.16.52_1","Lázaro Cárdenas","GADM2","3.6","MX","Grocery & Convenience Stores","0.31959397137079926","18.08764426236609","-102.39206641182331","2026-01-03"
"MEX.16.52_1","Lázaro Cárdenas","GADM2","3.6","MX","Local Events","0.4684692302899971","18.08764426236609","-102.39206641182331","2026-01-03"
"MEX.16.52_1","Lázaro Cárdenas","GADM2","3.6","MX","Home Services","0.2754465961498479","18.08764426236609","-102.39206641182331","2026-01-03"
"MEX.16.3_1","Álvaro Obregón","GADM2","3.6","MX","Retail","0.44128425767782914","19.85847561359537","-101.04046212656398","2026-01-03"
"MEX.16.3_1","Álvaro Obregón","GADM2","3.6","MX","All","0.5307345767969637","19.85847561359537","-101.04046212656398","2026-01-03"
"MEX.16.3_1","Álvaro Obregón","GADM2","3.6","MX","Home Services","0.5027873814449485","19.85847561359537","-101.04046212656398","2026-01-03"
"MEX.16.3_1","Álvaro Obregón","GADM2","3.6","MX","Professional Services","0.38631310453212586","19.85847561359537","-101.04046212656398","2026-01-03"
"MEX.16.3_1","Álvaro Obregón","GADM2","3.6","MX","Restaurants","0.6287748056651418","19.85847561359537","-101.04046212656398","2026-01-03"
"MEX.12.70_1","Xalpatláhuac","GADM2","3.6","MX","All","0.2508620541209435","17.48027760819079","-98.47411699538263","2026-01-03"
"MEX.13.22_1","Epazoyucan","GADM2","3.6","MX","All","0.725936311402384","20.01461520117063","-98.593344535237","2026-01-03"
"MEX.13.22_1","Epazoyucan","GADM2","3.6","MX","Retail","0.671931572011078","20.01461520117063","-98.593344535237","2026-01-03"
"MEX.13.22_1","Epazoyucan","GADM2","3.6","MX","Restaurants","0.6595451548554347","20.01461520117063","-98.593344535237","2026-01-03"
"MEX.9.11_1","Miguel Hidalgo","GADM2","3.6","MX","Local Events","0.14728520338339032","19.382105542013292","-99.17091733490716","2026-01-03"
"MEX.9.11_1","Miguel Hidalgo","GADM2","3.6","MX","Manufacturing","0.203425159920435","19.382105542013292","-99.17091733490716","2026-01-03"
"MEX.9.11_1","Miguel Hidalgo","GADM2","3.6","MX","Lifestyle Services","0.22062883687024953","19.382105542013292","-99.17091733490716","2026-01-03"
"MEX.12.41_1","La Union","GADM2","3.6","MX","Retail","0.37889079249584684","18.024301753978026","-101.87142513257409","2026-01-03"
"MEX.12.41_1","La Union","GADM2","3.6","MX","Travel","0.3669035188948221","18.024301753978026","-101.87142513257409","2026-01-03"
"MEX.12.41_1","La Union","GADM2","3.6","MX","All","0.4378846344538533","18.024301753978026","-101.87142513257409","2026-01-03"
"MEX.12.41_1","La Union","GADM2","3.6","MX","Restaurants","0.5231467876776514","18.024301753978026","-101.87142513257409","2026-01-03"
"MEX.12.41_1","La Union","GADM2","3.6","MX","Professional Services","0.3193141128945999","18.024301753978026","-101.87142513257409","2026-01-03"
"MEX.20.18_1","Dist. Putla","GADM2","3.6","MX","Retail","0.614840809535888","16.899319716468508","-97.81767517600336","2026-01-03"
"MEX.20.18_1","Dist. Putla","GADM2","3.6","MX","Lifestyle Services","0.4179036893810762","16.899319716468508","-97.81767517600336","2026-01-03"
"MEX.20.18_1","Dist. Putla","GADM2","3.6","MX","Grocery & Convenience Stores","0.4038373567503819","16.899319716468508","-97.81767517600336","2026-01-03"
"MEX.20.18_1","Dist. Putla","GADM2","3.6","MX","Restaurants","0.683517713975721","16.899319716468508","-97.81767517600336","2026-01-03"
"MEX.20.18_1","Dist. Putla","GADM2","3.6","MX","Public Good","0.6595964916329186","16.899319716468508","-97.81767517600336","2026-01-03"
"MEX.20.18_1","Dist. Putla","GADM2","3.6","MX","Business & Utility Services","0.5866806843649442","16.899319716468508","-97.81767517600336","2026-01-03"
"MEX.20.18_1","Dist. Putla","GADM2","3.6","MX","Professional Services","0.34419541035517176","16.899319716468508","-97.81767517600336","2026-01-03"
"MEX.20.18_1","Dist. Putla","GADM2","3.6","MX","Home Services","0.5044583787286486","16.899319716468508","-97.81767517600336","2026-01-03"
"MEX.20.18_1","Dist. Putla","GADM2","3.6","MX","All","0.5074472838967574","16.899319716468508","-97.81767517600336","2026-01-03"
"MEX.21.59_1","Domingo Arenas","GADM2","3.6","MX","All","0.5316385797399261","19.19703726031748","-98.4677928436221","2026-01-03"
"MEX.21.59_1","Domingo Arenas","GADM2","3.6","MX","Restaurants","0.43729712030789264","19.19703726031748","-98.4677928436221","2026-01-03"
"MEX.21.59_1","Domingo Arenas","GADM2","3.6","MX","Retail","0.4776427150271593","19.19703726031748","-98.4677928436221","2026-01-03"
"MEX.21.210_1","Zihuateutla","GADM2","3.6","MX","All","0.42037470394141596","20.258979399299598","-97.77730291886702","2026-01-03"
"MEX.29.37_1","Totolac","GADM2","3.6","MX","All","0.3265989099620246","19.355698968806266","-98.16177626255963","2026-01-03"
"MEX.29.37_1","Totolac","GADM2","3.6","MX","Grocery & Convenience Stores","0.5184438684064562","19.355698968806266","-98.16177626255963","2026-01-03"
"MEX.29.37_1","Totolac","GADM2","3.6","MX","Home Services","0.30592935496939394","19.355698968806266","-98.16177626255963","2026-01-03"
"MEX.29.37_1","Totolac","GADM2","3.6","MX","Professional Services","0.3334349511149687","19.355698968806266","-98.16177626255963","2026-01-03"
"MEX.29.37_1","Totolac","GADM2","3.6","MX","Restaurants","0.4434702877177994","19.355698968806266","-98.16177626255963","2026-01-03"
"MEX.29.37_1","Totolac","GADM2","3.6","MX","Retail","0.41518970714999487","19.355698968806266","-98.16177626255963","2026-01-03"
"MEX.13.1_1","Acatlán","GADM2","3.6","MX","Restaurants","0.7347831291852026","20.192667634805847","-98.39118467652781","2026-01-03"
"MEX.13.1_1","Acatlán","GADM2","3.6","MX","All","0.3855775498696487","20.192667634805847","-98.39118467652781","2026-01-03"
"MEX.13.1_1","Acatlán","GADM2","3.6","MX","Business & Utility Services","0.6742377965826083","20.192667634805847","-98.39118467652781","2026-01-03"
"MEX.13.1_1","Acatlán","GADM2","3.6","MX","Home Services","0.2573963428959402","20.192667634805847","-98.39118467652781","2026-01-03"
"MEX.13.1_1","Acatlán","GADM2","3.6","MX","Retail","0.2761465245823397","20.192667634805847","-98.39118467652781","2026-01-03"
"MEX.15.71_1","Papalotla","GADM2","3.6","MX","Home Services","0.555769115125394","19.51414983396684","-98.8482438456046","2026-01-03"
"MEX.15.71_1","Papalotla","GADM2","3.6","MX","Professional Services","0.44532630052673444","19.51414983396684","-98.8482438456046","2026-01-03"
"MEX.15.71_1","Papalotla","GADM2","3.6","MX","Retail","0.1114301609480044","19.51414983396684","-98.8482438456046","2026-01-03"
"MEX.15.71_1","Papalotla","GADM2","3.6","MX","Restaurants","0.6152835631025225","19.51414983396684","-98.8482438456046","2026-01-03"
"MEX.15.71_1","Papalotla","GADM2","3.6","MX","All","0.2607407615423429","19.51414983396684","-98.8482438456046","2026-01-03"
"MEX.13.11_1","Atotonilco de Tula","GADM2","3.6","MX","Public Good","0.3708168222148799","20.009343121785445","-99.13655022849278","2026-01-03"
"MEX.13.11_1","Atotonilco de Tula","GADM2","3.6","MX","Lifestyle Services","0.3561757935970683","20.009343121785445","-99.13655022849278","2026-01-03"
"MEX.13.11_1","Atotonilco de Tula","GADM2","3.6","MX","Retail","0.5763215373746766","20.009343121785445","-99.13655022849278","2026-01-03"
"MEX.13.11_1","Atotonilco de Tula","GADM2","3.6","MX","Home Services","0.4962676502262818","20.009343121785445","-99.13655022849278","2026-01-03"
"MEX.13.11_1","Atotonilco de Tula","GADM2","3.6","MX","All","0.3413250216001277","20.009343121785445","-99.13655022849278","2026-01-03"
"MEX.13.11_1","Atotonilco de Tula","GADM2","3.6","MX","Grocery & Convenience Stores","0.5877984104917998","20.009343121785445","-99.13655022849278","2026-01-03"
"MEX.13.11_1","Atotonilco de Tula","GADM2","3.6","MX","Business & Utility Services","0.45174228349293294","20.009343121785445","-99.13655022849278","2026-01-03"
"MEX.13.11_1","Atotonilco de Tula","GADM2","3.6","MX","Restaurants","0.240073849832897","20.009343121785445","-99.13655022849278","2026-01-03"
"MEX.13.11_1","Atotonilco de Tula","GADM2","3.6","MX","Professional Services","0.3289932059041331","20.009343121785445","-99.13655022849278","2026-01-03"
"MEX.16.58_1","Morelos","GADM2","3.6","MX","All","0.3169745705808742","19.980365977513937","-101.46711523056962","2026-01-03"
"MEX.21.114_1","Quecholac","GADM2","3.6","MX","Professional Services","0.25349145673101975","18.969428377976477","-97.55710894964224","2026-01-03"
"MEX.21.114_1","Quecholac","GADM2","3.6","MX","Home Services","0.628363317241793","18.969428377976477","-97.55710894964224","2026-01-03"
"MEX.21.114_1","Quecholac","GADM2","3.6","MX","Restaurants","0.2640490317172236","18.969428377976477","-97.55710894964224","2026-01-03"
"MEX.21.114_1","Quecholac","GADM2","3.6","MX","All","0.3253756918696534","18.969428377976477","-97.55710894964224","2026-01-03"
"MEX.21.114_1","Quecholac","GADM2","3.6","MX","Business & Utility Services","0.4978003108377494","18.969428377976477","-97.55710894964224","2026-01-03"
"MEX.21.114_1","Quecholac","GADM2","3.6","MX","Local Events","0.32725031806310234","18.969428377976477","-97.55710894964224","2026-01-03"
"MEX.21.114_1","Quecholac","GADM2","3.6","MX","Public Good","0.3476676145704033","18.969428377976477","-97.55710894964224","2026-01-03"
"MEX.21.114_1","Quecholac","GADM2","3.6","MX","Grocery & Convenience Stores","0.44496806111783826","18.969428377976477","-97.55710894964224","2026-01-03"
"MEX.21.114_1","Quecholac","GADM2","3.6","MX","Lifestyle Services","0.5688134351517719","18.969428377976477","-97.55710894964224","2026-01-03"
"MEX.21.114_1","Quecholac","GADM2","3.6","MX","Retail","0.5829587919418865","18.969428377976477","-97.55710894964224","2026-01-03"
"MEX.21.124_1","San Jerónimo Tecuanipan","GADM2","3.6","MX","Retail","0.2256970007887029","19.068420355690375","-98.30745427710492","2026-01-03"
"MEX.21.124_1","San Jerónimo Tecuanipan","GADM2","3.6","MX","Restaurants","0.22634497179641302","19.068420355690375","-98.30745427710492","2026-01-03"
"MEX.21.124_1","San Jerónimo Tecuanipan","GADM2","3.6","MX","Professional Services","0.3098596653482623","19.068420355690375","-98.30745427710492","2026-01-03"
"MEX.21.124_1","San Jerónimo Tecuanipan","GADM2","3.6","MX","","0.2536685012226142","19.068420355690375","-98.30745427710492","2026-01-03"
"MEX.21.124_1","San Jerónimo Tecuanipan","GADM2","3.6","MX","All","0.2544380944490988","19.068420355690375","-98.30745427710492","2026-01-03"
"MEX.21.124_1","San Jerónimo Tecuanipan","GADM2","3.6","MX","Public Good","0.27534779052093467","19.068420355690375","-98.30745427710492","2026-01-03"
"MEX.21.124_1","San Jerónimo Tecuanipan","GADM2","3.6","MX","Travel","0.46978488740084046","19.068420355690375","-98.30745427710492","2026-01-03"
"MEX.21.124_1","San Jerónimo Tecuanipan","GADM2","3.6","MX","Manufacturing","0.5891276119961734","19.068420355690375","-98.30745427710492","2026-01-03"
"MEX.21.124_1","San Jerónimo Tecuanipan","GADM2","3.6","MX","Local Events","0.25642642352063333","19.068420355690375","-98.30745427710492","2026-01-03"
"MEX.21.124_1","San Jerónimo Tecuanipan","GADM2","3.6","MX","Home Services","0.4080200919840945","19.068420355690375","-98.30745427710492","2026-01-03"
"MEX.21.124_1","San Jerónimo Tecuanipan","GADM2","3.6","MX","Lifestyle Services","0.27970442899178133","19.068420355690375","-98.30745427710492","2026-01-03"
"MEX.21.124_1","San Jerónimo Tecuanipan","GADM2","3.6","MX","Business & Utility Services","0.512217782508106","19.068420355690375","-98.30745427710492","2026-01-03"
"MEX.21.124_1","San Jerónimo Tecuanipan","GADM2","3.6","MX","Grocery & Convenience Stores","0.3807507010865559","19.068420355690375","-98.30745427710492","2026-01-03"
"MEX.21.149_1","Soltepec","GADM2","3.6","MX","Professional Services","0.41111683080334466","19.142830341233623","-97.64390906127943","2026-01-03"
"MEX.21.149_1","Soltepec","GADM2","3.6","MX","All","0.466793016401478","19.142830341233623","-97.64390906127943","2026-01-03"
"MEX.21.149_1","Soltepec","GADM2","3.6","MX","Retail","0.42778050687707514","19.142830341233623","-97.64390906127943","2026-01-03"
"MEX.21.149_1","Soltepec","GADM2","3.6","MX","Grocery & Convenience Stores","0.5011363858606258","19.142830341233623","-97.64390906127943","2026-01-03"
"MEX.21.149_1","Soltepec","GADM2","3.6","MX","Restaurants","0.6429066785960237","19.142830341233623","-97.64390906127943","2026-01-03"
"MEX.21.134_1","San Miguel Xoxtla","GADM2","3.6","MX","Local Events","0.23432190070927378","19.17570817727754","-98.23633601113177","2026-01-03"
"MEX.21.134_1","San Miguel Xoxtla","GADM2","3.6","MX","Retail","0.5652946560340114","19.17570817727754","-98.23633601113177","2026-01-03"
"MEX.21.134_1","San Miguel Xoxtla","GADM2","3.6","MX","Home Services","0.4563025266483715","19.17570817727754","-98.23633601113177","2026-01-03"
"MEX.21.134_1","San Miguel Xoxtla","GADM2","3.6","MX","Public Good","0.6603623886158293","19.17570817727754","-98.23633601113177","2026-01-03"
"MEX.21.134_1","San Miguel Xoxtla","GADM2","3.6","MX","Business & Utility Services","0.40473580111643487","19.17570817727754","-98.23633601113177","2026-01-03"
"MEX.21.134_1","San Miguel Xoxtla","GADM2","3.6","MX","Grocery & Convenience Stores","0.6165258582064305","19.17570817727754","-98.23633601113177","2026-01-03"
"MEX.21.134_1","San Miguel Xoxtla","GADM2","3.6","MX","All","0.37750276705172814","19.17570817727754","-98.23633601113177","2026-01-03"
"MEX.21.134_1","San Miguel Xoxtla","GADM2","3.6","MX","Restaurants","0.5470748352154862","19.17570817727754","-98.23633601113177","2026-01-03"
"MEX.21.134_1","San Miguel Xoxtla","GADM2","3.6","MX","Professional Services","0.375808172185977","19.17570817727754","-98.23633601113177","2026-01-03"
"MEX.21.134_1","San Miguel Xoxtla","GADM2","3.6","MX","Lifestyle Services","0.3848686259117165","19.17570817727754","-98.23633601113177","2026-01-03"
"MEX.21.141_1","San Salvador el Verde","GADM2","3.6","MX","Grocery & Convenience Stores","0.6989819746839034","19.269198377454174","-98.4991035787467","2026-01-03"
"MEX.21.141_1","San Salvador el Verde","GADM2","3.6","MX","Travel","0.36255886694503653","19.269198377454174","-98.4991035787467","2026-01-03"
"MEX.21.141_1","San Salvador el Verde","GADM2","3.6","MX","Manufacturing","0.31343323059056294","19.269198377454174","-98.4991035787467","2026-01-03"
"MEX.21.141_1","San Salvador el Verde","GADM2","3.6","MX","","0.4687171904120352","19.269198377454174","-98.4991035787467","2026-01-03"
"MEX.21.141_1","San Salvador el Verde","GADM2","3.6","MX","Local Events","0.6943921427078041","19.269198377454174","-98.4991035787467","2026-01-03"
"MEX.21.141_1","San Salvador el Verde","GADM2","3.6","MX","Restaurants","0.5085080571118753","19.269198377454174","-98.4991035787467","2026-01-03"
"MEX.21.141_1","San Salvador el Verde","GADM2","3.6","MX","Retail","0.41787666877578655","19.269198377454174","-98.4991035787467","2026-01-03"
"MEX.21.141_1","San Salvador el Verde","GADM2","3.6","MX","All","0.36222584322617457","19.269198377454174","-98.4991035787467","2026-01-03"
"MEX.21.141_1","San Salvador el Verde","GADM2","3.6","MX","Business & Utility Services","0.4414094580494879","19.269198377454174","-98.4991035787467","2026-01-03"
"MEX.21.141_1","San Salvador el Verde","GADM2","3.6","MX","Lifestyle Services","0.24894866918746963","19.269198377454174","-98.4991035787467","2026-01-03"
"MEX.21.141_1","San Salvador el Verde","GADM2","3.6","MX","Home Services","0.3530810751344274","19.269198377454174","-98.4991035787467","2026-01-03"
"MEX.21.141_1","San Salvador el Verde","GADM2","3.6","MX","Professional Services","0.2552464932475348","19.269198377454174","-98.4991035787467","2026-01-03"
"MEX.21.141_1","San Salvador el Verde","GADM2","3.6","MX","Public Good","0.4486550560006566","19.269198377454174","-98.4991035787467","2026-01-03"
"MEX.20.3_1","Cuicatlan","GADM2","3.6","MX","Professional Services","0.3145284016883597","17.833669443304455","-96.83940674605756","2026-01-03"
"MEX.20.3_1","Cuicatlan","GADM2","3.6","MX","Grocery & Convenience Stores","0.6667287444850064","17.833669443304455","-96.83940674605756","2026-01-03"
"MEX.20.3_1","Cuicatlan","GADM2","3.6","MX","Restaurants","0.6549403404559564","17.833669443304455","-96.83940674605756","2026-01-03"
"MEX.20.3_1","Cuicatlan","GADM2","3.6","MX","Retail","0.28665356795977165","17.833669443304455","-96.83940674605756","2026-01-03"
"MEX.20.3_1","Cuicatlan","GADM2","3.6","MX","All","0.5105643614991292","17.833669443304455","-96.83940674605756","2026-01-03"
"MEX.14.12_1","Atotonilco El Alto","GADM2","3.6","MX","Local Events","0.3932678939775635","20.513295535052674","-102.53655186425468","2026-01-03"
"MEX.14.12_1","Atotonilco El Alto","GADM2","3.6","MX","Lifestyle Services","0.6175165339023817","20.513295535052674","-102.53655186425468","2026-01-03"
"MEX.14.12_1","Atotonilco El Alto","GADM2","3.6","MX","Professional Services","0.4732591291762106","20.513295535052674","-102.53655186425468","2026-01-03"
"MEX.14.12_1","Atotonilco El Alto","GADM2","3.6","MX","Retail","0.4455320728742173","20.513295535052674","-102.53655186425468","2026-01-03"
"MEX.14.12_1","Atotonilco El Alto","GADM2","3.6","MX","Travel","0.47190306537173854","20.513295535052674","-102.53655186425468","2026-01-03"
"MEX.14.12_1","Atotonilco El Alto","GADM2","3.6","MX","Restaurants","0.5286803573724193","20.513295535052674","-102.53655186425468","2026-01-03"
"MEX.14.12_1","Atotonilco El Alto","GADM2","3.6","MX","Public Good","0.5031434058005148","20.513295535052674","-102.53655186425468","2026-01-03"
"MEX.14.12_1","Atotonilco El Alto","GADM2","3.6","MX","All","0.4633764304980877","20.513295535052674","-102.53655186425468","2026-01-03"
"MEX.14.12_1","Atotonilco El Alto","GADM2","3.6","MX","Business & Utility Services","0.494177851223864","20.513295535052674","-102.53655186425468","2026-01-03"
"MEX.14.12_1","Atotonilco El Alto","GADM2","3.6","MX","Grocery & Convenience Stores","0.6461750904309288","20.513295535052674","-102.53655186425468","2026-01-03"
"MEX.14.12_1","Atotonilco El Alto","GADM2","3.6","MX","Home Services","0.402604178495482","20.513295535052674","-102.53655186425468","2026-01-03"
"MEX.21.191_1","Vicente Guerrero","GADM2","3.6","MX","All","0.45445441569421635","18.54847705701428","-97.08326351815619","2026-01-03"
"MEX.12.47_1","Olinalá","GADM2","3.6","MX","All","0.3342805109306352","17.920868585703136","-98.68551354473009","2026-01-03"
"MEX.12.47_1","Olinalá","GADM2","3.6","MX","Restaurants","0.451320266524382","17.920868585703136","-98.68551354473009","2026-01-03"
"MEX.12.47_1","Olinalá","GADM2","3.6","MX","Retail","0.3977984227166406","17.920868585703136","-98.68551354473009","2026-01-03"
"MEX.16.40_1","Indoparapeo","GADM2","3.6","MX","All","0.5684740229514298","19.759752343351476","-100.94620369085753","2026-01-03"
"MEX.11.1_1","Abasolo","GADM2","3.6","MX","Retail","0.4405854962849312","20.54880352276868","-101.53233690747449","2026-01-03"
"MEX.11.1_1","Abasolo","GADM2","3.6","MX","All","0.28643557447170426","20.54880352276868","-101.53233690747449","2026-01-03"
"MEX.11.1_1","Abasolo","GADM2","3.6","MX","Grocery & Convenience Stores","0.37533176777101634","20.54880352276868","-101.53233690747449","2026-01-03"
"MEX.11.1_1","Abasolo","GADM2","3.6","MX","Public Good","0.6430450817226088","20.54880352276868","-101.53233690747449","2026-01-03"
"MEX.11.1_1","Abasolo","GADM2","3.6","MX","Lifestyle Services","0.1577531039687162","20.54880352276868","-101.53233690747449","2026-01-03"
"MEX.11.1_1","Abasolo","GADM2","3.6","MX","Business & Utility Services","0.5605270950059685","20.54880352276868","-101.53233690747449","2026-01-03"
"MEX.11.1_1","Abasolo","GADM2","3.6","MX","Professional Services","0.2896489538794926","20.54880352276868","-101.53233690747449","2026-01-03"
"MEX.11.1_1","Abasolo","GADM2","3.6","MX","Local Events","0.6418743103854279","20.54880352276868","-101.53233690747449","2026-01-03"
"MEX.11.1_1","Abasolo","GADM2","3.6","MX","Home Services","0.5329694376875672","20.54880352276868","-101.53233690747449","2026-01-03"
"MEX.11.1_1","Abasolo","GADM2","3.6","MX","Restaurants","0.36586177862678454","20.54880352276868","-101.53233690747449","2026-01-03"
"MEX.24.30_1","San Martín Chalchicuautla","GADM2","3.6","MX","Professional Services","0.22070208881384687","21.439406613612107","-98.65371933733064","2026-01-03"
"MEX.24.30_1","San Martín Chalchicuautla","GADM2","3.6","MX","Restaurants","0.540213698120934","21.439406613612107","-98.65371933733064","2026-01-03"
"MEX.24.30_1","San Martín Chalchicuautla","GADM2","3.6","MX","All","0.25678919975444275","21.439406613612107","-98.65371933733064","2026-01-03"
"MEX.30.62_1","Emiliano Zapata","GADM2","3.6","MX","Home Services","0.5091115893677749","19.440573749437593","-96.6370680102048","2026-01-03"
"MEX.30.62_1","Emiliano Zapata","GADM2","3.6","MX","Restaurants","0.4781195932941585","19.440573749437593","-96.6370680102048","2026-01-03"
"MEX.30.62_1","Emiliano Zapata","GADM2","3.6","MX","All","0.4839163938887929","19.440573749437593","-96.6370680102048","2026-01-03"
"MEX.30.62_1","Emiliano Zapata","GADM2","3.6","MX","Local Events","0.40661516465983294","19.440573749437593","-96.6370680102048","2026-01-03"
"MEX.30.62_1","Emiliano Zapata","GADM2","3.6","MX","Professional Services","0.5130143817677089","19.440573749437593","-96.6370680102048","2026-01-03"
"MEX.30.62_1","Emiliano Zapata","GADM2","3.6","MX","Retail","0.6613673547501995","19.440573749437593","-96.6370680102048","2026-01-03"
"MEX.30.3_1","Acayucan","GADM2","3.6","MX","All","0.3072090190718547","18.019290652589802","-95.06809225412016","2026-01-03"
"MEX.30.3_1","Acayucan","GADM2","3.6","MX","Professional Services","0.25553282323625165","18.019290652589802","-95.06809225412016","2026-01-03"
"MEX.30.3_1","Acayucan","GADM2","3.6","MX","Retail","0.40289059336506566","18.019290652589802","-95.06809225412016","2026-01-03"
"MEX.16.77_1","Sahuayo","GADM2","3.6","MX","Lifestyle Services","0.8135658616446325","20.03491425294533","-102.78312988914624","2026-01-03"
"MEX.16.77_1","Sahuayo","GADM2","3.6","MX","Retail","0.5642565119701504","20.03491425294533","-102.78312988914624","2026-01-03"
"MEX.16.77_1","Sahuayo","GADM2","3.6","MX","Business & Utility Services","0.39726575669880954","20.03491425294533","-102.78312988914624","2026-01-03"
"MEX.16.77_1","Sahuayo","GADM2","3.6","MX","Restaurants","0.5385465181238803","20.03491425294533","-102.78312988914624","2026-01-03"
"MEX.16.77_1","Sahuayo","GADM2","3.6","MX","Professional Services","0.31234066648467634","20.03491425294533","-102.78312988914624","2026-01-03"
"MEX.16.77_1","Sahuayo","GADM2","3.6","MX","All","0.5578653803167682","20.03491425294533","-102.78312988914624","2026-01-03"
"MEX.16.12_1","Buenavista","GADM2","3.6","MX","All","0.39533656387198207","19.21005998737226","-102.60415498937913","2026-01-03"
"MEX.16.12_1","Buenavista","GADM2","3.6","MX","Home Services","0.4303624142627906","19.21005998737226","-102.60415498937913","2026-01-03"
"MEX.16.12_1","Buenavista","GADM2","3.6","MX","Grocery & Convenience Stores","0.49389510244102","19.21005998737226","-102.60415498937913","2026-01-03"
"MEX.16.12_1","Buenavista","GADM2","3.6","MX","Retail","0.38049116931857635","19.21005998737226","-102.60415498937913","2026-01-03"
"MEX.16.12_1","Buenavista","GADM2","3.6","MX","Professional Services","0.5030496878532887","19.21005998737226","-102.60415498937913","2026-01-03"
"MEX.16.12_1","Buenavista","GADM2","3.6","MX","Lifestyle Services","0.36481660123921555","19.21005998737226","-102.60415498937913","2026-01-03"
"MEX.16.12_1","Buenavista","GADM2","3.6","MX","Restaurants","0.4845923686922412","19.21005998737226","-102.60415498937913","2026-01-03"
"MEX.16.35_1","Hidalgo","GADM2","3.6","MX","Business & Utility Services","0.5282067054195295","19.58793457912502","-100.64761163609118","2026-01-03"
"MEX.16.35_1","Hidalgo","GADM2","3.6","MX","Restaurants","0.5170447604184993","19.58793457912502","-100.64761163609118","2026-01-03"
"MEX.16.35_1","Hidalgo","GADM2","3.6","MX","Home Services","0.7194037323016625","19.58793457912502","-100.64761163609118","2026-01-03"
"MEX.16.35_1","Hidalgo","GADM2","3.6","MX","Public Good","0.5523506717482993","19.58793457912502","-100.64761163609118","2026-01-03"
"MEX.16.35_1","Hidalgo","GADM2","3.6","MX","Retail","0.48848894057420295","19.58793457912502","-100.64761163609118","2026-01-03"
"MEX.16.35_1","Hidalgo","GADM2","3.6","MX","Travel","0.4684509083012332","19.58793457912502","-100.64761163609118","2026-01-03"
"MEX.16.35_1","Hidalgo","GADM2","3.6","MX","Lifestyle Services","0.25979560864566625","19.58793457912502","-100.64761163609118","2026-01-03"
"MEX.16.35_1","Hidalgo","GADM2","3.6","MX","Local Events","0.3662324336684377","19.58793457912502","-100.64761163609118","2026-01-03"
"MEX.16.35_1","Hidalgo","GADM2","3.6","MX","Professional Services","0.35549234057525175","19.58793457912502","-100.64761163609118","2026-01-03"
"MEX.16.35_1","Hidalgo","GADM2","3.6","MX","Grocery & Convenience Stores","0.6033903484724547","19.58793457912502","-100.64761163609118","2026-01-03"
"MEX.16.35_1","Hidalgo","GADM2","3.6","MX","All","0.4771265719064658","19.58793457912502","-100.64761163609118","2026-01-03"
"MEX.11.38_1","Tarandacuao","GADM2","3.6","MX","Retail","0.6404749729948115","20.00398925691873","-100.549951134515","2026-01-03"
"MEX.11.38_1","Tarandacuao","GADM2","3.6","MX","Restaurants","0.7143753623096527","20.00398925691873","-100.549951134515","2026-01-03"
"MEX.11.38_1","Tarandacuao","GADM2","3.6","MX","All","0.6865361303649066","20.00398925691873","-100.549951134515","2026-01-03"
"MEX.16.72_1","Peribán","GADM2","3.6","MX","Retail","0.39173632828387045","19.484692187483525","-102.46794307182067","2026-01-03"
"MEX.16.72_1","Peribán","GADM2","3.6","MX","All","0.45510920130517707","19.484692187483525","-102.46794307182067","2026-01-03"
"MEX.16.72_1","Peribán","GADM2","3.6","MX","Restaurants","0.454630022584937","19.484692187483525","-102.46794307182067","2026-01-03"
"MEX.16.72_1","Peribán","GADM2","3.6","MX","Home Services","0.5433248757551609","19.484692187483525","-102.46794307182067","2026-01-03"
"MEX.16.72_1","Peribán","GADM2","3.6","MX","Professional Services","0.3300832719862054","19.484692187483525","-102.46794307182067","2026-01-03"
"MEX.16.72_1","Peribán","GADM2","3.6","MX","Lifestyle Services","0.5606890384802762","19.484692187483525","-102.46794307182067","2026-01-03"
"MEX.16.72_1","Peribán","GADM2","3.6","MX","Business & Utility Services","0.30185277833253477","19.484692187483525","-102.46794307182067","2026-01-03"
"MEX.16.72_1","Peribán","GADM2","3.6","MX","Public Good","0.24545409615110678","19.484692187483525","-102.46794307182067","2026-01-03"
"MEX.15.3_1","Aculco","GADM2","3.6","MX","Professional Services","0.2899706844824538","20.117553816688197","-99.83309643105233","2026-01-03"
"MEX.15.3_1","Aculco","GADM2","3.6","MX","All","0.5901481870172708","20.117553816688197","-99.83309643105233","2026-01-03"
"MEX.15.3_1","Aculco","GADM2","3.6","MX","Retail","0.6934218280179391","20.117553816688197","-99.83309643105233","2026-01-03"
"MEX.15.3_1","Aculco","GADM2","3.6","MX","Restaurants","0.4646137195950434","20.117553816688197","-99.83309643105233","2026-01-03"
"MEX.16.48_1","Jungapeo","GADM2","3.6","MX","All","0.5325874574385081","19.41753256018492","-100.48509397571817","2026-01-03"
"MEX.14.111_1","Unión de San Antonio","GADM2","3.6","MX","Retail","0.42548025827353175","21.13432752704485","-102.04820038461197","2026-01-03"
"MEX.14.111_1","Unión de San Antonio","GADM2","3.6","MX","Lifestyle Services","0.4122153839351772","21.13432752704485","-102.04820038461197","2026-01-03"
"MEX.14.111_1","Unión de San Antonio","GADM2","3.6","MX","Restaurants","0.5969802405264825","21.13432752704485","-102.04820038461197","2026-01-03"
"MEX.14.111_1","Unión de San Antonio","GADM2","3.6","MX","All","0.41262963930956814","21.13432752704485","-102.04820038461197","2026-01-03"
"MEX.14.111_1","Unión de San Antonio","GADM2","3.6","MX","Grocery & Convenience Stores","0.3804292566746069","21.13432752704485","-102.04820038461197","2026-01-03"
"MEX.14.111_1","Unión de San Antonio","GADM2","3.6","MX","Professional Services","0.5316947665205596","21.13432752704485","-102.04820038461197","2026-01-03"
"MEX.14.111_1","Unión de San Antonio","GADM2","3.6","MX","Home Services","0.5214941049289368","21.13432752704485","-102.04820038461197","2026-01-03"
"MEX.29.38_1","Tzompantepec","GADM2","3.6","MX","Retail","0.44291949428591687","19.399298985901225","-98.0121547055545","2026-01-03"
"MEX.29.38_1","Tzompantepec","GADM2","3.6","MX","All","0.5557156794403426","19.399298985901225","-98.0121547055545","2026-01-03"
"MEX.29.38_1","Tzompantepec","GADM2","3.6","MX","Restaurants","0.7378140313549848","19.399298985901225","-98.0121547055545","2026-01-03"
"MEX.29.38_1","Tzompantepec","GADM2","3.6","MX","Home Services","0.5090435263405819","19.399298985901225","-98.0121547055545","2026-01-03"
"MEX.29.38_1","Tzompantepec","GADM2","3.6","MX","Professional Services","0.4151173655294857","19.399298985901225","-98.0121547055545","2026-01-03"
"MEX.15.72_1","Polotitlán","GADM2","3.6","MX","Professional Services","0.47923444036633117","20.22934547766529","-99.81315559889408","2026-01-03"
"MEX.15.72_1","Polotitlán","GADM2","3.6","MX","Restaurants","0.35155605510459326","20.22934547766529","-99.81315559889408","2026-01-03"
"MEX.15.72_1","Polotitlán","GADM2","3.6","MX","Retail","0.6844866800485284","20.22934547766529","-99.81315559889408","2026-01-03"
"MEX.15.72_1","Polotitlán","GADM2","3.6","MX","All","0.6755574230063482","20.22934547766529","-99.81315559889408","2026-01-03"
"MEX.15.36_1","El Oro","GADM2","3.6","MX","All","0.2500853819528963","19.812139860464136","-100.07149601433738","2026-01-03"
"MEX.15.36_1","El Oro","GADM2","3.6","MX","Retail","0.3126489009211018","19.812139860464136","-100.07149601433738","2026-01-03"
"MEX.15.36_1","El Oro","GADM2","3.6","MX","Restaurants","0.34375958869201767","19.812139860464136","-100.07149601433738","2026-01-03"
"MEX.15.36_1","El Oro","GADM2","3.6","MX","Travel","0.24429483235113972","19.812139860464136","-100.07149601433738","2026-01-03"
"MEX.15.36_1","El Oro","GADM2","3.6","MX","Public Good","0.5834189391310927","19.812139860464136","-100.07149601433738","2026-01-03"
"MEX.9.9_1","Iztapalapa","GADM2","3.6","MX","Retail","0.3685592293410738","19.31694779178266","-99.02477284650578","2026-01-03"
"MEX.9.9_1","Iztapalapa","GADM2","3.6","MX","Local Events","0.23686077055874782","19.31694779178266","-99.02477284650578","2026-01-03"
"MEX.9.9_1","Iztapalapa","GADM2","3.6","MX","Restaurants","0.42236819628227124","19.31694779178266","-99.02477284650578","2026-01-03"
"MEX.9.9_1","Iztapalapa","GADM2","3.6","MX","Grocery & Convenience Stores","0.39963323599023065","19.31694779178266","-99.02477284650578","2026-01-03"
"MEX.9.9_1","Iztapalapa","GADM2","3.6","MX","Manufacturing","0.4701732173644649","19.31694779178266","-99.02477284650578","2026-01-03"
"MEX.9.9_1","Iztapalapa","GADM2","3.6","MX","Travel","0.25900258799541026","19.31694779178266","-99.02477284650578","2026-01-03"
"MEX.9.9_1","Iztapalapa","GADM2","3.6","MX","Professional Services","0.29773580853976955","19.31694779178266","-99.02477284650578","2026-01-03"
"MEX.9.9_1","Iztapalapa","GADM2","3.6","MX","Home Services","0.4408292857315917","19.31694779178266","-99.02477284650578","2026-01-03"
"MEX.9.9_1","Iztapalapa","GADM2","3.6","MX","All","0.2874441454041186","19.31694779178266","-99.02477284650578","2026-01-03"
"MEX.9.9_1","Iztapalapa","GADM2","3.6","MX","Public Good","0.31479113343925963","19.31694779178266","-99.02477284650578","2026-01-03"
"MEX.9.9_1","Iztapalapa","GADM2","3.6","MX","Business & Utility Services","0.3275940397799184","19.31694779178266","-99.02477284650578","2026-01-03"
"MEX.9.9_1","Iztapalapa","GADM2","3.6","MX","Lifestyle Services","0.21577624930928962","19.31694779178266","-99.02477284650578","2026-01-03"
"MEX.9.9_1","Iztapalapa","GADM2","3.6","MX","","0.24281730995445241","19.31694779178266","-99.02477284650578","2026-01-03"
"MEX.22.13_1","Pinal de Amoles","GADM2","3.6","MX","Business & Utility Services","0.3233566833668169","21.144384316598266","-99.62061988474987","2026-01-03"
"MEX.22.13_1","Pinal de Amoles","GADM2","3.6","MX","All","0.2816395555401134","21.144384316598266","-99.62061988474987","2026-01-03"
"MEX.22.13_1","Pinal de Amoles","GADM2","3.6","MX","Local Events","0.45874721809271374","21.144384316598266","-99.62061988474987","2026-01-03"
"MEX.22.13_1","Pinal de Amoles","GADM2","3.6","MX","Travel","0.36568516308915106","21.144384316598266","-99.62061988474987","2026-01-03"
"MEX.30.88_1","Jilotepec","GADM2","3.6","MX","Retail","0.41193739465025064","19.64046024011017","-96.82931303805533","2026-01-03"
"MEX.30.88_1","Jilotepec","GADM2","3.6","MX","Restaurants","0.5396580085844918","19.64046024011017","-96.82931303805533","2026-01-03"
"MEX.30.88_1","Jilotepec","GADM2","3.6","MX","Home Services","0.39821075719984417","19.64046024011017","-96.82931303805533","2026-01-03"
"MEX.30.88_1","Jilotepec","GADM2","3.6","MX","All","0.4151184532766573","19.64046024011017","-96.82931303805533","2026-01-03"
"MEX.30.86_1","Jamapa","GADM2","3.6","MX","All","0.6431990349396253","19.032593834615497","-96.23660772623762","2026-01-03"
"MEX.30.86_1","Jamapa","GADM2","3.6","MX","Restaurants","0.37423871844614565","19.032593834615497","-96.23660772623762","2026-01-03"
"MEX.14.15_1","Ayotlán","GADM2","3.6","MX","Retail","0.35279594834799244","20.453738556965142","-102.33665073754977","2026-01-03"
"MEX.14.15_1","Ayotlán","GADM2","3.6","MX","Restaurants","0.27557248818922814","20.453738556965142","-102.33665073754977","2026-01-03"
"MEX.14.15_1","Ayotlán","GADM2","3.6","MX","Home Services","0.5509243878152249","20.453738556965142","-102.33665073754977","2026-01-03"
"MEX.14.15_1","Ayotlán","GADM2","3.6","MX","Lifestyle Services","0.26162509995912897","20.453738556965142","-102.33665073754977","2026-01-03"
"MEX.14.15_1","Ayotlán","GADM2","3.6","MX","All","0.288170969026131","20.453738556965142","-102.33665073754977","2026-01-03"
"MEX.14.15_1","Ayotlán","GADM2","3.6","MX","Professional Services","0.29569528409783474","20.453738556965142","-102.33665073754977","2026-01-03"
"MEX.14.15_1","Ayotlán","GADM2","3.6","MX","Business & Utility Services","0.2370093174219751","20.453738556965142","-102.33665073754977","2026-01-03"
"MEX.14.15_1","Ayotlán","GADM2","3.6","MX","Grocery & Convenience Stores","0.688425685403667","20.453738556965142","-102.33665073754977","2026-01-03"
"MEX.11.36_1","Santiago Maravatío","GADM2","3.6","MX","All","0.5062574159481438","20.14912411507909","-100.97238236907532","2026-01-03"
"MEX.15.112_1","Villa de Allende","GADM2","3.6","MX","Retail","0.3074285024329892","19.378801214571215","-100.08543097035822","2026-01-03"
"MEX.15.112_1","Villa de Allende","GADM2","3.6","MX","All","0.32896732508257376","19.378801214571215","-100.08543097035822","2026-01-03"
"MEX.30.42_1","Chontla","GADM2","3.6","MX","All","0.498304388553651","21.372410432876308","-97.99004137448215","2026-01-03"
"MEX.21.23_1","Axutla","GADM2","3.6","MX","Restaurants","0.5350671099847776","18.19444326702772","-98.29182155622516","2026-01-03"
"MEX.21.23_1","Axutla","GADM2","3.6","MX","All","0.3117705687381636","18.19444326702772","-98.29182155622516","2026-01-03"
"MEX.21.54_1","Cuautinchán","GADM2","3.6","MX","Local Events","0.33693828573852674","18.999706965563828","-97.93087313815846","2026-01-03"
"MEX.21.54_1","Cuautinchán","GADM2","3.6","MX","Retail","0.40326661370486455","18.999706965563828","-97.93087313815846","2026-01-03"
"MEX.21.54_1","Cuautinchán","GADM2","3.6","MX","Professional Services","0.24019392567513687","18.999706965563828","-97.93087313815846","2026-01-03"
"MEX.21.54_1","Cuautinchán","GADM2","3.6","MX","Lifestyle Services","0.4376004573856736","18.999706965563828","-97.93087313815846","2026-01-03"
"MEX.21.54_1","Cuautinchán","GADM2","3.6","MX","Grocery & Convenience Stores","0.5011024000362261","18.999706965563828","-97.93087313815846","2026-01-03"
"MEX.21.54_1","Cuautinchán","GADM2","3.6","MX","Home Services","0.4907723030104413","18.999706965563828","-97.93087313815846","2026-01-03"
"MEX.21.54_1","Cuautinchán","GADM2","3.6","MX","Business & Utility Services","0.45189563622840406","18.999706965563828","-97.93087313815846","2026-01-03"
"MEX.21.54_1","Cuautinchán","GADM2","3.6","MX","All","0.3119367771007729","18.999706965563828","-97.93087313815846","2026-01-03"
"MEX.21.54_1","Cuautinchán","GADM2","3.6","MX","Public Good","0.5241329211445868","18.999706965563828","-97.93087313815846","2026-01-03"
"MEX.21.54_1","Cuautinchán","GADM2","3.6","MX","Restaurants","0.18298466181176437","18.999706965563828","-97.93087313815846","2026-01-03"
"MEX.32.45_1","Tepetongo","GADM2","3.6","MX","All","0.49550800415813895","22.350457331282836","-103.13428654646277","2026-01-03"
"MEX.15.85_1","Temascalapa","GADM2","3.6","MX","Retail","0.37172164306581906","19.73550285583328","-98.8360634600586","2026-01-03"
"MEX.15.85_1","Temascalapa","GADM2","3.6","MX","Public Good","0.28576873348345533","19.73550285583328","-98.8360634600586","2026-01-03"
"MEX.15.85_1","Temascalapa","GADM2","3.6","MX","Travel","0.4276154436412779","19.73550285583328","-98.8360634600586","2026-01-03"
"MEX.15.85_1","Temascalapa","GADM2","3.6","MX","Professional Services","0.32918567241983043","19.73550285583328","-98.8360634600586","2026-01-03"
"MEX.15.85_1","Temascalapa","GADM2","3.6","MX","Business & Utility Services","0.2324086008412867","19.73550285583328","-98.8360634600586","2026-01-03"
"MEX.15.85_1","Temascalapa","GADM2","3.6","MX","Home Services","0.44535892603294247","19.73550285583328","-98.8360634600586","2026-01-03"
"MEX.15.85_1","Temascalapa","GADM2","3.6","MX","Grocery & Convenience Stores","0.25643403004867343","19.73550285583328","-98.8360634600586","2026-01-03"
"MEX.15.85_1","Temascalapa","GADM2","3.6","MX","Restaurants","0.5225197712462581","19.73550285583328","-98.8360634600586","2026-01-03"
"MEX.15.85_1","Temascalapa","GADM2","3.6","MX","","0.3039600458269972","19.73550285583328","-98.8360634600586","2026-01-03"
"MEX.15.85_1","Temascalapa","GADM2","3.6","MX","Lifestyle Services","0.3329936435032779","19.73550285583328","-98.8360634600586","2026-01-03"
"MEX.15.85_1","Temascalapa","GADM2","3.6","MX","Local Events","0.41605850667299576","19.73550285583328","-98.8360634600586","2026-01-03"
"MEX.15.85_1","Temascalapa","GADM2","3.6","MX","All","0.33986963625312516","19.73550285583328","-98.8360634600586","2026-01-03"
"MEX.30.1_1","Acajete","GADM2","3.6","MX","All","0.7777996977141021","19.657525834092187","-96.9678979002511","2026-01-03"
"MEX.30.125_1","Papantla","GADM2","3.6","MX","Local Events","0.28493459475190136","20.454935738109356","-97.25632544530282","2026-01-03"
"MEX.30.125_1","Papantla","GADM2","3.6","MX","","0.38706386982198293","20.454935738109356","-97.25632544530282","2026-01-03"
"MEX.30.125_1","Papantla","GADM2","3.6","MX","All","0.40728708389447404","20.454935738109356","-97.25632544530282","2026-01-03"
"MEX.30.125_1","Papantla","GADM2","3.6","MX","Restaurants","0.5711004801601404","20.454935738109356","-97.25632544530282","2026-01-03"
"MEX.30.125_1","Papantla","GADM2","3.6","MX","Grocery & Convenience Stores","0.5504166528483727","20.454935738109356","-97.25632544530282","2026-01-03"
"MEX.30.125_1","Papantla","GADM2","3.6","MX","Travel","0.3410116504352576","20.454935738109356","-97.25632544530282","2026-01-03"
"MEX.30.125_1","Papantla","GADM2","3.6","MX","Public Good","0.6337089727730808","20.454935738109356","-97.25632544530282","2026-01-03"
"MEX.30.125_1","Papantla","GADM2","3.6","MX","Business & Utility Services","0.4063492799279541","20.454935738109356","-97.25632544530282","2026-01-03"
"MEX.30.125_1","Papantla","GADM2","3.6","MX","Home Services","0.5036396463966245","20.454935738109356","-97.25632544530282","2026-01-03"
"MEX.30.125_1","Papantla","GADM2","3.6","MX","Lifestyle Services","0.5322238173549975","20.454935738109356","-97.25632544530282","2026-01-03"
"MEX.30.125_1","Papantla","GADM2","3.6","MX","Retail","0.4036131263724307","20.454935738109356","-97.25632544530282","2026-01-03"
"MEX.30.125_1","Papantla","GADM2","3.6","MX","Professional Services","0.30175254444179167","20.454935738109356","-97.25632544530282","2026-01-03"
"MEX.12.60_1","Teloloapan","GADM2","3.6","MX","Business & Utility Services","0.23556157662387153","18.331000645083574","-99.84106288721419","2026-01-03"
"MEX.12.60_1","Teloloapan","GADM2","3.6","MX","Home Services","0.41911585019963093","18.331000645083574","-99.84106288721419","2026-01-03"
"MEX.12.60_1","Teloloapan","GADM2","3.6","MX","Professional Services","0.26842394423512933","18.331000645083574","-99.84106288721419","2026-01-03"
"MEX.12.60_1","Teloloapan","GADM2","3.6","MX","Restaurants","0.38655307877401196","18.331000645083574","-99.84106288721419","2026-01-03"
"MEX.12.60_1","Teloloapan","GADM2","3.6","MX","Public Good","0.5540663405342601","18.331000645083574","-99.84106288721419","2026-01-03"
"MEX.12.60_1","Teloloapan","GADM2","3.6","MX","Retail","0.4461478068317303","18.331000645083574","-99.84106288721419","2026-01-03"
"MEX.12.60_1","Teloloapan","GADM2","3.6","MX","All","0.37303422053298313","18.331000645083574","-99.84106288721419","2026-01-03"
"MEX.12.29_1","Eduardo Neri","GADM2","3.6","MX","Lifestyle Services","0.20919675246581268","17.801961447924146","-99.5478505636297","2026-01-03"
"MEX.12.29_1","Eduardo Neri","GADM2","3.6","MX","Public Good","0.444121786039743","17.801961447924146","-99.5478505636297","2026-01-03"
"MEX.12.29_1","Eduardo Neri","GADM2","3.6","MX","All","0.3997438160129582","17.801961447924146","-99.5478505636297","2026-01-03"
"MEX.12.29_1","Eduardo Neri","GADM2","3.6","MX","Restaurants","0.5759474422187496","17.801961447924146","-99.5478505636297","2026-01-03"
"MEX.12.29_1","Eduardo Neri","GADM2","3.6","MX","Home Services","0.6290458441544339","17.801961447924146","-99.5478505636297","2026-01-03"
"MEX.12.29_1","Eduardo Neri","GADM2","3.6","MX","Professional Services","0.1648218310758515","17.801961447924146","-99.5478505636297","2026-01-03"
"MEX.12.29_1","Eduardo Neri","GADM2","3.6","MX","Retail","0.624874014975784","17.801961447924146","-99.5478505636297","2026-01-03"
"MEX.12.39_1","José Azueta","GADM2","3.6","MX","Public Good","0.40459337855680094","17.8150369552246","-101.43284203352414","2026-01-03"
"MEX.12.39_1","José Azueta","GADM2","3.6","MX","Professional Services","0.24321602726211108","17.8150369552246","-101.43284203352414","2026-01-03"
"MEX.12.39_1","José Azueta","GADM2","3.6","MX","Business & Utility Services","0.17240191844191877","17.8150369552246","-101.43284203352414","2026-01-03"
"MEX.14.56_1","La Barca","GADM2","3.6","MX","Local Events","0.4433923653464915","20.347287303124336","-102.5035404137503","2026-01-03"
"MEX.14.56_1","La Barca","GADM2","3.6","MX","Business & Utility Services","0.4156622128802439","20.347287303124336","-102.5035404137503","2026-01-03"
"MEX.14.56_1","La Barca","GADM2","3.6","MX","Public Good","0.26675287460727487","20.347287303124336","-102.5035404137503","2026-01-03"
"MEX.14.56_1","La Barca","GADM2","3.6","MX","Restaurants","0.35342367854510115","20.347287303124336","-102.5035404137503","2026-01-03"
"MEX.14.56_1","La Barca","GADM2","3.6","MX","Retail","0.5360364941335417","20.347287303124336","-102.5035404137503","2026-01-03"
"MEX.14.56_1","La Barca","GADM2","3.6","MX","Professional Services","0.25215776836764164","20.347287303124336","-102.5035404137503","2026-01-03"
"MEX.14.56_1","La Barca","GADM2","3.6","MX","All","0.3775094230616938","20.347287303124336","-102.5035404137503","2026-01-03"
"MEX.14.56_1","La Barca","GADM2","3.6","MX","Grocery & Convenience Stores","0.7465226448092274","20.347287303124336","-102.5035404137503","2026-01-03"
"MEX.14.56_1","La Barca","GADM2","3.6","MX","Home Services","0.5392586759450139","20.347287303124336","-102.5035404137503","2026-01-03"
"MEX.14.56_1","La Barca","GADM2","3.6","MX","Lifestyle Services","0.29987997494405016","20.347287303124336","-102.5035404137503","2026-01-03"
"MEX.17.26_1","Tlaquiltenango","GADM2","3.6","MX","All","0.3712008506557151","18.492991033460157","-99.00396035861196","2026-01-03"
"MEX.32.52_1","Villa García","GADM2","3.6","MX","All","0.41288834856144796","22.10881839761112","-101.91786587917855","2026-01-03"
"MEX.32.52_1","Villa García","GADM2","3.6","MX","Retail","0.48630607035840046","22.10881839761112","-101.91786587917855","2026-01-03"
"MEX.32.52_1","Villa García","GADM2","3.6","MX","Restaurants","0.48979031545390733","22.10881839761112","-101.91786587917855","2026-01-03"
"MEX.21.113_1","Puebla","GADM2","3.6","MX","All","0.29679812712947956","19.030390320710598","-98.08091785919986","2026-01-03"
"MEX.21.113_1","Puebla","GADM2","3.6","MX","Home Services","0.45836278802134256","19.030390320710598","-98.08091785919986","2026-01-03"
"MEX.21.113_1","Puebla","GADM2","3.6","MX","Professional Services","0.2954523904922893","19.030390320710598","-98.08091785919986","2026-01-03"
"MEX.21.113_1","Puebla","GADM2","3.6","MX","Business & Utility Services","0.42556749101283387","19.030390320710598","-98.08091785919986","2026-01-03"
"MEX.21.113_1","Puebla","GADM2","3.6","MX","Public Good","0.35575621016671316","19.030390320710598","-98.08091785919986","2026-01-03"
"MEX.21.113_1","Puebla","GADM2","3.6","MX","Local Events","0.3019532502680772","19.030390320710598","-98.08091785919986","2026-01-03"
"MEX.21.113_1","Puebla","GADM2","3.6","MX","","0.46960462634524164","19.030390320710598","-98.08091785919986","2026-01-03"
"MEX.21.113_1","Puebla","GADM2","3.6","MX","Manufacturing","0.3309092389880809","19.030390320710598","-98.08091785919986","2026-01-03"
"MEX.21.113_1","Puebla","GADM2","3.6","MX","Lifestyle Services","0.16392331760462678","19.030390320710598","-98.08091785919986","2026-01-03"
"MEX.21.113_1","Puebla","GADM2","3.6","MX","Restaurants","0.2525745165569202","19.030390320710598","-98.08091785919986","2026-01-03"
"MEX.21.113_1","Puebla","GADM2","3.6","MX","Travel","0.3678537818351623","19.030390320710598","-98.08091785919986","2026-01-03"
"MEX.21.113_1","Puebla","GADM2","3.6","MX","Grocery & Convenience Stores","0.556801537131135","19.030390320710598","-98.08091785919986","2026-01-03"
"MEX.21.113_1","Puebla","GADM2","3.6","MX","Retail","0.3226209934031475","19.030390320710598","-98.08091785919986","2026-01-03"
"MEX.9.10_1","Magdalena Contreras","GADM2","3.6","MX","Retail","0.31236641021696393","19.195806909566123","-99.23125345935763","2026-01-03"
"MEX.9.10_1","Magdalena Contreras","GADM2","3.6","MX","Local Events","0.14910815028303226","19.195806909566123","-99.23125345935763","2026-01-03"
"MEX.9.10_1","Magdalena Contreras","GADM2","3.6","MX","Professional Services","0.25134987084906074","19.195806909566123","-99.23125345935763","2026-01-03"
"MEX.9.10_1","Magdalena Contreras","GADM2","3.6","MX","All","0.18589145136855945","19.195806909566123","-99.23125345935763","2026-01-03"
"MEX.9.10_1","Magdalena Contreras","GADM2","3.6","MX","Restaurants","0.20017604055126773","19.195806909566123","-99.23125345935763","2026-01-03"
"MEX.9.10_1","Magdalena Contreras","GADM2","3.6","MX","Home Services","0.41224335033956727","19.195806909566123","-99.23125345935763","2026-01-03"
"MEX.9.10_1","Magdalena Contreras","GADM2","3.6","MX","Grocery & Convenience Stores","0.43171609899265967","19.195806909566123","-99.23125345935763","2026-01-03"
"MEX.9.10_1","Magdalena Contreras","GADM2","3.6","MX","Public Good","0.27158616563429944","19.195806909566123","-99.23125345935763","2026-01-03"
"MEX.9.10_1","Magdalena Contreras","GADM2","3.6","MX","Business & Utility Services","0.3649164699511355","19.195806909566123","-99.23125345935763","2026-01-03"
"MEX.9.10_1","Magdalena Contreras","GADM2","3.6","MX","Lifestyle Services","0.26664333533201967","19.195806909566123","-99.23125345935763","2026-01-03"
"MEX.12.1_1","Acapulco de Juárez","GADM2","3.6","MX","Travel","0.39607409316605613","16.959868026814828","-99.68197241401029","2026-01-03"
"MEX.12.1_1","Acapulco de Juárez","GADM2","3.6","MX","Retail","0.2895581528454926","16.959868026814828","-99.68197241401029","2026-01-03"
"MEX.12.1_1","Acapulco de Juárez","GADM2","3.6","MX","Grocery & Convenience Stores","0.5125997280927623","16.959868026814828","-99.68197241401029","2026-01-03"
"MEX.12.1_1","Acapulco de Juárez","GADM2","3.6","MX","Restaurants","0.519844598138009","16.959868026814828","-99.68197241401029","2026-01-03"
"MEX.20.26_1","Dist. Tuxtepec","GADM2","3.6","MX","","0.44685465526394946","18.074725325456757","-96.28400015160682","2026-01-03"
"MEX.20.26_1","Dist. Tuxtepec","GADM2","3.6","MX","Local Events","0.3696824952619059","18.074725325456757","-96.28400015160682","2026-01-03"
"MEX.20.26_1","Dist. Tuxtepec","GADM2","3.6","MX","Home Services","0.6953061808223006","18.074725325456757","-96.28400015160682","2026-01-03"
"MEX.20.26_1","Dist. Tuxtepec","GADM2","3.6","MX","Restaurants","0.4611541320636216","18.074725325456757","-96.28400015160682","2026-01-03"
"MEX.20.26_1","Dist. Tuxtepec","GADM2","3.6","MX","Retail","0.31872664214740737","18.074725325456757","-96.28400015160682","2026-01-03"
"MEX.20.26_1","Dist. Tuxtepec","GADM2","3.6","MX","Lifestyle Services","0.42149435875191693","18.074725325456757","-96.28400015160682","2026-01-03"
"MEX.20.26_1","Dist. Tuxtepec","GADM2","3.6","MX","Travel","0.4114325924542114","18.074725325456757","-96.28400015160682","2026-01-03"
"MEX.20.26_1","Dist. Tuxtepec","GADM2","3.6","MX","Business & Utility Services","0.38021268015542625","18.074725325456757","-96.28400015160682","2026-01-03"
"MEX.20.26_1","Dist. Tuxtepec","GADM2","3.6","MX","All","0.37035568222440735","18.074725325456757","-96.28400015160682","2026-01-03"
"MEX.20.26_1","Dist. Tuxtepec","GADM2","3.6","MX","Professional Services","0.2799609453846568","18.074725325456757","-96.28400015160682","2026-01-03"
"MEX.17.13_1","Jonacatepec","GADM2","3.6","MX","Professional Services","0.4277755454441971","18.667268569078814","-98.73802324283521","2026-01-03"
"MEX.17.13_1","Jonacatepec","GADM2","3.6","MX","Retail","0.3533623594772128","18.667268569078814","-98.73802324283521","2026-01-03"
"MEX.17.13_1","Jonacatepec","GADM2","3.6","MX","All","0.5942563662953336","18.667268569078814","-98.73802324283521","2026-01-03"
"MEX.17.13_1","Jonacatepec","GADM2","3.6","MX","Restaurants","0.48307996667619774","18.667268569078814","-98.73802324283521","2026-01-03"
"MEX.12.61_1","Tepecoacuilco de Trujano","GADM2","3.6","MX","Retail","0.7162028908810429","18.101784297927203","-99.4106761845352","2026-01-03"
"MEX.12.61_1","Tepecoacuilco de Trujano","GADM2","3.6","MX","Home Services","0.4714205327172484","18.101784297927203","-99.4106761845352","2026-01-03"
"MEX.12.61_1","Tepecoacuilco de Trujano","GADM2","3.6","MX","All","0.4842093780386042","18.101784297927203","-99.4106761845352","2026-01-03"
"MEX.12.61_1","Tepecoacuilco de Trujano","GADM2","3.6","MX","Grocery & Convenience Stores","0.5882182098182636","18.101784297927203","-99.4106761845352","2026-01-03"
"MEX.12.61_1","Tepecoacuilco de Trujano","GADM2","3.6","MX","Professional Services","0.2825326076726368","18.101784297927203","-99.4106761845352","2026-01-03"
"MEX.12.61_1","Tepecoacuilco de Trujano","GADM2","3.6","MX","Restaurants","0.42714075602073903","18.101784297927203","-99.4106761845352","2026-01-03"
"MEX.21.15_1","Amozoc","GADM2","3.6","MX","Grocery & Convenience Stores","0.6025367509409072","19.10523123032882","-97.97231909544192","2026-01-03"
"MEX.21.15_1","Amozoc","GADM2","3.6","MX","Professional Services","0.5273048457549716","19.10523123032882","-97.97231909544192","2026-01-03"
"MEX.21.15_1","Amozoc","GADM2","3.6","MX","Restaurants","0.543875483938274","19.10523123032882","-97.97231909544192","2026-01-03"
"MEX.21.15_1","Amozoc","GADM2","3.6","MX","Lifestyle Services","0.26435616081201296","19.10523123032882","-97.97231909544192","2026-01-03"
"MEX.21.15_1","Amozoc","GADM2","3.6","MX","All","0.6695086469875766","19.10523123032882","-97.97231909544192","2026-01-03"
"MEX.21.15_1","Amozoc","GADM2","3.6","MX","Public Good","0.7233870466265564","19.10523123032882","-97.97231909544192","2026-01-03"
"MEX.21.15_1","Amozoc","GADM2","3.6","MX","Retail","0.6879656309046166","19.10523123032882","-97.97231909544192","2026-01-03"
"MEX.17.12_1","Jojutla","GADM2","3.6","MX","Lifestyle Services","0.476245798040107","18.58801870113633","-99.14230197470008","2026-01-03"
"MEX.17.12_1","Jojutla","GADM2","3.6","MX","Professional Services","0.25273268387546005","18.58801870113633","-99.14230197470008","2026-01-03"
"MEX.17.12_1","Jojutla","GADM2","3.6","MX","Travel","0.5541350776036701","18.58801870113633","-99.14230197470008","2026-01-03"
"MEX.17.12_1","Jojutla","GADM2","3.6","MX","Retail","0.2966729460504977","18.58801870113633","-99.14230197470008","2026-01-03"
"MEX.17.12_1","Jojutla","GADM2","3.6","MX","Home Services","0.3945094797740255","18.58801870113633","-99.14230197470008","2026-01-03"
"MEX.17.12_1","Jojutla","GADM2","3.6","MX","Manufacturing","0.6449678044762791","18.58801870113633","-99.14230197470008","2026-01-03"
"MEX.17.12_1","Jojutla","GADM2","3.6","MX","Local Events","0.5988523559717984","18.58801870113633","-99.14230197470008","2026-01-03"
"MEX.17.12_1","Jojutla","GADM2","3.6","MX","Grocery & Convenience Stores","0.4986199714759762","18.58801870113633","-99.14230197470008","2026-01-03"
"MEX.17.12_1","Jojutla","GADM2","3.6","MX","Restaurants","0.5508349593296321","18.58801870113633","-99.14230197470008","2026-01-03"
"MEX.17.12_1","Jojutla","GADM2","3.6","MX","All","0.3545554597234367","18.58801870113633","-99.14230197470008","2026-01-03"
"MEX.17.12_1","Jojutla","GADM2","3.6","MX","Public Good","0.4718095688432692","18.58801870113633","-99.14230197470008","2026-01-03"
"MEX.17.12_1","Jojutla","GADM2","3.6","MX","Business & Utility Services","0.32063198075189997","18.58801870113633","-99.14230197470008","2026-01-03"
"MEX.21.3_1","Acatlán","GADM2","3.6","MX","All","0.6281903891960985","18.26287044145226","-97.92346597574637","2026-01-03"
"MEX.16.84_1","Tangamandapio","GADM2","3.6","MX","All","0.5020168837639081","19.8796621889827","-102.45939529677744","2026-01-03"
"MEX.16.84_1","Tangamandapio","GADM2","3.6","MX","Home Services","0.44690523243675945","19.8796621889827","-102.45939529677744","2026-01-03"
"MEX.16.84_1","Tangamandapio","GADM2","3.6","MX","Lifestyle Services","0.40459736981076716","19.8796621889827","-102.45939529677744","2026-01-03"
"MEX.16.84_1","Tangamandapio","GADM2","3.6","MX","Professional Services","0.47638907780621836","19.8796621889827","-102.45939529677744","2026-01-03"
"MEX.16.84_1","Tangamandapio","GADM2","3.6","MX","Restaurants","0.7157728527587349","19.8796621889827","-102.45939529677744","2026-01-03"
"MEX.16.84_1","Tangamandapio","GADM2","3.6","MX","Retail","0.5384071151998124","19.8796621889827","-102.45939529677744","2026-01-03"
"MEX.11.27_1","Salamanca","GADM2","3.6","MX","Lifestyle Services","0.358715934151079","20.63882238299528","-101.17202819068143","2026-01-03"
"MEX.11.27_1","Salamanca","GADM2","3.6","MX","","0.28230979678080026","20.63882238299528","-101.17202819068143","2026-01-03"
"MEX.11.27_1","Salamanca","GADM2","3.6","MX","Local Events","0.4269875091535606","20.63882238299528","-101.17202819068143","2026-01-03"
"MEX.11.27_1","Salamanca","GADM2","3.6","MX","All","0.2977073082048713","20.63882238299528","-101.17202819068143","2026-01-03"
"MEX.11.27_1","Salamanca","GADM2","3.6","MX","Public Good","0.3208583084042564","20.63882238299528","-101.17202819068143","2026-01-03"
"MEX.11.27_1","Salamanca","GADM2","3.6","MX","Travel","0.3236644525041106","20.63882238299528","-101.17202819068143","2026-01-03"
"MEX.11.27_1","Salamanca","GADM2","3.6","MX","Home Services","0.3363491758258467","20.63882238299528","-101.17202819068143","2026-01-03"
"MEX.11.27_1","Salamanca","GADM2","3.6","MX","Retail","0.42037629764189915","20.63882238299528","-101.17202819068143","2026-01-03"
"MEX.11.27_1","Salamanca","GADM2","3.6","MX","Grocery & Convenience Stores","0.5566653330922169","20.63882238299528","-101.17202819068143","2026-01-03"
"MEX.11.27_1","Salamanca","GADM2","3.6","MX","Professional Services","0.21247665615559688","20.63882238299528","-101.17202819068143","2026-01-03"
"MEX.11.27_1","Salamanca","GADM2","3.6","MX","Restaurants","0.30469000703481414","20.63882238299528","-101.17202819068143","2026-01-03"
"MEX.11.27_1","Salamanca","GADM2","3.6","MX","Business & Utility Services","0.5759535718965179","20.63882238299528","-101.17202819068143","2026-01-03"
"MEX.11.27_1","Salamanca","GADM2","3.6","MX","Manufacturing","0.479022187415514","20.63882238299528","-101.17202819068143","2026-01-03"
"MEX.28.2_1","Aldama","GADM2","3.6","MX","All","0.44589163941000126","23.007616261016146","-98.04034924376671","2026-01-03"
"MEX.28.2_1","Aldama","GADM2","3.6","MX","Home Services","0.4093251312062334","23.007616261016146","-98.04034924376671","2026-01-03"
"MEX.24.55_1","Villa Juárez","GADM2","3.6","MX","Restaurants","0.4533673890442617","22.29063661878823","-100.21517817314185","2026-01-03"
"MEX.24.55_1","Villa Juárez","GADM2","3.6","MX","All","0.5854108216245184","22.29063661878823","-100.21517817314185","2026-01-03"
"MEX.24.55_1","Villa Juárez","GADM2","3.6","MX","Retail","0.40065952407435607","22.29063661878823","-100.21517817314185","2026-01-03"
"MEX.30.70_1","Hueyapan de Ocampo","GADM2","3.6","MX","Retail","0.5757127735413666","18.174679576798454","-95.14089987183246","2026-01-03"
"MEX.30.70_1","Hueyapan de Ocampo","GADM2","3.6","MX","All","0.5071475089045687","18.174679576798454","-95.14089987183246","2026-01-03"
"MEX.15.10_1","Apaxco","GADM2","3.6","MX","Retail","0.4403285469106825","19.95812144909016","-99.10658255026658","2026-01-03"
"MEX.15.10_1","Apaxco","GADM2","3.6","MX","Restaurants","0.3575265118699392","19.95812144909016","-99.10658255026658","2026-01-03"
"MEX.15.10_1","Apaxco","GADM2","3.6","MX","Public Good","0.22029209402093253","19.95812144909016","-99.10658255026658","2026-01-03"
"MEX.15.10_1","Apaxco","GADM2","3.6","MX","Professional Services","0.31050157443811577","19.95812144909016","-99.10658255026658","2026-01-03"
"MEX.15.10_1","Apaxco","GADM2","3.6","MX","Local Events","0.47516241053143676","19.95812144909016","-99.10658255026658","2026-01-03"
"MEX.15.10_1","Apaxco","GADM2","3.6","MX","Lifestyle Services","0.4024374126652713","19.95812144909016","-99.10658255026658","2026-01-03"
"MEX.15.10_1","Apaxco","GADM2","3.6","MX","Business & Utility Services","0.30241677647245624","19.95812144909016","-99.10658255026658","2026-01-03"
"MEX.15.10_1","Apaxco","GADM2","3.6","MX","Grocery & Convenience Stores","0.4887670851828369","19.95812144909016","-99.10658255026658","2026-01-03"
"MEX.15.10_1","Apaxco","GADM2","3.6","MX","Home Services","0.33441323340927404","19.95812144909016","-99.10658255026658","2026-01-03"
"MEX.15.10_1","Apaxco","GADM2","3.6","MX","All","0.25814863570220276","19.95812144909016","-99.10658255026658","2026-01-03"
"MEX.14.39_1","Encarnación de Díaz","GADM2","3.6","MX","Public Good","0.29170082100781125","21.52649044875824","-102.24779044030386","2026-01-03"
"MEX.14.39_1","Encarnación de Díaz","GADM2","3.6","MX","Grocery & Convenience Stores","0.512652350121251","21.52649044875824","-102.24779044030386","2026-01-03"
"MEX.14.39_1","Encarnación de Díaz","GADM2","3.6","MX","Home Services","0.51699718124638","21.52649044875824","-102.24779044030386","2026-01-03"
"MEX.14.39_1","Encarnación de Díaz","GADM2","3.6","MX","Retail","0.20298209405984638","21.52649044875824","-102.24779044030386","2026-01-03"
"MEX.14.39_1","Encarnación de Díaz","GADM2","3.6","MX","All","0.2680219248899089","21.52649044875824","-102.24779044030386","2026-01-03"
"MEX.14.39_1","Encarnación de Díaz","GADM2","3.6","MX","Local Events","0.4464997955179359","21.52649044875824","-102.24779044030386","2026-01-03"
"MEX.14.39_1","Encarnación de Díaz","GADM2","3.6","MX","Lifestyle Services","0.36852354537419757","21.52649044875824","-102.24779044030386","2026-01-03"
"MEX.14.39_1","Encarnación de Díaz","GADM2","3.6","MX","Restaurants","0.3776601429084702","21.52649044875824","-102.24779044030386","2026-01-03"
"MEX.14.39_1","Encarnación de Díaz","GADM2","3.6","MX","Business & Utility Services","0.2934445956094243","21.52649044875824","-102.24779044030386","2026-01-03"
"MEX.14.39_1","Encarnación de Díaz","GADM2","3.6","MX","Professional Services","0.3144238239420552","21.52649044875824","-102.24779044030386","2026-01-03"
"MEX.20.12_1","Dist. Juxtlahuaca","GADM2","3.6","MX","All","0.47224915716959615","17.317385990473287","-97.96595690751508","2026-01-03"
"MEX.20.12_1","Dist. Juxtlahuaca","GADM2","3.6","MX","Grocery & Convenience Stores","0.33464024569588313","17.317385990473287","-97.96595690751508","2026-01-03"
"MEX.20.12_1","Dist. Juxtlahuaca","GADM2","3.6","MX","Home Services","0.37955260432967913","17.317385990473287","-97.96595690751508","2026-01-03"
"MEX.20.12_1","Dist. Juxtlahuaca","GADM2","3.6","MX","Business & Utility Services","0.4780902667375019","17.317385990473287","-97.96595690751508","2026-01-03"
"MEX.20.12_1","Dist. Juxtlahuaca","GADM2","3.6","MX","Public Good","0.27783376553757094","17.317385990473287","-97.96595690751508","2026-01-03"
"MEX.20.12_1","Dist. Juxtlahuaca","GADM2","3.6","MX","Restaurants","0.7291499491181821","17.317385990473287","-97.96595690751508","2026-01-03"
"MEX.20.12_1","Dist. Juxtlahuaca","GADM2","3.6","MX","Lifestyle Services","0.6237669761709052","17.317385990473287","-97.96595690751508","2026-01-03"
"MEX.20.12_1","Dist. Juxtlahuaca","GADM2","3.6","MX","Retail","0.41863529100036007","17.317385990473287","-97.96595690751508","2026-01-03"
"MEX.20.12_1","Dist. Juxtlahuaca","GADM2","3.6","MX","Professional Services","0.2217845253879888","17.317385990473287","-97.96595690751508","2026-01-03"
"MEX.32.43_1","Tabasco","GADM2","3.6","MX","Retail","0.5706962341269054","21.885533333784164","-102.94116447011794","2026-01-03"
"MEX.32.43_1","Tabasco","GADM2","3.6","MX","Lifestyle Services","0.4227811237929552","21.885533333784164","-102.94116447011794","2026-01-03"
"MEX.32.43_1","Tabasco","GADM2","3.6","MX","Home Services","0.7183404221330473","21.885533333784164","-102.94116447011794","2026-01-03"
"MEX.32.43_1","Tabasco","GADM2","3.6","MX","Restaurants","0.40336306737160416","21.885533333784164","-102.94116447011794","2026-01-03"
"MEX.32.43_1","Tabasco","GADM2","3.6","MX","All","0.5038325544985048","21.885533333784164","-102.94116447011794","2026-01-03"
"MEX.21.42_1","Chilchotla","GADM2","3.6","MX","All","0.39666018148904586","19.3093902688386","-97.14140290609359","2026-01-03"
"MEX.12.1_1","Acapulco de Juárez","GADM2","3.6","MX","Manufacturing","0.2952597000386757","16.959868026814828","-99.68197241401029","2026-01-03"
"MEX.16.89_1","Tepalcatepec","GADM2","3.6","MX","Professional Services","0.625496529696765","19.065670907290354","-102.87513963425174","2026-01-03"
"MEX.16.89_1","Tepalcatepec","GADM2","3.6","MX","Retail","0.6622578204123227","19.065670907290354","-102.87513963425174","2026-01-03"
"MEX.16.89_1","Tepalcatepec","GADM2","3.6","MX","Restaurants","0.6248217454399663","19.065670907290354","-102.87513963425174","2026-01-03"
"MEX.16.89_1","Tepalcatepec","GADM2","3.6","MX","Home Services","0.41123481653207117","19.065670907290354","-102.87513963425174","2026-01-03"
"MEX.16.89_1","Tepalcatepec","GADM2","3.6","MX","Lifestyle Services","0.46177431652988116","19.065670907290354","-102.87513963425174","2026-01-03"
"MEX.16.89_1","Tepalcatepec","GADM2","3.6","MX","All","0.6498611360999347","19.065670907290354","-102.87513963425174","2026-01-03"
"MEX.32.24_1","Loreto","GADM2","3.6","MX","Local Events","0.24873662186916734","22.263998194596418","-101.98747937208167","2026-01-03"
"MEX.32.24_1","Loreto","GADM2","3.6","MX","Lifestyle Services","0.44066892946095493","22.263998194596418","-101.98747937208167","2026-01-03"
"MEX.32.24_1","Loreto","GADM2","3.6","MX","All","0.42594356010263407","22.263998194596418","-101.98747937208167","2026-01-03"
"MEX.12.1_1","Acapulco de Juárez","GADM2","3.6","MX","Local Events","0.3378339259058862","16.959868026814828","-99.68197241401029","2026-01-03"
"MEX.12.1_1","Acapulco de Juárez","GADM2","3.6","MX","Public Good","0.32872152407642324","16.959868026814828","-99.68197241401029","2026-01-03"
"MEX.12.1_1","Acapulco de Juárez","GADM2","3.6","MX","Business & Utility Services","0.322570365741047","16.959868026814828","-99.68197241401029","2026-01-03"
"MEX.12.1_1","Acapulco de Juárez","GADM2","3.6","MX","Home Services","0.3072175822842718","16.959868026814828","-99.68197241401029","2026-01-03"
"MEX.12.1_1","Acapulco de Juárez","GADM2","3.6","MX","Professional Services","0.2329894255371876","16.959868026814828","-99.68197241401029","2026-01-03"
"MEX.12.1_1","Acapulco de Juárez","GADM2","3.6","MX","Lifestyle Services","0.3382950405437023","16.959868026814828","-99.68197241401029","2026-01-03"
"MEX.12.1_1","Acapulco de Juárez","GADM2","3.6","MX","All","0.28816590514329327","16.959868026814828","-99.68197241401029","2026-01-03"
"MEX.12.1_1","Acapulco de Juárez","GADM2","3.6","MX","","0.522770188126198","16.959868026814828","-99.68197241401029","2026-01-03"
"MEX.24.13_1","Ciudad Fernández","GADM2","3.6","MX","Home Services","0.43770363296384046","22.027857263130244","-100.24852018929089","2026-01-03"
"MEX.24.13_1","Ciudad Fernández","GADM2","3.6","MX","Retail","0.3009333087776603","22.027857263130244","-100.24852018929089","2026-01-03"
"MEX.24.13_1","Ciudad Fernández","GADM2","3.6","MX","All","0.3577086633782751","22.027857263130244","-100.24852018929089","2026-01-03"
"MEX.24.13_1","Ciudad Fernández","GADM2","3.6","MX","Professional Services","0.5645765869946472","22.027857263130244","-100.24852018929089","2026-01-03"
"MEX.24.13_1","Ciudad Fernández","GADM2","3.6","MX","Grocery & Convenience Stores","0.3858473240775378","22.027857263130244","-100.24852018929089","2026-01-03"
"MEX.24.13_1","Ciudad Fernández","GADM2","3.6","MX","Lifestyle Services","0.43715654415893895","22.027857263130244","-100.24852018929089","2026-01-03"
"MEX.24.13_1","Ciudad Fernández","GADM2","3.6","MX","Business & Utility Services","0.3761937644547118","22.027857263130244","-100.24852018929089","2026-01-03"
"MEX.24.13_1","Ciudad Fernández","GADM2","3.6","MX","Local Events","0.5015239864437883","22.027857263130244","-100.24852018929089","2026-01-03"
"MEX.24.13_1","Ciudad Fernández","GADM2","3.6","MX","Restaurants","0.47091027354186993","22.027857263130244","-100.24852018929089","2026-01-03"
"MEX.12.51_1","Pilcaya","GADM2","3.6","MX","All","0.4388048652006958","18.646283771691238","-99.57846738165436","2026-01-03"
"MEX.30.151_1","Tampico Alto","GADM2","3.6","MX","Restaurants","0.4085213972959563","21.83468426842216","-97.7070434182608","2026-01-03"
"MEX.30.151_1","Tampico Alto","GADM2","3.6","MX","All","0.4308924951756435","21.83468426842216","-97.7070434182608","2026-01-03"
"MEX.30.183_1","Tlilapan","GADM2","3.6","MX","All","0.713830168676518","18.7963849962768","-97.02467032016142","2026-01-03"
"MEX.16.16_1","Chavinda","GADM2","3.6","MX","Retail","0.8236216836067546","20.023295004757177","-102.44438193088591","2026-01-03"
"MEX.16.16_1","Chavinda","GADM2","3.6","MX","All","0.7055346206252212","20.023295004757177","-102.44438193088591","2026-01-03"
"MEX.15.120_1","Zumpahuacan","GADM2","3.6","MX","All","0.41753529737113876","18.73270039848995","-99.51589611883442","2026-01-03"
"MEX.30.177_1","Tlajocalpan","GADM2","3.6","MX","All","0.4785475496314489","18.242405017017433","-95.94254578929271","2026-01-03"
"MEX.20.16_1","Dist. Ocotlan","GADM2","3.6","MX","Local Events","0.33249427828710554","16.833031390191888","-96.72766016767066","2026-01-03"
"MEX.20.16_1","Dist. Ocotlan","GADM2","3.6","MX","Restaurants","0.6166598889076617","16.833031390191888","-96.72766016767066","2026-01-03"
"MEX.20.16_1","Dist. Ocotlan","GADM2","3.6","MX","Public Good","0.2821696961153903","16.833031390191888","-96.72766016767066","2026-01-03"
"MEX.20.16_1","Dist. Ocotlan","GADM2","3.6","MX","Manufacturing","0.42049963994965484","16.833031390191888","-96.72766016767066","2026-01-03"
"MEX.20.16_1","Dist. Ocotlan","GADM2","3.6","MX","Grocery & Convenience Stores","0.6656290037661208","16.833031390191888","-96.72766016767066","2026-01-03"
"MEX.20.16_1","Dist. Ocotlan","GADM2","3.6","MX","Lifestyle Services","0.35271905815887067","16.833031390191888","-96.72766016767066","2026-01-03"
"MEX.20.16_1","Dist. Ocotlan","GADM2","3.6","MX","Business & Utility Services","0.39553722198030333","16.833031390191888","-96.72766016767066","2026-01-03"
"MEX.20.16_1","Dist. Ocotlan","GADM2","3.6","MX","All","0.34268591142347443","16.833031390191888","-96.72766016767066","2026-01-03"
"MEX.20.16_1","Dist. Ocotlan","GADM2","3.6","MX","Travel","0.5243908102986331","16.833031390191888","-96.72766016767066","2026-01-03"
"MEX.20.16_1","Dist. Ocotlan","GADM2","3.6","MX","Retail","0.37444068573821115","16.833031390191888","-96.72766016767066","2026-01-03"
"MEX.20.16_1","Dist. Ocotlan","GADM2","3.6","MX","","0.6319600665606996","16.833031390191888","-96.72766016767066","2026-01-03"
"MEX.20.16_1","Dist. Ocotlan","GADM2","3.6","MX","Home Services","0.5376447956732734","16.833031390191888","-96.72766016767066","2026-01-03"
"MEX.20.16_1","Dist. Ocotlan","GADM2","3.6","MX","Professional Services","0.2664640671829989","16.833031390191888","-96.72766016767066","2026-01-03"
"MEX.21.189_1","Tzicatlacoyan","GADM2","3.6","MX","Restaurants","0.47121856741963264","18.86012771563222","-97.93501399753426","2026-01-03"
"MEX.21.189_1","Tzicatlacoyan","GADM2","3.6","MX","All","0.5095636775602963","18.86012771563222","-97.93501399753426","2026-01-03"
"MEX.21.189_1","Tzicatlacoyan","GADM2","3.6","MX","Lifestyle Services","0.431458518849711","18.86012771563222","-97.93501399753426","2026-01-03"
"MEX.21.189_1","Tzicatlacoyan","GADM2","3.6","MX","Public Good","0.4354336228950418","18.86012771563222","-97.93501399753426","2026-01-03"
"MEX.21.189_1","Tzicatlacoyan","GADM2","3.6","MX","Home Services","0.6382071127749683","18.86012771563222","-97.93501399753426","2026-01-03"
"MEX.21.189_1","Tzicatlacoyan","GADM2","3.6","MX","Business & Utility Services","0.5540306432552689","18.86012771563222","-97.93501399753426","2026-01-03"
"MEX.21.189_1","Tzicatlacoyan","GADM2","3.6","MX","Retail","0.44674262570547235","18.86012771563222","-97.93501399753426","2026-01-03"
"MEX.21.189_1","Tzicatlacoyan","GADM2","3.6","MX","Grocery & Convenience Stores","0.7379632441004155","18.86012771563222","-97.93501399753426","2026-01-03"
"MEX.21.189_1","Tzicatlacoyan","GADM2","3.6","MX","Professional Services","0.6004600789274754","18.86012771563222","-97.93501399753426","2026-01-03"
"MEX.12.33_1","General Heliodoro Castillo","GADM2","3.6","MX","All","0.42196329816121253","17.711030112837214","-99.93424580880794","2026-01-03"
"MEX.12.33_1","General Heliodoro Castillo","GADM2","3.6","MX","Retail","0.6101725675624705","17.711030112837214","-99.93424580880794","2026-01-03"
"MEX.30.69_1","Huayacocotla","GADM2","3.6","MX","All","0.32944210210120056","20.535356869649938","-98.4263626602207","2026-01-03"
"MEX.30.69_1","Huayacocotla","GADM2","3.6","MX","Professional Services","0.3941024817876378","20.535356869649938","-98.4263626602207","2026-01-03"
"MEX.30.69_1","Huayacocotla","GADM2","3.6","MX","Restaurants","0.42374888357425394","20.535356869649938","-98.4263626602207","2026-01-03"
"MEX.30.69_1","Huayacocotla","GADM2","3.6","MX","Retail","0.40383838233573854","20.535356869649938","-98.4263626602207","2026-01-03"
"MEX.24.39_1","Tampacan","GADM2","3.6","MX","All","0.30560936342049594","21.46139402173022","-98.78139512742392","2026-01-03"
"MEX.11.25_1","Purísima del Rincón","GADM2","3.6","MX","Grocery & Convenience Stores","0.6378901751207906","20.91016112651816","-101.95627729976883","2026-01-03"
"MEX.11.25_1","Purísima del Rincón","GADM2","3.6","MX","Manufacturing","0.22967402386319608","20.91016112651816","-101.95627729976883","2026-01-03"
"MEX.11.25_1","Purísima del Rincón","GADM2","3.6","MX","Restaurants","0.4913396711971399","20.91016112651816","-101.95627729976883","2026-01-03"
"MEX.11.25_1","Purísima del Rincón","GADM2","3.6","MX","Retail","0.26905706830587356","20.91016112651816","-101.95627729976883","2026-01-03"
"MEX.11.25_1","Purísima del Rincón","GADM2","3.6","MX","Business & Utility Services","0.2387832796576577","20.91016112651816","-101.95627729976883","2026-01-03"
"MEX.11.25_1","Purísima del Rincón","GADM2","3.6","MX","Local Events","0.35666242650700913","20.91016112651816","-101.95627729976883","2026-01-03"
"MEX.11.25_1","Purísima del Rincón","GADM2","3.6","MX","Lifestyle Services","0.346856446571471","20.91016112651816","-101.95627729976883","2026-01-03"
"MEX.11.25_1","Purísima del Rincón","GADM2","3.6","MX","Public Good","0.4035518752561755","20.91016112651816","-101.95627729976883","2026-01-03"
"MEX.11.25_1","Purísima del Rincón","GADM2","3.6","MX","Professional Services","0.22107163786389683","20.91016112651816","-101.95627729976883","2026-01-03"
"MEX.11.25_1","Purísima del Rincón","GADM2","3.6","MX","All","0.23558267723893112","20.91016112651816","-101.95627729976883","2026-01-03"
"MEX.11.25_1","Purísima del Rincón","GADM2","3.6","MX","Home Services","0.2690383018945899","20.91016112651816","-101.95627729976883","2026-01-03"
"MEX.11.25_1","Purísima del Rincón","GADM2","3.6","MX","Travel","0.31512068556760076","20.91016112651816","-101.95627729976883","2026-01-03"
"MEX.13.5_1","Ajacuba","GADM2","3.6","MX","Local Events","0.4860623659146918","20.123871458531866","-98.9791710089199","2026-01-03"
"MEX.13.5_1","Ajacuba","GADM2","3.6","MX","Business & Utility Services","0.40273092221787493","20.123871458531866","-98.9791710089199","2026-01-03"
"MEX.13.5_1","Ajacuba","GADM2","3.6","MX","Lifestyle Services","0.4937379208469147","20.123871458531866","-98.9791710089199","2026-01-03"
"MEX.13.5_1","Ajacuba","GADM2","3.6","MX","Retail","0.31245923383873875","20.123871458531866","-98.9791710089199","2026-01-03"
"MEX.13.5_1","Ajacuba","GADM2","3.6","MX","Public Good","0.30373043268412697","20.123871458531866","-98.9791710089199","2026-01-03"
"MEX.13.5_1","Ajacuba","GADM2","3.6","MX","Home Services","0.5380570517822956","20.123871458531866","-98.9791710089199","2026-01-03"
"MEX.13.5_1","Ajacuba","GADM2","3.6","MX","Restaurants","0.36073979035096465","20.123871458531866","-98.9791710089199","2026-01-03"
"MEX.13.5_1","Ajacuba","GADM2","3.6","MX","Professional Services","0.320616253691548","20.123871458531866","-98.9791710089199","2026-01-03"
"MEX.13.5_1","Ajacuba","GADM2","3.6","MX","All","0.31846722596183713","20.123871458531866","-98.9791710089199","2026-01-03"
"MEX.13.5_1","Ajacuba","GADM2","3.6","MX","Grocery & Convenience Stores","0.5590163437429865","20.123871458531866","-98.9791710089199","2026-01-03"
"MEX.24.5_1","Axtla de Terrazas","GADM2","3.6","MX","Restaurants","0.34337648641541474","21.455912354083107","-98.91146005420407","2026-01-03"
"MEX.24.5_1","Axtla de Terrazas","GADM2","3.6","MX","Professional Services","0.5193100193746477","21.455912354083107","-98.91146005420407","2026-01-03"
"MEX.24.5_1","Axtla de Terrazas","GADM2","3.6","MX","Lifestyle Services","0.23133464810331753","21.455912354083107","-98.91146005420407","2026-01-03"
"MEX.24.5_1","Axtla de Terrazas","GADM2","3.6","MX","All","0.27386352081817356","21.455912354083107","-98.91146005420407","2026-01-03"
"MEX.24.5_1","Axtla de Terrazas","GADM2","3.6","MX","Public Good","0.3163938541994547","21.455912354083107","-98.91146005420407","2026-01-03"
"MEX.24.5_1","Axtla de Terrazas","GADM2","3.6","MX","Home Services","0.42241624707674547","21.455912354083107","-98.91146005420407","2026-01-03"
"MEX.24.5_1","Axtla de Terrazas","GADM2","3.6","MX","Retail","0.3848243398762297","21.455912354083107","-98.91146005420407","2026-01-03"
"MEX.24.5_1","Axtla de Terrazas","GADM2","3.6","MX","Travel","0.2786734908135599","21.455912354083107","-98.91146005420407","2026-01-03"
"MEX.12.65_1","Tlacoapa","GADM2","3.6","MX","All","0.3845569492009146","17.23815735626211","-98.66558681706479","2026-01-03"
"MEX.12.22_1","Coyuca de Benítez","GADM2","3.6","MX","Restaurants","0.6187555963296656","17.14723075923661","-100.02665212515258","2026-01-03"
"MEX.12.22_1","Coyuca de Benítez","GADM2","3.6","MX","Lifestyle Services","0.3133089513534292","17.14723075923661","-100.02665212515258","2026-01-03"
"MEX.12.22_1","Coyuca de Benítez","GADM2","3.6","MX","Home Services","0.5549491589506043","17.14723075923661","-100.02665212515258","2026-01-03"
"MEX.12.22_1","Coyuca de Benítez","GADM2","3.6","MX","Public Good","0.7489334061853141","17.14723075923661","-100.02665212515258","2026-01-03"
"MEX.12.22_1","Coyuca de Benítez","GADM2","3.6","MX","Retail","0.45002324681585276","17.14723075923661","-100.02665212515258","2026-01-03"
"MEX.12.22_1","Coyuca de Benítez","GADM2","3.6","MX","Local Events","0.6082635223232995","17.14723075923661","-100.02665212515258","2026-01-03"
"MEX.12.39_1","José Azueta","GADM2","3.6","MX","Manufacturing","0.4180271694873171","17.8150369552246","-101.43284203352414","2026-01-03"
"MEX.12.39_1","José Azueta","GADM2","3.6","MX","Home Services","0.2357875451115222","17.8150369552246","-101.43284203352414","2026-01-03"
"MEX.12.39_1","José Azueta","GADM2","3.6","MX","Local Events","0.41388341199772166","17.8150369552246","-101.43284203352414","2026-01-03"
"MEX.12.39_1","José Azueta","GADM2","3.6","MX","Grocery & Convenience Stores","0.567127558282661","17.8150369552246","-101.43284203352414","2026-01-03"
"MEX.12.39_1","José Azueta","GADM2","3.6","MX","All","0.3339895293489286","17.8150369552246","-101.43284203352414","2026-01-03"
"MEX.12.39_1","José Azueta","GADM2","3.6","MX","","0.4221855687496486","17.8150369552246","-101.43284203352414","2026-01-03"
"MEX.12.39_1","José Azueta","GADM2","3.6","MX","Lifestyle Services","0.2094196186057507","17.8150369552246","-101.43284203352414","2026-01-03"
"MEX.12.39_1","José Azueta","GADM2","3.6","MX","Restaurants","0.4291860787954646","17.8150369552246","-101.43284203352414","2026-01-03"
"MEX.12.39_1","José Azueta","GADM2","3.6","MX","Travel","0.3556595641803251","17.8150369552246","-101.43284203352414","2026-01-03"
"MEX.12.39_1","José Azueta","GADM2","3.6","MX","Retail","0.4702989928320775","17.8150369552246","-101.43284203352414","2026-01-03"
"MEX.30.89_1","José Azueta","GADM2","3.6","MX","Retail","0.5015804547761258","18.16760912358742","-95.72253258186846","2026-01-03"
"MEX.30.89_1","José Azueta","GADM2","3.6","MX","Lifestyle Services","0.31567676539005524","18.16760912358742","-95.72253258186846","2026-01-03"
"MEX.30.89_1","José Azueta","GADM2","3.6","MX","All","0.4028692160550923","18.16760912358742","-95.72253258186846","2026-01-03"
"MEX.16.47_1","Juárez","GADM2","3.6","MX","All","0.4562658249248907","19.28244737619103","-100.41861074141765","2026-01-03"
"MEX.11.21_1","Moroleón","GADM2","3.6","MX","All","0.395627494974342","20.07077824767517","-101.26365377446686","2026-01-03"
"MEX.11.21_1","Moroleón","GADM2","3.6","MX","Lifestyle Services","0.5995029355691575","20.07077824767517","-101.26365377446686","2026-01-03"
"MEX.11.21_1","Moroleón","GADM2","3.6","MX","Restaurants","0.324427913007085","20.07077824767517","-101.26365377446686","2026-01-03"
"MEX.11.21_1","Moroleón","GADM2","3.6","MX","Retail","0.15955162056898203","20.07077824767517","-101.26365377446686","2026-01-03"
"MEX.11.21_1","Moroleón","GADM2","3.6","MX","Home Services","0.550468690730834","20.07077824767517","-101.26365377446686","2026-01-03"
"MEX.11.21_1","Moroleón","GADM2","3.6","MX","Professional Services","0.6830591645493947","20.07077824767517","-101.26365377446686","2026-01-03"
"MEX.14.60_1","Lagos de Moreno","GADM2","3.6","MX","Manufacturing","0.5616255049041283","21.46496682874853","-101.92331107810101","2026-01-03"
"MEX.14.60_1","Lagos de Moreno","GADM2","3.6","MX","Business & Utility Services","0.46737779736153406","21.46496682874853","-101.92331107810101","2026-01-03"
"MEX.14.60_1","Lagos de Moreno","GADM2","3.6","MX","Lifestyle Services","0.3424417126341515","21.46496682874853","-101.92331107810101","2026-01-03"
"MEX.14.60_1","Lagos de Moreno","GADM2","3.6","MX","Professional Services","0.2898483727749114","21.46496682874853","-101.92331107810101","2026-01-03"
"MEX.14.60_1","Lagos de Moreno","GADM2","3.6","MX","All","0.31343865344346333","21.46496682874853","-101.92331107810101","2026-01-03"
"MEX.14.60_1","Lagos de Moreno","GADM2","3.6","MX","Retail","0.30066225434060273","21.46496682874853","-101.92331107810101","2026-01-03"
"MEX.14.60_1","Lagos de Moreno","GADM2","3.6","MX","Travel","0.4382223169962457","21.46496682874853","-101.92331107810101","2026-01-03"
"MEX.14.60_1","Lagos de Moreno","GADM2","3.6","MX","Public Good","0.2965708778426398","21.46496682874853","-101.92331107810101","2026-01-03"
"MEX.14.60_1","Lagos de Moreno","GADM2","3.6","MX","Home Services","0.30189151599752195","21.46496682874853","-101.92331107810101","2026-01-03"
"MEX.14.60_1","Lagos de Moreno","GADM2","3.6","MX","Local Events","0.3724346068064666","21.46496682874853","-101.92331107810101","2026-01-03"
"MEX.14.60_1","Lagos de Moreno","GADM2","3.6","MX","Restaurants","0.4124191721006078","21.46496682874853","-101.92331107810101","2026-01-03"
"MEX.14.60_1","Lagos de Moreno","GADM2","3.6","MX","Grocery & Convenience Stores","0.5370957104156935","21.46496682874853","-101.92331107810101","2026-01-03"
"MEX.14.60_1","Lagos de Moreno","GADM2","3.6","MX","","0.6475484453395796","21.46496682874853","-101.92331107810101","2026-01-03"
"MEX.12.68_1","Tlapa de Comonfort","GADM2","3.6","MX","Grocery & Convenience Stores","0.44819607607007894","17.59786022191942","-98.5461878677975","2026-01-03"
"MEX.12.68_1","Tlapa de Comonfort","GADM2","3.6","MX","Public Good","0.5538344048104823","17.59786022191942","-98.5461878677975","2026-01-03"
"MEX.12.68_1","Tlapa de Comonfort","GADM2","3.6","MX","Retail","0.3516845297527914","17.59786022191942","-98.5461878677975","2026-01-03"
"MEX.12.68_1","Tlapa de Comonfort","GADM2","3.6","MX","All","0.274695331824032","17.59786022191942","-98.5461878677975","2026-01-03"
"MEX.12.68_1","Tlapa de Comonfort","GADM2","3.6","MX","Professional Services","0.24842861108179196","17.59786022191942","-98.5461878677975","2026-01-03"
"MEX.12.68_1","Tlapa de Comonfort","GADM2","3.6","MX","Local Events","0.5203071997610987","17.59786022191942","-98.5461878677975","2026-01-03"
"MEX.12.68_1","Tlapa de Comonfort","GADM2","3.6","MX","Home Services","0.3034439661204868","17.59786022191942","-98.5461878677975","2026-01-03"
"MEX.12.68_1","Tlapa de Comonfort","GADM2","3.6","MX","Restaurants","0.28626179706441246","17.59786022191942","-98.5461878677975","2026-01-03"
"MEX.12.68_1","Tlapa de Comonfort","GADM2","3.6","MX","Lifestyle Services","0.22069510066948325","17.59786022191942","-98.5461878677975","2026-01-03"
"MEX.12.68_1","Tlapa de Comonfort","GADM2","3.6","MX","Business & Utility Services","0.3087434837888045","17.59786022191942","-98.5461878677975","2026-01-03"
"MEX.30.92_1","La Antigua","GADM2","3.6","MX","Retail","0.6477307682476032","19.587346998083053","-96.49370158924289","2026-01-03"
"MEX.30.92_1","La Antigua","GADM2","3.6","MX","Professional Services","0.2581054880886162","19.587346998083053","-96.49370158924289","2026-01-03"
"MEX.30.92_1","La Antigua","GADM2","3.6","MX","All","0.48421297712508055","19.587346998083053","-96.49370158924289","2026-01-03"
"MEX.30.92_1","La Antigua","GADM2","3.6","MX","Business & Utility Services","0.4805304462149373","19.587346998083053","-96.49370158924289","2026-01-03"
"MEX.30.92_1","La Antigua","GADM2","3.6","MX","Restaurants","0.5083460005965346","19.587346998083053","-96.49370158924289","2026-01-03"
"MEX.30.92_1","La Antigua","GADM2","3.6","MX","Home Services","0.4410015522822817","19.587346998083053","-96.49370158924289","2026-01-03"
"MEX.30.92_1","La Antigua","GADM2","3.6","MX","Lifestyle Services","0.5659665022462829","19.587346998083053","-96.49370158924289","2026-01-03"
"MEX.30.84_1","Jalcomulco","GADM2","3.6","MX","Restaurants","0.4120383539445157","19.358825694095366","-96.69880947375094","2026-01-03"
"MEX.30.84_1","Jalcomulco","GADM2","3.6","MX","All","0.3462472013242304","19.358825694095366","-96.69880947375094","2026-01-03"
"MEX.21.166_1","Tepexi de Rodríguez","GADM2","3.6","MX","All","0.46396887102223194","18.576833519501402","-97.78472845807248","2026-01-03"
"MEX.30.26_1","Calcahualco","GADM2","3.6","MX","Public Good","0.29945813045494324","19.155630519928852","-97.07632924049372","2026-01-03"
"MEX.30.26_1","Calcahualco","GADM2","3.6","MX","All","0.3838291716566166","19.155630519928852","-97.07632924049372","2026-01-03"
"MEX.30.26_1","Calcahualco","GADM2","3.6","MX","Professional Services","0.4236200352786076","19.155630519928852","-97.07632924049372","2026-01-03"
"MEX.30.26_1","Calcahualco","GADM2","3.6","MX","Grocery & Convenience Stores","0.605694052664666","19.155630519928852","-97.07632924049372","2026-01-03"
"MEX.30.26_1","Calcahualco","GADM2","3.6","MX","Restaurants","0.4140818428716061","19.155630519928852","-97.07632924049372","2026-01-03"
"MEX.30.26_1","Calcahualco","GADM2","3.6","MX","Retail","0.38185682345284727","19.155630519928852","-97.07632924049372","2026-01-03"
"MEX.30.26_1","Calcahualco","GADM2","3.6","MX","Local Events","0.4413778409478832","19.155630519928852","-97.07632924049372","2026-01-03"
"MEX.30.26_1","Calcahualco","GADM2","3.6","MX","Home Services","0.2858757975748792","19.155630519928852","-97.07632924049372","2026-01-03"
"MEX.30.26_1","Calcahualco","GADM2","3.6","MX","Business & Utility Services","0.5789090748116182","19.155630519928852","-97.07632924049372","2026-01-03"
"MEX.30.26_1","Calcahualco","GADM2","3.6","MX","Lifestyle Services","0.5294276561855418","19.155630519928852","-97.07632924049372","2026-01-03"
"MEX.24.45_1","Tierra Nueva","GADM2","3.6","MX","All","0.3572228155967016","21.686264619709515","-100.47925813539756","2026-01-03"
"MEX.13.75_1","Tula de Allende","GADM2","3.6","MX","","0.47277277531826456","20.088783792069776","-99.34877052988904","2026-01-03"
"MEX.13.75_1","Tula de Allende","GADM2","3.6","MX","Travel","0.48236917526948553","20.088783792069776","-99.34877052988904","2026-01-03"
"MEX.13.75_1","Tula de Allende","GADM2","3.6","MX","Public Good","0.33792189437621445","20.088783792069776","-99.34877052988904","2026-01-03"
"MEX.13.75_1","Tula de Allende","GADM2","3.6","MX","Grocery & Convenience Stores","0.5804631026001014","20.088783792069776","-99.34877052988904","2026-01-03"
"MEX.13.75_1","Tula de Allende","GADM2","3.6","MX","Business & Utility Services","0.32682200671995404","20.088783792069776","-99.34877052988904","2026-01-03"
"MEX.13.75_1","Tula de Allende","GADM2","3.6","MX","All","0.35847060366150163","20.088783792069776","-99.34877052988904","2026-01-03"
"MEX.13.75_1","Tula de Allende","GADM2","3.6","MX","Restaurants","0.33578074446680145","20.088783792069776","-99.34877052988904","2026-01-03"
"MEX.13.75_1","Tula de Allende","GADM2","3.6","MX","Professional Services","0.3153753783353789","20.088783792069776","-99.34877052988904","2026-01-03"
"MEX.13.75_1","Tula de Allende","GADM2","3.6","MX","Lifestyle Services","0.3300921300199703","20.088783792069776","-99.34877052988904","2026-01-03"
"MEX.13.75_1","Tula de Allende","GADM2","3.6","MX","Local Events","0.3874020337371314","20.088783792069776","-99.34877052988904","2026-01-03"
"MEX.13.75_1","Tula de Allende","GADM2","3.6","MX","Manufacturing","0.5508857637466881","20.088783792069776","-99.34877052988904","2026-01-03"
"MEX.13.75_1","Tula de Allende","GADM2","3.6","MX","Home Services","0.4710561691551846","20.088783792069776","-99.34877052988904","2026-01-03"
"MEX.13.75_1","Tula de Allende","GADM2","3.6","MX","Retail","0.4264226747434686","20.088783792069776","-99.34877052988904","2026-01-03"
"MEX.24.25_1","Rioverde","GADM2","3.6","MX","All","0.33449429201859127","21.96091387717479","-100.04551480863037","2026-01-03"
"MEX.24.25_1","Rioverde","GADM2","3.6","MX","Public Good","0.2503517816149889","21.96091387717479","-100.04551480863037","2026-01-03"
"MEX.24.25_1","Rioverde","GADM2","3.6","MX","Lifestyle Services","0.42268408343319397","21.96091387717479","-100.04551480863037","2026-01-03"
"MEX.24.25_1","Rioverde","GADM2","3.6","MX","Travel","0.4899583914644245","21.96091387717479","-100.04551480863037","2026-01-03"
"MEX.24.25_1","Rioverde","GADM2","3.6","MX","Business & Utility Services","0.6066578881930829","21.96091387717479","-100.04551480863037","2026-01-03"
"MEX.24.25_1","Rioverde","GADM2","3.6","MX","Restaurants","0.3449226015618342","21.96091387717479","-100.04551480863037","2026-01-03"
"MEX.24.25_1","Rioverde","GADM2","3.6","MX","Retail","0.32462104860393076","21.96091387717479","-100.04551480863037","2026-01-03"
"MEX.24.25_1","Rioverde","GADM2","3.6","MX","Home Services","0.3245580324361463","21.96091387717479","-100.04551480863037","2026-01-03"
"MEX.24.25_1","Rioverde","GADM2","3.6","MX","Grocery & Convenience Stores","0.42419318126877564","21.96091387717479","-100.04551480863037","2026-01-03"
"MEX.24.25_1","Rioverde","GADM2","3.6","MX","Professional Services","0.3547988927786488","21.96091387717479","-100.04551480863037","2026-01-03"
"MEX.24.25_1","Rioverde","GADM2","3.6","MX","Manufacturing","0.551773073492579","21.96091387717479","-100.04551480863037","2026-01-03"
"MEX.24.25_1","Rioverde","GADM2","3.6","MX","","0.47409032466071915","21.96091387717479","-100.04551480863037","2026-01-03"
"MEX.24.25_1","Rioverde","GADM2","3.6","MX","Local Events","0.458627100026981","21.96091387717479","-100.04551480863037","2026-01-03"
"MEX.12.4_1","Alcozauca de Guerrero","GADM2","3.6","MX","All","0.4895692076428723","17.44073472085733","-98.29095401357563","2026-01-03"
"MEX.15.82_1","Tecámac","GADM2","3.6","MX","","0.45184186411993876","19.659861379007854","-98.95242466171256","2026-01-03"
"MEX.15.82_1","Tecámac","GADM2","3.6","MX","Local Events","0.33659017214918807","19.659861379007854","-98.95242466171256","2026-01-03"
"MEX.15.82_1","Tecámac","GADM2","3.6","MX","Travel","0.3222819543847026","19.659861379007854","-98.95242466171256","2026-01-03"
"MEX.15.82_1","Tecámac","GADM2","3.6","MX","Business & Utility Services","0.522037095789422","19.659861379007854","-98.95242466171256","2026-01-03"
"MEX.15.82_1","Tecámac","GADM2","3.6","MX","Restaurants","0.37653915398616167","19.659861379007854","-98.95242466171256","2026-01-03"
"MEX.15.82_1","Tecámac","GADM2","3.6","MX","Home Services","0.40720853727992307","19.659861379007854","-98.95242466171256","2026-01-03"
"MEX.15.82_1","Tecámac","GADM2","3.6","MX","Public Good","0.6730479059482162","19.659861379007854","-98.95242466171256","2026-01-03"
"MEX.15.82_1","Tecámac","GADM2","3.6","MX","Professional Services","0.32044796990108126","19.659861379007854","-98.95242466171256","2026-01-03"
"MEX.15.82_1","Tecámac","GADM2","3.6","MX","Grocery & Convenience Stores","0.5942894992353159","19.659861379007854","-98.95242466171256","2026-01-03"
"MEX.15.82_1","Tecámac","GADM2","3.6","MX","Lifestyle Services","0.19556304354904294","19.659861379007854","-98.95242466171256","2026-01-03"
"MEX.15.82_1","Tecámac","GADM2","3.6","MX","Retail","0.34181207344083175","19.659861379007854","-98.95242466171256","2026-01-03"
"MEX.15.82_1","Tecámac","GADM2","3.6","MX","All","0.28783043243166595","19.659861379007854","-98.95242466171256","2026-01-03"
"MEX.20.11_1","Dist. Juquila","GADM2","3.6","MX","Grocery & Convenience Stores","0.42720144226602347","16.202035000083878","-97.50852984471413","2026-01-03"
"MEX.20.11_1","Dist. Juquila","GADM2","3.6","MX","Business & Utility Services","0.3904865919988663","16.202035000083878","-97.50852984471413","2026-01-03"
"MEX.20.11_1","Dist. Juquila","GADM2","3.6","MX","Professional Services","0.4185809326267878","16.202035000083878","-97.50852984471413","2026-01-03"
"MEX.20.11_1","Dist. Juquila","GADM2","3.6","MX","Home Services","0.5725869951667161","16.202035000083878","-97.50852984471413","2026-01-03"
"MEX.32.24_1","Loreto","GADM2","3.6","MX","Public Good","0.3795583943593544","22.263998194596418","-101.98747937208167","2026-01-03"
"MEX.32.24_1","Loreto","GADM2","3.6","MX","Retail","0.41754685666056485","22.263998194596418","-101.98747937208167","2026-01-03"
"MEX.32.24_1","Loreto","GADM2","3.6","MX","Business & Utility Services","0.5470310519208808","22.263998194596418","-101.98747937208167","2026-01-03"
"MEX.32.24_1","Loreto","GADM2","3.6","MX","Home Services","0.5013669117829085","22.263998194596418","-101.98747937208167","2026-01-03"
"MEX.32.24_1","Loreto","GADM2","3.6","MX","Grocery & Convenience Stores","0.5758338971529258","22.263998194596418","-101.98747937208167","2026-01-03"
"MEX.32.24_1","Loreto","GADM2","3.6","MX","Professional Services","0.37882869145123055","22.263998194596418","-101.98747937208167","2026-01-03"
"MEX.32.24_1","Loreto","GADM2","3.6","MX","Restaurants","0.4410465557304608","22.263998194596418","-101.98747937208167","2026-01-03"
"MEX.14.89_1","Tecalitlán","GADM2","3.6","MX","Grocery & Convenience Stores","0.3491408472554795","19.231388719670964","-103.21450947685278","2026-01-03"
"MEX.14.89_1","Tecalitlán","GADM2","3.6","MX","Restaurants","0.464905352872991","19.231388719670964","-103.21450947685278","2026-01-03"
"MEX.14.89_1","Tecalitlán","GADM2","3.6","MX","Professional Services","0.46996358385574116","19.231388719670964","-103.21450947685278","2026-01-03"
"MEX.14.89_1","Tecalitlán","GADM2","3.6","MX","Home Services","0.6487779740410573","19.231388719670964","-103.21450947685278","2026-01-03"
"MEX.14.89_1","Tecalitlán","GADM2","3.6","MX","Retail","0.29275553280047806","19.231388719670964","-103.21450947685278","2026-01-03"
"MEX.14.89_1","Tecalitlán","GADM2","3.6","MX","All","0.35418482695319586","19.231388719670964","-103.21450947685278","2026-01-03"
"MEX.14.89_1","Tecalitlán","GADM2","3.6","MX","Lifestyle Services","0.23677185066634968","19.231388719670964","-103.21450947685278","2026-01-03"
"MEX.30.152_1","Tancoco","GADM2","3.6","MX","Retail","0.40936502677959224","21.24327211840653","-97.74133391499335","2026-01-03"
"MEX.30.152_1","Tancoco","GADM2","3.6","MX","All","0.33868664143592514","21.24327211840653","-97.74133391499335","2026-01-03"
"MEX.30.152_1","Tancoco","GADM2","3.6","MX","Public Good","0.5157246065512895","21.24327211840653","-97.74133391499335","2026-01-03"
"MEX.30.152_1","Tancoco","GADM2","3.6","MX","Professional Services","0.23929556241394723","21.24327211840653","-97.74133391499335","2026-01-03"
"MEX.30.152_1","Tancoco","GADM2","3.6","MX","Restaurants","0.4485725568890029","21.24327211840653","-97.74133391499335","2026-01-03"
"MEX.30.152_1","Tancoco","GADM2","3.6","MX","Home Services","0.6437148647534885","21.24327211840653","-97.74133391499335","2026-01-03"
"MEX.30.91_1","Juchique de Ferrer","GADM2","3.6","MX","All","0.5016688277369543","19.786186064237537","-96.64701752292905","2026-01-03"
"MEX.16.44_1","Jiménez","GADM2","3.6","MX","All","0.4940280286787329","19.896088297578213","-101.73266409557834","2026-01-03"
"MEX.13.83_1","Zempoala","GADM2","3.6","MX","Restaurants","0.48380913091011507","19.89979683568679","-98.61444469559002","2026-01-03"
"MEX.13.83_1","Zempoala","GADM2","3.6","MX","Home Services","0.36521691560450226","19.89979683568679","-98.61444469559002","2026-01-03"
"MEX.13.83_1","Zempoala","GADM2","3.6","MX","Grocery & Convenience Stores","0.4090303792079184","19.89979683568679","-98.61444469559002","2026-01-03"
"MEX.13.83_1","Zempoala","GADM2","3.6","MX","Retail","0.3134077458591276","19.89979683568679","-98.61444469559002","2026-01-03"
"MEX.13.83_1","Zempoala","GADM2","3.6","MX","Business & Utility Services","0.45722114346454834","19.89979683568679","-98.61444469559002","2026-01-03"
"MEX.13.83_1","Zempoala","GADM2","3.6","MX","Lifestyle Services","0.2640391718918561","19.89979683568679","-98.61444469559002","2026-01-03"
"MEX.13.83_1","Zempoala","GADM2","3.6","MX","Public Good","0.42573978432368303","19.89979683568679","-98.61444469559002","2026-01-03"
"MEX.13.83_1","Zempoala","GADM2","3.6","MX","Professional Services","0.17970799075365917","19.89979683568679","-98.61444469559002","2026-01-03"
"MEX.13.83_1","Zempoala","GADM2","3.6","MX","All","0.27437649427680905","19.89979683568679","-98.61444469559002","2026-01-03"
"MEX.16.27_1","Contepec","GADM2","3.6","MX","All","0.6847155619136103","19.956136948810244","-100.20838064838881","2026-01-03"
"MEX.16.27_1","Contepec","GADM2","3.6","MX","Professional Services","0.679145710642388","19.956136948810244","-100.20838064838881","2026-01-03"
"MEX.16.27_1","Contepec","GADM2","3.6","MX","Retail","0.5687593230238438","19.956136948810244","-100.20838064838881","2026-01-03"
"MEX.16.100_1","Tzintzuntzan","GADM2","3.6","MX","All","0.5746172869441744","19.60457552645461","-101.59515751874534","2026-01-03"
"MEX.16.100_1","Tzintzuntzan","GADM2","3.6","MX","Retail","0.3194768438268459","19.60457552645461","-101.59515751874534","2026-01-03"
"MEX.16.100_1","Tzintzuntzan","GADM2","3.6","MX","Restaurants","0.6836409552800761","19.60457552645461","-101.59515751874534","2026-01-03"
"MEX.32.19_1","Jalpa","GADM2","3.6","MX","Business & Utility Services","0.6666324732983406","21.561260948027073","-103.03181397937477","2026-01-03"
"MEX.32.19_1","Jalpa","GADM2","3.6","MX","Restaurants","0.6078281596325752","21.561260948027073","-103.03181397937477","2026-01-03"
"MEX.32.19_1","Jalpa","GADM2","3.6","MX","Professional Services","0.40363407466115386","21.561260948027073","-103.03181397937477","2026-01-03"
"MEX.32.19_1","Jalpa","GADM2","3.6","MX","All","0.426660281322924","21.561260948027073","-103.03181397937477","2026-01-03"
"MEX.32.19_1","Jalpa","GADM2","3.6","MX","Lifestyle Services","0.38647626784851624","21.561260948027073","-103.03181397937477","2026-01-03"
"MEX.32.19_1","Jalpa","GADM2","3.6","MX","Home Services","0.45351285344560033","21.561260948027073","-103.03181397937477","2026-01-03"
"MEX.32.19_1","Jalpa","GADM2","3.6","MX","Retail","0.34559090117855323","21.561260948027073","-103.03181397937477","2026-01-03"
"MEX.32.19_1","Jalpa","GADM2","3.6","MX","Grocery & Convenience Stores","0.5657498323401021","21.561260948027073","-103.03181397937477","2026-01-03"
"MEX.16.66_1","Pajacuarán","GADM2","3.6","MX","Restaurants","0.3395068479076039","20.132233937030513","-102.53992403653291","2026-01-03"
"MEX.16.66_1","Pajacuarán","GADM2","3.6","MX","Home Services","0.5443011206630033","20.132233937030513","-102.53992403653291","2026-01-03"
"MEX.16.66_1","Pajacuarán","GADM2","3.6","MX","Grocery & Convenience Stores","0.35998349394443657","20.132233937030513","-102.53992403653291","2026-01-03"
"MEX.16.66_1","Pajacuarán","GADM2","3.6","MX","Professional Services","0.6372208282348965","20.132233937030513","-102.53992403653291","2026-01-03"
"MEX.16.66_1","Pajacuarán","GADM2","3.6","MX","All","0.4064271318646892","20.132233937030513","-102.53992403653291","2026-01-03"
"MEX.16.66_1","Pajacuarán","GADM2","3.6","MX","Retail","0.6234058006935087","20.132233937030513","-102.53992403653291","2026-01-03"
"MEX.21.185_1","Tochimilco","GADM2","3.6","MX","Restaurants","0.5218504115799204","18.93156310082718","-98.52823469582496","2026-01-03"
"MEX.21.185_1","Tochimilco","GADM2","3.6","MX","All","0.5104184777933833","18.93156310082718","-98.52823469582496","2026-01-03"
"MEX.21.185_1","Tochimilco","GADM2","3.6","MX","Lifestyle Services","0.4748123556637397","18.93156310082718","-98.52823469582496","2026-01-03"
"MEX.21.185_1","Tochimilco","GADM2","3.6","MX","Professional Services","0.3884526756875259","18.93156310082718","-98.52823469582496","2026-01-03"
"MEX.21.185_1","Tochimilco","GADM2","3.6","MX","Retail","0.6063566841707042","18.93156310082718","-98.52823469582496","2026-01-03"
"MEX.15.77_1","San Mateo Atenco","GADM2","3.6","MX","Restaurants","0.28131193165133433","19.198760751089758","-99.50502871889577","2026-01-03"
"MEX.15.77_1","San Mateo Atenco","GADM2","3.6","MX","All","0.399908261978701","19.198760751089758","-99.50502871889577","2026-01-03"
"MEX.15.77_1","San Mateo Atenco","GADM2","3.6","MX","Lifestyle Services","0.5855171470481745","19.198760751089758","-99.50502871889577","2026-01-03"
"MEX.15.77_1","San Mateo Atenco","GADM2","3.6","MX","Professional Services","0.42973757950464514","19.198760751089758","-99.50502871889577","2026-01-03"
"MEX.15.77_1","San Mateo Atenco","GADM2","3.6","MX","Retail","0.39803341825912286","19.198760751089758","-99.50502871889577","2026-01-03"
"MEX.15.77_1","San Mateo Atenco","GADM2","3.6","MX","Home Services","0.4108840614865979","19.198760751089758","-99.50502871889577","2026-01-03"
"MEX.15.77_1","San Mateo Atenco","GADM2","3.6","MX","Public Good","0.3398013863023027","19.198760751089758","-99.50502871889577","2026-01-03"
"MEX.15.20_1","Chalco","GADM2","3.6","MX","Grocery & Convenience Stores","0.6959287707915521","19.245419352253645","-98.75608574122067","2026-01-03"
"MEX.15.20_1","Chalco","GADM2","3.6","MX","Restaurants","0.5958702952998871","19.245419352253645","-98.75608574122067","2026-01-03"
"MEX.15.20_1","Chalco","GADM2","3.6","MX","Lifestyle Services","0.38434919706487886","19.245419352253645","-98.75608574122067","2026-01-03"
"MEX.15.20_1","Chalco","GADM2","3.6","MX","Professional Services","0.2122692738907668","19.245419352253645","-98.75608574122067","2026-01-03"
"MEX.15.20_1","Chalco","GADM2","3.6","MX","Public Good","0.32303841627530183","19.245419352253645","-98.75608574122067","2026-01-03"
"MEX.15.20_1","Chalco","GADM2","3.6","MX","All","0.2678734071540298","19.245419352253645","-98.75608574122067","2026-01-03"
"MEX.15.20_1","Chalco","GADM2","3.6","MX","Home Services","0.45695147903816735","19.245419352253645","-98.75608574122067","2026-01-03"
"MEX.15.20_1","Chalco","GADM2","3.6","MX","Retail","0.32243021951054474","19.245419352253645","-98.75608574122067","2026-01-03"
"MEX.15.20_1","Chalco","GADM2","3.6","MX","Business & Utility Services","0.32496815831151554","19.245419352253645","-98.75608574122067","2026-01-03"
"MEX.17.9_1","Huitzilac","GADM2","3.6","MX","Lifestyle Services","0.35305199276309435","19.004093460182204","-99.18873397268462","2026-01-03"
"MEX.17.9_1","Huitzilac","GADM2","3.6","MX","All","0.2572883006031993","19.004093460182204","-99.18873397268462","2026-01-03"
"MEX.17.9_1","Huitzilac","GADM2","3.6","MX","Restaurants","0.2845186158208123","19.004093460182204","-99.18873397268462","2026-01-03"
"MEX.17.9_1","Huitzilac","GADM2","3.6","MX","Local Events","0.4141005388805887","19.004093460182204","-99.18873397268462","2026-01-03"
"MEX.17.9_1","Huitzilac","GADM2","3.6","MX","Professional Services","0.214496173007738","19.004093460182204","-99.18873397268462","2026-01-03"
"MEX.17.9_1","Huitzilac","GADM2","3.6","MX","Manufacturing","0.33850096873590435","19.004093460182204","-99.18873397268462","2026-01-03"
"MEX.17.9_1","Huitzilac","GADM2","3.6","MX","","0.42413485185585603","19.004093460182204","-99.18873397268462","2026-01-03"
"MEX.17.9_1","Huitzilac","GADM2","3.6","MX","Travel","0.4258312104450844","19.004093460182204","-99.18873397268462","2026-01-03"
"MEX.17.9_1","Huitzilac","GADM2","3.6","MX","Home Services","0.3906531814040865","19.004093460182204","-99.18873397268462","2026-01-03"
"MEX.17.9_1","Huitzilac","GADM2","3.6","MX","Business & Utility Services","0.2890144891621725","19.004093460182204","-99.18873397268462","2026-01-03"
"MEX.17.9_1","Huitzilac","GADM2","3.6","MX","Retail","0.238126658553681","19.004093460182204","-99.18873397268462","2026-01-03"
"MEX.17.9_1","Huitzilac","GADM2","3.6","MX","Public Good","0.1929011420615811","19.004093460182204","-99.18873397268462","2026-01-03"
"MEX.17.9_1","Huitzilac","GADM2","3.6","MX","Grocery & Convenience Stores","0.338739976737844","19.004093460182204","-99.18873397268462","2026-01-03"
"MEX.13.53_1","San Felipe Orizatlán","GADM2","3.6","MX","All","0.4136807471497595","21.294013322332216","-98.59602908692884","2026-01-03"
"MEX.13.53_1","San Felipe Orizatlán","GADM2","3.6","MX","Retail","0.3546006058888117","21.294013322332216","-98.59602908692884","2026-01-03"
"MEX.12.22_1","Coyuca de Benítez","GADM2","3.6","MX","All","0.3826848495110749","17.14723075923661","-100.02665212515258","2026-01-03"
"MEX.12.22_1","Coyuca de Benítez","GADM2","3.6","MX","Professional Services","0.19091011241050213","17.14723075923661","-100.02665212515258","2026-01-03"
"MEX.12.22_1","Coyuca de Benítez","GADM2","3.6","MX","Travel","0.3970907787457801","17.14723075923661","-100.02665212515258","2026-01-03"
"MEX.12.22_1","Coyuca de Benítez","GADM2","3.6","MX","Grocery & Convenience Stores","0.559594248889268","17.14723075923661","-100.02665212515258","2026-01-03"
"MEX.15.18_1","Calimaya","GADM2","3.6","MX","Restaurants","0.4087035644818426","19.064788812564284","-99.64595553495374","2026-01-03"
"MEX.15.18_1","Calimaya","GADM2","3.6","MX","Home Services","0.6068346098208152","19.064788812564284","-99.64595553495374","2026-01-03"
"MEX.15.18_1","Calimaya","GADM2","3.6","MX","Professional Services","0.3827632502473781","19.064788812564284","-99.64595553495374","2026-01-03"
"MEX.15.18_1","Calimaya","GADM2","3.6","MX","Retail","0.5396762551624502","19.064788812564284","-99.64595553495374","2026-01-03"
"MEX.15.18_1","Calimaya","GADM2","3.6","MX","Business & Utility Services","0.4809870347350177","19.064788812564284","-99.64595553495374","2026-01-03"
"MEX.15.18_1","Calimaya","GADM2","3.6","MX","Public Good","0.3415689683229536","19.064788812564284","-99.64595553495374","2026-01-03"
"MEX.15.18_1","Calimaya","GADM2","3.6","MX","All","0.35312849090748893","19.064788812564284","-99.64595553495374","2026-01-03"
"MEX.15.18_1","Calimaya","GADM2","3.6","MX","Grocery & Convenience Stores","0.3606772332049789","19.064788812564284","-99.64595553495374","2026-01-03"
"MEX.15.18_1","Calimaya","GADM2","3.6","MX","Lifestyle Services","0.39622017974282636","19.064788812564284","-99.64595553495374","2026-01-03"
"MEX.15.18_1","Calimaya","GADM2","3.6","MX","Local Events","0.39856997050314164","19.064788812564284","-99.64595553495374","2026-01-03"
"MEX.11.32_1","San José Iturbide","GADM2","3.6","MX","Travel","0.34977391797089796","20.996797613940668","-100.4281717880206","2026-01-03"
"MEX.11.32_1","San José Iturbide","GADM2","3.6","MX","Grocery & Convenience Stores","0.7106292475517046","20.996797613940668","-100.4281717880206","2026-01-03"
"MEX.11.32_1","San José Iturbide","GADM2","3.6","MX","Professional Services","0.2870065450515","20.996797613940668","-100.4281717880206","2026-01-03"
"MEX.11.32_1","San José Iturbide","GADM2","3.6","MX","Home Services","0.5902938746141623","20.996797613940668","-100.4281717880206","2026-01-03"
"MEX.11.32_1","San José Iturbide","GADM2","3.6","MX","Local Events","0.5797871698887621","20.996797613940668","-100.4281717880206","2026-01-03"
"MEX.11.32_1","San José Iturbide","GADM2","3.6","MX","","0.6429030901277294","20.996797613940668","-100.4281717880206","2026-01-03"
"MEX.11.32_1","San José Iturbide","GADM2","3.6","MX","Retail","0.45604786045003376","20.996797613940668","-100.4281717880206","2026-01-03"
"MEX.11.32_1","San José Iturbide","GADM2","3.6","MX","All","0.4156996169392381","20.996797613940668","-100.4281717880206","2026-01-03"
"MEX.11.32_1","San José Iturbide","GADM2","3.6","MX","Business & Utility Services","0.3860988144442358","20.996797613940668","-100.4281717880206","2026-01-03"
"MEX.11.32_1","San José Iturbide","GADM2","3.6","MX","Restaurants","0.5129193847674186","20.996797613940668","-100.4281717880206","2026-01-03"
"MEX.11.32_1","San José Iturbide","GADM2","3.6","MX","Public Good","0.39543718314440485","20.996797613940668","-100.4281717880206","2026-01-03"
"MEX.11.32_1","San José Iturbide","GADM2","3.6","MX","Lifestyle Services","0.3672858101626396","20.996797613940668","-100.4281717880206","2026-01-03"
"MEX.28.20_1","Llera","GADM2","3.6","MX","Restaurants","0.49492371374697264","23.257893233607454","-98.89932529680148","2026-01-03"
"MEX.28.20_1","Llera","GADM2","3.6","MX","Retail","0.2700372993336784","23.257893233607454","-98.89932529680148","2026-01-03"
"MEX.28.20_1","Llera","GADM2","3.6","MX","All","0.2687798603396792","23.257893233607454","-98.89932529680148","2026-01-03"
"MEX.28.20_1","Llera","GADM2","3.6","MX","Professional Services","0.34036406445647815","23.257893233607454","-98.89932529680148","2026-01-03"
"MEX.21.168_1","Tepeyahualco de Cuauhtémoc","GADM2","3.6","MX","All","0.3798594947594622","18.85998070359844","-97.75440447615571","2026-01-03"
"MEX.29.6_1","Atlangatepec","GADM2","3.6","MX","All","0.4649752478722032","19.564158058108127","-98.11136023180057","2026-01-03"
"MEX.15.51_1","Joquicingo","GADM2","3.6","MX","Restaurants","0.6737699742639913","18.9569923547464","-99.47890686206665","2026-01-03"
"MEX.15.51_1","Joquicingo","GADM2","3.6","MX","Retail","0.5435746497529715","18.9569923547464","-99.47890686206665","2026-01-03"
"MEX.15.51_1","Joquicingo","GADM2","3.6","MX","Home Services","0.5374677151874383","18.9569923547464","-99.47890686206665","2026-01-03"
"MEX.15.51_1","Joquicingo","GADM2","3.6","MX","Public Good","0.14618078965941744","18.9569923547464","-99.47890686206665","2026-01-03"
"MEX.15.51_1","Joquicingo","GADM2","3.6","MX","Professional Services","0.30299131531656925","18.9569923547464","-99.47890686206665","2026-01-03"
"MEX.15.51_1","Joquicingo","GADM2","3.6","MX","Grocery & Convenience Stores","0.39771737298090976","18.9569923547464","-99.47890686206665","2026-01-03"
"MEX.15.51_1","Joquicingo","GADM2","3.6","MX","All","0.5528483454445886","18.9569923547464","-99.47890686206665","2026-01-03"
"MEX.15.51_1","Joquicingo","GADM2","3.6","MX","Travel","0.5713818335016004","18.9569923547464","-99.47890686206665","2026-01-03"
"MEX.15.51_1","Joquicingo","GADM2","3.6","MX","Business & Utility Services","0.4949421154659434","18.9569923547464","-99.47890686206665","2026-01-03"
"MEX.15.51_1","Joquicingo","GADM2","3.6","MX","Local Events","0.5441528990982872","18.9569923547464","-99.47890686206665","2026-01-03"
"MEX.24.14_1","Ciudad Valles","GADM2","3.6","MX","Home Services","0.3047853307619223","22.10995349870899","-99.05222342423514","2026-01-03"
"MEX.24.14_1","Ciudad Valles","GADM2","3.6","MX","Public Good","0.3388217076105183","22.10995349870899","-99.05222342423514","2026-01-03"
"MEX.24.14_1","Ciudad Valles","GADM2","3.6","MX","Professional Services","0.28166835578595506","22.10995349870899","-99.05222342423514","2026-01-03"
"MEX.24.14_1","Ciudad Valles","GADM2","3.6","MX","Retail","0.2649608118062564","22.10995349870899","-99.05222342423514","2026-01-03"
"MEX.24.14_1","Ciudad Valles","GADM2","3.6","MX","Lifestyle Services","0.17947195595651635","22.10995349870899","-99.05222342423514","2026-01-03"
"MEX.24.14_1","Ciudad Valles","GADM2","3.6","MX","All","0.2518132746239199","22.10995349870899","-99.05222342423514","2026-01-03"
"MEX.24.14_1","Ciudad Valles","GADM2","3.6","MX","","0.3685758178862765","22.10995349870899","-99.05222342423514","2026-01-03"
"MEX.24.14_1","Ciudad Valles","GADM2","3.6","MX","Grocery & Convenience Stores","0.5790127854060928","22.10995349870899","-99.05222342423514","2026-01-03"
"MEX.24.14_1","Ciudad Valles","GADM2","3.6","MX","Manufacturing","0.2805953941312621","22.10995349870899","-99.05222342423514","2026-01-03"
"MEX.24.14_1","Ciudad Valles","GADM2","3.6","MX","Travel","0.2104884877914219","22.10995349870899","-99.05222342423514","2026-01-03"
"MEX.24.14_1","Ciudad Valles","GADM2","3.6","MX","Local Events","0.4087772661368528","22.10995349870899","-99.05222342423514","2026-01-03"
"MEX.24.14_1","Ciudad Valles","GADM2","3.6","MX","Restaurants","0.2923646662734632","22.10995349870899","-99.05222342423514","2026-01-03"
"MEX.24.14_1","Ciudad Valles","GADM2","3.6","MX","Business & Utility Services","0.29157634282542005","22.10995349870899","-99.05222342423514","2026-01-03"
"MEX.16.109_1","Zináparo","GADM2","3.6","MX","All","0.5134751342730487","20.17824855250612","-102.04186812824575","2026-01-03"
"MEX.30.121_1","Oteapan","GADM2","3.6","MX","All","0.54398807043339","17.985067229850472","-94.73415981235038","2026-01-03"
"MEX.11.31_1","San Francisco del Rincón","GADM2","3.6","MX","Local Events","0.2570546934668386","20.89075816459848","-101.80709046517066","2026-01-03"
"MEX.11.31_1","San Francisco del Rincón","GADM2","3.6","MX","Lifestyle Services","0.4555959433727157","20.89075816459848","-101.80709046517066","2026-01-03"
"MEX.11.31_1","San Francisco del Rincón","GADM2","3.6","MX","Business & Utility Services","0.23776636901095735","20.89075816459848","-101.80709046517066","2026-01-03"
"MEX.11.31_1","San Francisco del Rincón","GADM2","3.6","MX","Professional Services","0.4084217225710401","20.89075816459848","-101.80709046517066","2026-01-03"
"MEX.11.31_1","San Francisco del Rincón","GADM2","3.6","MX","Home Services","0.34805829273414474","20.89075816459848","-101.80709046517066","2026-01-03"
"MEX.11.31_1","San Francisco del Rincón","GADM2","3.6","MX","All","0.3146658631565607","20.89075816459848","-101.80709046517066","2026-01-03"
"MEX.11.31_1","San Francisco del Rincón","GADM2","3.6","MX","Retail","0.3582238655861972","20.89075816459848","-101.80709046517066","2026-01-03"
"MEX.11.31_1","San Francisco del Rincón","GADM2","3.6","MX","Grocery & Convenience Stores","0.6324198401728172","20.89075816459848","-101.80709046517066","2026-01-03"
"MEX.11.31_1","San Francisco del Rincón","GADM2","3.6","MX","Restaurants","0.4084944411509495","20.89075816459848","-101.80709046517066","2026-01-03"
"MEX.11.31_1","San Francisco del Rincón","GADM2","3.6","MX","Travel","0.3283873355942159","20.89075816459848","-101.80709046517066","2026-01-03"
"MEX.11.31_1","San Francisco del Rincón","GADM2","3.6","MX","Public Good","0.28869014738619814","20.89075816459848","-101.80709046517066","2026-01-03"
"MEX.15.57_1","Metepec","GADM2","3.6","MX","Professional Services","0.35097325329381174","19.167084194585392","-99.54892740853933","2026-01-03"
"MEX.15.57_1","Metepec","GADM2","3.6","MX","Retail","0.5226599833855208","19.167084194585392","-99.54892740853933","2026-01-03"
"MEX.15.57_1","Metepec","GADM2","3.6","MX","Home Services","0.2822398604263561","19.167084194585392","-99.54892740853933","2026-01-03"
"MEX.15.57_1","Metepec","GADM2","3.6","MX","All","0.3180266441348686","19.167084194585392","-99.54892740853933","2026-01-03"
"MEX.15.57_1","Metepec","GADM2","3.6","MX","Lifestyle Services","0.25512476264532913","19.167084194585392","-99.54892740853933","2026-01-03"
"MEX.15.57_1","Metepec","GADM2","3.6","MX","Restaurants","0.4955647803342374","19.167084194585392","-99.54892740853933","2026-01-03"
"MEX.15.57_1","Metepec","GADM2","3.6","MX","Grocery & Convenience Stores","0.4217803407271809","19.167084194585392","-99.54892740853933","2026-01-03"
"MEX.15.57_1","Metepec","GADM2","3.6","MX","Public Good","0.34757401144784117","19.167084194585392","-99.54892740853933","2026-01-03"
"MEX.24.49_1","Villa de Arriaga","GADM2","3.6","MX","Retail","0.6064670338007321","21.96599503600356","-101.3045753124814","2026-01-03"
"MEX.24.49_1","Villa de Arriaga","GADM2","3.6","MX","All","0.49044341835502075","21.96599503600356","-101.3045753124814","2026-01-03"
"MEX.15.68_1","Otzoloapan","GADM2","3.6","MX","Retail","0.6042909216996915","18.986183320560297","-100.32114935495956","2026-01-03"
"MEX.15.68_1","Otzoloapan","GADM2","3.6","MX","Restaurants","0.31285931421336954","18.986183320560297","-100.32114935495956","2026-01-03"
"MEX.15.68_1","Otzoloapan","GADM2","3.6","MX","All","0.45998181083029926","18.986183320560297","-100.32114935495956","2026-01-03"
"MEX.9.2_1","Azcapotzalco","GADM2","3.6","MX","Manufacturing","0.20241849242146187","19.440273227839985","-99.15007568025196","2026-01-03"
"MEX.9.2_1","Azcapotzalco","GADM2","3.6","MX","Professional Services","0.27723417033215497","19.440273227839985","-99.15007568025196","2026-01-03"
"MEX.9.2_1","Azcapotzalco","GADM2","3.6","MX","Grocery & Convenience Stores","0.34698264723764066","19.440273227839985","-99.15007568025196","2026-01-03"
"MEX.9.2_1","Azcapotzalco","GADM2","3.6","MX","Travel","0.28522390216665827","19.440273227839985","-99.15007568025196","2026-01-03"
"MEX.9.2_1","Azcapotzalco","GADM2","3.6","MX","Restaurants","0.2545584599579898","19.440273227839985","-99.15007568025196","2026-01-03"
"MEX.9.2_1","Azcapotzalco","GADM2","3.6","MX","Lifestyle Services","0.28883773707657856","19.440273227839985","-99.15007568025196","2026-01-03"
"MEX.9.2_1","Azcapotzalco","GADM2","3.6","MX","Retail","0.2440839382603778","19.440273227839985","-99.15007568025196","2026-01-03"
"MEX.9.2_1","Azcapotzalco","GADM2","3.6","MX","Local Events","0.14950601442379224","19.440273227839985","-99.15007568025196","2026-01-03"
"MEX.9.2_1","Azcapotzalco","GADM2","3.6","MX","Home Services","0.22448745425635094","19.440273227839985","-99.15007568025196","2026-01-03"
"MEX.9.2_1","Azcapotzalco","GADM2","3.6","MX","","0.13912289214650103","19.440273227839985","-99.15007568025196","2026-01-03"
"MEX.9.2_1","Azcapotzalco","GADM2","3.6","MX","All","0.24627106669917698","19.440273227839985","-99.15007568025196","2026-01-03"
"MEX.9.2_1","Azcapotzalco","GADM2","3.6","MX","Public Good","0.14022713382568888","19.440273227839985","-99.15007568025196","2026-01-03"
"MEX.9.2_1","Azcapotzalco","GADM2","3.6","MX","Business & Utility Services","0.2879406040816702","19.440273227839985","-99.15007568025196","2026-01-03"
"MEX.16.70_1","Pátzcuaro","GADM2","3.6","MX","Grocery & Convenience Stores","0.6586047720605336","19.477188922644988","-101.59957306835447","2026-01-03"
"MEX.16.70_1","Pátzcuaro","GADM2","3.6","MX","Business & Utility Services","0.5381267100593085","19.477188922644988","-101.59957306835447","2026-01-03"
"MEX.16.70_1","Pátzcuaro","GADM2","3.6","MX","Public Good","0.31158789423513233","19.477188922644988","-101.59957306835447","2026-01-03"
"MEX.16.70_1","Pátzcuaro","GADM2","3.6","MX","All","0.3778699594138155","19.477188922644988","-101.59957306835447","2026-01-03"
"MEX.16.70_1","Pátzcuaro","GADM2","3.6","MX","Restaurants","0.45537477407119703","19.477188922644988","-101.59957306835447","2026-01-03"
"MEX.16.70_1","Pátzcuaro","GADM2","3.6","MX","Retail","0.44936145382750914","19.477188922644988","-101.59957306835447","2026-01-03"
"MEX.16.70_1","Pátzcuaro","GADM2","3.6","MX","Travel","0.3002633933408826","19.477188922644988","-101.59957306835447","2026-01-03"
"MEX.16.70_1","Pátzcuaro","GADM2","3.6","MX","Home Services","0.3129656759815721","19.477188922644988","-101.59957306835447","2026-01-03"
"MEX.16.70_1","Pátzcuaro","GADM2","3.6","MX","Lifestyle Services","0.3077924089045726","19.477188922644988","-101.59957306835447","2026-01-03"
"MEX.16.70_1","Pátzcuaro","GADM2","3.6","MX","Professional Services","0.36919482192928227","19.477188922644988","-101.59957306835447","2026-01-03"
"MEX.16.70_1","Pátzcuaro","GADM2","3.6","MX","Local Events","0.3501561993492777","19.477188922644988","-101.59957306835447","2026-01-03"
"MEX.16.70_1","Pátzcuaro","GADM2","3.6","MX","","0.6025599075574807","19.477188922644988","-101.59957306835447","2026-01-03"
"MEX.17.8_1","Emiliano Zapata","GADM2","3.6","MX","All","0.32217485493641285","18.80754855069203","-99.10994481601172","2026-01-03"
"MEX.16.18_1","Chilchota","GADM2","3.6","MX","All","0.4875744164651331","19.80451626094062","-102.10702615779117","2026-01-03"
"MEX.16.18_1","Chilchota","GADM2","3.6","MX","Home Services","0.554695495802011","19.80451626094062","-102.10702615779117","2026-01-03"
"MEX.16.18_1","Chilchota","GADM2","3.6","MX","Grocery & Convenience Stores","0.4307697472833765","19.80451626094062","-102.10702615779117","2026-01-03"
"MEX.16.18_1","Chilchota","GADM2","3.6","MX","Restaurants","0.5515122496310954","19.80451626094062","-102.10702615779117","2026-01-03"
"MEX.16.18_1","Chilchota","GADM2","3.6","MX","Professional Services","0.4095399789302077","19.80451626094062","-102.10702615779117","2026-01-03"
"MEX.16.18_1","Chilchota","GADM2","3.6","MX","Retail","0.5476625384354773","19.80451626094062","-102.10702615779117","2026-01-03"
"MEX.16.18_1","Chilchota","GADM2","3.6","MX","Lifestyle Services","0.35043086824968517","19.80451626094062","-102.10702615779117","2026-01-03"
"MEX.28.2_1","Aldama","GADM2","3.6","MX","Lifestyle Services","0.5058701711772677","23.007616261016146","-98.04034924376671","2026-01-03"
"MEX.28.2_1","Aldama","GADM2","3.6","MX","Retail","0.4429862747836232","23.007616261016146","-98.04034924376671","2026-01-03"
"MEX.1.4_1","Cosío","GADM2","3.6","MX","Lifestyle Services","0.3217314644018382","22.315574804486747","-102.31398402257516","2026-01-03"
"MEX.1.4_1","Cosío","GADM2","3.6","MX","All","0.34300835617281883","22.315574804486747","-102.31398402257516","2026-01-03"
"MEX.1.4_1","Cosío","GADM2","3.6","MX","Retail","0.4899531900294089","22.315574804486747","-102.31398402257516","2026-01-03"
"MEX.1.4_1","Cosío","GADM2","3.6","MX","Restaurants","0.35633450503952385","22.315574804486747","-102.31398402257516","2026-01-03"
"MEX.21.153_1","Tehuacán","GADM2","3.6","MX","Public Good","0.3710737563386556","18.495336516636474","-97.33001625827953","2026-01-03"
"MEX.21.153_1","Tehuacán","GADM2","3.6","MX","All","0.3632779623088479","18.495336516636474","-97.33001625827953","2026-01-03"
"MEX.21.153_1","Tehuacán","GADM2","3.6","MX","Restaurants","0.3671018317845908","18.495336516636474","-97.33001625827953","2026-01-03"
"MEX.21.153_1","Tehuacán","GADM2","3.6","MX","Professional Services","0.3174982443070616","18.495336516636474","-97.33001625827953","2026-01-03"
"MEX.21.153_1","Tehuacán","GADM2","3.6","MX","","0.5481163437607731","18.495336516636474","-97.33001625827953","2026-01-03"
"MEX.21.153_1","Tehuacán","GADM2","3.6","MX","Retail","0.39732986539844745","18.495336516636474","-97.33001625827953","2026-01-03"
"MEX.21.153_1","Tehuacán","GADM2","3.6","MX","Local Events","0.45461551931708766","18.495336516636474","-97.33001625827953","2026-01-03"
"MEX.21.153_1","Tehuacán","GADM2","3.6","MX","Travel","0.6529071003577981","18.495336516636474","-97.33001625827953","2026-01-03"
"MEX.21.153_1","Tehuacán","GADM2","3.6","MX","Business & Utility Services","0.4016965164961475","18.495336516636474","-97.33001625827953","2026-01-03"
"MEX.21.153_1","Tehuacán","GADM2","3.6","MX","Home Services","0.43014992147546954","18.495336516636474","-97.33001625827953","2026-01-03"
"MEX.21.153_1","Tehuacán","GADM2","3.6","MX","Lifestyle Services","0.27670149113739634","18.495336516636474","-97.33001625827953","2026-01-03"
"MEX.21.153_1","Tehuacán","GADM2","3.6","MX","Manufacturing","0.6711516416662671","18.495336516636474","-97.33001625827953","2026-01-03"
"MEX.21.153_1","Tehuacán","GADM2","3.6","MX","Grocery & Convenience Stores","0.41118905729499017","18.495336516636474","-97.33001625827953","2026-01-03"
"MEX.30.165_1","Tepetzintla","GADM2","3.6","MX","Retail","0.4349684013571905","21.150121856783652","-97.84351822271918","2026-01-03"
"MEX.30.165_1","Tepetzintla","GADM2","3.6","MX","All","0.522170372838859","21.150121856783652","-97.84351822271918","2026-01-03"
"MEX.30.34_1","Chacaltianguis","GADM2","3.6","MX","All","0.6248915912439131","18.275237145196837","-95.81259149776446","2026-01-03"
"MEX.11.4_1","Apaseo el Alto","GADM2","3.6","MX","Lifestyle Services","0.12355751335990443","20.414497619845086","-100.56854451545603","2026-01-03"
"MEX.11.4_1","Apaseo el Alto","GADM2","3.6","MX","All","0.3157748535103229","20.414497619845086","-100.56854451545603","2026-01-03"
"MEX.11.4_1","Apaseo el Alto","GADM2","3.6","MX","Retail","0.5242843717002442","20.414497619845086","-100.56854451545603","2026-01-03"
"MEX.11.4_1","Apaseo el Alto","GADM2","3.6","MX","Restaurants","0.28654686663542916","20.414497619845086","-100.56854451545603","2026-01-03"
"MEX.11.4_1","Apaseo el Alto","GADM2","3.6","MX","Business & Utility Services","0.40641469195894225","20.414497619845086","-100.56854451545603","2026-01-03"
"MEX.11.4_1","Apaseo el Alto","GADM2","3.6","MX","Home Services","0.7067376507850386","20.414497619845086","-100.56854451545603","2026-01-03"
"MEX.11.4_1","Apaseo el Alto","GADM2","3.6","MX","Professional Services","0.3082765422420618","20.414497619845086","-100.56854451545603","2026-01-03"
"MEX.11.4_1","Apaseo el Alto","GADM2","3.6","MX","Local Events","0.3674554611967982","20.414497619845086","-100.56854451545603","2026-01-03"
"MEX.11.4_1","Apaseo el Alto","GADM2","3.6","MX","Grocery & Convenience Stores","0.6453339164906142","20.414497619845086","-100.56854451545603","2026-01-03"
"MEX.11.4_1","Apaseo el Alto","GADM2","3.6","MX","Public Good","0.41570923018418515","20.414497619845086","-100.56854451545603","2026-01-03"
"MEX.21.172_1","Tianguismanalco","GADM2","3.6","MX","Retail","0.26896131880488044","19.003475502363095","-98.39356658514082","2026-01-03"
"MEX.21.172_1","Tianguismanalco","GADM2","3.6","MX","Professional Services","0.4597199652563885","19.003475502363095","-98.39356658514082","2026-01-03"
"MEX.21.172_1","Tianguismanalco","GADM2","3.6","MX","All","0.4714184701431531","19.003475502363095","-98.39356658514082","2026-01-03"
"MEX.21.172_1","Tianguismanalco","GADM2","3.6","MX","Lifestyle Services","0.49724731631345487","19.003475502363095","-98.39356658514082","2026-01-03"
"MEX.21.172_1","Tianguismanalco","GADM2","3.6","MX","Restaurants","0.7401983436359829","19.003475502363095","-98.39356658514082","2026-01-03"
"MEX.21.172_1","Tianguismanalco","GADM2","3.6","MX","Grocery & Convenience Stores","0.49687460298219266","19.003475502363095","-98.39356658514082","2026-01-03"
"MEX.21.172_1","Tianguismanalco","GADM2","3.6","MX","Public Good","0.6088446704084177","19.003475502363095","-98.39356658514082","2026-01-03"
"MEX.21.172_1","Tianguismanalco","GADM2","3.6","MX","Home Services","0.7309226511022295","19.003475502363095","-98.39356658514082","2026-01-03"
"MEX.21.172_1","Tianguismanalco","GADM2","3.6","MX","Business & Utility Services","0.34053692391602614","19.003475502363095","-98.39356658514082","2026-01-03"
"MEX.20.17_1","Dist. Pochutla","GADM2","3.6","MX","All","0.37470051782454383","15.92043295546666","-96.59161633674026","2026-01-03"
"MEX.20.17_1","Dist. Pochutla","GADM2","3.6","MX","Business & Utility Services","0.3161629618980973","15.92043295546666","-96.59161633674026","2026-01-03"
"MEX.20.17_1","Dist. Pochutla","GADM2","3.6","MX","Home Services","0.4348422894651663","15.92043295546666","-96.59161633674026","2026-01-03"
"MEX.20.17_1","Dist. Pochutla","GADM2","3.6","MX","Travel","0.2769552314415818","15.92043295546666","-96.59161633674026","2026-01-03"
"MEX.20.17_1","Dist. Pochutla","GADM2","3.6","MX","Grocery & Convenience Stores","0.5194937059760232","15.92043295546666","-96.59161633674026","2026-01-03"
"MEX.20.17_1","Dist. Pochutla","GADM2","3.6","MX","Local Events","0.5439721004036332","15.92043295546666","-96.59161633674026","2026-01-03"
"MEX.20.17_1","Dist. Pochutla","GADM2","3.6","MX","Professional Services","0.31681031454786107","15.92043295546666","-96.59161633674026","2026-01-03"
"MEX.28.2_1","Aldama","GADM2","3.6","MX","Grocery & Convenience Stores","0.5169923646046629","23.007616261016146","-98.04034924376671","2026-01-03"
"MEX.28.2_1","Aldama","GADM2","3.6","MX","Professional Services","0.361614179890248","23.007616261016146","-98.04034924376671","2026-01-03"
"MEX.28.2_1","Aldama","GADM2","3.6","MX","Local Events","0.4076740942409328","23.007616261016146","-98.04034924376671","2026-01-03"
"MEX.28.2_1","Aldama","GADM2","3.6","MX","Restaurants","0.6700283300866899","23.007616261016146","-98.04034924376671","2026-01-03"
"MEX.21.81_1","Ignacio Allende","GADM2","3.6","MX","All","0.6897352816517285","20.04340981849978","-97.54873022397902","2026-01-03"
"MEX.32.34_1","Nochistlán de Mejía","GADM2","3.6","MX","All","0.35534129370341727","21.362817899492622","-102.87753238753623","2026-01-03"
"MEX.32.34_1","Nochistlán de Mejía","GADM2","3.6","MX","Home Services","0.4422200111098825","21.362817899492622","-102.87753238753623","2026-01-03"
"MEX.32.34_1","Nochistlán de Mejía","GADM2","3.6","MX","Public Good","0.5420781917882478","21.362817899492622","-102.87753238753623","2026-01-03"
"MEX.32.34_1","Nochistlán de Mejía","GADM2","3.6","MX","Retail","0.22013756084721914","21.362817899492622","-102.87753238753623","2026-01-03"
"MEX.32.34_1","Nochistlán de Mejía","GADM2","3.6","MX","Lifestyle Services","0.48546409122108375","21.362817899492622","-102.87753238753623","2026-01-03"
"MEX.32.34_1","Nochistlán de Mejía","GADM2","3.6","MX","Local Events","0.6065895983528449","21.362817899492622","-102.87753238753623","2026-01-03"
"MEX.32.34_1","Nochistlán de Mejía","GADM2","3.6","MX","Professional Services","0.3179081123715627","21.362817899492622","-102.87753238753623","2026-01-03"
"MEX.32.34_1","Nochistlán de Mejía","GADM2","3.6","MX","Restaurants","0.5305891053986421","21.362817899492622","-102.87753238753623","2026-01-03"
"MEX.32.34_1","Nochistlán de Mejía","GADM2","3.6","MX","Grocery & Convenience Stores","0.7548161520132367","21.362817899492622","-102.87753238753623","2026-01-03"
"MEX.15.62_1","Nezahualcóyotl","GADM2","3.6","MX","Lifestyle Services","0.21468995734758894","19.38218883569516","-98.96843136530202","2026-01-03"
"MEX.15.62_1","Nezahualcóyotl","GADM2","3.6","MX","Travel","0.4877402450252995","19.38218883569516","-98.96843136530202","2026-01-03"
"MEX.15.62_1","Nezahualcóyotl","GADM2","3.6","MX","Local Events","0.3695908177399441","19.38218883569516","-98.96843136530202","2026-01-03"
"MEX.15.62_1","Nezahualcóyotl","GADM2","3.6","MX","","0.22852786173415707","19.38218883569516","-98.96843136530202","2026-01-03"
"MEX.15.62_1","Nezahualcóyotl","GADM2","3.6","MX","Restaurants","0.3824551128149784","19.38218883569516","-98.96843136530202","2026-01-03"
"MEX.15.62_1","Nezahualcóyotl","GADM2","3.6","MX","Manufacturing","0.3991304371645315","19.38218883569516","-98.96843136530202","2026-01-03"
"MEX.15.62_1","Nezahualcóyotl","GADM2","3.6","MX","Business & Utility Services","0.48081293216000226","19.38218883569516","-98.96843136530202","2026-01-03"
"MEX.15.62_1","Nezahualcóyotl","GADM2","3.6","MX","Grocery & Convenience Stores","0.5602845463857747","19.38218883569516","-98.96843136530202","2026-01-03"
"MEX.15.62_1","Nezahualcóyotl","GADM2","3.6","MX","Professional Services","0.2301024966211836","19.38218883569516","-98.96843136530202","2026-01-03"
"MEX.15.62_1","Nezahualcóyotl","GADM2","3.6","MX","Retail","0.33689837936799066","19.38218883569516","-98.96843136530202","2026-01-03"
"MEX.15.62_1","Nezahualcóyotl","GADM2","3.6","MX","Home Services","0.3628447241440341","19.38218883569516","-98.96843136530202","2026-01-03"
"MEX.15.62_1","Nezahualcóyotl","GADM2","3.6","MX","All","0.26912602568390015","19.38218883569516","-98.96843136530202","2026-01-03"
"MEX.15.62_1","Nezahualcóyotl","GADM2","3.6","MX","Public Good","0.44947929927438934","19.38218883569516","-98.96843136530202","2026-01-03"
"MEX.12.31_1","Florencio Villarreal","GADM2","3.6","MX","All","0.2498715490559181","16.789108064211376","-99.12008089949865","2026-01-03"
"MEX.12.31_1","Florencio Villarreal","GADM2","3.6","MX","Professional Services","0.18764413837857571","16.789108064211376","-99.12008089949865","2026-01-03"
"MEX.22.10_1","Landa de Matamoros","GADM2","3.6","MX","Retail","0.38254769321223725","21.27009580845611","-99.20229991838634","2026-01-03"
"MEX.22.10_1","Landa de Matamoros","GADM2","3.6","MX","All","0.3501396822989925","21.27009580845611","-99.20229991838634","2026-01-03"
"MEX.30.172_1","Tihuatlán","GADM2","3.6","MX","Public Good","0.3944496941999689","20.656120256993837","-97.49446740903481","2026-01-03"
"MEX.30.172_1","Tihuatlán","GADM2","3.6","MX","Grocery & Convenience Stores","0.7619461967467952","20.656120256993837","-97.49446740903481","2026-01-03"
"MEX.30.172_1","Tihuatlán","GADM2","3.6","MX","Local Events","0.8019555424510839","20.656120256993837","-97.49446740903481","2026-01-03"
"MEX.30.172_1","Tihuatlán","GADM2","3.6","MX","Lifestyle Services","0.3157171298911329","20.656120256993837","-97.49446740903481","2026-01-03"
"MEX.30.172_1","Tihuatlán","GADM2","3.6","MX","Travel","0.40227006975366775","20.656120256993837","-97.49446740903481","2026-01-03"
"MEX.30.172_1","Tihuatlán","GADM2","3.6","MX","All","0.4060857842452815","20.656120256993837","-97.49446740903481","2026-01-03"
"MEX.30.172_1","Tihuatlán","GADM2","3.6","MX","Restaurants","0.4708640726433836","20.656120256993837","-97.49446740903481","2026-01-03"
"MEX.30.172_1","Tihuatlán","GADM2","3.6","MX","Home Services","0.4549763208174193","20.656120256993837","-97.49446740903481","2026-01-03"
"MEX.30.172_1","Tihuatlán","GADM2","3.6","MX","Retail","0.39145440644907703","20.656120256993837","-97.49446740903481","2026-01-03"
"MEX.30.172_1","Tihuatlán","GADM2","3.6","MX","","0.43492601588120383","20.656120256993837","-97.49446740903481","2026-01-03"
"MEX.30.172_1","Tihuatlán","GADM2","3.6","MX","Professional Services","0.36149027979959625","20.656120256993837","-97.49446740903481","2026-01-03"
"MEX.30.172_1","Tihuatlán","GADM2","3.6","MX","Business & Utility Services","0.39839572641597226","20.656120256993837","-97.49446740903481","2026-01-03"
"MEX.11.18_1","Jerécuaro","GADM2","3.6","MX","Restaurants","0.49840378505866545","20.18570572895759","-100.50248331635352","2026-01-03"
"MEX.11.18_1","Jerécuaro","GADM2","3.6","MX","Retail","0.5642686728090626","20.18570572895759","-100.50248331635352","2026-01-03"
"MEX.11.18_1","Jerécuaro","GADM2","3.6","MX","Home Services","0.6184037921286972","20.18570572895759","-100.50248331635352","2026-01-03"
"MEX.11.18_1","Jerécuaro","GADM2","3.6","MX","Professional Services","0.37922200234974923","20.18570572895759","-100.50248331635352","2026-01-03"
"MEX.11.18_1","Jerécuaro","GADM2","3.6","MX","Public Good","0.287835907110188","20.18570572895759","-100.50248331635352","2026-01-03"
"MEX.11.18_1","Jerécuaro","GADM2","3.6","MX","Lifestyle Services","0.3610449111642059","20.18570572895759","-100.50248331635352","2026-01-03"
"MEX.11.18_1","Jerécuaro","GADM2","3.6","MX","All","0.36832766783040594","20.18570572895759","-100.50248331635352","2026-01-03"
"MEX.11.18_1","Jerécuaro","GADM2","3.6","MX","Grocery & Convenience Stores","0.33867206794368304","20.18570572895759","-100.50248331635352","2026-01-03"
"MEX.32.23_1","Juchipila","GADM2","3.6","MX","All","0.44744828737878245","21.31467980770576","-103.15053321712207","2026-01-03"
"MEX.16.93_1","Tlalpujahua","GADM2","3.6","MX","Local Events","0.3319573028084157","19.774341864402274","-100.21638721173144","2026-01-03"
"MEX.16.93_1","Tlalpujahua","GADM2","3.6","MX","Retail","0.31882133353515013","19.774341864402274","-100.21638721173144","2026-01-03"
"MEX.16.93_1","Tlalpujahua","GADM2","3.6","MX","Professional Services","0.1649845167837097","19.774341864402274","-100.21638721173144","2026-01-03"
"MEX.16.93_1","Tlalpujahua","GADM2","3.6","MX","All","0.19454499473501338","19.774341864402274","-100.21638721173144","2026-01-03"
"MEX.16.93_1","Tlalpujahua","GADM2","3.6","MX","Restaurants","0.562910897389694","19.774341864402274","-100.21638721173144","2026-01-03"
"MEX.16.93_1","Tlalpujahua","GADM2","3.6","MX","Travel","0.3333141197090431","19.774341864402274","-100.21638721173144","2026-01-03"
"MEX.32.13_1","General Enrique Estrada","GADM2","3.6","MX","All","0.3653671982729683","22.938478000045578","-102.7758006734725","2026-01-03"
"MEX.20.27_1","Dist. Villa Alta","GADM2","3.6","MX","Retail","0.32112750056532996","17.390182846427997","-96.28227375496367","2026-01-03"
"MEX.20.27_1","Dist. Villa Alta","GADM2","3.6","MX","All","0.36288474775255425","17.390182846427997","-96.28227375496367","2026-01-03"
"MEX.30.175_1","Tlacotalpan","GADM2","3.6","MX","Retail","0.4576455863212166","18.535521163051076","-95.65084892767122","2026-01-03"
"MEX.30.175_1","Tlacotalpan","GADM2","3.6","MX","Travel","0.6698827685013268","18.535521163051076","-95.65084892767122","2026-01-03"
"MEX.30.175_1","Tlacotalpan","GADM2","3.6","MX","All","0.37926279318099765","18.535521163051076","-95.65084892767122","2026-01-03"
"MEX.30.175_1","Tlacotalpan","GADM2","3.6","MX","Restaurants","0.38588152217205124","18.535521163051076","-95.65084892767122","2026-01-03"
"MEX.21.65_1","Guadalupe","GADM2","3.6","MX","All","0.42817700045868257","18.088624659799567","-98.0918234690579","2026-01-03"
"MEX.15.65_1","Ocoyoacac","GADM2","3.6","MX","Home Services","0.49084521517712","19.19452461744553","-99.36888269669457","2026-01-03"
"MEX.15.65_1","Ocoyoacac","GADM2","3.6","MX","Grocery & Convenience Stores","0.4101628741833876","19.19452461744553","-99.36888269669457","2026-01-03"
"MEX.15.65_1","Ocoyoacac","GADM2","3.6","MX","Local Events","0.4105767916379256","19.19452461744553","-99.36888269669457","2026-01-03"
"MEX.15.65_1","Ocoyoacac","GADM2","3.6","MX","All","0.28879356937327083","19.19452461744553","-99.36888269669457","2026-01-03"
"MEX.15.65_1","Ocoyoacac","GADM2","3.6","MX","Restaurants","0.33579485586826213","19.19452461744553","-99.36888269669457","2026-01-03"
"MEX.15.65_1","Ocoyoacac","GADM2","3.6","MX","Retail","0.2826240477175537","19.19452461744553","-99.36888269669457","2026-01-03"
"MEX.15.65_1","Ocoyoacac","GADM2","3.6","MX","Professional Services","0.42355651071615524","19.19452461744553","-99.36888269669457","2026-01-03"
"MEX.15.65_1","Ocoyoacac","GADM2","3.6","MX","Lifestyle Services","0.48964377262999914","19.19452461744553","-99.36888269669457","2026-01-03"
"MEX.15.65_1","Ocoyoacac","GADM2","3.6","MX","Public Good","0.3215912717259012","19.19452461744553","-99.36888269669457","2026-01-03"
"MEX.13.82_1","Zapotlán de Juárez","GADM2","3.6","MX","All","0.4369604688855565","19.954292792676934","-98.79112302750774","2026-01-03"
"MEX.29.7_1","Calpulalpan","GADM2","3.6","MX","Local Events","0.3463283287837478","19.548412018233424","-98.54924209817926","2026-01-03"
"MEX.29.7_1","Calpulalpan","GADM2","3.6","MX","All","0.43970898252882906","19.548412018233424","-98.54924209817926","2026-01-03"
"MEX.29.7_1","Calpulalpan","GADM2","3.6","MX","Home Services","0.429865567508115","19.548412018233424","-98.54924209817926","2026-01-03"
"MEX.29.7_1","Calpulalpan","GADM2","3.6","MX","Retail","0.7069248199479079","19.548412018233424","-98.54924209817926","2026-01-03"
"MEX.29.7_1","Calpulalpan","GADM2","3.6","MX","Lifestyle Services","0.30328328637850804","19.548412018233424","-98.54924209817926","2026-01-03"
"MEX.29.7_1","Calpulalpan","GADM2","3.6","MX","Professional Services","0.3364543008125807","19.548412018233424","-98.54924209817926","2026-01-03"
"MEX.29.7_1","Calpulalpan","GADM2","3.6","MX","Restaurants","0.637020526445718","19.548412018233424","-98.54924209817926","2026-01-03"
"MEX.13.41_1","Mixquiahuala de Juárez","GADM2","3.6","MX","Home Services","0.4279720557730018","20.264223088784778","-99.12162621116747","2026-01-03"
"MEX.13.41_1","Mixquiahuala de Juárez","GADM2","3.6","MX","Business & Utility Services","0.558262751844108","20.264223088784778","-99.12162621116747","2026-01-03"
"MEX.13.41_1","Mixquiahuala de Juárez","GADM2","3.6","MX","Grocery & Convenience Stores","0.35233734374104614","20.264223088784778","-99.12162621116747","2026-01-03"
"MEX.13.41_1","Mixquiahuala de Juárez","GADM2","3.6","MX","All","0.37769258369531766","20.264223088784778","-99.12162621116747","2026-01-03"
"MEX.13.41_1","Mixquiahuala de Juárez","GADM2","3.6","MX","Lifestyle Services","0.38609065583224245","20.264223088784778","-99.12162621116747","2026-01-03"
"MEX.13.41_1","Mixquiahuala de Juárez","GADM2","3.6","MX","Public Good","0.49114638939376026","20.264223088784778","-99.12162621116747","2026-01-03"
"MEX.13.41_1","Mixquiahuala de Juárez","GADM2","3.6","MX","Retail","0.378351128975378","20.264223088784778","-99.12162621116747","2026-01-03"
"MEX.13.41_1","Mixquiahuala de Juárez","GADM2","3.6","MX","Professional Services","0.3872855469318548","20.264223088784778","-99.12162621116747","2026-01-03"
"MEX.13.41_1","Mixquiahuala de Juárez","GADM2","3.6","MX","Restaurants","0.5113891310512154","20.264223088784778","-99.12162621116747","2026-01-03"
"MEX.13.41_1","Mixquiahuala de Juárez","GADM2","3.6","MX","Local Events","0.41275550794727695","20.264223088784778","-99.12162621116747","2026-01-03"
"MEX.16.39_1","Huiramba","GADM2","3.6","MX","All","0.5076667003769267","19.534124871441307","-101.47345561166634","2026-01-03"
"MEX.30.68_1","Huatusco","GADM2","3.6","MX","All","0.35386698946926415","19.140516251325003","-96.87910846446871","2026-01-03"
"MEX.30.68_1","Huatusco","GADM2","3.6","MX","Retail","0.5219137467248707","19.140516251325003","-96.87910846446871","2026-01-03"
"MEX.30.68_1","Huatusco","GADM2","3.6","MX","Restaurants","0.32137812166040874","19.140516251325003","-96.87910846446871","2026-01-03"
"MEX.30.13_1","Amatlan Tuxpan","GADM2","3.6","MX","Restaurants","0.23869357930818014","21.315246881664244","-97.66009317767508","2026-01-03"
"MEX.30.13_1","Amatlan Tuxpan","GADM2","3.6","MX","All","0.24804248954539304","21.315246881664244","-97.66009317767508","2026-01-03"
"MEX.14.93_1","Teocaltiche","GADM2","3.6","MX","Restaurants","0.7032115378238954","21.438223959416256","-102.59660898176915","2026-01-03"
"MEX.14.93_1","Teocaltiche","GADM2","3.6","MX","Local Events","0.6705673453747468","21.438223959416256","-102.59660898176915","2026-01-03"
"MEX.14.93_1","Teocaltiche","GADM2","3.6","MX","Retail","0.18667754911971263","21.438223959416256","-102.59660898176915","2026-01-03"
"MEX.14.93_1","Teocaltiche","GADM2","3.6","MX","All","0.4739350128184217","21.438223959416256","-102.59660898176915","2026-01-03"
"MEX.14.93_1","Teocaltiche","GADM2","3.6","MX","Public Good","0.3318388309535546","21.438223959416256","-102.59660898176915","2026-01-03"
"MEX.20.17_1","Dist. Pochutla","GADM2","3.6","MX","Lifestyle Services","0.2806129811326449","15.92043295546666","-96.59161633674026","2026-01-03"
"MEX.20.17_1","Dist. Pochutla","GADM2","3.6","MX","Public Good","0.27196504284351053","15.92043295546666","-96.59161633674026","2026-01-03"
"MEX.20.17_1","Dist. Pochutla","GADM2","3.6","MX","","0.24643604310934694","15.92043295546666","-96.59161633674026","2026-01-03"
"MEX.20.17_1","Dist. Pochutla","GADM2","3.6","MX","Retail","0.4209481635767289","15.92043295546666","-96.59161633674026","2026-01-03"
"MEX.20.17_1","Dist. Pochutla","GADM2","3.6","MX","Manufacturing","0.49989071229196635","15.92043295546666","-96.59161633674026","2026-01-03"
"MEX.20.17_1","Dist. Pochutla","GADM2","3.6","MX","Restaurants","0.5412139851317604","15.92043295546666","-96.59161633674026","2026-01-03"
"MEX.21.160_1","Tepatlaxco de Hidalgo","GADM2","3.6","MX","All","0.3668184106222487","19.12735919554551","-97.9004503005871","2026-01-03"
"MEX.16.10_1","Arteaga","GADM2","3.6","MX","All","0.5351788001995801","18.366469314460545","-102.27285116503231","2026-01-03"
"MEX.16.10_1","Arteaga","GADM2","3.6","MX","Home Services","0.25404729109105506","18.366469314460545","-102.27285116503231","2026-01-03"
"MEX.20.19_1","Dist. Silacayoapam","GADM2","3.6","MX","Professional Services","0.45278852536906516","17.68834877862764","-98.11201930870016","2026-01-03"
"MEX.20.19_1","Dist. Silacayoapam","GADM2","3.6","MX","Public Good","0.587008798110198","17.68834877862764","-98.11201930870016","2026-01-03"
"MEX.20.19_1","Dist. Silacayoapam","GADM2","3.6","MX","Restaurants","0.31622665351260626","17.68834877862764","-98.11201930870016","2026-01-03"
"MEX.20.19_1","Dist. Silacayoapam","GADM2","3.6","MX","Retail","0.38502354993016025","17.68834877862764","-98.11201930870016","2026-01-03"
"MEX.20.19_1","Dist. Silacayoapam","GADM2","3.6","MX","All","0.22717063934278298","17.68834877862764","-98.11201930870016","2026-01-03"
"MEX.15.34_1","Ecatepec de Morelos","GADM2","3.6","MX","Retail","0.3212998981804462","19.520646997875915","-98.99878447482843","2026-01-03"
"MEX.15.34_1","Ecatepec de Morelos","GADM2","3.6","MX","Home Services","0.2930448954111137","19.520646997875915","-98.99878447482843","2026-01-03"
"MEX.15.34_1","Ecatepec de Morelos","GADM2","3.6","MX","Restaurants","0.29527020551726363","19.520646997875915","-98.99878447482843","2026-01-03"
"MEX.15.34_1","Ecatepec de Morelos","GADM2","3.6","MX","","0.30931508622463794","19.520646997875915","-98.99878447482843","2026-01-03"
"MEX.15.34_1","Ecatepec de Morelos","GADM2","3.6","MX","Business & Utility Services","0.3656565394877057","19.520646997875915","-98.99878447482843","2026-01-03"
"MEX.15.34_1","Ecatepec de Morelos","GADM2","3.6","MX","Lifestyle Services","0.2139865817586554","19.520646997875915","-98.99878447482843","2026-01-03"
"MEX.15.34_1","Ecatepec de Morelos","GADM2","3.6","MX","Local Events","0.21544127356774798","19.520646997875915","-98.99878447482843","2026-01-03"
"MEX.15.34_1","Ecatepec de Morelos","GADM2","3.6","MX","Manufacturing","0.34987555052006397","19.520646997875915","-98.99878447482843","2026-01-03"
"MEX.15.34_1","Ecatepec de Morelos","GADM2","3.6","MX","Public Good","0.4134194746471379","19.520646997875915","-98.99878447482843","2026-01-03"
"MEX.15.34_1","Ecatepec de Morelos","GADM2","3.6","MX","All","0.26039196630017764","19.520646997875915","-98.99878447482843","2026-01-03"
"MEX.15.34_1","Ecatepec de Morelos","GADM2","3.6","MX","Travel","0.35955930437857236","19.520646997875915","-98.99878447482843","2026-01-03"
"MEX.15.34_1","Ecatepec de Morelos","GADM2","3.6","MX","Grocery & Convenience Stores","0.48737845189677875","19.520646997875915","-98.99878447482843","2026-01-03"
"MEX.15.34_1","Ecatepec de Morelos","GADM2","3.6","MX","Professional Services","0.32337018670966705","19.520646997875915","-98.99878447482843","2026-01-03"
"MEX.11.30_1","San Felipe","GADM2","3.6","MX","Business & Utility Services","0.6056825192141283","21.475588215928408","-101.26724404794811","2026-01-03"
"MEX.11.30_1","San Felipe","GADM2","3.6","MX","Lifestyle Services","0.3717990462085263","21.475588215928408","-101.26724404794811","2026-01-03"
"MEX.11.30_1","San Felipe","GADM2","3.6","MX","Retail","0.36078442101246505","21.475588215928408","-101.26724404794811","2026-01-03"
"MEX.11.30_1","San Felipe","GADM2","3.6","MX","Restaurants","0.2754129031025167","21.475588215928408","-101.26724404794811","2026-01-03"
"MEX.11.30_1","San Felipe","GADM2","3.6","MX","Professional Services","0.6026678337248067","21.475588215928408","-101.26724404794811","2026-01-03"
"MEX.11.30_1","San Felipe","GADM2","3.6","MX","Public Good","0.35323951811486765","21.475588215928408","-101.26724404794811","2026-01-03"
"MEX.11.30_1","San Felipe","GADM2","3.6","MX","Grocery & Convenience Stores","0.5907611869138646","21.475588215928408","-101.26724404794811","2026-01-03"
"MEX.11.30_1","San Felipe","GADM2","3.6","MX","All","0.3737769387637118","21.475588215928408","-101.26724404794811","2026-01-03"
"MEX.11.30_1","San Felipe","GADM2","3.6","MX","Local Events","0.3212400078837336","21.475588215928408","-101.26724404794811","2026-01-03"
"MEX.11.30_1","San Felipe","GADM2","3.6","MX","Home Services","0.39109123713972144","21.475588215928408","-101.26724404794811","2026-01-03"
"MEX.21.25_1","Calpan","GADM2","3.6","MX","Public Good","0.6396563619665704","19.151172302535475","-98.3842084177025","2026-01-03"
"MEX.21.25_1","Calpan","GADM2","3.6","MX","Home Services","0.614652884347118","19.151172302535475","-98.3842084177025","2026-01-03"
"MEX.21.25_1","Calpan","GADM2","3.6","MX","Grocery & Convenience Stores","0.448506058049357","19.151172302535475","-98.3842084177025","2026-01-03"
"MEX.21.25_1","Calpan","GADM2","3.6","MX","All","0.41652045306090607","19.151172302535475","-98.3842084177025","2026-01-03"
"MEX.21.25_1","Calpan","GADM2","3.6","MX","Business & Utility Services","0.39272473686169285","19.151172302535475","-98.3842084177025","2026-01-03"
"MEX.21.25_1","Calpan","GADM2","3.6","MX","Travel","0.45188534456258017","19.151172302535475","-98.3842084177025","2026-01-03"
"MEX.21.25_1","Calpan","GADM2","3.6","MX","Restaurants","0.32914273329763344","19.151172302535475","-98.3842084177025","2026-01-03"
"MEX.21.25_1","Calpan","GADM2","3.6","MX","Lifestyle Services","0.5089076110095856","19.151172302535475","-98.3842084177025","2026-01-03"
"MEX.21.25_1","Calpan","GADM2","3.6","MX","Retail","0.5537246218582668","19.151172302535475","-98.3842084177025","2026-01-03"
"MEX.21.25_1","Calpan","GADM2","3.6","MX","Manufacturing","0.49923746998919444","19.151172302535475","-98.3842084177025","2026-01-03"
"MEX.21.25_1","Calpan","GADM2","3.6","MX","Local Events","0.7114794384096215","19.151172302535475","-98.3842084177025","2026-01-03"
"MEX.21.25_1","Calpan","GADM2","3.6","MX","Professional Services","0.24191673405247677","19.151172302535475","-98.3842084177025","2026-01-03"
"MEX.14.49_1","Jalostotitlán","GADM2","3.6","MX","Professional Services","0.17870138909441696","21.143249523778508","-102.54050497978405","2026-01-03"
"MEX.14.49_1","Jalostotitlán","GADM2","3.6","MX","Grocery & Convenience Stores","0.5068965547174175","21.143249523778508","-102.54050497978405","2026-01-03"
"MEX.14.49_1","Jalostotitlán","GADM2","3.6","MX","Restaurants","0.4719281663703883","21.143249523778508","-102.54050497978405","2026-01-03"
"MEX.14.49_1","Jalostotitlán","GADM2","3.6","MX","Business & Utility Services","0.5149046339986832","21.143249523778508","-102.54050497978405","2026-01-03"
"MEX.14.49_1","Jalostotitlán","GADM2","3.6","MX","Home Services","0.36156879669313574","21.143249523778508","-102.54050497978405","2026-01-03"
"MEX.14.49_1","Jalostotitlán","GADM2","3.6","MX","Retail","0.252759435562323","21.143249523778508","-102.54050497978405","2026-01-03"
"MEX.14.49_1","Jalostotitlán","GADM2","3.6","MX","Lifestyle Services","0.3208282807629567","21.143249523778508","-102.54050497978405","2026-01-03"
"MEX.14.49_1","Jalostotitlán","GADM2","3.6","MX","All","0.2700681719629972","21.143249523778508","-102.54050497978405","2026-01-03"
"MEX.20.10_1","Dist. Juchitan","GADM2","3.6","MX","Restaurants","0.3663569770577802","16.775798967213387","-94.64717401162552","2026-01-03"
"MEX.20.10_1","Dist. Juchitan","GADM2","3.6","MX","Public Good","0.4095230083416466","16.775798967213387","-94.64717401162552","2026-01-03"
"MEX.20.10_1","Dist. Juchitan","GADM2","3.6","MX","Local Events","0.6020842754966689","16.775798967213387","-94.64717401162552","2026-01-03"
"MEX.20.10_1","Dist. Juchitan","GADM2","3.6","MX","Business & Utility Services","0.40483878757226555","16.775798967213387","-94.64717401162552","2026-01-03"
"MEX.20.10_1","Dist. Juchitan","GADM2","3.6","MX","Lifestyle Services","0.31460169072062755","16.775798967213387","-94.64717401162552","2026-01-03"
"MEX.20.10_1","Dist. Juchitan","GADM2","3.6","MX","","0.2888435282185256","16.775798967213387","-94.64717401162552","2026-01-03"
"MEX.20.10_1","Dist. Juchitan","GADM2","3.6","MX","Home Services","0.41296770707603636","16.775798967213387","-94.64717401162552","2026-01-03"
"MEX.20.10_1","Dist. Juchitan","GADM2","3.6","MX","Professional Services","0.3081385264740078","16.775798967213387","-94.64717401162552","2026-01-03"
"MEX.20.10_1","Dist. Juchitan","GADM2","3.6","MX","Travel","0.3476306731741707","16.775798967213387","-94.64717401162552","2026-01-03"
"MEX.20.10_1","Dist. Juchitan","GADM2","3.6","MX","All","0.3280034671838367","16.775798967213387","-94.64717401162552","2026-01-03"
"MEX.20.10_1","Dist. Juchitan","GADM2","3.6","MX","Manufacturing","0.5614934409180787","16.775798967213387","-94.64717401162552","2026-01-03"
"MEX.30.137_1","Río Blanco","GADM2","3.6","MX","Lifestyle Services","0.34533574663680394","18.861858846246445","-97.0993756239818","2026-01-03"
"MEX.30.137_1","Río Blanco","GADM2","3.6","MX","Home Services","0.35235886158499735","18.861858846246445","-97.0993756239818","2026-01-03"
"MEX.30.137_1","Río Blanco","GADM2","3.6","MX","","0.4046684968681176","18.861858846246445","-97.0993756239818","2026-01-03"
"MEX.30.137_1","Río Blanco","GADM2","3.6","MX","Local Events","0.2881980484539556","18.861858846246445","-97.0993756239818","2026-01-03"
"MEX.30.137_1","Río Blanco","GADM2","3.6","MX","All","0.3016915685390535","18.861858846246445","-97.0993756239818","2026-01-03"
"MEX.30.137_1","Río Blanco","GADM2","3.6","MX","Retail","0.3665563347642661","18.861858846246445","-97.0993756239818","2026-01-03"
"MEX.30.137_1","Río Blanco","GADM2","3.6","MX","Public Good","0.3659000855857366","18.861858846246445","-97.0993756239818","2026-01-03"
"MEX.30.137_1","Río Blanco","GADM2","3.6","MX","Manufacturing","0.7772499151336726","18.861858846246445","-97.0993756239818","2026-01-03"
"MEX.30.137_1","Río Blanco","GADM2","3.6","MX","Professional Services","0.23536037342276944","18.861858846246445","-97.0993756239818","2026-01-03"
"MEX.30.137_1","Río Blanco","GADM2","3.6","MX","Restaurants","0.40170900320790576","18.861858846246445","-97.0993756239818","2026-01-03"
"MEX.30.137_1","Río Blanco","GADM2","3.6","MX","Business & Utility Services","0.3440871344297526","18.861858846246445","-97.0993756239818","2026-01-03"
"MEX.30.137_1","Río Blanco","GADM2","3.6","MX","Grocery & Convenience Stores","0.40667187301780233","18.861858846246445","-97.0993756239818","2026-01-03"
"MEX.30.137_1","Río Blanco","GADM2","3.6","MX","Travel","0.32802332380243154","18.861858846246445","-97.0993756239818","2026-01-03"
"MEX.24.34_1","Santa María del Río","GADM2","3.6","MX","Business & Utility Services","0.5445488854653492","21.766580195713008","-100.57296153302646","2026-01-03"
"MEX.24.34_1","Santa María del Río","GADM2","3.6","MX","Professional Services","0.3529432742099199","21.766580195713008","-100.57296153302646","2026-01-03"
"MEX.24.34_1","Santa María del Río","GADM2","3.6","MX","Public Good","0.5148483983431326","21.766580195713008","-100.57296153302646","2026-01-03"
"MEX.24.34_1","Santa María del Río","GADM2","3.6","MX","All","0.4845644554825351","21.766580195713008","-100.57296153302646","2026-01-03"
"MEX.24.34_1","Santa María del Río","GADM2","3.6","MX","Local Events","0.5724709057371421","21.766580195713008","-100.57296153302646","2026-01-03"
"MEX.24.34_1","Santa María del Río","GADM2","3.6","MX","Grocery & Convenience Stores","0.6786485674345555","21.766580195713008","-100.57296153302646","2026-01-03"
"MEX.24.34_1","Santa María del Río","GADM2","3.6","MX","Restaurants","0.5300939862871473","21.766580195713008","-100.57296153302646","2026-01-03"
"MEX.24.34_1","Santa María del Río","GADM2","3.6","MX","Home Services","0.5081962095209123","21.766580195713008","-100.57296153302646","2026-01-03"
"MEX.24.34_1","Santa María del Río","GADM2","3.6","MX","Lifestyle Services","0.3193608400352425","21.766580195713008","-100.57296153302646","2026-01-03"
"MEX.24.34_1","Santa María del Río","GADM2","3.6","MX","Retail","0.4134801460921225","21.766580195713008","-100.57296153302646","2026-01-03"
"MEX.24.28_1","San Ciro de Acosta","GADM2","3.6","MX","All","0.5776624474600326","21.577489608588824","-99.93991697968876","2026-01-03"
"MEX.24.28_1","San Ciro de Acosta","GADM2","3.6","MX","Restaurants","0.5192435247108558","21.577489608588824","-99.93991697968876","2026-01-03"
"MEX.24.28_1","San Ciro de Acosta","GADM2","3.6","MX","Grocery & Convenience Stores","0.6303984141604223","21.577489608588824","-99.93991697968876","2026-01-03"
"MEX.24.28_1","San Ciro de Acosta","GADM2","3.6","MX","Retail","0.47390684312061515","21.577489608588824","-99.93991697968876","2026-01-03"
"MEX.13.57_1","Singuilucan","GADM2","3.6","MX","Local Events","0.42195508338297955","19.984295288710722","-98.45509166663598","2026-01-03"
"MEX.13.57_1","Singuilucan","GADM2","3.6","MX","Restaurants","0.8518616239785645","19.984295288710722","-98.45509166663598","2026-01-03"
"MEX.13.57_1","Singuilucan","GADM2","3.6","MX","All","0.4805798372917948","19.984295288710722","-98.45509166663598","2026-01-03"
"MEX.13.57_1","Singuilucan","GADM2","3.6","MX","Professional Services","0.1852115293346356","19.984295288710722","-98.45509166663598","2026-01-03"
"MEX.13.57_1","Singuilucan","GADM2","3.6","MX","Home Services","0.442854045478593","19.984295288710722","-98.45509166663598","2026-01-03"
"MEX.13.57_1","Singuilucan","GADM2","3.6","MX","Lifestyle Services","0.2731723836578445","19.984295288710722","-98.45509166663598","2026-01-03"
"MEX.13.57_1","Singuilucan","GADM2","3.6","MX","Retail","0.49423696212270307","19.984295288710722","-98.45509166663598","2026-01-03"
"MEX.13.57_1","Singuilucan","GADM2","3.6","MX","Public Good","0.6501160619637828","19.984295288710722","-98.45509166663598","2026-01-03"
"MEX.17.21_1","Tepoztlán","GADM2","3.6","MX","All","0.33135550418142895","18.970720267418937","-99.05905300814734","2026-01-03"
"MEX.17.21_1","Tepoztlán","GADM2","3.6","MX","Local Events","0.30179702248883855","18.970720267418937","-99.05905300814734","2026-01-03"
"MEX.17.21_1","Tepoztlán","GADM2","3.6","MX","","0.38982865679414214","18.970720267418937","-99.05905300814734","2026-01-03"
"MEX.17.21_1","Tepoztlán","GADM2","3.6","MX","Travel","0.3853024117141777","18.970720267418937","-99.05905300814734","2026-01-03"
"MEX.17.21_1","Tepoztlán","GADM2","3.6","MX","Public Good","0.3072691048081228","18.970720267418937","-99.05905300814734","2026-01-03"
"MEX.17.21_1","Tepoztlán","GADM2","3.6","MX","Business & Utility Services","0.18342889109181656","18.970720267418937","-99.05905300814734","2026-01-03"
"MEX.17.21_1","Tepoztlán","GADM2","3.6","MX","Restaurants","0.5739349285452208","18.970720267418937","-99.05905300814734","2026-01-03"
"MEX.13.21_1","Emiliano Zapata","GADM2","3.6","MX","Restaurants","0.4175900889364765","19.64305480231243","-98.58916958272512","2026-01-03"
"MEX.13.21_1","Emiliano Zapata","GADM2","3.6","MX","Business & Utility Services","0.6196222793929368","19.64305480231243","-98.58916958272512","2026-01-03"
"MEX.13.21_1","Emiliano Zapata","GADM2","3.6","MX","Professional Services","0.32941810647183484","19.64305480231243","-98.58916958272512","2026-01-03"
"MEX.13.21_1","Emiliano Zapata","GADM2","3.6","MX","Public Good","0.3303746254112676","19.64305480231243","-98.58916958272512","2026-01-03"
"MEX.13.21_1","Emiliano Zapata","GADM2","3.6","MX","Home Services","0.45083646446697206","19.64305480231243","-98.58916958272512","2026-01-03"
"MEX.13.21_1","Emiliano Zapata","GADM2","3.6","MX","Grocery & Convenience Stores","0.5127455339677446","19.64305480231243","-98.58916958272512","2026-01-03"
"MEX.13.21_1","Emiliano Zapata","GADM2","3.6","MX","Lifestyle Services","0.28451682919057275","19.64305480231243","-98.58916958272512","2026-01-03"
"MEX.13.21_1","Emiliano Zapata","GADM2","3.6","MX","Retail","0.4839601051391928","19.64305480231243","-98.58916958272512","2026-01-03"
"MEX.13.21_1","Emiliano Zapata","GADM2","3.6","MX","Local Events","0.43716501393885115","19.64305480231243","-98.58916958272512","2026-01-03"
"MEX.13.21_1","Emiliano Zapata","GADM2","3.6","MX","All","0.33738644835041054","19.64305480231243","-98.58916958272512","2026-01-03"
"MEX.29.16_1","Ixtacuixtla de Mariano Matamoros","GADM2","3.6","MX","Manufacturing","0.4521003743431999","19.358490433946127","-98.28080562510709","2026-01-03"
"MEX.29.16_1","Ixtacuixtla de Mariano Matamoros","GADM2","3.6","MX","Business & Utility Services","0.25975609108558523","19.358490433946127","-98.28080562510709","2026-01-03"
"MEX.29.16_1","Ixtacuixtla de Mariano Matamoros","GADM2","3.6","MX","Lifestyle Services","0.33191753195616147","19.358490433946127","-98.28080562510709","2026-01-03"
"MEX.29.16_1","Ixtacuixtla de Mariano Matamoros","GADM2","3.6","MX","Home Services","0.4223031458930674","19.358490433946127","-98.28080562510709","2026-01-03"
"MEX.29.16_1","Ixtacuixtla de Mariano Matamoros","GADM2","3.6","MX","Professional Services","0.3358854435698121","19.358490433946127","-98.28080562510709","2026-01-03"
"MEX.29.16_1","Ixtacuixtla de Mariano Matamoros","GADM2","3.6","MX","Public Good","0.2066604515211473","19.358490433946127","-98.28080562510709","2026-01-03"
"MEX.29.16_1","Ixtacuixtla de Mariano Matamoros","GADM2","3.6","MX","Retail","0.37970895213298356","19.358490433946127","-98.28080562510709","2026-01-03"
"MEX.29.16_1","Ixtacuixtla de Mariano Matamoros","GADM2","3.6","MX","","0.5505604008834595","19.358490433946127","-98.28080562510709","2026-01-03"
"MEX.29.16_1","Ixtacuixtla de Mariano Matamoros","GADM2","3.6","MX","Restaurants","0.30014669970323016","19.358490433946127","-98.28080562510709","2026-01-03"
"MEX.29.16_1","Ixtacuixtla de Mariano Matamoros","GADM2","3.6","MX","Local Events","0.23903029199454226","19.358490433946127","-98.28080562510709","2026-01-03"
"MEX.29.16_1","Ixtacuixtla de Mariano Matamoros","GADM2","3.6","MX","All","0.31805988489283227","19.358490433946127","-98.28080562510709","2026-01-03"
"MEX.29.16_1","Ixtacuixtla de Mariano Matamoros","GADM2","3.6","MX","Travel","0.5405958259740359","19.358490433946127","-98.28080562510709","2026-01-03"
"MEX.29.16_1","Ixtacuixtla de Mariano Matamoros","GADM2","3.6","MX","Grocery & Convenience Stores","0.47649544057096743","19.358490433946127","-98.28080562510709","2026-01-03"
"MEX.13.76_1","Tulancingo de Bravo","GADM2","3.6","MX","Travel","0.26698732619863413","20.121847621872348","-98.29580286598016","2026-01-03"
"MEX.13.76_1","Tulancingo de Bravo","GADM2","3.6","MX","Public Good","0.25138532037275074","20.121847621872348","-98.29580286598016","2026-01-03"
"MEX.13.76_1","Tulancingo de Bravo","GADM2","3.6","MX","All","0.3484533694864716","20.121847621872348","-98.29580286598016","2026-01-03"
"MEX.13.76_1","Tulancingo de Bravo","GADM2","3.6","MX","Restaurants","0.43022386834737053","20.121847621872348","-98.29580286598016","2026-01-03"
"MEX.13.76_1","Tulancingo de Bravo","GADM2","3.6","MX","","0.4489267320171079","20.121847621872348","-98.29580286598016","2026-01-03"
"MEX.13.76_1","Tulancingo de Bravo","GADM2","3.6","MX","Business & Utility Services","0.4664032010048513","20.121847621872348","-98.29580286598016","2026-01-03"
"MEX.13.76_1","Tulancingo de Bravo","GADM2","3.6","MX","Lifestyle Services","0.1806855879848346","20.121847621872348","-98.29580286598016","2026-01-03"
"MEX.13.76_1","Tulancingo de Bravo","GADM2","3.6","MX","Manufacturing","0.28009955036165746","20.121847621872348","-98.29580286598016","2026-01-03"
"MEX.13.76_1","Tulancingo de Bravo","GADM2","3.6","MX","Local Events","0.3044352952704285","20.121847621872348","-98.29580286598016","2026-01-03"
"MEX.13.76_1","Tulancingo de Bravo","GADM2","3.6","MX","Home Services","0.50147820174132","20.121847621872348","-98.29580286598016","2026-01-03"
"MEX.13.76_1","Tulancingo de Bravo","GADM2","3.6","MX","Professional Services","0.3241374589360685","20.121847621872348","-98.29580286598016","2026-01-03"
"MEX.13.76_1","Tulancingo de Bravo","GADM2","3.6","MX","Grocery & Convenience Stores","0.5046645352639925","20.121847621872348","-98.29580286598016","2026-01-03"
"MEX.13.76_1","Tulancingo de Bravo","GADM2","3.6","MX","Retail","0.38479506253371126","20.121847621872348","-98.29580286598016","2026-01-03"
"MEX.11.26_1","Romita","GADM2","3.6","MX","Restaurants","0.624778491158657","20.817949555928124","-101.62511053764175","2026-01-03"
"MEX.11.26_1","Romita","GADM2","3.6","MX","Professional Services","0.2870251326884913","20.817949555928124","-101.62511053764175","2026-01-03"
"MEX.11.26_1","Romita","GADM2","3.6","MX","Grocery & Convenience Stores","0.6965192429612869","20.817949555928124","-101.62511053764175","2026-01-03"
"MEX.11.26_1","Romita","GADM2","3.6","MX","Home Services","0.4344798414897519","20.817949555928124","-101.62511053764175","2026-01-03"
"MEX.11.26_1","Romita","GADM2","3.6","MX","Lifestyle Services","0.3832285978183432","20.817949555928124","-101.62511053764175","2026-01-03"
"MEX.11.26_1","Romita","GADM2","3.6","MX","Business & Utility Services","0.28296434652781466","20.817949555928124","-101.62511053764175","2026-01-03"
"MEX.11.26_1","Romita","GADM2","3.6","MX","Retail","0.2866414359918287","20.817949555928124","-101.62511053764175","2026-01-03"
"MEX.11.26_1","Romita","GADM2","3.6","MX","Public Good","0.3576326840803648","20.817949555928124","-101.62511053764175","2026-01-03"
"MEX.11.26_1","Romita","GADM2","3.6","MX","All","0.31520783689543236","20.817949555928124","-101.62511053764175","2026-01-03"
"MEX.21.92_1","Juan N. Méndez","GADM2","3.6","MX","Grocery & Convenience Stores","0.6425709082963227","18.594486978112315","-97.5714741870805","2026-01-03"
"MEX.21.92_1","Juan N. Méndez","GADM2","3.6","MX","All","0.568789891493646","18.594486978112315","-97.5714741870805","2026-01-03"
"MEX.21.92_1","Juan N. Méndez","GADM2","3.6","MX","Retail","0.4577180611808994","18.594486978112315","-97.5714741870805","2026-01-03"
"MEX.21.202_1","Yehualtepec","GADM2","3.6","MX","Grocery & Convenience Stores","0.5327986405153092","18.80888153540578","-97.53335665125752","2026-01-03"
"MEX.21.202_1","Yehualtepec","GADM2","3.6","MX","Retail","0.42175826160749","18.80888153540578","-97.53335665125752","2026-01-03"
"MEX.21.202_1","Yehualtepec","GADM2","3.6","MX","Home Services","0.7171896570302982","18.80888153540578","-97.53335665125752","2026-01-03"
"MEX.21.202_1","Yehualtepec","GADM2","3.6","MX","All","0.4695052124445657","18.80888153540578","-97.53335665125752","2026-01-03"
"MEX.24.40_1","Tampamolón Corona","GADM2","3.6","MX","All","0.3298406207128975","21.592701554507634","-98.79678014548486","2026-01-03"
"MEX.12.59_1","Técpan de Galeana","GADM2","3.6","MX","Restaurants","0.2928977106665832","17.39356028136713","-100.67806733791862","2026-01-03"
"MEX.12.59_1","Técpan de Galeana","GADM2","3.6","MX","Home Services","0.5655797216462314","17.39356028136713","-100.67806733791862","2026-01-03"
"MEX.12.59_1","Técpan de Galeana","GADM2","3.6","MX","Retail","0.36885896922172406","17.39356028136713","-100.67806733791862","2026-01-03"
"MEX.12.59_1","Técpan de Galeana","GADM2","3.6","MX","Travel","0.7485888503140279","17.39356028136713","-100.67806733791862","2026-01-03"
"MEX.12.59_1","Técpan de Galeana","GADM2","3.6","MX","Business & Utility Services","0.44212321493217577","17.39356028136713","-100.67806733791862","2026-01-03"
"MEX.12.59_1","Técpan de Galeana","GADM2","3.6","MX","Lifestyle Services","0.3776121809973714","17.39356028136713","-100.67806733791862","2026-01-03"
"MEX.12.59_1","Técpan de Galeana","GADM2","3.6","MX","Professional Services","0.21824201914912242","17.39356028136713","-100.67806733791862","2026-01-03"
"MEX.12.59_1","Técpan de Galeana","GADM2","3.6","MX","All","0.3118771291962871","17.39356028136713","-100.67806733791862","2026-01-03"
"MEX.12.59_1","Técpan de Galeana","GADM2","3.6","MX","Grocery & Convenience Stores","0.47034401154857103","17.39356028136713","-100.67806733791862","2026-01-03"
"MEX.15.53_1","La Paz","GADM2","3.6","MX","Grocery & Convenience Stores","0.41820189270559427","19.306055556349804","-98.88345408038758","2026-01-03"
"MEX.15.53_1","La Paz","GADM2","3.6","MX","Local Events","0.2391387852365417","19.306055556349804","-98.88345408038758","2026-01-03"
"MEX.15.53_1","La Paz","GADM2","3.6","MX","Retail","0.2970836426285904","19.306055556349804","-98.88345408038758","2026-01-03"
"MEX.15.53_1","La Paz","GADM2","3.6","MX","Business & Utility Services","0.27675496508694686","19.306055556349804","-98.88345408038758","2026-01-03"
"MEX.15.53_1","La Paz","GADM2","3.6","MX","Lifestyle Services","0.21523645054284893","19.306055556349804","-98.88345408038758","2026-01-03"
"MEX.15.53_1","La Paz","GADM2","3.6","MX","","0.3947336980292625","19.306055556349804","-98.88345408038758","2026-01-03"
"MEX.15.53_1","La Paz","GADM2","3.6","MX","Public Good","0.28606532424822567","19.306055556349804","-98.88345408038758","2026-01-03"
"MEX.15.53_1","La Paz","GADM2","3.6","MX","Travel","0.5732825730397757","19.306055556349804","-98.88345408038758","2026-01-03"
"MEX.15.53_1","La Paz","GADM2","3.6","MX","Professional Services","0.3032577206480268","19.306055556349804","-98.88345408038758","2026-01-03"
"MEX.15.53_1","La Paz","GADM2","3.6","MX","Home Services","0.4149116006639857","19.306055556349804","-98.88345408038758","2026-01-03"
"MEX.15.53_1","La Paz","GADM2","3.6","MX","All","0.2570943409667542","19.306055556349804","-98.88345408038758","2026-01-03"
"MEX.15.53_1","La Paz","GADM2","3.6","MX","Manufacturing","0.4501779685101921","19.306055556349804","-98.88345408038758","2026-01-03"
"MEX.15.53_1","La Paz","GADM2","3.6","MX","Restaurants","0.32659396661635515","19.306055556349804","-98.88345408038758","2026-01-03"
"MEX.14.69_1","Ojuelos de Jalisco","GADM2","3.6","MX","Home Services","0.36937399415160316","21.804474008626265","-101.76817755220345","2026-01-03"
"MEX.14.69_1","Ojuelos de Jalisco","GADM2","3.6","MX","Retail","0.2872548668968734","21.804474008626265","-101.76817755220345","2026-01-03"
"MEX.14.69_1","Ojuelos de Jalisco","GADM2","3.6","MX","Lifestyle Services","0.24865944058407075","21.804474008626265","-101.76817755220345","2026-01-03"
"MEX.14.69_1","Ojuelos de Jalisco","GADM2","3.6","MX","All","0.2770947545708802","21.804474008626265","-101.76817755220345","2026-01-03"
"MEX.14.69_1","Ojuelos de Jalisco","GADM2","3.6","MX","Professional Services","0.3434203495605712","21.804474008626265","-101.76817755220345","2026-01-03"
"MEX.14.69_1","Ojuelos de Jalisco","GADM2","3.6","MX","Grocery & Convenience Stores","0.5531734915590508","21.804474008626265","-101.76817755220345","2026-01-03"
"MEX.14.69_1","Ojuelos de Jalisco","GADM2","3.6","MX","Restaurants","0.5299348243122217","21.804474008626265","-101.76817755220345","2026-01-03"
"MEX.11.41_1","Uriangato","GADM2","3.6","MX","Professional Services","0.22811532970875456","20.09381851501619","-101.17079545151282","2026-01-03"
"MEX.11.41_1","Uriangato","GADM2","3.6","MX","Public Good","0.264380103766827","20.09381851501619","-101.17079545151282","2026-01-03"
"MEX.11.41_1","Uriangato","GADM2","3.6","MX","Grocery & Convenience Stores","0.6900940075184997","20.09381851501619","-101.17079545151282","2026-01-03"
"MEX.11.41_1","Uriangato","GADM2","3.6","MX","","0.47803508978245735","20.09381851501619","-101.17079545151282","2026-01-03"
"MEX.11.41_1","Uriangato","GADM2","3.6","MX","Retail","0.25528547032233595","20.09381851501619","-101.17079545151282","2026-01-03"
"MEX.11.41_1","Uriangato","GADM2","3.6","MX","Home Services","0.39908890792190915","20.09381851501619","-101.17079545151282","2026-01-03"
"MEX.11.41_1","Uriangato","GADM2","3.6","MX","Travel","0.4304740242704554","20.09381851501619","-101.17079545151282","2026-01-03"
"MEX.11.41_1","Uriangato","GADM2","3.6","MX","Manufacturing","0.2246458070892285","20.09381851501619","-101.17079545151282","2026-01-03"
"MEX.11.41_1","Uriangato","GADM2","3.6","MX","All","0.2798536018455643","20.09381851501619","-101.17079545151282","2026-01-03"
"MEX.11.41_1","Uriangato","GADM2","3.6","MX","Local Events","0.4948332417424041","20.09381851501619","-101.17079545151282","2026-01-03"
"MEX.11.41_1","Uriangato","GADM2","3.6","MX","Lifestyle Services","0.39382965759693483","20.09381851501619","-101.17079545151282","2026-01-03"
"MEX.11.41_1","Uriangato","GADM2","3.6","MX","Restaurants","0.2926750166557865","20.09381851501619","-101.17079545151282","2026-01-03"
"MEX.11.41_1","Uriangato","GADM2","3.6","MX","Business & Utility Services","0.34700897812510334","20.09381851501619","-101.17079545151282","2026-01-03"
"MEX.32.55_1","Villanueva","GADM2","3.6","MX","Lifestyle Services","0.5187581339652895","22.243544844256885","-102.86354390192685","2026-01-03"
"MEX.32.55_1","Villanueva","GADM2","3.6","MX","Professional Services","0.4488255043717816","22.243544844256885","-102.86354390192685","2026-01-03"
"MEX.32.55_1","Villanueva","GADM2","3.6","MX","Home Services","0.4145281496220395","22.243544844256885","-102.86354390192685","2026-01-03"
"MEX.32.55_1","Villanueva","GADM2","3.6","MX","Retail","0.3665058302133601","22.243544844256885","-102.86354390192685","2026-01-03"
"MEX.32.55_1","Villanueva","GADM2","3.6","MX","Public Good","0.3059930350753567","22.243544844256885","-102.86354390192685","2026-01-03"
"MEX.32.55_1","Villanueva","GADM2","3.6","MX","Restaurants","0.5487324981384478","22.243544844256885","-102.86354390192685","2026-01-03"
"MEX.32.55_1","Villanueva","GADM2","3.6","MX","All","0.3934263279485717","22.243544844256885","-102.86354390192685","2026-01-03"
"MEX.30.158_1","Temapache","GADM2","3.6","MX","Lifestyle Services","0.5042066217653841","20.937859284248887","-97.72960932524535","2026-01-03"
"MEX.30.158_1","Temapache","GADM2","3.6","MX","Public Good","0.39632963314436787","20.937859284248887","-97.72960932524535","2026-01-03"
"MEX.30.158_1","Temapache","GADM2","3.6","MX","Home Services","0.5281069492072732","20.937859284248887","-97.72960932524535","2026-01-03"
"MEX.30.158_1","Temapache","GADM2","3.6","MX","Professional Services","0.40268765399800965","20.937859284248887","-97.72960932524535","2026-01-03"
"MEX.30.158_1","Temapache","GADM2","3.6","MX","All","0.5724131279519037","20.937859284248887","-97.72960932524535","2026-01-03"
"MEX.30.158_1","Temapache","GADM2","3.6","MX","Restaurants","0.4983536818596726","20.937859284248887","-97.72960932524535","2026-01-03"
"MEX.30.158_1","Temapache","GADM2","3.6","MX","Retail","0.7264289871427996","20.937859284248887","-97.72960932524535","2026-01-03"
"MEX.30.158_1","Temapache","GADM2","3.6","MX","Grocery & Convenience Stores","0.4624973908086278","20.937859284248887","-97.72960932524535","2026-01-03"
"MEX.30.178_1","Tlalixcoyan","GADM2","3.6","MX","Home Services","0.6993933306753404","18.813801470131647","-96.12840805766092","2026-01-03"
"MEX.30.178_1","Tlalixcoyan","GADM2","3.6","MX","Retail","0.3661205017482181","18.813801470131647","-96.12840805766092","2026-01-03"
"MEX.30.178_1","Tlalixcoyan","GADM2","3.6","MX","Restaurants","0.5314941575363507","18.813801470131647","-96.12840805766092","2026-01-03"
"MEX.30.178_1","Tlalixcoyan","GADM2","3.6","MX","Public Good","0.4750511951568655","18.813801470131647","-96.12840805766092","2026-01-03"
"MEX.30.178_1","Tlalixcoyan","GADM2","3.6","MX","Professional Services","0.2925166585279433","18.813801470131647","-96.12840805766092","2026-01-03"
"MEX.30.178_1","Tlalixcoyan","GADM2","3.6","MX","Grocery & Convenience Stores","0.7503262598929236","18.813801470131647","-96.12840805766092","2026-01-03"
"MEX.30.178_1","Tlalixcoyan","GADM2","3.6","MX","All","0.46724534942929885","18.813801470131647","-96.12840805766092","2026-01-03"
"MEX.12.19_1","Copala","GADM2","3.6","MX","Travel","0.5469487898556681","16.60341140005912","-98.88485811547808","2026-01-03"
"MEX.12.19_1","Copala","GADM2","3.6","MX","Restaurants","0.776128186104701","16.60341140005912","-98.88485811547808","2026-01-03"
"MEX.12.19_1","Copala","GADM2","3.6","MX","Retail","0.5924587408589067","16.60341140005912","-98.88485811547808","2026-01-03"
"MEX.12.19_1","Copala","GADM2","3.6","MX","Home Services","0.37006180645943537","16.60341140005912","-98.88485811547808","2026-01-03"
"MEX.12.19_1","Copala","GADM2","3.6","MX","All","0.6860582568677464","16.60341140005912","-98.88485811547808","2026-01-03"
"MEX.12.19_1","Copala","GADM2","3.6","MX","Professional Services","0.32934278959425817","16.60341140005912","-98.88485811547808","2026-01-03"
"MEX.21.126_1","San José Chiapa","GADM2","3.6","MX","All","0.4547002689677862","19.285992891721758","-97.60705670633138","2026-01-03"
"MEX.21.126_1","San José Chiapa","GADM2","3.6","MX","Retail","0.4736398030748977","19.285992891721758","-97.60705670633138","2026-01-03"
"MEX.15.79_1","Santo Tomás","GADM2","3.6","MX","Retail","0.4847254598698682","19.10627629937311","-100.31175761155396","2026-01-03"
"MEX.15.79_1","Santo Tomás","GADM2","3.6","MX","Restaurants","0.47231875162404696","19.10627629937311","-100.31175761155396","2026-01-03"
"MEX.15.79_1","Santo Tomás","GADM2","3.6","MX","All","0.4764216129150617","19.10627629937311","-100.31175761155396","2026-01-03"
"MEX.15.79_1","Santo Tomás","GADM2","3.6","MX","Professional Services","0.2802472515834136","19.10627629937311","-100.31175761155396","2026-01-03"
"MEX.21.4_1","Acatzingo","GADM2","3.6","MX","All","0.5320942863849053","19.077636546978745","-97.68653988109237","2026-01-03"
"MEX.21.4_1","Acatzingo","GADM2","3.6","MX","Retail","0.5831704911151548","19.077636546978745","-97.68653988109237","2026-01-03"
"MEX.9.11_1","Miguel Hidalgo","GADM2","3.6","MX","Professional Services","0.28200711473252216","19.382105542013292","-99.17091733490716","2026-01-03"
"MEX.9.11_1","Miguel Hidalgo","GADM2","3.6","MX","Restaurants","0.22629979873761247","19.382105542013292","-99.17091733490716","2026-01-03"
"MEX.9.11_1","Miguel Hidalgo","GADM2","3.6","MX","","0.10960215633444784","19.382105542013292","-99.17091733490716","2026-01-03"
"MEX.9.11_1","Miguel Hidalgo","GADM2","3.6","MX","Home Services","0.24738570448118002","19.382105542013292","-99.17091733490716","2026-01-03"
"MEX.9.11_1","Miguel Hidalgo","GADM2","3.6","MX","Grocery & Convenience Stores","0.3069114568577795","19.382105542013292","-99.17091733490716","2026-01-03"
"MEX.9.11_1","Miguel Hidalgo","GADM2","3.6","MX","Retail","0.23791286656134503","19.382105542013292","-99.17091733490716","2026-01-03"
"MEX.9.11_1","Miguel Hidalgo","GADM2","3.6","MX","All","0.25076710964118615","19.382105542013292","-99.17091733490716","2026-01-03"
"MEX.9.11_1","Miguel Hidalgo","GADM2","3.6","MX","Travel","0.3027691673706077","19.382105542013292","-99.17091733490716","2026-01-03"
"MEX.9.11_1","Miguel Hidalgo","GADM2","3.6","MX","Business & Utility Services","0.3146862401317936","19.382105542013292","-99.17091733490716","2026-01-03"
"MEX.9.11_1","Miguel Hidalgo","GADM2","3.6","MX","Public Good","0.13116770505052758","19.382105542013292","-99.17091733490716","2026-01-03"
"MEX.24.54_1","Villa Hidalgo","GADM2","3.6","MX","All","0.6855753213943004","22.643530471130617","-100.67608522363295","2026-01-03"
"MEX.24.54_1","Villa Hidalgo","GADM2","3.6","MX","Restaurants","0.49626455585145746","22.643530471130617","-100.67608522363295","2026-01-03"
"MEX.21.66_1","Guadalupe Victoria","GADM2","3.6","MX","Retail","0.4633667580098404","19.361760906765703","-97.31339592188523","2026-01-03"
"MEX.21.66_1","Guadalupe Victoria","GADM2","3.6","MX","All","0.3660768725110205","19.361760906765703","-97.31339592188523","2026-01-03"
"MEX.16.85_1","Tangancícuaro","GADM2","3.6","MX","Public Good","0.500138894925171","19.849322324432038","-102.25390716719939","2026-01-03"
"MEX.16.85_1","Tangancícuaro","GADM2","3.6","MX","Retail","0.324542284584258","19.849322324432038","-102.25390716719939","2026-01-03"
"MEX.16.85_1","Tangancícuaro","GADM2","3.6","MX","Restaurants","0.42939500641234224","19.849322324432038","-102.25390716719939","2026-01-03"
"MEX.16.85_1","Tangancícuaro","GADM2","3.6","MX","Home Services","0.6553534738714913","19.849322324432038","-102.25390716719939","2026-01-03"
"MEX.16.85_1","Tangancícuaro","GADM2","3.6","MX","Grocery & Convenience Stores","0.5277714926437505","19.849322324432038","-102.25390716719939","2026-01-03"
"MEX.16.85_1","Tangancícuaro","GADM2","3.6","MX","Business & Utility Services","0.3728589284551068","19.849322324432038","-102.25390716719939","2026-01-03"
"MEX.16.85_1","Tangancícuaro","GADM2","3.6","MX","Professional Services","0.23942547547247037","19.849322324432038","-102.25390716719939","2026-01-03"
"MEX.16.85_1","Tangancícuaro","GADM2","3.6","MX","Lifestyle Services","0.29028052400355636","19.849322324432038","-102.25390716719939","2026-01-03"
"MEX.16.85_1","Tangancícuaro","GADM2","3.6","MX","All","0.29651327819642737","19.849322324432038","-102.25390716719939","2026-01-03"
"MEX.24.42_1","Tancanhuitz de Santos","GADM2","3.6","MX","All","0.29700913630302744","21.65807987368404","-98.96555404142322","2026-01-03"
"MEX.21.6_1","Ahuacatlán","GADM2","3.6","MX","All","0.5159750854622434","20.06055107375383","-97.80797932117443","2026-01-03"
"MEX.13.81_1","Zacualtipán de Angeles","GADM2","3.6","MX","All","0.7840751873741948","20.683354862706164","-98.54381158533555","2026-01-03"
"MEX.21.90_1","Juan C. Bonilla","GADM2","3.6","MX","Restaurants","0.45478596973895147","19.142547629406806","-98.26345976469395","2026-01-03"
"MEX.21.90_1","Juan C. Bonilla","GADM2","3.6","MX","Lifestyle Services","0.5380205197410499","19.142547629406806","-98.26345976469395","2026-01-03"
"MEX.21.90_1","Juan C. Bonilla","GADM2","3.6","MX","Grocery & Convenience Stores","0.5203852405742573","19.142547629406806","-98.26345976469395","2026-01-03"
"MEX.21.90_1","Juan C. Bonilla","GADM2","3.6","MX","Retail","0.3968218607894952","19.142547629406806","-98.26345976469395","2026-01-03"
"MEX.21.90_1","Juan C. Bonilla","GADM2","3.6","MX","Professional Services","0.37059383366939364","19.142547629406806","-98.26345976469395","2026-01-03"
"MEX.21.90_1","Juan C. Bonilla","GADM2","3.6","MX","All","0.29364889429435215","19.142547629406806","-98.26345976469395","2026-01-03"
"MEX.21.90_1","Juan C. Bonilla","GADM2","3.6","MX","Business & Utility Services","0.2285400434103295","19.142547629406806","-98.26345976469395","2026-01-03"
"MEX.21.90_1","Juan C. Bonilla","GADM2","3.6","MX","Home Services","0.5117897291609246","19.142547629406806","-98.26345976469395","2026-01-03"
"MEX.24.27_1","San Antonio","GADM2","3.6","MX","All","0.49457208351160203","21.661073826877047","-98.85658865061596","2026-01-03"
"MEX.15.56_1","Melchor Ocampo","GADM2","3.6","MX","Local Events","0.3410312734176856","19.666198285876007","-99.08871771999296","2026-01-03"
"MEX.15.56_1","Melchor Ocampo","GADM2","3.6","MX","All","0.21188296767257322","19.666198285876007","-99.08871771999296","2026-01-03"
"MEX.15.56_1","Melchor Ocampo","GADM2","3.6","MX","Professional Services","0.20485955749097354","19.666198285876007","-99.08871771999296","2026-01-03"
"MEX.15.56_1","Melchor Ocampo","GADM2","3.6","MX","Business & Utility Services","0.5353520751855608","19.666198285876007","-99.08871771999296","2026-01-03"
"MEX.15.56_1","Melchor Ocampo","GADM2","3.6","MX","Grocery & Convenience Stores","0.23943519987829948","19.666198285876007","-99.08871771999296","2026-01-03"
"MEX.15.56_1","Melchor Ocampo","GADM2","3.6","MX","Home Services","0.3611919473643687","19.666198285876007","-99.08871771999296","2026-01-03"
"MEX.15.56_1","Melchor Ocampo","GADM2","3.6","MX","Lifestyle Services","0.31590403625418356","19.666198285876007","-99.08871771999296","2026-01-03"
"MEX.15.56_1","Melchor Ocampo","GADM2","3.6","MX","Retail","0.3075692994326494","19.666198285876007","-99.08871771999296","2026-01-03"
"MEX.15.56_1","Melchor Ocampo","GADM2","3.6","MX","","0.3349522488857315","19.666198285876007","-99.08871771999296","2026-01-03"
"MEX.15.56_1","Melchor Ocampo","GADM2","3.6","MX","Public Good","0.5031836513724752","19.666198285876007","-99.08871771999296","2026-01-03"
"MEX.15.56_1","Melchor Ocampo","GADM2","3.6","MX","Restaurants","0.14258185503639884","19.666198285876007","-99.08871771999296","2026-01-03"
"MEX.24.36_1","Soledad de Graciano Sánchez","GADM2","3.6","MX","Local Events","0.3709355068080657","22.27326193968206","-100.86638829690894","2026-01-03"
"MEX.24.36_1","Soledad de Graciano Sánchez","GADM2","3.6","MX","Manufacturing","0.5579503369407459","22.27326193968206","-100.86638829690894","2026-01-03"
"MEX.24.36_1","Soledad de Graciano Sánchez","GADM2","3.6","MX","Restaurants","0.33601819590360626","22.27326193968206","-100.86638829690894","2026-01-03"
"MEX.24.36_1","Soledad de Graciano Sánchez","GADM2","3.6","MX","Grocery & Convenience Stores","0.5081196660125675","22.27326193968206","-100.86638829690894","2026-01-03"
"MEX.24.36_1","Soledad de Graciano Sánchez","GADM2","3.6","MX","Travel","0.46267582288677495","22.27326193968206","-100.86638829690894","2026-01-03"
"MEX.24.36_1","Soledad de Graciano Sánchez","GADM2","3.6","MX","Retail","0.25343970365885077","22.27326193968206","-100.86638829690894","2026-01-03"
"MEX.24.36_1","Soledad de Graciano Sánchez","GADM2","3.6","MX","Home Services","0.258326989287094","22.27326193968206","-100.86638829690894","2026-01-03"
"MEX.24.36_1","Soledad de Graciano Sánchez","GADM2","3.6","MX","All","0.24543193564906154","22.27326193968206","-100.86638829690894","2026-01-03"
"MEX.24.36_1","Soledad de Graciano Sánchez","GADM2","3.6","MX","","0.5508575765394201","22.27326193968206","-100.86638829690894","2026-01-03"
"MEX.24.36_1","Soledad de Graciano Sánchez","GADM2","3.6","MX","Lifestyle Services","0.26502456475250197","22.27326193968206","-100.86638829690894","2026-01-03"
"MEX.24.36_1","Soledad de Graciano Sánchez","GADM2","3.6","MX","Professional Services","0.32018936614240057","22.27326193968206","-100.86638829690894","2026-01-03"
"MEX.24.36_1","Soledad de Graciano Sánchez","GADM2","3.6","MX","Public Good","0.5013368671046308","22.27326193968206","-100.86638829690894","2026-01-03"
"MEX.24.36_1","Soledad de Graciano Sánchez","GADM2","3.6","MX","Business & Utility Services","0.4797569034771388","22.27326193968206","-100.86638829690894","2026-01-03"
"MEX.12.63_1","Tixtla de Guerrero","GADM2","3.6","MX","All","0.2672739076532363","17.61466753335827","-99.33871763874292","2026-01-03"
"MEX.12.63_1","Tixtla de Guerrero","GADM2","3.6","MX","Restaurants","0.3793892239029537","17.61466753335827","-99.33871763874292","2026-01-03"
"MEX.12.63_1","Tixtla de Guerrero","GADM2","3.6","MX","Professional Services","0.22275063117954974","17.61466753335827","-99.33871763874292","2026-01-03"
"MEX.12.63_1","Tixtla de Guerrero","GADM2","3.6","MX","Retail","0.4378779424197789","17.61466753335827","-99.33871763874292","2026-01-03"
"MEX.12.63_1","Tixtla de Guerrero","GADM2","3.6","MX","Home Services","0.5283529055784154","17.61466753335827","-99.33871763874292","2026-01-03"
"MEX.12.63_1","Tixtla de Guerrero","GADM2","3.6","MX","Grocery & Convenience Stores","0.5704270191233384","17.61466753335827","-99.33871763874292","2026-01-03"
"MEX.12.63_1","Tixtla de Guerrero","GADM2","3.6","MX","Public Good","0.435870616443669","17.61466753335827","-99.33871763874292","2026-01-03"
"MEX.12.63_1","Tixtla de Guerrero","GADM2","3.6","MX","Lifestyle Services","0.323782711198123","17.61466753335827","-99.33871763874292","2026-01-03"
"MEX.17.16_1","Ocuituco","GADM2","3.6","MX","Restaurants","0.6018524375812292","18.909725932222116","-98.71351791530903","2026-01-03"
"MEX.17.16_1","Ocuituco","GADM2","3.6","MX","Retail","0.473030931623796","18.909725932222116","-98.71351791530903","2026-01-03"
"MEX.17.16_1","Ocuituco","GADM2","3.6","MX","Professional Services","0.40206322632956504","18.909725932222116","-98.71351791530903","2026-01-03"
"MEX.17.16_1","Ocuituco","GADM2","3.6","MX","All","0.5059794115629794","18.909725932222116","-98.71351791530903","2026-01-03"
"MEX.11.40_1","Tierra Blanca","GADM2","3.6","MX","Restaurants","0.3892703594352252","21.03344508803058","-100.20939531662867","2026-01-03"
"MEX.11.40_1","Tierra Blanca","GADM2","3.6","MX","Retail","0.3522377982733961","21.03344508803058","-100.20939531662867","2026-01-03"
"MEX.11.40_1","Tierra Blanca","GADM2","3.6","MX","Professional Services","0.4673131639099913","21.03344508803058","-100.20939531662867","2026-01-03"
"MEX.21.98_1","Molcaxac","GADM2","3.6","MX","All","0.511182760041481","18.72822903871156","-97.75324126170464","2026-01-03"
"MEX.12.25_1","Cualác","GADM2","3.6","MX","Retail","0.627075952305509","17.76574839600215","-98.57551163000225","2026-01-03"
"MEX.12.25_1","Cualác","GADM2","3.6","MX","Professional Services","0.3116388703328867","17.76574839600215","-98.57551163000225","2026-01-03"
"MEX.12.25_1","Cualác","GADM2","3.6","MX","All","0.3505211381692188","17.76574839600215","-98.57551163000225","2026-01-03"
"MEX.13.69_1","Tlahuelilpan","GADM2","3.6","MX","All","0.44082595576598294","20.169608902040743","-99.16948350136308","2026-01-03"
"MEX.21.120_1","San Felipe Teotlalcingo","GADM2","3.6","MX","All","0.432020777230984","19.250588972736548","-98.44456630334798","2026-01-03"
"MEX.21.120_1","San Felipe Teotlalcingo","GADM2","3.6","MX","Public Good","0.4256413164959617","19.250588972736548","-98.44456630334798","2026-01-03"
"MEX.21.120_1","San Felipe Teotlalcingo","GADM2","3.6","MX","Restaurants","0.18081146389372368","19.250588972736548","-98.44456630334798","2026-01-03"
"MEX.21.120_1","San Felipe Teotlalcingo","GADM2","3.6","MX","Home Services","0.5441582896271951","19.250588972736548","-98.44456630334798","2026-01-03"
"MEX.21.120_1","San Felipe Teotlalcingo","GADM2","3.6","MX","Professional Services","0.315181891874575","19.250588972736548","-98.44456630334798","2026-01-03"
"MEX.21.120_1","San Felipe Teotlalcingo","GADM2","3.6","MX","Retail","0.5790154170234795","19.250588972736548","-98.44456630334798","2026-01-03"
"MEX.21.120_1","San Felipe Teotlalcingo","GADM2","3.6","MX","Lifestyle Services","0.6006629677044177","19.250588972736548","-98.44456630334798","2026-01-03"
"MEX.15.44_1","Ixtlahuaca","GADM2","3.6","MX","Travel","0.5593995592043068","19.580933598605984","-99.77731867518777","2026-01-03"
"MEX.15.44_1","Ixtlahuaca","GADM2","3.6","MX","Professional Services","0.2294126152479301","19.580933598605984","-99.77731867518777","2026-01-03"
"MEX.15.44_1","Ixtlahuaca","GADM2","3.6","MX","Business & Utility Services","0.3928607456549065","19.580933598605984","-99.77731867518777","2026-01-03"
"MEX.15.44_1","Ixtlahuaca","GADM2","3.6","MX","Local Events","0.3522211823479694","19.580933598605984","-99.77731867518777","2026-01-03"
"MEX.15.44_1","Ixtlahuaca","GADM2","3.6","MX","Public Good","0.4124836731075225","19.580933598605984","-99.77731867518777","2026-01-03"
"MEX.15.44_1","Ixtlahuaca","GADM2","3.6","MX","Home Services","0.41923350093178474","19.580933598605984","-99.77731867518777","2026-01-03"
"MEX.15.44_1","Ixtlahuaca","GADM2","3.6","MX","Retail","0.3508571459055828","19.580933598605984","-99.77731867518777","2026-01-03"
"MEX.15.44_1","Ixtlahuaca","GADM2","3.6","MX","All","0.27370750559493146","19.580933598605984","-99.77731867518777","2026-01-03"
"MEX.15.44_1","Ixtlahuaca","GADM2","3.6","MX","Restaurants","0.426447759837887","19.580933598605984","-99.77731867518777","2026-01-03"
"MEX.15.44_1","Ixtlahuaca","GADM2","3.6","MX","Lifestyle Services","0.37756231411736474","19.580933598605984","-99.77731867518777","2026-01-03"
"MEX.15.44_1","Ixtlahuaca","GADM2","3.6","MX","Grocery & Convenience Stores","0.44727406696389344","19.580933598605984","-99.77731867518777","2026-01-03"
"MEX.17.18_1","Temixco","GADM2","3.6","MX","Retail","0.3514840771465307","18.828484722023248","-99.21392125650434","2026-01-03"
"MEX.17.18_1","Temixco","GADM2","3.6","MX","Restaurants","0.5233920967885238","18.828484722023248","-99.21392125650434","2026-01-03"
"MEX.17.18_1","Temixco","GADM2","3.6","MX","Lifestyle Services","0.35544377362717855","18.828484722023248","-99.21392125650434","2026-01-03"
"MEX.17.18_1","Temixco","GADM2","3.6","MX","Local Events","0.30694872982086385","18.828484722023248","-99.21392125650434","2026-01-03"
"MEX.17.18_1","Temixco","GADM2","3.6","MX","Grocery & Convenience Stores","0.4384833577371618","18.828484722023248","-99.21392125650434","2026-01-03"
"MEX.17.18_1","Temixco","GADM2","3.6","MX","Travel","0.4625993919943019","18.828484722023248","-99.21392125650434","2026-01-03"
"MEX.17.18_1","Temixco","GADM2","3.6","MX","","0.2773504550221032","18.828484722023248","-99.21392125650434","2026-01-03"
"MEX.17.18_1","Temixco","GADM2","3.6","MX","Public Good","0.38902457272300633","18.828484722023248","-99.21392125650434","2026-01-03"
"MEX.17.18_1","Temixco","GADM2","3.6","MX","Professional Services","0.18544512731130514","18.828484722023248","-99.21392125650434","2026-01-03"
"MEX.17.18_1","Temixco","GADM2","3.6","MX","Business & Utility Services","0.45270425467583586","18.828484722023248","-99.21392125650434","2026-01-03"
"MEX.17.18_1","Temixco","GADM2","3.6","MX","All","0.30624916409747227","18.828484722023248","-99.21392125650434","2026-01-03"
"MEX.17.18_1","Temixco","GADM2","3.6","MX","Home Services","0.5088647645313508","18.828484722023248","-99.21392125650434","2026-01-03"
"MEX.22.9_1","Jalpan de Serra","GADM2","3.6","MX","All","0.29414519379121895","21.328715578106006","-99.40024274550757","2026-01-03"
"MEX.22.9_1","Jalpan de Serra","GADM2","3.6","MX","Home Services","0.45611914913659807","21.328715578106006","-99.40024274550757","2026-01-03"
"MEX.22.9_1","Jalpan de Serra","GADM2","3.6","MX","Professional Services","0.30345437421156657","21.328715578106006","-99.40024274550757","2026-01-03"
"MEX.22.9_1","Jalpan de Serra","GADM2","3.6","MX","Local Events","0.5047088381398751","21.328715578106006","-99.40024274550757","2026-01-03"
"MEX.22.9_1","Jalpan de Serra","GADM2","3.6","MX","Restaurants","0.3535129737128439","21.328715578106006","-99.40024274550757","2026-01-03"
"MEX.22.9_1","Jalpan de Serra","GADM2","3.6","MX","Lifestyle Services","0.36605879878449027","21.328715578106006","-99.40024274550757","2026-01-03"
"MEX.22.9_1","Jalpan de Serra","GADM2","3.6","MX","Retail","0.3711154911200814","21.328715578106006","-99.40024274550757","2026-01-03"
"MEX.22.9_1","Jalpan de Serra","GADM2","3.6","MX","Business & Utility Services","0.533094286171323","21.328715578106006","-99.40024274550757","2026-01-03"
"MEX.22.9_1","Jalpan de Serra","GADM2","3.6","MX","Grocery & Convenience Stores","0.3676699777509471","21.328715578106006","-99.40024274550757","2026-01-03"
"MEX.22.9_1","Jalpan de Serra","GADM2","3.6","MX","Travel","0.29057270709848476","21.328715578106006","-99.40024274550757","2026-01-03"
"MEX.15.40_1","Isidro Fabela","GADM2","3.6","MX","Restaurants","0.6915843573178392","19.507619471761547","-99.37455534230207","2026-01-03"
"MEX.15.40_1","Isidro Fabela","GADM2","3.6","MX","All","0.3254748708900557","19.507619471761547","-99.37455534230207","2026-01-03"
"MEX.15.40_1","Isidro Fabela","GADM2","3.6","MX","Retail","0.4686032892259397","19.507619471761547","-99.37455534230207","2026-01-03"
"MEX.15.40_1","Isidro Fabela","GADM2","3.6","MX","Business & Utility Services","0.4509653974573894","19.507619471761547","-99.37455534230207","2026-01-03"
"MEX.21.183_1","Tlatlauquitepec","GADM2","3.6","MX","Local Events","0.7543284842087792","19.893293246828552","-97.43276545007787","2026-01-03"
"MEX.21.183_1","Tlatlauquitepec","GADM2","3.6","MX","Business & Utility Services","0.6088394155191147","19.893293246828552","-97.43276545007787","2026-01-03"
"MEX.21.183_1","Tlatlauquitepec","GADM2","3.6","MX","Professional Services","0.6502356851614924","19.893293246828552","-97.43276545007787","2026-01-03"
"MEX.21.183_1","Tlatlauquitepec","GADM2","3.6","MX","Restaurants","0.4417335371936119","19.893293246828552","-97.43276545007787","2026-01-03"
"MEX.21.183_1","Tlatlauquitepec","GADM2","3.6","MX","All","0.4946417205589059","19.893293246828552","-97.43276545007787","2026-01-03"
"MEX.21.183_1","Tlatlauquitepec","GADM2","3.6","MX","Retail","0.2322579630421479","19.893293246828552","-97.43276545007787","2026-01-03"
"MEX.21.183_1","Tlatlauquitepec","GADM2","3.6","MX","Home Services","0.5548579565497344","19.893293246828552","-97.43276545007787","2026-01-03"
"MEX.21.183_1","Tlatlauquitepec","GADM2","3.6","MX","Lifestyle Services","0.41729243691809575","19.893293246828552","-97.43276545007787","2026-01-03"
"MEX.15.87_1","Temascaltepec","GADM2","3.6","MX","Lifestyle Services","0.481880905866582","18.999602559176047","-99.96591841090797","2026-01-03"
"MEX.15.87_1","Temascaltepec","GADM2","3.6","MX","Public Good","0.6335702729729451","18.999602559176047","-99.96591841090797","2026-01-03"
"MEX.15.87_1","Temascaltepec","GADM2","3.6","MX","All","0.31289046957153366","18.999602559176047","-99.96591841090797","2026-01-03"
"MEX.15.87_1","Temascaltepec","GADM2","3.6","MX","Professional Services","0.2529497394600074","18.999602559176047","-99.96591841090797","2026-01-03"
"MEX.15.87_1","Temascaltepec","GADM2","3.6","MX","Business & Utility Services","0.2633974912636165","18.999602559176047","-99.96591841090797","2026-01-03"
"MEX.15.87_1","Temascaltepec","GADM2","3.6","MX","Home Services","0.5083019244855329","18.999602559176047","-99.96591841090797","2026-01-03"
"MEX.15.87_1","Temascaltepec","GADM2","3.6","MX","Restaurants","0.5592445874462413","18.999602559176047","-99.96591841090797","2026-01-03"
"MEX.15.87_1","Temascaltepec","GADM2","3.6","MX","Grocery & Convenience Stores","0.5885967435705364","18.999602559176047","-99.96591841090797","2026-01-03"
"MEX.15.87_1","Temascaltepec","GADM2","3.6","MX","Retail","0.31822323427040927","18.999602559176047","-99.96591841090797","2026-01-03"
"MEX.15.87_1","Temascaltepec","GADM2","3.6","MX","Local Events","0.5403607527029917","18.999602559176047","-99.96591841090797","2026-01-03"
"MEX.21.154_1","Tehuitzingo","GADM2","3.6","MX","Professional Services","0.3076776107547631","18.39498542957241","-98.1528873293639","2026-01-03"
"MEX.21.154_1","Tehuitzingo","GADM2","3.6","MX","Retail","0.5255948598152481","18.39498542957241","-98.1528873293639","2026-01-03"
"MEX.21.154_1","Tehuitzingo","GADM2","3.6","MX","Restaurants","0.5593988420507647","18.39498542957241","-98.1528873293639","2026-01-03"
"MEX.21.154_1","Tehuitzingo","GADM2","3.6","MX","All","0.5774605416473477","18.39498542957241","-98.1528873293639","2026-01-03"
"MEX.12.7_1","Arcelia","GADM2","3.6","MX","All","0.4714279509315733","18.1985263086232","-100.15131342475607","2026-01-03"
"MEX.30.122_1","Ozuluama","GADM2","3.6","MX","All","0.37923933439927726","21.725710537815154","-97.90095481880606","2026-01-03"
"MEX.21.75_1","Huejotzingo","GADM2","3.6","MX","Home Services","0.16906180528657128","19.218855017810537","-98.33541687599889","2026-01-03"
"MEX.21.75_1","Huejotzingo","GADM2","3.6","MX","Restaurants","0.6184050088051192","19.218855017810537","-98.33541687599889","2026-01-03"
"MEX.21.75_1","Huejotzingo","GADM2","3.6","MX","Retail","0.44267850045375373","19.218855017810537","-98.33541687599889","2026-01-03"
"MEX.21.75_1","Huejotzingo","GADM2","3.6","MX","All","0.4186742552603847","19.218855017810537","-98.33541687599889","2026-01-03"
"MEX.21.75_1","Huejotzingo","GADM2","3.6","MX","Professional Services","0.4418628683771465","19.218855017810537","-98.33541687599889","2026-01-03"
"MEX.21.75_1","Huejotzingo","GADM2","3.6","MX","Business & Utility Services","0.40931706606922535","19.218855017810537","-98.33541687599889","2026-01-03"
"MEX.21.75_1","Huejotzingo","GADM2","3.6","MX","Lifestyle Services","0.5411230166719473","19.218855017810537","-98.33541687599889","2026-01-03"
"MEX.21.75_1","Huejotzingo","GADM2","3.6","MX","Grocery & Convenience Stores","0.7791594470302392","19.218855017810537","-98.33541687599889","2026-01-03"
"MEX.21.75_1","Huejotzingo","GADM2","3.6","MX","Public Good","0.6497368184655901","19.218855017810537","-98.33541687599889","2026-01-03"
"MEX.28.13_1","González","GADM2","3.6","MX","Retail","0.6761463095824677","22.815023338683456","-98.53691380147234","2026-01-03"
"MEX.14.68_1","Ocotlán","GADM2","3.6","MX","Local Events","0.2579319520939716","20.370031842514774","-102.72404966349893","2026-01-03"
"MEX.14.68_1","Ocotlán","GADM2","3.6","MX","Home Services","0.4141340031743099","20.370031842514774","-102.72404966349893","2026-01-03"
"MEX.14.68_1","Ocotlán","GADM2","3.6","MX","Lifestyle Services","0.34495506154118566","20.370031842514774","-102.72404966349893","2026-01-03"
"MEX.14.68_1","Ocotlán","GADM2","3.6","MX","Professional Services","0.32409905947229606","20.370031842514774","-102.72404966349893","2026-01-03"
"MEX.14.68_1","Ocotlán","GADM2","3.6","MX","All","0.3598259311345694","20.370031842514774","-102.72404966349893","2026-01-03"
"MEX.14.68_1","Ocotlán","GADM2","3.6","MX","Retail","0.3812516828838632","20.370031842514774","-102.72404966349893","2026-01-03"
"MEX.14.68_1","Ocotlán","GADM2","3.6","MX","Restaurants","0.3731288739999081","20.370031842514774","-102.72404966349893","2026-01-03"
"MEX.14.68_1","Ocotlán","GADM2","3.6","MX","Travel","0.35487351577893855","20.370031842514774","-102.72404966349893","2026-01-03"
"MEX.14.68_1","Ocotlán","GADM2","3.6","MX","Business & Utility Services","0.3364057002181454","20.370031842514774","-102.72404966349893","2026-01-03"
"MEX.14.68_1","Ocotlán","GADM2","3.6","MX","Grocery & Convenience Stores","0.5259657158248622","20.370031842514774","-102.72404966349893","2026-01-03"
"MEX.14.68_1","Ocotlán","GADM2","3.6","MX","","0.5809158558925868","20.370031842514774","-102.72404966349893","2026-01-03"
"MEX.14.68_1","Ocotlán","GADM2","3.6","MX","Public Good","0.34831921649119535","20.370031842514774","-102.72404966349893","2026-01-03"
"MEX.14.68_1","Ocotlán","GADM2","3.6","MX","Manufacturing","0.4324634156471","20.370031842514774","-102.72404966349893","2026-01-03"
"MEX.11.8_1","Comonfort","GADM2","3.6","MX","Professional Services","0.2221035686039627","20.709239456725726","-100.81670125458491","2026-01-03"
"MEX.11.8_1","Comonfort","GADM2","3.6","MX","Retail","0.6441573597694829","20.709239456725726","-100.81670125458491","2026-01-03"
"MEX.11.8_1","Comonfort","GADM2","3.6","MX","Restaurants","0.5278660968903387","20.709239456725726","-100.81670125458491","2026-01-03"
"MEX.11.8_1","Comonfort","GADM2","3.6","MX","Home Services","0.6489774083426847","20.709239456725726","-100.81670125458491","2026-01-03"
"MEX.11.8_1","Comonfort","GADM2","3.6","MX","All","0.43690438703603146","20.709239456725726","-100.81670125458491","2026-01-03"
"MEX.11.8_1","Comonfort","GADM2","3.6","MX","Lifestyle Services","0.3444889204510019","20.709239456725726","-100.81670125458491","2026-01-03"
"MEX.11.8_1","Comonfort","GADM2","3.6","MX","Local Events","0.42587220499922607","20.709239456725726","-100.81670125458491","2026-01-03"
"MEX.11.8_1","Comonfort","GADM2","3.6","MX","Grocery & Convenience Stores","0.29291252483768265","20.709239456725726","-100.81670125458491","2026-01-03"
"MEX.11.8_1","Comonfort","GADM2","3.6","MX","Public Good","0.378842224569342","20.709239456725726","-100.81670125458491","2026-01-03"
"MEX.11.8_1","Comonfort","GADM2","3.6","MX","Business & Utility Services","0.3612519970520003","20.709239456725726","-100.81670125458491","2026-01-03"
"MEX.15.52_1","Juchitepec","GADM2","3.6","MX","Home Services","0.49966052526587895","19.075409142919217","-98.79793097603246","2026-01-03"
"MEX.15.52_1","Juchitepec","GADM2","3.6","MX","Public Good","0.3298099248006267","19.075409142919217","-98.79793097603246","2026-01-03"
"MEX.15.52_1","Juchitepec","GADM2","3.6","MX","Professional Services","0.3369866429707736","19.075409142919217","-98.79793097603246","2026-01-03"
"MEX.15.52_1","Juchitepec","GADM2","3.6","MX","Grocery & Convenience Stores","0.6915151471865139","19.075409142919217","-98.79793097603246","2026-01-03"
"MEX.15.52_1","Juchitepec","GADM2","3.6","MX","Retail","0.45214614104792744","19.075409142919217","-98.79793097603246","2026-01-03"
"MEX.15.52_1","Juchitepec","GADM2","3.6","MX","Local Events","0.437128019917374","19.075409142919217","-98.79793097603246","2026-01-03"
"MEX.15.52_1","Juchitepec","GADM2","3.6","MX","All","0.2915524878441468","19.075409142919217","-98.79793097603246","2026-01-03"
"MEX.15.52_1","Juchitepec","GADM2","3.6","MX","Restaurants","0.38668358010714277","19.075409142919217","-98.79793097603246","2026-01-03"
"MEX.29.2_1","Altzayanca","GADM2","3.6","MX","Home Services","0.3681336964715994","19.46649309494689","-97.74150452960748","2026-01-03"
"MEX.29.2_1","Altzayanca","GADM2","3.6","MX","Professional Services","0.44572924444983947","19.46649309494689","-97.74150452960748","2026-01-03"
"MEX.29.2_1","Altzayanca","GADM2","3.6","MX","Local Events","0.5969390715552121","19.46649309494689","-97.74150452960748","2026-01-03"
"MEX.29.2_1","Altzayanca","GADM2","3.6","MX","All","0.5254107185160751","19.46649309494689","-97.74150452960748","2026-01-03"
"MEX.29.2_1","Altzayanca","GADM2","3.6","MX","Restaurants","0.5358001408647365","19.46649309494689","-97.74150452960748","2026-01-03"
"MEX.29.2_1","Altzayanca","GADM2","3.6","MX","Lifestyle Services","0.38688735792511414","19.46649309494689","-97.74150452960748","2026-01-03"
"MEX.29.2_1","Altzayanca","GADM2","3.6","MX","Business & Utility Services","0.7414871005322894","19.46649309494689","-97.74150452960748","2026-01-03"
"MEX.29.2_1","Altzayanca","GADM2","3.6","MX","Retail","0.517488032454894","19.46649309494689","-97.74150452960748","2026-01-03"
"MEX.29.2_1","Altzayanca","GADM2","3.6","MX","Grocery & Convenience Stores","0.5546030355778703","19.46649309494689","-97.74150452960748","2026-01-03"
"MEX.13.80_1","Yahualica","GADM2","3.6","MX","All","0.4804066191060937","20.945450470719383","-98.35152846511495","2026-01-03"
"MEX.12.24_1","Cuajinicuilapa","GADM2","3.6","MX","Retail","0.3778177697523231","16.489591249594135","-98.51319510231446","2026-01-03"
"MEX.12.24_1","Cuajinicuilapa","GADM2","3.6","MX","Professional Services","0.45927536073431224","16.489591249594135","-98.51319510231446","2026-01-03"
"MEX.12.24_1","Cuajinicuilapa","GADM2","3.6","MX","All","0.5238594517087749","16.489591249594135","-98.51319510231446","2026-01-03"
"MEX.17.11_1","Jiutepec","GADM2","3.6","MX","Business & Utility Services","0.5355048827498121","18.864347786454854","-99.12252071168918","2026-01-03"
"MEX.17.11_1","Jiutepec","GADM2","3.6","MX","Lifestyle Services","0.4875506597078992","18.864347786454854","-99.12252071168918","2026-01-03"
"MEX.17.11_1","Jiutepec","GADM2","3.6","MX","Home Services","0.39856111069025524","18.864347786454854","-99.12252071168918","2026-01-03"
"MEX.17.11_1","Jiutepec","GADM2","3.6","MX","Retail","0.2371855642010365","18.864347786454854","-99.12252071168918","2026-01-03"
"MEX.17.11_1","Jiutepec","GADM2","3.6","MX","Grocery & Convenience Stores","0.6534073361369431","18.864347786454854","-99.12252071168918","2026-01-03"
"MEX.17.11_1","Jiutepec","GADM2","3.6","MX","All","0.33413802242414664","18.864347786454854","-99.12252071168918","2026-01-03"
"MEX.17.11_1","Jiutepec","GADM2","3.6","MX","Restaurants","0.30690753531441356","18.864347786454854","-99.12252071168918","2026-01-03"
"MEX.17.11_1","Jiutepec","GADM2","3.6","MX","Public Good","0.4213004752228216","18.864347786454854","-99.12252071168918","2026-01-03"
"MEX.17.11_1","Jiutepec","GADM2","3.6","MX","Professional Services","0.3168238207275738","18.864347786454854","-99.12252071168918","2026-01-03"
"MEX.24.56_1","Xilitla","GADM2","3.6","MX","Home Services","0.6499843891601067","21.424107587755582","-99.06163422861152","2026-01-03"
"MEX.24.56_1","Xilitla","GADM2","3.6","MX","Lifestyle Services","0.49157364309447615","21.424107587755582","-99.06163422861152","2026-01-03"
"MEX.24.56_1","Xilitla","GADM2","3.6","MX","Restaurants","0.48635685667802225","21.424107587755582","-99.06163422861152","2026-01-03"
"MEX.24.56_1","Xilitla","GADM2","3.6","MX","Local Events","0.4243678064874964","21.424107587755582","-99.06163422861152","2026-01-03"
"MEX.24.56_1","Xilitla","GADM2","3.6","MX","Grocery & Convenience Stores","0.526416339930243","21.424107587755582","-99.06163422861152","2026-01-03"
"MEX.24.56_1","Xilitla","GADM2","3.6","MX","Business & Utility Services","0.4940605726975332","21.424107587755582","-99.06163422861152","2026-01-03"
"MEX.24.56_1","Xilitla","GADM2","3.6","MX","All","0.3780527617512658","21.424107587755582","-99.06163422861152","2026-01-03"
"MEX.24.56_1","Xilitla","GADM2","3.6","MX","Travel","0.29351600237673064","21.424107587755582","-99.06163422861152","2026-01-03"
"MEX.24.56_1","Xilitla","GADM2","3.6","MX","Retail","0.48648952185086536","21.424107587755582","-99.06163422861152","2026-01-03"
"MEX.24.56_1","Xilitla","GADM2","3.6","MX","Professional Services","0.25176615019318405","21.424107587755582","-99.06163422861152","2026-01-03"
"MEX.24.56_1","Xilitla","GADM2","3.6","MX","Public Good","0.6255218307659626","21.424107587755582","-99.06163422861152","2026-01-03"
"MEX.16.111_1","Ziracuaretiro","GADM2","3.6","MX","Restaurants","0.3841058799890032","19.402411978415216","-101.89848154999353","2026-01-03"
"MEX.16.111_1","Ziracuaretiro","GADM2","3.6","MX","Retail","0.41258849859685925","19.402411978415216","-101.89848154999353","2026-01-03"
"MEX.16.111_1","Ziracuaretiro","GADM2","3.6","MX","All","0.32519907777635115","19.402411978415216","-101.89848154999353","2026-01-03"
"MEX.21.157_1","Teotlalco","GADM2","3.6","MX","All","0.4392907583234958","18.462092402005666","-98.74132609742732","2026-01-03"
"MEX.21.157_1","Teotlalco","GADM2","3.6","MX","Restaurants","0.5958276046838163","18.462092402005666","-98.74132609742732","2026-01-03"
"MEX.21.157_1","Teotlalco","GADM2","3.6","MX","Retail","0.51235266382266","18.462092402005666","-98.74132609742732","2026-01-03"
"MEX.21.157_1","Teotlalco","GADM2","3.6","MX","Lifestyle Services","0.6076036254959595","18.462092402005666","-98.74132609742732","2026-01-03"
"MEX.21.157_1","Teotlalco","GADM2","3.6","MX","Home Services","0.3643138929234634","18.462092402005666","-98.74132609742732","2026-01-03"
"MEX.21.157_1","Teotlalco","GADM2","3.6","MX","Public Good","0.3747901542441235","18.462092402005666","-98.74132609742732","2026-01-03"
"MEX.21.157_1","Teotlalco","GADM2","3.6","MX","Professional Services","0.1668875884672858","18.462092402005666","-98.74132609742732","2026-01-03"
"MEX.30.54_1","Cosautlán de Carvajal","GADM2","3.6","MX","Lifestyle Services","0.5884567506724583","19.333379140021776","-96.9242351444955","2026-01-03"
"MEX.30.54_1","Cosautlán de Carvajal","GADM2","3.6","MX","Retail","0.281673813246018","19.333379140021776","-96.9242351444955","2026-01-03"
"MEX.30.54_1","Cosautlán de Carvajal","GADM2","3.6","MX","All","0.4349069332160095","19.333379140021776","-96.9242351444955","2026-01-03"
"MEX.30.54_1","Cosautlán de Carvajal","GADM2","3.6","MX","Restaurants","0.6144232347458497","19.333379140021776","-96.9242351444955","2026-01-03"
"MEX.30.32_1","Cazones de Herrera","GADM2","3.6","MX","Travel","0.6444898166814533","20.67306139903137","-97.27125620696711","2026-01-03"
"MEX.30.32_1","Cazones de Herrera","GADM2","3.6","MX","All","0.5543214959573263","20.67306139903137","-97.27125620696711","2026-01-03"
"MEX.30.32_1","Cazones de Herrera","GADM2","3.6","MX","Retail","0.4341092760027992","20.67306139903137","-97.27125620696711","2026-01-03"
"MEX.16.45_1","Jiquilpan","GADM2","3.6","MX","Public Good","0.3364932090900931","19.948948008979325","-102.78382844344341","2026-01-03"
"MEX.16.45_1","Jiquilpan","GADM2","3.6","MX","Restaurants","0.4331956023570426","19.948948008979325","-102.78382844344341","2026-01-03"
"MEX.16.45_1","Jiquilpan","GADM2","3.6","MX","Home Services","0.45363215503321885","19.948948008979325","-102.78382844344341","2026-01-03"
"MEX.16.45_1","Jiquilpan","GADM2","3.6","MX","Lifestyle Services","0.4361290390619287","19.948948008979325","-102.78382844344341","2026-01-03"
"MEX.16.45_1","Jiquilpan","GADM2","3.6","MX","All","0.416777174512766","19.948948008979325","-102.78382844344341","2026-01-03"
"MEX.16.45_1","Jiquilpan","GADM2","3.6","MX","Business & Utility Services","0.3403421712712511","19.948948008979325","-102.78382844344341","2026-01-03"
"MEX.16.45_1","Jiquilpan","GADM2","3.6","MX","Travel","0.3366067159547334","19.948948008979325","-102.78382844344341","2026-01-03"
"MEX.16.45_1","Jiquilpan","GADM2","3.6","MX","Retail","0.47824371169572405","19.948948008979325","-102.78382844344341","2026-01-03"
"MEX.16.45_1","Jiquilpan","GADM2","3.6","MX","Local Events","0.6022430442261107","19.948948008979325","-102.78382844344341","2026-01-03"
"MEX.16.45_1","Jiquilpan","GADM2","3.6","MX","Professional Services","0.2888854834897727","19.948948008979325","-102.78382844344341","2026-01-03"
"MEX.16.45_1","Jiquilpan","GADM2","3.6","MX","Grocery & Convenience Stores","0.6115421109778725","19.948948008979325","-102.78382844344341","2026-01-03"
"MEX.17.33_1","Zacualpan","GADM2","3.6","MX","All","0.5077041114972226","18.83049716804828","-98.67737926593429","2026-01-03"
"MEX.15.116_1","Xonacatlán","GADM2","3.6","MX","All","0.25905613296594365","19.375279053400625","-99.43459063285592","2026-01-03"
"MEX.15.116_1","Xonacatlán","GADM2","3.6","MX","Professional Services","0.22722791308697873","19.375279053400625","-99.43459063285592","2026-01-03"
"MEX.15.116_1","Xonacatlán","GADM2","3.6","MX","Retail","0.4256760707834422","19.375279053400625","-99.43459063285592","2026-01-03"
"MEX.15.116_1","Xonacatlán","GADM2","3.6","MX","Restaurants","0.4476497018830598","19.375279053400625","-99.43459063285592","2026-01-03"
"MEX.15.116_1","Xonacatlán","GADM2","3.6","MX","Home Services","0.6331739388342202","19.375279053400625","-99.43459063285592","2026-01-03"
"MEX.21.70_1","Huatlatlauca","GADM2","3.6","MX","All","0.4941979833739286","18.743015849654014","-97.95040990232215","2026-01-03"
"MEX.21.70_1","Huatlatlauca","GADM2","3.6","MX","Retail","0.5674957800282586","18.743015849654014","-97.95040990232215","2026-01-03"
"MEX.30.199_1","Zaragoza","GADM2","3.6","MX","All","0.235884903433279","17.934135921821337","-94.68693052594595","2026-01-03"
"MEX.30.199_1","Zaragoza","GADM2","3.6","MX","Home Services","0.4473157595689573","17.934135921821337","-94.68693052594595","2026-01-03"
"MEX.30.199_1","Zaragoza","GADM2","3.6","MX","Retail","0.30339040567575865","17.934135921821337","-94.68693052594595","2026-01-03"
"MEX.30.199_1","Zaragoza","GADM2","3.6","MX","Public Good","0.4981530283557166","17.934135921821337","-94.68693052594595","2026-01-03"
"MEX.30.199_1","Zaragoza","GADM2","3.6","MX","Professional Services","0.3327965591446494","17.934135921821337","-94.68693052594595","2026-01-03"
"MEX.30.199_1","Zaragoza","GADM2","3.6","MX","Restaurants","0.32030643283301885","17.934135921821337","-94.68693052594595","2026-01-03"
"MEX.15.103_1","Timilpan","GADM2","3.6","MX","Restaurants","0.26217598438152606","19.88677440800878","-99.70077305569566","2026-01-03"
"MEX.15.103_1","Timilpan","GADM2","3.6","MX","Professional Services","0.37372410431891956","19.88677440800878","-99.70077305569566","2026-01-03"
"MEX.15.103_1","Timilpan","GADM2","3.6","MX","Home Services","0.38320213020014793","19.88677440800878","-99.70077305569566","2026-01-03"
"MEX.15.103_1","Timilpan","GADM2","3.6","MX","Business & Utility Services","0.40744301734325583","19.88677440800878","-99.70077305569566","2026-01-03"
"MEX.15.103_1","Timilpan","GADM2","3.6","MX","Retail","0.29357066963224704","19.88677440800878","-99.70077305569566","2026-01-03"
"MEX.15.103_1","Timilpan","GADM2","3.6","MX","All","0.24997077785701594","19.88677440800878","-99.70077305569566","2026-01-03"
"MEX.20.9_1","Dist. Jamiltepec","GADM2","3.6","MX","Professional Services","0.2855724523050482","16.440191943618938","-98.05987254228926","2026-01-03"
"MEX.20.9_1","Dist. Jamiltepec","GADM2","3.6","MX","Restaurants","0.55611960099593","16.440191943618938","-98.05987254228926","2026-01-03"
"MEX.20.9_1","Dist. Jamiltepec","GADM2","3.6","MX","Travel","0.7826325346312866","16.440191943618938","-98.05987254228926","2026-01-03"
"MEX.20.9_1","Dist. Jamiltepec","GADM2","3.6","MX","Retail","0.285856592090964","16.440191943618938","-98.05987254228926","2026-01-03"
"MEX.20.9_1","Dist. Jamiltepec","GADM2","3.6","MX","Public Good","0.440596033770607","16.440191943618938","-98.05987254228926","2026-01-03"
"MEX.20.9_1","Dist. Jamiltepec","GADM2","3.6","MX","Lifestyle Services","0.4601233956324056","16.440191943618938","-98.05987254228926","2026-01-03"
"MEX.20.9_1","Dist. Jamiltepec","GADM2","3.6","MX","Local Events","0.6916021448604033","16.440191943618938","-98.05987254228926","2026-01-03"
"MEX.20.9_1","Dist. Jamiltepec","GADM2","3.6","MX","Grocery & Convenience Stores","0.5714930818381093","16.440191943618938","-98.05987254228926","2026-01-03"
"MEX.20.9_1","Dist. Jamiltepec","GADM2","3.6","MX","Manufacturing","0.43463745059065256","16.440191943618938","-98.05987254228926","2026-01-03"
"MEX.24.37_1","Tamasopo","GADM2","3.6","MX","Restaurants","0.24244844754113176","21.914163611602962","-99.3468005219622","2026-01-03"
"MEX.24.37_1","Tamasopo","GADM2","3.6","MX","Grocery & Convenience Stores","0.4893913210079147","21.914163611602962","-99.3468005219622","2026-01-03"
"MEX.24.37_1","Tamasopo","GADM2","3.6","MX","Travel","0.4699852484683296","21.914163611602962","-99.3468005219622","2026-01-03"
"MEX.24.37_1","Tamasopo","GADM2","3.6","MX","All","0.3077239956308417","21.914163611602962","-99.3468005219622","2026-01-03"
"MEX.20.9_1","Dist. Jamiltepec","GADM2","3.6","MX","All","0.40385151280353765","16.440191943618938","-98.05987254228926","2026-01-03"
"MEX.20.9_1","Dist. Jamiltepec","GADM2","3.6","MX","Home Services","0.4222519737719393","16.440191943618938","-98.05987254228926","2026-01-03"
"MEX.20.9_1","Dist. Jamiltepec","GADM2","3.6","MX","Business & Utility Services","0.651871889932594","16.440191943618938","-98.05987254228926","2026-01-03"
"MEX.13.61_1","Tepeapulco","GADM2","3.6","MX","All","0.22074307682858393","19.79872114366682","-98.46953120475118","2026-01-03"
"MEX.17.14_1","Mazatepec","GADM2","3.6","MX","All","0.2924548938069099","18.680697842334723","-99.31468882565652","2026-01-03"
"MEX.17.14_1","Mazatepec","GADM2","3.6","MX","Retail","0.32052586706078856","18.680697842334723","-99.31468882565652","2026-01-03"
"MEX.30.169_1","Texistepec","GADM2","3.6","MX","Retail","0.35295929516867136","17.835067227101007","-94.84506570598525","2026-01-03"
"MEX.30.169_1","Texistepec","GADM2","3.6","MX","All","0.4674236573889719","17.835067227101007","-94.84506570598525","2026-01-03"
"MEX.20.20_1","Dist. Sola de Vega","GADM2","3.6","MX","All","0.41553276317153587","16.69005221959298","-97.31913045049667","2026-01-03"
"MEX.20.20_1","Dist. Sola de Vega","GADM2","3.6","MX","Retail","0.4278369264643206","16.69005221959298","-97.31913045049667","2026-01-03"
"MEX.16.43_1","Jacona","GADM2","3.6","MX","Lifestyle Services","0.4149323559353268","19.926657911603986","-102.31383817527879","2026-01-03"
"MEX.16.43_1","Jacona","GADM2","3.6","MX","Retail","0.48201887128103676","19.926657911603986","-102.31383817527879","2026-01-03"
"MEX.16.43_1","Jacona","GADM2","3.6","MX","Business & Utility Services","0.4999006167960636","19.926657911603986","-102.31383817527879","2026-01-03"
"MEX.16.43_1","Jacona","GADM2","3.6","MX","Professional Services","0.471203560368084","19.926657911603986","-102.31383817527879","2026-01-03"
"MEX.16.43_1","Jacona","GADM2","3.6","MX","Grocery & Convenience Stores","0.3875929881131747","19.926657911603986","-102.31383817527879","2026-01-03"
"MEX.16.43_1","Jacona","GADM2","3.6","MX","Home Services","0.5486600245214711","19.926657911603986","-102.31383817527879","2026-01-03"
"MEX.16.43_1","Jacona","GADM2","3.6","MX","All","0.440746992520657","19.926657911603986","-102.31383817527879","2026-01-03"
"MEX.16.43_1","Jacona","GADM2","3.6","MX","Restaurants","0.3832706459857315","19.926657911603986","-102.31383817527879","2026-01-03"
"MEX.16.43_1","Jacona","GADM2","3.6","MX","Public Good","0.38099869439928746","19.926657911603986","-102.31383817527879","2026-01-03"
"MEX.20.6_1","Dist. Etla","GADM2","3.6","MX","Home Services","0.48306042931774235","17.40192707321985","-96.86548864811354","2026-01-03"
"MEX.20.6_1","Dist. Etla","GADM2","3.6","MX","Grocery & Convenience Stores","0.4838774201649803","17.40192707321985","-96.86548864811354","2026-01-03"
"MEX.20.6_1","Dist. Etla","GADM2","3.6","MX","Lifestyle Services","0.3131485408312047","17.40192707321985","-96.86548864811354","2026-01-03"
"MEX.20.6_1","Dist. Etla","GADM2","3.6","MX","Public Good","0.4186905861299489","17.40192707321985","-96.86548864811354","2026-01-03"
"MEX.20.6_1","Dist. Etla","GADM2","3.6","MX","Manufacturing","0.4190786423100194","17.40192707321985","-96.86548864811354","2026-01-03"
"MEX.20.6_1","Dist. Etla","GADM2","3.6","MX","Retail","0.5210077220507482","17.40192707321985","-96.86548864811354","2026-01-03"
"MEX.20.6_1","Dist. Etla","GADM2","3.6","MX","Local Events","0.7119688954304236","17.40192707321985","-96.86548864811354","2026-01-03"
"MEX.20.6_1","Dist. Etla","GADM2","3.6","MX","Restaurants","0.48014084690291847","17.40192707321985","-96.86548864811354","2026-01-03"
"MEX.20.6_1","Dist. Etla","GADM2","3.6","MX","All","0.38762115834949473","17.40192707321985","-96.86548864811354","2026-01-03"
"MEX.20.6_1","Dist. Etla","GADM2","3.6","MX","Professional Services","0.19314782306239472","17.40192707321985","-96.86548864811354","2026-01-03"
"MEX.20.6_1","Dist. Etla","GADM2","3.6","MX","Business & Utility Services","0.4477640318243991","17.40192707321985","-96.86548864811354","2026-01-03"
"MEX.30.80_1","Ixhuatlancillo","GADM2","3.6","MX","Retail","0.52059872281876","18.913039010528166","-97.0977846021098","2026-01-03"
"MEX.30.80_1","Ixhuatlancillo","GADM2","3.6","MX","Professional Services","0.3267416879234609","18.913039010528166","-97.0977846021098","2026-01-03"
"MEX.30.80_1","Ixhuatlancillo","GADM2","3.6","MX","All","0.3098442502966282","18.913039010528166","-97.0977846021098","2026-01-03"
"MEX.30.80_1","Ixhuatlancillo","GADM2","3.6","MX","Home Services","0.2666580623840739","18.913039010528166","-97.0977846021098","2026-01-03"
"MEX.30.80_1","Ixhuatlancillo","GADM2","3.6","MX","Public Good","0.6109007187263836","18.913039010528166","-97.0977846021098","2026-01-03"
"MEX.30.80_1","Ixhuatlancillo","GADM2","3.6","MX","Business & Utility Services","0.2834016227955948","18.913039010528166","-97.0977846021098","2026-01-03"
"MEX.30.80_1","Ixhuatlancillo","GADM2","3.6","MX","Restaurants","0.2780058275112153","18.913039010528166","-97.0977846021098","2026-01-03"
"MEX.30.80_1","Ixhuatlancillo","GADM2","3.6","MX","Lifestyle Services","0.19771883902104076","18.913039010528166","-97.0977846021098","2026-01-03"
"MEX.16.68_1","Paracho","GADM2","3.6","MX","Restaurants","0.5606225285635396","19.64000513061622","-102.08880106054542","2026-01-03"
"MEX.16.68_1","Paracho","GADM2","3.6","MX","Lifestyle Services","0.5468532645560508","19.64000513061622","-102.08880106054542","2026-01-03"
"MEX.16.68_1","Paracho","GADM2","3.6","MX","Home Services","0.2568332650170643","19.64000513061622","-102.08880106054542","2026-01-03"
"MEX.16.68_1","Paracho","GADM2","3.6","MX","Grocery & Convenience Stores","0.7162404632486774","19.64000513061622","-102.08880106054542","2026-01-03"
"MEX.16.68_1","Paracho","GADM2","3.6","MX","All","0.44566352780852075","19.64000513061622","-102.08880106054542","2026-01-03"
"MEX.16.68_1","Paracho","GADM2","3.6","MX","Public Good","0.498611491993862","19.64000513061622","-102.08880106054542","2026-01-03"
"MEX.16.68_1","Paracho","GADM2","3.6","MX","Professional Services","0.32189697301279085","19.64000513061622","-102.08880106054542","2026-01-03"
"MEX.16.68_1","Paracho","GADM2","3.6","MX","Travel","0.3539543456970968","19.64000513061622","-102.08880106054542","2026-01-03"
"MEX.16.68_1","Paracho","GADM2","3.6","MX","Retail","0.4039024589376335","19.64000513061622","-102.08880106054542","2026-01-03"
"MEX.20.26_1","Dist. Tuxtepec","GADM2","3.6","MX","Manufacturing","0.45446306769480665","18.074725325456757","-96.28400015160682","2026-01-03"
"MEX.20.26_1","Dist. Tuxtepec","GADM2","3.6","MX","Grocery & Convenience Stores","0.5822595633743811","18.074725325456757","-96.28400015160682","2026-01-03"
"MEX.20.26_1","Dist. Tuxtepec","GADM2","3.6","MX","Public Good","0.47522545458346344","18.074725325456757","-96.28400015160682","2026-01-03"
"MEX.30.156_1","Tecolutla","GADM2","3.6","MX","Professional Services","0.29679053512839787","20.33007468629306","-96.99316709967312","2026-01-03"
"MEX.30.156_1","Tecolutla","GADM2","3.6","MX","Retail","0.5850255456407795","20.33007468629306","-96.99316709967312","2026-01-03"
"MEX.30.156_1","Tecolutla","GADM2","3.6","MX","Local Events","0.677408455837492","20.33007468629306","-96.99316709967312","2026-01-03"
"MEX.30.156_1","Tecolutla","GADM2","3.6","MX","Home Services","0.8888595469597614","20.33007468629306","-96.99316709967312","2026-01-03"
"MEX.16.78_1","Salvador Escalante","GADM2","3.6","MX","All","0.31010981511684166","19.351233076219753","-101.70185578818007","2026-01-03"
"MEX.16.78_1","Salvador Escalante","GADM2","3.6","MX","Restaurants","0.2679981159166446","19.351233076219753","-101.70185578818007","2026-01-03"
"MEX.16.78_1","Salvador Escalante","GADM2","3.6","MX","Professional Services","0.3577640319913681","19.351233076219753","-101.70185578818007","2026-01-03"
"MEX.16.78_1","Salvador Escalante","GADM2","3.6","MX","Travel","0.6337270134672321","19.351233076219753","-101.70185578818007","2026-01-03"
"MEX.16.78_1","Salvador Escalante","GADM2","3.6","MX","Retail","0.3973325551861092","19.351233076219753","-101.70185578818007","2026-01-03"
"MEX.30.189_1","Úrsulo Galván","GADM2","3.6","MX","Lifestyle Services","0.36394287867929315","19.450221061136826","-96.37423668970874","2026-01-03"
"MEX.30.189_1","Úrsulo Galván","GADM2","3.6","MX","Travel","0.4423137086353407","19.450221061136826","-96.37423668970874","2026-01-03"
"MEX.30.189_1","Úrsulo Galván","GADM2","3.6","MX","Local Events","0.5825242693369347","19.450221061136826","-96.37423668970874","2026-01-03"
"MEX.30.189_1","Úrsulo Galván","GADM2","3.6","MX","Grocery & Convenience Stores","0.8311638790661053","19.450221061136826","-96.37423668970874","2026-01-03"
"MEX.30.189_1","Úrsulo Galván","GADM2","3.6","MX","Home Services","0.5852889430611271","19.450221061136826","-96.37423668970874","2026-01-03"
"MEX.30.189_1","Úrsulo Galván","GADM2","3.6","MX","Professional Services","0.36770290998485755","19.450221061136826","-96.37423668970874","2026-01-03"
"MEX.30.189_1","Úrsulo Galván","GADM2","3.6","MX","Restaurants","0.23449794163809287","19.450221061136826","-96.37423668970874","2026-01-03"
"MEX.30.189_1","Úrsulo Galván","GADM2","3.6","MX","Business & Utility Services","0.4926633555647918","19.450221061136826","-96.37423668970874","2026-01-03"
"MEX.30.189_1","Úrsulo Galván","GADM2","3.6","MX","All","0.38914287952547927","19.450221061136826","-96.37423668970874","2026-01-03"
"MEX.30.189_1","Úrsulo Galván","GADM2","3.6","MX","Retail","0.4635352880258513","19.450221061136826","-96.37423668970874","2026-01-03"
"MEX.12.74_1","Zirándaro","GADM2","3.6","MX","All","0.29793550632580085","18.327573982952835","-101.23358257871985","2026-01-03"
"MEX.11.5_1","Apaseo el Grande","GADM2","3.6","MX","Restaurants","0.433153407629773","20.566103605360045","-100.63787754210827","2026-01-03"
"MEX.11.5_1","Apaseo el Grande","GADM2","3.6","MX","","0.3701694884054926","20.566103605360045","-100.63787754210827","2026-01-03"
"MEX.11.5_1","Apaseo el Grande","GADM2","3.6","MX","Home Services","0.38571002675925337","20.566103605360045","-100.63787754210827","2026-01-03"
"MEX.11.5_1","Apaseo el Grande","GADM2","3.6","MX","Business & Utility Services","0.3478813006835959","20.566103605360045","-100.63787754210827","2026-01-03"
"MEX.11.5_1","Apaseo el Grande","GADM2","3.6","MX","Professional Services","0.24967168395041028","20.566103605360045","-100.63787754210827","2026-01-03"
"MEX.11.5_1","Apaseo el Grande","GADM2","3.6","MX","Local Events","0.4793071841992758","20.566103605360045","-100.63787754210827","2026-01-03"
"MEX.11.5_1","Apaseo el Grande","GADM2","3.6","MX","Grocery & Convenience Stores","0.6295464963754854","20.566103605360045","-100.63787754210827","2026-01-03"
"MEX.11.5_1","Apaseo el Grande","GADM2","3.6","MX","All","0.343098371337694","20.566103605360045","-100.63787754210827","2026-01-03"
"MEX.11.5_1","Apaseo el Grande","GADM2","3.6","MX","Lifestyle Services","0.2270476448391958","20.566103605360045","-100.63787754210827","2026-01-03"
"MEX.11.5_1","Apaseo el Grande","GADM2","3.6","MX","Travel","0.6258044088264897","20.566103605360045","-100.63787754210827","2026-01-03"
"MEX.11.5_1","Apaseo el Grande","GADM2","3.6","MX","Retail","0.46621420266326613","20.566103605360045","-100.63787754210827","2026-01-03"
"MEX.11.5_1","Apaseo el Grande","GADM2","3.6","MX","Public Good","0.34179476117978547","20.566103605360045","-100.63787754210827","2026-01-03"
"MEX.12.16_1","Chilapa de Alvarez","GADM2","3.6","MX","Grocery & Convenience Stores","0.617371093647072","17.58065591037208","-99.12214048235737","2026-01-03"
"MEX.12.16_1","Chilapa de Alvarez","GADM2","3.6","MX","All","0.27717422672235825","17.58065591037208","-99.12214048235737","2026-01-03"
"MEX.12.16_1","Chilapa de Alvarez","GADM2","3.6","MX","Business & Utility Services","0.25395512618017435","17.58065591037208","-99.12214048235737","2026-01-03"
"MEX.12.16_1","Chilapa de Alvarez","GADM2","3.6","MX","Professional Services","0.2720145423914796","17.58065591037208","-99.12214048235737","2026-01-03"
"MEX.12.16_1","Chilapa de Alvarez","GADM2","3.6","MX","Retail","0.3121011393517707","17.58065591037208","-99.12214048235737","2026-01-03"
"MEX.12.16_1","Chilapa de Alvarez","GADM2","3.6","MX","Lifestyle Services","0.4478698960736642","17.58065591037208","-99.12214048235737","2026-01-03"
"MEX.12.16_1","Chilapa de Alvarez","GADM2","3.6","MX","Restaurants","0.46878072338397336","17.58065591037208","-99.12214048235737","2026-01-03"
"MEX.12.16_1","Chilapa de Alvarez","GADM2","3.6","MX","Home Services","0.3459264401987721","17.58065591037208","-99.12214048235737","2026-01-03"
"MEX.12.16_1","Chilapa de Alvarez","GADM2","3.6","MX","Public Good","0.46005064020166164","17.58065591037208","-99.12214048235737","2026-01-03"
"MEX.21.36_1","Chietla","GADM2","3.6","MX","Retail","0.710704799135884","18.53936631669523","-98.53288539350075","2026-01-03"
"MEX.21.36_1","Chietla","GADM2","3.6","MX","Home Services","0.6396164172589897","18.53936631669523","-98.53288539350075","2026-01-03"
"MEX.21.36_1","Chietla","GADM2","3.6","MX","Restaurants","0.5797471201200565","18.53936631669523","-98.53288539350075","2026-01-03"
"MEX.21.36_1","Chietla","GADM2","3.6","MX","Public Good","0.6646906356498249","18.53936631669523","-98.53288539350075","2026-01-03"
"MEX.21.36_1","Chietla","GADM2","3.6","MX","All","0.6805762984564989","18.53936631669523","-98.53288539350075","2026-01-03"
"MEX.21.36_1","Chietla","GADM2","3.6","MX","Lifestyle Services","0.4846784194787971","18.53936631669523","-98.53288539350075","2026-01-03"
"MEX.14.93_1","Teocaltiche","GADM2","3.6","MX","Grocery & Convenience Stores","0.5148012901948852","21.438223959416256","-102.59660898176915","2026-01-03"
"MEX.14.93_1","Teocaltiche","GADM2","3.6","MX","Home Services","0.51952493747813","21.438223959416256","-102.59660898176915","2026-01-03"
"MEX.14.93_1","Teocaltiche","GADM2","3.6","MX","Professional Services","0.3498379727279496","21.438223959416256","-102.59660898176915","2026-01-03"
"MEX.11.45_1","Xichú","GADM2","3.6","MX","All","0.5601446168748704","21.36368714511313","-99.99450332716769","2026-01-03"
"MEX.30.197_1","Yecuatla","GADM2","3.6","MX","All","0.6728456019407449","19.84597943376942","-96.71495670810893","2026-01-03"
"MEX.21.158_1","Tepanco de López","GADM2","3.6","MX","All","0.5005187634508338","18.607309557895416","-97.41394318548804","2026-01-03"
"MEX.15.58_1","Mexicaltzingo","GADM2","3.6","MX","All","0.5422653894121013","19.137676758282897","-99.54135582371065","2026-01-03"
"MEX.30.185_1","Tonayán","GADM2","3.6","MX","All","0.7434515926054639","19.746749482343006","-96.8618448065642","2026-01-03"
"MEX.17.4_1","Ayala","GADM2","3.6","MX","Local Events","0.6575418606923543","18.69962982205707","-98.9089328207712","2026-01-03"
"MEX.17.4_1","Ayala","GADM2","3.6","MX","Home Services","0.46687289538475313","18.69962982205707","-98.9089328207712","2026-01-03"
"MEX.17.4_1","Ayala","GADM2","3.6","MX","Public Good","0.5653345439212102","18.69962982205707","-98.9089328207712","2026-01-03"
"MEX.17.4_1","Ayala","GADM2","3.6","MX","Restaurants","0.49433349803109355","18.69962982205707","-98.9089328207712","2026-01-03"
"MEX.17.4_1","Ayala","GADM2","3.6","MX","All","0.4620050852154149","18.69962982205707","-98.9089328207712","2026-01-03"
"MEX.17.4_1","Ayala","GADM2","3.6","MX","Travel","0.3134736243621487","18.69962982205707","-98.9089328207712","2026-01-03"
"MEX.17.4_1","Ayala","GADM2","3.6","MX","Grocery & Convenience Stores","0.6393916940873361","18.69962982205707","-98.9089328207712","2026-01-03"
"MEX.17.4_1","Ayala","GADM2","3.6","MX","Professional Services","0.2547492544036688","18.69962982205707","-98.9089328207712","2026-01-03"
"MEX.17.4_1","Ayala","GADM2","3.6","MX","Retail","0.6449016396461401","18.69962982205707","-98.9089328207712","2026-01-03"
"MEX.17.4_1","Ayala","GADM2","3.6","MX","Business & Utility Services","0.5953357704828471","18.69962982205707","-98.9089328207712","2026-01-03"
"MEX.17.4_1","Ayala","GADM2","3.6","MX","Lifestyle Services","0.3374924013520561","18.69962982205707","-98.9089328207712","2026-01-03"
"MEX.30.180_1","Tlaltetela","GADM2","3.6","MX","Restaurants","0.4991190774939772","19.272270067984973","-96.78442800298681","2026-01-03"
"MEX.30.180_1","Tlaltetela","GADM2","3.6","MX","All","0.49257027295888484","19.272270067984973","-96.78442800298681","2026-01-03"
"MEX.30.180_1","Tlaltetela","GADM2","3.6","MX","Local Events","0.3371179733107375","19.272270067984973","-96.78442800298681","2026-01-03"
"MEX.30.180_1","Tlaltetela","GADM2","3.6","MX","Retail","0.44099671090527987","19.272270067984973","-96.78442800298681","2026-01-03"
"MEX.30.180_1","Tlaltetela","GADM2","3.6","MX","Travel","0.6817622448690962","19.272270067984973","-96.78442800298681","2026-01-03"
"MEX.15.106_1","Tlatlaya","GADM2","3.6","MX","All","0.28846005878086656","18.500630574713885","-100.21681332057378","2026-01-03"
"MEX.29.44_1","Zitlaltepec de Trinidad Sánchez Santos","GADM2","3.6","MX","Local Events","0.3857073844416875","19.249137890500155","-97.84297573422471","2026-01-03"
"MEX.29.44_1","Zitlaltepec de Trinidad Sánchez Santos","GADM2","3.6","MX","Lifestyle Services","0.4478624050877639","19.249137890500155","-97.84297573422471","2026-01-03"
"MEX.29.44_1","Zitlaltepec de Trinidad Sánchez Santos","GADM2","3.6","MX","Retail","0.3849885913475483","19.249137890500155","-97.84297573422471","2026-01-03"
"MEX.29.44_1","Zitlaltepec de Trinidad Sánchez Santos","GADM2","3.6","MX","All","0.28892982417836244","19.249137890500155","-97.84297573422471","2026-01-03"
"MEX.29.44_1","Zitlaltepec de Trinidad Sánchez Santos","GADM2","3.6","MX","Public Good","0.5129947962120815","19.249137890500155","-97.84297573422471","2026-01-03"
"MEX.29.44_1","Zitlaltepec de Trinidad Sánchez Santos","GADM2","3.6","MX","Professional Services","0.4751370571625101","19.249137890500155","-97.84297573422471","2026-01-03"
"MEX.29.44_1","Zitlaltepec de Trinidad Sánchez Santos","GADM2","3.6","MX","Restaurants","0.3771582588777766","19.249137890500155","-97.84297573422471","2026-01-03"
"MEX.29.44_1","Zitlaltepec de Trinidad Sánchez Santos","GADM2","3.6","MX","Home Services","0.3481323610411094","19.249137890500155","-97.84297573422471","2026-01-03"
"MEX.32.56_1","Zacatecas","GADM2","3.6","MX","Public Good","0.19570825363513575","22.703519984318188","-102.6878784745785","2026-01-03"
"MEX.32.56_1","Zacatecas","GADM2","3.6","MX","Home Services","0.34100565507324687","22.703519984318188","-102.6878784745785","2026-01-03"
"MEX.32.56_1","Zacatecas","GADM2","3.6","MX","Professional Services","0.28818863983834575","22.703519984318188","-102.6878784745785","2026-01-03"
"MEX.32.56_1","Zacatecas","GADM2","3.6","MX","Business & Utility Services","0.4317553141408524","22.703519984318188","-102.6878784745785","2026-01-03"
"MEX.32.56_1","Zacatecas","GADM2","3.6","MX","Restaurants","0.2367690854594542","22.703519984318188","-102.6878784745785","2026-01-03"
"MEX.32.56_1","Zacatecas","GADM2","3.6","MX","Grocery & Convenience Stores","0.39977495025700666","22.703519984318188","-102.6878784745785","2026-01-03"
"MEX.32.56_1","Zacatecas","GADM2","3.6","MX","Lifestyle Services","0.43905243031704616","22.703519984318188","-102.6878784745785","2026-01-03"
"MEX.32.56_1","Zacatecas","GADM2","3.6","MX","Travel","0.38103468211837477","22.703519984318188","-102.6878784745785","2026-01-03"
"MEX.32.56_1","Zacatecas","GADM2","3.6","MX","Local Events","0.22679312579053906","22.703519984318188","-102.6878784745785","2026-01-03"
"MEX.32.56_1","Zacatecas","GADM2","3.6","MX","","0.37182097620208127","22.703519984318188","-102.6878784745785","2026-01-03"
"MEX.32.56_1","Zacatecas","GADM2","3.6","MX","All","0.3035185382994302","22.703519984318188","-102.6878784745785","2026-01-03"
"MEX.32.56_1","Zacatecas","GADM2","3.6","MX","Retail","0.36833657797903463","22.703519984318188","-102.6878784745785","2026-01-03"
"MEX.21.55_1","Cuautlancingo","GADM2","3.6","MX","Home Services","0.5348250953827282","19.131671671879957","-98.17353546712286","2026-01-03"
"MEX.21.55_1","Cuautlancingo","GADM2","3.6","MX","Retail","0.6045465843038541","19.131671671879957","-98.17353546712286","2026-01-03"
"MEX.21.55_1","Cuautlancingo","GADM2","3.6","MX","Business & Utility Services","0.36737999149160483","19.131671671879957","-98.17353546712286","2026-01-03"
"MEX.21.55_1","Cuautlancingo","GADM2","3.6","MX","Professional Services","0.46381173397800934","19.131671671879957","-98.17353546712286","2026-01-03"
"MEX.21.55_1","Cuautlancingo","GADM2","3.6","MX","All","0.42201279106702455","19.131671671879957","-98.17353546712286","2026-01-03"
"MEX.21.55_1","Cuautlancingo","GADM2","3.6","MX","Public Good","0.5997609444449411","19.131671671879957","-98.17353546712286","2026-01-03"
"MEX.21.55_1","Cuautlancingo","GADM2","3.6","MX","Lifestyle Services","0.42433108081105403","19.131671671879957","-98.17353546712286","2026-01-03"
"MEX.21.55_1","Cuautlancingo","GADM2","3.6","MX","Grocery & Convenience Stores","0.5097968683552178","19.131671671879957","-98.17353546712286","2026-01-03"
"MEX.21.55_1","Cuautlancingo","GADM2","3.6","MX","Local Events","0.12728750351370416","19.131671671879957","-98.17353546712286","2026-01-03"
"MEX.21.55_1","Cuautlancingo","GADM2","3.6","MX","Restaurants","0.392206824495885","19.131671671879957","-98.17353546712286","2026-01-03"
"MEX.11.28_1","Salvatierra","GADM2","3.6","MX","Grocery & Convenience Stores","0.42366379837326484","20.180553872856912","-100.92642976122379","2026-01-03"
"MEX.11.28_1","Salvatierra","GADM2","3.6","MX","Public Good","0.3457398684380922","20.180553872856912","-100.92642976122379","2026-01-03"
"MEX.11.28_1","Salvatierra","GADM2","3.6","MX","Home Services","0.707772782212687","20.180553872856912","-100.92642976122379","2026-01-03"
"MEX.11.28_1","Salvatierra","GADM2","3.6","MX","Professional Services","0.2660034975642028","20.180553872856912","-100.92642976122379","2026-01-03"
"MEX.11.28_1","Salvatierra","GADM2","3.6","MX","Business & Utility Services","0.5583214118494944","20.180553872856912","-100.92642976122379","2026-01-03"
"MEX.11.28_1","Salvatierra","GADM2","3.6","MX","All","0.3927279909512906","20.180553872856912","-100.92642976122379","2026-01-03"
"MEX.11.28_1","Salvatierra","GADM2","3.6","MX","Retail","0.6009725521787933","20.180553872856912","-100.92642976122379","2026-01-03"
"MEX.11.28_1","Salvatierra","GADM2","3.6","MX","Lifestyle Services","0.406003578581945","20.180553872856912","-100.92642976122379","2026-01-03"
"MEX.11.28_1","Salvatierra","GADM2","3.6","MX","Restaurants","0.25253316443328455","20.180553872856912","-100.92642976122379","2026-01-03"
"MEX.16.71_1","Penjamillo","GADM2","3.6","MX","Retail","0.6267099198466058","20.104357931432418","-101.92177800303085","2026-01-03"
"MEX.16.71_1","Penjamillo","GADM2","3.6","MX","All","0.4763669663643902","20.104357931432418","-101.92177800303085","2026-01-03"
"MEX.16.65_1","Ocampo","GADM2","3.6","MX","All","0.2633747515024013","19.584370571607188","-100.3376922924403","2026-01-03"
"MEX.16.65_1","Ocampo","GADM2","3.6","MX","Retail","0.5847160099396234","19.584370571607188","-100.3376922924403","2026-01-03"
"MEX.13.44_1","Nopala de Villagrán","GADM2","3.6","MX","Restaurants","0.7080434274619002","20.255745553164456","-99.68360412343787","2026-01-03"
"MEX.13.44_1","Nopala de Villagrán","GADM2","3.6","MX","Home Services","0.6874513508728651","20.255745553164456","-99.68360412343787","2026-01-03"
"MEX.13.44_1","Nopala de Villagrán","GADM2","3.6","MX","All","0.6225174156755813","20.255745553164456","-99.68360412343787","2026-01-03"
"MEX.13.44_1","Nopala de Villagrán","GADM2","3.6","MX","Retail","0.5436643670371902","20.255745553164456","-99.68360412343787","2026-01-03"
"MEX.14.114_1","Valle de Juárez","GADM2","3.6","MX","All","0.28922927994206","19.788975012078406","-102.95503918892125","2026-01-03"
"MEX.14.114_1","Valle de Juárez","GADM2","3.6","MX","Retail","0.4337851432704261","19.788975012078406","-102.95503918892125","2026-01-03"
"MEX.30.156_1","Tecolutla","GADM2","3.6","MX","Restaurants","0.677574374060083","20.33007468629306","-96.99316709967312","2026-01-03"
"MEX.30.156_1","Tecolutla","GADM2","3.6","MX","Travel","0.7130147457478971","20.33007468629306","-96.99316709967312","2026-01-03"
"MEX.30.156_1","Tecolutla","GADM2","3.6","MX","Business & Utility Services","0.5027560607850613","20.33007468629306","-96.99316709967312","2026-01-03"
"MEX.30.156_1","Tecolutla","GADM2","3.6","MX","All","0.789558169404492","20.33007468629306","-96.99316709967312","2026-01-03"
"MEX.30.10_1","Alvarado","GADM2","3.6","MX","Home Services","0.22669326252072958","18.828238635972284","-95.85662973728729","2026-01-03"
"MEX.30.10_1","Alvarado","GADM2","3.6","MX","Travel","0.7573111479206884","18.828238635972284","-95.85662973728729","2026-01-03"
"MEX.30.10_1","Alvarado","GADM2","3.6","MX","Grocery & Convenience Stores","0.40560316874208546","18.828238635972284","-95.85662973728729","2026-01-03"
"MEX.30.10_1","Alvarado","GADM2","3.6","MX","Professional Services","0.30988527339078115","18.828238635972284","-95.85662973728729","2026-01-03"
"MEX.30.10_1","Alvarado","GADM2","3.6","MX","Restaurants","0.277266385166609","18.828238635972284","-95.85662973728729","2026-01-03"
"MEX.30.10_1","Alvarado","GADM2","3.6","MX","Local Events","0.28586451249252054","18.828238635972284","-95.85662973728729","2026-01-03"
"MEX.30.10_1","Alvarado","GADM2","3.6","MX","Lifestyle Services","0.4906737113321023","18.828238635972284","-95.85662973728729","2026-01-03"
"MEX.30.10_1","Alvarado","GADM2","3.6","MX","Public Good","0.44989401772585635","18.828238635972284","-95.85662973728729","2026-01-03"
"MEX.30.10_1","Alvarado","GADM2","3.6","MX","All","0.2618851063244548","18.828238635972284","-95.85662973728729","2026-01-03"
"MEX.30.10_1","Alvarado","GADM2","3.6","MX","Retail","0.47092129619420536","18.828238635972284","-95.85662973728729","2026-01-03"
"MEX.21.204_1","Zacapoaxtla","GADM2","3.6","MX","All","0.44962180047128747","19.88483288363614","-97.51539701410768","2026-01-03"
"MEX.30.4_1","Actopan","GADM2","3.6","MX","Professional Services","0.39706216482336093","19.557251693001927","-96.51961229212866","2026-01-03"
"MEX.30.4_1","Actopan","GADM2","3.6","MX","Restaurants","0.21964460749044554","19.557251693001927","-96.51961229212866","2026-01-03"
"MEX.30.4_1","Actopan","GADM2","3.6","MX","All","0.5303566863185093","19.557251693001927","-96.51961229212866","2026-01-03"
"MEX.30.4_1","Actopan","GADM2","3.6","MX","Retail","0.29041160830674234","19.557251693001927","-96.51961229212866","2026-01-03"
"MEX.30.65_1","Fortín","GADM2","3.6","MX","Professional Services","0.35348022824435915","18.922159393957873","-96.93024545872227","2026-01-03"
"MEX.30.65_1","Fortín","GADM2","3.6","MX","Restaurants","0.18664253606645786","18.922159393957873","-96.93024545872227","2026-01-03"
"MEX.30.65_1","Fortín","GADM2","3.6","MX","Retail","0.47942158125759754","18.922159393957873","-96.93024545872227","2026-01-03"
"MEX.30.65_1","Fortín","GADM2","3.6","MX","Grocery & Convenience Stores","0.4436449046588312","18.922159393957873","-96.93024545872227","2026-01-03"
"MEX.30.65_1","Fortín","GADM2","3.6","MX","Travel","0.17516326748460323","18.922159393957873","-96.93024545872227","2026-01-03"
"MEX.30.65_1","Fortín","GADM2","3.6","MX","Manufacturing","0.45695000091374255","18.922159393957873","-96.93024545872227","2026-01-03"
"MEX.30.65_1","Fortín","GADM2","3.6","MX","Public Good","0.5127832837337606","18.922159393957873","-96.93024545872227","2026-01-03"
"MEX.30.65_1","Fortín","GADM2","3.6","MX","Business & Utility Services","0.41568670562465526","18.922159393957873","-96.93024545872227","2026-01-03"
"MEX.30.65_1","Fortín","GADM2","3.6","MX","Local Events","0.33827809243585094","18.922159393957873","-96.93024545872227","2026-01-03"
"MEX.30.65_1","Fortín","GADM2","3.6","MX","All","0.3454480803267647","18.922159393957873","-96.93024545872227","2026-01-03"
"MEX.30.65_1","Fortín","GADM2","3.6","MX","Home Services","0.2853629686929622","18.922159393957873","-96.93024545872227","2026-01-03"
"MEX.30.65_1","Fortín","GADM2","3.6","MX","Lifestyle Services","0.38448474912027114","18.922159393957873","-96.93024545872227","2026-01-03"
"MEX.11.23_1","Pénjamo","GADM2","3.6","MX","Travel","0.5615157167264476","20.381981853697283","-101.83106018997196","2026-01-03"
"MEX.11.23_1","Pénjamo","GADM2","3.6","MX","All","0.33871024827866963","20.381981853697283","-101.83106018997196","2026-01-03"
"MEX.11.23_1","Pénjamo","GADM2","3.6","MX","Manufacturing","0.36331815285267144","20.381981853697283","-101.83106018997196","2026-01-03"
"MEX.11.23_1","Pénjamo","GADM2","3.6","MX","Home Services","0.4476221389435343","20.381981853697283","-101.83106018997196","2026-01-03"
"MEX.11.23_1","Pénjamo","GADM2","3.6","MX","Lifestyle Services","0.30275662678634074","20.381981853697283","-101.83106018997196","2026-01-03"
"MEX.11.23_1","Pénjamo","GADM2","3.6","MX","Grocery & Convenience Stores","0.6015110453501001","20.381981853697283","-101.83106018997196","2026-01-03"
"MEX.11.23_1","Pénjamo","GADM2","3.6","MX","Local Events","0.5082653786824995","20.381981853697283","-101.83106018997196","2026-01-03"
"MEX.11.23_1","Pénjamo","GADM2","3.6","MX","Public Good","0.39026439358066145","20.381981853697283","-101.83106018997196","2026-01-03"
"MEX.11.23_1","Pénjamo","GADM2","3.6","MX","Restaurants","0.27355219630921945","20.381981853697283","-101.83106018997196","2026-01-03"
"MEX.11.23_1","Pénjamo","GADM2","3.6","MX","Retail","0.39105320585455106","20.381981853697283","-101.83106018997196","2026-01-03"
"MEX.11.23_1","Pénjamo","GADM2","3.6","MX","Professional Services","0.31079997817899957","20.381981853697283","-101.83106018997196","2026-01-03"
"MEX.11.23_1","Pénjamo","GADM2","3.6","MX","Business & Utility Services","0.4940270781370388","20.381981853697283","-101.83106018997196","2026-01-03"
"MEX.11.23_1","Pénjamo","GADM2","3.6","MX","","0.20132278134242526","20.381981853697283","-101.83106018997196","2026-01-03"
"MEX.21.123_1","San Gregorio Atzompa","GADM2","3.6","MX","Business & Utility Services","0.35778164076720703","19.049503083068945","-98.26483661163024","2026-01-03"
"MEX.21.123_1","San Gregorio Atzompa","GADM2","3.6","MX","Lifestyle Services","0.19338487671269927","19.049503083068945","-98.26483661163024","2026-01-03"
"MEX.21.123_1","San Gregorio Atzompa","GADM2","3.6","MX","Local Events","0.27555900122208665","19.049503083068945","-98.26483661163024","2026-01-03"
"MEX.21.123_1","San Gregorio Atzompa","GADM2","3.6","MX","All","0.25952840980959063","19.049503083068945","-98.26483661163024","2026-01-03"
"MEX.21.123_1","San Gregorio Atzompa","GADM2","3.6","MX","Manufacturing","0.49208830379750806","19.049503083068945","-98.26483661163024","2026-01-03"
"MEX.21.123_1","San Gregorio Atzompa","GADM2","3.6","MX","Professional Services","0.2193068496905742","19.049503083068945","-98.26483661163024","2026-01-03"
"MEX.21.123_1","San Gregorio Atzompa","GADM2","3.6","MX","Grocery & Convenience Stores","0.3720479923711156","19.049503083068945","-98.26483661163024","2026-01-03"
"MEX.21.123_1","San Gregorio Atzompa","GADM2","3.6","MX","Restaurants","0.25403024429074306","19.049503083068945","-98.26483661163024","2026-01-03"
"MEX.21.123_1","San Gregorio Atzompa","GADM2","3.6","MX","Retail","0.3272999276779044","19.049503083068945","-98.26483661163024","2026-01-03"
"MEX.21.123_1","San Gregorio Atzompa","GADM2","3.6","MX","Home Services","0.3921745995321566","19.049503083068945","-98.26483661163024","2026-01-03"
"MEX.21.123_1","San Gregorio Atzompa","GADM2","3.6","MX","Public Good","0.20352620004463562","19.049503083068945","-98.26483661163024","2026-01-03"
"MEX.21.123_1","San Gregorio Atzompa","GADM2","3.6","MX","","0.18881087177169764","19.049503083068945","-98.26483661163024","2026-01-03"
"MEX.21.123_1","San Gregorio Atzompa","GADM2","3.6","MX","Travel","0.26617539927514505","19.049503083068945","-98.26483661163024","2026-01-03"
"MEX.15.21_1","Chapa de Mota","GADM2","3.6","MX","All","0.39710716322804657","19.858753969510722","-99.52270477887787","2026-01-03"
"MEX.15.21_1","Chapa de Mota","GADM2","3.6","MX","Retail","0.4124145480913707","19.858753969510722","-99.52270477887787","2026-01-03"
"MEX.15.21_1","Chapa de Mota","GADM2","3.6","MX","Restaurants","0.5492527859185526","19.858753969510722","-99.52270477887787","2026-01-03"
"MEX.12.17_1","Chilpancingo de los Bravo","GADM2","3.6","MX","Manufacturing","0.6703660665564216","17.3826970453053","-99.64146484253408","2026-01-03"
"MEX.12.17_1","Chilpancingo de los Bravo","GADM2","3.6","MX","Restaurants","0.2596171094161582","17.3826970453053","-99.64146484253408","2026-01-03"
"MEX.12.17_1","Chilpancingo de los Bravo","GADM2","3.6","MX","Local Events","0.22482298856269115","17.3826970453053","-99.64146484253408","2026-01-03"
"MEX.12.17_1","Chilpancingo de los Bravo","GADM2","3.6","MX","Business & Utility Services","0.32126308302461115","17.3826970453053","-99.64146484253408","2026-01-03"
"MEX.12.17_1","Chilpancingo de los Bravo","GADM2","3.6","MX","Travel","0.20847061747510903","17.3826970453053","-99.64146484253408","2026-01-03"
"MEX.12.17_1","Chilpancingo de los Bravo","GADM2","3.6","MX","Grocery & Convenience Stores","0.48810587472178535","17.3826970453053","-99.64146484253408","2026-01-03"
"MEX.12.17_1","Chilpancingo de los Bravo","GADM2","3.6","MX","Home Services","0.3743103866140252","17.3826970453053","-99.64146484253408","2026-01-03"
"MEX.12.17_1","Chilpancingo de los Bravo","GADM2","3.6","MX","","0.3166743506761031","17.3826970453053","-99.64146484253408","2026-01-03"
"MEX.12.17_1","Chilpancingo de los Bravo","GADM2","3.6","MX","All","0.2553238106158266","17.3826970453053","-99.64146484253408","2026-01-03"
"MEX.12.17_1","Chilpancingo de los Bravo","GADM2","3.6","MX","Public Good","0.13787310717340517","17.3826970453053","-99.64146484253408","2026-01-03"
"MEX.12.17_1","Chilpancingo de los Bravo","GADM2","3.6","MX","Professional Services","0.20238078333756157","17.3826970453053","-99.64146484253408","2026-01-03"
"MEX.12.17_1","Chilpancingo de los Bravo","GADM2","3.6","MX","Lifestyle Services","0.2523872019341536","17.3826970453053","-99.64146484253408","2026-01-03"
"MEX.12.17_1","Chilpancingo de los Bravo","GADM2","3.6","MX","Retail","0.3728490623022166","17.3826970453053","-99.64146484253408","2026-01-03"
"MEX.30.38_1","Chicontepec","GADM2","3.6","MX","Retail","0.5028851301855632","21.059647604774234","-98.04449044946844","2026-01-03"
"MEX.30.38_1","Chicontepec","GADM2","3.6","MX","All","0.5706077697234161","21.059647604774234","-98.04449044946844","2026-01-03"
"MEX.30.38_1","Chicontepec","GADM2","3.6","MX","Professional Services","0.48197851028848937","21.059647604774234","-98.04449044946844","2026-01-03"
"MEX.30.38_1","Chicontepec","GADM2","3.6","MX","Grocery & Convenience Stores","0.5708308656603842","21.059647604774234","-98.04449044946844","2026-01-03"
"MEX.30.38_1","Chicontepec","GADM2","3.6","MX","Restaurants","0.6774090547813737","21.059647604774234","-98.04449044946844","2026-01-03"
"MEX.30.38_1","Chicontepec","GADM2","3.6","MX","Home Services","0.4851992653958736","21.059647604774234","-98.04449044946844","2026-01-03"
"MEX.30.55_1","Coscomatepec","GADM2","3.6","MX","All","0.3743788199942252","19.055096404491643","-97.0267936652943","2026-01-03"
"MEX.30.55_1","Coscomatepec","GADM2","3.6","MX","Home Services","0.6239488978298221","19.055096404491643","-97.0267936652943","2026-01-03"
"MEX.30.55_1","Coscomatepec","GADM2","3.6","MX","Public Good","0.39046745309893616","19.055096404491643","-97.0267936652943","2026-01-03"
"MEX.30.55_1","Coscomatepec","GADM2","3.6","MX","Business & Utility Services","0.2500869088714786","19.055096404491643","-97.0267936652943","2026-01-03"
"MEX.30.55_1","Coscomatepec","GADM2","3.6","MX","Local Events","0.4487335518246264","19.055096404491643","-97.0267936652943","2026-01-03"
"MEX.30.55_1","Coscomatepec","GADM2","3.6","MX","Professional Services","0.4820801481578111","19.055096404491643","-97.0267936652943","2026-01-03"
"MEX.30.55_1","Coscomatepec","GADM2","3.6","MX","Retail","0.3975862525526373","19.055096404491643","-97.0267936652943","2026-01-03"
"MEX.30.55_1","Coscomatepec","GADM2","3.6","MX","Restaurants","0.4983537504729574","19.055096404491643","-97.0267936652943","2026-01-03"
"MEX.30.55_1","Coscomatepec","GADM2","3.6","MX","Lifestyle Services","0.4449607712022643","19.055096404491643","-97.0267936652943","2026-01-03"
"MEX.30.55_1","Coscomatepec","GADM2","3.6","MX","Grocery & Convenience Stores","0.5656453141893827","19.055096404491643","-97.0267936652943","2026-01-03"
"MEX.30.196_1","Yanga","GADM2","3.6","MX","Home Services","0.5565458698339822","18.824927618615032","-96.72937899111102","2026-01-03"
"MEX.30.196_1","Yanga","GADM2","3.6","MX","Public Good","0.3916159809478813","18.824927618615032","-96.72937899111102","2026-01-03"
"MEX.30.196_1","Yanga","GADM2","3.6","MX","Retail","0.5822013873493562","18.824927618615032","-96.72937899111102","2026-01-03"
"MEX.30.196_1","Yanga","GADM2","3.6","MX","Grocery & Convenience Stores","0.8116045581357282","18.824927618615032","-96.72937899111102","2026-01-03"
"MEX.30.196_1","Yanga","GADM2","3.6","MX","Business & Utility Services","0.5059394882841921","18.824927618615032","-96.72937899111102","2026-01-03"
"MEX.30.196_1","Yanga","GADM2","3.6","MX","Professional Services","0.3969720470697827","18.824927618615032","-96.72937899111102","2026-01-03"
"MEX.30.196_1","Yanga","GADM2","3.6","MX","Restaurants","0.29408132287770344","18.824927618615032","-96.72937899111102","2026-01-03"
"MEX.30.196_1","Yanga","GADM2","3.6","MX","Lifestyle Services","0.3789571359869626","18.824927618615032","-96.72937899111102","2026-01-03"
"MEX.30.196_1","Yanga","GADM2","3.6","MX","All","0.489248108206611","18.824927618615032","-96.72937899111102","2026-01-03"
"MEX.13.25_1","Huautla","GADM2","3.6","MX","All","0.5212717995362597","21.062536932425786","-98.21905153960532","2026-01-03"
"MEX.13.25_1","Huautla","GADM2","3.6","MX","Retail","0.3018012300631391","21.062536932425786","-98.21905153960532","2026-01-03"
"MEX.16.110_1","Zinapécuaro","GADM2","3.6","MX","Business & Utility Services","0.3168081516778475","19.861143930399766","-100.74319219775141","2026-01-03"
"MEX.16.110_1","Zinapécuaro","GADM2","3.6","MX","Public Good","0.6114919029836775","19.861143930399766","-100.74319219775141","2026-01-03"
"MEX.16.110_1","Zinapécuaro","GADM2","3.6","MX","Travel","0.5105439543659391","19.861143930399766","-100.74319219775141","2026-01-03"
"MEX.16.110_1","Zinapécuaro","GADM2","3.6","MX","Lifestyle Services","0.45993996160325573","19.861143930399766","-100.74319219775141","2026-01-03"
"MEX.16.110_1","Zinapécuaro","GADM2","3.6","MX","Retail","0.6095250691220083","19.861143930399766","-100.74319219775141","2026-01-03"
"MEX.16.110_1","Zinapécuaro","GADM2","3.6","MX","Restaurants","0.48033893595913163","19.861143930399766","-100.74319219775141","2026-01-03"
"MEX.16.110_1","Zinapécuaro","GADM2","3.6","MX","Grocery & Convenience Stores","0.6196592549395715","19.861143930399766","-100.74319219775141","2026-01-03"
"MEX.16.110_1","Zinapécuaro","GADM2","3.6","MX","Home Services","0.6358325713784071","19.861143930399766","-100.74319219775141","2026-01-03"
"MEX.16.110_1","Zinapécuaro","GADM2","3.6","MX","All","0.6100114695560492","19.861143930399766","-100.74319219775141","2026-01-03"
"MEX.16.110_1","Zinapécuaro","GADM2","3.6","MX","Professional Services","0.6094472338812487","19.861143930399766","-100.74319219775141","2026-01-03"
"MEX.30.194_1","Xico","GADM2","3.6","MX","Home Services","0.2857488797239058","19.504668679018792","-96.99473437684895","2026-01-03"
"MEX.30.194_1","Xico","GADM2","3.6","MX","Lifestyle Services","0.31687127182707264","19.504668679018792","-96.99473437684895","2026-01-03"
"MEX.30.194_1","Xico","GADM2","3.6","MX","Grocery & Convenience Stores","0.6419721324130329","19.504668679018792","-96.99473437684895","2026-01-03"
"MEX.30.194_1","Xico","GADM2","3.6","MX","Retail","0.3318955414834538","19.504668679018792","-96.99473437684895","2026-01-03"
"MEX.30.194_1","Xico","GADM2","3.6","MX","Travel","0.38697462359714235","19.504668679018792","-96.99473437684895","2026-01-03"
"MEX.30.194_1","Xico","GADM2","3.6","MX","Business & Utility Services","0.30701811193444184","19.504668679018792","-96.99473437684895","2026-01-03"
"MEX.30.194_1","Xico","GADM2","3.6","MX","","0.2396617800605505","19.504668679018792","-96.99473437684895","2026-01-03"
"MEX.30.194_1","Xico","GADM2","3.6","MX","Public Good","0.2597971762216205","19.504668679018792","-96.99473437684895","2026-01-03"
"MEX.30.194_1","Xico","GADM2","3.6","MX","All","0.26484623225404896","19.504668679018792","-96.99473437684895","2026-01-03"
"MEX.30.194_1","Xico","GADM2","3.6","MX","Local Events","0.180404120442555","19.504668679018792","-96.99473437684895","2026-01-03"
"MEX.30.194_1","Xico","GADM2","3.6","MX","Manufacturing","0.22481903891352553","19.504668679018792","-96.99473437684895","2026-01-03"
"MEX.30.194_1","Xico","GADM2","3.6","MX","Professional Services","0.29420108527788374","19.504668679018792","-96.99473437684895","2026-01-03"
"MEX.30.194_1","Xico","GADM2","3.6","MX","Restaurants","0.1954378015916868","19.504668679018792","-96.99473437684895","2026-01-03"
"MEX.21.56_1","Cuayuca de Andrade","GADM2","3.6","MX","All","0.2863707486377038","18.517600243224955","-98.0846052012468","2026-01-03"
"MEX.20.8_1","Dist. Ixtlan","GADM2","3.6","MX","Local Events","0.43456377532142004","17.54232147534469","-96.54734356324252","2026-01-03"
"MEX.20.8_1","Dist. Ixtlan","GADM2","3.6","MX","All","0.3936740130275555","17.54232147534469","-96.54734356324252","2026-01-03"
"MEX.20.8_1","Dist. Ixtlan","GADM2","3.6","MX","Home Services","0.565237116344843","17.54232147534469","-96.54734356324252","2026-01-03"
"MEX.20.8_1","Dist. Ixtlan","GADM2","3.6","MX","Professional Services","0.25068882534094533","17.54232147534469","-96.54734356324252","2026-01-03"
"MEX.20.8_1","Dist. Ixtlan","GADM2","3.6","MX","Restaurants","0.7253779190588707","17.54232147534469","-96.54734356324252","2026-01-03"
"MEX.20.8_1","Dist. Ixtlan","GADM2","3.6","MX","Retail","0.3316055246752545","17.54232147534469","-96.54734356324252","2026-01-03"
"MEX.24.16_1","Ebano","GADM2","3.6","MX","Grocery & Convenience Stores","0.3369131956623845","22.183598131384862","-98.53629848503928","2026-01-03"
"MEX.24.16_1","Ebano","GADM2","3.6","MX","All","0.3702354667706264","22.183598131384862","-98.53629848503928","2026-01-03"
"MEX.24.16_1","Ebano","GADM2","3.6","MX","Restaurants","0.19914426366896013","22.183598131384862","-98.53629848503928","2026-01-03"
"MEX.24.16_1","Ebano","GADM2","3.6","MX","Professional Services","0.6983837531489595","22.183598131384862","-98.53629848503928","2026-01-03"
"MEX.24.16_1","Ebano","GADM2","3.6","MX","Home Services","0.5578623550750129","22.183598131384862","-98.53629848503928","2026-01-03"
"MEX.24.16_1","Ebano","GADM2","3.6","MX","Lifestyle Services","0.7040234086332575","22.183598131384862","-98.53629848503928","2026-01-03"
"MEX.24.16_1","Ebano","GADM2","3.6","MX","Retail","0.36951625844523217","22.183598131384862","-98.53629848503928","2026-01-03"
"MEX.11.15_1","Huanímaro","GADM2","3.6","MX","Retail","0.3364416035378702","20.3694949538824","-101.50859283988436","2026-01-03"
"MEX.11.15_1","Huanímaro","GADM2","3.6","MX","Professional Services","0.5006050107537182","20.3694949538824","-101.50859283988436","2026-01-03"
"MEX.11.15_1","Huanímaro","GADM2","3.6","MX","Home Services","0.5603396201703921","20.3694949538824","-101.50859283988436","2026-01-03"
"MEX.11.15_1","Huanímaro","GADM2","3.6","MX","Restaurants","0.3400494600258034","20.3694949538824","-101.50859283988436","2026-01-03"
"MEX.11.15_1","Huanímaro","GADM2","3.6","MX","All","0.3629288186753449","20.3694949538824","-101.50859283988436","2026-01-03"
"MEX.11.24_1","Pueblo Nuevo","GADM2","3.6","MX","All","0.36977539812681864","20.55204525297415","-101.35315147617113","2026-01-03"
"MEX.21.45_1","Coatzingo","GADM2","3.6","MX","All","0.36170359634446075","18.63987787458325","-98.04708282320712","2026-01-03"
"MEX.21.138_1","San Pedro Cholula","GADM2","3.6","MX","","0.360695676669729","19.09549000817343","-98.24093364912788","2026-01-03"
"MEX.21.138_1","San Pedro Cholula","GADM2","3.6","MX","Business & Utility Services","0.35778131461049234","19.09549000817343","-98.24093364912788","2026-01-03"
"MEX.21.138_1","San Pedro Cholula","GADM2","3.6","MX","Local Events","0.2544610389080167","19.09549000817343","-98.24093364912788","2026-01-03"
"MEX.21.138_1","San Pedro Cholula","GADM2","3.6","MX","Grocery & Convenience Stores","0.44993369905110336","19.09549000817343","-98.24093364912788","2026-01-03"
"MEX.21.138_1","San Pedro Cholula","GADM2","3.6","MX","Professional Services","0.3266107571348243","19.09549000817343","-98.24093364912788","2026-01-03"
"MEX.21.138_1","San Pedro Cholula","GADM2","3.6","MX","Public Good","0.33105342150195455","19.09549000817343","-98.24093364912788","2026-01-03"
"MEX.21.138_1","San Pedro Cholula","GADM2","3.6","MX","Lifestyle Services","0.2774012292679392","19.09549000817343","-98.24093364912788","2026-01-03"
"MEX.21.138_1","San Pedro Cholula","GADM2","3.6","MX","Home Services","0.37015726328017884","19.09549000817343","-98.24093364912788","2026-01-03"
"MEX.21.138_1","San Pedro Cholula","GADM2","3.6","MX","Retail","0.314517332262564","19.09549000817343","-98.24093364912788","2026-01-03"
"MEX.21.138_1","San Pedro Cholula","GADM2","3.6","MX","Restaurants","0.31644877930942705","19.09549000817343","-98.24093364912788","2026-01-03"
"MEX.21.138_1","San Pedro Cholula","GADM2","3.6","MX","Travel","0.5296151323502233","19.09549000817343","-98.24093364912788","2026-01-03"
"MEX.21.138_1","San Pedro Cholula","GADM2","3.6","MX","All","0.29655161104948535","19.09549000817343","-98.24093364912788","2026-01-03"
"MEX.21.138_1","San Pedro Cholula","GADM2","3.6","MX","Manufacturing","0.3875124993008122","19.09549000817343","-98.24093364912788","2026-01-03"
"MEX.20.2_1","Coixtlahuaca","GADM2","3.6","MX","All","0.5238792947742552","17.891850061661025","-97.30181990096635","2026-01-03"
"MEX.21.177_1","Tlahuapan","GADM2","3.6","MX","All","0.5423176028976303","19.377548123949516","-98.51920307103488","2026-01-03"
"MEX.21.177_1","Tlahuapan","GADM2","3.6","MX","Home Services","0.6695386981746978","19.377548123949516","-98.51920307103488","2026-01-03"
"MEX.21.177_1","Tlahuapan","GADM2","3.6","MX","Restaurants","0.3607077708433793","19.377548123949516","-98.51920307103488","2026-01-03"
"MEX.21.177_1","Tlahuapan","GADM2","3.6","MX","Lifestyle Services","0.4515800419428277","19.377548123949516","-98.51920307103488","2026-01-03"
"MEX.21.177_1","Tlahuapan","GADM2","3.6","MX","Business & Utility Services","0.3033523634756227","19.377548123949516","-98.51920307103488","2026-01-03"
"MEX.21.177_1","Tlahuapan","GADM2","3.6","MX","Public Good","0.4631305947673935","19.377548123949516","-98.51920307103488","2026-01-03"
"MEX.21.177_1","Tlahuapan","GADM2","3.6","MX","Grocery & Convenience Stores","0.6786276793438452","19.377548123949516","-98.51920307103488","2026-01-03"
"MEX.21.177_1","Tlahuapan","GADM2","3.6","MX","Local Events","0.7302295763602681","19.377548123949516","-98.51920307103488","2026-01-03"
"MEX.21.177_1","Tlahuapan","GADM2","3.6","MX","Professional Services","0.3943824429171031","19.377548123949516","-98.51920307103488","2026-01-03"
"MEX.21.177_1","Tlahuapan","GADM2","3.6","MX","Retail","0.6057760594292775","19.377548123949516","-98.51920307103488","2026-01-03"
"MEX.12.36_1","Iguala de la Independencia","GADM2","3.6","MX","Grocery & Convenience Stores","0.7541008543493221","18.21840736471171","-99.52154583774907","2026-01-03"
"MEX.12.36_1","Iguala de la Independencia","GADM2","3.6","MX","Professional Services","0.25074739681944436","18.21840736471171","-99.52154583774907","2026-01-03"
"MEX.12.36_1","Iguala de la Independencia","GADM2","3.6","MX","Local Events","0.597890336017956","18.21840736471171","-99.52154583774907","2026-01-03"
"MEX.12.36_1","Iguala de la Independencia","GADM2","3.6","MX","Retail","0.436635327680751","18.21840736471171","-99.52154583774907","2026-01-03"
"MEX.12.36_1","Iguala de la Independencia","GADM2","3.6","MX","Manufacturing","0.29839470013161645","18.21840736471171","-99.52154583774907","2026-01-03"
"MEX.12.36_1","Iguala de la Independencia","GADM2","3.6","MX","Business & Utility Services","0.36443593710878686","18.21840736471171","-99.52154583774907","2026-01-03"
"MEX.12.36_1","Iguala de la Independencia","GADM2","3.6","MX","Home Services","0.507937175977317","18.21840736471171","-99.52154583774907","2026-01-03"
"MEX.12.36_1","Iguala de la Independencia","GADM2","3.6","MX","Public Good","0.3337406303009774","18.21840736471171","-99.52154583774907","2026-01-03"
"MEX.12.36_1","Iguala de la Independencia","GADM2","3.6","MX","Restaurants","0.2438502261914346","18.21840736471171","-99.52154583774907","2026-01-03"
"MEX.12.36_1","Iguala de la Independencia","GADM2","3.6","MX","All","0.3351432368662813","18.21840736471171","-99.52154583774907","2026-01-03"
"MEX.12.36_1","Iguala de la Independencia","GADM2","3.6","MX","Lifestyle Services","0.34519180721816456","18.21840736471171","-99.52154583774907","2026-01-03"
"MEX.12.36_1","Iguala de la Independencia","GADM2","3.6","MX","Travel","0.3435404928457507","18.21840736471171","-99.52154583774907","2026-01-03"
"MEX.12.36_1","Iguala de la Independencia","GADM2","3.6","MX","","0.4488457665455852","18.21840736471171","-99.52154583774907","2026-01-03"
"MEX.30.123_1","Pajapan","GADM2","3.6","MX","All","0.32588763313476515","18.188844404382806","-94.69119350457802","2026-01-03"
"MEX.24.29_1","San Luis Potosí","GADM2","3.6","MX","Public Good","0.15436670435006625","22.267394752628633","-101.00422732482147","2026-01-03"
"MEX.24.29_1","San Luis Potosí","GADM2","3.6","MX","Business & Utility Services","0.33043737655195565","22.267394752628633","-101.00422732482147","2026-01-03"
"MEX.24.29_1","San Luis Potosí","GADM2","3.6","MX","Grocery & Convenience Stores","0.5419147216160399","22.267394752628633","-101.00422732482147","2026-01-03"
"MEX.24.29_1","San Luis Potosí","GADM2","3.6","MX","","0.25560661771343335","22.267394752628633","-101.00422732482147","2026-01-03"
"MEX.24.29_1","San Luis Potosí","GADM2","3.6","MX","All","0.2625091735808089","22.267394752628633","-101.00422732482147","2026-01-03"
"MEX.24.29_1","San Luis Potosí","GADM2","3.6","MX","Professional Services","0.27187318411824035","22.267394752628633","-101.00422732482147","2026-01-03"
"MEX.24.29_1","San Luis Potosí","GADM2","3.6","MX","Retail","0.2577037699282369","22.267394752628633","-101.00422732482147","2026-01-03"
"MEX.24.29_1","San Luis Potosí","GADM2","3.6","MX","Restaurants","0.252824890639596","22.267394752628633","-101.00422732482147","2026-01-03"
"MEX.24.29_1","San Luis Potosí","GADM2","3.6","MX","Travel","0.4234351473757822","22.267394752628633","-101.00422732482147","2026-01-03"
"MEX.24.29_1","San Luis Potosí","GADM2","3.6","MX","Lifestyle Services","0.22027773652078755","22.267394752628633","-101.00422732482147","2026-01-03"
"MEX.24.29_1","San Luis Potosí","GADM2","3.6","MX","Home Services","0.29728215162788035","22.267394752628633","-101.00422732482147","2026-01-03"
"MEX.24.29_1","San Luis Potosí","GADM2","3.6","MX","Manufacturing","0.1497387051686581","22.267394752628633","-101.00422732482147","2026-01-03"
"MEX.24.29_1","San Luis Potosí","GADM2","3.6","MX","Local Events","0.18532172772479685","22.267394752628633","-101.00422732482147","2026-01-03"
"MEX.21.95_1","Los Reyes de Juárez","GADM2","3.6","MX","All","0.5724882647884016","18.999555400054515","-97.70209055152633","2026-01-03"
"MEX.17.2_1","Atlatlahucan","GADM2","3.6","MX","Retail","0.30096011678534795","18.9242094425331","-98.84811383807401","2026-01-03"
"MEX.17.2_1","Atlatlahucan","GADM2","3.6","MX","Public Good","0.815306455044882","18.9242094425331","-98.84811383807401","2026-01-03"
"MEX.17.2_1","Atlatlahucan","GADM2","3.6","MX","Professional Services","0.43024399067437374","18.9242094425331","-98.84811383807401","2026-01-03"
"MEX.17.2_1","Atlatlahucan","GADM2","3.6","MX","Lifestyle Services","0.39937124216899095","18.9242094425331","-98.84811383807401","2026-01-03"
"MEX.17.2_1","Atlatlahucan","GADM2","3.6","MX","Business & Utility Services","0.46443052609216123","18.9242094425331","-98.84811383807401","2026-01-03"
"MEX.17.2_1","Atlatlahucan","GADM2","3.6","MX","All","0.2824563515114483","18.9242094425331","-98.84811383807401","2026-01-03"
"MEX.17.2_1","Atlatlahucan","GADM2","3.6","MX","Grocery & Convenience Stores","0.2601455609973958","18.9242094425331","-98.84811383807401","2026-01-03"
"MEX.17.2_1","Atlatlahucan","GADM2","3.6","MX","Restaurants","0.3967372201896239","18.9242094425331","-98.84811383807401","2026-01-03"
"MEX.17.2_1","Atlatlahucan","GADM2","3.6","MX","Home Services","0.3755871333410959","18.9242094425331","-98.84811383807401","2026-01-03"
"MEX.17.24_1","Tlalnepantla","GADM2","3.6","MX","All","0.39763144615312396","19.01878723975796","-98.94834859829871","2026-01-03"
"MEX.17.24_1","Tlalnepantla","GADM2","3.6","MX","Restaurants","0.33860521378114916","19.01878723975796","-98.94834859829871","2026-01-03"
"MEX.17.24_1","Tlalnepantla","GADM2","3.6","MX","Retail","0.5255965927174664","19.01878723975796","-98.94834859829871","2026-01-03"
"MEX.14.51_1","Jesús María","GADM2","3.6","MX","Grocery & Convenience Stores","0.356649318757088","20.59530776317373","-102.13868646753747","2026-01-03"
"MEX.14.51_1","Jesús María","GADM2","3.6","MX","Retail","0.5692293336843269","20.59530776317373","-102.13868646753747","2026-01-03"
"MEX.14.51_1","Jesús María","GADM2","3.6","MX","Professional Services","0.1835255859161426","20.59530776317373","-102.13868646753747","2026-01-03"
"MEX.14.51_1","Jesús María","GADM2","3.6","MX","Business & Utility Services","0.5064272540592475","20.59530776317373","-102.13868646753747","2026-01-03"
"MEX.14.51_1","Jesús María","GADM2","3.6","MX","Restaurants","0.5942396851130489","20.59530776317373","-102.13868646753747","2026-01-03"
"MEX.14.51_1","Jesús María","GADM2","3.6","MX","All","0.4699472062991187","20.59530776317373","-102.13868646753747","2026-01-03"
"MEX.21.145_1","Santa Inés Ahuatempan","GADM2","3.6","MX","Professional Services","0.32840829537682764","18.478748270610875","-97.90187997281116","2026-01-03"
"MEX.21.145_1","Santa Inés Ahuatempan","GADM2","3.6","MX","Restaurants","0.46686277936879783","18.478748270610875","-97.90187997281116","2026-01-03"
"MEX.21.145_1","Santa Inés Ahuatempan","GADM2","3.6","MX","Home Services","0.6465326626883053","18.478748270610875","-97.90187997281116","2026-01-03"
"MEX.21.145_1","Santa Inés Ahuatempan","GADM2","3.6","MX","Grocery & Convenience Stores","0.4941303433170529","18.478748270610875","-97.90187997281116","2026-01-03"
"MEX.21.145_1","Santa Inés Ahuatempan","GADM2","3.6","MX","Retail","0.32784557856029156","18.478748270610875","-97.90187997281116","2026-01-03"
"MEX.21.145_1","Santa Inés Ahuatempan","GADM2","3.6","MX","All","0.410358920448417","18.478748270610875","-97.90187997281116","2026-01-03"
"MEX.28.9_1","Ciudad Madero","GADM2","3.6","MX","Public Good","0.45113222878429965","22.263147530190327","-97.81893856559728","2026-01-03"
"MEX.28.9_1","Ciudad Madero","GADM2","3.6","MX","Manufacturing","0.42116461885141365","22.263147530190327","-97.81893856559728","2026-01-03"
"MEX.28.9_1","Ciudad Madero","GADM2","3.6","MX","Home Services","0.32119198641467045","22.263147530190327","-97.81893856559728","2026-01-03"
"MEX.28.9_1","Ciudad Madero","GADM2","3.6","MX","All","0.30011294447514253","22.263147530190327","-97.81893856559728","2026-01-03"
"MEX.28.9_1","Ciudad Madero","GADM2","3.6","MX","Restaurants","0.49265171614006437","22.263147530190327","-97.81893856559728","2026-01-03"
"MEX.28.9_1","Ciudad Madero","GADM2","3.6","MX","Travel","0.5578755180746263","22.263147530190327","-97.81893856559728","2026-01-03"
"MEX.28.9_1","Ciudad Madero","GADM2","3.6","MX","Grocery & Convenience Stores","0.634713900383338","22.263147530190327","-97.81893856559728","2026-01-03"
"MEX.28.9_1","Ciudad Madero","GADM2","3.6","MX","Business & Utility Services","0.34972944420367913","22.263147530190327","-97.81893856559728","2026-01-03"
"MEX.28.9_1","Ciudad Madero","GADM2","3.6","MX","","0.3285860379503685","22.263147530190327","-97.81893856559728","2026-01-03"
"MEX.28.9_1","Ciudad Madero","GADM2","3.6","MX","Professional Services","0.2928874326005401","22.263147530190327","-97.81893856559728","2026-01-03"
"MEX.28.9_1","Ciudad Madero","GADM2","3.6","MX","Lifestyle Services","0.32781385247049666","22.263147530190327","-97.81893856559728","2026-01-03"
"MEX.28.9_1","Ciudad Madero","GADM2","3.6","MX","Local Events","0.24093774615705005","22.263147530190327","-97.81893856559728","2026-01-03"
"MEX.28.9_1","Ciudad Madero","GADM2","3.6","MX","Retail","0.28186286726448767","22.263147530190327","-97.81893856559728","2026-01-03"
"MEX.11.9_1","Coroneo","GADM2","3.6","MX","All","0.36331821929930025","20.2121231941709","-100.40317643873561","2026-01-03"
"MEX.11.9_1","Coroneo","GADM2","3.6","MX","Retail","0.6022175083731112","20.2121231941709","-100.40317643873561","2026-01-03"
"MEX.11.37_1","Silao","GADM2","3.6","MX","Professional Services","0.4423111724808903","20.943946737912878","-101.46607196565117","2026-01-03"
"MEX.11.37_1","Silao","GADM2","3.6","MX","Public Good","0.27753860784060286","20.943946737912878","-101.46607196565117","2026-01-03"
"MEX.11.37_1","Silao","GADM2","3.6","MX","Restaurants","0.373087599408378","20.943946737912878","-101.46607196565117","2026-01-03"
"MEX.11.37_1","Silao","GADM2","3.6","MX","Local Events","0.2631582975747487","20.943946737912878","-101.46607196565117","2026-01-03"
"MEX.11.37_1","Silao","GADM2","3.6","MX","Travel","0.3691749224039285","20.943946737912878","-101.46607196565117","2026-01-03"
"MEX.11.37_1","Silao","GADM2","3.6","MX","","0.5851010487091465","20.943946737912878","-101.46607196565117","2026-01-03"
"MEX.11.37_1","Silao","GADM2","3.6","MX","Business & Utility Services","0.43487150647900513","20.943946737912878","-101.46607196565117","2026-01-03"
"MEX.11.37_1","Silao","GADM2","3.6","MX","All","0.37087687474279835","20.943946737912878","-101.46607196565117","2026-01-03"
"MEX.11.37_1","Silao","GADM2","3.6","MX","Grocery & Convenience Stores","0.6015809199308423","20.943946737912878","-101.46607196565117","2026-01-03"
"MEX.11.37_1","Silao","GADM2","3.6","MX","Home Services","0.36538566565351094","20.943946737912878","-101.46607196565117","2026-01-03"
"MEX.11.37_1","Silao","GADM2","3.6","MX","Manufacturing","0.6995327112570155","20.943946737912878","-101.46607196565117","2026-01-03"
"MEX.11.37_1","Silao","GADM2","3.6","MX","Lifestyle Services","0.38385553982508736","20.943946737912878","-101.46607196565117","2026-01-03"
"MEX.11.37_1","Silao","GADM2","3.6","MX","Retail","0.5277925762548359","20.943946737912878","-101.46607196565117","2026-01-03"
"MEX.30.140_1","San Andrés Tuxtla","GADM2","3.6","MX","Restaurants","0.19513231009245033","18.495820230311185","-95.21633958497381","2026-01-03"
"MEX.30.140_1","San Andrés Tuxtla","GADM2","3.6","MX","Travel","0.6751556779006833","18.495820230311185","-95.21633958497381","2026-01-03"
"MEX.30.140_1","San Andrés Tuxtla","GADM2","3.6","MX","All","0.3476217305919292","18.495820230311185","-95.21633958497381","2026-01-03"
"MEX.30.140_1","San Andrés Tuxtla","GADM2","3.6","MX","Public Good","0.34173608103850867","18.495820230311185","-95.21633958497381","2026-01-03"
"MEX.30.140_1","San Andrés Tuxtla","GADM2","3.6","MX","Retail","0.42901411746479867","18.495820230311185","-95.21633958497381","2026-01-03"
"MEX.30.140_1","San Andrés Tuxtla","GADM2","3.6","MX","Business & Utility Services","0.47044700587105653","18.495820230311185","-95.21633958497381","2026-01-03"
"MEX.30.140_1","San Andrés Tuxtla","GADM2","3.6","MX","Home Services","0.4487060237018517","18.495820230311185","-95.21633958497381","2026-01-03"
"MEX.30.140_1","San Andrés Tuxtla","GADM2","3.6","MX","Local Events","0.43421265784422564","18.495820230311185","-95.21633958497381","2026-01-03"
"MEX.30.140_1","San Andrés Tuxtla","GADM2","3.6","MX","Professional Services","0.2487095755331519","18.495820230311185","-95.21633958497381","2026-01-03"
"MEX.30.140_1","San Andrés Tuxtla","GADM2","3.6","MX","Grocery & Convenience Stores","0.5627404954884597","18.495820230311185","-95.21633958497381","2026-01-03"
"MEX.30.140_1","San Andrés Tuxtla","GADM2","3.6","MX","Lifestyle Services","0.33902365697737924","18.495820230311185","-95.21633958497381","2026-01-03"
"MEX.30.140_1","San Andrés Tuxtla","GADM2","3.6","MX","Manufacturing","0.5110206384827777","18.495820230311185","-95.21633958497381","2026-01-03"
"MEX.21.106_1","Olintla","GADM2","3.6","MX","All","0.49216201373118545","20.16009224254457","-97.60868953236042","2026-01-03"
"MEX.21.106_1","Olintla","GADM2","3.6","MX","Retail","0.3701605991571761","20.16009224254457","-97.60868953236042","2026-01-03"
"MEX.21.106_1","Olintla","GADM2","3.6","MX","Restaurants","0.36693901864759443","20.16009224254457","-97.60868953236042","2026-01-03"
"MEX.21.106_1","Olintla","GADM2","3.6","MX","Professional Services","0.5693147528007231","20.16009224254457","-97.60868953236042","2026-01-03"
"MEX.20.25_1","Dist. Tlaxiaco","GADM2","3.6","MX","Home Services","0.7708268447729825","17.22345965968192","-97.56381874338139","2026-01-03"
"MEX.20.25_1","Dist. Tlaxiaco","GADM2","3.6","MX","Retail","0.3859182036017295","17.22345965968192","-97.56381874338139","2026-01-03"
"MEX.20.25_1","Dist. Tlaxiaco","GADM2","3.6","MX","Business & Utility Services","0.5256873099447678","17.22345965968192","-97.56381874338139","2026-01-03"
"MEX.20.25_1","Dist. Tlaxiaco","GADM2","3.6","MX","Local Events","0.6938634489476344","17.22345965968192","-97.56381874338139","2026-01-03"
"MEX.20.25_1","Dist. Tlaxiaco","GADM2","3.6","MX","All","0.4528618327804523","17.22345965968192","-97.56381874338139","2026-01-03"
"MEX.20.25_1","Dist. Tlaxiaco","GADM2","3.6","MX","Restaurants","0.41063473475918916","17.22345965968192","-97.56381874338139","2026-01-03"
"MEX.20.25_1","Dist. Tlaxiaco","GADM2","3.6","MX","","0.2505192228806542","17.22345965968192","-97.56381874338139","2026-01-03"
"MEX.20.25_1","Dist. Tlaxiaco","GADM2","3.6","MX","Public Good","0.2108211504533491","17.22345965968192","-97.56381874338139","2026-01-03"
"MEX.20.25_1","Dist. Tlaxiaco","GADM2","3.6","MX","Lifestyle Services","0.542201964874227","17.22345965968192","-97.56381874338139","2026-01-03"
"MEX.20.25_1","Dist. Tlaxiaco","GADM2","3.6","MX","Travel","0.5712743493658138","17.22345965968192","-97.56381874338139","2026-01-03"
"MEX.20.25_1","Dist. Tlaxiaco","GADM2","3.6","MX","Grocery & Convenience Stores","0.6408662175775169","17.22345965968192","-97.56381874338139","2026-01-03"
"MEX.20.25_1","Dist. Tlaxiaco","GADM2","3.6","MX","Professional Services","0.4144682484100809","17.22345965968192","-97.56381874338139","2026-01-03"
"MEX.15.61_1","Nextlalpan","GADM2","3.6","MX","Business & Utility Services","0.38882622173083303","19.65936337973572","-99.04025797875364","2026-01-03"
"MEX.15.61_1","Nextlalpan","GADM2","3.6","MX","Restaurants","0.5585988912947476","19.65936337973572","-99.04025797875364","2026-01-03"
"MEX.15.61_1","Nextlalpan","GADM2","3.6","MX","Home Services","0.29513385652932583","19.65936337973572","-99.04025797875364","2026-01-03"
"MEX.15.61_1","Nextlalpan","GADM2","3.6","MX","Public Good","0.4366579683084349","19.65936337973572","-99.04025797875364","2026-01-03"
"MEX.15.61_1","Nextlalpan","GADM2","3.6","MX","Local Events","0.5087107953150315","19.65936337973572","-99.04025797875364","2026-01-03"
"MEX.15.61_1","Nextlalpan","GADM2","3.6","MX","Lifestyle Services","0.2868250341462913","19.65936337973572","-99.04025797875364","2026-01-03"
"MEX.15.61_1","Nextlalpan","GADM2","3.6","MX","All","0.390426079844686","19.65936337973572","-99.04025797875364","2026-01-03"
"MEX.15.61_1","Nextlalpan","GADM2","3.6","MX","Professional Services","0.37569143825862766","19.65936337973572","-99.04025797875364","2026-01-03"
"MEX.15.61_1","Nextlalpan","GADM2","3.6","MX","Retail","0.6292843785108039","19.65936337973572","-99.04025797875364","2026-01-03"
"MEX.15.61_1","Nextlalpan","GADM2","3.6","MX","Grocery & Convenience Stores","0.19029999293755195","19.65936337973572","-99.04025797875364","2026-01-03"
"MEX.21.108_1","Pahuatlán","GADM2","3.6","MX","All","0.5323333785269014","20.34359617907198","-98.06072685388185","2026-01-03"
"MEX.15.55_1","Malinalco","GADM2","3.6","MX","All","0.22253389733452816","18.800413551643594","-99.45202481363762","2026-01-03"
"MEX.12.37_1","Igualapa","GADM2","3.6","MX","Restaurants","0.5278396693837698","16.835637405898904","-98.43341331206254","2026-01-03"
"MEX.12.37_1","Igualapa","GADM2","3.6","MX","Business & Utility Services","0.4037605413927276","16.835637405898904","-98.43341331206254","2026-01-03"
"MEX.12.37_1","Igualapa","GADM2","3.6","MX","Public Good","0.4634703014511953","16.835637405898904","-98.43341331206254","2026-01-03"
"MEX.12.37_1","Igualapa","GADM2","3.6","MX","All","0.3250082345261099","16.835637405898904","-98.43341331206254","2026-01-03"
"MEX.12.37_1","Igualapa","GADM2","3.6","MX","Retail","0.32632462666711703","16.835637405898904","-98.43341331206254","2026-01-03"
"MEX.12.37_1","Igualapa","GADM2","3.6","MX","Lifestyle Services","0.2934923230121828","16.835637405898904","-98.43341331206254","2026-01-03"
"MEX.12.37_1","Igualapa","GADM2","3.6","MX","Professional Services","0.24081350555541794","16.835637405898904","-98.43341331206254","2026-01-03"
"MEX.12.37_1","Igualapa","GADM2","3.6","MX","Grocery & Convenience Stores","0.32999696099958575","16.835637405898904","-98.43341331206254","2026-01-03"
"MEX.12.37_1","Igualapa","GADM2","3.6","MX","Home Services","0.438185182382968","16.835637405898904","-98.43341331206254","2026-01-03"
"MEX.16.80_1","Santa Ana Maya","GADM2","3.6","MX","Professional Services","0.39746315338008525","20.028855299189825","-101.0498822780228","2026-01-03"
"MEX.16.80_1","Santa Ana Maya","GADM2","3.6","MX","All","0.4134205352010048","20.028855299189825","-101.0498822780228","2026-01-03"
"MEX.16.80_1","Santa Ana Maya","GADM2","3.6","MX","Retail","0.3550319083847147","20.028855299189825","-101.0498822780228","2026-01-03"
"MEX.16.80_1","Santa Ana Maya","GADM2","3.6","MX","Home Services","0.46436065572487345","20.028855299189825","-101.0498822780228","2026-01-03"
"MEX.21.209_1","Zautla","GADM2","3.6","MX","Restaurants","0.4626248856053178","19.726978184089656","-97.56509771659508","2026-01-03"
"MEX.21.209_1","Zautla","GADM2","3.6","MX","Professional Services","0.4609264673907081","19.726978184089656","-97.56509771659508","2026-01-03"
"MEX.21.209_1","Zautla","GADM2","3.6","MX","Retail","0.4407740528606813","19.726978184089656","-97.56509771659508","2026-01-03"
"MEX.21.209_1","Zautla","GADM2","3.6","MX","Lifestyle Services","0.3335348118026202","19.726978184089656","-97.56509771659508","2026-01-03"
"MEX.21.209_1","Zautla","GADM2","3.6","MX","Grocery & Convenience Stores","0.7355561717890035","19.726978184089656","-97.56509771659508","2026-01-03"
"MEX.21.209_1","Zautla","GADM2","3.6","MX","All","0.383114273042725","19.726978184089656","-97.56509771659508","2026-01-03"
"MEX.21.209_1","Zautla","GADM2","3.6","MX","Home Services","0.5371498279579295","19.726978184089656","-97.56509771659508","2026-01-03"
"MEX.21.209_1","Zautla","GADM2","3.6","MX","Business & Utility Services","0.2291943281627228","19.726978184089656","-97.56509771659508","2026-01-03"
"MEX.30.190_1","Vega de Alatorre","GADM2","3.6","MX","Lifestyle Services","0.39721880384341157","19.954316959197893","-96.60872962923142","2026-01-03"
"MEX.30.190_1","Vega de Alatorre","GADM2","3.6","MX","Retail","0.5508224024676339","19.954316959197893","-96.60872962923142","2026-01-03"
"MEX.30.190_1","Vega de Alatorre","GADM2","3.6","MX","All","0.5141515981189742","19.954316959197893","-96.60872962923142","2026-01-03"
"MEX.15.19_1","Capulhuac","GADM2","3.6","MX","All","0.4741053296975119","19.14592909686613","-99.4295591681159","2026-01-03"
"MEX.21.150_1","Tecali de Herrera","GADM2","3.6","MX","Business & Utility Services","0.35678534239585724","18.930516886451986","-97.84922048629738","2026-01-03"
"MEX.21.150_1","Tecali de Herrera","GADM2","3.6","MX","Public Good","0.7527000568266778","18.930516886451986","-97.84922048629738","2026-01-03"
"MEX.21.150_1","Tecali de Herrera","GADM2","3.6","MX","Retail","0.6442575737363635","18.930516886451986","-97.84922048629738","2026-01-03"
"MEX.21.150_1","Tecali de Herrera","GADM2","3.6","MX","Professional Services","0.43935124856586877","18.930516886451986","-97.84922048629738","2026-01-03"
"MEX.11.40_1","Tierra Blanca","GADM2","3.6","MX","All","0.30970170413809966","21.03344508803058","-100.20939531662867","2026-01-03"
"MEX.16.90_1","Tingambato","GADM2","3.6","MX","All","0.4445177591330303","19.507383432113254","-101.87378234549817","2026-01-03"
"MEX.16.90_1","Tingambato","GADM2","3.6","MX","Retail","0.5262284140817298","19.507383432113254","-101.87378234549817","2026-01-03"
"MEX.21.57_1","Cuetzalan del Progreso","GADM2","3.6","MX","All","0.6688483879611038","20.06607806870511","-97.40527185831786","2026-01-03"
"MEX.21.161_1","Tepeaca","GADM2","3.6","MX","Retail","0.6487912315592332","19.05302775701677","-97.76367759867551","2026-01-03"
"MEX.21.161_1","Tepeaca","GADM2","3.6","MX","All","0.6261609194450211","19.05302775701677","-97.76367759867551","2026-01-03"
"MEX.21.161_1","Tepeaca","GADM2","3.6","MX","Professional Services","0.6187993080811057","19.05302775701677","-97.76367759867551","2026-01-03"
"MEX.21.161_1","Tepeaca","GADM2","3.6","MX","Restaurants","0.4906450404728138","19.05302775701677","-97.76367759867551","2026-01-03"
"MEX.30.126_1","Paso de Ovejas","GADM2","3.6","MX","Home Services","0.5513063655229926","19.244175848692475","-96.41343967846196","2026-01-03"
"MEX.30.126_1","Paso de Ovejas","GADM2","3.6","MX","Retail","0.2785688092937666","19.244175848692475","-96.41343967846196","2026-01-03"
"MEX.30.126_1","Paso de Ovejas","GADM2","3.6","MX","Restaurants","0.31890575008840816","19.244175848692475","-96.41343967846196","2026-01-03"
"MEX.30.126_1","Paso de Ovejas","GADM2","3.6","MX","All","0.336819734814375","19.244175848692475","-96.41343967846196","2026-01-03"
"MEX.30.48_1","Coatzintla","GADM2","3.6","MX","Professional Services","0.34341761242713753","20.46603521787295","-97.5025984206886","2026-01-03"
"MEX.30.48_1","Coatzintla","GADM2","3.6","MX","Local Events","0.6974341064286212","20.46603521787295","-97.5025984206886","2026-01-03"
"MEX.30.48_1","Coatzintla","GADM2","3.6","MX","All","0.46708633934727484","20.46603521787295","-97.5025984206886","2026-01-03"
"MEX.30.48_1","Coatzintla","GADM2","3.6","MX","Lifestyle Services","0.32802202120919904","20.46603521787295","-97.5025984206886","2026-01-03"
"MEX.30.48_1","Coatzintla","GADM2","3.6","MX","Grocery & Convenience Stores","0.5437559899560013","20.46603521787295","-97.5025984206886","2026-01-03"
"MEX.30.48_1","Coatzintla","GADM2","3.6","MX","Public Good","0.5286855766566082","20.46603521787295","-97.5025984206886","2026-01-03"
"MEX.30.48_1","Coatzintla","GADM2","3.6","MX","Business & Utility Services","0.501033692128924","20.46603521787295","-97.5025984206886","2026-01-03"
"MEX.30.48_1","Coatzintla","GADM2","3.6","MX","Home Services","0.30675487612971475","20.46603521787295","-97.5025984206886","2026-01-03"
"MEX.30.48_1","Coatzintla","GADM2","3.6","MX","Restaurants","0.6265214175715893","20.46603521787295","-97.5025984206886","2026-01-03"
"MEX.30.48_1","Coatzintla","GADM2","3.6","MX","Retail","0.4811183145163677","20.46603521787295","-97.5025984206886","2026-01-03"
"MEX.24.31_1","San Nicolás Tolentino","GADM2","3.6","MX","All","0.5436419120919346","22.149182718031806","-100.47546980511203","2026-01-03"
"MEX.13.52_1","San Bartolo Tutotepec","GADM2","3.6","MX","Retail","0.6679701302826277","20.470600403991863","-98.1477317407718","2026-01-03"
"MEX.13.52_1","San Bartolo Tutotepec","GADM2","3.6","MX","All","0.6894749101905061","20.470600403991863","-98.1477317407718","2026-01-03"
"MEX.13.52_1","San Bartolo Tutotepec","GADM2","3.6","MX","Public Good","0.17600030570341033","20.470600403991863","-98.1477317407718","2026-01-03"
"MEX.13.52_1","San Bartolo Tutotepec","GADM2","3.6","MX","Restaurants","0.5938753763342459","20.470600403991863","-98.1477317407718","2026-01-03"
"MEX.11.11_1","Cuerámaro","GADM2","3.6","MX","Business & Utility Services","0.3923664209002745","20.607590428680005","-101.6404004639872","2026-01-03"
"MEX.11.11_1","Cuerámaro","GADM2","3.6","MX","Lifestyle Services","0.36518265405938966","20.607590428680005","-101.6404004639872","2026-01-03"
"MEX.11.11_1","Cuerámaro","GADM2","3.6","MX","Restaurants","0.2835386262979838","20.607590428680005","-101.6404004639872","2026-01-03"
"MEX.11.11_1","Cuerámaro","GADM2","3.6","MX","Grocery & Convenience Stores","0.5460108315466383","20.607590428680005","-101.6404004639872","2026-01-03"
"MEX.11.11_1","Cuerámaro","GADM2","3.6","MX","Home Services","0.5209935718940817","20.607590428680005","-101.6404004639872","2026-01-03"
"MEX.11.11_1","Cuerámaro","GADM2","3.6","MX","Professional Services","0.19718855193135232","20.607590428680005","-101.6404004639872","2026-01-03"
"MEX.11.11_1","Cuerámaro","GADM2","3.6","MX","Retail","0.40339801091832156","20.607590428680005","-101.6404004639872","2026-01-03"
"MEX.11.11_1","Cuerámaro","GADM2","3.6","MX","All","0.23426386430653687","20.607590428680005","-101.6404004639872","2026-01-03"
"MEX.9.8_1","Iztacalco","GADM2","3.6","MX","All","0.3020091108644744","19.36956456267699","-99.05332089611473","2026-01-03"
"MEX.9.8_1","Iztacalco","GADM2","3.6","MX","","0.3383495291477424","19.36956456267699","-99.05332089611473","2026-01-03"
"MEX.9.8_1","Iztacalco","GADM2","3.6","MX","Local Events","0.22864088459617207","19.36956456267699","-99.05332089611473","2026-01-03"
"MEX.9.8_1","Iztacalco","GADM2","3.6","MX","Manufacturing","0.4912217225876095","19.36956456267699","-99.05332089611473","2026-01-03"
"MEX.9.8_1","Iztacalco","GADM2","3.6","MX","Restaurants","0.39363073700805884","19.36956456267699","-99.05332089611473","2026-01-03"
"MEX.9.8_1","Iztacalco","GADM2","3.6","MX","Public Good","0.18389986967041008","19.36956456267699","-99.05332089611473","2026-01-03"
"MEX.9.8_1","Iztacalco","GADM2","3.6","MX","Home Services","0.5203114994022382","19.36956456267699","-99.05332089611473","2026-01-03"
"MEX.9.8_1","Iztacalco","GADM2","3.6","MX","Retail","0.29635584284196337","19.36956456267699","-99.05332089611473","2026-01-03"
"MEX.9.8_1","Iztacalco","GADM2","3.6","MX","Lifestyle Services","0.2335171556065004","19.36956456267699","-99.05332089611473","2026-01-03"
"MEX.9.8_1","Iztacalco","GADM2","3.6","MX","Grocery & Convenience Stores","0.5903736458224353","19.36956456267699","-99.05332089611473","2026-01-03"
"MEX.9.8_1","Iztacalco","GADM2","3.6","MX","Business & Utility Services","0.35941023117673343","19.36956456267699","-99.05332089611473","2026-01-03"
"MEX.9.8_1","Iztacalco","GADM2","3.6","MX","Professional Services","0.3102405735146771","19.36956456267699","-99.05332089611473","2026-01-03"
"MEX.9.8_1","Iztacalco","GADM2","3.6","MX","Travel","0.4293165583554942","19.36956456267699","-99.05332089611473","2026-01-03"
"MEX.30.90_1","Juan Rodríguez Clara","GADM2","3.6","MX","All","0.3648144631885228","17.920830714702745","-95.35510477599773","2026-01-03"
"MEX.30.90_1","Juan Rodríguez Clara","GADM2","3.6","MX","Professional Services","0.31161450006310654","17.920830714702745","-95.35510477599773","2026-01-03"
"MEX.30.90_1","Juan Rodríguez Clara","GADM2","3.6","MX","Retail","0.5983651884933398","17.920830714702745","-95.35510477599773","2026-01-03"
"MEX.30.90_1","Juan Rodríguez Clara","GADM2","3.6","MX","Restaurants","0.15065896111095012","17.920830714702745","-95.35510477599773","2026-01-03"
"MEX.30.83_1","Jalancingo","GADM2","3.6","MX","Retail","0.44280799222347067","19.801101447874743","-97.2252786282395","2026-01-03"
"MEX.30.83_1","Jalancingo","GADM2","3.6","MX","Grocery & Convenience Stores","0.4699090470780255","19.801101447874743","-97.2252786282395","2026-01-03"
"MEX.30.83_1","Jalancingo","GADM2","3.6","MX","Business & Utility Services","0.7533733774619219","19.801101447874743","-97.2252786282395","2026-01-03"
"MEX.30.83_1","Jalancingo","GADM2","3.6","MX","All","0.39878021977583017","19.801101447874743","-97.2252786282395","2026-01-03"
"MEX.30.83_1","Jalancingo","GADM2","3.6","MX","Home Services","0.40373153970821596","19.801101447874743","-97.2252786282395","2026-01-03"
"MEX.30.83_1","Jalancingo","GADM2","3.6","MX","Professional Services","0.4973665780221","19.801101447874743","-97.2252786282395","2026-01-03"
"MEX.30.83_1","Jalancingo","GADM2","3.6","MX","Travel","0.4548344475751652","19.801101447874743","-97.2252786282395","2026-01-03"
"MEX.30.83_1","Jalancingo","GADM2","3.6","MX","Restaurants","0.3434856802566519","19.801101447874743","-97.2252786282395","2026-01-03"
"MEX.30.83_1","Jalancingo","GADM2","3.6","MX","Lifestyle Services","0.2867682738266378","19.801101447874743","-97.2252786282395","2026-01-03"
"MEX.30.83_1","Jalancingo","GADM2","3.6","MX","Public Good","0.4158946112191765","19.801101447874743","-97.2252786282395","2026-01-03"
"MEX.14.75_1","San Diego de Alejandría","GADM2","3.6","MX","Retail","0.5831133308850901","20.94297057504414","-102.05736077187409","2026-01-03"
"MEX.14.75_1","San Diego de Alejandría","GADM2","3.6","MX","All","0.35313231985785254","20.94297057504414","-102.05736077187409","2026-01-03"
"MEX.14.75_1","San Diego de Alejandría","GADM2","3.6","MX","Restaurants","0.2983054358970221","20.94297057504414","-102.05736077187409","2026-01-03"
"MEX.21.97_1","Mixtla","GADM2","3.6","MX","Business & Utility Services","0.3471470456521072","18.963325896100713","-97.77693402635705","2026-01-03"
"MEX.21.97_1","Mixtla","GADM2","3.6","MX","Home Services","0.44913431251664687","18.963325896100713","-97.77693402635705","2026-01-03"
"MEX.21.97_1","Mixtla","GADM2","3.6","MX","Restaurants","0.42743262683136235","18.963325896100713","-97.77693402635705","2026-01-03"
"MEX.21.97_1","Mixtla","GADM2","3.6","MX","Lifestyle Services","0.40715225995568016","18.963325896100713","-97.77693402635705","2026-01-03"
"MEX.21.97_1","Mixtla","GADM2","3.6","MX","Professional Services","0.2827728253173791","18.963325896100713","-97.77693402635705","2026-01-03"
"MEX.21.97_1","Mixtla","GADM2","3.6","MX","Retail","0.45881850709439265","18.963325896100713","-97.77693402635705","2026-01-03"
"MEX.21.97_1","Mixtla","GADM2","3.6","MX","Grocery & Convenience Stores","0.45172158983179705","18.963325896100713","-97.77693402635705","2026-01-03"
"MEX.21.97_1","Mixtla","GADM2","3.6","MX","All","0.3563267470508319","18.963325896100713","-97.77693402635705","2026-01-03"
"MEX.12.30_1","Erongarícuaro","GADM2","3.6","MX","All","0.45402617787511684","18.275820961720235","-101.6445349744371","2026-01-03"
"MEX.16.37_1","Huaniqueo","GADM2","3.6","MX","All","0.47496687541776283","19.886946932473222","-101.50989911230201","2026-01-03"
"MEX.15.99_1","Texcalyacac","GADM2","3.6","MX","Restaurants","0.4050296188008926","19.003975956337115","-99.4371052269183","2026-01-03"
"MEX.15.99_1","Texcalyacac","GADM2","3.6","MX","Home Services","0.7143365588960747","19.003975956337115","-99.4371052269183","2026-01-03"
"MEX.15.99_1","Texcalyacac","GADM2","3.6","MX","Retail","0.29443132090189816","19.003975956337115","-99.4371052269183","2026-01-03"
"MEX.15.99_1","Texcalyacac","GADM2","3.6","MX","All","0.44026187268060896","19.003975956337115","-99.4371052269183","2026-01-03"
"MEX.12.40_1","Juan R. Escudero","GADM2","3.6","MX","All","0.3468652685623471","17.175029054314155","-99.40289118659845","2026-01-03"
"MEX.12.40_1","Juan R. Escudero","GADM2","3.6","MX","Retail","0.3968553918303983","17.175029054314155","-99.40289118659845","2026-01-03"
"MEX.29.8_1","Chiautempan","GADM2","3.6","MX","All","0.3676574841793631","19.30941973397828","-98.03829770564963","2026-01-03"
"MEX.29.8_1","Chiautempan","GADM2","3.6","MX","Professional Services","0.3959412345347552","19.30941973397828","-98.03829770564963","2026-01-03"
"MEX.13.51_1","San Agustín Tlaxiaca","GADM2","3.6","MX","","0.308175721947514","20.097580264207707","-98.79590090536263","2026-01-03"
"MEX.13.51_1","San Agustín Tlaxiaca","GADM2","3.6","MX","All","0.29685303509864963","20.097580264207707","-98.79590090536263","2026-01-03"
"MEX.13.51_1","San Agustín Tlaxiaca","GADM2","3.6","MX","Retail","0.3312254310797614","20.097580264207707","-98.79590090536263","2026-01-03"
"MEX.13.51_1","San Agustín Tlaxiaca","GADM2","3.6","MX","Professional Services","0.2935649694912045","20.097580264207707","-98.79590090536263","2026-01-03"
"MEX.13.51_1","San Agustín Tlaxiaca","GADM2","3.6","MX","Restaurants","0.34243807865367215","20.097580264207707","-98.79590090536263","2026-01-03"
"MEX.13.51_1","San Agustín Tlaxiaca","GADM2","3.6","MX","Manufacturing","0.33885500563121246","20.097580264207707","-98.79590090536263","2026-01-03"
"MEX.13.51_1","San Agustín Tlaxiaca","GADM2","3.6","MX","Business & Utility Services","0.2948315621263024","20.097580264207707","-98.79590090536263","2026-01-03"
"MEX.13.51_1","San Agustín Tlaxiaca","GADM2","3.6","MX","Home Services","0.2919171958150666","20.097580264207707","-98.79590090536263","2026-01-03"
"MEX.13.51_1","San Agustín Tlaxiaca","GADM2","3.6","MX","Local Events","0.2642218690052819","20.097580264207707","-98.79590090536263","2026-01-03"
"MEX.13.51_1","San Agustín Tlaxiaca","GADM2","3.6","MX","Travel","0.358984954394258","20.097580264207707","-98.79590090536263","2026-01-03"
"MEX.13.51_1","San Agustín Tlaxiaca","GADM2","3.6","MX","Grocery & Convenience Stores","0.3587446272695565","20.097580264207707","-98.79590090536263","2026-01-03"
"MEX.13.51_1","San Agustín Tlaxiaca","GADM2","3.6","MX","Public Good","0.10486071324225645","20.097580264207707","-98.79590090536263","2026-01-03"
"MEX.13.51_1","San Agustín Tlaxiaca","GADM2","3.6","MX","Lifestyle Services","0.3092584277845531","20.097580264207707","-98.79590090536263","2026-01-03"
"MEX.16.75_1","Queréndaro","GADM2","3.6","MX","Grocery & Convenience Stores","0.5955103398353024","19.743245277284643","-100.84302796039317","2026-01-03"
"MEX.16.75_1","Queréndaro","GADM2","3.6","MX","Restaurants","0.39513045716854556","19.743245277284643","-100.84302796039317","2026-01-03"
"MEX.16.75_1","Queréndaro","GADM2","3.6","MX","Retail","0.7751004774994126","19.743245277284643","-100.84302796039317","2026-01-03"
"MEX.16.75_1","Queréndaro","GADM2","3.6","MX","All","0.4835000249047305","19.743245277284643","-100.84302796039317","2026-01-03"
"MEX.21.22_1","Atzitzihuacán","GADM2","3.6","MX","All","0.5268358403405256","18.909796857906812","-97.79141032524807","2026-01-03"
"MEX.16.54_1","Madero","GADM2","3.6","MX","All","0.2242257265752168","19.328958116939788","-101.16215495205472","2026-01-03"
"MEX.16.54_1","Madero","GADM2","3.6","MX","Professional Services","0.17693341202164772","19.328958116939788","-101.16215495205472","2026-01-03"
"MEX.16.54_1","Madero","GADM2","3.6","MX","Retail","0.3009979171258312","19.328958116939788","-101.16215495205472","2026-01-03"
"MEX.21.18_1","Atexcal","GADM2","3.6","MX","All","0.4018333237807526","18.44082677876119","-97.54983261172777","2026-01-03"
"MEX.21.18_1","Atexcal","GADM2","3.6","MX","Retail","0.41833244378209716","18.44082677876119","-97.54983261172777","2026-01-03"
"MEX.21.18_1","Atexcal","GADM2","3.6","MX","Restaurants","0.5002193043263697","18.44082677876119","-97.54983261172777","2026-01-03"
"MEX.24.26_1","Salinas","GADM2","3.6","MX","Retail","0.2379683150748387","22.7857547782686","-101.63798829074352","2026-01-03"
"MEX.24.26_1","Salinas","GADM2","3.6","MX","Lifestyle Services","0.41974848105322166","22.7857547782686","-101.63798829074352","2026-01-03"
"MEX.24.26_1","Salinas","GADM2","3.6","MX","Professional Services","0.25285079835011987","22.7857547782686","-101.63798829074352","2026-01-03"
"MEX.24.26_1","Salinas","GADM2","3.6","MX","All","0.2203290846626185","22.7857547782686","-101.63798829074352","2026-01-03"
"MEX.24.26_1","Salinas","GADM2","3.6","MX","Home Services","0.2980842691922406","22.7857547782686","-101.63798829074352","2026-01-03"
"MEX.24.26_1","Salinas","GADM2","3.6","MX","Restaurants","0.453825267549098","22.7857547782686","-101.63798829074352","2026-01-03"
"MEX.24.26_1","Salinas","GADM2","3.6","MX","Grocery & Convenience Stores","0.4784378752600361","22.7857547782686","-101.63798829074352","2026-01-03"
"MEX.21.207_1","Zapotitlán de Méndez","GADM2","3.6","MX","All","0.49995956637115757","20.017608872236877","-97.63869114896973","2026-01-03"
"MEX.14.95_1","Tepatitlán de Morelos","GADM2","3.6","MX","All","0.3724112661662839","20.772413346883813","-102.74137914923938","2026-01-03"
"MEX.14.95_1","Tepatitlán de Morelos","GADM2","3.6","MX","Public Good","0.30607871506538054","20.772413346883813","-102.74137914923938","2026-01-03"
"MEX.14.95_1","Tepatitlán de Morelos","GADM2","3.6","MX","Home Services","0.3918230300906535","20.772413346883813","-102.74137914923938","2026-01-03"
"MEX.14.95_1","Tepatitlán de Morelos","GADM2","3.6","MX","Travel","0.3678184946942214","20.772413346883813","-102.74137914923938","2026-01-03"
"MEX.14.95_1","Tepatitlán de Morelos","GADM2","3.6","MX","Professional Services","0.38381314832161034","20.772413346883813","-102.74137914923938","2026-01-03"
"MEX.14.95_1","Tepatitlán de Morelos","GADM2","3.6","MX","","0.5600769881778016","20.772413346883813","-102.74137914923938","2026-01-03"
"MEX.14.95_1","Tepatitlán de Morelos","GADM2","3.6","MX","Business & Utility Services","0.4028312996378817","20.772413346883813","-102.74137914923938","2026-01-03"
"MEX.14.95_1","Tepatitlán de Morelos","GADM2","3.6","MX","Retail","0.31716122973200594","20.772413346883813","-102.74137914923938","2026-01-03"
"MEX.14.95_1","Tepatitlán de Morelos","GADM2","3.6","MX","Grocery & Convenience Stores","0.5072539961898952","20.772413346883813","-102.74137914923938","2026-01-03"
"MEX.14.95_1","Tepatitlán de Morelos","GADM2","3.6","MX","Lifestyle Services","0.3075567401293595","20.772413346883813","-102.74137914923938","2026-01-03"
"MEX.14.95_1","Tepatitlán de Morelos","GADM2","3.6","MX","Restaurants","0.47604665706237975","20.772413346883813","-102.74137914923938","2026-01-03"
"MEX.14.95_1","Tepatitlán de Morelos","GADM2","3.6","MX","Local Events","0.35825285994171424","20.772413346883813","-102.74137914923938","2026-01-03"
"MEX.14.95_1","Tepatitlán de Morelos","GADM2","3.6","MX","Manufacturing","0.23738397507770248","20.772413346883813","-102.74137914923938","2026-01-03"
"MEX.13.74_1","Tolcayuca","GADM2","3.6","MX","Restaurants","0.6782354975725993","19.888905431077248","-98.86032698172558","2026-01-03"
"MEX.13.74_1","Tolcayuca","GADM2","3.6","MX","Retail","0.509016412982224","19.888905431077248","-98.86032698172558","2026-01-03"
"MEX.13.74_1","Tolcayuca","GADM2","3.6","MX","Professional Services","0.3620914213232096","19.888905431077248","-98.86032698172558","2026-01-03"
"MEX.13.74_1","Tolcayuca","GADM2","3.6","MX","All","0.5800526314533142","19.888905431077248","-98.86032698172558","2026-01-03"
"MEX.13.74_1","Tolcayuca","GADM2","3.6","MX","Business & Utility Services","0.3379807842790214","19.888905431077248","-98.86032698172558","2026-01-03"
"MEX.21.30_1","Chalchicomula de Sesma","GADM2","3.6","MX","All","0.5289033384615754","19.025513515110717","-97.32213244189737","2026-01-03"
"MEX.9.4_1","Coyoacán","GADM2","3.6","MX","Manufacturing","0.4756356543092804","19.27674756071918","-99.10710235335388","2026-01-03"
"MEX.9.4_1","Coyoacán","GADM2","3.6","MX","All","0.2441115259693404","19.27674756071918","-99.10710235335388","2026-01-03"
"MEX.9.4_1","Coyoacán","GADM2","3.6","MX","Local Events","0.13998417457194304","19.27674756071918","-99.10710235335388","2026-01-03"
"MEX.9.4_1","Coyoacán","GADM2","3.6","MX","Home Services","0.3074721715262812","19.27674756071918","-99.10710235335388","2026-01-03"
"MEX.9.4_1","Coyoacán","GADM2","3.6","MX","Travel","0.48476408485219985","19.27674756071918","-99.10710235335388","2026-01-03"
"MEX.9.4_1","Coyoacán","GADM2","3.6","MX","Business & Utility Services","0.22982424479640962","19.27674756071918","-99.10710235335388","2026-01-03"
"MEX.9.4_1","Coyoacán","GADM2","3.6","MX","Retail","0.2886200901141708","19.27674756071918","-99.10710235335388","2026-01-03"
"MEX.9.4_1","Coyoacán","GADM2","3.6","MX","Public Good","0.32986007635179704","19.27674756071918","-99.10710235335388","2026-01-03"
"MEX.9.4_1","Coyoacán","GADM2","3.6","MX","","0.27117453425378707","19.27674756071918","-99.10710235335388","2026-01-03"
"MEX.9.4_1","Coyoacán","GADM2","3.6","MX","Lifestyle Services","0.2541050455567159","19.27674756071918","-99.10710235335388","2026-01-03"
"MEX.9.4_1","Coyoacán","GADM2","3.6","MX","Professional Services","0.2658848979650576","19.27674756071918","-99.10710235335388","2026-01-03"
"MEX.9.4_1","Coyoacán","GADM2","3.6","MX","Grocery & Convenience Stores","0.47890450851656696","19.27674756071918","-99.10710235335388","2026-01-03"
"MEX.9.4_1","Coyoacán","GADM2","3.6","MX","Restaurants","0.2578509836388507","19.27674756071918","-99.10710235335388","2026-01-03"
"MEX.29.40_1","Xaltocan","GADM2","3.6","MX","Restaurants","0.2924562442812251","19.444483706481574","-98.16207768310254","2026-01-03"
"MEX.29.40_1","Xaltocan","GADM2","3.6","MX","All","0.28077705464002456","19.444483706481574","-98.16207768310254","2026-01-03"
"MEX.29.40_1","Xaltocan","GADM2","3.6","MX","","0.4495609025026027","19.444483706481574","-98.16207768310254","2026-01-03"
"MEX.29.40_1","Xaltocan","GADM2","3.6","MX","Business & Utility Services","0.36068544107852996","19.444483706481574","-98.16207768310254","2026-01-03"
"MEX.29.40_1","Xaltocan","GADM2","3.6","MX","Retail","0.3155573010234311","19.444483706481574","-98.16207768310254","2026-01-03"
"MEX.29.40_1","Xaltocan","GADM2","3.6","MX","Travel","0.5246067804395721","19.444483706481574","-98.16207768310254","2026-01-03"
"MEX.29.40_1","Xaltocan","GADM2","3.6","MX","Professional Services","0.2766556097568829","19.444483706481574","-98.16207768310254","2026-01-03"
"MEX.29.40_1","Xaltocan","GADM2","3.6","MX","Local Events","0.25357620846327056","19.444483706481574","-98.16207768310254","2026-01-03"
"MEX.29.40_1","Xaltocan","GADM2","3.6","MX","Grocery & Convenience Stores","0.48173786430138127","19.444483706481574","-98.16207768310254","2026-01-03"
"MEX.29.40_1","Xaltocan","GADM2","3.6","MX","Manufacturing","0.47131964540098537","19.444483706481574","-98.16207768310254","2026-01-03"
"MEX.29.40_1","Xaltocan","GADM2","3.6","MX","Home Services","0.36270901963072605","19.444483706481574","-98.16207768310254","2026-01-03"
"MEX.29.40_1","Xaltocan","GADM2","3.6","MX","Public Good","0.3088444161137396","19.444483706481574","-98.16207768310254","2026-01-03"
"MEX.29.40_1","Xaltocan","GADM2","3.6","MX","Lifestyle Services","0.2747758701988857","19.444483706481574","-98.16207768310254","2026-01-03"
"MEX.20.4_1","Del Centro","GADM2","3.6","MX","All","0.3325075027721555","17.11162413788858","-96.7832159220046","2026-01-03"
"MEX.20.4_1","Del Centro","GADM2","3.6","MX","Public Good","0.1828148656854917","17.11162413788858","-96.7832159220046","2026-01-03"
"MEX.20.4_1","Del Centro","GADM2","3.6","MX","Restaurants","0.3624369045153398","17.11162413788858","-96.7832159220046","2026-01-03"
"MEX.20.4_1","Del Centro","GADM2","3.6","MX","Grocery & Convenience Stores","0.5031262007108858","17.11162413788858","-96.7832159220046","2026-01-03"
"MEX.20.4_1","Del Centro","GADM2","3.6","MX","Business & Utility Services","0.3391275876434376","17.11162413788858","-96.7832159220046","2026-01-03"
"MEX.20.4_1","Del Centro","GADM2","3.6","MX","Manufacturing","0.33149585609418114","17.11162413788858","-96.7832159220046","2026-01-03"
"MEX.20.4_1","Del Centro","GADM2","3.6","MX","Professional Services","0.28840247719280004","17.11162413788858","-96.7832159220046","2026-01-03"
"MEX.20.4_1","Del Centro","GADM2","3.6","MX","","0.45126822910600434","17.11162413788858","-96.7832159220046","2026-01-03"
"MEX.20.4_1","Del Centro","GADM2","3.6","MX","Retail","0.3832471079828536","17.11162413788858","-96.7832159220046","2026-01-03"
"MEX.20.4_1","Del Centro","GADM2","3.6","MX","Travel","0.3950276280967363","17.11162413788858","-96.7832159220046","2026-01-03"
"MEX.20.4_1","Del Centro","GADM2","3.6","MX","Local Events","0.2088460683898449","17.11162413788858","-96.7832159220046","2026-01-03"
"MEX.20.4_1","Del Centro","GADM2","3.6","MX","Lifestyle Services","0.2966047216882837","17.11162413788858","-96.7832159220046","2026-01-03"
"MEX.20.4_1","Del Centro","GADM2","3.6","MX","Home Services","0.39047131672255936","17.11162413788858","-96.7832159220046","2026-01-03"
"MEX.30.20_1","Atzacan","GADM2","3.6","MX","Retail","0.37300320775086904","18.930793212714075","-97.00348152434509","2026-01-03"
"MEX.30.20_1","Atzacan","GADM2","3.6","MX","Restaurants","0.41047633076460543","18.930793212714075","-97.00348152434509","2026-01-03"
"MEX.30.20_1","Atzacan","GADM2","3.6","MX","Grocery & Convenience Stores","0.40602164992736217","18.930793212714075","-97.00348152434509","2026-01-03"
"MEX.30.20_1","Atzacan","GADM2","3.6","MX","Public Good","0.2421689987926983","18.930793212714075","-97.00348152434509","2026-01-03"
"MEX.30.20_1","Atzacan","GADM2","3.6","MX","Business & Utility Services","0.5630343195554864","18.930793212714075","-97.00348152434509","2026-01-03"
"MEX.30.20_1","Atzacan","GADM2","3.6","MX","All","0.33925533287434184","18.930793212714075","-97.00348152434509","2026-01-03"
"MEX.30.20_1","Atzacan","GADM2","3.6","MX","Home Services","0.5359629988005532","18.930793212714075","-97.00348152434509","2026-01-03"
"MEX.30.20_1","Atzacan","GADM2","3.6","MX","Lifestyle Services","0.46815390375090893","18.930793212714075","-97.00348152434509","2026-01-03"
"MEX.30.20_1","Atzacan","GADM2","3.6","MX","Local Events","0.46588413033710935","18.930793212714075","-97.00348152434509","2026-01-03"
"MEX.30.20_1","Atzacan","GADM2","3.6","MX","Professional Services","0.2808061819344047","18.930793212714075","-97.00348152434509","2026-01-03"
"MEX.22.6_1","El Marqués","GADM2","3.6","MX","Manufacturing","0.2790192594798196","20.733092140617263","-100.29052006933843","2026-01-03"
"MEX.22.6_1","El Marqués","GADM2","3.6","MX","Lifestyle Services","0.2836061446749968","20.733092140617263","-100.29052006933843","2026-01-03"
"MEX.22.6_1","El Marqués","GADM2","3.6","MX","Business & Utility Services","0.3042711035301684","20.733092140617263","-100.29052006933843","2026-01-03"
"MEX.22.6_1","El Marqués","GADM2","3.6","MX","Grocery & Convenience Stores","0.44130363020877833","20.733092140617263","-100.29052006933843","2026-01-03"
"MEX.22.6_1","El Marqués","GADM2","3.6","MX","Retail","0.2660512137475931","20.733092140617263","-100.29052006933843","2026-01-03"
"MEX.22.6_1","El Marqués","GADM2","3.6","MX","Professional Services","0.27252405462319773","20.733092140617263","-100.29052006933843","2026-01-03"
"MEX.22.6_1","El Marqués","GADM2","3.6","MX","Public Good","0.2621093024672954","20.733092140617263","-100.29052006933843","2026-01-03"
"MEX.22.6_1","El Marqués","GADM2","3.6","MX","Home Services","0.23771837037118987","20.733092140617263","-100.29052006933843","2026-01-03"
"MEX.22.6_1","El Marqués","GADM2","3.6","MX","Travel","0.3218128040773683","20.733092140617263","-100.29052006933843","2026-01-03"
"MEX.22.6_1","El Marqués","GADM2","3.6","MX","Local Events","0.26545260436349866","20.733092140617263","-100.29052006933843","2026-01-03"
"MEX.22.6_1","El Marqués","GADM2","3.6","MX","","0.23440627192731828","20.733092140617263","-100.29052006933843","2026-01-03"
"MEX.22.6_1","El Marqués","GADM2","3.6","MX","All","0.2396208222058296","20.733092140617263","-100.29052006933843","2026-01-03"
"MEX.22.6_1","El Marqués","GADM2","3.6","MX","Restaurants","0.16666968437742355","20.733092140617263","-100.29052006933843","2026-01-03"
"MEX.20.30_1","Dist. Zimatlan","GADM2","3.6","MX","Local Events","0.6124956853284286","16.890384320398102","-96.97175181516579","2026-01-03"
"MEX.20.30_1","Dist. Zimatlan","GADM2","3.6","MX","Retail","0.38172367946091024","16.890384320398102","-96.97175181516579","2026-01-03"
"MEX.20.30_1","Dist. Zimatlan","GADM2","3.6","MX","Public Good","0.3786491931022497","16.890384320398102","-96.97175181516579","2026-01-03"
"MEX.20.30_1","Dist. Zimatlan","GADM2","3.6","MX","Professional Services","0.38145532515831","16.890384320398102","-96.97175181516579","2026-01-03"
"MEX.20.30_1","Dist. Zimatlan","GADM2","3.6","MX","Grocery & Convenience Stores","0.42574051991013995","16.890384320398102","-96.97175181516579","2026-01-03"
"MEX.20.30_1","Dist. Zimatlan","GADM2","3.6","MX","Lifestyle Services","0.39573206570056685","16.890384320398102","-96.97175181516579","2026-01-03"
"MEX.20.30_1","Dist. Zimatlan","GADM2","3.6","MX","Restaurants","0.458951656854025","16.890384320398102","-96.97175181516579","2026-01-03"
"MEX.20.30_1","Dist. Zimatlan","GADM2","3.6","MX","Home Services","0.4430490639398444","16.890384320398102","-96.97175181516579","2026-01-03"
"MEX.20.30_1","Dist. Zimatlan","GADM2","3.6","MX","All","0.31902840299559865","16.890384320398102","-96.97175181516579","2026-01-03"
"MEX.17.30_1","Yautepec","GADM2","3.6","MX","Local Events","0.23350014924370935","18.85237013403744","-98.99848880866652","2026-01-03"
"MEX.17.30_1","Yautepec","GADM2","3.6","MX","Public Good","0.4921609267359122","18.85237013403744","-98.99848880866652","2026-01-03"
"MEX.17.30_1","Yautepec","GADM2","3.6","MX","Home Services","0.6236030836217585","18.85237013403744","-98.99848880866652","2026-01-03"
"MEX.17.30_1","Yautepec","GADM2","3.6","MX","Lifestyle Services","0.388807072383582","18.85237013403744","-98.99848880866652","2026-01-03"
"MEX.17.30_1","Yautepec","GADM2","3.6","MX","Grocery & Convenience Stores","0.40790723706571097","18.85237013403744","-98.99848880866652","2026-01-03"
"MEX.17.30_1","Yautepec","GADM2","3.6","MX","Professional Services","0.2481160960943023","18.85237013403744","-98.99848880866652","2026-01-03"
"MEX.17.30_1","Yautepec","GADM2","3.6","MX","All","0.2237080409135191","18.85237013403744","-98.99848880866652","2026-01-03"
"MEX.17.30_1","Yautepec","GADM2","3.6","MX","Business & Utility Services","0.23186585636619148","18.85237013403744","-98.99848880866652","2026-01-03"
"MEX.17.30_1","Yautepec","GADM2","3.6","MX","Restaurants","0.42774285278357826","18.85237013403744","-98.99848880866652","2026-01-03"
"MEX.17.30_1","Yautepec","GADM2","3.6","MX","Retail","0.2923179884592508","18.85237013403744","-98.99848880866652","2026-01-03"
"MEX.17.30_1","Yautepec","GADM2","3.6","MX","Travel","0.3039214805512772","18.85237013403744","-98.99848880866652","2026-01-03"
"MEX.21.28_1","Cañada Morelos","GADM2","3.6","MX","Home Services","0.5932599432640104","18.77832259964458","-97.30883029993785","2026-01-03"
"MEX.21.28_1","Cañada Morelos","GADM2","3.6","MX","Retail","0.6811201107268722","18.77832259964458","-97.30883029993785","2026-01-03"
"MEX.21.28_1","Cañada Morelos","GADM2","3.6","MX","Restaurants","0.4019636053069062","18.77832259964458","-97.30883029993785","2026-01-03"
"MEX.21.28_1","Cañada Morelos","GADM2","3.6","MX","All","0.6776872225280879","18.77832259964458","-97.30883029993785","2026-01-03"
"MEX.15.104_1","Tlalmanalco","GADM2","3.6","MX","All","0.4714657583977559","19.218724394760073","-98.63702145249309","2026-01-03"
"MEX.15.104_1","Tlalmanalco","GADM2","3.6","MX","Professional Services","0.44878079796976283","19.218724394760073","-98.63702145249309","2026-01-03"
"MEX.29.31_1","Terrenate","GADM2","3.6","MX","All","0.4715933750676444","19.53757360760041","-97.875104643003","2026-01-03"
"MEX.15.14_1","Atlacomulco","GADM2","3.6","MX","Public Good","0.43911839720487716","19.812998419564508","-99.83430082396225","2026-01-03"
"MEX.15.14_1","Atlacomulco","GADM2","3.6","MX","Home Services","0.5595309048616937","19.812998419564508","-99.83430082396225","2026-01-03"
"MEX.15.14_1","Atlacomulco","GADM2","3.6","MX","Business & Utility Services","0.7592863130832049","19.812998419564508","-99.83430082396225","2026-01-03"
"MEX.15.14_1","Atlacomulco","GADM2","3.6","MX","Lifestyle Services","0.41271561801227913","19.812998419564508","-99.83430082396225","2026-01-03"
"MEX.15.14_1","Atlacomulco","GADM2","3.6","MX","Retail","0.37073156571487226","19.812998419564508","-99.83430082396225","2026-01-03"
"MEX.15.14_1","Atlacomulco","GADM2","3.6","MX","Professional Services","0.4418711497656878","19.812998419564508","-99.83430082396225","2026-01-03"
"MEX.15.14_1","Atlacomulco","GADM2","3.6","MX","Grocery & Convenience Stores","0.44792005370256416","19.812998419564508","-99.83430082396225","2026-01-03"
"MEX.15.14_1","Atlacomulco","GADM2","3.6","MX","Restaurants","0.35933571538370374","19.812998419564508","-99.83430082396225","2026-01-03"
"MEX.15.14_1","Atlacomulco","GADM2","3.6","MX","Local Events","0.4921296138261675","19.812998419564508","-99.83430082396225","2026-01-03"
"MEX.15.14_1","Atlacomulco","GADM2","3.6","MX","All","0.38136176919957926","19.812998419564508","-99.83430082396225","2026-01-03"
"MEX.13.54_1","San Salvador","GADM2","3.6","MX","Restaurants","0.4128506298093595","20.29492666966118","-98.96510514788672","2026-01-03"
"MEX.13.54_1","San Salvador","GADM2","3.6","MX","Professional Services","0.3316204492596376","20.29492666966118","-98.96510514788672","2026-01-03"
"MEX.13.54_1","San Salvador","GADM2","3.6","MX","Local Events","0.5502479238432118","20.29492666966118","-98.96510514788672","2026-01-03"
"MEX.13.54_1","San Salvador","GADM2","3.6","MX","","0.43260224152000354","20.29492666966118","-98.96510514788672","2026-01-03"
"MEX.13.54_1","San Salvador","GADM2","3.6","MX","Grocery & Convenience Stores","0.4494300573920192","20.29492666966118","-98.96510514788672","2026-01-03"
"MEX.13.54_1","San Salvador","GADM2","3.6","MX","Lifestyle Services","0.5407519895474965","20.29492666966118","-98.96510514788672","2026-01-03"
"MEX.13.54_1","San Salvador","GADM2","3.6","MX","Business & Utility Services","0.562800300761837","20.29492666966118","-98.96510514788672","2026-01-03"
"MEX.13.54_1","San Salvador","GADM2","3.6","MX","Public Good","0.5955210523701089","20.29492666966118","-98.96510514788672","2026-01-03"
"MEX.13.54_1","San Salvador","GADM2","3.6","MX","Home Services","0.3777813032765827","20.29492666966118","-98.96510514788672","2026-01-03"
"MEX.13.54_1","San Salvador","GADM2","3.6","MX","Travel","0.410433895281375","20.29492666966118","-98.96510514788672","2026-01-03"
"MEX.13.54_1","San Salvador","GADM2","3.6","MX","Manufacturing","0.410064359804517","20.29492666966118","-98.96510514788672","2026-01-03"
"MEX.13.54_1","San Salvador","GADM2","3.6","MX","Retail","0.3518416030644841","20.29492666966118","-98.96510514788672","2026-01-03"
"MEX.13.54_1","San Salvador","GADM2","3.6","MX","All","0.3427972646630411","20.29492666966118","-98.96510514788672","2026-01-03"
"MEX.29.29_1","Tepetitla de Lardizábal","GADM2","3.6","MX","Retail","0.3099697810602171","19.25821702037651","-98.28076607893642","2026-01-03"
"MEX.29.29_1","Tepetitla de Lardizábal","GADM2","3.6","MX","Restaurants","0.5617151202403949","19.25821702037651","-98.28076607893642","2026-01-03"
"MEX.29.29_1","Tepetitla de Lardizábal","GADM2","3.6","MX","All","0.54849008839231","19.25821702037651","-98.28076607893642","2026-01-03"
"MEX.29.29_1","Tepetitla de Lardizábal","GADM2","3.6","MX","Professional Services","0.2872319359482701","19.25821702037651","-98.28076607893642","2026-01-03"
"MEX.13.77_1","Villa de Tezontepec","GADM2","3.6","MX","Professional Services","0.31728352457438","19.862756381112774","-98.75192935605227","2026-01-03"
"MEX.13.77_1","Villa de Tezontepec","GADM2","3.6","MX","Retail","0.5316050688421605","19.862756381112774","-98.75192935605227","2026-01-03"
"MEX.13.77_1","Villa de Tezontepec","GADM2","3.6","MX","Restaurants","0.7418644362716788","19.862756381112774","-98.75192935605227","2026-01-03"
"MEX.13.77_1","Villa de Tezontepec","GADM2","3.6","MX","All","0.4294381931416604","19.862756381112774","-98.75192935605227","2026-01-03"
"MEX.28.11_1","El Mante","GADM2","3.6","MX","Public Good","0.32080085459504576","22.59054758637724","-98.85334592909344","2026-01-03"
"MEX.28.11_1","El Mante","GADM2","3.6","MX","Professional Services","0.2264121082825219","22.59054758637724","-98.85334592909344","2026-01-03"
"MEX.28.11_1","El Mante","GADM2","3.6","MX","Lifestyle Services","0.3146065143579128","22.59054758637724","-98.85334592909344","2026-01-03"
"MEX.28.11_1","El Mante","GADM2","3.6","MX","Restaurants","0.3859823364793461","22.59054758637724","-98.85334592909344","2026-01-03"
"MEX.28.11_1","El Mante","GADM2","3.6","MX","Grocery & Convenience Stores","0.500965133771058","22.59054758637724","-98.85334592909344","2026-01-03"
"MEX.28.11_1","El Mante","GADM2","3.6","MX","All","0.32766402686848123","22.59054758637724","-98.85334592909344","2026-01-03"
"MEX.28.11_1","El Mante","GADM2","3.6","MX","Home Services","0.3608300869205775","22.59054758637724","-98.85334592909344","2026-01-03"
"MEX.28.11_1","El Mante","GADM2","3.6","MX","Retail","0.4646071157947874","22.59054758637724","-98.85334592909344","2026-01-03"
"MEX.28.11_1","El Mante","GADM2","3.6","MX","Business & Utility Services","0.3381677303042011","22.59054758637724","-98.85334592909344","2026-01-03"
"MEX.28.11_1","El Mante","GADM2","3.6","MX","Local Events","0.24076695203988807","22.59054758637724","-98.85334592909344","2026-01-03"
"MEX.28.11_1","El Mante","GADM2","3.6","MX","","0.4938472864457756","22.59054758637724","-98.85334592909344","2026-01-03"
"MEX.21.39_1","Chignautla","GADM2","3.6","MX","Grocery & Convenience Stores","0.48479647195341","19.775267725704712","-97.36155406415027","2026-01-03"
"MEX.21.39_1","Chignautla","GADM2","3.6","MX","Lifestyle Services","0.2880757537127395","19.775267725704712","-97.36155406415027","2026-01-03"
"MEX.21.39_1","Chignautla","GADM2","3.6","MX","Retail","0.37619696004007236","19.775267725704712","-97.36155406415027","2026-01-03"
"MEX.21.39_1","Chignautla","GADM2","3.6","MX","Restaurants","0.41047609604968976","19.775267725704712","-97.36155406415027","2026-01-03"
"MEX.21.39_1","Chignautla","GADM2","3.6","MX","Public Good","0.28567600104112534","19.775267725704712","-97.36155406415027","2026-01-03"
"MEX.21.39_1","Chignautla","GADM2","3.6","MX","Local Events","0.48253575181349884","19.775267725704712","-97.36155406415027","2026-01-03"
"MEX.21.39_1","Chignautla","GADM2","3.6","MX","Home Services","0.4852572031216357","19.775267725704712","-97.36155406415027","2026-01-03"
"MEX.21.39_1","Chignautla","GADM2","3.6","MX","Professional Services","0.25612091514658186","19.775267725704712","-97.36155406415027","2026-01-03"
"MEX.21.39_1","Chignautla","GADM2","3.6","MX","Travel","0.5006961275414161","19.775267725704712","-97.36155406415027","2026-01-03"
"MEX.21.39_1","Chignautla","GADM2","3.6","MX","","0.2704877811255019","19.775267725704712","-97.36155406415027","2026-01-03"
"MEX.21.39_1","Chignautla","GADM2","3.6","MX","Manufacturing","0.40860167925580776","19.775267725704712","-97.36155406415027","2026-01-03"
"MEX.21.39_1","Chignautla","GADM2","3.6","MX","Business & Utility Services","0.1777935732966859","19.775267725704712","-97.36155406415027","2026-01-03"
"MEX.21.39_1","Chignautla","GADM2","3.6","MX","All","0.2926339591587245","19.775267725704712","-97.36155406415027","2026-01-03"
"MEX.20.22_1","Dist. Teotitlan","GADM2","3.6","MX","All","0.5252404251714512","18.103669222105317","-96.88613514302007","2026-01-03"
"MEX.20.22_1","Dist. Teotitlan","GADM2","3.6","MX","Lifestyle Services","0.3360280900285053","18.103669222105317","-96.88613514302007","2026-01-03"
"MEX.20.22_1","Dist. Teotitlan","GADM2","3.6","MX","Professional Services","0.4651025115361099","18.103669222105317","-96.88613514302007","2026-01-03"
"MEX.20.22_1","Dist. Teotitlan","GADM2","3.6","MX","Retail","0.48695509788890845","18.103669222105317","-96.88613514302007","2026-01-03"
"MEX.20.22_1","Dist. Teotitlan","GADM2","3.6","MX","Public Good","0.21049175513966314","18.103669222105317","-96.88613514302007","2026-01-03"
"MEX.20.22_1","Dist. Teotitlan","GADM2","3.6","MX","Business & Utility Services","0.44809028134577733","18.103669222105317","-96.88613514302007","2026-01-03"
"MEX.20.22_1","Dist. Teotitlan","GADM2","3.6","MX","Grocery & Convenience Stores","0.6359613370165353","18.103669222105317","-96.88613514302007","2026-01-03"
"MEX.20.22_1","Dist. Teotitlan","GADM2","3.6","MX","Home Services","0.43992574146977187","18.103669222105317","-96.88613514302007","2026-01-03"
"MEX.20.22_1","Dist. Teotitlan","GADM2","3.6","MX","Restaurants","0.7271410814046148","18.103669222105317","-96.88613514302007","2026-01-03"
"MEX.12.73_1","Zapotitlán Tablas","GADM2","3.6","MX","All","0.5535595135723985","17.225290718106635","-98.85512372760547","2026-01-03"
"MEX.12.45_1","Metlatónoc","GADM2","3.6","MX","All","0.5925214747068493","17.164172198588638","-98.34599766113641","2026-01-03"
"MEX.15.86_1","Temascalcingo","GADM2","3.6","MX","Restaurants","0.3757559697768669","19.938174238005097","-100.03966611307597","2026-01-03"
"MEX.15.86_1","Temascalcingo","GADM2","3.6","MX","Public Good","0.6005650337049477","19.938174238005097","-100.03966611307597","2026-01-03"
"MEX.15.86_1","Temascalcingo","GADM2","3.6","MX","Home Services","0.4776890474844451","19.938174238005097","-100.03966611307597","2026-01-03"
"MEX.15.86_1","Temascalcingo","GADM2","3.6","MX","Retail","0.35510670997137417","19.938174238005097","-100.03966611307597","2026-01-03"
"MEX.15.86_1","Temascalcingo","GADM2","3.6","MX","Lifestyle Services","0.4032366887564737","19.938174238005097","-100.03966611307597","2026-01-03"
"MEX.15.86_1","Temascalcingo","GADM2","3.6","MX","All","0.36412187398624335","19.938174238005097","-100.03966611307597","2026-01-03"
"MEX.15.86_1","Temascalcingo","GADM2","3.6","MX","Grocery & Convenience Stores","0.3589814242659869","19.938174238005097","-100.03966611307597","2026-01-03"
"MEX.15.86_1","Temascalcingo","GADM2","3.6","MX","Professional Services","0.5815647798345509","19.938174238005097","-100.03966611307597","2026-01-03"
"MEX.29.34_1","Tlaxcala","GADM2","3.6","MX","Lifestyle Services","0.41156456700237987","19.323911014633886","-98.16207807124633","2026-01-03"
"MEX.29.34_1","Tlaxcala","GADM2","3.6","MX","Business & Utility Services","0.4878993135549116","19.323911014633886","-98.16207807124633","2026-01-03"
"MEX.29.34_1","Tlaxcala","GADM2","3.6","MX","Home Services","0.41397539097053976","19.323911014633886","-98.16207807124633","2026-01-03"
"MEX.29.34_1","Tlaxcala","GADM2","3.6","MX","Professional Services","0.5251648136478898","19.323911014633886","-98.16207807124633","2026-01-03"
"MEX.29.34_1","Tlaxcala","GADM2","3.6","MX","Restaurants","0.5960561115945089","19.323911014633886","-98.16207807124633","2026-01-03"
"MEX.29.34_1","Tlaxcala","GADM2","3.6","MX","Grocery & Convenience Stores","0.5964455622572231","19.323911014633886","-98.16207807124633","2026-01-03"
"MEX.29.34_1","Tlaxcala","GADM2","3.6","MX","Retail","0.5256507459064307","19.323911014633886","-98.16207807124633","2026-01-03"
"MEX.29.34_1","Tlaxcala","GADM2","3.6","MX","All","0.4677213670524737","19.323911014633886","-98.16207807124633","2026-01-03"
"MEX.15.90_1","Tenango del Aire","GADM2","3.6","MX","Restaurants","0.5403267009714341","19.126281793536112","-98.8027499425971","2026-01-03"
"MEX.15.90_1","Tenango del Aire","GADM2","3.6","MX","Lifestyle Services","0.44638621189173067","19.126281793536112","-98.8027499425971","2026-01-03"
"MEX.15.90_1","Tenango del Aire","GADM2","3.6","MX","Business & Utility Services","0.3278424244472927","19.126281793536112","-98.8027499425971","2026-01-03"
"MEX.15.90_1","Tenango del Aire","GADM2","3.6","MX","All","0.4092465191851756","19.126281793536112","-98.8027499425971","2026-01-03"
"MEX.15.90_1","Tenango del Aire","GADM2","3.6","MX","Public Good","0.4960975769756352","19.126281793536112","-98.8027499425971","2026-01-03"
"MEX.15.90_1","Tenango del Aire","GADM2","3.6","MX","Professional Services","0.46683801348581955","19.126281793536112","-98.8027499425971","2026-01-03"
"MEX.15.90_1","Tenango del Aire","GADM2","3.6","MX","Grocery & Convenience Stores","0.5456550631122503","19.126281793536112","-98.8027499425971","2026-01-03"
"MEX.15.90_1","Tenango del Aire","GADM2","3.6","MX","","0.2894516985509243","19.126281793536112","-98.8027499425971","2026-01-03"
"MEX.15.90_1","Tenango del Aire","GADM2","3.6","MX","Home Services","0.5133621915690146","19.126281793536112","-98.8027499425971","2026-01-03"
"MEX.15.90_1","Tenango del Aire","GADM2","3.6","MX","Retail","0.537885545253861","19.126281793536112","-98.8027499425971","2026-01-03"
"MEX.15.90_1","Tenango del Aire","GADM2","3.6","MX","Local Events","0.44948215346810894","19.126281793536112","-98.8027499425971","2026-01-03"
"MEX.15.33_1","Donato Guerra","GADM2","3.6","MX","Restaurants","0.5574672200928302","19.30036385515412","-100.1313558707526","2026-01-03"
"MEX.15.33_1","Donato Guerra","GADM2","3.6","MX","Travel","0.6599885517199814","19.30036385515412","-100.1313558707526","2026-01-03"
"MEX.15.33_1","Donato Guerra","GADM2","3.6","MX","Retail","0.6413510818265787","19.30036385515412","-100.1313558707526","2026-01-03"
"MEX.15.33_1","Donato Guerra","GADM2","3.6","MX","Professional Services","0.30652156409066234","19.30036385515412","-100.1313558707526","2026-01-03"
"MEX.15.33_1","Donato Guerra","GADM2","3.6","MX","All","0.6177702422998577","19.30036385515412","-100.1313558707526","2026-01-03"
"MEX.30.147_1","Soledad de Doblado","GADM2","3.6","MX","Restaurants","0.49646423911137194","19.073783257318365","-96.41346330017153","2026-01-03"
"MEX.30.147_1","Soledad de Doblado","GADM2","3.6","MX","All","0.6201576111005425","19.073783257318365","-96.41346330017153","2026-01-03"
"MEX.30.147_1","Soledad de Doblado","GADM2","3.6","MX","Lifestyle Services","0.36900870461079716","19.073783257318365","-96.41346330017153","2026-01-03"
"MEX.30.147_1","Soledad de Doblado","GADM2","3.6","MX","Professional Services","0.39007226636384207","19.073783257318365","-96.41346330017153","2026-01-03"
"MEX.30.147_1","Soledad de Doblado","GADM2","3.6","MX","Grocery & Convenience Stores","0.5906456927881975","19.073783257318365","-96.41346330017153","2026-01-03"
"MEX.30.147_1","Soledad de Doblado","GADM2","3.6","MX","Retail","0.696146763781818","19.073783257318365","-96.41346330017153","2026-01-03"
"MEX.15.95_1","Tepetlixpa","GADM2","3.6","MX","Lifestyle Services","0.5991290709360536","19.006964997510806","-98.76928198353473","2026-01-03"
"MEX.15.95_1","Tepetlixpa","GADM2","3.6","MX","Professional Services","0.17410414659359277","19.006964997510806","-98.76928198353473","2026-01-03"
"MEX.15.95_1","Tepetlixpa","GADM2","3.6","MX","Restaurants","0.38039906397068407","19.006964997510806","-98.76928198353473","2026-01-03"
"MEX.15.95_1","Tepetlixpa","GADM2","3.6","MX","Retail","0.6430420079978697","19.006964997510806","-98.76928198353473","2026-01-03"
"MEX.15.95_1","Tepetlixpa","GADM2","3.6","MX","Home Services","0.5375441925642919","19.006964997510806","-98.76928198353473","2026-01-03"
"MEX.15.95_1","Tepetlixpa","GADM2","3.6","MX","All","0.3825496121006416","19.006964997510806","-98.76928198353473","2026-01-03"
"MEX.15.95_1","Tepetlixpa","GADM2","3.6","MX","Public Good","0.5279175915020649","19.006964997510806","-98.76928198353473","2026-01-03"
"MEX.21.174_1","Tlachichuca","GADM2","3.6","MX","All","0.521137516295383","19.176080498915816","-97.28179922591922","2026-01-03"
"MEX.15.16_1","Axapusco","GADM2","3.6","MX","Lifestyle Services","0.4235593654195639","19.744669107219465","-98.69946180347164","2026-01-03"
"MEX.15.16_1","Axapusco","GADM2","3.6","MX","Public Good","0.11075226901604054","19.744669107219465","-98.69946180347164","2026-01-03"
"MEX.15.16_1","Axapusco","GADM2","3.6","MX","Retail","0.5429113743302498","19.744669107219465","-98.69946180347164","2026-01-03"
"MEX.15.16_1","Axapusco","GADM2","3.6","MX","All","0.2345060919336754","19.744669107219465","-98.69946180347164","2026-01-03"
"MEX.15.16_1","Axapusco","GADM2","3.6","MX","Local Events","0.16540349676000843","19.744669107219465","-98.69946180347164","2026-01-03"
"MEX.15.16_1","Axapusco","GADM2","3.6","MX","Travel","0.702118689539333","19.744669107219465","-98.69946180347164","2026-01-03"
"MEX.15.16_1","Axapusco","GADM2","3.6","MX","Home Services","0.3720877174883723","19.744669107219465","-98.69946180347164","2026-01-03"
"MEX.15.16_1","Axapusco","GADM2","3.6","MX","Restaurants","0.2030663891140752","19.744669107219465","-98.69946180347164","2026-01-03"
"MEX.15.16_1","Axapusco","GADM2","3.6","MX","Grocery & Convenience Stores","0.5421916351380284","19.744669107219465","-98.69946180347164","2026-01-03"
"MEX.15.16_1","Axapusco","GADM2","3.6","MX","Professional Services","0.24597986524863474","19.744669107219465","-98.69946180347164","2026-01-03"
"MEX.15.16_1","Axapusco","GADM2","3.6","MX","Business & Utility Services","0.4942443592522932","19.744669107219465","-98.69946180347164","2026-01-03"
"MEX.21.80_1","Huitziltepec","GADM2","3.6","MX","All","0.38935530945585023","18.81366062404349","-97.76645932891782","2026-01-03"
"MEX.16.74_1","Puruándiro","GADM2","3.6","MX","Travel","0.4607915184481484","20.096255505795426","-101.55899998639093","2026-01-03"
"MEX.16.74_1","Puruándiro","GADM2","3.6","MX","Professional Services","0.41073983153736204","20.096255505795426","-101.55899998639093","2026-01-03"
"MEX.16.74_1","Puruándiro","GADM2","3.6","MX","Retail","0.4400258867231926","20.096255505795426","-101.55899998639093","2026-01-03"
"MEX.16.74_1","Puruándiro","GADM2","3.6","MX","Public Good","0.41711088797737933","20.096255505795426","-101.55899998639093","2026-01-03"
"MEX.16.74_1","Puruándiro","GADM2","3.6","MX","All","0.41148590494706777","20.096255505795426","-101.55899998639093","2026-01-03"
"MEX.16.74_1","Puruándiro","GADM2","3.6","MX","Restaurants","0.2635125569895731","20.096255505795426","-101.55899998639093","2026-01-03"
"MEX.16.74_1","Puruándiro","GADM2","3.6","MX","Home Services","0.6737667831040322","20.096255505795426","-101.55899998639093","2026-01-03"
"MEX.16.74_1","Puruándiro","GADM2","3.6","MX","Grocery & Convenience Stores","0.48457212246798864","20.096255505795426","-101.55899998639093","2026-01-03"
"MEX.16.74_1","Puruándiro","GADM2","3.6","MX","Lifestyle Services","0.31165661617219875","20.096255505795426","-101.55899998639093","2026-01-03"
"MEX.16.74_1","Puruándiro","GADM2","3.6","MX","Business & Utility Services","0.3712338681900095","20.096255505795426","-101.55899998639093","2026-01-03"
"MEX.21.91_1","Juan Galindo","GADM2","3.6","MX","All","0.4781607714461272","20.240173769920563","-97.91729222052399","2026-01-03"
"MEX.21.91_1","Juan Galindo","GADM2","3.6","MX","Retail","0.48894385397989865","20.240173769920563","-97.91729222052399","2026-01-03"
"MEX.13.37_1","Metztitlán","GADM2","3.6","MX","Travel","0.5139786109104707","20.590650076866567","-98.76532105102643","2026-01-03"
"MEX.13.37_1","Metztitlán","GADM2","3.6","MX","Home Services","0.38607160783705075","20.590650076866567","-98.76532105102643","2026-01-03"
"MEX.13.37_1","Metztitlán","GADM2","3.6","MX","Lifestyle Services","0.4938604526166487","20.590650076866567","-98.76532105102643","2026-01-03"
"MEX.13.37_1","Metztitlán","GADM2","3.6","MX","All","0.4204519396251713","20.590650076866567","-98.76532105102643","2026-01-03"
"MEX.13.37_1","Metztitlán","GADM2","3.6","MX","Professional Services","0.27397046703891237","20.590650076866567","-98.76532105102643","2026-01-03"
"MEX.13.37_1","Metztitlán","GADM2","3.6","MX","Retail","0.5306878205844244","20.590650076866567","-98.76532105102643","2026-01-03"
"MEX.13.37_1","Metztitlán","GADM2","3.6","MX","Business & Utility Services","0.5990094806071038","20.590650076866567","-98.76532105102643","2026-01-03"
"MEX.13.37_1","Metztitlán","GADM2","3.6","MX","Grocery & Convenience Stores","0.6839608368695969","20.590650076866567","-98.76532105102643","2026-01-03"
"MEX.13.37_1","Metztitlán","GADM2","3.6","MX","Public Good","0.4117937028327164","20.590650076866567","-98.76532105102643","2026-01-03"
"MEX.13.37_1","Metztitlán","GADM2","3.6","MX","Restaurants","0.3710307962279823","20.590650076866567","-98.76532105102643","2026-01-03"
"MEX.19.13_1","Doctor Arroyo","GADM2","3.6","MX","All","0.3074211099882094","23.877205753583233","-100.31863301009177","2026-01-03"
"MEX.19.13_1","Doctor Arroyo","GADM2","3.6","MX","Home Services","0.5328425858337711","23.877205753583233","-100.31863301009177","2026-01-03"
"MEX.19.13_1","Doctor Arroyo","GADM2","3.6","MX","Lifestyle Services","0.2722531433582081","23.877205753583233","-100.31863301009177","2026-01-03"
"MEX.19.13_1","Doctor Arroyo","GADM2","3.6","MX","Professional Services","0.33513361513729417","23.877205753583233","-100.31863301009177","2026-01-03"
"MEX.19.13_1","Doctor Arroyo","GADM2","3.6","MX","Restaurants","0.18520292745618744","23.877205753583233","-100.31863301009177","2026-01-03"
"MEX.19.13_1","Doctor Arroyo","GADM2","3.6","MX","Retail","0.30845429348837977","23.877205753583233","-100.31863301009177","2026-01-03"
"MEX.14.33_1","Degollado","GADM2","3.6","MX","Lifestyle Services","0.21495538825908772","20.426289638910767","-102.16376152750469","2026-01-03"
"MEX.14.33_1","Degollado","GADM2","3.6","MX","Business & Utility Services","0.48920017734847404","20.426289638910767","-102.16376152750469","2026-01-03"
"MEX.14.33_1","Degollado","GADM2","3.6","MX","Retail","0.3462886838732642","20.426289638910767","-102.16376152750469","2026-01-03"
"MEX.14.33_1","Degollado","GADM2","3.6","MX","Home Services","0.34238216815416667","20.426289638910767","-102.16376152750469","2026-01-03"
"MEX.14.33_1","Degollado","GADM2","3.6","MX","Professional Services","0.6883610402097216","20.426289638910767","-102.16376152750469","2026-01-03"
"MEX.14.33_1","Degollado","GADM2","3.6","MX","All","0.4018230250846256","20.426289638910767","-102.16376152750469","2026-01-03"
"MEX.14.33_1","Degollado","GADM2","3.6","MX","Restaurants","0.5053089945276703","20.426289638910767","-102.16376152750469","2026-01-03"
"MEX.11.3_1","Allende","GADM2","3.6","MX","Home Services","0.3982317711684861","20.910429441285142","-100.7732910685422","2026-01-03"
"MEX.11.3_1","Allende","GADM2","3.6","MX","","0.3856770572408254","20.910429441285142","-100.7732910685422","2026-01-03"
"MEX.11.3_1","Allende","GADM2","3.6","MX","Business & Utility Services","0.3426015567741946","20.910429441285142","-100.7732910685422","2026-01-03"
"MEX.11.3_1","Allende","GADM2","3.6","MX","Retail","0.3424929548039358","20.910429441285142","-100.7732910685422","2026-01-03"
"MEX.11.3_1","Allende","GADM2","3.6","MX","Public Good","0.14759522696730026","20.910429441285142","-100.7732910685422","2026-01-03"
"MEX.11.3_1","Allende","GADM2","3.6","MX","All","0.325286728644899","20.910429441285142","-100.7732910685422","2026-01-03"
"MEX.11.3_1","Allende","GADM2","3.6","MX","Restaurants","0.39209971026967205","20.910429441285142","-100.7732910685422","2026-01-03"
"MEX.11.3_1","Allende","GADM2","3.6","MX","Local Events","0.4752984037246793","20.910429441285142","-100.7732910685422","2026-01-03"
"MEX.11.3_1","Allende","GADM2","3.6","MX","Manufacturing","0.5560171939876736","20.910429441285142","-100.7732910685422","2026-01-03"
"MEX.11.3_1","Allende","GADM2","3.6","MX","Grocery & Convenience Stores","0.510230701917767","20.910429441285142","-100.7732910685422","2026-01-03"
"MEX.11.3_1","Allende","GADM2","3.6","MX","Travel","0.3626679120799978","20.910429441285142","-100.7732910685422","2026-01-03"
"MEX.11.3_1","Allende","GADM2","3.6","MX","Lifestyle Services","0.3587456582613172","20.910429441285142","-100.7732910685422","2026-01-03"
"MEX.11.3_1","Allende","GADM2","3.6","MX","Professional Services","0.2837749623400029","20.910429441285142","-100.7732910685422","2026-01-03"
"MEX.29.25_1","Sanctórum de Lázaro Cárdenas","GADM2","3.6","MX","All","0.5597035714117531","19.524438454750918","-98.3911263439846","2026-01-03"
"MEX.29.25_1","Sanctórum de Lázaro Cárdenas","GADM2","3.6","MX","Retail","0.6018428072617772","19.524438454750918","-98.3911263439846","2026-01-03"
"MEX.29.33_1","Tetlatlahuca","GADM2","3.6","MX","Professional Services","0.374430064098426","19.255335662478725","-98.16891707908218","2026-01-03"
"MEX.29.33_1","Tetlatlahuca","GADM2","3.6","MX","Retail","0.19060313575524962","19.255335662478725","-98.16891707908218","2026-01-03"
"MEX.29.33_1","Tetlatlahuca","GADM2","3.6","MX","All","0.3558459133007288","19.255335662478725","-98.16891707908218","2026-01-03"
"MEX.29.33_1","Tetlatlahuca","GADM2","3.6","MX","Restaurants","0.7500058619953955","19.255335662478725","-98.16891707908218","2026-01-03"
"MEX.29.33_1","Tetlatlahuca","GADM2","3.6","MX","Home Services","0.5075564224197149","19.255335662478725","-98.16891707908218","2026-01-03"
"MEX.13.62_1","Tepehuacán de Guerrero","GADM2","3.6","MX","All","0.3666599632108862","21.08641242268369","-98.82271991210155","2026-01-03"
"MEX.13.62_1","Tepehuacán de Guerrero","GADM2","3.6","MX","Restaurants","0.32831919494923717","21.08641242268369","-98.82271991210155","2026-01-03"
"MEX.13.62_1","Tepehuacán de Guerrero","GADM2","3.6","MX","Retail","0.4222173137043242","21.08641242268369","-98.82271991210155","2026-01-03"
"MEX.16.46_1","José Sixto Verduzco","GADM2","3.6","MX","Professional Services","0.4015094771723825","20.24724451460828","-101.5689331543438","2026-01-03"
"MEX.16.46_1","José Sixto Verduzco","GADM2","3.6","MX","All","0.7710466873586721","20.24724451460828","-101.5689331543438","2026-01-03"
"MEX.16.46_1","José Sixto Verduzco","GADM2","3.6","MX","Restaurants","0.6543607967028394","20.24724451460828","-101.5689331543438","2026-01-03"
"MEX.16.46_1","José Sixto Verduzco","GADM2","3.6","MX","Home Services","0.8059786759324193","20.24724451460828","-101.5689331543438","2026-01-03"
"MEX.16.46_1","José Sixto Verduzco","GADM2","3.6","MX","Retail","0.6304782236460469","20.24724451460828","-101.5689331543438","2026-01-03"
"MEX.15.37_1","Huehuetoca","GADM2","3.6","MX","Lifestyle Services","0.324749169846258","19.767800937211575","-99.23103521522117","2026-01-03"
"MEX.15.37_1","Huehuetoca","GADM2","3.6","MX","Professional Services","0.3400554108884743","19.767800937211575","-99.23103521522117","2026-01-03"
"MEX.15.37_1","Huehuetoca","GADM2","3.6","MX","Local Events","0.3404945026073767","19.767800937211575","-99.23103521522117","2026-01-03"
"MEX.15.37_1","Huehuetoca","GADM2","3.6","MX","Public Good","0.3396765640882261","19.767800937211575","-99.23103521522117","2026-01-03"
"MEX.15.37_1","Huehuetoca","GADM2","3.6","MX","Restaurants","0.29448041523379226","19.767800937211575","-99.23103521522117","2026-01-03"
"MEX.15.37_1","Huehuetoca","GADM2","3.6","MX","Home Services","0.22600168682998895","19.767800937211575","-99.23103521522117","2026-01-03"
"MEX.15.37_1","Huehuetoca","GADM2","3.6","MX","Travel","0.31094170267305987","19.767800937211575","-99.23103521522117","2026-01-03"
"MEX.15.37_1","Huehuetoca","GADM2","3.6","MX","Retail","0.27895268030419895","19.767800937211575","-99.23103521522117","2026-01-03"
"MEX.15.37_1","Huehuetoca","GADM2","3.6","MX","","0.23078446148493661","19.767800937211575","-99.23103521522117","2026-01-03"
"MEX.15.37_1","Huehuetoca","GADM2","3.6","MX","Business & Utility Services","0.2627616193802657","19.767800937211575","-99.23103521522117","2026-01-03"
"MEX.15.37_1","Huehuetoca","GADM2","3.6","MX","All","0.2554513338780138","19.767800937211575","-99.23103521522117","2026-01-03"
"MEX.15.37_1","Huehuetoca","GADM2","3.6","MX","Grocery & Convenience Stores","0.6960274741114487","19.767800937211575","-99.23103521522117","2026-01-03"
"MEX.15.37_1","Huehuetoca","GADM2","3.6","MX","Manufacturing","0.40887976478086197","19.767800937211575","-99.23103521522117","2026-01-03"
"MEX.30.63_1","Espinal","GADM2","3.6","MX","All","0.49924405759858154","20.321728683006587","-97.41210382283474","2026-01-03"
"MEX.15.50_1","Jocotitlán","GADM2","3.6","MX","Lifestyle Services","0.2697763864325101","19.72059650784804","-99.75700059107437","2026-01-03"
"MEX.15.50_1","Jocotitlán","GADM2","3.6","MX","Home Services","0.3856971285128581","19.72059650784804","-99.75700059107437","2026-01-03"
"MEX.15.50_1","Jocotitlán","GADM2","3.6","MX","Professional Services","0.26151575746394423","19.72059650784804","-99.75700059107437","2026-01-03"
"MEX.15.50_1","Jocotitlán","GADM2","3.6","MX","Travel","0.2863487257872142","19.72059650784804","-99.75700059107437","2026-01-03"
"MEX.15.50_1","Jocotitlán","GADM2","3.6","MX","Public Good","0.3493376644350154","19.72059650784804","-99.75700059107437","2026-01-03"
"MEX.15.50_1","Jocotitlán","GADM2","3.6","MX","Local Events","0.4104425563003487","19.72059650784804","-99.75700059107437","2026-01-03"
"MEX.15.50_1","Jocotitlán","GADM2","3.6","MX","Grocery & Convenience Stores","0.4033283914154886","19.72059650784804","-99.75700059107437","2026-01-03"
"MEX.15.50_1","Jocotitlán","GADM2","3.6","MX","Retail","0.3332534137324442","19.72059650784804","-99.75700059107437","2026-01-03"
"MEX.15.50_1","Jocotitlán","GADM2","3.6","MX","Restaurants","0.2430431019450387","19.72059650784804","-99.75700059107437","2026-01-03"
"MEX.15.50_1","Jocotitlán","GADM2","3.6","MX","All","0.26668457816720637","19.72059650784804","-99.75700059107437","2026-01-03"
"MEX.15.50_1","Jocotitlán","GADM2","3.6","MX","","0.4519093098629662","19.72059650784804","-99.75700059107437","2026-01-03"
"MEX.15.50_1","Jocotitlán","GADM2","3.6","MX","Business & Utility Services","0.31259165301792796","19.72059650784804","-99.75700059107437","2026-01-03"
"MEX.13.2_1","Acaxochitlán","GADM2","3.6","MX","All","0.753847097252773","20.181084311957022","-98.15995366416217","2026-01-03"
"MEX.20.28_1","Dist. Yautepec","GADM2","3.6","MX","Public Good","0.31007186773860457","16.50029248539703","-96.08779889846947","2026-01-03"
"MEX.20.28_1","Dist. Yautepec","GADM2","3.6","MX","Grocery & Convenience Stores","0.5315961985721614","16.50029248539703","-96.08779889846947","2026-01-03"
"MEX.20.28_1","Dist. Yautepec","GADM2","3.6","MX","Retail","0.5694394565473322","16.50029248539703","-96.08779889846947","2026-01-03"
"MEX.20.28_1","Dist. Yautepec","GADM2","3.6","MX","All","0.6458252928672881","16.50029248539703","-96.08779889846947","2026-01-03"
"MEX.20.28_1","Dist. Yautepec","GADM2","3.6","MX","Restaurants","0.6916519310041606","16.50029248539703","-96.08779889846947","2026-01-03"
"MEX.15.119_1","Zinacatepec","GADM2","3.6","MX","Retail","0.3330600240002684","19.16440676909295","-99.77380450890057","2026-01-03"
"MEX.15.119_1","Zinacatepec","GADM2","3.6","MX","All","0.27278583884212315","19.16440676909295","-99.77380450890057","2026-01-03"
"MEX.15.119_1","Zinacatepec","GADM2","3.6","MX","Professional Services","0.28926268529356264","19.16440676909295","-99.77380450890057","2026-01-03"
"MEX.16.67_1","Panindícuaro","GADM2","3.6","MX","Restaurants","0.5519574216403951","19.982983778772034","-101.81047634060675","2026-01-03"
"MEX.16.67_1","Panindícuaro","GADM2","3.6","MX","Home Services","0.555547032852746","19.982983778772034","-101.81047634060675","2026-01-03"
"MEX.16.67_1","Panindícuaro","GADM2","3.6","MX","Retail","0.32833041075356","19.982983778772034","-101.81047634060675","2026-01-03"
"MEX.16.67_1","Panindícuaro","GADM2","3.6","MX","All","0.5015574973556901","19.982983778772034","-101.81047634060675","2026-01-03"
"MEX.24.3_1","Aquismón","GADM2","3.6","MX","Local Events","0.414180691251658","21.75019042515159","-99.13902348869632","2026-01-03"
"MEX.24.3_1","Aquismón","GADM2","3.6","MX","All","0.40337098350477235","21.75019042515159","-99.13902348869632","2026-01-03"
"MEX.24.3_1","Aquismón","GADM2","3.6","MX","Travel","0.2687794806370273","21.75019042515159","-99.13902348869632","2026-01-03"
"MEX.24.3_1","Aquismón","GADM2","3.6","MX","Retail","0.7155029881468519","21.75019042515159","-99.13902348869632","2026-01-03"
"MEX.24.3_1","Aquismón","GADM2","3.6","MX","Professional Services","0.37586713761482443","21.75019042515159","-99.13902348869632","2026-01-03"
"MEX.24.3_1","Aquismón","GADM2","3.6","MX","Home Services","0.26998887767135865","21.75019042515159","-99.13902348869632","2026-01-03"
"MEX.24.3_1","Aquismón","GADM2","3.6","MX","Restaurants","0.43296445273718","21.75019042515159","-99.13902348869632","2026-01-03"
"MEX.22.7_1","Ezequiel Montes","GADM2","3.6","MX","Home Services","0.47293108321926464","20.66877089623855","-99.87857458476155","2026-01-03"
"MEX.22.7_1","Ezequiel Montes","GADM2","3.6","MX","Restaurants","0.6546470291972425","20.66877089623855","-99.87857458476155","2026-01-03"
"MEX.22.7_1","Ezequiel Montes","GADM2","3.6","MX","Retail","0.6423306594191125","20.66877089623855","-99.87857458476155","2026-01-03"
"MEX.22.7_1","Ezequiel Montes","GADM2","3.6","MX","Professional Services","0.24717239763747764","20.66877089623855","-99.87857458476155","2026-01-03"
"MEX.22.7_1","Ezequiel Montes","GADM2","3.6","MX","Lifestyle Services","0.4368980102819714","20.66877089623855","-99.87857458476155","2026-01-03"
"MEX.22.7_1","Ezequiel Montes","GADM2","3.6","MX","Manufacturing","0.5538751903727921","20.66877089623855","-99.87857458476155","2026-01-03"
"MEX.22.7_1","Ezequiel Montes","GADM2","3.6","MX","Grocery & Convenience Stores","0.6370014590256179","20.66877089623855","-99.87857458476155","2026-01-03"
"MEX.22.7_1","Ezequiel Montes","GADM2","3.6","MX","Public Good","0.517702228481963","20.66877089623855","-99.87857458476155","2026-01-03"
"MEX.22.7_1","Ezequiel Montes","GADM2","3.6","MX","All","0.47001519890373417","20.66877089623855","-99.87857458476155","2026-01-03"
"MEX.22.7_1","Ezequiel Montes","GADM2","3.6","MX","Business & Utility Services","0.5485691586226398","20.66877089623855","-99.87857458476155","2026-01-03"
"MEX.22.7_1","Ezequiel Montes","GADM2","3.6","MX","Local Events","0.4218501887829705","20.66877089623855","-99.87857458476155","2026-01-03"
"MEX.22.7_1","Ezequiel Montes","GADM2","3.6","MX","Travel","0.41291997195243146","20.66877089623855","-99.87857458476155","2026-01-03"
"MEX.22.7_1","Ezequiel Montes","GADM2","3.6","MX","","0.6469987781620782","20.66877089623855","-99.87857458476155","2026-01-03"
"MEX.30.78_1","Ixhuatlán del Café","GADM2","3.6","MX","All","0.8136090324887973","19.034243957351425","-96.84592167397928","2026-01-03"
"MEX.14.64_1","Mazamitla","GADM2","3.6","MX","Home Services","0.5951927710143582","19.86558814858025","-103.0721111529789","2026-01-03"
"MEX.14.64_1","Mazamitla","GADM2","3.6","MX","Public Good","0.35249569177540024","19.86558814858025","-103.0721111529789","2026-01-03"
"MEX.14.64_1","Mazamitla","GADM2","3.6","MX","Travel","0.40494225719573207","19.86558814858025","-103.0721111529789","2026-01-03"
"MEX.14.64_1","Mazamitla","GADM2","3.6","MX","All","0.49464944098069924","19.86558814858025","-103.0721111529789","2026-01-03"
"MEX.14.64_1","Mazamitla","GADM2","3.6","MX","Restaurants","0.5970948781019974","19.86558814858025","-103.0721111529789","2026-01-03"
"MEX.14.64_1","Mazamitla","GADM2","3.6","MX","Lifestyle Services","0.5819029972225408","19.86558814858025","-103.0721111529789","2026-01-03"
"MEX.14.64_1","Mazamitla","GADM2","3.6","MX","Professional Services","0.379702657973383","19.86558814858025","-103.0721111529789","2026-01-03"
"MEX.14.64_1","Mazamitla","GADM2","3.6","MX","Business & Utility Services","0.3320563470785815","19.86558814858025","-103.0721111529789","2026-01-03"
"MEX.14.64_1","Mazamitla","GADM2","3.6","MX","Retail","0.6290987812193377","19.86558814858025","-103.0721111529789","2026-01-03"
"MEX.14.64_1","Mazamitla","GADM2","3.6","MX","Local Events","0.634522195875374","19.86558814858025","-103.0721111529789","2026-01-03"
"MEX.14.64_1","Mazamitla","GADM2","3.6","MX","Grocery & Convenience Stores","0.5958250607496186","19.86558814858025","-103.0721111529789","2026-01-03"
"MEX.13.28_1","Huejutla de Reyes","GADM2","3.6","MX","Grocery & Convenience Stores","0.22262608075173862","21.14524079029029","-98.42920042387283","2026-01-03"
"MEX.13.28_1","Huejutla de Reyes","GADM2","3.6","MX","All","0.3731808775921917","21.14524079029029","-98.42920042387283","2026-01-03"
"MEX.13.28_1","Huejutla de Reyes","GADM2","3.6","MX","Public Good","0.37806434947448503","21.14524079029029","-98.42920042387283","2026-01-03"
"MEX.13.28_1","Huejutla de Reyes","GADM2","3.6","MX","Local Events","0.5572245088173703","21.14524079029029","-98.42920042387283","2026-01-03"
"MEX.13.28_1","Huejutla de Reyes","GADM2","3.6","MX","Home Services","0.5242183375722776","21.14524079029029","-98.42920042387283","2026-01-03"
"MEX.13.28_1","Huejutla de Reyes","GADM2","3.6","MX","Business & Utility Services","0.22466410927160968","21.14524079029029","-98.42920042387283","2026-01-03"
"MEX.13.28_1","Huejutla de Reyes","GADM2","3.6","MX","Restaurants","0.2679300019924772","21.14524079029029","-98.42920042387283","2026-01-03"
"MEX.13.28_1","Huejutla de Reyes","GADM2","3.6","MX","Professional Services","0.30391929135132223","21.14524079029029","-98.42920042387283","2026-01-03"
"MEX.13.28_1","Huejutla de Reyes","GADM2","3.6","MX","","0.292356625397456","21.14524079029029","-98.42920042387283","2026-01-03"
"MEX.13.28_1","Huejutla de Reyes","GADM2","3.6","MX","Retail","0.5777589949000914","21.14524079029029","-98.42920042387283","2026-01-03"
"MEX.13.28_1","Huejutla de Reyes","GADM2","3.6","MX","Travel","0.40786905905359444","21.14524079029029","-98.42920042387283","2026-01-03"
"MEX.13.28_1","Huejutla de Reyes","GADM2","3.6","MX","Lifestyle Services","0.540163080431691","21.14524079029029","-98.42920042387283","2026-01-03"
"MEX.21.10_1","Ajalpan","GADM2","3.6","MX","All","0.4439927640660923","18.412644668295066","-97.05497036376882","2026-01-03"
"MEX.15.88_1","Temoaya","GADM2","3.6","MX","Restaurants","0.2417697218259312","19.44464246586626","-99.57689463592233","2026-01-03"
"MEX.15.88_1","Temoaya","GADM2","3.6","MX","Retail","0.3670205446075717","19.44464246586626","-99.57689463592233","2026-01-03"
"MEX.15.88_1","Temoaya","GADM2","3.6","MX","","0.4141580548370358","19.44464246586626","-99.57689463592233","2026-01-03"
"MEX.15.88_1","Temoaya","GADM2","3.6","MX","Travel","0.37073796826533767","19.44464246586626","-99.57689463592233","2026-01-03"
"MEX.15.88_1","Temoaya","GADM2","3.6","MX","Local Events","0.30822482616796015","19.44464246586626","-99.57689463592233","2026-01-03"
"MEX.15.88_1","Temoaya","GADM2","3.6","MX","Grocery & Convenience Stores","0.5029305128973848","19.44464246586626","-99.57689463592233","2026-01-03"
"MEX.15.88_1","Temoaya","GADM2","3.6","MX","Business & Utility Services","0.2938334773658512","19.44464246586626","-99.57689463592233","2026-01-03"
"MEX.15.88_1","Temoaya","GADM2","3.6","MX","Manufacturing","0.4763101255669269","19.44464246586626","-99.57689463592233","2026-01-03"
"MEX.15.88_1","Temoaya","GADM2","3.6","MX","All","0.28073510533593604","19.44464246586626","-99.57689463592233","2026-01-03"
"MEX.15.88_1","Temoaya","GADM2","3.6","MX","Public Good","0.41514359999523265","19.44464246586626","-99.57689463592233","2026-01-03"
"MEX.15.88_1","Temoaya","GADM2","3.6","MX","Lifestyle Services","0.3226982585715693","19.44464246586626","-99.57689463592233","2026-01-03"
"MEX.15.88_1","Temoaya","GADM2","3.6","MX","Home Services","0.47774368903197517","19.44464246586626","-99.57689463592233","2026-01-03"
"MEX.15.88_1","Temoaya","GADM2","3.6","MX","Professional Services","0.29408187449530127","19.44464246586626","-99.57689463592233","2026-01-03"
"MEX.30.141_1","San Juan Evangelista","GADM2","3.6","MX","All","0.5720676474051729","17.847794091133302","-95.13864396978187","2026-01-03"
"MEX.21.38_1","Chignahuapan","GADM2","3.6","MX","Lifestyle Services","0.29562813122339204","19.850215640641423","-98.03961856543955","2026-01-03"
"MEX.21.38_1","Chignahuapan","GADM2","3.6","MX","Restaurants","0.3650031654045192","19.850215640641423","-98.03961856543955","2026-01-03"
"MEX.21.38_1","Chignahuapan","GADM2","3.6","MX","Grocery & Convenience Stores","0.3970063547546693","19.850215640641423","-98.03961856543955","2026-01-03"
"MEX.21.38_1","Chignahuapan","GADM2","3.6","MX","Public Good","0.5430980626825603","19.850215640641423","-98.03961856543955","2026-01-03"
"MEX.21.38_1","Chignahuapan","GADM2","3.6","MX","Home Services","0.36847914848544067","19.850215640641423","-98.03961856543955","2026-01-03"
"MEX.21.38_1","Chignahuapan","GADM2","3.6","MX","Business & Utility Services","0.40557592892420097","19.850215640641423","-98.03961856543955","2026-01-03"
"MEX.21.38_1","Chignahuapan","GADM2","3.6","MX","Retail","0.263369771150783","19.850215640641423","-98.03961856543955","2026-01-03"
"MEX.21.38_1","Chignahuapan","GADM2","3.6","MX","Local Events","0.3722651817333586","19.850215640641423","-98.03961856543955","2026-01-03"
"MEX.21.38_1","Chignahuapan","GADM2","3.6","MX","","0.23933125282425058","19.850215640641423","-98.03961856543955","2026-01-03"
"MEX.21.38_1","Chignahuapan","GADM2","3.6","MX","Professional Services","0.29623616417465337","19.850215640641423","-98.03961856543955","2026-01-03"
"MEX.21.38_1","Chignahuapan","GADM2","3.6","MX","All","0.2657962071033836","19.850215640641423","-98.03961856543955","2026-01-03"
"MEX.21.38_1","Chignahuapan","GADM2","3.6","MX","Travel","0.5122385265204809","19.850215640641423","-98.03961856543955","2026-01-03"
"MEX.16.97_1","Turicato","GADM2","3.6","MX","Retail","0.41272074493565014","18.910993677349094","-101.40771536790626","2026-01-03"
"MEX.16.97_1","Turicato","GADM2","3.6","MX","Professional Services","0.22962484498110244","18.910993677349094","-101.40771536790626","2026-01-03"
"MEX.16.97_1","Turicato","GADM2","3.6","MX","All","0.4263633545186289","18.910993677349094","-101.40771536790626","2026-01-03"
"MEX.30.148_1","Soteapan","GADM2","3.6","MX","All","0.42219434062422995","18.29585546426641","-94.87613248788554","2026-01-03"
"MEX.16.49_1","La Huacana","GADM2","3.6","MX","All","0.35205314813481925","18.85335071533498","-101.9161424318676","2026-01-03"
"MEX.16.49_1","La Huacana","GADM2","3.6","MX","Restaurants","0.2412311758365202","18.85335071533498","-101.9161424318676","2026-01-03"
"MEX.16.49_1","La Huacana","GADM2","3.6","MX","Professional Services","0.309505371976167","18.85335071533498","-101.9161424318676","2026-01-03"
"MEX.16.49_1","La Huacana","GADM2","3.6","MX","Retail","0.48933185909195903","18.85335071533498","-101.9161424318676","2026-01-03"
"MEX.30.129_1","Platón Sánchez","GADM2","3.6","MX","All","0.36669589897668586","21.333320868151926","-98.38788704424103","2026-01-03"
"MEX.21.127_1","San José Miahuatlán","GADM2","3.6","MX","Restaurants","0.3927366340942068","18.23429699846766","-97.18807748274234","2026-01-03"
"MEX.21.127_1","San José Miahuatlán","GADM2","3.6","MX","All","0.5179982578252533","18.23429699846766","-97.18807748274234","2026-01-03"
"MEX.14.8_1","Arandas","GADM2","3.6","MX","Professional Services","0.4249288716805539","20.723468364062022","-102.35845109140607","2026-01-03"
"MEX.14.8_1","Arandas","GADM2","3.6","MX","Home Services","0.4367865637932188","20.723468364062022","-102.35845109140607","2026-01-03"
"MEX.14.8_1","Arandas","GADM2","3.6","MX","Retail","0.4118914844847051","20.723468364062022","-102.35845109140607","2026-01-03"
"MEX.14.8_1","Arandas","GADM2","3.6","MX","","0.48963687519817956","20.723468364062022","-102.35845109140607","2026-01-03"
"MEX.14.8_1","Arandas","GADM2","3.6","MX","All","0.40747668962784933","20.723468364062022","-102.35845109140607","2026-01-03"
"MEX.14.8_1","Arandas","GADM2","3.6","MX","Business & Utility Services","0.34286396484859594","20.723468364062022","-102.35845109140607","2026-01-03"
"MEX.14.8_1","Arandas","GADM2","3.6","MX","Travel","0.40786726249078814","20.723468364062022","-102.35845109140607","2026-01-03"
"MEX.14.8_1","Arandas","GADM2","3.6","MX","Public Good","0.48054332419345885","20.723468364062022","-102.35845109140607","2026-01-03"
"MEX.14.8_1","Arandas","GADM2","3.6","MX","Restaurants","0.409328665132883","20.723468364062022","-102.35845109140607","2026-01-03"
"MEX.14.8_1","Arandas","GADM2","3.6","MX","Local Events","0.4371029994735089","20.723468364062022","-102.35845109140607","2026-01-03"
"MEX.14.8_1","Arandas","GADM2","3.6","MX","Manufacturing","0.4518683344676215","20.723468364062022","-102.35845109140607","2026-01-03"
"MEX.14.8_1","Arandas","GADM2","3.6","MX","Lifestyle Services","0.36524332725185565","20.723468364062022","-102.35845109140607","2026-01-03"
"MEX.14.8_1","Arandas","GADM2","3.6","MX","Grocery & Convenience Stores","0.5623217421315237","20.723468364062022","-102.35845109140607","2026-01-03"
"MEX.12.3_1","Ajuchitlán del Progreso","GADM2","3.6","MX","All","0.17656981970110255","17.88510631832404","-100.58440088219024","2026-01-03"
"MEX.12.3_1","Ajuchitlán del Progreso","GADM2","3.6","MX","Retail","0.16267159613864735","17.88510631832404","-100.58440088219024","2026-01-03"
"MEX.13.12_1","Atotonilco el Grande","GADM2","3.6","MX","All","0.21845267010065655","20.35861220460179","-98.61889459799127","2026-01-03"
"MEX.12.13_1","Azoyú","GADM2","3.6","MX","All","0.4482011015569907","16.674868794174266","-98.62413948084514","2026-01-03"
"MEX.12.13_1","Azoyú","GADM2","3.6","MX","Retail","0.4082982911009659","16.674868794174266","-98.62413948084514","2026-01-03"
"MEX.12.13_1","Azoyú","GADM2","3.6","MX","Restaurants","0.4899320348471065","16.674868794174266","-98.62413948084514","2026-01-03"
"MEX.21.32_1","Chiautla","GADM2","3.6","MX","Retail","0.38343055157635053","18.341451346612246","-98.47454542453292","2026-01-03"
"MEX.21.32_1","Chiautla","GADM2","3.6","MX","Professional Services","0.47801696503136515","18.341451346612246","-98.47454542453292","2026-01-03"
"MEX.21.32_1","Chiautla","GADM2","3.6","MX","Home Services","0.5387818305806834","18.341451346612246","-98.47454542453292","2026-01-03"
"MEX.21.32_1","Chiautla","GADM2","3.6","MX","All","0.25990245002563905","18.341451346612246","-98.47454542453292","2026-01-03"
"MEX.21.32_1","Chiautla","GADM2","3.6","MX","Restaurants","0.3140156723218094","18.341451346612246","-98.47454542453292","2026-01-03"
"MEX.21.32_1","Chiautla","GADM2","3.6","MX","Grocery & Convenience Stores","0.2795114438855175","18.341451346612246","-98.47454542453292","2026-01-03"
"MEX.30.105_1","Mecatlán","GADM2","3.6","MX","Restaurants","0.5235059371454596","20.245399902057034","-97.60922138632026","2026-01-03"
"MEX.30.105_1","Mecatlán","GADM2","3.6","MX","Retail","0.600392129890767","20.245399902057034","-97.60922138632026","2026-01-03"
"MEX.30.105_1","Mecatlán","GADM2","3.6","MX","Professional Services","0.4748778423446231","20.245399902057034","-97.60922138632026","2026-01-03"
"MEX.30.105_1","Mecatlán","GADM2","3.6","MX","All","0.6291677594048172","20.245399902057034","-97.60922138632026","2026-01-03"
"MEX.30.164_1","Tepetlán","GADM2","3.6","MX","All","0.3517560294235081","19.674374946763148","-96.71643842432697","2026-01-03"
"MEX.32.51_1","Villa de Cos","GADM2","3.6","MX","Retail","0.17713897683292917","23.536703017129945","-102.22781254017592","2026-01-03"
"MEX.32.51_1","Villa de Cos","GADM2","3.6","MX","All","0.3339397647084521","23.536703017129945","-102.22781254017592","2026-01-03"
"MEX.32.51_1","Villa de Cos","GADM2","3.6","MX","Restaurants","0.29303988622617816","23.536703017129945","-102.22781254017592","2026-01-03"
"MEX.32.51_1","Villa de Cos","GADM2","3.6","MX","Home Services","0.3804364490933332","23.536703017129945","-102.22781254017592","2026-01-03"
"MEX.32.51_1","Villa de Cos","GADM2","3.6","MX","Professional Services","0.4100331988870701","23.536703017129945","-102.22781254017592","2026-01-03"
"MEX.32.51_1","Villa de Cos","GADM2","3.6","MX","Public Good","0.42482436984317185","23.536703017129945","-102.22781254017592","2026-01-03"
"MEX.22.4_1","Colón","GADM2","3.6","MX","Restaurants","0.5307525662133149","20.76364942373332","-100.11679845567095","2026-01-03"
"MEX.22.4_1","Colón","GADM2","3.6","MX","All","0.563298204397295","20.76364942373332","-100.11679845567095","2026-01-03"
"MEX.22.4_1","Colón","GADM2","3.6","MX","Home Services","0.432209743506638","20.76364942373332","-100.11679845567095","2026-01-03"
"MEX.22.4_1","Colón","GADM2","3.6","MX","Grocery & Convenience Stores","0.5325110154328907","20.76364942373332","-100.11679845567095","2026-01-03"
"MEX.22.4_1","Colón","GADM2","3.6","MX","Local Events","0.7229736680093396","20.76364942373332","-100.11679845567095","2026-01-03"
"MEX.22.4_1","Colón","GADM2","3.6","MX","Professional Services","0.3136278447633064","20.76364942373332","-100.11679845567095","2026-01-03"
"MEX.22.4_1","Colón","GADM2","3.6","MX","Business & Utility Services","0.4135423938879147","20.76364942373332","-100.11679845567095","2026-01-03"
"MEX.22.4_1","Colón","GADM2","3.6","MX","Public Good","0.21588396896697845","20.76364942373332","-100.11679845567095","2026-01-03"
"MEX.22.4_1","Colón","GADM2","3.6","MX","Lifestyle Services","0.5601189468774058","20.76364942373332","-100.11679845567095","2026-01-03"
"MEX.22.4_1","Colón","GADM2","3.6","MX","Retail","0.6967636772527249","20.76364942373332","-100.11679845567095","2026-01-03"
"MEX.21.48_1","Coronango","GADM2","3.6","MX","Lifestyle Services","0.5767592716695792","19.161315465125558","-98.19715819455867","2026-01-03"
"MEX.21.48_1","Coronango","GADM2","3.6","MX","Grocery & Convenience Stores","0.521573186100052","19.161315465125558","-98.19715819455867","2026-01-03"
"MEX.21.48_1","Coronango","GADM2","3.6","MX","Public Good","0.6025740067522397","19.161315465125558","-98.19715819455867","2026-01-03"
"MEX.21.48_1","Coronango","GADM2","3.6","MX","Retail","0.49247800788540014","19.161315465125558","-98.19715819455867","2026-01-03"
"MEX.21.48_1","Coronango","GADM2","3.6","MX","Professional Services","0.5228639615041758","19.161315465125558","-98.19715819455867","2026-01-03"
"MEX.21.48_1","Coronango","GADM2","3.6","MX","All","0.544004160679491","19.161315465125558","-98.19715819455867","2026-01-03"
"MEX.21.48_1","Coronango","GADM2","3.6","MX","Home Services","0.6121758377853309","19.161315465125558","-98.19715819455867","2026-01-03"
"MEX.21.48_1","Coronango","GADM2","3.6","MX","Restaurants","0.3409784471674571","19.161315465125558","-98.19715819455867","2026-01-03"
"MEX.21.48_1","Coronango","GADM2","3.6","MX","Business & Utility Services","0.40380293342630763","19.161315465125558","-98.19715819455867","2026-01-03"
"MEX.30.19_1","Atoyac","GADM2","3.6","MX","All","0.4795670640246553","18.933678218983154","-96.7476385481018","2026-01-03"
"MEX.15.48_1","Jilotzingo","GADM2","3.6","MX","Restaurants","0.4936871085850529","19.469636785855737","-99.34855451411617","2026-01-03"
"MEX.15.48_1","Jilotzingo","GADM2","3.6","MX","Retail","0.2673042351218539","19.469636785855737","-99.34855451411617","2026-01-03"
"MEX.15.48_1","Jilotzingo","GADM2","3.6","MX","Professional Services","0.3665851193986373","19.469636785855737","-99.34855451411617","2026-01-03"
"MEX.15.48_1","Jilotzingo","GADM2","3.6","MX","All","0.36586718473664825","19.469636785855737","-99.34855451411617","2026-01-03"
"MEX.15.48_1","Jilotzingo","GADM2","3.6","MX","Public Good","0.6044006788187033","19.469636785855737","-99.34855451411617","2026-01-03"
"MEX.15.48_1","Jilotzingo","GADM2","3.6","MX","Lifestyle Services","0.6998465768508956","19.469636785855737","-99.34855451411617","2026-01-03"
"MEX.15.48_1","Jilotzingo","GADM2","3.6","MX","Local Events","0.31530375564377267","19.469636785855737","-99.34855451411617","2026-01-03"
"MEX.15.48_1","Jilotzingo","GADM2","3.6","MX","Home Services","0.6472995338016314","19.469636785855737","-99.34855451411617","2026-01-03"
"MEX.15.121_1","Zumpango","GADM2","3.6","MX","Grocery & Convenience Stores","0.5081317774005257","19.74170580425102","-99.02684390952841","2026-01-03"
"MEX.15.121_1","Zumpango","GADM2","3.6","MX","Travel","0.42493367193350434","19.74170580425102","-99.02684390952841","2026-01-03"
"MEX.15.121_1","Zumpango","GADM2","3.6","MX","","0.4796790714701395","19.74170580425102","-99.02684390952841","2026-01-03"
"MEX.15.121_1","Zumpango","GADM2","3.6","MX","Local Events","0.37772790765933484","19.74170580425102","-99.02684390952841","2026-01-03"
"MEX.15.121_1","Zumpango","GADM2","3.6","MX","All","0.2644003958169617","19.74170580425102","-99.02684390952841","2026-01-03"
"MEX.15.121_1","Zumpango","GADM2","3.6","MX","Professional Services","0.218735218205444","19.74170580425102","-99.02684390952841","2026-01-03"
"MEX.15.121_1","Zumpango","GADM2","3.6","MX","Retail","0.2741997015631596","19.74170580425102","-99.02684390952841","2026-01-03"
"MEX.15.121_1","Zumpango","GADM2","3.6","MX","Restaurants","0.3905569678048978","19.74170580425102","-99.02684390952841","2026-01-03"
"MEX.15.121_1","Zumpango","GADM2","3.6","MX","Public Good","0.395464264034108","19.74170580425102","-99.02684390952841","2026-01-03"
"MEX.15.121_1","Zumpango","GADM2","3.6","MX","Business & Utility Services","0.26118424561297876","19.74170580425102","-99.02684390952841","2026-01-03"
"MEX.15.121_1","Zumpango","GADM2","3.6","MX","Home Services","0.3934309809081065","19.74170580425102","-99.02684390952841","2026-01-03"
"MEX.15.121_1","Zumpango","GADM2","3.6","MX","Manufacturing","0.45799903540561016","19.74170580425102","-99.02684390952841","2026-01-03"
"MEX.15.121_1","Zumpango","GADM2","3.6","MX","Lifestyle Services","0.31584993385137683","19.74170580425102","-99.02684390952841","2026-01-03"
"MEX.9.13_1","Tláhuac","GADM2","3.6","MX","Home Services","0.41452140336647963","19.243311140396457","-98.93967264979295","2026-01-03"
"MEX.9.13_1","Tláhuac","GADM2","3.6","MX","Lifestyle Services","0.27374355560258934","19.243311140396457","-98.93967264979295","2026-01-03"
"MEX.9.13_1","Tláhuac","GADM2","3.6","MX","","0.4411223367553472","19.243311140396457","-98.93967264979295","2026-01-03"
"MEX.9.13_1","Tláhuac","GADM2","3.6","MX","Manufacturing","0.3428725514978437","19.243311140396457","-98.93967264979295","2026-01-03"
"MEX.9.13_1","Tláhuac","GADM2","3.6","MX","Professional Services","0.2790986517573276","19.243311140396457","-98.93967264979295","2026-01-03"
"MEX.9.13_1","Tláhuac","GADM2","3.6","MX","Grocery & Convenience Stores","0.5497721115114047","19.243311140396457","-98.93967264979295","2026-01-03"
"MEX.9.13_1","Tláhuac","GADM2","3.6","MX","Restaurants","0.3159690419050173","19.243311140396457","-98.93967264979295","2026-01-03"
"MEX.9.13_1","Tláhuac","GADM2","3.6","MX","Travel","0.2733902659246922","19.243311140396457","-98.93967264979295","2026-01-03"
"MEX.9.13_1","Tláhuac","GADM2","3.6","MX","Local Events","0.3623278867827041","19.243311140396457","-98.93967264979295","2026-01-03"
"MEX.9.13_1","Tláhuac","GADM2","3.6","MX","Business & Utility Services","0.25951480805206256","19.243311140396457","-98.93967264979295","2026-01-03"
"MEX.9.13_1","Tláhuac","GADM2","3.6","MX","Public Good","0.24038969179685296","19.243311140396457","-98.93967264979295","2026-01-03"
"MEX.9.13_1","Tláhuac","GADM2","3.6","MX","Retail","0.3940565907649139","19.243311140396457","-98.93967264979295","2026-01-03"
"MEX.9.13_1","Tláhuac","GADM2","3.6","MX","All","0.26559794011970117","19.243311140396457","-98.93967264979295","2026-01-03"
"MEX.15.38_1","Hueypoxtla","GADM2","3.6","MX","Local Events","0.3863475731335074","19.943139366103548","-98.95605517704193","2026-01-03"
"MEX.15.38_1","Hueypoxtla","GADM2","3.6","MX","Public Good","0.25915442252317816","19.943139366103548","-98.95605517704193","2026-01-03"
"MEX.15.38_1","Hueypoxtla","GADM2","3.6","MX","Restaurants","0.4266470309702636","19.943139366103548","-98.95605517704193","2026-01-03"
"MEX.15.38_1","Hueypoxtla","GADM2","3.6","MX","Grocery & Convenience Stores","0.336787425663202","19.943139366103548","-98.95605517704193","2026-01-03"
"MEX.15.38_1","Hueypoxtla","GADM2","3.6","MX","Professional Services","0.21882503782392146","19.943139366103548","-98.95605517704193","2026-01-03"
"MEX.15.38_1","Hueypoxtla","GADM2","3.6","MX","Lifestyle Services","0.1545867664983986","19.943139366103548","-98.95605517704193","2026-01-03"
"MEX.15.38_1","Hueypoxtla","GADM2","3.6","MX","","0.4308499169270862","19.943139366103548","-98.95605517704193","2026-01-03"
"MEX.15.38_1","Hueypoxtla","GADM2","3.6","MX","Retail","0.4836853930521439","19.943139366103548","-98.95605517704193","2026-01-03"
"MEX.15.38_1","Hueypoxtla","GADM2","3.6","MX","Business & Utility Services","0.4560356819629145","19.943139366103548","-98.95605517704193","2026-01-03"
"MEX.15.38_1","Hueypoxtla","GADM2","3.6","MX","All","0.2852117405356333","19.943139366103548","-98.95605517704193","2026-01-03"
"MEX.15.38_1","Hueypoxtla","GADM2","3.6","MX","Home Services","0.27344470511090974","19.943139366103548","-98.95605517704193","2026-01-03"
"MEX.20.5_1","Dist. Ejutla","GADM2","3.6","MX","Professional Services","0.3421242585187879","16.618460748758043","-96.927614194417","2026-01-03"
"MEX.20.5_1","Dist. Ejutla","GADM2","3.6","MX","Grocery & Convenience Stores","0.5142198398054562","16.618460748758043","-96.927614194417","2026-01-03"
"MEX.20.5_1","Dist. Ejutla","GADM2","3.6","MX","Home Services","0.488936193125405","16.618460748758043","-96.927614194417","2026-01-03"
"MEX.20.5_1","Dist. Ejutla","GADM2","3.6","MX","Restaurants","0.5860869788032393","16.618460748758043","-96.927614194417","2026-01-03"
"MEX.20.5_1","Dist. Ejutla","GADM2","3.6","MX","All","0.4216634261294608","16.618460748758043","-96.927614194417","2026-01-03"
"MEX.20.5_1","Dist. Ejutla","GADM2","3.6","MX","Retail","0.33060461907763716","16.618460748758043","-96.927614194417","2026-01-03"
"MEX.16.87_1","Taretan","GADM2","3.6","MX","Retail","0.5759469262139293","19.302934059706995","-101.90051820971576","2026-01-03"
"MEX.16.87_1","Taretan","GADM2","3.6","MX","Restaurants","0.5216396237580357","19.302934059706995","-101.90051820971576","2026-01-03"
"MEX.16.87_1","Taretan","GADM2","3.6","MX","All","0.4780059239825711","19.302934059706995","-101.90051820971576","2026-01-03"
"MEX.16.87_1","Taretan","GADM2","3.6","MX","Grocery & Convenience Stores","0.46149120354176837","19.302934059706995","-101.90051820971576","2026-01-03"
"MEX.13.39_1","Mineral del Chico","GADM2","3.6","MX","Business & Utility Services","0.46532327945746144","20.233500687287897","-98.68465934185677","2026-01-03"
"MEX.13.39_1","Mineral del Chico","GADM2","3.6","MX","Grocery & Convenience Stores","0.599815157840533","20.233500687287897","-98.68465934185677","2026-01-03"
"MEX.13.39_1","Mineral del Chico","GADM2","3.6","MX","Professional Services","0.5623024357805559","20.233500687287897","-98.68465934185677","2026-01-03"
"MEX.13.39_1","Mineral del Chico","GADM2","3.6","MX","Lifestyle Services","0.4463573710579588","20.233500687287897","-98.68465934185677","2026-01-03"
"MEX.13.39_1","Mineral del Chico","GADM2","3.6","MX","All","0.5047553554406656","20.233500687287897","-98.68465934185677","2026-01-03"
"MEX.13.39_1","Mineral del Chico","GADM2","3.6","MX","Local Events","0.48468000662171756","20.233500687287897","-98.68465934185677","2026-01-03"
"MEX.13.39_1","Mineral del Chico","GADM2","3.6","MX","Travel","0.5626322680587905","20.233500687287897","-98.68465934185677","2026-01-03"
"MEX.13.39_1","Mineral del Chico","GADM2","3.6","MX","Public Good","0.19747893497688881","20.233500687287897","-98.68465934185677","2026-01-03"
"MEX.13.39_1","Mineral del Chico","GADM2","3.6","MX","Retail","0.41371372688726094","20.233500687287897","-98.68465934185677","2026-01-03"
"MEX.13.39_1","Mineral del Chico","GADM2","3.6","MX","Home Services","0.5070801368009467","20.233500687287897","-98.68465934185677","2026-01-03"
"MEX.13.39_1","Mineral del Chico","GADM2","3.6","MX","Restaurants","0.5147965425143893","20.233500687287897","-98.68465934185677","2026-01-03"
"MEX.17.27_1","Tlayacapan","GADM2","3.6","MX","Local Events","0.5822121778729084","18.938019854284942","-98.9515046723434","2026-01-03"
"MEX.17.27_1","Tlayacapan","GADM2","3.6","MX","Public Good","0.7941067829530543","18.938019854284942","-98.9515046723434","2026-01-03"
"MEX.17.27_1","Tlayacapan","GADM2","3.6","MX","Professional Services","0.2223912214299301","18.938019854284942","-98.9515046723434","2026-01-03"
"MEX.17.27_1","Tlayacapan","GADM2","3.6","MX","Grocery & Convenience Stores","0.4205906917723768","18.938019854284942","-98.9515046723434","2026-01-03"
"MEX.17.27_1","Tlayacapan","GADM2","3.6","MX","Home Services","0.533927235211824","18.938019854284942","-98.9515046723434","2026-01-03"
"MEX.17.27_1","Tlayacapan","GADM2","3.6","MX","Business & Utility Services","0.3151308147662598","18.938019854284942","-98.9515046723434","2026-01-03"
"MEX.17.27_1","Tlayacapan","GADM2","3.6","MX","Lifestyle Services","0.30648710419603015","18.938019854284942","-98.9515046723434","2026-01-03"
"MEX.17.27_1","Tlayacapan","GADM2","3.6","MX","Travel","0.628788462035662","18.938019854284942","-98.9515046723434","2026-01-03"
"MEX.17.27_1","Tlayacapan","GADM2","3.6","MX","Restaurants","0.7686276836512825","18.938019854284942","-98.9515046723434","2026-01-03"
"MEX.17.27_1","Tlayacapan","GADM2","3.6","MX","Retail","0.45897250642894355","18.938019854284942","-98.9515046723434","2026-01-03"
"MEX.17.27_1","Tlayacapan","GADM2","3.6","MX","All","0.433134251767706","18.938019854284942","-98.9515046723434","2026-01-03"
"MEX.20.21_1","Dist. Tehuantepec","GADM2","3.6","MX","Restaurants","0.5578876049579825","16.38099481839561","-95.54503010468856","2026-01-03"
"MEX.20.21_1","Dist. Tehuantepec","GADM2","3.6","MX","Local Events","0.3561997898046322","16.38099481839561","-95.54503010468856","2026-01-03"
"MEX.20.21_1","Dist. Tehuantepec","GADM2","3.6","MX","Manufacturing","0.6671243022292918","16.38099481839561","-95.54503010468856","2026-01-03"
"MEX.20.21_1","Dist. Tehuantepec","GADM2","3.6","MX","Public Good","0.4007708391172052","16.38099481839561","-95.54503010468856","2026-01-03"
"MEX.20.21_1","Dist. Tehuantepec","GADM2","3.6","MX","Travel","0.4809667007781765","16.38099481839561","-95.54503010468856","2026-01-03"
"MEX.20.21_1","Dist. Tehuantepec","GADM2","3.6","MX","Professional Services","0.3016481944130179","16.38099481839561","-95.54503010468856","2026-01-03"
"MEX.20.21_1","Dist. Tehuantepec","GADM2","3.6","MX","Retail","0.34688365915785446","16.38099481839561","-95.54503010468856","2026-01-03"
"MEX.20.21_1","Dist. Tehuantepec","GADM2","3.6","MX","Grocery & Convenience Stores","0.34120464623765095","16.38099481839561","-95.54503010468856","2026-01-03"
"MEX.20.21_1","Dist. Tehuantepec","GADM2","3.6","MX","","0.2667461180356602","16.38099481839561","-95.54503010468856","2026-01-03"
"MEX.20.21_1","Dist. Tehuantepec","GADM2","3.6","MX","All","0.3314577082521973","16.38099481839561","-95.54503010468856","2026-01-03"
"MEX.13.71_1","Tlanalapa","GADM2","3.6","MX","Public Good","0.18569885378923953","19.808959972974694","-98.54516914745051","2026-01-03"
"MEX.13.71_1","Tlanalapa","GADM2","3.6","MX","Retail","0.39169595025120024","19.808959972974694","-98.54516914745051","2026-01-03"
"MEX.13.71_1","Tlanalapa","GADM2","3.6","MX","Business & Utility Services","0.3340709468774752","19.808959972974694","-98.54516914745051","2026-01-03"
"MEX.13.71_1","Tlanalapa","GADM2","3.6","MX","Travel","0.2011272239577451","19.808959972974694","-98.54516914745051","2026-01-03"
"MEX.13.71_1","Tlanalapa","GADM2","3.6","MX","All","0.3247106141828313","19.808959972974694","-98.54516914745051","2026-01-03"
"MEX.13.71_1","Tlanalapa","GADM2","3.6","MX","Home Services","0.3188279465276354","19.808959972974694","-98.54516914745051","2026-01-03"
"MEX.13.71_1","Tlanalapa","GADM2","3.6","MX","Local Events","0.43082150456754403","19.808959972974694","-98.54516914745051","2026-01-03"
"MEX.13.71_1","Tlanalapa","GADM2","3.6","MX","Lifestyle Services","0.2764497543270421","19.808959972974694","-98.54516914745051","2026-01-03"
"MEX.13.71_1","Tlanalapa","GADM2","3.6","MX","Professional Services","0.5526881688393634","19.808959972974694","-98.54516914745051","2026-01-03"
"MEX.13.71_1","Tlanalapa","GADM2","3.6","MX","Grocery & Convenience Stores","0.3481189673010131","19.808959972974694","-98.54516914745051","2026-01-03"
"MEX.13.71_1","Tlanalapa","GADM2","3.6","MX","Restaurants","0.4091970441790422","19.808959972974694","-98.54516914745051","2026-01-03"
"MEX.15.100_1","Texcoco","GADM2","3.6","MX","Business & Utility Services","0.2956119410605284","19.42798894741748","-98.72481686736853","2026-01-03"
"MEX.15.100_1","Texcoco","GADM2","3.6","MX","Retail","0.23632988993049145","19.42798894741748","-98.72481686736853","2026-01-03"
"MEX.15.100_1","Texcoco","GADM2","3.6","MX","Grocery & Convenience Stores","0.353067635446452","19.42798894741748","-98.72481686736853","2026-01-03"
"MEX.15.100_1","Texcoco","GADM2","3.6","MX","Home Services","0.29853776413884164","19.42798894741748","-98.72481686736853","2026-01-03"
"MEX.15.100_1","Texcoco","GADM2","3.6","MX","Public Good","0.43481688315755374","19.42798894741748","-98.72481686736853","2026-01-03"
"MEX.15.100_1","Texcoco","GADM2","3.6","MX","Local Events","0.4065138761928067","19.42798894741748","-98.72481686736853","2026-01-03"
"MEX.15.100_1","Texcoco","GADM2","3.6","MX","Professional Services","0.2245903469091488","19.42798894741748","-98.72481686736853","2026-01-03"
"MEX.15.100_1","Texcoco","GADM2","3.6","MX","Restaurants","0.4746633336480707","19.42798894741748","-98.72481686736853","2026-01-03"
"MEX.15.100_1","Texcoco","GADM2","3.6","MX","All","0.21701922374075952","19.42798894741748","-98.72481686736853","2026-01-03"
"MEX.15.100_1","Texcoco","GADM2","3.6","MX","Lifestyle Services","0.1456070138416285","19.42798894741748","-98.72481686736853","2026-01-03"
"MEX.15.107_1","Toluca","GADM2","3.6","MX","Travel","0.3794115227581542","19.225504492234617","-99.62287076706268","2026-01-03"
"MEX.15.107_1","Toluca","GADM2","3.6","MX","Public Good","0.1607527955114599","19.225504492234617","-99.62287076706268","2026-01-03"
"MEX.15.107_1","Toluca","GADM2","3.6","MX","Lifestyle Services","0.2600294135024841","19.225504492234617","-99.62287076706268","2026-01-03"
"MEX.15.107_1","Toluca","GADM2","3.6","MX","Grocery & Convenience Stores","0.4111532283022715","19.225504492234617","-99.62287076706268","2026-01-03"
"MEX.15.107_1","Toluca","GADM2","3.6","MX","Restaurants","0.236261451851476","19.225504492234617","-99.62287076706268","2026-01-03"
"MEX.15.107_1","Toluca","GADM2","3.6","MX","Professional Services","0.24426941887724513","19.225504492234617","-99.62287076706268","2026-01-03"
"MEX.15.107_1","Toluca","GADM2","3.6","MX","","0.26155604591985","19.225504492234617","-99.62287076706268","2026-01-03"
"MEX.15.107_1","Toluca","GADM2","3.6","MX","Home Services","0.30768835106338177","19.225504492234617","-99.62287076706268","2026-01-03"
"MEX.15.107_1","Toluca","GADM2","3.6","MX","Manufacturing","0.21223936277916877","19.225504492234617","-99.62287076706268","2026-01-03"
"MEX.15.107_1","Toluca","GADM2","3.6","MX","Local Events","0.2695001519570862","19.225504492234617","-99.62287076706268","2026-01-03"
"MEX.15.107_1","Toluca","GADM2","3.6","MX","All","0.26167778743990233","19.225504492234617","-99.62287076706268","2026-01-03"
"MEX.15.107_1","Toluca","GADM2","3.6","MX","Business & Utility Services","0.2765777248767803","19.225504492234617","-99.62287076706268","2026-01-03"
"MEX.15.107_1","Toluca","GADM2","3.6","MX","Retail","0.3092500110144796","19.225504492234617","-99.62287076706268","2026-01-03"
"MEX.13.30_1","Ixmiquilpan","GADM2","3.6","MX","Grocery & Convenience Stores","0.4861333858225099","20.566032503742655","-99.16977658975885","2026-01-03"
"MEX.13.30_1","Ixmiquilpan","GADM2","3.6","MX","Professional Services","0.24230300705137123","20.566032503742655","-99.16977658975885","2026-01-03"
"MEX.13.30_1","Ixmiquilpan","GADM2","3.6","MX","Business & Utility Services","0.30575172850139437","20.566032503742655","-99.16977658975885","2026-01-03"
"MEX.13.30_1","Ixmiquilpan","GADM2","3.6","MX","Local Events","0.7080155946798822","20.566032503742655","-99.16977658975885","2026-01-03"
"MEX.13.30_1","Ixmiquilpan","GADM2","3.6","MX","Restaurants","0.35929394561132433","20.566032503742655","-99.16977658975885","2026-01-03"
"MEX.13.30_1","Ixmiquilpan","GADM2","3.6","MX","Home Services","0.5031711571213517","20.566032503742655","-99.16977658975885","2026-01-03"
"MEX.13.30_1","Ixmiquilpan","GADM2","3.6","MX","Retail","0.3703881040321731","20.566032503742655","-99.16977658975885","2026-01-03"
"MEX.13.30_1","Ixmiquilpan","GADM2","3.6","MX","All","0.3137603563115415","20.566032503742655","-99.16977658975885","2026-01-03"
"MEX.13.30_1","Ixmiquilpan","GADM2","3.6","MX","Public Good","0.4008137529656989","20.566032503742655","-99.16977658975885","2026-01-03"
"MEX.13.30_1","Ixmiquilpan","GADM2","3.6","MX","Lifestyle Services","0.2123889861009368","20.566032503742655","-99.16977658975885","2026-01-03"
"MEX.13.30_1","Ixmiquilpan","GADM2","3.6","MX","Travel","0.42777097777928114","20.566032503742655","-99.16977658975885","2026-01-03"
"MEX.13.30_1","Ixmiquilpan","GADM2","3.6","MX","","0.26789613920311445","20.566032503742655","-99.16977658975885","2026-01-03"
"MEX.13.45_1","Omitlán de Juárez","GADM2","3.6","MX","All","0.4711608086807083","20.179902994467394","-98.54475425331182","2026-01-03"
"MEX.13.45_1","Omitlán de Juárez","GADM2","3.6","MX","Business & Utility Services","0.616910940837047","20.179902994467394","-98.54475425331182","2026-01-03"
"MEX.13.45_1","Omitlán de Juárez","GADM2","3.6","MX","Local Events","0.45288769501831316","20.179902994467394","-98.54475425331182","2026-01-03"
"MEX.13.45_1","Omitlán de Juárez","GADM2","3.6","MX","Retail","0.6562666183390794","20.179902994467394","-98.54475425331182","2026-01-03"
"MEX.13.45_1","Omitlán de Juárez","GADM2","3.6","MX","Travel","0.4778834517582178","20.179902994467394","-98.54475425331182","2026-01-03"
"MEX.13.45_1","Omitlán de Juárez","GADM2","3.6","MX","Restaurants","0.518425383945875","20.179902994467394","-98.54475425331182","2026-01-03"
"MEX.30.181_1","Tlapacoyan","GADM2","3.6","MX","Professional Services","0.2798979480761258","20.056406201863403","-97.12393242722348","2026-01-03"
"MEX.30.181_1","Tlapacoyan","GADM2","3.6","MX","Travel","0.41353583530976784","20.056406201863403","-97.12393242722348","2026-01-03"
"MEX.30.181_1","Tlapacoyan","GADM2","3.6","MX","Grocery & Convenience Stores","0.4773932191627462","20.056406201863403","-97.12393242722348","2026-01-03"
"MEX.30.181_1","Tlapacoyan","GADM2","3.6","MX","Lifestyle Services","0.2127629146668894","20.056406201863403","-97.12393242722348","2026-01-03"
"MEX.30.181_1","Tlapacoyan","GADM2","3.6","MX","Public Good","0.36095719521342673","20.056406201863403","-97.12393242722348","2026-01-03"
"MEX.30.181_1","Tlapacoyan","GADM2","3.6","MX","Retail","0.4186422458401285","20.056406201863403","-97.12393242722348","2026-01-03"
"MEX.30.181_1","Tlapacoyan","GADM2","3.6","MX","Restaurants","0.12944427215680526","20.056406201863403","-97.12393242722348","2026-01-03"
"MEX.30.181_1","Tlapacoyan","GADM2","3.6","MX","Home Services","0.3248513996584562","20.056406201863403","-97.12393242722348","2026-01-03"
"MEX.30.181_1","Tlapacoyan","GADM2","3.6","MX","Business & Utility Services","0.6266209994828132","20.056406201863403","-97.12393242722348","2026-01-03"
"MEX.30.181_1","Tlapacoyan","GADM2","3.6","MX","All","0.2227178764667137","20.056406201863403","-97.12393242722348","2026-01-03"
"MEX.30.181_1","Tlapacoyan","GADM2","3.6","MX","Local Events","0.3992490897957114","20.056406201863403","-97.12393242722348","2026-01-03"
"MEX.30.116_1","Nogales","GADM2","3.6","MX","Professional Services","0.225647841706376","18.824238030571813","-97.13170636305739","2026-01-03"
"MEX.30.116_1","Nogales","GADM2","3.6","MX","Lifestyle Services","0.29289662248291937","18.824238030571813","-97.13170636305739","2026-01-03"
"MEX.30.116_1","Nogales","GADM2","3.6","MX","Grocery & Convenience Stores","0.3792927776467504","18.824238030571813","-97.13170636305739","2026-01-03"
"MEX.30.116_1","Nogales","GADM2","3.6","MX","Public Good","0.491032737131751","18.824238030571813","-97.13170636305739","2026-01-03"
"MEX.30.116_1","Nogales","GADM2","3.6","MX","Restaurants","0.2985925955815896","18.824238030571813","-97.13170636305739","2026-01-03"
"MEX.30.116_1","Nogales","GADM2","3.6","MX","Travel","0.536972659317821","18.824238030571813","-97.13170636305739","2026-01-03"
"MEX.30.116_1","Nogales","GADM2","3.6","MX","Retail","0.45654227375107403","18.824238030571813","-97.13170636305739","2026-01-03"
"MEX.30.116_1","Nogales","GADM2","3.6","MX","Local Events","0.29737044705247895","18.824238030571813","-97.13170636305739","2026-01-03"
"MEX.30.116_1","Nogales","GADM2","3.6","MX","Home Services","0.40095612522864876","18.824238030571813","-97.13170636305739","2026-01-03"
"MEX.30.116_1","Nogales","GADM2","3.6","MX","All","0.27837907128558154","18.824238030571813","-97.13170636305739","2026-01-03"
"MEX.30.116_1","Nogales","GADM2","3.6","MX","Business & Utility Services","0.4023367690466267","18.824238030571813","-97.13170636305739","2026-01-03"
"MEX.21.199_1","Xochitlán de Vicente Suárez","GADM2","3.6","MX","All","0.3824929675994206","19.954267294312093","-97.61738129288777","2026-01-03"
"MEX.11.2_1","Acámbaro","GADM2","3.6","MX","Home Services","0.34827602328652446","20.03411921333894","-100.7641674929206","2026-01-03"
"MEX.11.2_1","Acámbaro","GADM2","3.6","MX","Local Events","0.38469552155061887","20.03411921333894","-100.7641674929206","2026-01-03"
"MEX.11.2_1","Acámbaro","GADM2","3.6","MX","Grocery & Convenience Stores","0.5382454288911181","20.03411921333894","-100.7641674929206","2026-01-03"
"MEX.11.2_1","Acámbaro","GADM2","3.6","MX","Business & Utility Services","0.4323273303117737","20.03411921333894","-100.7641674929206","2026-01-03"
"MEX.11.2_1","Acámbaro","GADM2","3.6","MX","Professional Services","0.3389835980428874","20.03411921333894","-100.7641674929206","2026-01-03"
"MEX.11.2_1","Acámbaro","GADM2","3.6","MX","Restaurants","0.4685356666544663","20.03411921333894","-100.7641674929206","2026-01-03"
"MEX.11.2_1","Acámbaro","GADM2","3.6","MX","Retail","0.32640996034221664","20.03411921333894","-100.7641674929206","2026-01-03"
"MEX.11.2_1","Acámbaro","GADM2","3.6","MX","All","0.339526278191728","20.03411921333894","-100.7641674929206","2026-01-03"
"MEX.11.2_1","Acámbaro","GADM2","3.6","MX","Lifestyle Services","0.22921245226241677","20.03411921333894","-100.7641674929206","2026-01-03"
"MEX.11.2_1","Acámbaro","GADM2","3.6","MX","Public Good","0.3644667853122948","20.03411921333894","-100.7641674929206","2026-01-03"
"MEX.30.115_1","Nautla","GADM2","3.6","MX","All","0.4942207903677699","20.101807011383123","-96.76301444131556","2026-01-03"
"MEX.13.29_1","Huichapan","GADM2","3.6","MX","Retail","0.4106981657841575","20.396137118849413","-99.68777080693098","2026-01-03"
"MEX.13.29_1","Huichapan","GADM2","3.6","MX","Restaurants","0.3593202337357787","20.396137118849413","-99.68777080693098","2026-01-03"
"MEX.13.29_1","Huichapan","GADM2","3.6","MX","Lifestyle Services","0.3615185305997644","20.396137118849413","-99.68777080693098","2026-01-03"
"MEX.13.29_1","Huichapan","GADM2","3.6","MX","Home Services","0.5445064158542833","20.396137118849413","-99.68777080693098","2026-01-03"
"MEX.13.29_1","Huichapan","GADM2","3.6","MX","Public Good","0.20469532171218655","20.396137118849413","-99.68777080693098","2026-01-03"
"MEX.13.29_1","Huichapan","GADM2","3.6","MX","Professional Services","0.32677329952332973","20.396137118849413","-99.68777080693098","2026-01-03"
"MEX.13.29_1","Huichapan","GADM2","3.6","MX","Grocery & Convenience Stores","0.35671893465918025","20.396137118849413","-99.68777080693098","2026-01-03"
"MEX.13.29_1","Huichapan","GADM2","3.6","MX","Local Events","0.6069776264269604","20.396137118849413","-99.68777080693098","2026-01-03"
"MEX.13.29_1","Huichapan","GADM2","3.6","MX","Business & Utility Services","0.4503518745988297","20.396137118849413","-99.68777080693098","2026-01-03"
"MEX.13.29_1","Huichapan","GADM2","3.6","MX","All","0.3480776812150647","20.396137118849413","-99.68777080693098","2026-01-03"
"MEX.13.29_1","Huichapan","GADM2","3.6","MX","Travel","0.3737246636090843","20.396137118849413","-99.68777080693098","2026-01-03"
"MEX.15.39_1","Huixquilucan","GADM2","3.6","MX","Grocery & Convenience Stores","0.2063694234266747","19.323772131341247","-99.31515192579351","2026-01-03"
"MEX.15.39_1","Huixquilucan","GADM2","3.6","MX","Travel","0.21124932651252312","19.323772131341247","-99.31515192579351","2026-01-03"
"MEX.15.39_1","Huixquilucan","GADM2","3.6","MX","Professional Services","0.2655183639550654","19.323772131341247","-99.31515192579351","2026-01-03"
"MEX.15.39_1","Huixquilucan","GADM2","3.6","MX","Restaurants","0.2666983842344027","19.323772131341247","-99.31515192579351","2026-01-03"
"MEX.15.39_1","Huixquilucan","GADM2","3.6","MX","","0.30165364579942383","19.323772131341247","-99.31515192579351","2026-01-03"
"MEX.15.39_1","Huixquilucan","GADM2","3.6","MX","Local Events","0.19215905624855273","19.323772131341247","-99.31515192579351","2026-01-03"
"MEX.15.39_1","Huixquilucan","GADM2","3.6","MX","Manufacturing","0.3108829201212386","19.323772131341247","-99.31515192579351","2026-01-03"
"MEX.15.39_1","Huixquilucan","GADM2","3.6","MX","Retail","0.22692166408931733","19.323772131341247","-99.31515192579351","2026-01-03"
"MEX.15.39_1","Huixquilucan","GADM2","3.6","MX","Business & Utility Services","0.3705408333447616","19.323772131341247","-99.31515192579351","2026-01-03"
"MEX.15.39_1","Huixquilucan","GADM2","3.6","MX","Lifestyle Services","0.21452537146216086","19.323772131341247","-99.31515192579351","2026-01-03"
"MEX.15.39_1","Huixquilucan","GADM2","3.6","MX","Home Services","0.29569200144749336","19.323772131341247","-99.31515192579351","2026-01-03"
"MEX.15.39_1","Huixquilucan","GADM2","3.6","MX","Public Good","0.20651164324417426","19.323772131341247","-99.31515192579351","2026-01-03"
"MEX.15.39_1","Huixquilucan","GADM2","3.6","MX","All","0.2317942114368051","19.323772131341247","-99.31515192579351","2026-01-03"
"MEX.15.78_1","San Simón de Guerrero","GADM2","3.6","MX","All","0.5900152444879989","18.878818001432407","-100.01096145381283","2026-01-03"
"MEX.15.78_1","San Simón de Guerrero","GADM2","3.6","MX","Restaurants","0.47675208700709043","18.878818001432407","-100.01096145381283","2026-01-03"
"MEX.30.142_1","Santiago Tuxtla","GADM2","3.6","MX","Professional Services","0.6986712466230564","18.385962924490386","-95.42921158042336","2026-01-03"
"MEX.30.142_1","Santiago Tuxtla","GADM2","3.6","MX","Retail","0.3266401303385386","18.385962924490386","-95.42921158042336","2026-01-03"
"MEX.30.142_1","Santiago Tuxtla","GADM2","3.6","MX","Restaurants","0.540114585922191","18.385962924490386","-95.42921158042336","2026-01-03"
"MEX.30.142_1","Santiago Tuxtla","GADM2","3.6","MX","All","0.38699715343828817","18.385962924490386","-95.42921158042336","2026-01-03"
"MEX.15.24_1","Chicoloapan","GADM2","3.6","MX","All","0.3391243907582101","19.34759969941733","-98.8262415351875","2026-01-03"
"MEX.15.24_1","Chicoloapan","GADM2","3.6","MX","Retail","0.3219081226281915","19.34759969941733","-98.8262415351875","2026-01-03"
"MEX.20.1_1","Choapam","GADM2","3.6","MX","All","0.5277967236761733","17.57192803901702","-95.84290821375919","2026-01-03"
"MEX.30.82_1","Ixtaczoquitlán","GADM2","3.6","MX","Professional Services","0.24793454691169142","18.854151458553346","-96.9508200039183","2026-01-03"
"MEX.30.82_1","Ixtaczoquitlán","GADM2","3.6","MX","","0.5047885788794505","18.854151458553346","-96.9508200039183","2026-01-03"
"MEX.30.82_1","Ixtaczoquitlán","GADM2","3.6","MX","Grocery & Convenience Stores","0.45811144328530784","18.854151458553346","-96.9508200039183","2026-01-03"
"MEX.30.82_1","Ixtaczoquitlán","GADM2","3.6","MX","Local Events","0.1380015293753341","18.854151458553346","-96.9508200039183","2026-01-03"
"MEX.30.82_1","Ixtaczoquitlán","GADM2","3.6","MX","Home Services","0.40697653956316293","18.854151458553346","-96.9508200039183","2026-01-03"
"MEX.30.82_1","Ixtaczoquitlán","GADM2","3.6","MX","Travel","0.43507290337324134","18.854151458553346","-96.9508200039183","2026-01-03"
"MEX.30.82_1","Ixtaczoquitlán","GADM2","3.6","MX","Lifestyle Services","0.2606891937140037","18.854151458553346","-96.9508200039183","2026-01-03"
"MEX.30.82_1","Ixtaczoquitlán","GADM2","3.6","MX","Public Good","0.19127305521376825","18.854151458553346","-96.9508200039183","2026-01-03"
"MEX.30.82_1","Ixtaczoquitlán","GADM2","3.6","MX","Manufacturing","0.5090671440872944","18.854151458553346","-96.9508200039183","2026-01-03"
"MEX.30.82_1","Ixtaczoquitlán","GADM2","3.6","MX","Business & Utility Services","0.4261524996128519","18.854151458553346","-96.9508200039183","2026-01-03"
"MEX.30.82_1","Ixtaczoquitlán","GADM2","3.6","MX","Restaurants","0.4124439042257927","18.854151458553346","-96.9508200039183","2026-01-03"
"MEX.30.82_1","Ixtaczoquitlán","GADM2","3.6","MX","All","0.3189756306174803","18.854151458553346","-96.9508200039183","2026-01-03"
"MEX.30.82_1","Ixtaczoquitlán","GADM2","3.6","MX","Retail","0.32782479224654987","18.854151458553346","-96.9508200039183","2026-01-03"
"MEX.30.66_1","Gutiérrez Zamora","GADM2","3.6","MX","Restaurants","0.4158271831358769","20.43073488832542","-97.08744236517433","2026-01-03"
"MEX.30.66_1","Gutiérrez Zamora","GADM2","3.6","MX","Lifestyle Services","0.5563608212408593","20.43073488832542","-97.08744236517433","2026-01-03"
"MEX.30.66_1","Gutiérrez Zamora","GADM2","3.6","MX","Retail","0.5389615497338403","20.43073488832542","-97.08744236517433","2026-01-03"
"MEX.30.66_1","Gutiérrez Zamora","GADM2","3.6","MX","Home Services","0.5855686952217528","20.43073488832542","-97.08744236517433","2026-01-03"
"MEX.30.66_1","Gutiérrez Zamora","GADM2","3.6","MX","Professional Services","0.3387655709376694","20.43073488832542","-97.08744236517433","2026-01-03"
"MEX.30.66_1","Gutiérrez Zamora","GADM2","3.6","MX","All","0.5405269064499494","20.43073488832542","-97.08744236517433","2026-01-03"
"MEX.30.66_1","Gutiérrez Zamora","GADM2","3.6","MX","Grocery & Convenience Stores","0.5966251997072158","20.43073488832542","-97.08744236517433","2026-01-03"
"MEX.32.53_1","Villa González Ortega","GADM2","3.6","MX","All","0.1789417006887502","22.531122257795637","-101.95915203989524","2026-01-03"
"MEX.32.53_1","Villa González Ortega","GADM2","3.6","MX","Professional Services","0.25178496434958436","22.531122257795637","-101.95915203989524","2026-01-03"
"MEX.32.18_1","Huanusco","GADM2","3.6","MX","All","0.4309412665320619","21.72696149624042","-102.94151970123238","2026-01-03"
"MEX.12.53_1","Quechultenango","GADM2","3.6","MX","Professional Services","0.34367509041607835","17.371324369854953","-99.08120297741883","2026-01-03"
"MEX.12.53_1","Quechultenango","GADM2","3.6","MX","Retail","0.3109568194669384","17.371324369854953","-99.08120297741883","2026-01-03"
"MEX.12.53_1","Quechultenango","GADM2","3.6","MX","All","0.3482701437829558","17.371324369854953","-99.08120297741883","2026-01-03"
"MEX.1.7_1","Rincón de Romos","GADM2","3.6","MX","Restaurants","0.4774685514852237","22.215991508637014","-102.34094977800024","2026-01-03"
"MEX.1.7_1","Rincón de Romos","GADM2","3.6","MX","Business & Utility Services","0.38450861678938864","22.215991508637014","-102.34094977800024","2026-01-03"
"MEX.1.7_1","Rincón de Romos","GADM2","3.6","MX","Grocery & Convenience Stores","0.5153911487299041","22.215991508637014","-102.34094977800024","2026-01-03"
"MEX.1.7_1","Rincón de Romos","GADM2","3.6","MX","Travel","0.18294822099737792","22.215991508637014","-102.34094977800024","2026-01-03"
"MEX.1.7_1","Rincón de Romos","GADM2","3.6","MX","Public Good","0.3829663315923525","22.215991508637014","-102.34094977800024","2026-01-03"
"MEX.1.7_1","Rincón de Romos","GADM2","3.6","MX","All","0.3514115885767119","22.215991508637014","-102.34094977800024","2026-01-03"
"MEX.1.7_1","Rincón de Romos","GADM2","3.6","MX","Retail","0.31180659888463025","22.215991508637014","-102.34094977800024","2026-01-03"
"MEX.1.7_1","Rincón de Romos","GADM2","3.6","MX","Local Events","0.5138784174098951","22.215991508637014","-102.34094977800024","2026-01-03"
"MEX.1.7_1","Rincón de Romos","GADM2","3.6","MX","Manufacturing","0.35617984476792197","22.215991508637014","-102.34094977800024","2026-01-03"
"MEX.1.7_1","Rincón de Romos","GADM2","3.6","MX","Home Services","0.4826661390558179","22.215991508637014","-102.34094977800024","2026-01-03"
"MEX.1.7_1","Rincón de Romos","GADM2","3.6","MX","Lifestyle Services","0.3791325746982178","22.215991508637014","-102.34094977800024","2026-01-03"
"MEX.1.7_1","Rincón de Romos","GADM2","3.6","MX","Professional Services","0.4544832290498821","22.215991508637014","-102.34094977800024","2026-01-03"
"MEX.1.7_1","Rincón de Romos","GADM2","3.6","MX","","0.411786360355344","22.215991508637014","-102.34094977800024","2026-01-03"
"MEX.15.26_1","Chimalhuacán","GADM2","3.6","MX","Restaurants","0.3389253068679536","19.363726719632467","-98.88009464932912","2026-01-03"
"MEX.15.26_1","Chimalhuacán","GADM2","3.6","MX","Lifestyle Services","0.3426507792609515","19.363726719632467","-98.88009464932912","2026-01-03"
"MEX.15.26_1","Chimalhuacán","GADM2","3.6","MX","Business & Utility Services","0.22514002589857768","19.363726719632467","-98.88009464932912","2026-01-03"
"MEX.15.26_1","Chimalhuacán","GADM2","3.6","MX","All","0.2880846737601891","19.363726719632467","-98.88009464932912","2026-01-03"
"MEX.15.26_1","Chimalhuacán","GADM2","3.6","MX","Local Events","0.3741718078758992","19.363726719632467","-98.88009464932912","2026-01-03"
"MEX.15.26_1","Chimalhuacán","GADM2","3.6","MX","Retail","0.3207880184152699","19.363726719632467","-98.88009464932912","2026-01-03"
"MEX.15.26_1","Chimalhuacán","GADM2","3.6","MX","Public Good","0.43679589271588976","19.363726719632467","-98.88009464932912","2026-01-03"
"MEX.15.26_1","Chimalhuacán","GADM2","3.6","MX","Professional Services","0.2610019662806607","19.363726719632467","-98.88009464932912","2026-01-03"
"MEX.15.26_1","Chimalhuacán","GADM2","3.6","MX","Home Services","0.5448100420056814","19.363726719632467","-98.88009464932912","2026-01-03"
"MEX.15.26_1","Chimalhuacán","GADM2","3.6","MX","Grocery & Convenience Stores","0.47308907393441973","19.363726719632467","-98.88009464932912","2026-01-03"
"MEX.13.59_1","Tecozautla","GADM2","3.6","MX","Grocery & Convenience Stores","0.4553549562023867","20.550126165473397","-99.63999016993337","2026-01-03"
"MEX.13.59_1","Tecozautla","GADM2","3.6","MX","All","0.28825865661780936","20.550126165473397","-99.63999016993337","2026-01-03"
"MEX.13.59_1","Tecozautla","GADM2","3.6","MX","Retail","0.3757095682829078","20.550126165473397","-99.63999016993337","2026-01-03"
"MEX.13.59_1","Tecozautla","GADM2","3.6","MX","Local Events","0.6184845573618661","20.550126165473397","-99.63999016993337","2026-01-03"
"MEX.13.59_1","Tecozautla","GADM2","3.6","MX","Travel","0.6013749086009489","20.550126165473397","-99.63999016993337","2026-01-03"
"MEX.13.59_1","Tecozautla","GADM2","3.6","MX","Business & Utility Services","0.3397522274633129","20.550126165473397","-99.63999016993337","2026-01-03"
"MEX.13.59_1","Tecozautla","GADM2","3.6","MX","Public Good","0.7210407019999939","20.550126165473397","-99.63999016993337","2026-01-03"
"MEX.13.59_1","Tecozautla","GADM2","3.6","MX","Restaurants","0.39400236225441515","20.550126165473397","-99.63999016993337","2026-01-03"
"MEX.13.59_1","Tecozautla","GADM2","3.6","MX","Home Services","0.6434273837151281","20.550126165473397","-99.63999016993337","2026-01-03"
"MEX.13.59_1","Tecozautla","GADM2","3.6","MX","Professional Services","0.16076440981137807","20.550126165473397","-99.63999016993337","2026-01-03"
"MEX.28.4_1","Antiguo Morelos","GADM2","3.6","MX","Restaurants","0.48357279701871825","22.533300384682345","-99.09065122325322","2026-01-03"
"MEX.28.4_1","Antiguo Morelos","GADM2","3.6","MX","All","0.5924637679732676","22.533300384682345","-99.09065122325322","2026-01-03"
"MEX.16.104_1","Villamar","GADM2","3.6","MX","Retail","0.30242173308144205","19.988178532683953","-102.60346964233965","2026-01-03"
"MEX.16.104_1","Villamar","GADM2","3.6","MX","Professional Services","0.19991164672817505","19.988178532683953","-102.60346964233965","2026-01-03"
"MEX.16.104_1","Villamar","GADM2","3.6","MX","All","0.33849938323567813","19.988178532683953","-102.60346964233965","2026-01-03"
"MEX.16.104_1","Villamar","GADM2","3.6","MX","Home Services","0.6389493662823253","19.988178532683953","-102.60346964233965","2026-01-03"
"MEX.16.104_1","Villamar","GADM2","3.6","MX","Lifestyle Services","0.28430425984500574","19.988178532683953","-102.60346964233965","2026-01-03"
"MEX.16.104_1","Villamar","GADM2","3.6","MX","Local Events","0.7277138105307965","19.988178532683953","-102.60346964233965","2026-01-03"
"MEX.16.104_1","Villamar","GADM2","3.6","MX","Restaurants","0.49530360497022574","19.988178532683953","-102.60346964233965","2026-01-03"
"MEX.24.9_1","Cerritos","GADM2","3.6","MX","Retail","0.43078435720375435","22.462856827094996","-100.25521662383008","2026-01-03"
"MEX.24.9_1","Cerritos","GADM2","3.6","MX","Home Services","0.5539634101183789","22.462856827094996","-100.25521662383008","2026-01-03"
"MEX.24.9_1","Cerritos","GADM2","3.6","MX","Restaurants","0.6066134041928996","22.462856827094996","-100.25521662383008","2026-01-03"
"MEX.24.9_1","Cerritos","GADM2","3.6","MX","Grocery & Convenience Stores","0.5014673272951908","22.462856827094996","-100.25521662383008","2026-01-03"
"MEX.24.9_1","Cerritos","GADM2","3.6","MX","All","0.4772794607304932","22.462856827094996","-100.25521662383008","2026-01-03"
"MEX.24.9_1","Cerritos","GADM2","3.6","MX","Lifestyle Services","0.24885982240867774","22.462856827094996","-100.25521662383008","2026-01-03"
"MEX.24.9_1","Cerritos","GADM2","3.6","MX","Professional Services","0.4977467833386332","22.462856827094996","-100.25521662383008","2026-01-03"
"MEX.24.22_1","Moctezuma","GADM2","3.6","MX","All","0.4734404899981354","22.714531551961727","-101.20575192269516","2026-01-03"
"MEX.24.22_1","Moctezuma","GADM2","3.6","MX","Restaurants","0.2873111812242824","22.714531551961727","-101.20575192269516","2026-01-03"
"MEX.24.22_1","Moctezuma","GADM2","3.6","MX","Home Services","0.6804673681677494","22.714531551961727","-101.20575192269516","2026-01-03"
"MEX.24.22_1","Moctezuma","GADM2","3.6","MX","Retail","0.43095197822068165","22.714531551961727","-101.20575192269516","2026-01-03"
"MEX.11.44_1","Villagrán","GADM2","3.6","MX","Local Events","0.5392485893487982","20.540913075399967","-101.00999571123934","2026-01-03"
"MEX.11.44_1","Villagrán","GADM2","3.6","MX","Home Services","0.611455508502767","20.540913075399967","-101.00999571123934","2026-01-03"
"MEX.11.44_1","Villagrán","GADM2","3.6","MX","All","0.36663175272214843","20.540913075399967","-101.00999571123934","2026-01-03"
"MEX.11.44_1","Villagrán","GADM2","3.6","MX","Lifestyle Services","0.35674108109571756","20.540913075399967","-101.00999571123934","2026-01-03"
"MEX.11.44_1","Villagrán","GADM2","3.6","MX","Professional Services","0.3982903079360032","20.540913075399967","-101.00999571123934","2026-01-03"
"MEX.11.44_1","Villagrán","GADM2","3.6","MX","Business & Utility Services","0.5062394706425972","20.540913075399967","-101.00999571123934","2026-01-03"
"MEX.11.44_1","Villagrán","GADM2","3.6","MX","Grocery & Convenience Stores","0.4945039625413282","20.540913075399967","-101.00999571123934","2026-01-03"
"MEX.11.44_1","Villagrán","GADM2","3.6","MX","Retail","0.33790775168823023","20.540913075399967","-101.00999571123934","2026-01-03"
"MEX.11.44_1","Villagrán","GADM2","3.6","MX","Restaurants","0.28204536436825217","20.540913075399967","-101.00999571123934","2026-01-03"
"MEX.21.77_1","Hueytamalco","GADM2","3.6","MX","Restaurants","0.47839918092200584","20.09103164831209","-97.23260292449481","2026-01-03"
"MEX.21.77_1","Hueytamalco","GADM2","3.6","MX","Professional Services","0.2947054227066678","20.09103164831209","-97.23260292449481","2026-01-03"
"MEX.21.77_1","Hueytamalco","GADM2","3.6","MX","Grocery & Convenience Stores","0.5784391238987582","20.09103164831209","-97.23260292449481","2026-01-03"
"MEX.21.77_1","Hueytamalco","GADM2","3.6","MX","Lifestyle Services","0.608809689328324","20.09103164831209","-97.23260292449481","2026-01-03"
"MEX.21.77_1","Hueytamalco","GADM2","3.6","MX","All","0.4875746932104608","20.09103164831209","-97.23260292449481","2026-01-03"
"MEX.21.77_1","Hueytamalco","GADM2","3.6","MX","Home Services","0.548347385270184","20.09103164831209","-97.23260292449481","2026-01-03"
"MEX.21.77_1","Hueytamalco","GADM2","3.6","MX","Retail","0.5253521881005391","20.09103164831209","-97.23260292449481","2026-01-03"
"MEX.21.99_1","Naupan","GADM2","3.6","MX","Retail","0.544933350544545","20.263725525520297","-98.04176537516398","2026-01-03"
"MEX.21.99_1","Naupan","GADM2","3.6","MX","All","0.3835153470575875","20.263725525520297","-98.04176537516398","2026-01-03"
"MEX.21.1_1","Acajete","GADM2","3.6","MX","All","0.3886796852315347","19.11923027519125","-97.84476880839934","2026-01-03"
"MEX.14.65_1","Mexticacán","GADM2","3.6","MX","All","0.6057410631865995","21.20742913802705","-102.78615373568618","2026-01-03"
"MEX.20.14_1","Dist. Mixe","GADM2","3.6","MX","All","0.3179467505484737","17.21397952169692","-95.68078460664593","2026-01-03"
"MEX.20.14_1","Dist. Mixe","GADM2","3.6","MX","Professional Services","0.23262254652065467","17.21397952169692","-95.68078460664593","2026-01-03"
"MEX.20.14_1","Dist. Mixe","GADM2","3.6","MX","Business & Utility Services","0.5882457635979996","17.21397952169692","-95.68078460664593","2026-01-03"
"MEX.20.14_1","Dist. Mixe","GADM2","3.6","MX","Home Services","0.4126592165984407","17.21397952169692","-95.68078460664593","2026-01-03"
"MEX.20.14_1","Dist. Mixe","GADM2","3.6","MX","Restaurants","0.47286584964289197","17.21397952169692","-95.68078460664593","2026-01-03"
"MEX.20.14_1","Dist. Mixe","GADM2","3.6","MX","Retail","0.3121757169694042","17.21397952169692","-95.68078460664593","2026-01-03"
"MEX.20.14_1","Dist. Mixe","GADM2","3.6","MX","Grocery & Convenience Stores","0.5591378880653652","17.21397952169692","-95.68078460664593","2026-01-03"
"MEX.20.14_1","Dist. Mixe","GADM2","3.6","MX","Public Good","0.3485635646909721","17.21397952169692","-95.68078460664593","2026-01-03"
"MEX.15.29_1","Cocotitlán","GADM2","3.6","MX","Restaurants","0.5406059243743659","19.189784498589372","-98.78482978934427","2026-01-03"
"MEX.15.29_1","Cocotitlán","GADM2","3.6","MX","All","0.4946416088812414","19.189784498589372","-98.78482978934427","2026-01-03"
"MEX.15.29_1","Cocotitlán","GADM2","3.6","MX","Home Services","0.4834977374830719","19.189784498589372","-98.78482978934427","2026-01-03"
"MEX.15.29_1","Cocotitlán","GADM2","3.6","MX","Public Good","0.31983935871572816","19.189784498589372","-98.78482978934427","2026-01-03"
"MEX.15.29_1","Cocotitlán","GADM2","3.6","MX","Professional Services","0.7209747098677355","19.189784498589372","-98.78482978934427","2026-01-03"
"MEX.15.29_1","Cocotitlán","GADM2","3.6","MX","Lifestyle Services","0.3075132254500094","19.189784498589372","-98.78482978934427","2026-01-03"
"MEX.15.29_1","Cocotitlán","GADM2","3.6","MX","Retail","0.49826222465787057","19.189784498589372","-98.78482978934427","2026-01-03"
"MEX.15.29_1","Cocotitlán","GADM2","3.6","MX","Local Events","0.5261222435046983","19.189784498589372","-98.78482978934427","2026-01-03"
"MEX.15.29_1","Cocotitlán","GADM2","3.6","MX","Business & Utility Services","0.6627558026569803","19.189784498589372","-98.78482978934427","2026-01-03"
"MEX.24.4_1","Armadillo de los Infante","GADM2","3.6","MX","All","0.35926153598310717","22.27460326512602","-100.62783194766007","2026-01-03"
"MEX.30.21_1","Atzalan","GADM2","3.6","MX","Public Good","0.41645783145274196","19.93747526865656","-97.04844285708863","2026-01-03"
"MEX.30.21_1","Atzalan","GADM2","3.6","MX","Restaurants","0.47843524681577704","19.93747526865656","-97.04844285708863","2026-01-03"
"MEX.30.21_1","Atzalan","GADM2","3.6","MX","Retail","0.282541930460814","19.93747526865656","-97.04844285708863","2026-01-03"
"MEX.30.21_1","Atzalan","GADM2","3.6","MX","Professional Services","0.239260810756369","19.93747526865656","-97.04844285708863","2026-01-03"
"MEX.30.21_1","Atzalan","GADM2","3.6","MX","All","0.28852437768146366","19.93747526865656","-97.04844285708863","2026-01-03"
"MEX.30.21_1","Atzalan","GADM2","3.6","MX","Lifestyle Services","0.41258256828454226","19.93747526865656","-97.04844285708863","2026-01-03"
"MEX.30.21_1","Atzalan","GADM2","3.6","MX","Business & Utility Services","0.39665419297854554","19.93747526865656","-97.04844285708863","2026-01-03"
"MEX.30.21_1","Atzalan","GADM2","3.6","MX","Home Services","0.4429921260017132","19.93747526865656","-97.04844285708863","2026-01-03"
"MEX.30.21_1","Atzalan","GADM2","3.6","MX","Grocery & Convenience Stores","0.4647178688015998","19.93747526865656","-97.04844285708863","2026-01-03"
"MEX.30.128_1","Perote","GADM2","3.6","MX","Grocery & Convenience Stores","0.4950554362952881","19.541390884783898","-97.19599465555653","2026-01-03"
"MEX.30.128_1","Perote","GADM2","3.6","MX","Retail","0.5536489731454367","19.541390884783898","-97.19599465555653","2026-01-03"
"MEX.30.128_1","Perote","GADM2","3.6","MX","Lifestyle Services","0.19014100831546202","19.541390884783898","-97.19599465555653","2026-01-03"
"MEX.30.128_1","Perote","GADM2","3.6","MX","Public Good","0.42332249018515977","19.541390884783898","-97.19599465555653","2026-01-03"
"MEX.30.128_1","Perote","GADM2","3.6","MX","Business & Utility Services","0.274417223158509","19.541390884783898","-97.19599465555653","2026-01-03"
"MEX.30.128_1","Perote","GADM2","3.6","MX","Professional Services","0.3207275773946779","19.541390884783898","-97.19599465555653","2026-01-03"
"MEX.30.128_1","Perote","GADM2","3.6","MX","All","0.27993529456926647","19.541390884783898","-97.19599465555653","2026-01-03"
"MEX.30.128_1","Perote","GADM2","3.6","MX","Local Events","0.2835873039039366","19.541390884783898","-97.19599465555653","2026-01-03"
"MEX.30.128_1","Perote","GADM2","3.6","MX","Restaurants","0.24038652046337758","19.541390884783898","-97.19599465555653","2026-01-03"
"MEX.30.128_1","Perote","GADM2","3.6","MX","Home Services","0.4582065520189971","19.541390884783898","-97.19599465555653","2026-01-03"
"MEX.30.128_1","Perote","GADM2","3.6","MX","Travel","0.630690489185549","19.541390884783898","-97.19599465555653","2026-01-03"
"MEX.21.194_1","Xicotepec","GADM2","3.6","MX","Restaurants","0.2703473229654042","20.366524899587414","-97.83802815456794","2026-01-03"
"MEX.21.194_1","Xicotepec","GADM2","3.6","MX","Retail","0.5977783123206802","20.366524899587414","-97.83802815456794","2026-01-03"
"MEX.21.194_1","Xicotepec","GADM2","3.6","MX","All","0.48856110427490984","20.366524899587414","-97.83802815456794","2026-01-03"
"MEX.21.194_1","Xicotepec","GADM2","3.6","MX","Professional Services","0.4783551255010825","20.366524899587414","-97.83802815456794","2026-01-03"
"MEX.13.24_1","Huasca de Ocampo","GADM2","3.6","MX","Retail","0.5057160911591428","20.250040244151695","-98.4773854207953","2026-01-03"
"MEX.13.24_1","Huasca de Ocampo","GADM2","3.6","MX","All","0.6644767036221966","20.250040244151695","-98.4773854207953","2026-01-03"
"MEX.30.6_1","Acultzingo","GADM2","3.6","MX","Lifestyle Services","0.5022391719154676","18.749214006298967","-97.18939002453968","2026-01-03"
"MEX.30.6_1","Acultzingo","GADM2","3.6","MX","All","0.3580976484826865","18.749214006298967","-97.18939002453968","2026-01-03"
"MEX.30.6_1","Acultzingo","GADM2","3.6","MX","Restaurants","0.5867634116652042","18.749214006298967","-97.18939002453968","2026-01-03"
"MEX.30.6_1","Acultzingo","GADM2","3.6","MX","Retail","0.11977056691362452","18.749214006298967","-97.18939002453968","2026-01-03"
"MEX.30.6_1","Acultzingo","GADM2","3.6","MX","Home Services","0.48369367084579223","18.749214006298967","-97.18939002453968","2026-01-03"
"MEX.30.6_1","Acultzingo","GADM2","3.6","MX","Public Good","0.37334605262890797","18.749214006298967","-97.18939002453968","2026-01-03"
"MEX.30.6_1","Acultzingo","GADM2","3.6","MX","Professional Services","0.2212509803924374","18.749214006298967","-97.18939002453968","2026-01-03"
"MEX.32.37_1","Pánuco","GADM2","3.6","MX","All","0.5062380580287771","22.936942572469086","-102.53080240114258","2026-01-03"
"MEX.32.37_1","Pánuco","GADM2","3.6","MX","Business & Utility Services","0.4453015631305578","22.936942572469086","-102.53080240114258","2026-01-03"
"MEX.32.37_1","Pánuco","GADM2","3.6","MX","Retail","0.29522957139202377","22.936942572469086","-102.53080240114258","2026-01-03"
"MEX.32.37_1","Pánuco","GADM2","3.6","MX","Home Services","0.6326017573307002","22.936942572469086","-102.53080240114258","2026-01-03"
"MEX.16.24_1","Coalcomán de Vázquez Pallares","GADM2","3.6","MX","Lifestyle Services","0.15905705852057242","18.681196015741808","-103.06470038605163","2026-01-03"
"MEX.16.24_1","Coalcomán de Vázquez Pallares","GADM2","3.6","MX","All","0.176125540719474","18.681196015741808","-103.06470038605163","2026-01-03"
"MEX.16.24_1","Coalcomán de Vázquez Pallares","GADM2","3.6","MX","Retail","0.3334394260738491","18.681196015741808","-103.06470038605163","2026-01-03"
"MEX.16.24_1","Coalcomán de Vázquez Pallares","GADM2","3.6","MX","Restaurants","0.313252678274543","18.681196015741808","-103.06470038605163","2026-01-03"
"MEX.16.24_1","Coalcomán de Vázquez Pallares","GADM2","3.6","MX","Professional Services","0.17243006993119733","18.681196015741808","-103.06470038605163","2026-01-03"
"MEX.20.23_1","Dist. Teposcolula","GADM2","3.6","MX","All","0.45742499996402225","17.63391856114225","-97.53562905719109","2026-01-03"
"MEX.20.23_1","Dist. Teposcolula","GADM2","3.6","MX","Retail","0.5672911266689128","17.63391856114225","-97.53562905719109","2026-01-03"
"MEX.20.23_1","Dist. Teposcolula","GADM2","3.6","MX","Grocery & Convenience Stores","0.45045098751547663","17.63391856114225","-97.53562905719109","2026-01-03"
"MEX.20.23_1","Dist. Teposcolula","GADM2","3.6","MX","Professional Services","0.3011468755828664","17.63391856114225","-97.53562905719109","2026-01-03"
"MEX.20.23_1","Dist. Teposcolula","GADM2","3.6","MX","Restaurants","0.31182194869550983","17.63391856114225","-97.53562905719109","2026-01-03"
"MEX.20.23_1","Dist. Teposcolula","GADM2","3.6","MX","Home Services","0.5503322620942416","17.63391856114225","-97.53562905719109","2026-01-03"
"MEX.12.55_1","San Marcos","GADM2","3.6","MX","Home Services","0.4420089527066277","16.829981380638277","-99.34570184502337","2026-01-03"
"MEX.12.55_1","San Marcos","GADM2","3.6","MX","Professional Services","0.3518100863120596","16.829981380638277","-99.34570184502337","2026-01-03"
"MEX.12.55_1","San Marcos","GADM2","3.6","MX","All","0.32884363443446135","16.829981380638277","-99.34570184502337","2026-01-03"
"MEX.12.55_1","San Marcos","GADM2","3.6","MX","Restaurants","0.44629310018187474","16.829981380638277","-99.34570184502337","2026-01-03"
"MEX.12.55_1","San Marcos","GADM2","3.6","MX","Grocery & Convenience Stores","0.21175254432766236","16.829981380638277","-99.34570184502337","2026-01-03"
"MEX.12.55_1","San Marcos","GADM2","3.6","MX","Retail","0.40319160458233","16.829981380638277","-99.34570184502337","2026-01-03"
"MEX.12.55_1","San Marcos","GADM2","3.6","MX","Public Good","0.42062442991572097","16.829981380638277","-99.34570184502337","2026-01-03"
"MEX.30.106_1","Mecayapan","GADM2","3.6","MX","All","0.4048901288637595","18.275695763069237","-94.78733667214456","2026-01-03"
"MEX.30.106_1","Mecayapan","GADM2","3.6","MX","Retail","0.3525367837713546","18.275695763069237","-94.78733667214456","2026-01-03"
"MEX.17.20_1","Tepalcingo","GADM2","3.6","MX","All","0.7695933184364362","18.56933320633233","-98.8298240756049","2026-01-03"
"MEX.17.20_1","Tepalcingo","GADM2","3.6","MX","Home Services","0.5834668699318769","18.56933320633233","-98.8298240756049","2026-01-03"
"MEX.17.20_1","Tepalcingo","GADM2","3.6","MX","Business & Utility Services","0.3078338884023611","18.56933320633233","-98.8298240756049","2026-01-03"
"MEX.17.20_1","Tepalcingo","GADM2","3.6","MX","Retail","0.46000493872896026","18.56933320633233","-98.8298240756049","2026-01-03"
"MEX.17.20_1","Tepalcingo","GADM2","3.6","MX","Restaurants","0.6274824668651497","18.56933320633233","-98.8298240756049","2026-01-03"
"MEX.17.20_1","Tepalcingo","GADM2","3.6","MX","Professional Services","0.5861416682004498","18.56933320633233","-98.8298240756049","2026-01-03"
"MEX.17.1_1","Amacuzac","GADM2","3.6","MX","Public Good","0.59991109481144","18.58797143210679","-99.33909216719437","2026-01-03"
"MEX.17.1_1","Amacuzac","GADM2","3.6","MX","Grocery & Convenience Stores","0.49873808317134116","18.58797143210679","-99.33909216719437","2026-01-03"
"MEX.17.1_1","Amacuzac","GADM2","3.6","MX","Retail","0.533515080803717","18.58797143210679","-99.33909216719437","2026-01-03"
"MEX.17.1_1","Amacuzac","GADM2","3.6","MX","Professional Services","0.2898211041344783","18.58797143210679","-99.33909216719437","2026-01-03"
"MEX.17.1_1","Amacuzac","GADM2","3.6","MX","Travel","0.45927777380801704","18.58797143210679","-99.33909216719437","2026-01-03"
"MEX.17.1_1","Amacuzac","GADM2","3.6","MX","Restaurants","0.47835346605125345","18.58797143210679","-99.33909216719437","2026-01-03"
"MEX.17.1_1","Amacuzac","GADM2","3.6","MX","Home Services","0.3457696664615942","18.58797143210679","-99.33909216719437","2026-01-03"
"MEX.17.1_1","Amacuzac","GADM2","3.6","MX","Lifestyle Services","0.5345459230594679","18.58797143210679","-99.33909216719437","2026-01-03"
"MEX.17.1_1","Amacuzac","GADM2","3.6","MX","All","0.314566325754459","18.58797143210679","-99.33909216719437","2026-01-03"
"MEX.17.1_1","Amacuzac","GADM2","3.6","MX","Local Events","0.6158362104310153","18.58797143210679","-99.33909216719437","2026-01-03"
"MEX.30.135_1","Rafael Delgado","GADM2","3.6","MX","All","0.42613790124551365","18.818708941368687","-97.00270148247712","2026-01-03"
"MEX.14.117_1","Villa Hidalgo","GADM2","3.6","MX","Grocery & Convenience Stores","0.30427798874745243","21.645900740809473","-102.61897912918023","2026-01-03"
"MEX.14.117_1","Villa Hidalgo","GADM2","3.6","MX","Manufacturing","0.35319231498275616","21.645900740809473","-102.61897912918023","2026-01-03"
"MEX.14.117_1","Villa Hidalgo","GADM2","3.6","MX","Business & Utility Services","0.21743399928374232","21.645900740809473","-102.61897912918023","2026-01-03"
"MEX.14.117_1","Villa Hidalgo","GADM2","3.6","MX","All","0.09870789148656854","21.645900740809473","-102.61897912918023","2026-01-03"
"MEX.14.117_1","Villa Hidalgo","GADM2","3.6","MX","Professional Services","0.3313260926749635","21.645900740809473","-102.61897912918023","2026-01-03"
"MEX.14.117_1","Villa Hidalgo","GADM2","3.6","MX","Home Services","0.4253967996301132","21.645900740809473","-102.61897912918023","2026-01-03"
"MEX.14.117_1","Villa Hidalgo","GADM2","3.6","MX","Restaurants","0.42002373392383585","21.645900740809473","-102.61897912918023","2026-01-03"
"MEX.14.117_1","Villa Hidalgo","GADM2","3.6","MX","Lifestyle Services","0.4690392777980487","21.645900740809473","-102.61897912918023","2026-01-03"
"MEX.14.117_1","Villa Hidalgo","GADM2","3.6","MX","Retail","0.0950021461107214","21.645900740809473","-102.61897912918023","2026-01-03"
"MEX.29.4_1","Apetatitlán de Antonio Carvajal","GADM2","3.6","MX","All","0.2696533688428905","19.36941729248163","-98.12177411267245","2026-01-03"
"MEX.12.28_1","Cutzamala de Pinzón","GADM2","3.6","MX","Retail","0.46211103787575564","18.671005179904295","-100.5790873317467","2026-01-03"
"MEX.12.28_1","Cutzamala de Pinzón","GADM2","3.6","MX","All","0.5352873802704242","18.671005179904295","-100.5790873317467","2026-01-03"
"MEX.14.113_1","Valle de Guadalupe","GADM2","3.6","MX","Home Services","0.5848841120028095","21.010027228760308","-102.69022103687666","2026-01-03"
"MEX.14.113_1","Valle de Guadalupe","GADM2","3.6","MX","Professional Services","0.36925186347510425","21.010027228760308","-102.69022103687666","2026-01-03"
"MEX.14.113_1","Valle de Guadalupe","GADM2","3.6","MX","All","0.2901708471206818","21.010027228760308","-102.69022103687666","2026-01-03"
"MEX.14.113_1","Valle de Guadalupe","GADM2","3.6","MX","Restaurants","0.4086101644311118","21.010027228760308","-102.69022103687666","2026-01-03"
"MEX.14.113_1","Valle de Guadalupe","GADM2","3.6","MX","Retail","0.3743745322789368","21.010027228760308","-102.69022103687666","2026-01-03"
"MEX.20.11_1","Dist. Juquila","GADM2","3.6","MX","Restaurants","0.41136453723867267","16.202035000083878","-97.50852984471413","2026-01-03"
"MEX.20.11_1","Dist. Juquila","GADM2","3.6","MX","Lifestyle Services","0.46207546240154723","16.202035000083878","-97.50852984471413","2026-01-03"
"MEX.20.11_1","Dist. Juquila","GADM2","3.6","MX","All","0.4025488306213339","16.202035000083878","-97.50852984471413","2026-01-03"
"MEX.20.11_1","Dist. Juquila","GADM2","3.6","MX","Local Events","0.6932198574082368","16.202035000083878","-97.50852984471413","2026-01-03"
"MEX.20.11_1","Dist. Juquila","GADM2","3.6","MX","Travel","0.33964745001889735","16.202035000083878","-97.50852984471413","2026-01-03"
"MEX.20.11_1","Dist. Juquila","GADM2","3.6","MX","Public Good","0.5693612235261026","16.202035000083878","-97.50852984471413","2026-01-03"
"MEX.20.11_1","Dist. Juquila","GADM2","3.6","MX","Retail","0.46327427078133193","16.202035000083878","-97.50852984471413","2026-01-03"
"MEX.15.93_1","Teotihuacán","GADM2","3.6","MX","Public Good","0.2961441601717432","19.61224179601418","-98.88175025980453","2026-01-03"
"MEX.15.93_1","Teotihuacán","GADM2","3.6","MX","Retail","0.4624389245089005","19.61224179601418","-98.88175025980453","2026-01-03"
"MEX.15.93_1","Teotihuacán","GADM2","3.6","MX","Restaurants","0.4252400156907924","19.61224179601418","-98.88175025980453","2026-01-03"
"MEX.15.93_1","Teotihuacán","GADM2","3.6","MX","Home Services","0.5795639925242693","19.61224179601418","-98.88175025980453","2026-01-03"
"MEX.15.93_1","Teotihuacán","GADM2","3.6","MX","Business & Utility Services","0.43899970654550075","19.61224179601418","-98.88175025980453","2026-01-03"
"MEX.15.93_1","Teotihuacán","GADM2","3.6","MX","All","0.37269639557595025","19.61224179601418","-98.88175025980453","2026-01-03"
"MEX.15.93_1","Teotihuacán","GADM2","3.6","MX","Grocery & Convenience Stores","0.4204467636261117","19.61224179601418","-98.88175025980453","2026-01-03"
"MEX.15.93_1","Teotihuacán","GADM2","3.6","MX","Local Events","0.38821173482867294","19.61224179601418","-98.88175025980453","2026-01-03"
"MEX.15.93_1","Teotihuacán","GADM2","3.6","MX","Lifestyle Services","0.2318558076902131","19.61224179601418","-98.88175025980453","2026-01-03"
"MEX.15.93_1","Teotihuacán","GADM2","3.6","MX","Professional Services","0.2962304140419357","19.61224179601418","-98.88175025980453","2026-01-03"
"MEX.30.8_1","Alto Lucero de Gutiérrez Barrios","GADM2","3.6","MX","All","0.3106431399759999","19.71503580381889","-96.54088823833557","2026-01-03"
"MEX.30.52_1","Córdoba","GADM2","3.6","MX","All","0.34483050841377855","18.931223849585546","-96.85889243893905","2026-01-03"
"MEX.15.31_1","Cuautitlán","GADM2","3.6","MX","Retail","0.1967230744471837","19.633339648874724","-99.12858831160892","2026-01-03"
"MEX.15.31_1","Cuautitlán","GADM2","3.6","MX","Manufacturing","0.48505912772687493","19.633339648874724","-99.12858831160892","2026-01-03"
"MEX.15.31_1","Cuautitlán","GADM2","3.6","MX","","0.3410821723456368","19.633339648874724","-99.12858831160892","2026-01-03"
"MEX.15.31_1","Cuautitlán","GADM2","3.6","MX","Lifestyle Services","0.39140358825755406","19.633339648874724","-99.12858831160892","2026-01-03"
"MEX.15.31_1","Cuautitlán","GADM2","3.6","MX","Public Good","0.39025777795442196","19.633339648874724","-99.12858831160892","2026-01-03"
"MEX.15.31_1","Cuautitlán","GADM2","3.6","MX","Grocery & Convenience Stores","0.7078119095017624","19.633339648874724","-99.12858831160892","2026-01-03"
"MEX.15.31_1","Cuautitlán","GADM2","3.6","MX","All","0.23592999258685915","19.633339648874724","-99.12858831160892","2026-01-03"
"MEX.15.31_1","Cuautitlán","GADM2","3.6","MX","Travel","0.3576905097577723","19.633339648874724","-99.12858831160892","2026-01-03"
"MEX.15.31_1","Cuautitlán","GADM2","3.6","MX","Home Services","0.36526203345002184","19.633339648874724","-99.12858831160892","2026-01-03"
"MEX.15.31_1","Cuautitlán","GADM2","3.6","MX","Local Events","0.4336570561164799","19.633339648874724","-99.12858831160892","2026-01-03"
"MEX.15.31_1","Cuautitlán","GADM2","3.6","MX","Restaurants","0.2776092643554967","19.633339648874724","-99.12858831160892","2026-01-03"
"MEX.15.31_1","Cuautitlán","GADM2","3.6","MX","Professional Services","0.23103142735764662","19.633339648874724","-99.12858831160892","2026-01-03"
"MEX.15.31_1","Cuautitlán","GADM2","3.6","MX","Business & Utility Services","0.19895194677331593","19.633339648874724","-99.12858831160892","2026-01-03"
"MEX.13.64_1","Tepetitlán","GADM2","3.6","MX","All","0.3627334581379378","20.21975299934966","-99.38271192448178","2026-01-03"
"MEX.13.73_1","Tlaxcoapan","GADM2","3.6","MX","All","0.4801442947784838","20.10388273533162","-99.16818357164102","2026-01-03"
"MEX.13.73_1","Tlaxcoapan","GADM2","3.6","MX","Home Services","0.3217647136780328","20.10388273533162","-99.16818357164102","2026-01-03"
"MEX.13.73_1","Tlaxcoapan","GADM2","3.6","MX","Lifestyle Services","0.3940247670739724","20.10388273533162","-99.16818357164102","2026-01-03"
"MEX.13.73_1","Tlaxcoapan","GADM2","3.6","MX","Professional Services","0.3676549448840425","20.10388273533162","-99.16818357164102","2026-01-03"
"MEX.13.73_1","Tlaxcoapan","GADM2","3.6","MX","Retail","0.7401359101787907","20.10388273533162","-99.16818357164102","2026-01-03"
"MEX.13.73_1","Tlaxcoapan","GADM2","3.6","MX","Restaurants","0.5014090099067018","20.10388273533162","-99.16818357164102","2026-01-03"
"MEX.30.133_1","Pueblo Viejo","GADM2","3.6","MX","All","0.6156834007461339","21.391497964262825","-97.5024250662362","2026-01-03"
"MEX.30.133_1","Pueblo Viejo","GADM2","3.6","MX","Restaurants","0.5044316825989476","21.391497964262825","-97.5024250662362","2026-01-03"
"MEX.30.133_1","Pueblo Viejo","GADM2","3.6","MX","Professional Services","0.46816499141563445","21.391497964262825","-97.5024250662362","2026-01-03"
"MEX.30.133_1","Pueblo Viejo","GADM2","3.6","MX","Retail","0.7593389823154352","21.391497964262825","-97.5024250662362","2026-01-03"
"MEX.21.109_1","Palmar de Bravo","GADM2","3.6","MX","Retail","0.7143314746095614","18.886781327918566","-97.42041028643833","2026-01-03"
"MEX.21.109_1","Palmar de Bravo","GADM2","3.6","MX","Professional Services","0.6495414274484551","18.886781327918566","-97.42041028643833","2026-01-03"
"MEX.21.109_1","Palmar de Bravo","GADM2","3.6","MX","All","0.5540366536480165","18.886781327918566","-97.42041028643833","2026-01-03"
"MEX.28.28_1","Nuevo Morelos","GADM2","3.6","MX","All","0.6446595644740761","22.4935954384548","-99.21684974326601","2026-01-03"
"MEX.15.67_1","Otumba","GADM2","3.6","MX","All","0.27463760427415884","19.63099559485052","-98.73086007860333","2026-01-03"
"MEX.11.19_1","León","GADM2","3.6","MX","Grocery & Convenience Stores","0.4154777268521537","21.107632694879282","-101.66052730810225","2026-01-03"
"MEX.11.19_1","León","GADM2","3.6","MX","","0.2670657903286043","21.107632694879282","-101.66052730810225","2026-01-03"
"MEX.11.19_1","León","GADM2","3.6","MX","Public Good","0.1784311447155175","21.107632694879282","-101.66052730810225","2026-01-03"
"MEX.11.19_1","León","GADM2","3.6","MX","Manufacturing","0.3725805036583714","21.107632694879282","-101.66052730810225","2026-01-03"
"MEX.11.19_1","León","GADM2","3.6","MX","Lifestyle Services","0.24334315859164568","21.107632694879282","-101.66052730810225","2026-01-03"
"MEX.11.19_1","León","GADM2","3.6","MX","Travel","0.3413813085924981","21.107632694879282","-101.66052730810225","2026-01-03"
"MEX.11.19_1","León","GADM2","3.6","MX","Local Events","0.21811818041146497","21.107632694879282","-101.66052730810225","2026-01-03"
"MEX.11.19_1","León","GADM2","3.6","MX","Professional Services","0.2890595160159533","21.107632694879282","-101.66052730810225","2026-01-03"
"MEX.11.19_1","León","GADM2","3.6","MX","Restaurants","0.2730555921900734","21.107632694879282","-101.66052730810225","2026-01-03"
"MEX.11.19_1","León","GADM2","3.6","MX","Retail","0.25413696103363825","21.107632694879282","-101.66052730810225","2026-01-03"
"MEX.11.19_1","León","GADM2","3.6","MX","Business & Utility Services","0.2861461372403866","21.107632694879282","-101.66052730810225","2026-01-03"
"MEX.11.19_1","León","GADM2","3.6","MX","All","0.267561360619456","21.107632694879282","-101.66052730810225","2026-01-03"
"MEX.11.19_1","León","GADM2","3.6","MX","Home Services","0.28662735439725134","21.107632694879282","-101.66052730810225","2026-01-03"
"MEX.13.16_1","Chapulhuacán","GADM2","3.6","MX","Retail","0.5223909760799196","21.14152177208235","-98.93992573954367","2026-01-03"
"MEX.13.16_1","Chapulhuacán","GADM2","3.6","MX","Professional Services","0.16805545937181637","21.14152177208235","-98.93992573954367","2026-01-03"
"MEX.13.16_1","Chapulhuacán","GADM2","3.6","MX","Restaurants","0.2707730162118176","21.14152177208235","-98.93992573954367","2026-01-03"
"MEX.13.16_1","Chapulhuacán","GADM2","3.6","MX","All","0.39498736964543835","21.14152177208235","-98.93992573954367","2026-01-03"
"MEX.32.9_1","Cuauhtémoc","GADM2","3.6","MX","All","0.36252467250434595","22.40692808444308","-102.4079221264884","2026-01-03"
"MEX.30.98_1","Lerdo de Tejada","GADM2","3.6","MX","Home Services","0.24883109387636893","18.665951689177685","-95.54203346300154","2026-01-03"
"MEX.30.98_1","Lerdo de Tejada","GADM2","3.6","MX","Public Good","0.3181447101100629","18.665951689177685","-95.54203346300154","2026-01-03"
"MEX.30.98_1","Lerdo de Tejada","GADM2","3.6","MX","Restaurants","0.5299487771350301","18.665951689177685","-95.54203346300154","2026-01-03"
"MEX.30.98_1","Lerdo de Tejada","GADM2","3.6","MX","Retail","0.4927354203889804","18.665951689177685","-95.54203346300154","2026-01-03"
"MEX.30.98_1","Lerdo de Tejada","GADM2","3.6","MX","Grocery & Convenience Stores","0.5295964093128874","18.665951689177685","-95.54203346300154","2026-01-03"
"MEX.30.98_1","Lerdo de Tejada","GADM2","3.6","MX","Professional Services","0.29301666925229475","18.665951689177685","-95.54203346300154","2026-01-03"
"MEX.30.98_1","Lerdo de Tejada","GADM2","3.6","MX","Lifestyle Services","0.21626924908661843","18.665951689177685","-95.54203346300154","2026-01-03"
"MEX.30.98_1","Lerdo de Tejada","GADM2","3.6","MX","All","0.34578886496498323","18.665951689177685","-95.54203346300154","2026-01-03"
"MEX.16.21_1","Churintzio","GADM2","3.6","MX","All","0.551049836796674","20.134867561563503","-102.11115567275858","2026-01-03"
"MEX.15.47_1","Jilotepec","GADM2","3.6","MX","Grocery & Convenience Stores","0.6209380641117347","20.05260109266955","-99.60396933354114","2026-01-03"
"MEX.15.47_1","Jilotepec","GADM2","3.6","MX","Manufacturing","0.48688054039639006","20.05260109266955","-99.60396933354114","2026-01-03"
"MEX.15.47_1","Jilotepec","GADM2","3.6","MX","Lifestyle Services","0.372029426247194","20.05260109266955","-99.60396933354114","2026-01-03"
"MEX.15.47_1","Jilotepec","GADM2","3.6","MX","Home Services","0.40417565183872756","20.05260109266955","-99.60396933354114","2026-01-03"
"MEX.15.47_1","Jilotepec","GADM2","3.6","MX","Professional Services","0.21737762995329815","20.05260109266955","-99.60396933354114","2026-01-03"
"MEX.15.47_1","Jilotepec","GADM2","3.6","MX","Public Good","0.29003925991085394","20.05260109266955","-99.60396933354114","2026-01-03"
"MEX.15.47_1","Jilotepec","GADM2","3.6","MX","Travel","0.4590710960261765","20.05260109266955","-99.60396933354114","2026-01-03"
"MEX.15.47_1","Jilotepec","GADM2","3.6","MX","All","0.3272388016555122","20.05260109266955","-99.60396933354114","2026-01-03"
"MEX.15.47_1","Jilotepec","GADM2","3.6","MX","Retail","0.3905299712726856","20.05260109266955","-99.60396933354114","2026-01-03"
"MEX.15.47_1","Jilotepec","GADM2","3.6","MX","Restaurants","0.5022769793079599","20.05260109266955","-99.60396933354114","2026-01-03"
"MEX.15.47_1","Jilotepec","GADM2","3.6","MX","Local Events","0.285924755961341","20.05260109266955","-99.60396933354114","2026-01-03"
"MEX.15.47_1","Jilotepec","GADM2","3.6","MX","Business & Utility Services","0.24627609798313882","20.05260109266955","-99.60396933354114","2026-01-03"
"MEX.21.173_1","Tilapa","GADM2","3.6","MX","Restaurants","0.2709725576535439","18.6425758794747","-98.4618400125419","2026-01-03"
"MEX.21.173_1","Tilapa","GADM2","3.6","MX","Professional Services","0.4046774153642517","18.6425758794747","-98.4618400125419","2026-01-03"
"MEX.21.173_1","Tilapa","GADM2","3.6","MX","Retail","0.48590787227103266","18.6425758794747","-98.4618400125419","2026-01-03"
"MEX.21.173_1","Tilapa","GADM2","3.6","MX","Business & Utility Services","0.4557773098705667","18.6425758794747","-98.4618400125419","2026-01-03"
"MEX.21.173_1","Tilapa","GADM2","3.6","MX","All","0.30866374583319384","18.6425758794747","-98.4618400125419","2026-01-03"
"MEX.21.173_1","Tilapa","GADM2","3.6","MX","Grocery & Convenience Stores","0.24515059005898845","18.6425758794747","-98.4618400125419","2026-01-03"
"MEX.21.173_1","Tilapa","GADM2","3.6","MX","Public Good","0.5467031337504283","18.6425758794747","-98.4618400125419","2026-01-03"
"MEX.21.173_1","Tilapa","GADM2","3.6","MX","Local Events","0.43146083951246134","18.6425758794747","-98.4618400125419","2026-01-03"
"MEX.21.173_1","Tilapa","GADM2","3.6","MX","Home Services","0.39784319435222876","18.6425758794747","-98.4618400125419","2026-01-03"
"MEX.21.173_1","Tilapa","GADM2","3.6","MX","Lifestyle Services","0.3177548654912247","18.6425758794747","-98.4618400125419","2026-01-03"
"MEX.29.26_1","Santa Cruz Tlaxcala","GADM2","3.6","MX","All","0.35813463265845247","19.375306056882366","-98.04119854687656","2026-01-03"
"MEX.30.190_1","Vega de Alatorre","GADM2","3.6","MX","Restaurants","0.635159433988128","19.954316959197893","-96.60872962923142","2026-01-03"
"MEX.30.190_1","Vega de Alatorre","GADM2","3.6","MX","Professional Services","0.3007115391222855","19.954316959197893","-96.60872962923142","2026-01-03"
"MEX.30.190_1","Vega de Alatorre","GADM2","3.6","MX","Grocery & Convenience Stores","0.3497930998635391","19.954316959197893","-96.60872962923142","2026-01-03"
"MEX.30.190_1","Vega de Alatorre","GADM2","3.6","MX","Home Services","0.512906471179462","19.954316959197893","-96.60872962923142","2026-01-03"
"MEX.11.7_1","Celaya","GADM2","3.6","MX","Local Events","0.28934473794147675","20.524893133069625","-100.80924610147794","2026-01-03"
"MEX.11.7_1","Celaya","GADM2","3.6","MX","Restaurants","0.4963480668469434","20.524893133069625","-100.80924610147794","2026-01-03"
"MEX.11.7_1","Celaya","GADM2","3.6","MX","Professional Services","0.29687864042172224","20.524893133069625","-100.80924610147794","2026-01-03"
"MEX.11.7_1","Celaya","GADM2","3.6","MX","","0.3597803521466103","20.524893133069625","-100.80924610147794","2026-01-03"
"MEX.11.7_1","Celaya","GADM2","3.6","MX","Home Services","0.4198399012475261","20.524893133069625","-100.80924610147794","2026-01-03"
"MEX.11.7_1","Celaya","GADM2","3.6","MX","Manufacturing","0.42854254885858006","20.524893133069625","-100.80924610147794","2026-01-03"
"MEX.11.7_1","Celaya","GADM2","3.6","MX","Business & Utility Services","0.35585204195328973","20.524893133069625","-100.80924610147794","2026-01-03"
"MEX.11.7_1","Celaya","GADM2","3.6","MX","Lifestyle Services","0.20615232303833733","20.524893133069625","-100.80924610147794","2026-01-03"
"MEX.11.7_1","Celaya","GADM2","3.6","MX","All","0.33569465453316655","20.524893133069625","-100.80924610147794","2026-01-03"
"MEX.11.7_1","Celaya","GADM2","3.6","MX","Travel","0.32145459750460675","20.524893133069625","-100.80924610147794","2026-01-03"
"MEX.11.7_1","Celaya","GADM2","3.6","MX","Retail","0.40082223201775985","20.524893133069625","-100.80924610147794","2026-01-03"
"MEX.11.7_1","Celaya","GADM2","3.6","MX","Public Good","0.2366412861313045","20.524893133069625","-100.80924610147794","2026-01-03"
"MEX.11.7_1","Celaya","GADM2","3.6","MX","Grocery & Convenience Stores","0.3514212664996326","20.524893133069625","-100.80924610147794","2026-01-03"
"MEX.24.47_1","Venado","GADM2","3.6","MX","Retail","0.37300534062490937","22.91526337529124","-101.13301316705427","2026-01-03"
"MEX.24.47_1","Venado","GADM2","3.6","MX","All","0.33723901215587826","22.91526337529124","-101.13301316705427","2026-01-03"
"MEX.13.6_1","Alfajayucan","GADM2","3.6","MX","All","0.27194425291468105","20.405329199065427","-99.41730008178723","2026-01-03"
"MEX.13.6_1","Alfajayucan","GADM2","3.6","MX","Retail","0.4758883080604375","20.405329199065427","-99.41730008178723","2026-01-03"
"MEX.13.6_1","Alfajayucan","GADM2","3.6","MX","Professional Services","0.30154778150773137","20.405329199065427","-99.41730008178723","2026-01-03"
"MEX.13.6_1","Alfajayucan","GADM2","3.6","MX","Restaurants","0.3527675914425016","20.405329199065427","-99.41730008178723","2026-01-03"
"MEX.16.5_1","Angangueo","GADM2","3.6","MX","All","0.5720515830236776","19.634228437779644","-100.28961372570171","2026-01-03"
"MEX.30.191_1","Veracruz","GADM2","3.6","MX","Grocery & Convenience Stores","0.44771440421607916","19.206676436828946","-96.21156075445728","2026-01-03"
"MEX.30.191_1","Veracruz","GADM2","3.6","MX","Travel","0.416082649453824","19.206676436828946","-96.21156075445728","2026-01-03"
"MEX.30.191_1","Veracruz","GADM2","3.6","MX","Professional Services","0.2787126017111917","19.206676436828946","-96.21156075445728","2026-01-03"
"MEX.30.191_1","Veracruz","GADM2","3.6","MX","Retail","0.3742139313895452","19.206676436828946","-96.21156075445728","2026-01-03"
"MEX.30.191_1","Veracruz","GADM2","3.6","MX","Lifestyle Services","0.26783920083221563","19.206676436828946","-96.21156075445728","2026-01-03"
"MEX.30.191_1","Veracruz","GADM2","3.6","MX","Business & Utility Services","0.3917909006794768","19.206676436828946","-96.21156075445728","2026-01-03"
"MEX.30.191_1","Veracruz","GADM2","3.6","MX","All","0.30114975813029643","19.206676436828946","-96.21156075445728","2026-01-03"
"MEX.30.191_1","Veracruz","GADM2","3.6","MX","Local Events","0.16543433262176568","19.206676436828946","-96.21156075445728","2026-01-03"
"MEX.30.191_1","Veracruz","GADM2","3.6","MX","Manufacturing","0.4288843279622024","19.206676436828946","-96.21156075445728","2026-01-03"
"MEX.30.191_1","Veracruz","GADM2","3.6","MX","Restaurants","0.3030846723523439","19.206676436828946","-96.21156075445728","2026-01-03"
"MEX.30.191_1","Veracruz","GADM2","3.6","MX","Home Services","0.30613327599962786","19.206676436828946","-96.21156075445728","2026-01-03"
"MEX.30.191_1","Veracruz","GADM2","3.6","MX","Public Good","0.35712193158809036","19.206676436828946","-96.21156075445728","2026-01-03"
"MEX.30.191_1","Veracruz","GADM2","3.6","MX","","0.5160961322746428","19.206676436828946","-96.21156075445728","2026-01-03"
"MEX.21.9_1","Ahuehuetitla","GADM2","3.6","MX","Public Good","0.2674657620199176","18.219732795407147","-98.09649319574834","2026-01-03"
"MEX.21.9_1","Ahuehuetitla","GADM2","3.6","MX","All","0.391199338392204","18.219732795407147","-98.09649319574834","2026-01-03"
"MEX.21.9_1","Ahuehuetitla","GADM2","3.6","MX","Grocery & Convenience Stores","0.3473792787560889","18.219732795407147","-98.09649319574834","2026-01-03"
"MEX.21.9_1","Ahuehuetitla","GADM2","3.6","MX","Restaurants","0.6457232498910217","18.219732795407147","-98.09649319574834","2026-01-03"
"MEX.21.9_1","Ahuehuetitla","GADM2","3.6","MX","Lifestyle Services","0.3278085837532624","18.219732795407147","-98.09649319574834","2026-01-03"
"MEX.21.9_1","Ahuehuetitla","GADM2","3.6","MX","Retail","0.41167234771977895","18.219732795407147","-98.09649319574834","2026-01-03"
"MEX.21.9_1","Ahuehuetitla","GADM2","3.6","MX","Business & Utility Services","0.35315048395752374","18.219732795407147","-98.09649319574834","2026-01-03"
"MEX.21.9_1","Ahuehuetitla","GADM2","3.6","MX","Professional Services","0.47050684812919336","18.219732795407147","-98.09649319574834","2026-01-03"
"MEX.21.9_1","Ahuehuetitla","GADM2","3.6","MX","Home Services","0.5547221003444062","18.219732795407147","-98.09649319574834","2026-01-03"
"MEX.30.193_1","Xalapa","GADM2","3.6","MX","All","0.37798087903069966","19.567183622154367","-96.82232373768139","2026-01-03"
"MEX.30.193_1","Xalapa","GADM2","3.6","MX","Professional Services","0.4308034915280358","19.567183622154367","-96.82232373768139","2026-01-03"
"MEX.30.193_1","Xalapa","GADM2","3.6","MX","Retail","0.34513451416405505","19.567183622154367","-96.82232373768139","2026-01-03"
"MEX.22.15_1","San Joaquín","GADM2","3.6","MX","Travel","0.5064509926682181","20.975153423062167","-99.53992890447358","2026-01-03"
"MEX.22.15_1","San Joaquín","GADM2","3.6","MX","All","0.5464102504384268","20.975153423062167","-99.53992890447358","2026-01-03"
"MEX.20.21_1","Dist. Tehuantepec","GADM2","3.6","MX","Lifestyle Services","0.2759502400434663","16.38099481839561","-95.54503010468856","2026-01-03"
"MEX.20.21_1","Dist. Tehuantepec","GADM2","3.6","MX","Home Services","0.4181488598566415","16.38099481839561","-95.54503010468856","2026-01-03"
"MEX.20.21_1","Dist. Tehuantepec","GADM2","3.6","MX","Business & Utility Services","0.548015364426809","16.38099481839561","-95.54503010468856","2026-01-03"
"MEX.11.22_1","Ocampo","GADM2","3.6","MX","All","0.24837136839003052","21.559481365826596","-101.50962972623044","2026-01-03"
"MEX.11.22_1","Ocampo","GADM2","3.6","MX","Professional Services","0.1551851183135647","21.559481365826596","-101.50962972623044","2026-01-03"
"MEX.11.22_1","Ocampo","GADM2","3.6","MX","Travel","0.424159256362001","21.559481365826596","-101.50962972623044","2026-01-03"
"MEX.11.22_1","Ocampo","GADM2","3.6","MX","Retail","0.2993734947973724","21.559481365826596","-101.50962972623044","2026-01-03"
"MEX.11.22_1","Ocampo","GADM2","3.6","MX","Restaurants","0.37413226313123504","21.559481365826596","-101.50962972623044","2026-01-03"
"MEX.16.62_1","Nuevo Paranguricutiro","GADM2","3.6","MX","Professional Services","0.5895781195478188","19.416769716083905","-102.18057055893324","2026-01-03"
"MEX.16.62_1","Nuevo Paranguricutiro","GADM2","3.6","MX","Lifestyle Services","0.5107455724793826","19.416769716083905","-102.18057055893324","2026-01-03"
"MEX.16.62_1","Nuevo Paranguricutiro","GADM2","3.6","MX","Restaurants","0.5118715037142646","19.416769716083905","-102.18057055893324","2026-01-03"
"MEX.16.62_1","Nuevo Paranguricutiro","GADM2","3.6","MX","Home Services","0.398213243254894","19.416769716083905","-102.18057055893324","2026-01-03"
"MEX.16.62_1","Nuevo Paranguricutiro","GADM2","3.6","MX","All","0.5877977391383143","19.416769716083905","-102.18057055893324","2026-01-03"
"MEX.16.62_1","Nuevo Paranguricutiro","GADM2","3.6","MX","Retail","0.6829183993005806","19.416769716083905","-102.18057055893324","2026-01-03"
"MEX.30.107_1","Medellín","GADM2","3.6","MX","Business & Utility Services","0.39072397428873906","19.065812569226956","-96.12954071381267","2026-01-03"
"MEX.30.107_1","Medellín","GADM2","3.6","MX","All","0.2725639220669922","19.065812569226956","-96.12954071381267","2026-01-03"
"MEX.30.107_1","Medellín","GADM2","3.6","MX","Lifestyle Services","0.19116243571027972","19.065812569226956","-96.12954071381267","2026-01-03"
"MEX.30.107_1","Medellín","GADM2","3.6","MX","Restaurants","0.29430400071058666","19.065812569226956","-96.12954071381267","2026-01-03"
"MEX.30.107_1","Medellín","GADM2","3.6","MX","Home Services","0.25735462514082386","19.065812569226956","-96.12954071381267","2026-01-03"
"MEX.30.107_1","Medellín","GADM2","3.6","MX","","0.256856518366344","19.065812569226956","-96.12954071381267","2026-01-03"
"MEX.30.107_1","Medellín","GADM2","3.6","MX","Travel","0.39224040462321813","19.065812569226956","-96.12954071381267","2026-01-03"
"MEX.30.107_1","Medellín","GADM2","3.6","MX","Local Events","0.22946022210849729","19.065812569226956","-96.12954071381267","2026-01-03"
"MEX.30.107_1","Medellín","GADM2","3.6","MX","Professional Services","0.25951649691444123","19.065812569226956","-96.12954071381267","2026-01-03"
"MEX.30.107_1","Medellín","GADM2","3.6","MX","Public Good","0.2824611052283398","19.065812569226956","-96.12954071381267","2026-01-03"
"MEX.30.107_1","Medellín","GADM2","3.6","MX","Grocery & Convenience Stores","0.5418085504022044","19.065812569226956","-96.12954071381267","2026-01-03"
"MEX.30.107_1","Medellín","GADM2","3.6","MX","Manufacturing","0.42085491552496507","19.065812569226956","-96.12954071381267","2026-01-03"
"MEX.30.107_1","Medellín","GADM2","3.6","MX","Retail","0.34741992053177534","19.065812569226956","-96.12954071381267","2026-01-03"
"MEX.12.26_1","Cuautepec","GADM2","3.6","MX","All","0.4319438713320865","16.757472573249498","-98.91486467006392","2026-01-03"
"MEX.16.6_1","Apatzingán","GADM2","3.6","MX","Local Events","0.3596329926126609","18.927065528385768","-102.4279533461846","2026-01-03"
"MEX.16.6_1","Apatzingán","GADM2","3.6","MX","","0.29463319211853406","18.927065528385768","-102.4279533461846","2026-01-03"
"MEX.16.6_1","Apatzingán","GADM2","3.6","MX","Travel","0.4297675641091288","18.927065528385768","-102.4279533461846","2026-01-03"
"MEX.16.6_1","Apatzingán","GADM2","3.6","MX","Retail","0.3599146975198699","18.927065528385768","-102.4279533461846","2026-01-03"
"MEX.16.6_1","Apatzingán","GADM2","3.6","MX","All","0.41619628610287535","18.927065528385768","-102.4279533461846","2026-01-03"
"MEX.16.6_1","Apatzingán","GADM2","3.6","MX","Lifestyle Services","0.4001675551931475","18.927065528385768","-102.4279533461846","2026-01-03"
"MEX.16.6_1","Apatzingán","GADM2","3.6","MX","Professional Services","0.41532746144423066","18.927065528385768","-102.4279533461846","2026-01-03"
"MEX.16.6_1","Apatzingán","GADM2","3.6","MX","Home Services","0.354451296707688","18.927065528385768","-102.4279533461846","2026-01-03"
"MEX.16.6_1","Apatzingán","GADM2","3.6","MX","Public Good","0.23929663490768366","18.927065528385768","-102.4279533461846","2026-01-03"
"MEX.16.6_1","Apatzingán","GADM2","3.6","MX","Grocery & Convenience Stores","0.49323238021236343","18.927065528385768","-102.4279533461846","2026-01-03"
"MEX.16.6_1","Apatzingán","GADM2","3.6","MX","Business & Utility Services","0.5784816450164924","18.927065528385768","-102.4279533461846","2026-01-03"
"MEX.16.6_1","Apatzingán","GADM2","3.6","MX","Restaurants","0.5853381752869663","18.927065528385768","-102.4279533461846","2026-01-03"
"MEX.30.130_1","Playa Vicente","GADM2","3.6","MX","Retail","0.35968303875571167","17.775972532179512","-95.69768490003909","2026-01-03"
"MEX.30.130_1","Playa Vicente","GADM2","3.6","MX","Grocery & Convenience Stores","0.5115826067560925","17.775972532179512","-95.69768490003909","2026-01-03"
"MEX.30.130_1","Playa Vicente","GADM2","3.6","MX","Public Good","0.44103261240954544","17.775972532179512","-95.69768490003909","2026-01-03"
"MEX.30.130_1","Playa Vicente","GADM2","3.6","MX","Lifestyle Services","0.43973999796397806","17.775972532179512","-95.69768490003909","2026-01-03"
"MEX.30.130_1","Playa Vicente","GADM2","3.6","MX","Professional Services","0.3350082543275906","17.775972532179512","-95.69768490003909","2026-01-03"
"MEX.30.130_1","Playa Vicente","GADM2","3.6","MX","Home Services","0.6669126247794396","17.775972532179512","-95.69768490003909","2026-01-03"
"MEX.30.130_1","Playa Vicente","GADM2","3.6","MX","All","0.37197089371987185","17.775972532179512","-95.69768490003909","2026-01-03"
"MEX.30.130_1","Playa Vicente","GADM2","3.6","MX","Restaurants","0.5391401022759001","17.775972532179512","-95.69768490003909","2026-01-03"
"MEX.28.3_1","Altamira","GADM2","3.6","MX","Restaurants","0.379455564562286","22.506559414480712","-98.06762898640206","2026-01-03"
"MEX.28.3_1","Altamira","GADM2","3.6","MX","Business & Utility Services","0.4184396452288298","22.506559414480712","-98.06762898640206","2026-01-03"
"MEX.24.10_1","Cerro de San Pedro","GADM2","3.6","MX","All","0.34315665298820935","22.182846961161022","-100.78132929058506","2026-01-03"
"MEX.24.10_1","Cerro de San Pedro","GADM2","3.6","MX","Retail","0.3133182384438097","22.182846961161022","-100.78132929058506","2026-01-03"
"MEX.24.10_1","Cerro de San Pedro","GADM2","3.6","MX","Restaurants","0.4378991527045323","22.182846961161022","-100.78132929058506","2026-01-03"
"MEX.17.5_1","Coatlán del Río","GADM2","3.6","MX","Restaurants","0.6134202268519573","18.70201471097527","-99.41082140794435","2026-01-03"
"MEX.17.5_1","Coatlán del Río","GADM2","3.6","MX","Retail","0.34680410824036934","18.70201471097527","-99.41082140794435","2026-01-03"
"MEX.17.5_1","Coatlán del Río","GADM2","3.6","MX","Professional Services","0.2817256819293509","18.70201471097527","-99.41082140794435","2026-01-03"
"MEX.17.5_1","Coatlán del Río","GADM2","3.6","MX","All","0.3611403997080626","18.70201471097527","-99.41082140794435","2026-01-03"
"MEX.15.66_1","Ocuilan","GADM2","3.6","MX","All","0.7416612562711496","18.906541218561113","-99.37613309559552","2026-01-03"
"MEX.13.68_1","Tizayuca","GADM2","3.6","MX","All","0.4074135447877781","19.79024288501708","-98.91859075905867","2026-01-03"
"MEX.13.68_1","Tizayuca","GADM2","3.6","MX","Home Services","0.5843819868983627","19.79024288501708","-98.91859075905867","2026-01-03"
"MEX.13.68_1","Tizayuca","GADM2","3.6","MX","Public Good","0.673265761285065","19.79024288501708","-98.91859075905867","2026-01-03"
"MEX.13.68_1","Tizayuca","GADM2","3.6","MX","Lifestyle Services","0.4707768612998761","19.79024288501708","-98.91859075905867","2026-01-03"
"MEX.13.68_1","Tizayuca","GADM2","3.6","MX","Local Events","0.4240512281491541","19.79024288501708","-98.91859075905867","2026-01-03"
"MEX.13.68_1","Tizayuca","GADM2","3.6","MX","Professional Services","0.32653153963207104","19.79024288501708","-98.91859075905867","2026-01-03"
"MEX.13.68_1","Tizayuca","GADM2","3.6","MX","Grocery & Convenience Stores","0.30969644826016723","19.79024288501708","-98.91859075905867","2026-01-03"
"MEX.13.68_1","Tizayuca","GADM2","3.6","MX","Retail","0.5981008676860942","19.79024288501708","-98.91859075905867","2026-01-03"
"MEX.13.68_1","Tizayuca","GADM2","3.6","MX","Business & Utility Services","0.34965101818631433","19.79024288501708","-98.91859075905867","2026-01-03"
"MEX.13.68_1","Tizayuca","GADM2","3.6","MX","Restaurants","0.5557563167480655","19.79024288501708","-98.91859075905867","2026-01-03"
"MEX.15.102_1","Tianguistenco","GADM2","3.6","MX","Retail","0.4036182664200881","19.05104050300983","-99.35866423509135","2026-01-03"
"MEX.15.102_1","Tianguistenco","GADM2","3.6","MX","Restaurants","0.6271754452485635","19.05104050300983","-99.35866423509135","2026-01-03"
"MEX.15.102_1","Tianguistenco","GADM2","3.6","MX","Grocery & Convenience Stores","0.5300665864933518","19.05104050300983","-99.35866423509135","2026-01-03"
"MEX.15.102_1","Tianguistenco","GADM2","3.6","MX","Professional Services","0.6477337826737516","19.05104050300983","-99.35866423509135","2026-01-03"
"MEX.15.102_1","Tianguistenco","GADM2","3.6","MX","Lifestyle Services","0.2744746960860899","19.05104050300983","-99.35866423509135","2026-01-03"
"MEX.15.102_1","Tianguistenco","GADM2","3.6","MX","All","0.6496187714797307","19.05104050300983","-99.35866423509135","2026-01-03"
"MEX.15.102_1","Tianguistenco","GADM2","3.6","MX","Home Services","0.7323497937546224","19.05104050300983","-99.35866423509135","2026-01-03"
"MEX.11.10_1","Cortazar","GADM2","3.6","MX","All","0.33037293511237253","20.40301454655735","-100.90520780668307","2026-01-03"
"MEX.11.10_1","Cortazar","GADM2","3.6","MX","Professional Services","0.23081452850312442","20.40301454655735","-100.90520780668307","2026-01-03"
"MEX.11.10_1","Cortazar","GADM2","3.6","MX","","0.6061022467415577","20.40301454655735","-100.90520780668307","2026-01-03"
"MEX.11.10_1","Cortazar","GADM2","3.6","MX","Lifestyle Services","0.32558831015349965","20.40301454655735","-100.90520780668307","2026-01-03"
"MEX.11.10_1","Cortazar","GADM2","3.6","MX","Home Services","0.32688012725802285","20.40301454655735","-100.90520780668307","2026-01-03"
"MEX.11.10_1","Cortazar","GADM2","3.6","MX","Travel","0.2811504768528433","20.40301454655735","-100.90520780668307","2026-01-03"
"MEX.11.10_1","Cortazar","GADM2","3.6","MX","Business & Utility Services","0.4111366727658793","20.40301454655735","-100.90520780668307","2026-01-03"
"MEX.11.10_1","Cortazar","GADM2","3.6","MX","Public Good","0.5091673350532677","20.40301454655735","-100.90520780668307","2026-01-03"
"MEX.11.10_1","Cortazar","GADM2","3.6","MX","Retail","0.47663240273671487","20.40301454655735","-100.90520780668307","2026-01-03"
"MEX.11.10_1","Cortazar","GADM2","3.6","MX","Grocery & Convenience Stores","0.723560560856253","20.40301454655735","-100.90520780668307","2026-01-03"
"MEX.11.10_1","Cortazar","GADM2","3.6","MX","Restaurants","0.37760298811170184","20.40301454655735","-100.90520780668307","2026-01-03"
"MEX.11.10_1","Cortazar","GADM2","3.6","MX","Local Events","0.4981917223244706","20.40301454655735","-100.90520780668307","2026-01-03"
"MEX.12.66_1","Tlalchapa","GADM2","3.6","MX","Lifestyle Services","0.30334707285634666","18.358541142691127","-100.40305042158563","2026-01-03"
"MEX.12.66_1","Tlalchapa","GADM2","3.6","MX","Retail","0.3009751282039955","18.358541142691127","-100.40305042158563","2026-01-03"
"MEX.12.66_1","Tlalchapa","GADM2","3.6","MX","Home Services","0.42654282396971105","18.358541142691127","-100.40305042158563","2026-01-03"
"MEX.12.66_1","Tlalchapa","GADM2","3.6","MX","All","0.4258260992835519","18.358541142691127","-100.40305042158563","2026-01-03"
"MEX.12.66_1","Tlalchapa","GADM2","3.6","MX","Grocery & Convenience Stores","0.5155951074888071","18.358541142691127","-100.40305042158563","2026-01-03"
"MEX.12.66_1","Tlalchapa","GADM2","3.6","MX","Professional Services","0.607329421219138","18.358541142691127","-100.40305042158563","2026-01-03"
"MEX.12.66_1","Tlalchapa","GADM2","3.6","MX","Restaurants","0.6440326980786829","18.358541142691127","-100.40305042158563","2026-01-03"
"MEX.21.212_1","Zoquiapan","GADM2","3.6","MX","Professional Services","0.35900953312272116","20.039383626549785","-97.50982084708224","2026-01-03"
"MEX.21.212_1","Zoquiapan","GADM2","3.6","MX","Grocery & Convenience Stores","0.36223839449420003","20.039383626549785","-97.50982084708224","2026-01-03"
"MEX.21.212_1","Zoquiapan","GADM2","3.6","MX","All","0.35917038953931874","20.039383626549785","-97.50982084708224","2026-01-03"
"MEX.21.212_1","Zoquiapan","GADM2","3.6","MX","Local Events","0.51590399179985","20.039383626549785","-97.50982084708224","2026-01-03"
"MEX.21.212_1","Zoquiapan","GADM2","3.6","MX","Retail","0.46177903594465697","20.039383626549785","-97.50982084708224","2026-01-03"
"MEX.21.212_1","Zoquiapan","GADM2","3.6","MX","Travel","0.3214285558790176","20.039383626549785","-97.50982084708224","2026-01-03"
"MEX.21.212_1","Zoquiapan","GADM2","3.6","MX","Restaurants","0.5400180667725506","20.039383626549785","-97.50982084708224","2026-01-03"
"MEX.14.32_1","Cuquito","GADM2","3.6","MX","Lifestyle Services","0.3372779335029622","20.89237551872634","-103.07762195407422","2026-01-03"
"MEX.14.32_1","Cuquito","GADM2","3.6","MX","All","0.2848088503572283","20.89237551872634","-103.07762195407422","2026-01-03"
"MEX.14.32_1","Cuquito","GADM2","3.6","MX","Home Services","0.5057370572216572","20.89237551872634","-103.07762195407422","2026-01-03"
"MEX.14.32_1","Cuquito","GADM2","3.6","MX","Grocery & Convenience Stores","0.5816822879975184","20.89237551872634","-103.07762195407422","2026-01-03"
"MEX.14.32_1","Cuquito","GADM2","3.6","MX","Retail","0.27172649079654143","20.89237551872634","-103.07762195407422","2026-01-03"
"MEX.14.32_1","Cuquito","GADM2","3.6","MX","Restaurants","0.5108197015143459","20.89237551872634","-103.07762195407422","2026-01-03"
"MEX.14.32_1","Cuquito","GADM2","3.6","MX","Professional Services","0.3765341985842232","20.89237551872634","-103.07762195407422","2026-01-03"
"MEX.29.30_1","Tepeyanco","GADM2","3.6","MX","All","0.40164378567537645","19.29538672939317","-98.13178946261372","2026-01-03"
"MEX.30.14_1","Ángel R. Cabada","GADM2","3.6","MX","Business & Utility Services","0.5229876208096258","18.61536093882064","-95.40115309434042","2026-01-03"
"MEX.30.14_1","Ángel R. Cabada","GADM2","3.6","MX","Professional Services","0.592849886462823","18.61536093882064","-95.40115309434042","2026-01-03"
"MEX.30.14_1","Ángel R. Cabada","GADM2","3.6","MX","Home Services","0.24953778661569892","18.61536093882064","-95.40115309434042","2026-01-03"
"MEX.30.14_1","Ángel R. Cabada","GADM2","3.6","MX","Grocery & Convenience Stores","0.44668403036157883","18.61536093882064","-95.40115309434042","2026-01-03"
"MEX.30.14_1","Ángel R. Cabada","GADM2","3.6","MX","All","0.46214855781024566","18.61536093882064","-95.40115309434042","2026-01-03"
"MEX.30.14_1","Ángel R. Cabada","GADM2","3.6","MX","Retail","0.3719821528562415","18.61536093882064","-95.40115309434042","2026-01-03"
"MEX.30.14_1","Ángel R. Cabada","GADM2","3.6","MX","Restaurants","0.5835393989591244","18.61536093882064","-95.40115309434042","2026-01-03"
"MEX.30.14_1","Ángel R. Cabada","GADM2","3.6","MX","Lifestyle Services","0.3641816865453857","18.61536093882064","-95.40115309434042","2026-01-03"
"MEX.32.32_1","Morelos","GADM2","3.6","MX","All","0.23570944230832883","22.811589150363883","-102.66818464552745","2026-01-03"
"MEX.32.32_1","Morelos","GADM2","3.6","MX","Professional Services","0.18385152364392948","22.811589150363883","-102.66818464552745","2026-01-03"
"MEX.32.32_1","Morelos","GADM2","3.6","MX","Home Services","0.3506925931757473","22.811589150363883","-102.66818464552745","2026-01-03"
"MEX.15.49_1","Jiquipilco","GADM2","3.6","MX","All","0.429020273725849","19.579926410243818","-99.58047944396284","2026-01-03"
"MEX.15.49_1","Jiquipilco","GADM2","3.6","MX","Professional Services","0.39585987321486404","19.579926410243818","-99.58047944396284","2026-01-03"
"MEX.15.49_1","Jiquipilco","GADM2","3.6","MX","Home Services","0.731214152752198","19.579926410243818","-99.58047944396284","2026-01-03"
"MEX.15.49_1","Jiquipilco","GADM2","3.6","MX","Retail","0.4697955454950561","19.579926410243818","-99.58047944396284","2026-01-03"
"MEX.15.49_1","Jiquipilco","GADM2","3.6","MX","Restaurants","0.239171550879031","19.579926410243818","-99.58047944396284","2026-01-03"
"MEX.12.8_1","Atenango del Río","GADM2","3.6","MX","All","0.2902301352118947","18.134728438370963","-98.95601792787446","2026-01-03"
"MEX.21.103_1","Nopalucan","GADM2","3.6","MX","Professional Services","0.50308189743285","19.21579429201224","-97.74875888265842","2026-01-03"
"MEX.21.103_1","Nopalucan","GADM2","3.6","MX","Restaurants","0.36591020530959006","19.21579429201224","-97.74875888265842","2026-01-03"
"MEX.21.103_1","Nopalucan","GADM2","3.6","MX","All","0.398910759151795","19.21579429201224","-97.74875888265842","2026-01-03"
"MEX.21.103_1","Nopalucan","GADM2","3.6","MX","Lifestyle Services","0.5483472703618718","19.21579429201224","-97.74875888265842","2026-01-03"
"MEX.21.103_1","Nopalucan","GADM2","3.6","MX","Home Services","0.43746918734009377","19.21579429201224","-97.74875888265842","2026-01-03"
"MEX.21.103_1","Nopalucan","GADM2","3.6","MX","Grocery & Convenience Stores","0.6795794768171641","19.21579429201224","-97.74875888265842","2026-01-03"
"MEX.21.103_1","Nopalucan","GADM2","3.6","MX","Retail","0.41004108878429985","19.21579429201224","-97.74875888265842","2026-01-03"
"MEX.21.103_1","Nopalucan","GADM2","3.6","MX","Business & Utility Services","0.46007737714527547","19.21579429201224","-97.74875888265842","2026-01-03"
"MEX.21.200_1","Xochitlán Todos Santos","GADM2","3.6","MX","Retail","0.26428512934911763","18.736135107747813","-97.67771903652333","2026-01-03"
"MEX.21.200_1","Xochitlán Todos Santos","GADM2","3.6","MX","All","0.3539334170980135","18.736135107747813","-97.67771903652333","2026-01-03"
"MEX.21.200_1","Xochitlán Todos Santos","GADM2","3.6","MX","Home Services","0.34842516483501956","18.736135107747813","-97.67771903652333","2026-01-03"
"MEX.21.200_1","Xochitlán Todos Santos","GADM2","3.6","MX","Lifestyle Services","0.44246423306356425","18.736135107747813","-97.67771903652333","2026-01-03"
"MEX.21.200_1","Xochitlán Todos Santos","GADM2","3.6","MX","Restaurants","0.5124572482519486","18.736135107747813","-97.67771903652333","2026-01-03"
"MEX.21.200_1","Xochitlán Todos Santos","GADM2","3.6","MX","Grocery & Convenience Stores","0.5364637324771353","18.736135107747813","-97.67771903652333","2026-01-03"
"MEX.21.200_1","Xochitlán Todos Santos","GADM2","3.6","MX","Professional Services","0.4170174919737886","18.736135107747813","-97.67771903652333","2026-01-03"
"MEX.24.18_1","Huehuetlán","GADM2","3.6","MX","All","0.41198853584390127","21.556861096618746","-99.01902425220223","2026-01-03"
"MEX.28.39_1","Tula","GADM2","3.6","MX","All","0.3024935110331412","22.946635003158104","-99.7860869449811","2026-01-03"
"MEX.28.39_1","Tula","GADM2","3.6","MX","Restaurants","0.31188113645546434","22.946635003158104","-99.7860869449811","2026-01-03"
"MEX.28.39_1","Tula","GADM2","3.6","MX","Professional Services","0.1762245348337605","22.946635003158104","-99.7860869449811","2026-01-03"
"MEX.28.39_1","Tula","GADM2","3.6","MX","Public Good","0.50432758383491","22.946635003158104","-99.7860869449811","2026-01-03"
"MEX.28.39_1","Tula","GADM2","3.6","MX","Home Services","0.5745150111890397","22.946635003158104","-99.7860869449811","2026-01-03"
"MEX.28.39_1","Tula","GADM2","3.6","MX","Grocery & Convenience Stores","0.37198577334057564","22.946635003158104","-99.7860869449811","2026-01-03"
"MEX.28.39_1","Tula","GADM2","3.6","MX","Retail","0.5168880024691561","22.946635003158104","-99.7860869449811","2026-01-03"
"MEX.12.69_1","Tlapehuala","GADM2","3.6","MX","Grocery & Convenience Stores","0.755151230801063","18.21739183477849","-100.43769682031977","2026-01-03"
"MEX.12.69_1","Tlapehuala","GADM2","3.6","MX","Professional Services","0.20643817609237944","18.21739183477849","-100.43769682031977","2026-01-03"
"MEX.12.69_1","Tlapehuala","GADM2","3.6","MX","Restaurants","0.4815605622321519","18.21739183477849","-100.43769682031977","2026-01-03"
"MEX.12.69_1","Tlapehuala","GADM2","3.6","MX","Home Services","0.43578286130295435","18.21739183477849","-100.43769682031977","2026-01-03"
"MEX.12.69_1","Tlapehuala","GADM2","3.6","MX","All","0.26569808950712626","18.21739183477849","-100.43769682031977","2026-01-03"
"MEX.12.69_1","Tlapehuala","GADM2","3.6","MX","Retail","0.12091859518266683","18.21739183477849","-100.43769682031977","2026-01-03"
"MEX.32.54_1","Villa Hidalgo","GADM2","3.6","MX","All","0.3888733208263277","22.394494914032713","-101.7266251031351","2026-01-03"
"MEX.17.6_1","Cuautla","GADM2","3.6","MX","Travel","0.4306399629745341","18.81583929887477","-98.90464151742485","2026-01-03"
"MEX.17.6_1","Cuautla","GADM2","3.6","MX","Public Good","0.3452059392640625","18.81583929887477","-98.90464151742485","2026-01-03"
"MEX.17.6_1","Cuautla","GADM2","3.6","MX","Manufacturing","0.3501354966899024","18.81583929887477","-98.90464151742485","2026-01-03"
"MEX.17.6_1","Cuautla","GADM2","3.6","MX","Lifestyle Services","0.34639312165083574","18.81583929887477","-98.90464151742485","2026-01-03"
"MEX.17.6_1","Cuautla","GADM2","3.6","MX","Retail","0.2675373703916958","18.81583929887477","-98.90464151742485","2026-01-03"
"MEX.17.6_1","Cuautla","GADM2","3.6","MX","Grocery & Convenience Stores","0.34596398121543875","18.81583929887477","-98.90464151742485","2026-01-03"
"MEX.17.6_1","Cuautla","GADM2","3.6","MX","Restaurants","0.4197201602912123","18.81583929887477","-98.90464151742485","2026-01-03"
"MEX.17.6_1","Cuautla","GADM2","3.6","MX","Business & Utility Services","0.3793388756325524","18.81583929887477","-98.90464151742485","2026-01-03"
"MEX.17.6_1","Cuautla","GADM2","3.6","MX","Professional Services","0.2825856595554506","18.81583929887477","-98.90464151742485","2026-01-03"
"MEX.17.6_1","Cuautla","GADM2","3.6","MX","Home Services","0.42142096082377023","18.81583929887477","-98.90464151742485","2026-01-03"
"MEX.17.6_1","Cuautla","GADM2","3.6","MX","","0.4006037710046048","18.81583929887477","-98.90464151742485","2026-01-03"
"MEX.17.6_1","Cuautla","GADM2","3.6","MX","Local Events","0.24076113126938412","18.81583929887477","-98.90464151742485","2026-01-03"
"MEX.17.6_1","Cuautla","GADM2","3.6","MX","All","0.3106408269571737","18.81583929887477","-98.90464151742485","2026-01-03"
"MEX.11.29_1","San Diego de la Unión","GADM2","3.6","MX","Grocery & Convenience Stores","0.5518417123259175","21.44189230235624","-100.8611728048645","2026-01-03"
"MEX.11.29_1","San Diego de la Unión","GADM2","3.6","MX","Restaurants","0.48659496455995355","21.44189230235624","-100.8611728048645","2026-01-03"
"MEX.11.29_1","San Diego de la Unión","GADM2","3.6","MX","All","0.4147275775954243","21.44189230235624","-100.8611728048645","2026-01-03"
"MEX.11.29_1","San Diego de la Unión","GADM2","3.6","MX","Professional Services","0.5196573222611022","21.44189230235624","-100.8611728048645","2026-01-03"
"MEX.11.29_1","San Diego de la Unión","GADM2","3.6","MX","Retail","0.6196472438005224","21.44189230235624","-100.8611728048645","2026-01-03"
"MEX.11.29_1","San Diego de la Unión","GADM2","3.6","MX","Public Good","0.3136371772203876","21.44189230235624","-100.8611728048645","2026-01-03"
"MEX.11.29_1","San Diego de la Unión","GADM2","3.6","MX","Lifestyle Services","0.18837012169709835","21.44189230235624","-100.8611728048645","2026-01-03"
"MEX.11.29_1","San Diego de la Unión","GADM2","3.6","MX","Home Services","0.22513091750914485","21.44189230235624","-100.8611728048645","2026-01-03"
"MEX.29.12_1","El Carmen Tequexquitla","GADM2","3.6","MX","All","0.7434718620636902","19.396521701974486","-97.59734591619521","2026-01-03"
"MEX.9.12_1","Milpa Alta","GADM2","3.6","MX","Business & Utility Services","0.5498578889081306","19.11484312973102","-98.96659409730145","2026-01-03"
"MEX.9.12_1","Milpa Alta","GADM2","3.6","MX","Retail","0.7409973034632812","19.11484312973102","-98.96659409730145","2026-01-03"
"MEX.9.12_1","Milpa Alta","GADM2","3.6","MX","Home Services","0.4195460570927448","19.11484312973102","-98.96659409730145","2026-01-03"
"MEX.9.12_1","Milpa Alta","GADM2","3.6","MX","Public Good","0.4623509255972685","19.11484312973102","-98.96659409730145","2026-01-03"
"MEX.9.12_1","Milpa Alta","GADM2","3.6","MX","Professional Services","0.3773495697566434","19.11484312973102","-98.96659409730145","2026-01-03"
"MEX.9.12_1","Milpa Alta","GADM2","3.6","MX","All","0.5291631791146342","19.11484312973102","-98.96659409730145","2026-01-03"
"MEX.9.12_1","Milpa Alta","GADM2","3.6","MX","Lifestyle Services","0.41634204312589473","19.11484312973102","-98.96659409730145","2026-01-03"
"MEX.9.12_1","Milpa Alta","GADM2","3.6","MX","Grocery & Convenience Stores","0.5485794541983099","19.11484312973102","-98.96659409730145","2026-01-03"
"MEX.9.12_1","Milpa Alta","GADM2","3.6","MX","Restaurants","0.41956699776123185","19.11484312973102","-98.96659409730145","2026-01-03"
"MEX.30.30_1","Castillo de Teayo","GADM2","3.6","MX","All","0.5481848505823427","20.746654742511268","-97.62861163603624","2026-01-03"
"MEX.21.71_1","Huauchinango","GADM2","3.6","MX","Retail","0.4252783265308383","20.183945098469867","-98.0103037027783","2026-01-03"
"MEX.21.71_1","Huauchinango","GADM2","3.6","MX","All","0.39240480096889846","20.183945098469867","-98.0103037027783","2026-01-03"
"MEX.21.71_1","Huauchinango","GADM2","3.6","MX","Grocery & Convenience Stores","0.45985193763524845","20.183945098469867","-98.0103037027783","2026-01-03"
"MEX.21.71_1","Huauchinango","GADM2","3.6","MX","Public Good","0.3597266194069956","20.183945098469867","-98.0103037027783","2026-01-03"
"MEX.21.71_1","Huauchinango","GADM2","3.6","MX","Lifestyle Services","0.33098518425379647","20.183945098469867","-98.0103037027783","2026-01-03"
"MEX.21.71_1","Huauchinango","GADM2","3.6","MX","Business & Utility Services","0.3411188871050791","20.183945098469867","-98.0103037027783","2026-01-03"
"MEX.21.71_1","Huauchinango","GADM2","3.6","MX","Local Events","0.4109060778510901","20.183945098469867","-98.0103037027783","2026-01-03"
"MEX.21.71_1","Huauchinango","GADM2","3.6","MX","Home Services","0.47596964329291874","20.183945098469867","-98.0103037027783","2026-01-03"
"MEX.21.71_1","Huauchinango","GADM2","3.6","MX","Restaurants","0.496116292093508","20.183945098469867","-98.0103037027783","2026-01-03"
"MEX.21.71_1","Huauchinango","GADM2","3.6","MX","Travel","0.4938184024943597","20.183945098469867","-98.0103037027783","2026-01-03"
"MEX.21.71_1","Huauchinango","GADM2","3.6","MX","Manufacturing","0.47489988780561954","20.183945098469867","-98.0103037027783","2026-01-03"
"MEX.21.71_1","Huauchinango","GADM2","3.6","MX","","0.6104182393933161","20.183945098469867","-98.0103037027783","2026-01-03"
"MEX.21.71_1","Huauchinango","GADM2","3.6","MX","Professional Services","0.40227417292202927","20.183945098469867","-98.0103037027783","2026-01-03"
"MEX.15.5_1","Almoloya de Juárez","GADM2","3.6","MX","","0.2639165936186336","19.35425812422163","-99.78315708520634","2026-01-03"
"MEX.15.5_1","Almoloya de Juárez","GADM2","3.6","MX","Restaurants","0.41028166049881776","19.35425812422163","-99.78315708520634","2026-01-03"
"MEX.15.5_1","Almoloya de Juárez","GADM2","3.6","MX","Retail","0.3930562913575647","19.35425812422163","-99.78315708520634","2026-01-03"
"MEX.15.5_1","Almoloya de Juárez","GADM2","3.6","MX","Manufacturing","0.35704780717533335","19.35425812422163","-99.78315708520634","2026-01-03"
"MEX.15.5_1","Almoloya de Juárez","GADM2","3.6","MX","Home Services","0.3623829244827629","19.35425812422163","-99.78315708520634","2026-01-03"
"MEX.15.5_1","Almoloya de Juárez","GADM2","3.6","MX","Business & Utility Services","0.4184004238206798","19.35425812422163","-99.78315708520634","2026-01-03"
"MEX.15.5_1","Almoloya de Juárez","GADM2","3.6","MX","Grocery & Convenience Stores","0.384295949965134","19.35425812422163","-99.78315708520634","2026-01-03"
"MEX.15.5_1","Almoloya de Juárez","GADM2","3.6","MX","Professional Services","0.22228247155950656","19.35425812422163","-99.78315708520634","2026-01-03"
"MEX.15.5_1","Almoloya de Juárez","GADM2","3.6","MX","Local Events","0.3013005140575126","19.35425812422163","-99.78315708520634","2026-01-03"
"MEX.15.5_1","Almoloya de Juárez","GADM2","3.6","MX","Public Good","0.19301449009862878","19.35425812422163","-99.78315708520634","2026-01-03"
"MEX.15.5_1","Almoloya de Juárez","GADM2","3.6","MX","Lifestyle Services","0.25479843039349853","19.35425812422163","-99.78315708520634","2026-01-03"
"MEX.15.5_1","Almoloya de Juárez","GADM2","3.6","MX","All","0.25818926002650955","19.35425812422163","-99.78315708520634","2026-01-03"
"MEX.15.5_1","Almoloya de Juárez","GADM2","3.6","MX","Travel","0.3242415063414134","19.35425812422163","-99.78315708520634","2026-01-03"
"MEX.12.34_1","Huamuxtitlán","GADM2","3.6","MX","All","0.4928172697512286","17.81839752089527","-98.43433127265747","2026-01-03"
"MEX.15.32_1","Cuautitlán Izcalli","GADM2","3.6","MX","Lifestyle Services","0.31004560311062473","19.60049869576179","-99.17194572097816","2026-01-03"
"MEX.15.32_1","Cuautitlán Izcalli","GADM2","3.6","MX","Business & Utility Services","0.404726848690988","19.60049869576179","-99.17194572097816","2026-01-03"
"MEX.15.32_1","Cuautitlán Izcalli","GADM2","3.6","MX","","0.4925636754998979","19.60049869576179","-99.17194572097816","2026-01-03"
"MEX.15.32_1","Cuautitlán Izcalli","GADM2","3.6","MX","Restaurants","0.29404518373138977","19.60049869576179","-99.17194572097816","2026-01-03"
"MEX.15.32_1","Cuautitlán Izcalli","GADM2","3.6","MX","Home Services","0.28339157290687716","19.60049869576179","-99.17194572097816","2026-01-03"
"MEX.15.32_1","Cuautitlán Izcalli","GADM2","3.6","MX","Grocery & Convenience Stores","0.49724817841634683","19.60049869576179","-99.17194572097816","2026-01-03"
"MEX.15.32_1","Cuautitlán Izcalli","GADM2","3.6","MX","Professional Services","0.3094847351246627","19.60049869576179","-99.17194572097816","2026-01-03"
"MEX.15.32_1","Cuautitlán Izcalli","GADM2","3.6","MX","Travel","0.47010646033712017","19.60049869576179","-99.17194572097816","2026-01-03"
"MEX.15.32_1","Cuautitlán Izcalli","GADM2","3.6","MX","Manufacturing","0.5428863346860024","19.60049869576179","-99.17194572097816","2026-01-03"
"MEX.15.32_1","Cuautitlán Izcalli","GADM2","3.6","MX","Local Events","0.10821154886129984","19.60049869576179","-99.17194572097816","2026-01-03"
"MEX.15.32_1","Cuautitlán Izcalli","GADM2","3.6","MX","Public Good","0.28788406462661137","19.60049869576179","-99.17194572097816","2026-01-03"
"MEX.15.32_1","Cuautitlán Izcalli","GADM2","3.6","MX","All","0.2893601482620755","19.60049869576179","-99.17194572097816","2026-01-03"
"MEX.15.32_1","Cuautitlán Izcalli","GADM2","3.6","MX","Retail","0.27172121858896237","19.60049869576179","-99.17194572097816","2026-01-03"
"MEX.30.41_1","Chocomán","GADM2","3.6","MX","Restaurants","0.4263216597680123","19.011045974125945","-96.97556583489191","2026-01-03"
"MEX.30.41_1","Chocomán","GADM2","3.6","MX","All","0.507398351328618","19.011045974125945","-96.97556583489191","2026-01-03"
"MEX.30.41_1","Chocomán","GADM2","3.6","MX","Retail","0.5492213928402413","19.011045974125945","-96.97556583489191","2026-01-03"
"MEX.13.14_1","Cardonal","GADM2","3.6","MX","All","0.6554812980364011","20.670987510411575","-99.02732269376801","2026-01-03"
"MEX.13.46_1","Pachuca de Soto","GADM2","3.6","MX","Home Services","0.4209971400127796","20.092473867615066","-98.68734420919681","2026-01-03"
"MEX.13.46_1","Pachuca de Soto","GADM2","3.6","MX","Grocery & Convenience Stores","0.4839198302614198","20.092473867615066","-98.68734420919681","2026-01-03"
"MEX.13.46_1","Pachuca de Soto","GADM2","3.6","MX","Travel","0.43283703272588164","20.092473867615066","-98.68734420919681","2026-01-03"
"MEX.13.46_1","Pachuca de Soto","GADM2","3.6","MX","Professional Services","0.3199922842564596","20.092473867615066","-98.68734420919681","2026-01-03"
"MEX.13.46_1","Pachuca de Soto","GADM2","3.6","MX","Manufacturing","0.3010061286040148","20.092473867615066","-98.68734420919681","2026-01-03"
"MEX.13.46_1","Pachuca de Soto","GADM2","3.6","MX","Lifestyle Services","0.2501625457046311","20.092473867615066","-98.68734420919681","2026-01-03"
"MEX.13.46_1","Pachuca de Soto","GADM2","3.6","MX","Restaurants","0.3089786883433531","20.092473867615066","-98.68734420919681","2026-01-03"
"MEX.13.46_1","Pachuca de Soto","GADM2","3.6","MX","","0.272510976448936","20.092473867615066","-98.68734420919681","2026-01-03"
"MEX.13.46_1","Pachuca de Soto","GADM2","3.6","MX","All","0.3002931829445061","20.092473867615066","-98.68734420919681","2026-01-03"
"MEX.13.46_1","Pachuca de Soto","GADM2","3.6","MX","Business & Utility Services","0.33849170754080843","20.092473867615066","-98.68734420919681","2026-01-03"
"MEX.13.46_1","Pachuca de Soto","GADM2","3.6","MX","Public Good","0.15311177131220122","20.092473867615066","-98.68734420919681","2026-01-03"
"MEX.13.46_1","Pachuca de Soto","GADM2","3.6","MX","Retail","0.31199971343052424","20.092473867615066","-98.68734420919681","2026-01-03"
"MEX.13.46_1","Pachuca de Soto","GADM2","3.6","MX","Local Events","0.2691160883516593","20.092473867615066","-98.68734420919681","2026-01-03"
"MEX.16.88_1","Tarímbaro","GADM2","3.6","MX","Retail","0.49759224253281836","19.803656735759347","-101.1803710989041","2026-01-03"
"MEX.16.88_1","Tarímbaro","GADM2","3.6","MX","Restaurants","0.5327036262909338","19.803656735759347","-101.1803710989041","2026-01-03"
"MEX.16.88_1","Tarímbaro","GADM2","3.6","MX","Home Services","0.4320168540512426","19.803656735759347","-101.1803710989041","2026-01-03"
"MEX.16.88_1","Tarímbaro","GADM2","3.6","MX","Professional Services","0.30925213754034686","19.803656735759347","-101.1803710989041","2026-01-03"
"MEX.16.88_1","Tarímbaro","GADM2","3.6","MX","Business & Utility Services","0.5995870775449976","19.803656735759347","-101.1803710989041","2026-01-03"
"MEX.16.88_1","Tarímbaro","GADM2","3.6","MX","Travel","0.5173555260067878","19.803656735759347","-101.1803710989041","2026-01-03"
"MEX.16.88_1","Tarímbaro","GADM2","3.6","MX","All","0.4000664768893385","19.803656735759347","-101.1803710989041","2026-01-03"
"MEX.16.88_1","Tarímbaro","GADM2","3.6","MX","Grocery & Convenience Stores","0.4540053624791212","19.803656735759347","-101.1803710989041","2026-01-03"
"MEX.16.88_1","Tarímbaro","GADM2","3.6","MX","Lifestyle Services","0.3742270828707105","19.803656735759347","-101.1803710989041","2026-01-03"
"MEX.16.88_1","Tarímbaro","GADM2","3.6","MX","Local Events","0.39674229502761754","19.803656735759347","-101.1803710989041","2026-01-03"
"MEX.16.88_1","Tarímbaro","GADM2","3.6","MX","Public Good","0.40159057746448446","19.803656735759347","-101.1803710989041","2026-01-03"
"MEX.16.88_1","Tarímbaro","GADM2","3.6","MX","","0.5547088104165446","19.803656735759347","-101.1803710989041","2026-01-03"
"MEX.21.208_1","Zaragoza","GADM2","3.6","MX","Business & Utility Services","0.6816227544871166","19.825116957906545","-97.48568778072698","2026-01-03"
"MEX.21.208_1","Zaragoza","GADM2","3.6","MX","Travel","0.4178441722283716","19.825116957906545","-97.48568778072698","2026-01-03"
"MEX.21.208_1","Zaragoza","GADM2","3.6","MX","Home Services","0.31266297846054647","19.825116957906545","-97.48568778072698","2026-01-03"
"MEX.21.208_1","Zaragoza","GADM2","3.6","MX","Grocery & Convenience Stores","0.4352043858212514","19.825116957906545","-97.48568778072698","2026-01-03"
"MEX.21.208_1","Zaragoza","GADM2","3.6","MX","Public Good","0.439715150756986","19.825116957906545","-97.48568778072698","2026-01-03"
"MEX.21.208_1","Zaragoza","GADM2","3.6","MX","Lifestyle Services","0.4868348393906355","19.825116957906545","-97.48568778072698","2026-01-03"
"MEX.21.208_1","Zaragoza","GADM2","3.6","MX","Professional Services","0.44651720861766214","19.825116957906545","-97.48568778072698","2026-01-03"
"MEX.21.208_1","Zaragoza","GADM2","3.6","MX","Retail","0.6541331176433035","19.825116957906545","-97.48568778072698","2026-01-03"
"MEX.21.208_1","Zaragoza","GADM2","3.6","MX","All","0.44172413733747884","19.825116957906545","-97.48568778072698","2026-01-03"
"MEX.21.208_1","Zaragoza","GADM2","3.6","MX","Local Events","0.3958508120749521","19.825116957906545","-97.48568778072698","2026-01-03"
"MEX.21.208_1","Zaragoza","GADM2","3.6","MX","Restaurants","0.5317974275082538","19.825116957906545","-97.48568778072698","2026-01-03"
"MEX.12.58_1","Tecoanapa","GADM2","3.6","MX","Restaurants","0.5660797702989784","17.02523450650695","-99.2280524119762","2026-01-03"
"MEX.12.58_1","Tecoanapa","GADM2","3.6","MX","Retail","0.534610724124696","17.02523450650695","-99.2280524119762","2026-01-03"
"MEX.12.58_1","Tecoanapa","GADM2","3.6","MX","All","0.6690460783198441","17.02523450650695","-99.2280524119762","2026-01-03"
"MEX.13.49_1","Progreso de Obregón","GADM2","3.6","MX","All","0.7024476183169867","20.374692060505186","-99.11682839049259","2026-01-03"
"MEX.20.10_1","Dist. Juchitan","GADM2","3.6","MX","Grocery & Convenience Stores","0.5905959399824494","16.775798967213387","-94.64717401162552","2026-01-03"
"MEX.20.10_1","Dist. Juchitan","GADM2","3.6","MX","Retail","0.3889061746824064","16.775798967213387","-94.64717401162552","2026-01-03"
"MEX.15.7_1","Amanalco","GADM2","3.6","MX","All","0.46338770757819236","19.179579269152843","-99.95154968434598","2026-01-03"
"MEX.32.36_1","Ojocaliente","GADM2","3.6","MX","Restaurants","0.46526777652926815","22.551715455300027","-102.2483167039043","2026-01-03"
"MEX.32.36_1","Ojocaliente","GADM2","3.6","MX","Lifestyle Services","0.3129995257215579","22.551715455300027","-102.2483167039043","2026-01-03"
"MEX.32.36_1","Ojocaliente","GADM2","3.6","MX","All","0.37480354189538273","22.551715455300027","-102.2483167039043","2026-01-03"
"MEX.32.36_1","Ojocaliente","GADM2","3.6","MX","Home Services","0.41160055100648535","22.551715455300027","-102.2483167039043","2026-01-03"
"MEX.32.36_1","Ojocaliente","GADM2","3.6","MX","Professional Services","0.38045985583158703","22.551715455300027","-102.2483167039043","2026-01-03"
"MEX.32.36_1","Ojocaliente","GADM2","3.6","MX","Retail","0.5129775848380901","22.551715455300027","-102.2483167039043","2026-01-03"
"MEX.16.98_1","Tuxpan","GADM2","3.6","MX","Lifestyle Services","0.34010373834302043","19.558164212051622","-100.48336709521847","2026-01-03"
"MEX.16.98_1","Tuxpan","GADM2","3.6","MX","Professional Services","0.6713577001768599","19.558164212051622","-100.48336709521847","2026-01-03"
"MEX.16.98_1","Tuxpan","GADM2","3.6","MX","Restaurants","0.28483974844731286","19.558164212051622","-100.48336709521847","2026-01-03"
"MEX.16.98_1","Tuxpan","GADM2","3.6","MX","All","0.5554080924052295","19.558164212051622","-100.48336709521847","2026-01-03"
"MEX.16.98_1","Tuxpan","GADM2","3.6","MX","Home Services","0.3466104858092782","19.558164212051622","-100.48336709521847","2026-01-03"
"MEX.16.98_1","Tuxpan","GADM2","3.6","MX","Retail","0.7332993526346979","19.558164212051622","-100.48336709521847","2026-01-03"
"MEX.30.108_1","Mihuatlán","GADM2","3.6","MX","All","0.4291996117249385","19.730096742340987","-96.81907740020206","2026-01-03"
"MEX.16.76_1","Quiroga","GADM2","3.6","MX","Home Services","0.43158172038512854","19.70481853288147","-101.56149281892725","2026-01-03"
"MEX.16.76_1","Quiroga","GADM2","3.6","MX","Restaurants","0.4446859402208182","19.70481853288147","-101.56149281892725","2026-01-03"
"MEX.16.76_1","Quiroga","GADM2","3.6","MX","All","0.3702454472175781","19.70481853288147","-101.56149281892725","2026-01-03"
"MEX.16.76_1","Quiroga","GADM2","3.6","MX","Public Good","0.493758508390445","19.70481853288147","-101.56149281892725","2026-01-03"
"MEX.16.76_1","Quiroga","GADM2","3.6","MX","Travel","0.4004567787052862","19.70481853288147","-101.56149281892725","2026-01-03"
"MEX.16.76_1","Quiroga","GADM2","3.6","MX","Professional Services","0.34071372016584134","19.70481853288147","-101.56149281892725","2026-01-03"
"MEX.16.76_1","Quiroga","GADM2","3.6","MX","Lifestyle Services","0.5814704711083144","19.70481853288147","-101.56149281892725","2026-01-03"
"MEX.16.76_1","Quiroga","GADM2","3.6","MX","Local Events","0.38534823338295954","19.70481853288147","-101.56149281892725","2026-01-03"
"MEX.16.76_1","Quiroga","GADM2","3.6","MX","Grocery & Convenience Stores","0.5078430618428569","19.70481853288147","-101.56149281892725","2026-01-03"
"MEX.16.76_1","Quiroga","GADM2","3.6","MX","Retail","0.48842684092328204","19.70481853288147","-101.56149281892725","2026-01-03"
"MEX.16.76_1","Quiroga","GADM2","3.6","MX","Business & Utility Services","0.4298408093725835","19.70481853288147","-101.56149281892725","2026-01-03"
"MEX.11.17_1","Jaral del Progreso","GADM2","3.6","MX","All","0.38735708130096164","20.342013930921997","-101.04969813070394","2026-01-03"
"MEX.11.17_1","Jaral del Progreso","GADM2","3.6","MX","Home Services","0.635732155191288","20.342013930921997","-101.04969813070394","2026-01-03"
"MEX.11.17_1","Jaral del Progreso","GADM2","3.6","MX","Local Events","0.6217856395178932","20.342013930921997","-101.04969813070394","2026-01-03"
"MEX.11.17_1","Jaral del Progreso","GADM2","3.6","MX","Professional Services","0.35870776096172136","20.342013930921997","-101.04969813070394","2026-01-03"
"MEX.11.17_1","Jaral del Progreso","GADM2","3.6","MX","Retail","0.4766997880279762","20.342013930921997","-101.04969813070394","2026-01-03"
"MEX.11.17_1","Jaral del Progreso","GADM2","3.6","MX","Restaurants","0.2813112233260085","20.342013930921997","-101.04969813070394","2026-01-03"
"MEX.21.19_1","Atlixco","GADM2","3.6","MX","Travel","0.4166071396253625","18.906273781340595","-98.3718668389404","2026-01-03"
"MEX.21.19_1","Atlixco","GADM2","3.6","MX","Lifestyle Services","0.27971680538879484","18.906273781340595","-98.3718668389404","2026-01-03"
"MEX.21.19_1","Atlixco","GADM2","3.6","MX","Home Services","0.4567538253265248","18.906273781340595","-98.3718668389404","2026-01-03"
"MEX.21.19_1","Atlixco","GADM2","3.6","MX","","0.635079473978274","18.906273781340595","-98.3718668389404","2026-01-03"
"MEX.21.19_1","Atlixco","GADM2","3.6","MX","Professional Services","0.3601902726866869","18.906273781340595","-98.3718668389404","2026-01-03"
"MEX.21.19_1","Atlixco","GADM2","3.6","MX","Business & Utility Services","0.6062959870236236","18.906273781340595","-98.3718668389404","2026-01-03"
"MEX.21.19_1","Atlixco","GADM2","3.6","MX","Retail","0.38635400586900676","18.906273781340595","-98.3718668389404","2026-01-03"
"MEX.21.19_1","Atlixco","GADM2","3.6","MX","Local Events","0.31636994213690856","18.906273781340595","-98.3718668389404","2026-01-03"
"MEX.21.19_1","Atlixco","GADM2","3.6","MX","Manufacturing","0.36610392355369054","18.906273781340595","-98.3718668389404","2026-01-03"
"MEX.21.19_1","Atlixco","GADM2","3.6","MX","Public Good","0.48526644993656615","18.906273781340595","-98.3718668389404","2026-01-03"
"MEX.21.19_1","Atlixco","GADM2","3.6","MX","Restaurants","0.26318966318448384","18.906273781340595","-98.3718668389404","2026-01-03"
"MEX.21.19_1","Atlixco","GADM2","3.6","MX","All","0.3114406543168388","18.906273781340595","-98.3718668389404","2026-01-03"
"MEX.21.19_1","Atlixco","GADM2","3.6","MX","Grocery & Convenience Stores","0.4383351038182683","18.906273781340595","-98.3718668389404","2026-01-03"
"MEX.30.39_1","Chinameca","GADM2","3.6","MX","All","0.3549041622989738","18.052157391712687","-94.69886659946162","2026-01-03"
"MEX.29.35_1","Tlaxco","GADM2","3.6","MX","Restaurants","0.18269561831280323","19.641442721431016","-98.09148141737923","2026-01-03"
"MEX.29.35_1","Tlaxco","GADM2","3.6","MX","All","0.1901333590820262","19.641442721431016","-98.09148141737923","2026-01-03"
"MEX.29.35_1","Tlaxco","GADM2","3.6","MX","Professional Services","0.3167650962269007","19.641442721431016","-98.09148141737923","2026-01-03"
"MEX.29.35_1","Tlaxco","GADM2","3.6","MX","Local Events","0.6388286057054768","19.641442721431016","-98.09148141737923","2026-01-03"
"MEX.29.35_1","Tlaxco","GADM2","3.6","MX","Home Services","0.2683815436628524","19.641442721431016","-98.09148141737923","2026-01-03"
"MEX.29.35_1","Tlaxco","GADM2","3.6","MX","Business & Utility Services","0.5273147104687063","19.641442721431016","-98.09148141737923","2026-01-03"
"MEX.29.35_1","Tlaxco","GADM2","3.6","MX","Retail","0.3611222318606898","19.641442721431016","-98.09148141737923","2026-01-03"
"MEX.29.35_1","Tlaxco","GADM2","3.6","MX","Public Good","0.5358940621386524","19.641442721431016","-98.09148141737923","2026-01-03"
"MEX.29.35_1","Tlaxco","GADM2","3.6","MX","Lifestyle Services","0.18894915128738304","19.641442721431016","-98.09148141737923","2026-01-03"
"MEX.12.44_1","Mártir de Cuilapan","GADM2","3.6","MX","All","0.6125247840410645","17.820088868177717","-99.31762683543418","2026-01-03"
"MEX.13.17_1","Chilcuautla","GADM2","3.6","MX","Restaurants","0.4203613107590346","20.34513207815613","-99.23660456023326","2026-01-03"
"MEX.13.17_1","Chilcuautla","GADM2","3.6","MX","Home Services","0.4285939832025231","20.34513207815613","-99.23660456023326","2026-01-03"
"MEX.13.17_1","Chilcuautla","GADM2","3.6","MX","Professional Services","0.6057024588767523","20.34513207815613","-99.23660456023326","2026-01-03"
"MEX.13.17_1","Chilcuautla","GADM2","3.6","MX","Retail","0.3796952615954786","20.34513207815613","-99.23660456023326","2026-01-03"
"MEX.13.17_1","Chilcuautla","GADM2","3.6","MX","All","0.3504866185090207","20.34513207815613","-99.23660456023326","2026-01-03"
"MEX.13.17_1","Chilcuautla","GADM2","3.6","MX","Travel","0.45588941668624205","20.34513207815613","-99.23660456023326","2026-01-03"
"MEX.30.154_1","Tantoyuca","GADM2","3.6","MX","Home Services","0.3998694371951614","21.413433384091622","-98.18286528045519","2026-01-03"
"MEX.30.154_1","Tantoyuca","GADM2","3.6","MX","Retail","0.5211960914483903","21.413433384091622","-98.18286528045519","2026-01-03"
"MEX.30.154_1","Tantoyuca","GADM2","3.6","MX","Professional Services","0.3935440251547343","21.413433384091622","-98.18286528045519","2026-01-03"
"MEX.30.154_1","Tantoyuca","GADM2","3.6","MX","Business & Utility Services","0.42218452974026277","21.413433384091622","-98.18286528045519","2026-01-03"
"MEX.30.154_1","Tantoyuca","GADM2","3.6","MX","Restaurants","0.2520890527705616","21.413433384091622","-98.18286528045519","2026-01-03"
"MEX.30.154_1","Tantoyuca","GADM2","3.6","MX","All","0.38555797523564456","21.413433384091622","-98.18286528045519","2026-01-03"
"MEX.30.154_1","Tantoyuca","GADM2","3.6","MX","Public Good","0.2476773984906984","21.413433384091622","-98.18286528045519","2026-01-03"
"MEX.30.154_1","Tantoyuca","GADM2","3.6","MX","Lifestyle Services","0.3877931957436636","21.413433384091622","-98.18286528045519","2026-01-03"
"MEX.30.154_1","Tantoyuca","GADM2","3.6","MX","Grocery & Convenience Stores","0.6106592139086116","21.413433384091622","-98.18286528045519","2026-01-03"
"MEX.30.154_1","Tantoyuca","GADM2","3.6","MX","Local Events","0.386087154588335","21.413433384091622","-98.18286528045519","2026-01-03"
"MEX.21.84_1","Ixtacamaxtitlán","GADM2","3.6","MX","All","0.33659721814848653","19.63193132830351","-97.72197610972319","2026-01-03"
"MEX.13.55_1","Santiago de Anaya","GADM2","3.6","MX","All","0.29937283198983133","20.429791326520604","-98.93572509018684","2026-01-03"
"MEX.12.54_1","San Luis Acatlán","GADM2","3.6","MX","Retail","0.4309736512763581","16.91952791809008","-98.65486884126355","2026-01-03"
"MEX.12.54_1","San Luis Acatlán","GADM2","3.6","MX","All","0.34467723218244833","16.91952791809008","-98.65486884126355","2026-01-03"
"MEX.12.54_1","San Luis Acatlán","GADM2","3.6","MX","Public Good","0.4206135595129723","16.91952791809008","-98.65486884126355","2026-01-03"
"MEX.12.54_1","San Luis Acatlán","GADM2","3.6","MX","Professional Services","0.3427863322004381","16.91952791809008","-98.65486884126355","2026-01-03"
"MEX.12.54_1","San Luis Acatlán","GADM2","3.6","MX","Grocery & Convenience Stores","0.3099684147997091","16.91952791809008","-98.65486884126355","2026-01-03"
"MEX.12.54_1","San Luis Acatlán","GADM2","3.6","MX","Restaurants","0.33081556535226403","16.91952791809008","-98.65486884126355","2026-01-03"
"MEX.24.17_1","Guadalcazar","GADM2","3.6","MX","Retail","0.3306132637988565","22.879213155082812","-100.28649633239385","2026-01-03"
"MEX.24.17_1","Guadalcazar","GADM2","3.6","MX","All","0.4342007901044589","22.879213155082812","-100.28649633239385","2026-01-03"
"MEX.32.50_1","Vetagrande","GADM2","3.6","MX","","0.37827899298669415","22.805866329654307","-102.50687516442339","2026-01-03"
"MEX.32.50_1","Vetagrande","GADM2","3.6","MX","Professional Services","0.26251146209447457","22.805866329654307","-102.50687516442339","2026-01-03"
"MEX.32.50_1","Vetagrande","GADM2","3.6","MX","Travel","0.28742470979392004","22.805866329654307","-102.50687516442339","2026-01-03"
"MEX.32.50_1","Vetagrande","GADM2","3.6","MX","Restaurants","0.32364270391779953","22.805866329654307","-102.50687516442339","2026-01-03"
"MEX.32.50_1","Vetagrande","GADM2","3.6","MX","Local Events","0.23629078977852366","22.805866329654307","-102.50687516442339","2026-01-03"
"MEX.32.50_1","Vetagrande","GADM2","3.6","MX","Business & Utility Services","0.28076180030039494","22.805866329654307","-102.50687516442339","2026-01-03"
"MEX.32.50_1","Vetagrande","GADM2","3.6","MX","Lifestyle Services","0.17183138273907214","22.805866329654307","-102.50687516442339","2026-01-03"
"MEX.32.50_1","Vetagrande","GADM2","3.6","MX","All","0.27426755708245804","22.805866329654307","-102.50687516442339","2026-01-03"
"MEX.32.50_1","Vetagrande","GADM2","3.6","MX","Manufacturing","0.3812968471441824","22.805866329654307","-102.50687516442339","2026-01-03"
"MEX.32.50_1","Vetagrande","GADM2","3.6","MX","Home Services","0.5114995863635","22.805866329654307","-102.50687516442339","2026-01-03"
"MEX.32.50_1","Vetagrande","GADM2","3.6","MX","Grocery & Convenience Stores","0.5338616050316906","22.805866329654307","-102.50687516442339","2026-01-03"
"MEX.32.50_1","Vetagrande","GADM2","3.6","MX","Public Good","0.1624713855660003","22.805866329654307","-102.50687516442339","2026-01-03"
"MEX.32.50_1","Vetagrande","GADM2","3.6","MX","Retail","0.3053027103857048","22.805866329654307","-102.50687516442339","2026-01-03"
"MEX.21.187_1","Totoltepec de Guerrero","GADM2","3.6","MX","All","0.29937403448456185","18.34374470688241","-97.7189673808762","2026-01-03"
"MEX.15.2_1","Acolman","GADM2","3.6","MX","All","0.3222817609352351","19.586567663696993","-98.92017047036752","2026-01-03"
"MEX.15.2_1","Acolman","GADM2","3.6","MX","Business & Utility Services","0.39419386963497854","19.586567663696993","-98.92017047036752","2026-01-03"
"MEX.21.150_1","Tecali de Herrera","GADM2","3.6","MX","Home Services","0.4522490879600681","18.930516886451986","-97.84922048629738","2026-01-03"
"MEX.21.150_1","Tecali de Herrera","GADM2","3.6","MX","All","0.46290752013613146","18.930516886451986","-97.84922048629738","2026-01-03"
"MEX.21.150_1","Tecali de Herrera","GADM2","3.6","MX","Restaurants","0.54165395327109","18.930516886451986","-97.84922048629738","2026-01-03"
"MEX.21.150_1","Tecali de Herrera","GADM2","3.6","MX","Grocery & Convenience Stores","0.5983536577068028","18.930516886451986","-97.84922048629738","2026-01-03"
"MEX.21.150_1","Tecali de Herrera","GADM2","3.6","MX","Lifestyle Services","0.443994657579689","18.930516886451986","-97.84922048629738","2026-01-03"
"MEX.16.42_1","Ixtlán","GADM2","3.6","MX","All","0.6173691474092139","20.11871307270436","-102.41629675133584","2026-01-03"
"MEX.17.31_1","Yecapixtla","GADM2","3.6","MX","Professional Services","0.2527224385736177","18.859059344394364","-98.78835576891017","2026-01-03"
"MEX.17.31_1","Yecapixtla","GADM2","3.6","MX","All","0.5055502826381556","18.859059344394364","-98.78835576891017","2026-01-03"
"MEX.17.31_1","Yecapixtla","GADM2","3.6","MX","Public Good","0.6052866866514174","18.859059344394364","-98.78835576891017","2026-01-03"
"MEX.17.31_1","Yecapixtla","GADM2","3.6","MX","Retail","0.5018929882379527","18.859059344394364","-98.78835576891017","2026-01-03"
"MEX.17.31_1","Yecapixtla","GADM2","3.6","MX","Business & Utility Services","0.45114129992858193","18.859059344394364","-98.78835576891017","2026-01-03"
"MEX.17.31_1","Yecapixtla","GADM2","3.6","MX","Home Services","0.5665947128729669","18.859059344394364","-98.78835576891017","2026-01-03"
"MEX.17.31_1","Yecapixtla","GADM2","3.6","MX","Restaurants","0.6038688886329481","18.859059344394364","-98.78835576891017","2026-01-03"
"MEX.16.108_1","Zamora","GADM2","3.6","MX","Business & Utility Services","0.37461078032099476","20.02021751743468","-102.26702673356168","2026-01-03"
"MEX.16.108_1","Zamora","GADM2","3.6","MX","Local Events","0.5254497231404213","20.02021751743468","-102.26702673356168","2026-01-03"
"MEX.16.108_1","Zamora","GADM2","3.6","MX","Restaurants","0.38423816742939376","20.02021751743468","-102.26702673356168","2026-01-03"
"MEX.16.108_1","Zamora","GADM2","3.6","MX","Manufacturing","0.4634202012421076","20.02021751743468","-102.26702673356168","2026-01-03"
"MEX.16.108_1","Zamora","GADM2","3.6","MX","Public Good","0.24125217923411726","20.02021751743468","-102.26702673356168","2026-01-03"
"MEX.16.108_1","Zamora","GADM2","3.6","MX","All","0.3660734662261143","20.02021751743468","-102.26702673356168","2026-01-03"
"MEX.16.108_1","Zamora","GADM2","3.6","MX","Retail","0.3814898407720065","20.02021751743468","-102.26702673356168","2026-01-03"
"MEX.16.108_1","Zamora","GADM2","3.6","MX","Home Services","0.41927143907408376","20.02021751743468","-102.26702673356168","2026-01-03"
"MEX.16.108_1","Zamora","GADM2","3.6","MX","Grocery & Convenience Stores","0.5660512850354201","20.02021751743468","-102.26702673356168","2026-01-03"
"MEX.16.108_1","Zamora","GADM2","3.6","MX","Travel","0.4489176288734337","20.02021751743468","-102.26702673356168","2026-01-03"
"MEX.16.108_1","Zamora","GADM2","3.6","MX","","0.4599860942167838","20.02021751743468","-102.26702673356168","2026-01-03"
"MEX.16.108_1","Zamora","GADM2","3.6","MX","Professional Services","0.29497761966516733","20.02021751743468","-102.26702673356168","2026-01-03"
"MEX.16.108_1","Zamora","GADM2","3.6","MX","Lifestyle Services","0.3254762652968607","20.02021751743468","-102.26702673356168","2026-01-03"
"MEX.14.71_1","Poncitlán","GADM2","3.6","MX","All","0.32456942128607735","20.32848341818405","-102.9639074643404","2026-01-03"
"MEX.15.91_1","Tenango del Valle","GADM2","3.6","MX","Professional Services","0.37158145765668893","18.980646911195077","-99.57095164656495","2026-01-03"
"MEX.15.91_1","Tenango del Valle","GADM2","3.6","MX","","0.5892285710955507","18.980646911195077","-99.57095164656495","2026-01-03"
"MEX.15.91_1","Tenango del Valle","GADM2","3.6","MX","Lifestyle Services","0.31776892244494565","18.980646911195077","-99.57095164656495","2026-01-03"
"MEX.15.91_1","Tenango del Valle","GADM2","3.6","MX","Public Good","0.23778350277992621","18.980646911195077","-99.57095164656495","2026-01-03"
"MEX.15.91_1","Tenango del Valle","GADM2","3.6","MX","Grocery & Convenience Stores","0.6248425069590964","18.980646911195077","-99.57095164656495","2026-01-03"
"MEX.15.91_1","Tenango del Valle","GADM2","3.6","MX","Local Events","0.600578802411495","18.980646911195077","-99.57095164656495","2026-01-03"
"MEX.15.91_1","Tenango del Valle","GADM2","3.6","MX","Travel","0.4511959178302085","18.980646911195077","-99.57095164656495","2026-01-03"
"MEX.15.91_1","Tenango del Valle","GADM2","3.6","MX","Retail","0.38351152535478467","18.980646911195077","-99.57095164656495","2026-01-03"
"MEX.15.91_1","Tenango del Valle","GADM2","3.6","MX","Restaurants","0.41572745163516106","18.980646911195077","-99.57095164656495","2026-01-03"
"MEX.15.91_1","Tenango del Valle","GADM2","3.6","MX","Home Services","0.41303963691918966","18.980646911195077","-99.57095164656495","2026-01-03"
"MEX.15.91_1","Tenango del Valle","GADM2","3.6","MX","All","0.34721864120474244","18.980646911195077","-99.57095164656495","2026-01-03"
"MEX.15.91_1","Tenango del Valle","GADM2","3.6","MX","Business & Utility Services","0.5483553571318299","18.980646911195077","-99.57095164656495","2026-01-03"
"MEX.30.143_1","Sayula de Alemán","GADM2","3.6","MX","All","0.5423576091914974","17.81035434935972","-94.99386437717916","2026-01-03"
"MEX.16.59_1","Múgica","GADM2","3.6","MX","Grocery & Convenience Stores","0.6112885562722737","18.973416120325243","-102.1443014530633","2026-01-03"
"MEX.16.59_1","Múgica","GADM2","3.6","MX","Public Good","0.36204063018823135","18.973416120325243","-102.1443014530633","2026-01-03"
"MEX.16.59_1","Múgica","GADM2","3.6","MX","Retail","0.49759177176515074","18.973416120325243","-102.1443014530633","2026-01-03"
"MEX.16.59_1","Múgica","GADM2","3.6","MX","All","0.36048819832608514","18.973416120325243","-102.1443014530633","2026-01-03"
"MEX.16.59_1","Múgica","GADM2","3.6","MX","Professional Services","0.3674478882220145","18.973416120325243","-102.1443014530633","2026-01-03"
"MEX.16.59_1","Múgica","GADM2","3.6","MX","Restaurants","0.2156966079416202","18.973416120325243","-102.1443014530633","2026-01-03"
"MEX.16.59_1","Múgica","GADM2","3.6","MX","Home Services","0.28399314774893525","18.973416120325243","-102.1443014530633","2026-01-03"
"MEX.16.59_1","Múgica","GADM2","3.6","MX","Lifestyle Services","0.5065002270348875","18.973416120325243","-102.1443014530633","2026-01-03"
"MEX.15.101_1","Tezoyuca","GADM2","3.6","MX","Retail","0.45612501552782975","19.55461394481211","-98.93446675401391","2026-01-03"
"MEX.15.101_1","Tezoyuca","GADM2","3.6","MX","All","0.5476477692461054","19.55461394481211","-98.93446675401391","2026-01-03"
"MEX.15.101_1","Tezoyuca","GADM2","3.6","MX","Restaurants","0.395813638413387","19.55461394481211","-98.93446675401391","2026-01-03"
"MEX.15.101_1","Tezoyuca","GADM2","3.6","MX","Grocery & Convenience Stores","0.6652489294222855","19.55461394481211","-98.93446675401391","2026-01-03"
"MEX.15.101_1","Tezoyuca","GADM2","3.6","MX","Lifestyle Services","0.6851136754918616","19.55461394481211","-98.93446675401391","2026-01-03"
"MEX.15.101_1","Tezoyuca","GADM2","3.6","MX","Home Services","0.576824374459708","19.55461394481211","-98.93446675401391","2026-01-03"
"MEX.15.101_1","Tezoyuca","GADM2","3.6","MX","Professional Services","0.5217181362952513","19.55461394481211","-98.93446675401391","2026-01-03"
"MEX.16.64_1","Numarán","GADM2","3.6","MX","All","0.34908399488969494","20.260307638078075","-101.99754159530009","2026-01-03"
"MEX.16.64_1","Numarán","GADM2","3.6","MX","Local Events","0.32590087989127203","20.260307638078075","-101.99754159530009","2026-01-03"
"MEX.16.64_1","Numarán","GADM2","3.6","MX","Retail","0.2913918225867403","20.260307638078075","-101.99754159530009","2026-01-03"
"MEX.16.64_1","Numarán","GADM2","3.6","MX","Home Services","0.4847834185072409","20.260307638078075","-101.99754159530009","2026-01-03"
"MEX.16.64_1","Numarán","GADM2","3.6","MX","Professional Services","0.3561863594331177","20.260307638078075","-101.99754159530009","2026-01-03"
"MEX.16.64_1","Numarán","GADM2","3.6","MX","Restaurants","0.2733472519073164","20.260307638078075","-101.99754159530009","2026-01-03"
"MEX.16.64_1","Numarán","GADM2","3.6","MX","Public Good","0.4597111758067763","20.260307638078075","-101.99754159530009","2026-01-03"
"MEX.16.64_1","Numarán","GADM2","3.6","MX","Business & Utility Services","0.5391251505579044","20.260307638078075","-101.99754159530009","2026-01-03"
"MEX.16.64_1","Numarán","GADM2","3.6","MX","Lifestyle Services","0.40257824406455994","20.260307638078075","-101.99754159530009","2026-01-03"
"MEX.16.64_1","Numarán","GADM2","3.6","MX","Grocery & Convenience Stores","0.5797474270694648","20.260307638078075","-101.99754159530009","2026-01-03"
"MEX.16.33_1","Erongarícuaro","GADM2","3.6","MX","All","0.5849776046390306","19.34888063849827","-101.53744417780224","2026-01-03"
"MEX.16.33_1","Erongarícuaro","GADM2","3.6","MX","Restaurants","0.5153394481941672","19.34888063849827","-101.53744417780224","2026-01-03"
"MEX.16.33_1","Erongarícuaro","GADM2","3.6","MX","Retail","0.598151968815424","19.34888063849827","-101.53744417780224","2026-01-03"
"MEX.16.33_1","Erongarícuaro","GADM2","3.6","MX","Professional Services","0.28529021057957954","19.34888063849827","-101.53744417780224","2026-01-03"
"MEX.24.11_1","Charcas","GADM2","3.6","MX","All","0.5400024589190033","23.220481832850716","-101.09419754764053","2026-01-03"
"MEX.24.11_1","Charcas","GADM2","3.6","MX","Professional Services","0.4868390741525149","23.220481832850716","-101.09419754764053","2026-01-03"
"MEX.24.11_1","Charcas","GADM2","3.6","MX","Restaurants","0.6179623369221254","23.220481832850716","-101.09419754764053","2026-01-03"
"MEX.24.11_1","Charcas","GADM2","3.6","MX","Retail","0.2832281035214615","23.220481832850716","-101.09419754764053","2026-01-03"
"MEX.24.11_1","Charcas","GADM2","3.6","MX","Home Services","0.5927473980559913","23.220481832850716","-101.09419754764053","2026-01-03"
"MEX.16.61_1","Nocupétaro","GADM2","3.6","MX","All","0.22419917420162291","19.093711012439638","-101.22417629779801","2026-01-03"
"MEX.28.18_1","Jaumave","GADM2","3.6","MX","Professional Services","0.42538441540506694","23.46027292081842","-99.43599021189968","2026-01-03"
"MEX.28.18_1","Jaumave","GADM2","3.6","MX","All","0.34337078979379937","23.46027292081842","-99.43599021189968","2026-01-03"
"MEX.28.18_1","Jaumave","GADM2","3.6","MX","Retail","0.3802971381637085","23.46027292081842","-99.43599021189968","2026-01-03"
"MEX.28.18_1","Jaumave","GADM2","3.6","MX","Restaurants","0.2797356678515491","23.46027292081842","-99.43599021189968","2026-01-03"
"MEX.28.3_1","Altamira","GADM2","3.6","MX","Public Good","0.4256492989676475","22.506559414480712","-98.06762898640206","2026-01-03"
"MEX.28.3_1","Altamira","GADM2","3.6","MX","Manufacturing","0.3932466476354758","22.506559414480712","-98.06762898640206","2026-01-03"
"MEX.28.3_1","Altamira","GADM2","3.6","MX","Home Services","0.41697128010107576","22.506559414480712","-98.06762898640206","2026-01-03"
"MEX.28.3_1","Altamira","GADM2","3.6","MX","Lifestyle Services","0.16686841213670928","22.506559414480712","-98.06762898640206","2026-01-03"
"MEX.28.3_1","Altamira","GADM2","3.6","MX","","0.39977265969917813","22.506559414480712","-98.06762898640206","2026-01-03"
"MEX.28.3_1","Altamira","GADM2","3.6","MX","Retail","0.31009242697254386","22.506559414480712","-98.06762898640206","2026-01-03"
"MEX.28.3_1","Altamira","GADM2","3.6","MX","Professional Services","0.20376781800676427","22.506559414480712","-98.06762898640206","2026-01-03"
"MEX.28.3_1","Altamira","GADM2","3.6","MX","Grocery & Convenience Stores","0.5273932853619347","22.506559414480712","-98.06762898640206","2026-01-03"
"MEX.28.3_1","Altamira","GADM2","3.6","MX","Travel","0.3671193396853741","22.506559414480712","-98.06762898640206","2026-01-03"
"MEX.28.3_1","Altamira","GADM2","3.6","MX","All","0.2657636956439638","22.506559414480712","-98.06762898640206","2026-01-03"
"MEX.28.3_1","Altamira","GADM2","3.6","MX","Local Events","0.13715901141647274","22.506559414480712","-98.06762898640206","2026-01-03"
"MEX.13.8_1","Apan","GADM2","3.6","MX","Lifestyle Services","0.5621934216838965","19.747981679665816","-98.36957844528789","2026-01-03"
"MEX.13.8_1","Apan","GADM2","3.6","MX","Professional Services","0.29720214877540024","19.747981679665816","-98.36957844528789","2026-01-03"
"MEX.13.8_1","Apan","GADM2","3.6","MX","Restaurants","0.3075286243977095","19.747981679665816","-98.36957844528789","2026-01-03"
"MEX.13.8_1","Apan","GADM2","3.6","MX","Business & Utility Services","0.3984567472442181","19.747981679665816","-98.36957844528789","2026-01-03"
"MEX.13.8_1","Apan","GADM2","3.6","MX","All","0.39016588206085384","19.747981679665816","-98.36957844528789","2026-01-03"
"MEX.13.8_1","Apan","GADM2","3.6","MX","Local Events","0.5047715055776182","19.747981679665816","-98.36957844528789","2026-01-03"
"MEX.13.8_1","Apan","GADM2","3.6","MX","Public Good","0.32853968280383977","19.747981679665816","-98.36957844528789","2026-01-03"
"MEX.13.8_1","Apan","GADM2","3.6","MX","Grocery & Convenience Stores","0.750211846338859","19.747981679665816","-98.36957844528789","2026-01-03"
"MEX.13.8_1","Apan","GADM2","3.6","MX","Home Services","0.4002762548345965","19.747981679665816","-98.36957844528789","2026-01-03"
"MEX.13.8_1","Apan","GADM2","3.6","MX","Retail","0.5639220770237154","19.747981679665816","-98.36957844528789","2026-01-03"
"MEX.21.119_1","San Diego la Mesa Tochimiltzingo","GADM2","3.6","MX","All","0.18709495481234764","18.821557727673078","-98.22849924444924","2026-01-03"
"MEX.16.8_1","Aquila","GADM2","3.6","MX","Travel","0.7754210394467264","18.37869488998602","-103.22408760037173","2026-01-03"
"MEX.16.8_1","Aquila","GADM2","3.6","MX","All","0.6643147536827455","18.37869488998602","-103.22408760037173","2026-01-03"
"MEX.15.23_1","Chiautla","GADM2","3.6","MX","Lifestyle Services","0.3303971629526673","19.539155897939676","-98.87557356899376","2026-01-03"
"MEX.15.23_1","Chiautla","GADM2","3.6","MX","All","0.29173128216183014","19.539155897939676","-98.87557356899376","2026-01-03"
"MEX.15.23_1","Chiautla","GADM2","3.6","MX","Manufacturing","0.346452006717406","19.539155897939676","-98.87557356899376","2026-01-03"
"MEX.15.23_1","Chiautla","GADM2","3.6","MX","Home Services","0.40395785965382525","19.539155897939676","-98.87557356899376","2026-01-03"
"MEX.15.23_1","Chiautla","GADM2","3.6","MX","Travel","0.5593483700417745","19.539155897939676","-98.87557356899376","2026-01-03"
"MEX.15.23_1","Chiautla","GADM2","3.6","MX","Grocery & Convenience Stores","0.4006002970347317","19.539155897939676","-98.87557356899376","2026-01-03"
"MEX.15.23_1","Chiautla","GADM2","3.6","MX","Public Good","0.23218921565187825","19.539155897939676","-98.87557356899376","2026-01-03"
"MEX.15.23_1","Chiautla","GADM2","3.6","MX","Professional Services","0.31954380127374044","19.539155897939676","-98.87557356899376","2026-01-03"
"MEX.15.23_1","Chiautla","GADM2","3.6","MX","Local Events","0.3597564594324954","19.539155897939676","-98.87557356899376","2026-01-03"
"MEX.15.23_1","Chiautla","GADM2","3.6","MX","Business & Utility Services","0.3471380397155854","19.539155897939676","-98.87557356899376","2026-01-03"
"MEX.15.23_1","Chiautla","GADM2","3.6","MX","Retail","0.31939570060180955","19.539155897939676","-98.87557356899376","2026-01-03"
"MEX.15.23_1","Chiautla","GADM2","3.6","MX","","0.5495307420100246","19.539155897939676","-98.87557356899376","2026-01-03"
"MEX.15.23_1","Chiautla","GADM2","3.6","MX","Restaurants","0.2531950463622246","19.539155897939676","-98.87557356899376","2026-01-03"
"MEX.9.15_1","Venustiano Carranza","GADM2","3.6","MX","Travel","0.4158530368384249","19.406945958693946","-99.0441260115573","2026-01-03"
"MEX.9.15_1","Venustiano Carranza","GADM2","3.6","MX","Business & Utility Services","0.3895193898105302","19.406945958693946","-99.0441260115573","2026-01-03"
"MEX.9.15_1","Venustiano Carranza","GADM2","3.6","MX","Local Events","0.25899686646053394","19.406945958693946","-99.0441260115573","2026-01-03"
"MEX.9.15_1","Venustiano Carranza","GADM2","3.6","MX","Lifestyle Services","0.21440265277434353","19.406945958693946","-99.0441260115573","2026-01-03"
"MEX.9.15_1","Venustiano Carranza","GADM2","3.6","MX","Manufacturing","0.5496233135647502","19.406945958693946","-99.0441260115573","2026-01-03"
"MEX.9.15_1","Venustiano Carranza","GADM2","3.6","MX","Home Services","0.27802669892983384","19.406945958693946","-99.0441260115573","2026-01-03"
"MEX.9.15_1","Venustiano Carranza","GADM2","3.6","MX","Restaurants","0.30922313340128743","19.406945958693946","-99.0441260115573","2026-01-03"
"MEX.9.15_1","Venustiano Carranza","GADM2","3.6","MX","All","0.2766940299857405","19.406945958693946","-99.0441260115573","2026-01-03"
"MEX.9.15_1","Venustiano Carranza","GADM2","3.6","MX","Professional Services","0.3218793151486947","19.406945958693946","-99.0441260115573","2026-01-03"
"MEX.9.15_1","Venustiano Carranza","GADM2","3.6","MX","Grocery & Convenience Stores","0.5571595857843904","19.406945958693946","-99.0441260115573","2026-01-03"
"MEX.9.15_1","Venustiano Carranza","GADM2","3.6","MX","","0.3578297615287283","19.406945958693946","-99.0441260115573","2026-01-03"
"MEX.9.15_1","Venustiano Carranza","GADM2","3.6","MX","Retail","0.30686781407280644","19.406945958693946","-99.0441260115573","2026-01-03"
"MEX.9.15_1","Venustiano Carranza","GADM2","3.6","MX","Public Good","0.35215602031148974","19.406945958693946","-99.0441260115573","2026-01-03"
"MEX.21.7_1","Ahuatlán","GADM2","3.6","MX","All","0.42871565320342414","18.66222734307947","-98.17178179831335","2026-01-03"
"MEX.16.31_1","Ecuandureo","GADM2","3.6","MX","Restaurants","0.5791909152406923","20.149521255855326","-102.26902823478952","2026-01-03"
"MEX.16.31_1","Ecuandureo","GADM2","3.6","MX","All","0.4029682904413591","20.149521255855326","-102.26902823478952","2026-01-03"
"MEX.30.18_1","Atlahuilco","GADM2","3.6","MX","Grocery & Convenience Stores","0.5181626318665197","18.70234142303543","-97.00691997700548","2026-01-03"
"MEX.30.18_1","Atlahuilco","GADM2","3.6","MX","All","0.3950367761403267","18.70234142303543","-97.00691997700548","2026-01-03"
"MEX.30.18_1","Atlahuilco","GADM2","3.6","MX","Retail","0.521443829113215","18.70234142303543","-97.00691997700548","2026-01-03"
"MEX.30.18_1","Atlahuilco","GADM2","3.6","MX","Restaurants","0.35768781526156107","18.70234142303543","-97.00691997700548","2026-01-03"
"MEX.30.18_1","Atlahuilco","GADM2","3.6","MX","Professional Services","0.5178101888152046","18.70234142303543","-97.00691997700548","2026-01-03"
"MEX.24.38_1","Tamazunchale","GADM2","3.6","MX","Retail","0.37635818052601433","21.28354902971998","-98.84003523302297","2026-01-03"
"MEX.24.38_1","Tamazunchale","GADM2","3.6","MX","Professional Services","0.4523911794646519","21.28354902971998","-98.84003523302297","2026-01-03"
"MEX.24.38_1","Tamazunchale","GADM2","3.6","MX","Home Services","0.5054515469544826","21.28354902971998","-98.84003523302297","2026-01-03"
"MEX.24.38_1","Tamazunchale","GADM2","3.6","MX","Public Good","0.386838221600425","21.28354902971998","-98.84003523302297","2026-01-03"
"MEX.24.38_1","Tamazunchale","GADM2","3.6","MX","Grocery & Convenience Stores","0.6422817891688738","21.28354902971998","-98.84003523302297","2026-01-03"
"MEX.24.38_1","Tamazunchale","GADM2","3.6","MX","Restaurants","0.31948421522956627","21.28354902971998","-98.84003523302297","2026-01-03"
"MEX.24.38_1","Tamazunchale","GADM2","3.6","MX","Lifestyle Services","0.3758343201579596","21.28354902971998","-98.84003523302297","2026-01-03"
"MEX.24.38_1","Tamazunchale","GADM2","3.6","MX","Business & Utility Services","0.2579770226725307","21.28354902971998","-98.84003523302297","2026-01-03"
"MEX.24.38_1","Tamazunchale","GADM2","3.6","MX","All","0.3940036562165294","21.28354902971998","-98.84003523302297","2026-01-03"
"MEX.24.38_1","Tamazunchale","GADM2","3.6","MX","Travel","0.48806128748246985","21.28354902971998","-98.84003523302297","2026-01-03"
"MEX.24.38_1","Tamazunchale","GADM2","3.6","MX","Manufacturing","0.4548353595225552","21.28354902971998","-98.84003523302297","2026-01-03"
"MEX.21.68_1","Honey","GADM2","3.6","MX","All","0.4348391493862776","20.29029914617105","-98.15913866057306","2026-01-03"
"MEX.16.99_1","Tuzantla","GADM2","3.6","MX","Retail","0.3009805743883599","19.197517749064787","-100.57569045871314","2026-01-03"
"MEX.16.99_1","Tuzantla","GADM2","3.6","MX","All","0.24484466541615926","19.197517749064787","-100.57569045871314","2026-01-03"
"MEX.29.42_1","Yauhquemecan","GADM2","3.6","MX","Restaurants","0.761039443443565","19.433529056538443","-98.0946521376448","2026-01-03"
"MEX.29.42_1","Yauhquemecan","GADM2","3.6","MX","Retail","0.5065543598700079","19.433529056538443","-98.0946521376448","2026-01-03"
"MEX.29.42_1","Yauhquemecan","GADM2","3.6","MX","All","0.6272668253083651","19.433529056538443","-98.0946521376448","2026-01-03"
"MEX.29.10_1","Cuapiaxtla","GADM2","3.6","MX","Retail","0.7038554896356609","19.38517234178047","-97.67989994690664","2026-01-03"
"MEX.29.10_1","Cuapiaxtla","GADM2","3.6","MX","Home Services","0.4464359449210006","19.38517234178047","-97.67989994690664","2026-01-03"
"MEX.29.10_1","Cuapiaxtla","GADM2","3.6","MX","All","0.5816231360522136","19.38517234178047","-97.67989994690664","2026-01-03"
"MEX.29.10_1","Cuapiaxtla","GADM2","3.6","MX","Grocery & Convenience Stores","0.5535251032527994","19.38517234178047","-97.67989994690664","2026-01-03"
"MEX.29.10_1","Cuapiaxtla","GADM2","3.6","MX","Professional Services","0.31401844526960954","19.38517234178047","-97.67989994690664","2026-01-03"
"MEX.11.42_1","Valle de Santiago","GADM2","3.6","MX","Retail","0.4401922021305483","20.3758348626488","-101.29027534098607","2026-01-03"
"MEX.11.42_1","Valle de Santiago","GADM2","3.6","MX","","0.6251904556305441","20.3758348626488","-101.29027534098607","2026-01-03"
"MEX.11.42_1","Valle de Santiago","GADM2","3.6","MX","Lifestyle Services","0.266190354331207","20.3758348626488","-101.29027534098607","2026-01-03"
"MEX.11.42_1","Valle de Santiago","GADM2","3.6","MX","Professional Services","0.3055545480093201","20.3758348626488","-101.29027534098607","2026-01-03"
"MEX.11.42_1","Valle de Santiago","GADM2","3.6","MX","Grocery & Convenience Stores","0.5933655130999205","20.3758348626488","-101.29027534098607","2026-01-03"
"MEX.11.42_1","Valle de Santiago","GADM2","3.6","MX","Public Good","0.4612676987497088","20.3758348626488","-101.29027534098607","2026-01-03"
"MEX.11.42_1","Valle de Santiago","GADM2","3.6","MX","Restaurants","0.5081051786024344","20.3758348626488","-101.29027534098607","2026-01-03"
"MEX.11.42_1","Valle de Santiago","GADM2","3.6","MX","Home Services","0.3602066512970344","20.3758348626488","-101.29027534098607","2026-01-03"
"MEX.11.42_1","Valle de Santiago","GADM2","3.6","MX","All","0.37866552547785165","20.3758348626488","-101.29027534098607","2026-01-03"
"MEX.11.42_1","Valle de Santiago","GADM2","3.6","MX","Travel","0.3070269723171567","20.3758348626488","-101.29027534098607","2026-01-03"
"MEX.11.42_1","Valle de Santiago","GADM2","3.6","MX","Business & Utility Services","0.45972077954872376","20.3758348626488","-101.29027534098607","2026-01-03"
"MEX.11.42_1","Valle de Santiago","GADM2","3.6","MX","Local Events","0.6510411348131732","20.3758348626488","-101.29027534098607","2026-01-03"
"MEX.15.115_1","Villa Victoria","GADM2","3.6","MX","Lifestyle Services","0.2938606575895125","19.423611535741877","-99.9806289623987","2026-01-03"
"MEX.15.115_1","Villa Victoria","GADM2","3.6","MX","Restaurants","0.4131652810121405","19.423611535741877","-99.9806289623987","2026-01-03"
"MEX.15.115_1","Villa Victoria","GADM2","3.6","MX","Public Good","0.5828107003776196","19.423611535741877","-99.9806289623987","2026-01-03"
"MEX.15.115_1","Villa Victoria","GADM2","3.6","MX","All","0.4739327928080747","19.423611535741877","-99.9806289623987","2026-01-03"
"MEX.15.115_1","Villa Victoria","GADM2","3.6","MX","Business & Utility Services","0.6880356051955531","19.423611535741877","-99.9806289623987","2026-01-03"
"MEX.15.115_1","Villa Victoria","GADM2","3.6","MX","Professional Services","0.263169817057216","19.423611535741877","-99.9806289623987","2026-01-03"
"MEX.15.115_1","Villa Victoria","GADM2","3.6","MX","Home Services","0.7214152389731623","19.423611535741877","-99.9806289623987","2026-01-03"
"MEX.15.115_1","Villa Victoria","GADM2","3.6","MX","Retail","0.55285431122476","19.423611535741877","-99.9806289623987","2026-01-03"
"MEX.32.20_1","Jerez","GADM2","3.6","MX","Restaurants","0.5071935657779998","22.67671804028851","-102.99673973651107","2026-01-03"
"MEX.32.20_1","Jerez","GADM2","3.6","MX","Travel","0.47800997396064104","22.67671804028851","-102.99673973651107","2026-01-03"
"MEX.32.20_1","Jerez","GADM2","3.6","MX","","0.6801846767619931","22.67671804028851","-102.99673973651107","2026-01-03"
"MEX.32.20_1","Jerez","GADM2","3.6","MX","All","0.264861551303797","22.67671804028851","-102.99673973651107","2026-01-03"
"MEX.32.20_1","Jerez","GADM2","3.6","MX","Retail","0.31204900467637886","22.67671804028851","-102.99673973651107","2026-01-03"
"MEX.32.20_1","Jerez","GADM2","3.6","MX","Local Events","0.33703502105756245","22.67671804028851","-102.99673973651107","2026-01-03"
"MEX.32.20_1","Jerez","GADM2","3.6","MX","Home Services","0.23426831610066803","22.67671804028851","-102.99673973651107","2026-01-03"
"MEX.32.20_1","Jerez","GADM2","3.6","MX","Professional Services","0.2931417224759126","22.67671804028851","-102.99673973651107","2026-01-03"
"MEX.32.20_1","Jerez","GADM2","3.6","MX","Business & Utility Services","0.43843032181734787","22.67671804028851","-102.99673973651107","2026-01-03"
"MEX.32.20_1","Jerez","GADM2","3.6","MX","Grocery & Convenience Stores","0.6203036745941004","22.67671804028851","-102.99673973651107","2026-01-03"
"MEX.32.20_1","Jerez","GADM2","3.6","MX","Lifestyle Services","0.3453450578154205","22.67671804028851","-102.99673973651107","2026-01-03"
"MEX.32.20_1","Jerez","GADM2","3.6","MX","Public Good","0.5973460676756002","22.67671804028851","-102.99673973651107","2026-01-03"
"MEX.15.110_1","Tultitlán","GADM2","3.6","MX","Home Services","0.3118466693337622","19.53449083140662","-99.13711521537311","2026-01-03"
"MEX.15.110_1","Tultitlán","GADM2","3.6","MX","Local Events","0.195678501191091","19.53449083140662","-99.13711521537311","2026-01-03"
"MEX.15.110_1","Tultitlán","GADM2","3.6","MX","Public Good","0.25049384522812224","19.53449083140662","-99.13711521537311","2026-01-03"
"MEX.15.110_1","Tultitlán","GADM2","3.6","MX","Manufacturing","0.33926498580740955","19.53449083140662","-99.13711521537311","2026-01-03"
"MEX.15.110_1","Tultitlán","GADM2","3.6","MX","Restaurants","0.2584633612513006","19.53449083140662","-99.13711521537311","2026-01-03"
"MEX.15.110_1","Tultitlán","GADM2","3.6","MX","Lifestyle Services","0.1996261689540868","19.53449083140662","-99.13711521537311","2026-01-03"
"MEX.15.110_1","Tultitlán","GADM2","3.6","MX","","0.32185518422559756","19.53449083140662","-99.13711521537311","2026-01-03"
"MEX.15.110_1","Tultitlán","GADM2","3.6","MX","Professional Services","0.23702242376841828","19.53449083140662","-99.13711521537311","2026-01-03"
"MEX.15.110_1","Tultitlán","GADM2","3.6","MX","All","0.24741267155926674","19.53449083140662","-99.13711521537311","2026-01-03"
"MEX.15.110_1","Tultitlán","GADM2","3.6","MX","Grocery & Convenience Stores","0.30431602025942023","19.53449083140662","-99.13711521537311","2026-01-03"
"MEX.15.110_1","Tultitlán","GADM2","3.6","MX","Retail","0.27789704215250544","19.53449083140662","-99.13711521537311","2026-01-03"
"MEX.15.110_1","Tultitlán","GADM2","3.6","MX","Business & Utility Services","0.29894877630034705","19.53449083140662","-99.13711521537311","2026-01-03"
"MEX.15.110_1","Tultitlán","GADM2","3.6","MX","Travel","0.27525123318446715","19.53449083140662","-99.13711521537311","2026-01-03"
"MEX.15.27_1","Coacalco de Berriozábal","GADM2","3.6","MX","Professional Services","0.29490259062027846","19.57331268543774","-99.0451816744085","2026-01-03"
"MEX.15.27_1","Coacalco de Berriozábal","GADM2","3.6","MX","Restaurants","0.4291853896353524","19.57331268543774","-99.0451816744085","2026-01-03"
"MEX.15.27_1","Coacalco de Berriozábal","GADM2","3.6","MX","Travel","0.5504019352058307","19.57331268543774","-99.0451816744085","2026-01-03"
"MEX.15.27_1","Coacalco de Berriozábal","GADM2","3.6","MX","Home Services","0.21910672820568533","19.57331268543774","-99.0451816744085","2026-01-03"
"MEX.15.27_1","Coacalco de Berriozábal","GADM2","3.6","MX","Lifestyle Services","0.3180464622778514","19.57331268543774","-99.0451816744085","2026-01-03"
"MEX.15.27_1","Coacalco de Berriozábal","GADM2","3.6","MX","Retail","0.4035346601374407","19.57331268543774","-99.0451816744085","2026-01-03"
"MEX.15.27_1","Coacalco de Berriozábal","GADM2","3.6","MX","Public Good","0.27785125936036237","19.57331268543774","-99.0451816744085","2026-01-03"
"MEX.15.27_1","Coacalco de Berriozábal","GADM2","3.6","MX","Business & Utility Services","0.26844604880712036","19.57331268543774","-99.0451816744085","2026-01-03"
"MEX.15.27_1","Coacalco de Berriozábal","GADM2","3.6","MX","","0.4675220317923539","19.57331268543774","-99.0451816744085","2026-01-03"
"MEX.15.27_1","Coacalco de Berriozábal","GADM2","3.6","MX","Local Events","0.15649370479938243","19.57331268543774","-99.0451816744085","2026-01-03"
"MEX.15.27_1","Coacalco de Berriozábal","GADM2","3.6","MX","All","0.28265194581946496","19.57331268543774","-99.0451816744085","2026-01-03"
"MEX.15.27_1","Coacalco de Berriozábal","GADM2","3.6","MX","Grocery & Convenience Stores","0.5432218467433164","19.57331268543774","-99.0451816744085","2026-01-03"
"MEX.15.27_1","Coacalco de Berriozábal","GADM2","3.6","MX","Manufacturing","0.4757054256497288","19.57331268543774","-99.0451816744085","2026-01-03"
"MEX.30.102_1","Manlio Fabio Altamirano","GADM2","3.6","MX","Lifestyle Services","0.3845860337424679","19.151237645657773","-96.30698785230474","2026-01-03"
"MEX.30.102_1","Manlio Fabio Altamirano","GADM2","3.6","MX","","0.294282381606575","19.151237645657773","-96.30698785230474","2026-01-03"
"MEX.30.102_1","Manlio Fabio Altamirano","GADM2","3.6","MX","Public Good","0.32757735963075885","19.151237645657773","-96.30698785230474","2026-01-03"
"MEX.30.102_1","Manlio Fabio Altamirano","GADM2","3.6","MX","Retail","0.43818834679225144","19.151237645657773","-96.30698785230474","2026-01-03"
"MEX.30.102_1","Manlio Fabio Altamirano","GADM2","3.6","MX","Home Services","0.29741117826881247","19.151237645657773","-96.30698785230474","2026-01-03"
"MEX.30.102_1","Manlio Fabio Altamirano","GADM2","3.6","MX","Grocery & Convenience Stores","0.5400667413965691","19.151237645657773","-96.30698785230474","2026-01-03"
"MEX.30.102_1","Manlio Fabio Altamirano","GADM2","3.6","MX","All","0.2994030158924169","19.151237645657773","-96.30698785230474","2026-01-03"
"MEX.30.102_1","Manlio Fabio Altamirano","GADM2","3.6","MX","Local Events","0.5388123269924662","19.151237645657773","-96.30698785230474","2026-01-03"
"MEX.30.102_1","Manlio Fabio Altamirano","GADM2","3.6","MX","Business & Utility Services","0.40270993804172556","19.151237645657773","-96.30698785230474","2026-01-03"
"MEX.30.102_1","Manlio Fabio Altamirano","GADM2","3.6","MX","Restaurants","0.3502989833263875","19.151237645657773","-96.30698785230474","2026-01-03"
"MEX.30.102_1","Manlio Fabio Altamirano","GADM2","3.6","MX","Professional Services","0.27570550182851744","19.151237645657773","-96.30698785230474","2026-01-03"
"MEX.21.178_1","Tlaltenango","GADM2","3.6","MX","All","0.48503916157292276","19.199443110093167","-98.27157605644612","2026-01-03"
"MEX.30.25_1","Boca del Río","GADM2","3.6","MX","","0.27777169927918893","19.07923728913489","-96.0702772501789","2026-01-03"
"MEX.30.25_1","Boca del Río","GADM2","3.6","MX","Local Events","0.2190098236205487","19.07923728913489","-96.0702772501789","2026-01-03"
"MEX.30.25_1","Boca del Río","GADM2","3.6","MX","Manufacturing","0.4390004582923653","19.07923728913489","-96.0702772501789","2026-01-03"
"MEX.30.25_1","Boca del Río","GADM2","3.6","MX","Home Services","0.2628231831333264","19.07923728913489","-96.0702772501789","2026-01-03"
"MEX.30.25_1","Boca del Río","GADM2","3.6","MX","Retail","0.2753241244097019","19.07923728913489","-96.0702772501789","2026-01-03"
"MEX.30.25_1","Boca del Río","GADM2","3.6","MX","Professional Services","0.2726040690555585","19.07923728913489","-96.0702772501789","2026-01-03"
"MEX.30.25_1","Boca del Río","GADM2","3.6","MX","Public Good","0.40556942949135955","19.07923728913489","-96.0702772501789","2026-01-03"
"MEX.30.25_1","Boca del Río","GADM2","3.6","MX","All","0.29112002372566737","19.07923728913489","-96.0702772501789","2026-01-03"
"MEX.30.25_1","Boca del Río","GADM2","3.6","MX","Restaurants","0.454940962196044","19.07923728913489","-96.0702772501789","2026-01-03"
"MEX.30.25_1","Boca del Río","GADM2","3.6","MX","Lifestyle Services","0.3118316971871193","19.07923728913489","-96.0702772501789","2026-01-03"
"MEX.30.25_1","Boca del Río","GADM2","3.6","MX","Travel","0.3212455524710545","19.07923728913489","-96.0702772501789","2026-01-03"
"MEX.30.25_1","Boca del Río","GADM2","3.6","MX","Grocery & Convenience Stores","0.4067629593686578","19.07923728913489","-96.0702772501789","2026-01-03"
"MEX.30.25_1","Boca del Río","GADM2","3.6","MX","Business & Utility Services","0.35597965831120454","19.07923728913489","-96.0702772501789","2026-01-03"
"MEX.20.15_1","Dist. Nochixtlan","GADM2","3.6","MX","Professional Services","0.4041257736034613","17.37647269518004","-97.18900316836142","2026-01-03"
"MEX.20.15_1","Dist. Nochixtlan","GADM2","3.6","MX","Grocery & Convenience Stores","0.7366933371649067","17.37647269518004","-97.18900316836142","2026-01-03"
"MEX.20.15_1","Dist. Nochixtlan","GADM2","3.6","MX","Restaurants","0.4551485093181012","17.37647269518004","-97.18900316836142","2026-01-03"
"MEX.20.15_1","Dist. Nochixtlan","GADM2","3.6","MX","Local Events","0.49236436066891404","17.37647269518004","-97.18900316836142","2026-01-03"
"MEX.20.15_1","Dist. Nochixtlan","GADM2","3.6","MX","Public Good","0.5440265833218589","17.37647269518004","-97.18900316836142","2026-01-03"
"MEX.20.15_1","Dist. Nochixtlan","GADM2","3.6","MX","Home Services","0.715756315769332","17.37647269518004","-97.18900316836142","2026-01-03"
"MEX.20.15_1","Dist. Nochixtlan","GADM2","3.6","MX","All","0.5317043753713094","17.37647269518004","-97.18900316836142","2026-01-03"
"MEX.20.15_1","Dist. Nochixtlan","GADM2","3.6","MX","Retail","0.5028718724777184","17.37647269518004","-97.18900316836142","2026-01-03"
"MEX.20.15_1","Dist. Nochixtlan","GADM2","3.6","MX","Lifestyle Services","0.5411899544564555","17.37647269518004","-97.18900316836142","2026-01-03"
"MEX.20.15_1","Dist. Nochixtlan","GADM2","3.6","MX","Business & Utility Services","0.3965249377637147","17.37647269518004","-97.18900316836142","2026-01-03"
"MEX.21.197_1","Xochiapulco","GADM2","3.6","MX","Business & Utility Services","0.6542718071252384","19.86019173732999","-97.58853534326107","2026-01-03"
"MEX.21.197_1","Xochiapulco","GADM2","3.6","MX","Professional Services","0.3802783864096951","19.86019173732999","-97.58853534326107","2026-01-03"
"MEX.21.197_1","Xochiapulco","GADM2","3.6","MX","All","0.548946541010179","19.86019173732999","-97.58853534326107","2026-01-03"
"MEX.21.197_1","Xochiapulco","GADM2","3.6","MX","Local Events","0.3185750827939714","19.86019173732999","-97.58853534326107","2026-01-03"
"MEX.21.197_1","Xochiapulco","GADM2","3.6","MX","Restaurants","0.6608324343296502","19.86019173732999","-97.58853534326107","2026-01-03"
"MEX.21.197_1","Xochiapulco","GADM2","3.6","MX","Lifestyle Services","0.5022149613149793","19.86019173732999","-97.58853534326107","2026-01-03"
"MEX.21.197_1","Xochiapulco","GADM2","3.6","MX","Home Services","0.47018016851634875","19.86019173732999","-97.58853534326107","2026-01-03"
"MEX.21.197_1","Xochiapulco","GADM2","3.6","MX","Retail","0.6780494639833646","19.86019173732999","-97.58853534326107","2026-01-03"
"MEX.21.197_1","Xochiapulco","GADM2","3.6","MX","Grocery & Convenience Stores","0.6955533302713148","19.86019173732999","-97.58853534326107","2026-01-03"
"MEX.21.197_1","Xochiapulco","GADM2","3.6","MX","Public Good","0.5231453401631023","19.86019173732999","-97.58853534326107","2026-01-03"
"MEX.30.145_1","Soconusco","GADM2","3.6","MX","Retail","0.4491164088615923","17.992497083031644","-94.83679336428409","2026-01-03"
"MEX.30.145_1","Soconusco","GADM2","3.6","MX","All","0.22288848055815833","17.992497083031644","-94.83679336428409","2026-01-03"
"MEX.21.89_1","Jopala","GADM2","3.6","MX","All","0.4032769502486485","20.23368243612524","-97.74582627776152","2026-01-03"
"MEX.14.125_1","Zapotlanejo","GADM2","3.6","MX","Manufacturing","0.3780656131790812","20.589022929107788","-103.09329373271669","2026-01-03"
"MEX.14.125_1","Zapotlanejo","GADM2","3.6","MX","","0.44432228964208714","20.589022929107788","-103.09329373271669","2026-01-03"
"MEX.14.125_1","Zapotlanejo","GADM2","3.6","MX","Home Services","0.4612932720734032","20.589022929107788","-103.09329373271669","2026-01-03"
"MEX.14.125_1","Zapotlanejo","GADM2","3.6","MX","Restaurants","0.40563397716800814","20.589022929107788","-103.09329373271669","2026-01-03"
"MEX.14.125_1","Zapotlanejo","GADM2","3.6","MX","Professional Services","0.32849317849919785","20.589022929107788","-103.09329373271669","2026-01-03"
"MEX.14.125_1","Zapotlanejo","GADM2","3.6","MX","Retail","0.2483031080438785","20.589022929107788","-103.09329373271669","2026-01-03"
"MEX.14.125_1","Zapotlanejo","GADM2","3.6","MX","Lifestyle Services","0.21814629513097245","20.589022929107788","-103.09329373271669","2026-01-03"
"MEX.14.125_1","Zapotlanejo","GADM2","3.6","MX","Business & Utility Services","0.33496968929695053","20.589022929107788","-103.09329373271669","2026-01-03"
"MEX.14.125_1","Zapotlanejo","GADM2","3.6","MX","All","0.29655313065412164","20.589022929107788","-103.09329373271669","2026-01-03"
"MEX.14.125_1","Zapotlanejo","GADM2","3.6","MX","Public Good","0.5860781168692685","20.589022929107788","-103.09329373271669","2026-01-03"
"MEX.14.125_1","Zapotlanejo","GADM2","3.6","MX","Local Events","0.15779876017956537","20.589022929107788","-103.09329373271669","2026-01-03"
"MEX.14.125_1","Zapotlanejo","GADM2","3.6","MX","Travel","0.6370994843422212","20.589022929107788","-103.09329373271669","2026-01-03"
"MEX.14.125_1","Zapotlanejo","GADM2","3.6","MX","Grocery & Convenience Stores","0.4856627997180614","20.589022929107788","-103.09329373271669","2026-01-03"
"MEX.14.59_1","Lago de Chapala","GADM2","3.6","MX","Business & Utility Services","0.3261439224210007","20.209020212792982","-103.03257379299606","2026-01-03"
"MEX.14.59_1","Lago de Chapala","GADM2","3.6","MX","Home Services","0.5559030071722099","20.209020212792982","-103.03257379299606","2026-01-03"
"MEX.14.59_1","Lago de Chapala","GADM2","3.6","MX","Lifestyle Services","0.5189579566655168","20.209020212792982","-103.03257379299606","2026-01-03"
"MEX.14.59_1","Lago de Chapala","GADM2","3.6","MX","Grocery & Convenience Stores","0.4334435430172102","20.209020212792982","-103.03257379299606","2026-01-03"
"MEX.14.59_1","Lago de Chapala","GADM2","3.6","MX","Public Good","0.631232102010627","20.209020212792982","-103.03257379299606","2026-01-03"
"MEX.14.59_1","Lago de Chapala","GADM2","3.6","MX","Professional Services","0.1119893627565113","20.209020212792982","-103.03257379299606","2026-01-03"
"MEX.14.59_1","Lago de Chapala","GADM2","3.6","MX","Retail","0.18049890571627186","20.209020212792982","-103.03257379299606","2026-01-03"
"MEX.14.59_1","Lago de Chapala","GADM2","3.6","MX","Travel","0.7746668072904476","20.209020212792982","-103.03257379299606","2026-01-03"
"MEX.14.59_1","Lago de Chapala","GADM2","3.6","MX","Restaurants","0.5039521745523464","20.209020212792982","-103.03257379299606","2026-01-03"
"MEX.15.2_1","Acolman","GADM2","3.6","MX","Home Services","0.6117968035972595","19.586567663696993","-98.92017047036752","2026-01-03"
"MEX.15.2_1","Acolman","GADM2","3.6","MX","Public Good","0.5189289357789023","19.586567663696993","-98.92017047036752","2026-01-03"
"MEX.15.2_1","Acolman","GADM2","3.6","MX","Local Events","0.4898256079742234","19.586567663696993","-98.92017047036752","2026-01-03"
"MEX.15.2_1","Acolman","GADM2","3.6","MX","Restaurants","0.2283281248800841","19.586567663696993","-98.92017047036752","2026-01-03"
"MEX.15.2_1","Acolman","GADM2","3.6","MX","Professional Services","0.3155310936959367","19.586567663696993","-98.92017047036752","2026-01-03"
"MEX.15.2_1","Acolman","GADM2","3.6","MX","Retail","0.4910868176653947","19.586567663696993","-98.92017047036752","2026-01-03"
"MEX.15.2_1","Acolman","GADM2","3.6","MX","Grocery & Convenience Stores","0.36182032795202","19.586567663696993","-98.92017047036752","2026-01-03"
"MEX.15.2_1","Acolman","GADM2","3.6","MX","Lifestyle Services","0.6103353678068864","19.586567663696993","-98.92017047036752","2026-01-03"
"MEX.11.43_1","Victoria","GADM2","3.6","MX","All","0.5333822868800275","21.341253089713017","-100.24686363321926","2026-01-03"
"MEX.11.43_1","Victoria","GADM2","3.6","MX","Retail","0.6604601007148175","21.341253089713017","-100.24686363321926","2026-01-03"
"MEX.11.43_1","Victoria","GADM2","3.6","MX","Restaurants","0.4180643008110427","21.341253089713017","-100.24686363321926","2026-01-03"
"MEX.16.60_1","Nahuatzen","GADM2","3.6","MX","Professional Services","0.49467989234643295","19.658003219087394","-101.88841132103923","2026-01-03"
"MEX.16.60_1","Nahuatzen","GADM2","3.6","MX","Retail","0.2824145326410209","19.658003219087394","-101.88841132103923","2026-01-03"
"MEX.16.60_1","Nahuatzen","GADM2","3.6","MX","All","0.307377864146177","19.658003219087394","-101.88841132103923","2026-01-03"
"MEX.30.57_1","Cotaxtla","GADM2","3.6","MX","All","0.5041685298298255","18.889789131677617","-96.35663578165945","2026-01-03"
"MEX.15.30_1","Coyotepec","GADM2","3.6","MX","Business & Utility Services","0.4079809632136249","19.74482460501031","-99.1498184064452","2026-01-03"
"MEX.15.30_1","Coyotepec","GADM2","3.6","MX","All","0.30870835148921005","19.74482460501031","-99.1498184064452","2026-01-03"
"MEX.15.30_1","Coyotepec","GADM2","3.6","MX","Local Events","0.5265378118461325","19.74482460501031","-99.1498184064452","2026-01-03"
"MEX.15.30_1","Coyotepec","GADM2","3.6","MX","Grocery & Convenience Stores","0.5536037581492591","19.74482460501031","-99.1498184064452","2026-01-03"
"MEX.15.30_1","Coyotepec","GADM2","3.6","MX","Home Services","0.3453821250867869","19.74482460501031","-99.1498184064452","2026-01-03"
"MEX.15.30_1","Coyotepec","GADM2","3.6","MX","Professional Services","0.3864687526102963","19.74482460501031","-99.1498184064452","2026-01-03"
"MEX.15.30_1","Coyotepec","GADM2","3.6","MX","Lifestyle Services","0.4192232410309013","19.74482460501031","-99.1498184064452","2026-01-03"
"MEX.15.30_1","Coyotepec","GADM2","3.6","MX","Public Good","0.3918385829463234","19.74482460501031","-99.1498184064452","2026-01-03"
"MEX.15.30_1","Coyotepec","GADM2","3.6","MX","Restaurants","0.3376369567135411","19.74482460501031","-99.1498184064452","2026-01-03"
"MEX.15.30_1","Coyotepec","GADM2","3.6","MX","Retail","0.28050132287768426","19.74482460501031","-99.1498184064452","2026-01-03"
"MEX.21.52_1","Cuapiaxtla de Madero","GADM2","3.6","MX","All","0.33794150693773256","18.966684569550857","-97.72392896128032","2026-01-03"
"MEX.30.179_1","Tlalnelhuayocan","GADM2","3.6","MX","Retail","0.226470137328231","19.586241196728334","-96.93008125150789","2026-01-03"
"MEX.30.179_1","Tlalnelhuayocan","GADM2","3.6","MX","Lifestyle Services","0.27923313344500317","19.586241196728334","-96.93008125150789","2026-01-03"
"MEX.30.179_1","Tlalnelhuayocan","GADM2","3.6","MX","Grocery & Convenience Stores","0.6489396426236232","19.586241196728334","-96.93008125150789","2026-01-03"
"MEX.30.179_1","Tlalnelhuayocan","GADM2","3.6","MX","Travel","0.40746728034078394","19.586241196728334","-96.93008125150789","2026-01-03"
"MEX.30.179_1","Tlalnelhuayocan","GADM2","3.6","MX","Home Services","0.46641260971466203","19.586241196728334","-96.93008125150789","2026-01-03"
"MEX.30.179_1","Tlalnelhuayocan","GADM2","3.6","MX","Business & Utility Services","0.34072067121997246","19.586241196728334","-96.93008125150789","2026-01-03"
"MEX.30.179_1","Tlalnelhuayocan","GADM2","3.6","MX","Professional Services","0.24647401500239824","19.586241196728334","-96.93008125150789","2026-01-03"
"MEX.30.179_1","Tlalnelhuayocan","GADM2","3.6","MX","","0.4854483253086646","19.586241196728334","-96.93008125150789","2026-01-03"
"MEX.30.179_1","Tlalnelhuayocan","GADM2","3.6","MX","Manufacturing","0.6616404204099755","19.586241196728334","-96.93008125150789","2026-01-03"
"MEX.30.179_1","Tlalnelhuayocan","GADM2","3.6","MX","Local Events","0.28612088370098643","19.586241196728334","-96.93008125150789","2026-01-03"
"MEX.30.179_1","Tlalnelhuayocan","GADM2","3.6","MX","Restaurants","0.30207613398348443","19.586241196728334","-96.93008125150789","2026-01-03"
"MEX.30.179_1","Tlalnelhuayocan","GADM2","3.6","MX","Public Good","0.313667102592884","19.586241196728334","-96.93008125150789","2026-01-03"
"MEX.30.179_1","Tlalnelhuayocan","GADM2","3.6","MX","All","0.280367993050728","19.586241196728334","-96.93008125150789","2026-01-03"
"MEX.30.170_1","Tezonapa","GADM2","3.6","MX","Restaurants","0.4393520796948218","18.60205657869642","-96.6960424781579","2026-01-03"
"MEX.30.170_1","Tezonapa","GADM2","3.6","MX","Professional Services","0.5113535430755933","18.60205657869642","-96.6960424781579","2026-01-03"
"MEX.30.170_1","Tezonapa","GADM2","3.6","MX","All","0.5150239208190158","18.60205657869642","-96.6960424781579","2026-01-03"
"MEX.30.170_1","Tezonapa","GADM2","3.6","MX","Retail","0.5805327900403175","18.60205657869642","-96.6960424781579","2026-01-03"
"MEX.30.170_1","Tezonapa","GADM2","3.6","MX","Lifestyle Services","0.5690574826208141","18.60205657869642","-96.6960424781579","2026-01-03"
"MEX.30.170_1","Tezonapa","GADM2","3.6","MX","Grocery & Convenience Stores","0.5986282726300631","18.60205657869642","-96.6960424781579","2026-01-03"
"MEX.17.7_1","Cuernavaca","GADM2","3.6","MX","Travel","0.45172251496337473","18.895584645580655","-99.23082458099567","2026-01-03"
"MEX.17.7_1","Cuernavaca","GADM2","3.6","MX","Home Services","0.36051033380784103","18.895584645580655","-99.23082458099567","2026-01-03"
"MEX.17.7_1","Cuernavaca","GADM2","3.6","MX","Grocery & Convenience Stores","0.43047288404824174","18.895584645580655","-99.23082458099567","2026-01-03"
"MEX.17.7_1","Cuernavaca","GADM2","3.6","MX","Public Good","0.14026252351400598","18.895584645580655","-99.23082458099567","2026-01-03"
"MEX.17.7_1","Cuernavaca","GADM2","3.6","MX","Professional Services","0.2938489429355507","18.895584645580655","-99.23082458099567","2026-01-03"
"MEX.17.7_1","Cuernavaca","GADM2","3.6","MX","Retail","0.27224457501788135","18.895584645580655","-99.23082458099567","2026-01-03"
"MEX.17.7_1","Cuernavaca","GADM2","3.6","MX","Restaurants","0.2935431589141303","18.895584645580655","-99.23082458099567","2026-01-03"
"MEX.17.7_1","Cuernavaca","GADM2","3.6","MX","All","0.2885759112238838","18.895584645580655","-99.23082458099567","2026-01-03"
"MEX.17.7_1","Cuernavaca","GADM2","3.6","MX","","0.4935015519963012","18.895584645580655","-99.23082458099567","2026-01-03"
"MEX.17.7_1","Cuernavaca","GADM2","3.6","MX","Manufacturing","0.5196075069662238","18.895584645580655","-99.23082458099567","2026-01-03"
"MEX.17.7_1","Cuernavaca","GADM2","3.6","MX","Local Events","0.3533270468003688","18.895584645580655","-99.23082458099567","2026-01-03"
"MEX.17.7_1","Cuernavaca","GADM2","3.6","MX","Lifestyle Services","0.31458432853793866","18.895584645580655","-99.23082458099567","2026-01-03"
"MEX.17.7_1","Cuernavaca","GADM2","3.6","MX","Business & Utility Services","0.3016725813426308","18.895584645580655","-99.23082458099567","2026-01-03"
"MEX.16.15_1","Charo","GADM2","3.6","MX","All","0.3499194977821543","19.671431283020762","-101.01808607614494","2026-01-03"
"MEX.16.15_1","Charo","GADM2","3.6","MX","Restaurants","0.5048398079010218","19.671431283020762","-101.01808607614494","2026-01-03"
"MEX.16.15_1","Charo","GADM2","3.6","MX","Retail","0.5114873291637542","19.671431283020762","-101.01808607614494","2026-01-03"
"MEX.21.139_1","San Pedro Yeloixtlahuaca","GADM2","3.6","MX","Retail","0.2529349977387577","18.08747505166349","-97.96396166823409","2026-01-03"
"MEX.21.139_1","San Pedro Yeloixtlahuaca","GADM2","3.6","MX","All","0.23071400046839777","18.08747505166349","-97.96396166823409","2026-01-03"
"MEX.17.3_1","Axochiapan","GADM2","3.6","MX","Restaurants","0.7650519506660945","18.53175810704338","-98.6726035798173","2026-01-03"
"MEX.17.3_1","Axochiapan","GADM2","3.6","MX","All","0.4474401857757355","18.53175810704338","-98.6726035798173","2026-01-03"
"MEX.30.31_1","Catemaco","GADM2","3.6","MX","Restaurants","0.4122463940882121","18.400651061853964","-95.0400261884226","2026-01-03"
"MEX.30.31_1","Catemaco","GADM2","3.6","MX","Professional Services","0.27298173562260825","18.400651061853964","-95.0400261884226","2026-01-03"
"MEX.30.31_1","Catemaco","GADM2","3.6","MX","Travel","0.6997123246315947","18.400651061853964","-95.0400261884226","2026-01-03"
"MEX.30.31_1","Catemaco","GADM2","3.6","MX","Public Good","0.2605786480807693","18.400651061853964","-95.0400261884226","2026-01-03"
"MEX.30.31_1","Catemaco","GADM2","3.6","MX","Grocery & Convenience Stores","0.5056758459465156","18.400651061853964","-95.0400261884226","2026-01-03"
"MEX.30.31_1","Catemaco","GADM2","3.6","MX","Local Events","0.394198176369439","18.400651061853964","-95.0400261884226","2026-01-03"
"MEX.30.31_1","Catemaco","GADM2","3.6","MX","Business & Utility Services","0.667569723251544","18.400651061853964","-95.0400261884226","2026-01-03"
"MEX.30.31_1","Catemaco","GADM2","3.6","MX","All","0.30775939267378616","18.400651061853964","-95.0400261884226","2026-01-03"
"MEX.30.31_1","Catemaco","GADM2","3.6","MX","Lifestyle Services","0.3184878220693747","18.400651061853964","-95.0400261884226","2026-01-03"
"MEX.30.31_1","Catemaco","GADM2","3.6","MX","Home Services","0.31078157361874587","18.400651061853964","-95.0400261884226","2026-01-03"
"MEX.30.31_1","Catemaco","GADM2","3.6","MX","Retail","0.4022216686071542","18.400651061853964","-95.0400261884226","2026-01-03"
"MEX.9.14_1","Tlalpan","GADM2","3.6","MX","Grocery & Convenience Stores","0.5502706140729322","19.145009695880116","-99.15909903336201","2026-01-03"
"MEX.9.14_1","Tlalpan","GADM2","3.6","MX","All","0.2374874824259529","19.145009695880116","-99.15909903336201","2026-01-03"
"MEX.9.14_1","Tlalpan","GADM2","3.6","MX","","0.4026690119368394","19.145009695880116","-99.15909903336201","2026-01-03"
"MEX.9.14_1","Tlalpan","GADM2","3.6","MX","Business & Utility Services","0.49971326336580874","19.145009695880116","-99.15909903336201","2026-01-03"
"MEX.9.14_1","Tlalpan","GADM2","3.6","MX","Restaurants","0.36947327457587303","19.145009695880116","-99.15909903336201","2026-01-03"
"MEX.9.14_1","Tlalpan","GADM2","3.6","MX","Public Good","0.3873511600435788","19.145009695880116","-99.15909903336201","2026-01-03"
"MEX.9.14_1","Tlalpan","GADM2","3.6","MX","Manufacturing","0.4742431170699516","19.145009695880116","-99.15909903336201","2026-01-03"
"MEX.9.14_1","Tlalpan","GADM2","3.6","MX","Retail","0.2927198055537111","19.145009695880116","-99.15909903336201","2026-01-03"
"MEX.9.14_1","Tlalpan","GADM2","3.6","MX","Lifestyle Services","0.3048265318575098","19.145009695880116","-99.15909903336201","2026-01-03"
"MEX.9.14_1","Tlalpan","GADM2","3.6","MX","Local Events","0.4176942208566597","19.145009695880116","-99.15909903336201","2026-01-03"
"MEX.9.14_1","Tlalpan","GADM2","3.6","MX","Professional Services","0.3668678793341748","19.145009695880116","-99.15909903336201","2026-01-03"
"MEX.9.14_1","Tlalpan","GADM2","3.6","MX","Home Services","0.2851768334920425","19.145009695880116","-99.15909903336201","2026-01-03"
"MEX.9.5_1","Cuajimalpa de Morelos","GADM2","3.6","MX","Manufacturing","0.2441143390907236","19.27058331891619","-99.27249649732667","2026-01-03"
"MEX.9.5_1","Cuajimalpa de Morelos","GADM2","3.6","MX","Travel","0.25782551981977236","19.27058331891619","-99.27249649732667","2026-01-03"
"MEX.9.5_1","Cuajimalpa de Morelos","GADM2","3.6","MX","Retail","0.2194672356095683","19.27058331891619","-99.27249649732667","2026-01-03"
"MEX.9.5_1","Cuajimalpa de Morelos","GADM2","3.6","MX","","0.4108975680656968","19.27058331891619","-99.27249649732667","2026-01-03"
"MEX.9.5_1","Cuajimalpa de Morelos","GADM2","3.6","MX","Home Services","0.38069685801185765","19.27058331891619","-99.27249649732667","2026-01-03"
"MEX.9.5_1","Cuajimalpa de Morelos","GADM2","3.6","MX","Grocery & Convenience Stores","0.5345736195197336","19.27058331891619","-99.27249649732667","2026-01-03"
"MEX.9.5_1","Cuajimalpa de Morelos","GADM2","3.6","MX","Lifestyle Services","0.2730159661889203","19.27058331891619","-99.27249649732667","2026-01-03"
"MEX.9.5_1","Cuajimalpa de Morelos","GADM2","3.6","MX","Public Good","0.18411422920602052","19.27058331891619","-99.27249649732667","2026-01-03"
"MEX.9.5_1","Cuajimalpa de Morelos","GADM2","3.6","MX","Restaurants","0.526206557281213","19.27058331891619","-99.27249649732667","2026-01-03"
"MEX.9.5_1","Cuajimalpa de Morelos","GADM2","3.6","MX","All","0.2560872321071291","19.27058331891619","-99.27249649732667","2026-01-03"
"MEX.9.5_1","Cuajimalpa de Morelos","GADM2","3.6","MX","Professional Services","0.27394470226990714","19.27058331891619","-99.27249649732667","2026-01-03"
"MEX.9.5_1","Cuajimalpa de Morelos","GADM2","3.6","MX","Business & Utility Services","0.24070448107322612","19.27058331891619","-99.27249649732667","2026-01-03"
"MEX.9.5_1","Cuajimalpa de Morelos","GADM2","3.6","MX","Local Events","0.1915784583062235","19.27058331891619","-99.27249649732667","2026-01-03"
"MEX.13.43_1","Nicolás Flores","GADM2","3.6","MX","All","0.4266696603482522","20.826823481039614","-99.1493778344458","2026-01-03"
"MEX.16.30_1","Cuitzeo","GADM2","3.6","MX","Restaurants","0.5013900773041773","19.96289851284373","-101.14062052521871","2026-01-03"
"MEX.16.30_1","Cuitzeo","GADM2","3.6","MX","Professional Services","0.5508979395786542","19.96289851284373","-101.14062052521871","2026-01-03"
"MEX.16.30_1","Cuitzeo","GADM2","3.6","MX","Retail","0.6204676027590935","19.96289851284373","-101.14062052521871","2026-01-03"
"MEX.16.30_1","Cuitzeo","GADM2","3.6","MX","All","0.5967749456016582","19.96289851284373","-101.14062052521871","2026-01-03"
"MEX.29.13_1","Españita","GADM2","3.6","MX","Retail","0.5647501981433328","19.44307433753395","-98.35449886966556","2026-01-03"
"MEX.29.13_1","Españita","GADM2","3.6","MX","All","0.5357268930928304","19.44307433753395","-98.35449886966556","2026-01-03"
"MEX.30.72_1","Ignacio de la Llave","GADM2","3.6","MX","All","0.36784318317858694","18.736410286851886","-95.95453678561168","2026-01-03"
"MEX.15.1_1","Acambay","GADM2","3.6","MX","All","0.33596958209787164","19.96859613363226","-99.88422602387737","2026-01-03"
"MEX.15.1_1","Acambay","GADM2","3.6","MX","Lifestyle Services","0.3546436399911835","19.96859613363226","-99.88422602387737","2026-01-03"
"MEX.15.1_1","Acambay","GADM2","3.6","MX","Public Good","0.6886839436268941","19.96859613363226","-99.88422602387737","2026-01-03"
"MEX.15.1_1","Acambay","GADM2","3.6","MX","Home Services","0.6329640068587599","19.96859613363226","-99.88422602387737","2026-01-03"
"MEX.15.1_1","Acambay","GADM2","3.6","MX","Grocery & Convenience Stores","0.4211326256847649","19.96859613363226","-99.88422602387737","2026-01-03"
"MEX.15.1_1","Acambay","GADM2","3.6","MX","Restaurants","0.4402260229791694","19.96859613363226","-99.88422602387737","2026-01-03"
"MEX.15.1_1","Acambay","GADM2","3.6","MX","Professional Services","0.21261669557730903","19.96859613363226","-99.88422602387737","2026-01-03"
"MEX.15.1_1","Acambay","GADM2","3.6","MX","Business & Utility Services","0.4101356208737745","19.96859613363226","-99.88422602387737","2026-01-03"
"MEX.15.1_1","Acambay","GADM2","3.6","MX","Retail","0.49764031397729885","19.96859613363226","-99.88422602387737","2026-01-03"
"MEX.11.34_1","Santa Catarina","GADM2","3.6","MX","All","0.27144809939963854","21.150831485652212","-100.09733803694739","2026-01-03"
"MEX.29.15_1","Hueyotlipan","GADM2","3.6","MX","All","0.4750778595665071","19.502950912423263","-98.26726834891072","2026-01-03"
"MEX.13.27_1","Huehuetla","GADM2","3.6","MX","All","0.5726940341860065","20.529922296220487","-98.00746781591569","2026-01-03"
"MEX.13.27_1","Huehuetla","GADM2","3.6","MX","Retail","0.6855364016254926","20.529922296220487","-98.00746781591569","2026-01-03"
"MEX.30.77_1","Ixhuatlán de Madero","GADM2","3.6","MX","Professional Services","0.3482028957568288","20.758483978397898","-98.00982653683477","2026-01-03"
"MEX.30.77_1","Ixhuatlán de Madero","GADM2","3.6","MX","All","0.338947798033873","20.758483978397898","-98.00982653683477","2026-01-03"
"MEX.24.6_1","Cárdenas","GADM2","3.6","MX","All","0.3876502115478079","21.994617968775902","-99.62665603850995","2026-01-03"
"MEX.24.6_1","Cárdenas","GADM2","3.6","MX","Professional Services","0.38011135631701704","21.994617968775902","-99.62665603850995","2026-01-03"
"MEX.24.6_1","Cárdenas","GADM2","3.6","MX","Retail","0.5407298746207975","21.994617968775902","-99.62665603850995","2026-01-03"
"MEX.24.6_1","Cárdenas","GADM2","3.6","MX","Restaurants","0.4068885942260754","21.994617968775902","-99.62665603850995","2026-01-03"
"MEX.24.6_1","Cárdenas","GADM2","3.6","MX","Home Services","0.39032739870823197","21.994617968775902","-99.62665603850995","2026-01-03"
"MEX.24.6_1","Cárdenas","GADM2","3.6","MX","Grocery & Convenience Stores","0.3949081138518057","21.994617968775902","-99.62665603850995","2026-01-03"
"MEX.24.6_1","Cárdenas","GADM2","3.6","MX","Lifestyle Services","0.40300611197180036","21.994617968775902","-99.62665603850995","2026-01-03"
"MEX.21.12_1","Aljojuca","GADM2","3.6","MX","Retail","0.5405421444498915","19.131494677638997","-97.41902100067902","2026-01-03"
"MEX.21.12_1","Aljojuca","GADM2","3.6","MX","All","0.5295886002325735","19.131494677638997","-97.41902100067902","2026-01-03"
"MEX.21.12_1","Aljojuca","GADM2","3.6","MX","Restaurants","0.6212087336266998","19.131494677638997","-97.41902100067902","2026-01-03"
"MEX.21.12_1","Aljojuca","GADM2","3.6","MX","Professional Services","0.41530054236248626","19.131494677638997","-97.41902100067902","2026-01-03"
"MEX.21.203_1","Zacapala","GADM2","3.6","MX","Professional Services","0.4064723347727598","18.664529572705334","-97.8822727833044","2026-01-03"
"MEX.21.203_1","Zacapala","GADM2","3.6","MX","All","0.5382915490935736","18.664529572705334","-97.8822727833044","2026-01-03"
"MEX.21.203_1","Zacapala","GADM2","3.6","MX","Retail","0.5312888678818863","18.664529572705334","-97.8822727833044","2026-01-03"
"MEX.21.203_1","Zacapala","GADM2","3.6","MX","Restaurants","0.5591596896575746","18.664529572705334","-97.8822727833044","2026-01-03"
"MEX.1.2_1","Asientos","GADM2","3.6","MX","Restaurants","0.3656902931716561","22.10411578770698","-102.0895599666323","2026-01-03"
"MEX.1.2_1","Asientos","GADM2","3.6","MX","All","0.4367094054069459","22.10411578770698","-102.0895599666323","2026-01-03"
"MEX.1.2_1","Asientos","GADM2","3.6","MX","Retail","0.3303107471943215","22.10411578770698","-102.0895599666323","2026-01-03"
"MEX.28.12_1","Gómez Farias","GADM2","3.6","MX","All","0.5962204822712929","22.972160639331086","-99.18730690095994","2026-01-03"
"MEX.28.12_1","Gómez Farias","GADM2","3.6","MX","Travel","0.5458202348081065","22.972160639331086","-99.18730690095994","2026-01-03"
"MEX.16.105_1","Vista Hermosa","GADM2","3.6","MX","All","0.5249477815934234","20.25569981760095","-102.45868000191076","2026-01-03"
"MEX.16.105_1","Vista Hermosa","GADM2","3.6","MX","Retail","0.4280644916813482","20.25569981760095","-102.45868000191076","2026-01-03"
"MEX.16.105_1","Vista Hermosa","GADM2","3.6","MX","Professional Services","0.43758565607106376","20.25569981760095","-102.45868000191076","2026-01-03"
"MEX.16.92_1","Tiquicheo de Nicolás Romero","GADM2","3.6","MX","All","0.30401134869217206","19.02192027773948","-100.76843617137996","2026-01-03"
"MEX.15.73_1","Rayón","GADM2","3.6","MX","All","0.7843729701023608","19.05488306722354","-99.5576375541909","2026-01-03"
"MEX.16.107_1","Zacapu","GADM2","3.6","MX","Business & Utility Services","0.34184809495203833","19.81384833483468","-101.84805633982532","2026-01-03"
"MEX.16.107_1","Zacapu","GADM2","3.6","MX","Retail","0.4670506593610005","19.81384833483468","-101.84805633982532","2026-01-03"
"MEX.16.107_1","Zacapu","GADM2","3.6","MX","Restaurants","0.5176245559359636","19.81384833483468","-101.84805633982532","2026-01-03"
"MEX.16.107_1","Zacapu","GADM2","3.6","MX","Professional Services","0.31928664983101385","19.81384833483468","-101.84805633982532","2026-01-03"
"MEX.16.107_1","Zacapu","GADM2","3.6","MX","Home Services","0.6235625482662766","19.81384833483468","-101.84805633982532","2026-01-03"
"MEX.16.107_1","Zacapu","GADM2","3.6","MX","Public Good","0.6128847140301674","19.81384833483468","-101.84805633982532","2026-01-03"
"MEX.16.107_1","Zacapu","GADM2","3.6","MX","Lifestyle Services","0.6210509175249442","19.81384833483468","-101.84805633982532","2026-01-03"
"MEX.16.107_1","Zacapu","GADM2","3.6","MX","Grocery & Convenience Stores","0.5754977484925556","19.81384833483468","-101.84805633982532","2026-01-03"
"MEX.16.107_1","Zacapu","GADM2","3.6","MX","All","0.4395368741750452","19.81384833483468","-101.84805633982532","2026-01-03"
"MEX.16.107_1","Zacapu","GADM2","3.6","MX","Local Events","0.5262135157671988","19.81384833483468","-101.84805633982532","2026-01-03"
"MEX.16.107_1","Zacapu","GADM2","3.6","MX","Travel","0.3282208244265809","19.81384833483468","-101.84805633982532","2026-01-03"
"MEX.14.124_1","Zapotlán del Rey","GADM2","3.6","MX","Grocery & Convenience Stores","0.3431811699819906","20.430393509398847","-102.9484769801161","2026-01-03"
"MEX.14.124_1","Zapotlán del Rey","GADM2","3.6","MX","Restaurants","0.3646213910740876","20.430393509398847","-102.9484769801161","2026-01-03"
"MEX.14.124_1","Zapotlán del Rey","GADM2","3.6","MX","Professional Services","0.257622379497071","20.430393509398847","-102.9484769801161","2026-01-03"
"MEX.14.124_1","Zapotlán del Rey","GADM2","3.6","MX","Public Good","0.18082570611989301","20.430393509398847","-102.9484769801161","2026-01-03"
"MEX.14.124_1","Zapotlán del Rey","GADM2","3.6","MX","Lifestyle Services","0.4192986828185372","20.430393509398847","-102.9484769801161","2026-01-03"
"MEX.14.124_1","Zapotlán del Rey","GADM2","3.6","MX","Home Services","0.1901668030749155","20.430393509398847","-102.9484769801161","2026-01-03"
"MEX.14.124_1","Zapotlán del Rey","GADM2","3.6","MX","Business & Utility Services","0.6532961960287703","20.430393509398847","-102.9484769801161","2026-01-03"
"MEX.14.124_1","Zapotlán del Rey","GADM2","3.6","MX","All","0.26819287544468334","20.430393509398847","-102.9484769801161","2026-01-03"
"MEX.14.124_1","Zapotlán del Rey","GADM2","3.6","MX","Retail","0.25285976812583405","20.430393509398847","-102.9484769801161","2026-01-03"
"MEX.13.18_1","Cuautepec de Hinojosa","GADM2","3.6","MX","Home Services","0.6511307402383862","19.97864063434371","-98.24601152698926","2026-01-03"
"MEX.13.18_1","Cuautepec de Hinojosa","GADM2","3.6","MX","All","0.6510113641364084","19.97864063434371","-98.24601152698926","2026-01-03"
"MEX.13.18_1","Cuautepec de Hinojosa","GADM2","3.6","MX","Retail","0.5738191187152779","19.97864063434371","-98.24601152698926","2026-01-03"
"MEX.21.205_1","Zacatlán","GADM2","3.6","MX","All","0.41582920053735145","19.988409839172252","-97.90143016420227","2026-01-03"
"MEX.21.205_1","Zacatlán","GADM2","3.6","MX","Retail","0.5702847268109675","19.988409839172252","-97.90143016420227","2026-01-03"
"MEX.16.94_1","Tlazazalca","GADM2","3.6","MX","All","0.4291035492979574","20.004033784274412","-102.09027973389198","2026-01-03"
"MEX.20.7_1","Dist. Huajuapam","GADM2","3.6","MX","Grocery & Convenience Stores","0.48540997075160497","17.96015116746155","-97.73970625767971","2026-01-03"
"MEX.20.7_1","Dist. Huajuapam","GADM2","3.6","MX","Restaurants","0.4957946592170442","17.96015116746155","-97.73970625767971","2026-01-03"
"MEX.20.7_1","Dist. Huajuapam","GADM2","3.6","MX","Manufacturing","0.6279342713609856","17.96015116746155","-97.73970625767971","2026-01-03"
"MEX.20.7_1","Dist. Huajuapam","GADM2","3.6","MX","Retail","0.4112269017340104","17.96015116746155","-97.73970625767971","2026-01-03"
"MEX.20.7_1","Dist. Huajuapam","GADM2","3.6","MX","Business & Utility Services","0.5901154856359404","17.96015116746155","-97.73970625767971","2026-01-03"
"MEX.20.7_1","Dist. Huajuapam","GADM2","3.6","MX","Lifestyle Services","0.37506441321256695","17.96015116746155","-97.73970625767971","2026-01-03"
"MEX.20.7_1","Dist. Huajuapam","GADM2","3.6","MX","Professional Services","0.43392156801473153","17.96015116746155","-97.73970625767971","2026-01-03"
"MEX.20.7_1","Dist. Huajuapam","GADM2","3.6","MX","Travel","0.43365908637064937","17.96015116746155","-97.73970625767971","2026-01-03"
"MEX.20.7_1","Dist. Huajuapam","GADM2","3.6","MX","Local Events","0.402415249826258","17.96015116746155","-97.73970625767971","2026-01-03"
"MEX.20.7_1","Dist. Huajuapam","GADM2","3.6","MX","All","0.43731000634277933","17.96015116746155","-97.73970625767971","2026-01-03"
"MEX.20.7_1","Dist. Huajuapam","GADM2","3.6","MX","","0.4182309314327298","17.96015116746155","-97.73970625767971","2026-01-03"
"MEX.20.7_1","Dist. Huajuapam","GADM2","3.6","MX","Public Good","0.41802162057047215","17.96015116746155","-97.73970625767971","2026-01-03"
"MEX.20.7_1","Dist. Huajuapam","GADM2","3.6","MX","Home Services","0.5396992966540587","17.96015116746155","-97.73970625767971","2026-01-03"
"MEX.12.21_1","Copanatoyac","GADM2","3.6","MX","All","0.6473907390090375","17.454499217810177","-98.67920473344675","2026-01-03"
"MEX.12.48_1","Ometepec","GADM2","3.6","MX","All","0.16488717267026573","16.69902592474354","-98.28628021345165","2026-01-03"
"MEX.12.48_1","Ometepec","GADM2","3.6","MX","Retail","0.3063356221906658","16.69902592474354","-98.28628021345165","2026-01-03"
"MEX.12.12_1","Ayutla de los Libres","GADM2","3.6","MX","All","0.508743123499297","16.99754531224649","-98.97366696954657","2026-01-03"
"MEX.12.12_1","Ayutla de los Libres","GADM2","3.6","MX","Grocery & Convenience Stores","0.3373592142812236","16.99754531224649","-98.97366696954657","2026-01-03"
"MEX.12.12_1","Ayutla de los Libres","GADM2","3.6","MX","Business & Utility Services","0.49321540625689925","16.99754531224649","-98.97366696954657","2026-01-03"
"MEX.12.12_1","Ayutla de los Libres","GADM2","3.6","MX","Restaurants","0.5812361409101714","16.99754531224649","-98.97366696954657","2026-01-03"
"MEX.12.12_1","Ayutla de los Libres","GADM2","3.6","MX","Professional Services","0.3383414692484668","16.99754531224649","-98.97366696954657","2026-01-03"
"MEX.12.12_1","Ayutla de los Libres","GADM2","3.6","MX","Home Services","0.4791011936661061","16.99754531224649","-98.97366696954657","2026-01-03"
"MEX.12.12_1","Ayutla de los Libres","GADM2","3.6","MX","Retail","0.5090975322903025","16.99754531224649","-98.97366696954657","2026-01-03"
"MEX.12.12_1","Ayutla de los Libres","GADM2","3.6","MX","Lifestyle Services","0.5306393382497198","16.99754531224649","-98.97366696954657","2026-01-03"
"MEX.21.171_1","Teziutlán","GADM2","3.6","MX","All","0.4712476331265862","19.89885185506342","-97.27539280285762","2026-01-03"
"MEX.13.66_1","Tezontepec de Aldama","GADM2","3.6","MX","All","0.3542534202162707","20.205267908967464","-99.25309724149974","2026-01-03"
"MEX.13.66_1","Tezontepec de Aldama","GADM2","3.6","MX","Grocery & Convenience Stores","0.5284114802909778","20.205267908967464","-99.25309724149974","2026-01-03"
"MEX.13.66_1","Tezontepec de Aldama","GADM2","3.6","MX","Home Services","0.574568987288804","20.205267908967464","-99.25309724149974","2026-01-03"
"MEX.13.66_1","Tezontepec de Aldama","GADM2","3.6","MX","Manufacturing","0.33128329961451214","20.205267908967464","-99.25309724149974","2026-01-03"
"MEX.13.66_1","Tezontepec de Aldama","GADM2","3.6","MX","Travel","0.5424063367022315","20.205267908967464","-99.25309724149974","2026-01-03"
"MEX.13.66_1","Tezontepec de Aldama","GADM2","3.6","MX","Restaurants","0.40828635919309125","20.205267908967464","-99.25309724149974","2026-01-03"
"MEX.13.66_1","Tezontepec de Aldama","GADM2","3.6","MX","Retail","0.48972173459468005","20.205267908967464","-99.25309724149974","2026-01-03"
"MEX.13.66_1","Tezontepec de Aldama","GADM2","3.6","MX","Professional Services","0.2989562107988922","20.205267908967464","-99.25309724149974","2026-01-03"
"MEX.13.66_1","Tezontepec de Aldama","GADM2","3.6","MX","Business & Utility Services","0.2820023648041978","20.205267908967464","-99.25309724149974","2026-01-03"
"MEX.13.66_1","Tezontepec de Aldama","GADM2","3.6","MX","Lifestyle Services","0.4401609508284664","20.205267908967464","-99.25309724149974","2026-01-03"
"MEX.13.66_1","Tezontepec de Aldama","GADM2","3.6","MX","","0.6976959271832968","20.205267908967464","-99.25309724149974","2026-01-03"
"MEX.13.66_1","Tezontepec de Aldama","GADM2","3.6","MX","Public Good","0.5306154983381935","20.205267908967464","-99.25309724149974","2026-01-03"
"MEX.13.66_1","Tezontepec de Aldama","GADM2","3.6","MX","Local Events","0.21362769694261546","20.205267908967464","-99.25309724149974","2026-01-03"
"MEX.15.54_1","Lerma","GADM2","3.6","MX","Travel","0.39835233686557403","19.281622673423808","-99.44276552237811","2026-01-03"
"MEX.15.54_1","Lerma","GADM2","3.6","MX","Public Good","0.19111195829714617","19.281622673423808","-99.44276552237811","2026-01-03"
"MEX.15.54_1","Lerma","GADM2","3.6","MX","","0.5119416760942669","19.281622673423808","-99.44276552237811","2026-01-03"
"MEX.15.54_1","Lerma","GADM2","3.6","MX","Grocery & Convenience Stores","0.624899706717372","19.281622673423808","-99.44276552237811","2026-01-03"
"MEX.15.54_1","Lerma","GADM2","3.6","MX","Manufacturing","0.31302713838839175","19.281622673423808","-99.44276552237811","2026-01-03"
"MEX.15.54_1","Lerma","GADM2","3.6","MX","Professional Services","0.2493388549521117","19.281622673423808","-99.44276552237811","2026-01-03"
"MEX.15.54_1","Lerma","GADM2","3.6","MX","Local Events","0.1859213496154453","19.281622673423808","-99.44276552237811","2026-01-03"
"MEX.15.54_1","Lerma","GADM2","3.6","MX","Home Services","0.32855344693169003","19.281622673423808","-99.44276552237811","2026-01-03"
"MEX.15.54_1","Lerma","GADM2","3.6","MX","All","0.28007795889366843","19.281622673423808","-99.44276552237811","2026-01-03"
"MEX.15.54_1","Lerma","GADM2","3.6","MX","Restaurants","0.2949659643651533","19.281622673423808","-99.44276552237811","2026-01-03"
"MEX.15.54_1","Lerma","GADM2","3.6","MX","Retail","0.43986638466291283","19.281622673423808","-99.44276552237811","2026-01-03"
"MEX.15.54_1","Lerma","GADM2","3.6","MX","Lifestyle Services","0.24748991156429442","19.281622673423808","-99.44276552237811","2026-01-03"
"MEX.15.54_1","Lerma","GADM2","3.6","MX","Business & Utility Services","0.2937512251938926","19.281622673423808","-99.44276552237811","2026-01-03"
"MEX.12.11_1","Atoyac de Alvarez","GADM2","3.6","MX","Public Good","0.4709891003723898","17.311790990692504","-100.29809466098953","2026-01-03"
"MEX.12.11_1","Atoyac de Alvarez","GADM2","3.6","MX","Grocery & Convenience Stores","0.49372925653859057","17.311790990692504","-100.29809466098953","2026-01-03"
"MEX.12.11_1","Atoyac de Alvarez","GADM2","3.6","MX","Lifestyle Services","0.38447768769898233","17.311790990692504","-100.29809466098953","2026-01-03"
"MEX.12.11_1","Atoyac de Alvarez","GADM2","3.6","MX","Restaurants","0.27946712766192133","17.311790990692504","-100.29809466098953","2026-01-03"
"MEX.12.11_1","Atoyac de Alvarez","GADM2","3.6","MX","Professional Services","0.261201425233041","17.311790990692504","-100.29809466098953","2026-01-03"
"MEX.12.11_1","Atoyac de Alvarez","GADM2","3.6","MX","All","0.2271789894985742","17.311790990692504","-100.29809466098953","2026-01-03"
"MEX.12.11_1","Atoyac de Alvarez","GADM2","3.6","MX","Retail","0.423356823653284","17.311790990692504","-100.29809466098953","2026-01-03"
"MEX.12.11_1","Atoyac de Alvarez","GADM2","3.6","MX","Home Services","0.4509660422628531","17.311790990692504","-100.29809466098953","2026-01-03"
"MEX.14.59_1","Lago de Chapala","GADM2","3.6","MX","All","0.23566583546862477","20.209020212792982","-103.03257379299606","2026-01-03"
"MEX.15.22_1","Chapultepec","GADM2","3.6","MX","All","0.5242987687248499","19.119634029965848","-99.52685818294124","2026-01-03"
"MEX.13.31_1","Jacala de Ledezma","GADM2","3.6","MX","Retail","0.4972038074850378","21.01171917049517","-99.15909428417918","2026-01-03"
"MEX.13.31_1","Jacala de Ledezma","GADM2","3.6","MX","Professional Services","0.5811154398053172","21.01171917049517","-99.15909428417918","2026-01-03"
"MEX.13.31_1","Jacala de Ledezma","GADM2","3.6","MX","All","0.48060785505374276","21.01171917049517","-99.15909428417918","2026-01-03"
"MEX.11.39_1","Tarimoro","GADM2","3.6","MX","Retail","0.4782705887257315","20.275269299028178","-100.70967425472428","2026-01-03"
"MEX.11.39_1","Tarimoro","GADM2","3.6","MX","All","0.40268622859532394","20.275269299028178","-100.70967425472428","2026-01-03"
"MEX.11.39_1","Tarimoro","GADM2","3.6","MX","Professional Services","0.3984003329737923","20.275269299028178","-100.70967425472428","2026-01-03"
"MEX.11.39_1","Tarimoro","GADM2","3.6","MX","Public Good","0.42472175888205094","20.275269299028178","-100.70967425472428","2026-01-03"
"MEX.11.39_1","Tarimoro","GADM2","3.6","MX","Grocery & Convenience Stores","0.5569111539392938","20.275269299028178","-100.70967425472428","2026-01-03"
"MEX.11.39_1","Tarimoro","GADM2","3.6","MX","Restaurants","0.41489084742218857","20.275269299028178","-100.70967425472428","2026-01-03"
"MEX.16.38_1","Huetamo","GADM2","3.6","MX","Home Services","0.6673673055599013","18.639467868278896","-101.0832645290177","2026-01-03"
"MEX.16.38_1","Huetamo","GADM2","3.6","MX","Retail","0.4461126553641174","18.639467868278896","-101.0832645290177","2026-01-03"
"MEX.16.38_1","Huetamo","GADM2","3.6","MX","Grocery & Convenience Stores","0.387762848323368","18.639467868278896","-101.0832645290177","2026-01-03"
"MEX.16.38_1","Huetamo","GADM2","3.6","MX","Professional Services","0.15621270619298508","18.639467868278896","-101.0832645290177","2026-01-03"
"MEX.16.38_1","Huetamo","GADM2","3.6","MX","All","0.33319097783775053","18.639467868278896","-101.0832645290177","2026-01-03"
"MEX.16.38_1","Huetamo","GADM2","3.6","MX","Business & Utility Services","0.3500594991594087","18.639467868278896","-101.0832645290177","2026-01-03"
"MEX.16.38_1","Huetamo","GADM2","3.6","MX","Public Good","0.2126247243413451","18.639467868278896","-101.0832645290177","2026-01-03"
"MEX.16.38_1","Huetamo","GADM2","3.6","MX","Local Events","0.701406404504162","18.639467868278896","-101.0832645290177","2026-01-03"
"MEX.16.38_1","Huetamo","GADM2","3.6","MX","Lifestyle Services","0.15471850006334303","18.639467868278896","-101.0832645290177","2026-01-03"
"MEX.16.38_1","Huetamo","GADM2","3.6","MX","Restaurants","0.6813437031835179","18.639467868278896","-101.0832645290177","2026-01-03"
"MEX.21.192_1","Xalpan","GADM2","3.6","MX","All","0.5413376964745348","20.501140742851817","-97.79231875843934","2026-01-03"
"MEX.16.17_1","Cherán","GADM2","3.6","MX","All","0.4076064780983285","19.730183466059255","-101.99516207693766","2026-01-03"
"MEX.16.17_1","Cherán","GADM2","3.6","MX","Restaurants","0.31378011851758875","19.730183466059255","-101.99516207693766","2026-01-03"
"MEX.16.17_1","Cherán","GADM2","3.6","MX","Professional Services","0.354684353941355","19.730183466059255","-101.99516207693766","2026-01-03"
"MEX.16.17_1","Cherán","GADM2","3.6","MX","Retail","0.361467938202828","19.730183466059255","-101.99516207693766","2026-01-03"
"MEX.17.25_1","Tlaltizapán","GADM2","3.6","MX","Home Services","0.28207643806495863","18.705508995468943","-99.03974012373232","2026-01-03"
"MEX.17.25_1","Tlaltizapán","GADM2","3.6","MX","Lifestyle Services","0.3808529125464922","18.705508995468943","-99.03974012373232","2026-01-03"
"MEX.17.25_1","Tlaltizapán","GADM2","3.6","MX","Restaurants","0.36037279623947666","18.705508995468943","-99.03974012373232","2026-01-03"
"MEX.17.25_1","Tlaltizapán","GADM2","3.6","MX","Professional Services","0.33682309353882195","18.705508995468943","-99.03974012373232","2026-01-03"
"MEX.17.25_1","Tlaltizapán","GADM2","3.6","MX","Retail","0.43471454762963463","18.705508995468943","-99.03974012373232","2026-01-03"
"MEX.17.25_1","Tlaltizapán","GADM2","3.6","MX","All","0.33706565421379203","18.705508995468943","-99.03974012373232","2026-01-03"
"MEX.21.21_1","Atzala","GADM2","3.6","MX","Restaurants","0.37302866251031264","18.581934256265555","-98.439170138575","2026-01-03"
"MEX.21.21_1","Atzala","GADM2","3.6","MX","Business & Utility Services","0.7948786350045285","18.581934256265555","-98.439170138575","2026-01-03"
"MEX.21.21_1","Atzala","GADM2","3.6","MX","Lifestyle Services","0.6223531432973755","18.581934256265555","-98.439170138575","2026-01-03"
"MEX.21.21_1","Atzala","GADM2","3.6","MX","Professional Services","0.34856368341984584","18.581934256265555","-98.439170138575","2026-01-03"
"MEX.21.21_1","Atzala","GADM2","3.6","MX","Retail","0.39500689647588944","18.581934256265555","-98.439170138575","2026-01-03"
"MEX.21.21_1","Atzala","GADM2","3.6","MX","Home Services","0.2965225549760716","18.581934256265555","-98.439170138575","2026-01-03"
"MEX.21.21_1","Atzala","GADM2","3.6","MX","Public Good","0.778359640392577","18.581934256265555","-98.439170138575","2026-01-03"
"MEX.21.21_1","Atzala","GADM2","3.6","MX","All","0.4245707111888688","18.581934256265555","-98.439170138575","2026-01-03"
"MEX.21.21_1","Atzala","GADM2","3.6","MX","Local Events","0.47589269807593576","18.581934256265555","-98.439170138575","2026-01-03"
"MEX.14.81_1","San Miguel el Alto","GADM2","3.6","MX","Lifestyle Services","0.37367004677593535","20.962589892880597","-102.38198586004374","2026-01-03"
"MEX.14.81_1","San Miguel el Alto","GADM2","3.6","MX","Public Good","0.22118566035978407","20.962589892880597","-102.38198586004374","2026-01-03"
"MEX.14.81_1","San Miguel el Alto","GADM2","3.6","MX","Grocery & Convenience Stores","0.3956349387386128","20.962589892880597","-102.38198586004374","2026-01-03"
"MEX.14.81_1","San Miguel el Alto","GADM2","3.6","MX","All","0.39212732456628896","20.962589892880597","-102.38198586004374","2026-01-03"
"MEX.14.81_1","San Miguel el Alto","GADM2","3.6","MX","Business & Utility Services","0.3786604053519345","20.962589892880597","-102.38198586004374","2026-01-03"
"MEX.14.81_1","San Miguel el Alto","GADM2","3.6","MX","Professional Services","0.24383395067854344","20.962589892880597","-102.38198586004374","2026-01-03"
"MEX.14.81_1","San Miguel el Alto","GADM2","3.6","MX","Restaurants","0.5249677347130682","20.962589892880597","-102.38198586004374","2026-01-03"
"MEX.14.81_1","San Miguel el Alto","GADM2","3.6","MX","Local Events","0.4306598878252436","20.962589892880597","-102.38198586004374","2026-01-03"
"MEX.14.81_1","San Miguel el Alto","GADM2","3.6","MX","Retail","0.47383030837000384","20.962589892880597","-102.38198586004374","2026-01-03"
"MEX.14.81_1","San Miguel el Alto","GADM2","3.6","MX","Home Services","0.46922639775527447","20.962589892880597","-102.38198586004374","2026-01-03"
"MEX.32.25_1","Luis Moya","GADM2","3.6","MX","Retail","0.5650777712932143","22.40850031832669","-102.25748341378959","2026-01-03"
"MEX.32.25_1","Luis Moya","GADM2","3.6","MX","Grocery & Convenience Stores","0.6432206855537655","22.40850031832669","-102.25748341378959","2026-01-03"
"MEX.32.25_1","Luis Moya","GADM2","3.6","MX","All","0.42630608437927703","22.40850031832669","-102.25748341378959","2026-01-03"
"MEX.28.13_1","González","GADM2","3.6","MX","All","0.47951562679614607","22.815023338683456","-98.53691380147234","2026-01-03"
"MEX.28.13_1","González","GADM2","3.6","MX","Restaurants","0.5779091675074908","22.815023338683456","-98.53691380147234","2026-01-03"
"MEX.28.13_1","González","GADM2","3.6","MX","Home Services","0.3684398126165558","22.815023338683456","-98.53691380147234","2026-01-03"
"MEX.28.13_1","González","GADM2","3.6","MX","Professional Services","0.3120701617870897","22.815023338683456","-98.53691380147234","2026-01-03"
"MEX.28.13_1","González","GADM2","3.6","MX","Public Good","0.33298415624115263","22.815023338683456","-98.53691380147234","2026-01-03"
"MEX.28.13_1","González","GADM2","3.6","MX","Grocery & Convenience Stores","0.3943907333275611","22.815023338683456","-98.53691380147234","2026-01-03"
"MEX.15.75_1","San Felipe del Progreso","GADM2","3.6","MX","Retail","0.2546068049370967","19.643398898489053","-100.04621416877046","2026-01-03"
"MEX.15.75_1","San Felipe del Progreso","GADM2","3.6","MX","Restaurants","0.4816558450461895","19.643398898489053","-100.04621416877046","2026-01-03"
"MEX.15.75_1","San Felipe del Progreso","GADM2","3.6","MX","Home Services","0.35586483695105564","19.643398898489053","-100.04621416877046","2026-01-03"
"MEX.15.75_1","San Felipe del Progreso","GADM2","3.6","MX","Business & Utility Services","0.5689066642688153","19.643398898489053","-100.04621416877046","2026-01-03"
"MEX.15.75_1","San Felipe del Progreso","GADM2","3.6","MX","Professional Services","0.34494078180403964","19.643398898489053","-100.04621416877046","2026-01-03"
"MEX.15.75_1","San Felipe del Progreso","GADM2","3.6","MX","All","0.29709822307944805","19.643398898489053","-100.04621416877046","2026-01-03"
"MEX.15.75_1","San Felipe del Progreso","GADM2","3.6","MX","Grocery & Convenience Stores","0.4084911977763107","19.643398898489053","-100.04621416877046","2026-01-03"
"MEX.15.75_1","San Felipe del Progreso","GADM2","3.6","MX","Public Good","0.4978425931574823","19.643398898489053","-100.04621416877046","2026-01-03"
"MEX.15.75_1","San Felipe del Progreso","GADM2","3.6","MX","Lifestyle Services","0.38116739033255","19.643398898489053","-100.04621416877046","2026-01-03"
"MEX.21.190_1","Venustiano Carranza","GADM2","3.6","MX","Retail","0.3753506537629048","20.071095806506158","-97.59687150577479","2026-01-03"
"MEX.21.190_1","Venustiano Carranza","GADM2","3.6","MX","Restaurants","0.5403132885001034","20.071095806506158","-97.59687150577479","2026-01-03"
"MEX.21.190_1","Venustiano Carranza","GADM2","3.6","MX","All","0.281379496251695","20.071095806506158","-97.59687150577479","2026-01-03"
"MEX.15.98_1","Texcaltitlán","GADM2","3.6","MX","All","0.5145945809806717","18.91372199742109","-99.8699971101673","2026-01-03"
"MEX.21.130_1","San Martín Texmelucan","GADM2","3.6","MX","Retail","0.3931561219950055","19.298983207764973","-98.36155473262599","2026-01-03"
"MEX.21.130_1","San Martín Texmelucan","GADM2","3.6","MX","Home Services","0.7077850239568025","19.298983207764973","-98.36155473262599","2026-01-03"
"MEX.21.130_1","San Martín Texmelucan","GADM2","3.6","MX","Public Good","0.3009570491784374","19.298983207764973","-98.36155473262599","2026-01-03"
"MEX.21.130_1","San Martín Texmelucan","GADM2","3.6","MX","Professional Services","0.34282373226570007","19.298983207764973","-98.36155473262599","2026-01-03"
"MEX.21.130_1","San Martín Texmelucan","GADM2","3.6","MX","Lifestyle Services","0.3936679628041321","19.298983207764973","-98.36155473262599","2026-01-03"
"MEX.21.130_1","San Martín Texmelucan","GADM2","3.6","MX","Restaurants","0.29431088984704873","19.298983207764973","-98.36155473262599","2026-01-03"
"MEX.21.130_1","San Martín Texmelucan","GADM2","3.6","MX","Grocery & Convenience Stores","0.34971637718812204","19.298983207764973","-98.36155473262599","2026-01-03"
"MEX.21.130_1","San Martín Texmelucan","GADM2","3.6","MX","All","0.3319039752602399","19.298983207764973","-98.36155473262599","2026-01-03"
"MEX.11.33_1","San Luis de la Paz","GADM2","3.6","MX","All","0.26855755695875444","21.39577107066675","-100.5060504984848","2026-01-03"
"MEX.11.33_1","San Luis de la Paz","GADM2","3.6","MX","Public Good","0.16523153588110145","21.39577107066675","-100.5060504984848","2026-01-03"
"MEX.11.33_1","San Luis de la Paz","GADM2","3.6","MX","Professional Services","0.18852069296020552","21.39577107066675","-100.5060504984848","2026-01-03"
"MEX.11.33_1","San Luis de la Paz","GADM2","3.6","MX","","0.5344037320526528","21.39577107066675","-100.5060504984848","2026-01-03"
"MEX.11.33_1","San Luis de la Paz","GADM2","3.6","MX","Retail","0.4030927228934812","21.39577107066675","-100.5060504984848","2026-01-03"
"MEX.11.33_1","San Luis de la Paz","GADM2","3.6","MX","Home Services","0.4273796227501049","21.39577107066675","-100.5060504984848","2026-01-03"
"MEX.11.33_1","San Luis de la Paz","GADM2","3.6","MX","Lifestyle Services","0.14431966626045736","21.39577107066675","-100.5060504984848","2026-01-03"
"MEX.11.33_1","San Luis de la Paz","GADM2","3.6","MX","Travel","0.4566585182770936","21.39577107066675","-100.5060504984848","2026-01-03"
"MEX.11.33_1","San Luis de la Paz","GADM2","3.6","MX","Local Events","0.25640077237247016","21.39577107066675","-100.5060504984848","2026-01-03"
"MEX.11.33_1","San Luis de la Paz","GADM2","3.6","MX","Restaurants","0.31162294361975784","21.39577107066675","-100.5060504984848","2026-01-03"
"MEX.11.33_1","San Luis de la Paz","GADM2","3.6","MX","Grocery & Convenience Stores","0.6885141093965684","21.39577107066675","-100.5060504984848","2026-01-03"
"MEX.11.33_1","San Luis de la Paz","GADM2","3.6","MX","Business & Utility Services","0.5181214028413005","21.39577107066675","-100.5060504984848","2026-01-03"
"MEX.12.10_1","Atlixtac","GADM2","3.6","MX","All","0.17913496447367322","17.475551434686338","-98.8730361830896","2026-01-03"
"MEX.12.10_1","Atlixtac","GADM2","3.6","MX","Retail","0.18153257740370332","17.475551434686338","-98.8730361830896","2026-01-03"
"MEX.16.14_1","Charapan","GADM2","3.6","MX","All","0.6769047951052644","19.684395723522567","-102.23085100606343","2026-01-03"
"MEX.22.3_1","Cadereyta de Montes","GADM2","3.6","MX","Professional Services","0.31796637592812316","20.82523338546518","-99.64733454458306","2026-01-03"
"MEX.22.3_1","Cadereyta de Montes","GADM2","3.6","MX","Restaurants","0.6550684920264578","20.82523338546518","-99.64733454458306","2026-01-03"
"MEX.22.3_1","Cadereyta de Montes","GADM2","3.6","MX","Travel","0.46470287376713054","20.82523338546518","-99.64733454458306","2026-01-03"
"MEX.22.3_1","Cadereyta de Montes","GADM2","3.6","MX","Public Good","0.3267741147483337","20.82523338546518","-99.64733454458306","2026-01-03"
"MEX.22.3_1","Cadereyta de Montes","GADM2","3.6","MX","Grocery & Convenience Stores","0.5150095139724459","20.82523338546518","-99.64733454458306","2026-01-03"
"MEX.22.3_1","Cadereyta de Montes","GADM2","3.6","MX","All","0.4647742304908991","20.82523338546518","-99.64733454458306","2026-01-03"
"MEX.22.3_1","Cadereyta de Montes","GADM2","3.6","MX","Retail","0.5507460442552361","20.82523338546518","-99.64733454458306","2026-01-03"
"MEX.22.3_1","Cadereyta de Montes","GADM2","3.6","MX","Home Services","0.36187244578649586","20.82523338546518","-99.64733454458306","2026-01-03"
"MEX.22.3_1","Cadereyta de Montes","GADM2","3.6","MX","Lifestyle Services","0.5031492005637694","20.82523338546518","-99.64733454458306","2026-01-03"
"MEX.22.3_1","Cadereyta de Montes","GADM2","3.6","MX","Business & Utility Services","0.3322642667550206","20.82523338546518","-99.64733454458306","2026-01-03"
"MEX.22.3_1","Cadereyta de Montes","GADM2","3.6","MX","Local Events","0.461897094124628","20.82523338546518","-99.64733454458306","2026-01-03"
"MEX.32.1_1","Apozol","GADM2","3.6","MX","Restaurants","0.5067691995183027","21.40842717548427","-103.11584794211532","2026-01-03"
"MEX.32.1_1","Apozol","GADM2","3.6","MX","Lifestyle Services","0.5270147446226762","21.40842717548427","-103.11584794211532","2026-01-03"
"MEX.32.1_1","Apozol","GADM2","3.6","MX","Home Services","0.29882159588128976","21.40842717548427","-103.11584794211532","2026-01-03"
"MEX.32.1_1","Apozol","GADM2","3.6","MX","Retail","0.31784932540512173","21.40842717548427","-103.11584794211532","2026-01-03"
"MEX.32.1_1","Apozol","GADM2","3.6","MX","Professional Services","0.35070448263808024","21.40842717548427","-103.11584794211532","2026-01-03"
"MEX.32.1_1","Apozol","GADM2","3.6","MX","Grocery & Convenience Stores","0.37743715727159","21.40842717548427","-103.11584794211532","2026-01-03"
"MEX.32.1_1","Apozol","GADM2","3.6","MX","All","0.270211249475674","21.40842717548427","-103.11584794211532","2026-01-03"
