"polygon_id","polygon_name","polygon_level","polygon_version","country","business_vertical","activity_quantile","latitude","longitude","ds"
"MEX.30.40_1","Chinampa de Gorostiza","GADM2","3.6","MX","Restaurants","0.27208607678880037","21.356953916063606","-97.64934684775207","2026-01-12"
"MEX.30.40_1","Chinampa de Gorostiza","GADM2","3.6","MX","Professional Services","0.6014151408872543","21.356953916063606","-97.64934684775207","2026-01-12"
"MEX.30.40_1","Chinampa de Gorostiza","GADM2","3.6","MX","Home Services","0.4489840060390962","21.356953916063606","-97.64934684775207","2026-01-12"
"MEX.30.40_1","Chinampa de Gorostiza","GADM2","3.6","MX","Retail","0.4984919826767858","21.356953916063606","-97.64934684775207","2026-01-12"
"MEX.30.40_1","Chinampa de Gorostiza","GADM2","3.6","MX","All","0.4508014474842555","21.356953916063606","-97.64934684775207","2026-01-12"
"MEX.30.40_1","Chinampa de Gorostiza","GADM2","3.6","MX","Lifestyle Services","0.3124919569430264","21.356953916063606","-97.64934684775207","2026-01-12"
"MEX.21.151_1","Tecamachalco","GADM2","3.6","MX","Restaurants","0.4178736253049031","18.875019433180107","-97.6229699614485","2026-01-12"
"MEX.21.151_1","Tecamachalco","GADM2","3.6","MX","Retail","0.40451259967590397","18.875019433180107","-97.6229699614485","2026-01-12"
"MEX.21.151_1","Tecamachalco","GADM2","3.6","MX","Professional Services","0.3233203735208118","18.875019433180107","-97.6229699614485","2026-01-12"
"MEX.21.151_1","Tecamachalco","GADM2","3.6","MX","All","0.43738009600024536","18.875019433180107","-97.6229699614485","2026-01-12"
"MEX.21.151_1","Tecamachalco","GADM2","3.6","MX","Home Services","0.7472284572419242","18.875019433180107","-97.6229699614485","2026-01-12"
"MEX.21.151_1","Tecamachalco","GADM2","3.6","MX","Lifestyle Services","0.5246454193701979","18.875019433180107","-97.6229699614485","2026-01-12"
"MEX.21.151_1","Tecamachalco","GADM2","3.6","MX","Business & Utility Services","0.5410860579562405","18.875019433180107","-97.6229699614485","2026-01-12"
"MEX.30.74_1","Isla","GADM2","3.6","MX","Restaurants","0.47867170372315015","18.155049922213713","-95.55925304579254","2026-01-12"
"MEX.30.74_1","Isla","GADM2","3.6","MX","Public Good","0.5927391329507286","18.155049922213713","-95.55925304579254","2026-01-12"
"MEX.30.74_1","Isla","GADM2","3.6","MX","Professional Services","0.4884106615490186","18.155049922213713","-95.55925304579254","2026-01-12"
"MEX.30.74_1","Isla","GADM2","3.6","MX","Home Services","0.42934219638847215","18.155049922213713","-95.55925304579254","2026-01-12"
"MEX.30.74_1","Isla","GADM2","3.6","MX","Retail","0.3427641238090011","18.155049922213713","-95.55925304579254","2026-01-12"
"MEX.30.74_1","Isla","GADM2","3.6","MX","All","0.43023046452018454","18.155049922213713","-95.55925304579254","2026-01-12"
"MEX.30.74_1","Isla","GADM2","3.6","MX","Lifestyle Services","0.44983134824800153","18.155049922213713","-95.55925304579254","2026-01-12"
"MEX.15.83_1","Tejupilco","GADM2","3.6","MX","Retail","0.20107370183606357","18.803717662966086","-100.28739226432351","2026-01-12"
"MEX.15.83_1","Tejupilco","GADM2","3.6","MX","All","0.36590130522270714","18.803717662966086","-100.28739226432351","2026-01-12"
"MEX.15.13_1","Atizapán de Zaragoza","GADM2","3.6","MX","Business & Utility Services","0.5077851765105748","19.49300512555868","-99.24963873871992","2026-01-12"
"MEX.15.13_1","Atizapán de Zaragoza","GADM2","3.6","MX","Restaurants","0.2627926547054","19.49300512555868","-99.24963873871992","2026-01-12"
"MEX.15.13_1","Atizapán de Zaragoza","GADM2","3.6","MX","All","0.44771352371442086","19.49300512555868","-99.24963873871992","2026-01-12"
"MEX.15.13_1","Atizapán de Zaragoza","GADM2","3.6","MX","Public Good","0.3446740287338584","19.49300512555868","-99.24963873871992","2026-01-12"
"MEX.15.13_1","Atizapán de Zaragoza","GADM2","3.6","MX","Retail","0.45011897508321386","19.49300512555868","-99.24963873871992","2026-01-12"
"MEX.15.13_1","Atizapán de Zaragoza","GADM2","3.6","MX","Grocery & Convenience Stores","0.40027347189962365","19.49300512555868","-99.24963873871992","2026-01-12"
"MEX.15.13_1","Atizapán de Zaragoza","GADM2","3.6","MX","","0.43390887714113785","19.49300512555868","-99.24963873871992","2026-01-12"
"MEX.15.13_1","Atizapán de Zaragoza","GADM2","3.6","MX","Lifestyle Services","0.347617087266811","19.49300512555868","-99.24963873871992","2026-01-12"
"MEX.15.13_1","Atizapán de Zaragoza","GADM2","3.6","MX","Local Events","0.5068507787748742","19.49300512555868","-99.24963873871992","2026-01-12"
"MEX.15.13_1","Atizapán de Zaragoza","GADM2","3.6","MX","Travel","0.42184699223654004","19.49300512555868","-99.24963873871992","2026-01-12"
"MEX.15.13_1","Atizapán de Zaragoza","GADM2","3.6","MX","Professional Services","0.49832215168575117","19.49300512555868","-99.24963873871992","2026-01-12"
"MEX.15.13_1","Atizapán de Zaragoza","GADM2","3.6","MX","Home Services","0.44927530681862027","19.49300512555868","-99.24963873871992","2026-01-12"
"MEX.15.13_1","Atizapán de Zaragoza","GADM2","3.6","MX","Manufacturing","0.5478759703673239","19.49300512555868","-99.24963873871992","2026-01-12"
"MEX.30.118_1","Omealca","GADM2","3.6","MX","All","0.5560962923852257","18.74374102087376","-96.72386023513822","2026-01-12"
"MEX.30.118_1","Omealca","GADM2","3.6","MX","Retail","0.46885151760114","18.74374102087376","-96.72386023513822","2026-01-12"
"MEX.30.118_1","Omealca","GADM2","3.6","MX","Restaurants","0.7010249544937246","18.74374102087376","-96.72386023513822","2026-01-12"
"MEX.24.48_1","Villa de Arista","GADM2","3.6","MX","Restaurants","0.4786478880635427","22.64996283017115","-100.82978635962402","2026-01-12"
"MEX.24.48_1","Villa de Arista","GADM2","3.6","MX","Retail","0.3179340509744891","22.64996283017115","-100.82978635962402","2026-01-12"
"MEX.24.48_1","Villa de Arista","GADM2","3.6","MX","All","0.3176837182992012","22.64996283017115","-100.82978635962402","2026-01-12"
"MEX.24.48_1","Villa de Arista","GADM2","3.6","MX","Lifestyle Services","0.36271747187706","22.64996283017115","-100.82978635962402","2026-01-12"
"MEX.1.8_1","San José de Gracia","GADM2","3.6","MX","Travel","0.40594689648039134","22.10344329467382","-102.54376759561194","2026-01-12"
"MEX.1.8_1","San José de Gracia","GADM2","3.6","MX","Retail","0.42396674234781867","22.10344329467382","-102.54376759561194","2026-01-12"
"MEX.1.8_1","San José de Gracia","GADM2","3.6","MX","Home Services","0.23239121976396745","22.10344329467382","-102.54376759561194","2026-01-12"
"MEX.1.8_1","San José de Gracia","GADM2","3.6","MX","All","0.5131660969645262","22.10344329467382","-102.54376759561194","2026-01-12"
"MEX.1.8_1","San José de Gracia","GADM2","3.6","MX","Restaurants","0.607176711280932","22.10344329467382","-102.54376759561194","2026-01-12"
"MEX.30.171_1","Tierra Blanca","GADM2","3.6","MX","Public Good","0.6348207868534528","18.581559079813157","-96.31436881678184","2026-01-12"
"MEX.30.171_1","Tierra Blanca","GADM2","3.6","MX","Restaurants","0.46352090623890013","18.581559079813157","-96.31436881678184","2026-01-12"
"MEX.30.171_1","Tierra Blanca","GADM2","3.6","MX","All","0.4316874402199824","18.581559079813157","-96.31436881678184","2026-01-12"
"MEX.30.171_1","Tierra Blanca","GADM2","3.6","MX","Grocery & Convenience Stores","0.45340179866896474","18.581559079813157","-96.31436881678184","2026-01-12"
"MEX.30.171_1","Tierra Blanca","GADM2","3.6","MX","Local Events","0.7222359741938439","18.581559079813157","-96.31436881678184","2026-01-12"
"MEX.30.171_1","Tierra Blanca","GADM2","3.6","MX","Business & Utility Services","0.3211368163866557","18.581559079813157","-96.31436881678184","2026-01-12"
"MEX.30.171_1","Tierra Blanca","GADM2","3.6","MX","","0.46120187070711094","18.581559079813157","-96.31436881678184","2026-01-12"
"MEX.30.171_1","Tierra Blanca","GADM2","3.6","MX","Lifestyle Services","0.2998485402506668","18.581559079813157","-96.31436881678184","2026-01-12"
"MEX.30.171_1","Tierra Blanca","GADM2","3.6","MX","Professional Services","0.5862534447575278","18.581559079813157","-96.31436881678184","2026-01-12"
"MEX.30.171_1","Tierra Blanca","GADM2","3.6","MX","Home Services","0.6899444273798979","18.581559079813157","-96.31436881678184","2026-01-12"
"MEX.30.171_1","Tierra Blanca","GADM2","3.6","MX","Retail","0.323863027591281","18.581559079813157","-96.31436881678184","2026-01-12"
"MEX.16.79_1","San Lucas","GADM2","3.6","MX","Local Events","0.646057932740958","18.54083720144096","-100.77635901882633","2026-01-12"
"MEX.16.79_1","San Lucas","GADM2","3.6","MX","Public Good","0.4026596518641791","18.54083720144096","-100.77635901882633","2026-01-12"
"MEX.16.79_1","San Lucas","GADM2","3.6","MX","Retail","0.35576057454027","18.54083720144096","-100.77635901882633","2026-01-12"
"MEX.16.79_1","San Lucas","GADM2","3.6","MX","All","0.4344703369577895","18.54083720144096","-100.77635901882633","2026-01-12"
"MEX.16.79_1","San Lucas","GADM2","3.6","MX","Lifestyle Services","0.18186214473907908","18.54083720144096","-100.77635901882633","2026-01-12"
"MEX.16.79_1","San Lucas","GADM2","3.6","MX","Grocery & Convenience Stores","0.2479757786822852","18.54083720144096","-100.77635901882633","2026-01-12"
"MEX.16.79_1","San Lucas","GADM2","3.6","MX","Professional Services","0.65408337779688","18.54083720144096","-100.77635901882633","2026-01-12"
"MEX.16.79_1","San Lucas","GADM2","3.6","MX","Home Services","0.4976498723427535","18.54083720144096","-100.77635901882633","2026-01-12"
"MEX.16.79_1","San Lucas","GADM2","3.6","MX","Business & Utility Services","0.7238105806161637","18.54083720144096","-100.77635901882633","2026-01-12"
"MEX.16.79_1","San Lucas","GADM2","3.6","MX","Restaurants","0.3118483419539995","18.54083720144096","-100.77635901882633","2026-01-12"
"MEX.30.87_1","Jesús Carranza","GADM2","3.6","MX","All","0.4704707364300661","17.517371064139386","-94.98344677639767","2026-01-12"
"MEX.30.87_1","Jesús Carranza","GADM2","3.6","MX","Retail","0.5828333064771566","17.517371064139386","-94.98344677639767","2026-01-12"
"MEX.30.87_1","Jesús Carranza","GADM2","3.6","MX","Home Services","0.4135015544094078","17.517371064139386","-94.98344677639767","2026-01-12"
"MEX.30.87_1","Jesús Carranza","GADM2","3.6","MX","Professional Services","0.2437097036116506","17.517371064139386","-94.98344677639767","2026-01-12"
"MEX.30.87_1","Jesús Carranza","GADM2","3.6","MX","Restaurants","0.6442470027174803","17.517371064139386","-94.98344677639767","2026-01-12"
"MEX.15.8_1","Amatepec","GADM2","3.6","MX","Retail","0.44310135835358494","18.65558636841758","-100.27207326376244","2026-01-12"
"MEX.15.8_1","Amatepec","GADM2","3.6","MX","All","0.41960621547995414","18.65558636841758","-100.27207326376244","2026-01-12"
"MEX.30.56_1","Cosoleacaque","GADM2","3.6","MX","","0.7287073946522051","17.97067458769505","-94.6148379469477","2026-01-12"
"MEX.30.56_1","Cosoleacaque","GADM2","3.6","MX","Business & Utility Services","0.6108062101264337","17.97067458769505","-94.6148379469477","2026-01-12"
"MEX.30.56_1","Cosoleacaque","GADM2","3.6","MX","Lifestyle Services","0.5183656864413156","17.97067458769505","-94.6148379469477","2026-01-12"
"MEX.30.56_1","Cosoleacaque","GADM2","3.6","MX","Restaurants","0.21643091207806558","17.97067458769505","-94.6148379469477","2026-01-12"
"MEX.30.56_1","Cosoleacaque","GADM2","3.6","MX","Public Good","0.5724522052391524","17.97067458769505","-94.6148379469477","2026-01-12"
"MEX.30.56_1","Cosoleacaque","GADM2","3.6","MX","Professional Services","0.40126655975182046","17.97067458769505","-94.6148379469477","2026-01-12"
"MEX.30.56_1","Cosoleacaque","GADM2","3.6","MX","Home Services","0.3982874113739635","17.97067458769505","-94.6148379469477","2026-01-12"
"MEX.30.56_1","Cosoleacaque","GADM2","3.6","MX","Retail","0.32355950487776397","17.97067458769505","-94.6148379469477","2026-01-12"
"MEX.30.56_1","Cosoleacaque","GADM2","3.6","MX","All","0.3264972604881703","17.97067458769505","-94.6148379469477","2026-01-12"
"MEX.30.56_1","Cosoleacaque","GADM2","3.6","MX","Grocery & Convenience Stores","0.24516457029552688","17.97067458769505","-94.6148379469477","2026-01-12"
"MEX.30.56_1","Cosoleacaque","GADM2","3.6","MX","Local Events","0.47478268785286243","17.97067458769505","-94.6148379469477","2026-01-12"
"MEX.22.2_1","Arroyo Seco","GADM2","3.6","MX","Restaurants","0.5750422626281007","21.38255283357054","-99.6516888175113","2026-01-12"
"MEX.22.2_1","Arroyo Seco","GADM2","3.6","MX","Travel","0.7069077160363259","21.38255283357054","-99.6516888175113","2026-01-12"
"MEX.22.2_1","Arroyo Seco","GADM2","3.6","MX","Retail","0.37514261459237125","21.38255283357054","-99.6516888175113","2026-01-12"
"MEX.22.2_1","Arroyo Seco","GADM2","3.6","MX","All","0.47396614441643103","21.38255283357054","-99.6516888175113","2026-01-12"
"MEX.21.140_1","San Salvador el Seco","GADM2","3.6","MX","All","0.6690671875047075","19.181946533401682","-97.51951541243407","2026-01-12"
"MEX.24.12_1","Ciudad del Maíz","GADM2","3.6","MX","Local Events","0.4114729435030428","22.434781770624014","-99.64036132045325","2026-01-12"
"MEX.24.12_1","Ciudad del Maíz","GADM2","3.6","MX","Travel","0.7114117610487659","22.434781770624014","-99.64036132045325","2026-01-12"
"MEX.24.12_1","Ciudad del Maíz","GADM2","3.6","MX","Home Services","0.3527120499909427","22.434781770624014","-99.64036132045325","2026-01-12"
"MEX.24.12_1","Ciudad del Maíz","GADM2","3.6","MX","Lifestyle Services","0.4435156897121831","22.434781770624014","-99.64036132045325","2026-01-12"
"MEX.24.12_1","Ciudad del Maíz","GADM2","3.6","MX","Restaurants","0.6300316272682321","22.434781770624014","-99.64036132045325","2026-01-12"
"MEX.24.12_1","Ciudad del Maíz","GADM2","3.6","MX","Retail","0.32579785593903793","22.434781770624014","-99.64036132045325","2026-01-12"
"MEX.24.12_1","Ciudad del Maíz","GADM2","3.6","MX","Professional Services","0.30780679589208015","22.434781770624014","-99.64036132045325","2026-01-12"
"MEX.24.12_1","Ciudad del Maíz","GADM2","3.6","MX","All","0.37652163642940367","22.434781770624014","-99.64036132045325","2026-01-12"
"MEX.13.48_1","Pisaflores","GADM2","3.6","MX","All","0.42547917488514936","21.24878551330381","-98.99568997252211","2026-01-12"
"MEX.16.113_1","Zitácuaro","GADM2","3.6","MX","Travel","0.47354868747017764","19.438693380831662","-100.32721936339361","2026-01-12"
"MEX.16.113_1","Zitácuaro","GADM2","3.6","MX","Home Services","0.48034066470812226","19.438693380831662","-100.32721936339361","2026-01-12"
"MEX.16.113_1","Zitácuaro","GADM2","3.6","MX","Public Good","0.3437406879012735","19.438693380831662","-100.32721936339361","2026-01-12"
"MEX.16.113_1","Zitácuaro","GADM2","3.6","MX","Manufacturing","0.37206674794988287","19.438693380831662","-100.32721936339361","2026-01-12"
"MEX.16.113_1","Zitácuaro","GADM2","3.6","MX","Retail","0.3069418068277413","19.438693380831662","-100.32721936339361","2026-01-12"
"MEX.16.113_1","Zitácuaro","GADM2","3.6","MX","Local Events","0.5309797796339655","19.438693380831662","-100.32721936339361","2026-01-12"
"MEX.16.113_1","Zitácuaro","GADM2","3.6","MX","Professional Services","0.3915957214870888","19.438693380831662","-100.32721936339361","2026-01-12"
"MEX.16.113_1","Zitácuaro","GADM2","3.6","MX","Grocery & Convenience Stores","0.33772139954084096","19.438693380831662","-100.32721936339361","2026-01-12"
"MEX.16.113_1","Zitácuaro","GADM2","3.6","MX","Lifestyle Services","0.522927725809371","19.438693380831662","-100.32721936339361","2026-01-12"
"MEX.16.113_1","Zitácuaro","GADM2","3.6","MX","","0.21317258989075347","19.438693380831662","-100.32721936339361","2026-01-12"
"MEX.16.113_1","Zitácuaro","GADM2","3.6","MX","Restaurants","0.3847006913027914","19.438693380831662","-100.32721936339361","2026-01-12"
"MEX.16.113_1","Zitácuaro","GADM2","3.6","MX","Business & Utility Services","0.15995119538071154","19.438693380831662","-100.32721936339361","2026-01-12"
"MEX.16.113_1","Zitácuaro","GADM2","3.6","MX","All","0.30631703572035424","19.438693380831662","-100.32721936339361","2026-01-12"
"MEX.32.38_1","Pinos","GADM2","3.6","MX","Public Good","0.26687244660033144","22.243326838656884","-101.5433953872805","2026-01-12"
"MEX.32.38_1","Pinos","GADM2","3.6","MX","Restaurants","0.5338944443936885","22.243326838656884","-101.5433953872805","2026-01-12"
"MEX.32.38_1","Pinos","GADM2","3.6","MX","Lifestyle Services","0.31497359800297947","22.243326838656884","-101.5433953872805","2026-01-12"
"MEX.32.38_1","Pinos","GADM2","3.6","MX","All","0.3943618164805888","22.243326838656884","-101.5433953872805","2026-01-12"
"MEX.32.38_1","Pinos","GADM2","3.6","MX","Home Services","0.4971019288685148","22.243326838656884","-101.5433953872805","2026-01-12"
"MEX.32.38_1","Pinos","GADM2","3.6","MX","Professional Services","0.6393608236669461","22.243326838656884","-101.5433953872805","2026-01-12"
"MEX.32.38_1","Pinos","GADM2","3.6","MX","Retail","0.3975466950253309","22.243326838656884","-101.5433953872805","2026-01-12"
"MEX.29.20_1","Nanacamilpa de Mariano Arista","GADM2","3.6","MX","Travel","0.2865520760181459","19.505804143144733","-98.48659338561453","2026-01-12"
"MEX.29.20_1","Nanacamilpa de Mariano Arista","GADM2","3.6","MX","Restaurants","0.4848758547933096","19.505804143144733","-98.48659338561453","2026-01-12"
"MEX.29.20_1","Nanacamilpa de Mariano Arista","GADM2","3.6","MX","Local Events","0.6546578554404826","19.505804143144733","-98.48659338561453","2026-01-12"
"MEX.29.20_1","Nanacamilpa de Mariano Arista","GADM2","3.6","MX","All","0.27094590427751475","19.505804143144733","-98.48659338561453","2026-01-12"
"MEX.29.20_1","Nanacamilpa de Mariano Arista","GADM2","3.6","MX","Lifestyle Services","0.3632138166467236","19.505804143144733","-98.48659338561453","2026-01-12"
"MEX.29.20_1","Nanacamilpa de Mariano Arista","GADM2","3.6","MX","Retail","0.23040663396055","19.505804143144733","-98.48659338561453","2026-01-12"
"MEX.13.34_1","La Misión","GADM2","3.6","MX","All","0.2768164643917082","21.094180460285823","-99.06458510746202","2026-01-12"
"MEX.21.182_1","Tlapanalá","GADM2","3.6","MX","All","0.33422415458050836","18.71996878721709","-98.45458757450932","2026-01-12"
"MEX.21.182_1","Tlapanalá","GADM2","3.6","MX","Restaurants","0.474909554585219","18.71996878721709","-98.45458757450932","2026-01-12"
"MEX.16.29_1","Cotija","GADM2","3.6","MX","Restaurants","0.37345901730041575","19.74455060808493","-102.72071980372836","2026-01-12"
"MEX.16.29_1","Cotija","GADM2","3.6","MX","Professional Services","0.48757416864213204","19.74455060808493","-102.72071980372836","2026-01-12"
"MEX.16.29_1","Cotija","GADM2","3.6","MX","All","0.43642917638133877","19.74455060808493","-102.72071980372836","2026-01-12"
"MEX.16.29_1","Cotija","GADM2","3.6","MX","Retail","0.41689840967766595","19.74455060808493","-102.72071980372836","2026-01-12"
"MEX.16.29_1","Cotija","GADM2","3.6","MX","Home Services","0.5917054941171822","19.74455060808493","-102.72071980372836","2026-01-12"
"MEX.1.1_1","Aguascalientes","GADM2","3.6","MX","Home Services","0.5491509982562088","21.832771608659222","-102.24203114789458","2026-01-12"
"MEX.1.1_1","Aguascalientes","GADM2","3.6","MX","Retail","0.4231384259162967","21.832771608659222","-102.24203114789458","2026-01-12"
"MEX.1.1_1","Aguascalientes","GADM2","3.6","MX","Restaurants","0.3245743808538664","21.832771608659222","-102.24203114789458","2026-01-12"
"MEX.1.1_1","Aguascalientes","GADM2","3.6","MX","Lifestyle Services","0.34778587353482554","21.832771608659222","-102.24203114789458","2026-01-12"
"MEX.1.1_1","Aguascalientes","GADM2","3.6","MX","Grocery & Convenience Stores","0.41986903592234576","21.832771608659222","-102.24203114789458","2026-01-12"
"MEX.1.1_1","Aguascalientes","GADM2","3.6","MX","Travel","0.5557227648921617","21.832771608659222","-102.24203114789458","2026-01-12"
"MEX.1.1_1","Aguascalientes","GADM2","3.6","MX","Professional Services","0.5440413415502615","21.832771608659222","-102.24203114789458","2026-01-12"
"MEX.1.1_1","Aguascalientes","GADM2","3.6","MX","Local Events","0.5596387921540548","21.832771608659222","-102.24203114789458","2026-01-12"
"MEX.1.1_1","Aguascalientes","GADM2","3.6","MX","Manufacturing","0.3782837713761148","21.832771608659222","-102.24203114789458","2026-01-12"
"MEX.1.1_1","Aguascalientes","GADM2","3.6","MX","Business & Utility Services","0.4990601541094198","21.832771608659222","-102.24203114789458","2026-01-12"
"MEX.1.1_1","Aguascalientes","GADM2","3.6","MX","All","0.4649691950511042","21.832771608659222","-102.24203114789458","2026-01-12"
"MEX.1.1_1","Aguascalientes","GADM2","3.6","MX","Public Good","0.2895245766378337","21.832771608659222","-102.24203114789458","2026-01-12"
"MEX.1.1_1","Aguascalientes","GADM2","3.6","MX","","0.3680749709583843","21.832771608659222","-102.24203114789458","2026-01-12"
"MEX.21.136_1","San Nicolás de los Ranchos","GADM2","3.6","MX","Lifestyle Services","0.35985959569934145","19.103826619396592","-98.48202917422789","2026-01-12"
"MEX.21.136_1","San Nicolás de los Ranchos","GADM2","3.6","MX","All","0.16432211895109075","19.103826619396592","-98.48202917422789","2026-01-12"
"MEX.21.136_1","San Nicolás de los Ranchos","GADM2","3.6","MX","Grocery & Convenience Stores","0.36896644777717935","19.103826619396592","-98.48202917422789","2026-01-12"
"MEX.21.136_1","San Nicolás de los Ranchos","GADM2","3.6","MX","Retail","0.1248754560504899","19.103826619396592","-98.48202917422789","2026-01-12"
"MEX.21.136_1","San Nicolás de los Ranchos","GADM2","3.6","MX","Restaurants","0.17359813997451543","19.103826619396592","-98.48202917422789","2026-01-12"
"MEX.21.136_1","San Nicolás de los Ranchos","GADM2","3.6","MX","Home Services","0.7293962669646429","19.103826619396592","-98.48202917422789","2026-01-12"
"MEX.21.136_1","San Nicolás de los Ranchos","GADM2","3.6","MX","Professional Services","0.3785594296361769","19.103826619396592","-98.48202917422789","2026-01-12"
"MEX.21.136_1","San Nicolás de los Ranchos","GADM2","3.6","MX","Public Good","0.2348492661022042","19.103826619396592","-98.48202917422789","2026-01-12"
"MEX.21.136_1","San Nicolás de los Ranchos","GADM2","3.6","MX","Business & Utility Services","0.33870437128298203","19.103826619396592","-98.48202917422789","2026-01-12"
"MEX.16.57_1","Morelia","GADM2","3.6","MX","Manufacturing","0.2985942641795781","19.649698233782733","-101.29155899868071","2026-01-12"
"MEX.16.57_1","Morelia","GADM2","3.6","MX","Lifestyle Services","0.32216207129051405","19.649698233782733","-101.29155899868071","2026-01-12"
"MEX.16.57_1","Morelia","GADM2","3.6","MX","Restaurants","0.2454740183368501","19.649698233782733","-101.29155899868071","2026-01-12"
"MEX.16.57_1","Morelia","GADM2","3.6","MX","Travel","0.5133647784082952","19.649698233782733","-101.29155899868071","2026-01-12"
"MEX.16.57_1","Morelia","GADM2","3.6","MX","Grocery & Convenience Stores","0.4502278292309977","19.649698233782733","-101.29155899868071","2026-01-12"
"MEX.16.57_1","Morelia","GADM2","3.6","MX","Home Services","0.46099344059002384","19.649698233782733","-101.29155899868071","2026-01-12"
"MEX.16.57_1","Morelia","GADM2","3.6","MX","Business & Utility Services","0.493060841613262","19.649698233782733","-101.29155899868071","2026-01-12"
"MEX.16.57_1","Morelia","GADM2","3.6","MX","","0.49689219732784523","19.649698233782733","-101.29155899868071","2026-01-12"
"MEX.16.57_1","Morelia","GADM2","3.6","MX","Retail","0.4571060331164224","19.649698233782733","-101.29155899868071","2026-01-12"
"MEX.16.57_1","Morelia","GADM2","3.6","MX","All","0.44271842118058735","19.649698233782733","-101.29155899868071","2026-01-12"
"MEX.16.57_1","Morelia","GADM2","3.6","MX","Local Events","0.5272536519787429","19.649698233782733","-101.29155899868071","2026-01-12"
"MEX.16.57_1","Morelia","GADM2","3.6","MX","Professional Services","0.49384330929465","19.649698233782733","-101.29155899868071","2026-01-12"
"MEX.16.57_1","Morelia","GADM2","3.6","MX","Public Good","0.33582086280385653","19.649698233782733","-101.29155899868071","2026-01-12"
"MEX.14.107_1","Tototlán","GADM2","3.6","MX","Home Services","0.6590950818486176","20.515343774269038","-102.78165367689262","2026-01-12"
"MEX.14.107_1","Tototlán","GADM2","3.6","MX","Professional Services","0.26328644803788853","20.515343774269038","-102.78165367689262","2026-01-12"
"MEX.14.107_1","Tototlán","GADM2","3.6","MX","All","0.4870190841794183","20.515343774269038","-102.78165367689262","2026-01-12"
"MEX.14.107_1","Tototlán","GADM2","3.6","MX","Lifestyle Services","0.4748230637343537","20.515343774269038","-102.78165367689262","2026-01-12"
"MEX.14.107_1","Tototlán","GADM2","3.6","MX","Restaurants","0.4429057959436013","20.515343774269038","-102.78165367689262","2026-01-12"
"MEX.14.107_1","Tototlán","GADM2","3.6","MX","Retail","0.546584304437285","20.515343774269038","-102.78165367689262","2026-01-12"
"MEX.14.107_1","Tototlán","GADM2","3.6","MX","Grocery & Convenience Stores","0.31519220660013586","20.515343774269038","-102.78165367689262","2026-01-12"
"MEX.30.35_1","Chalma","GADM2","3.6","MX","Professional Services","0.5373013237767275","21.235570636235547","-98.37043109256025","2026-01-12"
"MEX.30.35_1","Chalma","GADM2","3.6","MX","All","0.4485524972063188","21.235570636235547","-98.37043109256025","2026-01-12"
"MEX.30.35_1","Chalma","GADM2","3.6","MX","Retail","0.43573130254428377","21.235570636235547","-98.37043109256025","2026-01-12"
"MEX.16.1_1","Acuitzio","GADM2","3.6","MX","All","0.40849318309190213","19.464019794362926","-101.36403616878921","2026-01-12"
"MEX.16.1_1","Acuitzio","GADM2","3.6","MX","Retail","0.37635530174644394","19.464019794362926","-101.36403616878921","2026-01-12"
"MEX.16.1_1","Acuitzio","GADM2","3.6","MX","Restaurants","0.26273766448638286","19.464019794362926","-101.36403616878921","2026-01-12"
"MEX.30.67_1","Hidalgotitlán","GADM2","3.6","MX","All","0.43853240265616356","17.50222856966298","-94.66533624515054","2026-01-12"
"MEX.30.153_1","Tantima","GADM2","3.6","MX","Restaurants","0.3826996789567691","21.410327217842145","-97.75585154796309","2026-01-12"
"MEX.30.153_1","Tantima","GADM2","3.6","MX","Retail","0.43133195074736813","21.410327217842145","-97.75585154796309","2026-01-12"
"MEX.30.153_1","Tantima","GADM2","3.6","MX","All","0.47524430154505887","21.410327217842145","-97.75585154796309","2026-01-12"
"MEX.9.7_1","Gustavo A. Madero","GADM2","3.6","MX","Home Services","0.38430298990197087","19.4717243088252","-99.09050214802893","2026-01-12"
"MEX.9.7_1","Gustavo A. Madero","GADM2","3.6","MX","Travel","0.5016705558520711","19.4717243088252","-99.09050214802893","2026-01-12"
"MEX.9.7_1","Gustavo A. Madero","GADM2","3.6","MX","Business & Utility Services","0.4734419622016902","19.4717243088252","-99.09050214802893","2026-01-12"
"MEX.9.7_1","Gustavo A. Madero","GADM2","3.6","MX","Local Events","0.4673379196595648","19.4717243088252","-99.09050214802893","2026-01-12"
"MEX.9.7_1","Gustavo A. Madero","GADM2","3.6","MX","Restaurants","0.3108878558375906","19.4717243088252","-99.09050214802893","2026-01-12"
"MEX.9.7_1","Gustavo A. Madero","GADM2","3.6","MX","Grocery & Convenience Stores","0.3731743619132603","19.4717243088252","-99.09050214802893","2026-01-12"
"MEX.9.7_1","Gustavo A. Madero","GADM2","3.6","MX","Public Good","0.38300365170169276","19.4717243088252","-99.09050214802893","2026-01-12"
"MEX.9.7_1","Gustavo A. Madero","GADM2","3.6","MX","Manufacturing","0.41894062867793086","19.4717243088252","-99.09050214802893","2026-01-12"
"MEX.9.7_1","Gustavo A. Madero","GADM2","3.6","MX","All","0.4089855431418464","19.4717243088252","-99.09050214802893","2026-01-12"
"MEX.9.7_1","Gustavo A. Madero","GADM2","3.6","MX","Professional Services","0.5201114021266299","19.4717243088252","-99.09050214802893","2026-01-12"
"MEX.9.7_1","Gustavo A. Madero","GADM2","3.6","MX","","0.30339200803800903","19.4717243088252","-99.09050214802893","2026-01-12"
"MEX.9.7_1","Gustavo A. Madero","GADM2","3.6","MX","Retail","0.34992788408661857","19.4717243088252","-99.09050214802893","2026-01-12"
"MEX.9.7_1","Gustavo A. Madero","GADM2","3.6","MX","Lifestyle Services","0.356717236155151","19.4717243088252","-99.09050214802893","2026-01-12"
"MEX.21.73_1","Huehuetlán el Chico","GADM2","3.6","MX","Retail","0.418159106313612","18.365343752554644","-98.66550622470955","2026-01-12"
"MEX.21.73_1","Huehuetlán el Chico","GADM2","3.6","MX","All","0.7148598879114114","18.365343752554644","-98.66550622470955","2026-01-12"
"MEX.21.73_1","Huehuetlán el Chico","GADM2","3.6","MX","Restaurants","0.7514131223767484","18.365343752554644","-98.66550622470955","2026-01-12"
"MEX.16.81_1","Senguio","GADM2","3.6","MX","All","0.4130550544851767","19.739050921994433","-100.35037166978161","2026-01-12"
"MEX.24.37_1","Tamasopo","GADM2","3.6","MX","Home Services","0.2749359755330014","21.914163611602962","-99.3468005219622","2026-01-12"
"MEX.24.37_1","Tamasopo","GADM2","3.6","MX","Restaurants","0.37380032026105997","21.914163611602962","-99.3468005219622","2026-01-12"
"MEX.24.37_1","Tamasopo","GADM2","3.6","MX","Professional Services","0.4804055527701586","21.914163611602962","-99.3468005219622","2026-01-12"
"MEX.24.37_1","Tamasopo","GADM2","3.6","MX","All","0.2804993156798457","21.914163611602962","-99.3468005219622","2026-01-12"
"MEX.24.37_1","Tamasopo","GADM2","3.6","MX","Grocery & Convenience Stores","0.6110253889219626","21.914163611602962","-99.3468005219622","2026-01-12"
"MEX.24.37_1","Tamasopo","GADM2","3.6","MX","Lifestyle Services","0.5354508310155109","21.914163611602962","-99.3468005219622","2026-01-12"
"MEX.24.37_1","Tamasopo","GADM2","3.6","MX","Travel","0.18148361617610864","21.914163611602962","-99.3468005219622","2026-01-12"
"MEX.24.37_1","Tamasopo","GADM2","3.6","MX","Business & Utility Services","0.3822405148246923","21.914163611602962","-99.3468005219622","2026-01-12"
"MEX.24.37_1","Tamasopo","GADM2","3.6","MX","Retail","0.5881644867809037","21.914163611602962","-99.3468005219622","2026-01-12"
"MEX.9.1_1","Alvaro Obregón","GADM2","3.6","MX","All","0.38262039758488","19.280980066817268","-99.19713786517949","2026-01-12"
"MEX.9.1_1","Alvaro Obregón","GADM2","3.6","MX","Grocery & Convenience Stores","0.2354992597318819","19.280980066817268","-99.19713786517949","2026-01-12"
"MEX.9.1_1","Alvaro Obregón","GADM2","3.6","MX","Retail","0.3631882856016479","19.280980066817268","-99.19713786517949","2026-01-12"
"MEX.9.1_1","Alvaro Obregón","GADM2","3.6","MX","Lifestyle Services","0.39248502796618207","19.280980066817268","-99.19713786517949","2026-01-12"
"MEX.9.1_1","Alvaro Obregón","GADM2","3.6","MX","Travel","0.4421673252313069","19.280980066817268","-99.19713786517949","2026-01-12"
"MEX.9.1_1","Alvaro Obregón","GADM2","3.6","MX","Home Services","0.44395481118025903","19.280980066817268","-99.19713786517949","2026-01-12"
"MEX.9.1_1","Alvaro Obregón","GADM2","3.6","MX","Restaurants","0.17373183453061025","19.280980066817268","-99.19713786517949","2026-01-12"
"MEX.9.1_1","Alvaro Obregón","GADM2","3.6","MX","Local Events","0.360636585145251","19.280980066817268","-99.19713786517949","2026-01-12"
"MEX.9.1_1","Alvaro Obregón","GADM2","3.6","MX","Professional Services","0.4459278428175861","19.280980066817268","-99.19713786517949","2026-01-12"
"MEX.9.1_1","Alvaro Obregón","GADM2","3.6","MX","Manufacturing","0.3370331716849832","19.280980066817268","-99.19713786517949","2026-01-12"
"MEX.9.1_1","Alvaro Obregón","GADM2","3.6","MX","","0.22816815509717672","19.280980066817268","-99.19713786517949","2026-01-12"
"MEX.9.1_1","Alvaro Obregón","GADM2","3.6","MX","Business & Utility Services","0.42052293072382885","19.280980066817268","-99.19713786517949","2026-01-12"
"MEX.9.1_1","Alvaro Obregón","GADM2","3.6","MX","Public Good","0.25459367414097406","19.280980066817268","-99.19713786517949","2026-01-12"
"MEX.1.9_1","Tepezalá","GADM2","3.6","MX","All","0.2003554840019071","22.204405503392","-102.18323266450317","2026-01-12"
"MEX.1.9_1","Tepezalá","GADM2","3.6","MX","Retail","0.35655740800414853","22.204405503392","-102.18323266450317","2026-01-12"
"MEX.21.101_1","Nealtican","GADM2","3.6","MX","Business & Utility Services","0.2677404589962582","19.078083768897077","-98.35645594695723","2026-01-12"
"MEX.21.101_1","Nealtican","GADM2","3.6","MX","All","0.33928313266463117","19.078083768897077","-98.35645594695723","2026-01-12"
"MEX.21.101_1","Nealtican","GADM2","3.6","MX","Home Services","0.5789515010418457","19.078083768897077","-98.35645594695723","2026-01-12"
"MEX.21.101_1","Nealtican","GADM2","3.6","MX","Professional Services","0.30926467651989864","19.078083768897077","-98.35645594695723","2026-01-12"
"MEX.21.101_1","Nealtican","GADM2","3.6","MX","Retail","0.6397703587453824","19.078083768897077","-98.35645594695723","2026-01-12"
"MEX.22.8_1","Huimilpan","GADM2","3.6","MX","Professional Services","0.4115553340992567","20.41130126863505","-100.33732677474039","2026-01-12"
"MEX.22.8_1","Huimilpan","GADM2","3.6","MX","All","0.33760933962115885","20.41130126863505","-100.33732677474039","2026-01-12"
"MEX.22.8_1","Huimilpan","GADM2","3.6","MX","Retail","0.26210064803459526","20.41130126863505","-100.33732677474039","2026-01-12"
"MEX.22.8_1","Huimilpan","GADM2","3.6","MX","Restaurants","0.5840238325627368","20.41130126863505","-100.33732677474039","2026-01-12"
"MEX.22.8_1","Huimilpan","GADM2","3.6","MX","Local Events","0.565752527829508","20.41130126863505","-100.33732677474039","2026-01-12"
"MEX.22.8_1","Huimilpan","GADM2","3.6","MX","Home Services","0.4262869064373968","20.41130126863505","-100.33732677474039","2026-01-12"
"MEX.22.8_1","Huimilpan","GADM2","3.6","MX","Lifestyle Services","0.643887138655637","20.41130126863505","-100.33732677474039","2026-01-12"
"MEX.22.8_1","Huimilpan","GADM2","3.6","MX","Public Good","0.5797733825558321","20.41130126863505","-100.33732677474039","2026-01-12"
"MEX.16.25_1","Coeneo","GADM2","3.6","MX","All","0.377829253446839","19.790908574931176","-101.63783877438001","2026-01-12"
"MEX.16.25_1","Coeneo","GADM2","3.6","MX","Retail","0.3056556951492534","19.790908574931176","-101.63783877438001","2026-01-12"
"MEX.30.113_1","Naolinco","GADM2","3.6","MX","All","0.6458667936317097","19.655613855178924","-96.79520129831933","2026-01-12"
"MEX.30.134_1","Puente Nacional","GADM2","3.6","MX","Professional Services","0.5224855688024534","19.30467879667321","-96.50124845352475","2026-01-12"
"MEX.30.134_1","Puente Nacional","GADM2","3.6","MX","Lifestyle Services","0.33303488089395133","19.30467879667321","-96.50124845352475","2026-01-12"
"MEX.30.134_1","Puente Nacional","GADM2","3.6","MX","Restaurants","0.6616786879395846","19.30467879667321","-96.50124845352475","2026-01-12"
"MEX.30.134_1","Puente Nacional","GADM2","3.6","MX","Home Services","0.3323332122853989","19.30467879667321","-96.50124845352475","2026-01-12"
"MEX.30.134_1","Puente Nacional","GADM2","3.6","MX","Business & Utility Services","0.5413412165059721","19.30467879667321","-96.50124845352475","2026-01-12"
"MEX.30.134_1","Puente Nacional","GADM2","3.6","MX","Retail","0.18732851364274786","19.30467879667321","-96.50124845352475","2026-01-12"
"MEX.30.134_1","Puente Nacional","GADM2","3.6","MX","Grocery & Convenience Stores","0.16214128777081302","19.30467879667321","-96.50124845352475","2026-01-12"
"MEX.30.134_1","Puente Nacional","GADM2","3.6","MX","All","0.308124368462732","19.30467879667321","-96.50124845352475","2026-01-12"
"MEX.30.134_1","Puente Nacional","GADM2","3.6","MX","Public Good","0.3286881452718182","19.30467879667321","-96.50124845352475","2026-01-12"
"MEX.24.24_1","Rayón","GADM2","3.6","MX","All","0.32988420399672863","21.831933026001945","-99.62452475238858","2026-01-12"
"MEX.24.24_1","Rayón","GADM2","3.6","MX","Retail","0.3719311916233964","21.831933026001945","-99.62452475238858","2026-01-12"
"MEX.24.24_1","Rayón","GADM2","3.6","MX","Restaurants","0.41621787266395366","21.831933026001945","-99.62452475238858","2026-01-12"
"MEX.28.38_1","Tampico","GADM2","3.6","MX","Travel","0.5155048904484447","22.246861801980337","-97.88052212592855","2026-01-12"
"MEX.28.38_1","Tampico","GADM2","3.6","MX","Local Events","0.4953008798839028","22.246861801980337","-97.88052212592855","2026-01-12"
"MEX.28.38_1","Tampico","GADM2","3.6","MX","Business & Utility Services","0.5683181905931377","22.246861801980337","-97.88052212592855","2026-01-12"
"MEX.28.38_1","Tampico","GADM2","3.6","MX","Professional Services","0.4560545466574682","22.246861801980337","-97.88052212592855","2026-01-12"
"MEX.28.38_1","Tampico","GADM2","3.6","MX","Retail","0.3667672093569885","22.246861801980337","-97.88052212592855","2026-01-12"
"MEX.28.38_1","Tampico","GADM2","3.6","MX","Public Good","0.29231465137135265","22.246861801980337","-97.88052212592855","2026-01-12"
"MEX.28.38_1","Tampico","GADM2","3.6","MX","Lifestyle Services","0.2651529275623554","22.246861801980337","-97.88052212592855","2026-01-12"
"MEX.28.38_1","Tampico","GADM2","3.6","MX","Manufacturing","0.3146415442595951","22.246861801980337","-97.88052212592855","2026-01-12"
"MEX.28.38_1","Tampico","GADM2","3.6","MX","","0.2151828225926182","22.246861801980337","-97.88052212592855","2026-01-12"
"MEX.28.38_1","Tampico","GADM2","3.6","MX","All","0.3665581191138849","22.246861801980337","-97.88052212592855","2026-01-12"
"MEX.28.38_1","Tampico","GADM2","3.6","MX","Home Services","0.3911798401919164","22.246861801980337","-97.88052212592855","2026-01-12"
"MEX.28.38_1","Tampico","GADM2","3.6","MX","Restaurants","0.26901260057667203","22.246861801980337","-97.88052212592855","2026-01-12"
"MEX.28.38_1","Tampico","GADM2","3.6","MX","Grocery & Convenience Stores","0.411453884685007","22.246861801980337","-97.88052212592855","2026-01-12"
"MEX.1.4_1","Cosío","GADM2","3.6","MX","Retail","0.5216021533536938","22.315574804486747","-102.31398402257516","2026-01-12"
"MEX.1.4_1","Cosío","GADM2","3.6","MX","All","0.3729543107196676","22.315574804486747","-102.31398402257516","2026-01-12"
"MEX.1.4_1","Cosío","GADM2","3.6","MX","Lifestyle Services","0.30889799185550515","22.315574804486747","-102.31398402257516","2026-01-12"
"MEX.1.4_1","Cosío","GADM2","3.6","MX","Restaurants","0.37485376957860644","22.315574804486747","-102.31398402257516","2026-01-12"
"MEX.21.153_1","Tehuacán","GADM2","3.6","MX","Retail","0.32903025766960575","18.495336516636474","-97.33001625827953","2026-01-12"
"MEX.21.153_1","Tehuacán","GADM2","3.6","MX","Travel","0.6196005086936502","18.495336516636474","-97.33001625827953","2026-01-12"
"MEX.21.153_1","Tehuacán","GADM2","3.6","MX","Home Services","0.58223397612317","18.495336516636474","-97.33001625827953","2026-01-12"
"MEX.21.153_1","Tehuacán","GADM2","3.6","MX","Professional Services","0.5100735172363994","18.495336516636474","-97.33001625827953","2026-01-12"
"MEX.21.153_1","Tehuacán","GADM2","3.6","MX","Business & Utility Services","0.5291905035757878","18.495336516636474","-97.33001625827953","2026-01-12"
"MEX.21.153_1","Tehuacán","GADM2","3.6","MX","Local Events","0.3105209214552211","18.495336516636474","-97.33001625827953","2026-01-12"
"MEX.21.153_1","Tehuacán","GADM2","3.6","MX","Restaurants","0.26785960217894267","18.495336516636474","-97.33001625827953","2026-01-12"
"MEX.21.153_1","Tehuacán","GADM2","3.6","MX","All","0.3962491544098286","18.495336516636474","-97.33001625827953","2026-01-12"
"MEX.21.153_1","Tehuacán","GADM2","3.6","MX","Lifestyle Services","0.4112518844948229","18.495336516636474","-97.33001625827953","2026-01-12"
"MEX.21.153_1","Tehuacán","GADM2","3.6","MX","Public Good","0.3937170813942414","18.495336516636474","-97.33001625827953","2026-01-12"
"MEX.21.153_1","Tehuacán","GADM2","3.6","MX","","0.419427037718551","18.495336516636474","-97.33001625827953","2026-01-12"
"MEX.21.153_1","Tehuacán","GADM2","3.6","MX","Grocery & Convenience Stores","0.3714590058314226","18.495336516636474","-97.33001625827953","2026-01-12"
"MEX.21.153_1","Tehuacán","GADM2","3.6","MX","Manufacturing","0.47654438545274586","18.495336516636474","-97.33001625827953","2026-01-12"
"MEX.30.165_1","Tepetzintla","GADM2","3.6","MX","Retail","0.6232642252879944","21.150121856783652","-97.84351822271918","2026-01-12"
"MEX.30.165_1","Tepetzintla","GADM2","3.6","MX","All","0.8157077692619285","21.150121856783652","-97.84351822271918","2026-01-12"
"MEX.30.34_1","Chacaltianguis","GADM2","3.6","MX","All","0.5639380797706356","18.275237145196837","-95.81259149776446","2026-01-12"
"MEX.11.4_1","Apaseo el Alto","GADM2","3.6","MX","Home Services","0.5357504017755502","20.414497619845086","-100.56854451545603","2026-01-12"
"MEX.11.4_1","Apaseo el Alto","GADM2","3.6","MX","Professional Services","0.21943748496959836","20.414497619845086","-100.56854451545603","2026-01-12"
"MEX.11.4_1","Apaseo el Alto","GADM2","3.6","MX","Lifestyle Services","0.09915955733987425","20.414497619845086","-100.56854451545603","2026-01-12"
"MEX.11.4_1","Apaseo el Alto","GADM2","3.6","MX","Grocery & Convenience Stores","0.5015828767216491","20.414497619845086","-100.56854451545603","2026-01-12"
"MEX.11.4_1","Apaseo el Alto","GADM2","3.6","MX","Retail","0.35914932382727754","20.414497619845086","-100.56854451545603","2026-01-12"
"MEX.11.4_1","Apaseo el Alto","GADM2","3.6","MX","Business & Utility Services","0.4381440739303046","20.414497619845086","-100.56854451545603","2026-01-12"
"MEX.11.4_1","Apaseo el Alto","GADM2","3.6","MX","Local Events","0.21756660735561537","20.414497619845086","-100.56854451545603","2026-01-12"
"MEX.11.4_1","Apaseo el Alto","GADM2","3.6","MX","Public Good","0.37715309196036034","20.414497619845086","-100.56854451545603","2026-01-12"
"MEX.11.4_1","Apaseo el Alto","GADM2","3.6","MX","Restaurants","0.31388656209463267","20.414497619845086","-100.56854451545603","2026-01-12"
"MEX.11.4_1","Apaseo el Alto","GADM2","3.6","MX","All","0.20322197032252381","20.414497619845086","-100.56854451545603","2026-01-12"
"MEX.21.172_1","Tianguismanalco","GADM2","3.6","MX","Business & Utility Services","0.5964880354204479","19.003475502363095","-98.39356658514082","2026-01-12"
"MEX.21.172_1","Tianguismanalco","GADM2","3.6","MX","Lifestyle Services","0.592430452345667","19.003475502363095","-98.39356658514082","2026-01-12"
"MEX.21.172_1","Tianguismanalco","GADM2","3.6","MX","Home Services","0.6016253463030861","19.003475502363095","-98.39356658514082","2026-01-12"
"MEX.21.172_1","Tianguismanalco","GADM2","3.6","MX","Restaurants","0.6764365695768335","19.003475502363095","-98.39356658514082","2026-01-12"
"MEX.21.172_1","Tianguismanalco","GADM2","3.6","MX","All","0.7568942627319465","19.003475502363095","-98.39356658514082","2026-01-12"
"MEX.21.172_1","Tianguismanalco","GADM2","3.6","MX","Retail","0.6326882962678418","19.003475502363095","-98.39356658514082","2026-01-12"
"MEX.21.172_1","Tianguismanalco","GADM2","3.6","MX","Grocery & Convenience Stores","0.633244200593638","19.003475502363095","-98.39356658514082","2026-01-12"
"MEX.21.172_1","Tianguismanalco","GADM2","3.6","MX","Professional Services","0.4935636116267735","19.003475502363095","-98.39356658514082","2026-01-12"
"MEX.21.172_1","Tianguismanalco","GADM2","3.6","MX","Public Good","0.2806897634060029","19.003475502363095","-98.39356658514082","2026-01-12"
"MEX.20.17_1","Dist. Pochutla","GADM2","3.6","MX","All","0.39375913808159424","15.92043295546666","-96.59161633674026","2026-01-12"
"MEX.20.17_1","Dist. Pochutla","GADM2","3.6","MX","Grocery & Convenience Stores","0.2816021612997555","15.92043295546666","-96.59161633674026","2026-01-12"
"MEX.20.17_1","Dist. Pochutla","GADM2","3.6","MX","Restaurants","0.38316497961197526","15.92043295546666","-96.59161633674026","2026-01-12"
"MEX.20.17_1","Dist. Pochutla","GADM2","3.6","MX","Business & Utility Services","0.5871285910760626","15.92043295546666","-96.59161633674026","2026-01-12"
"MEX.20.17_1","Dist. Pochutla","GADM2","3.6","MX","Retail","0.33823367600191423","15.92043295546666","-96.59161633674026","2026-01-12"
"MEX.20.17_1","Dist. Pochutla","GADM2","3.6","MX","Manufacturing","0.669701844114196","15.92043295546666","-96.59161633674026","2026-01-12"
"MEX.20.17_1","Dist. Pochutla","GADM2","3.6","MX","Local Events","0.6466925732193506","15.92043295546666","-96.59161633674026","2026-01-12"
"MEX.20.17_1","Dist. Pochutla","GADM2","3.6","MX","Public Good","0.4581437718340319","15.92043295546666","-96.59161633674026","2026-01-12"
"MEX.20.17_1","Dist. Pochutla","GADM2","3.6","MX","Home Services","0.6211434859283168","15.92043295546666","-96.59161633674026","2026-01-12"
"MEX.20.17_1","Dist. Pochutla","GADM2","3.6","MX","","0.4378061264939862","15.92043295546666","-96.59161633674026","2026-01-12"
"MEX.20.17_1","Dist. Pochutla","GADM2","3.6","MX","Professional Services","0.45900432592763696","15.92043295546666","-96.59161633674026","2026-01-12"
"MEX.20.17_1","Dist. Pochutla","GADM2","3.6","MX","Lifestyle Services","0.2348480169474359","15.92043295546666","-96.59161633674026","2026-01-12"
"MEX.20.17_1","Dist. Pochutla","GADM2","3.6","MX","Travel","0.34473020076580274","15.92043295546666","-96.59161633674026","2026-01-12"
"MEX.14.49_1","Jalostotitlán","GADM2","3.6","MX","Lifestyle Services","0.28169429924803746","21.143249523778508","-102.54050497978405","2026-01-12"
"MEX.14.49_1","Jalostotitlán","GADM2","3.6","MX","Professional Services","0.31654795492957627","21.143249523778508","-102.54050497978405","2026-01-12"
"MEX.14.49_1","Jalostotitlán","GADM2","3.6","MX","All","0.36172954199873236","21.143249523778508","-102.54050497978405","2026-01-12"
"MEX.14.49_1","Jalostotitlán","GADM2","3.6","MX","Retail","0.36892548058118596","21.143249523778508","-102.54050497978405","2026-01-12"
"MEX.14.49_1","Jalostotitlán","GADM2","3.6","MX","Grocery & Convenience Stores","0.7197410208784617","21.143249523778508","-102.54050497978405","2026-01-12"
"MEX.14.49_1","Jalostotitlán","GADM2","3.6","MX","Restaurants","0.41791792967476465","21.143249523778508","-102.54050497978405","2026-01-12"
"MEX.14.49_1","Jalostotitlán","GADM2","3.6","MX","Business & Utility Services","0.6763065351239254","21.143249523778508","-102.54050497978405","2026-01-12"
"MEX.14.49_1","Jalostotitlán","GADM2","3.6","MX","Home Services","0.33890107641802125","21.143249523778508","-102.54050497978405","2026-01-12"
"MEX.20.10_1","Dist. Juchitan","GADM2","3.6","MX","Travel","0.23043795578130766","16.775798967213387","-94.64717401162552","2026-01-12"
"MEX.20.10_1","Dist. Juchitan","GADM2","3.6","MX","Professional Services","0.4453720913293073","16.775798967213387","-94.64717401162552","2026-01-12"
"MEX.22.1_1","Amealco de Bonfin","GADM2","3.6","MX","Lifestyle Services","0.07027629452389193","20.194696079459618","-100.13535284611832","2026-01-12"
"MEX.22.1_1","Amealco de Bonfin","GADM2","3.6","MX","Home Services","0.48490479261712593","20.194696079459618","-100.13535284611832","2026-01-12"
"MEX.22.1_1","Amealco de Bonfin","GADM2","3.6","MX","Business & Utility Services","0.6945660732015234","20.194696079459618","-100.13535284611832","2026-01-12"
"MEX.22.1_1","Amealco de Bonfin","GADM2","3.6","MX","Restaurants","0.20082898920076953","20.194696079459618","-100.13535284611832","2026-01-12"
"MEX.22.1_1","Amealco de Bonfin","GADM2","3.6","MX","Local Events","0.4349704957741651","20.194696079459618","-100.13535284611832","2026-01-12"
"MEX.22.1_1","Amealco de Bonfin","GADM2","3.6","MX","All","0.1356350922337597","20.194696079459618","-100.13535284611832","2026-01-12"
"MEX.22.1_1","Amealco de Bonfin","GADM2","3.6","MX","Travel","0.32903560351023714","20.194696079459618","-100.13535284611832","2026-01-12"
"MEX.22.1_1","Amealco de Bonfin","GADM2","3.6","MX","Retail","0.1961434411886587","20.194696079459618","-100.13535284611832","2026-01-12"
"MEX.22.1_1","Amealco de Bonfin","GADM2","3.6","MX","Grocery & Convenience Stores","0.3701480897139073","20.194696079459618","-100.13535284611832","2026-01-12"
"MEX.22.1_1","Amealco de Bonfin","GADM2","3.6","MX","Professional Services","0.5003653579604781","20.194696079459618","-100.13535284611832","2026-01-12"
"MEX.16.73_1","Purépero","GADM2","3.6","MX","Business & Utility Services","0.4078580313754771","19.90494764163039","-102.00703187496791","2026-01-12"
"MEX.16.73_1","Purépero","GADM2","3.6","MX","Restaurants","0.595728494107487","19.90494764163039","-102.00703187496791","2026-01-12"
"MEX.16.73_1","Purépero","GADM2","3.6","MX","Grocery & Convenience Stores","0.4760791907724495","19.90494764163039","-102.00703187496791","2026-01-12"
"MEX.16.73_1","Purépero","GADM2","3.6","MX","Home Services","0.3106996876035117","19.90494764163039","-102.00703187496791","2026-01-12"
"MEX.16.73_1","Purépero","GADM2","3.6","MX","Professional Services","0.5529642739334014","19.90494764163039","-102.00703187496791","2026-01-12"
"MEX.16.73_1","Purépero","GADM2","3.6","MX","Retail","0.5506860610324568","19.90494764163039","-102.00703187496791","2026-01-12"
"MEX.16.73_1","Purépero","GADM2","3.6","MX","All","0.44466137175253867","19.90494764163039","-102.00703187496791","2026-01-12"
"MEX.16.73_1","Purépero","GADM2","3.6","MX","Lifestyle Services","0.27957761247634966","19.90494764163039","-102.00703187496791","2026-01-12"
"MEX.30.75_1","Ixcatepec","GADM2","3.6","MX","All","0.3928412798886229","21.24780663170117","-98.005760480613","2026-01-12"
"MEX.1.3_1","Calvillo","GADM2","3.6","MX","All","0.39551136769561906","21.85266974230896","-102.72380438728861","2026-01-12"
"MEX.1.3_1","Calvillo","GADM2","3.6","MX","Travel","0.3405766702792538","21.85266974230896","-102.72380438728861","2026-01-12"
"MEX.1.3_1","Calvillo","GADM2","3.6","MX","Home Services","0.8015686437254609","21.85266974230896","-102.72380438728861","2026-01-12"
"MEX.1.3_1","Calvillo","GADM2","3.6","MX","Restaurants","0.37826636140324954","21.85266974230896","-102.72380438728861","2026-01-12"
"MEX.1.3_1","Calvillo","GADM2","3.6","MX","Professional Services","0.4510532205394259","21.85266974230896","-102.72380438728861","2026-01-12"
"MEX.1.3_1","Calvillo","GADM2","3.6","MX","Lifestyle Services","0.479088501687212","21.85266974230896","-102.72380438728861","2026-01-12"
"MEX.1.3_1","Calvillo","GADM2","3.6","MX","Public Good","0.3958846558980785","21.85266974230896","-102.72380438728861","2026-01-12"
"MEX.1.3_1","Calvillo","GADM2","3.6","MX","Business & Utility Services","0.30136576202732324","21.85266974230896","-102.72380438728861","2026-01-12"
"MEX.1.3_1","Calvillo","GADM2","3.6","MX","Local Events","0.5202723570490322","21.85266974230896","-102.72380438728861","2026-01-12"
"MEX.1.3_1","Calvillo","GADM2","3.6","MX","Retail","0.2772317063437116","21.85266974230896","-102.72380438728861","2026-01-12"
"MEX.1.3_1","Calvillo","GADM2","3.6","MX","Grocery & Convenience Stores","0.5199078523245233","21.85266974230896","-102.72380438728861","2026-01-12"
"MEX.16.102_1","Uruapan","GADM2","3.6","MX","Local Events","0.5991199843350012","19.420816979111503","-102.09172471998353","2026-01-12"
"MEX.16.102_1","Uruapan","GADM2","3.6","MX","Business & Utility Services","0.3946838743087961","19.420816979111503","-102.09172471998353","2026-01-12"
"MEX.16.102_1","Uruapan","GADM2","3.6","MX","Grocery & Convenience Stores","0.4502922869943498","19.420816979111503","-102.09172471998353","2026-01-12"
"MEX.16.102_1","Uruapan","GADM2","3.6","MX","Professional Services","0.5607728827509036","19.420816979111503","-102.09172471998353","2026-01-12"
"MEX.16.102_1","Uruapan","GADM2","3.6","MX","Public Good","0.2855578271666292","19.420816979111503","-102.09172471998353","2026-01-12"
"MEX.16.102_1","Uruapan","GADM2","3.6","MX","All","0.44967481576563223","19.420816979111503","-102.09172471998353","2026-01-12"
"MEX.16.102_1","Uruapan","GADM2","3.6","MX","Retail","0.3661666545227408","19.420816979111503","-102.09172471998353","2026-01-12"
"MEX.16.102_1","Uruapan","GADM2","3.6","MX","","0.5311391583125639","19.420816979111503","-102.09172471998353","2026-01-12"
"MEX.16.102_1","Uruapan","GADM2","3.6","MX","Home Services","0.4529574338950416","19.420816979111503","-102.09172471998353","2026-01-12"
"MEX.16.102_1","Uruapan","GADM2","3.6","MX","Restaurants","0.3708052067380131","19.420816979111503","-102.09172471998353","2026-01-12"
"MEX.16.102_1","Uruapan","GADM2","3.6","MX","Lifestyle Services","0.39630468851571626","19.420816979111503","-102.09172471998353","2026-01-12"
"MEX.16.102_1","Uruapan","GADM2","3.6","MX","Travel","0.5101148083016314","19.420816979111503","-102.09172471998353","2026-01-12"
"MEX.16.102_1","Uruapan","GADM2","3.6","MX","Manufacturing","0.493776276531435","19.420816979111503","-102.09172471998353","2026-01-12"
"MEX.20.10_1","Dist. Juchitan","GADM2","3.6","MX","Home Services","0.7084011840708808","16.775798967213387","-94.64717401162552","2026-01-12"
"MEX.20.10_1","Dist. Juchitan","GADM2","3.6","MX","Business & Utility Services","0.3421808694768084","16.775798967213387","-94.64717401162552","2026-01-12"
"MEX.20.10_1","Dist. Juchitan","GADM2","3.6","MX","Restaurants","0.5098186511699271","16.775798967213387","-94.64717401162552","2026-01-12"
"MEX.20.10_1","Dist. Juchitan","GADM2","3.6","MX","Retail","0.39830379597825155","16.775798967213387","-94.64717401162552","2026-01-12"
"MEX.21.146_1","Santa Isabel Cholula","GADM2","3.6","MX","Local Events","0.3808571699023471","18.993796987222428","-98.30471755473432","2026-01-12"
"MEX.21.146_1","Santa Isabel Cholula","GADM2","3.6","MX","Restaurants","0.5391501331363566","18.993796987222428","-98.30471755473432","2026-01-12"
"MEX.21.146_1","Santa Isabel Cholula","GADM2","3.6","MX","All","0.43535990589728696","18.993796987222428","-98.30471755473432","2026-01-12"
"MEX.21.146_1","Santa Isabel Cholula","GADM2","3.6","MX","Lifestyle Services","0.33925891226555066","18.993796987222428","-98.30471755473432","2026-01-12"
"MEX.21.146_1","Santa Isabel Cholula","GADM2","3.6","MX","Business & Utility Services","0.40910212327461204","18.993796987222428","-98.30471755473432","2026-01-12"
"MEX.21.146_1","Santa Isabel Cholula","GADM2","3.6","MX","Grocery & Convenience Stores","0.36003544896641443","18.993796987222428","-98.30471755473432","2026-01-12"
"MEX.21.146_1","Santa Isabel Cholula","GADM2","3.6","MX","Home Services","0.6451767893993018","18.993796987222428","-98.30471755473432","2026-01-12"
"MEX.21.146_1","Santa Isabel Cholula","GADM2","3.6","MX","Public Good","0.31373212298932085","18.993796987222428","-98.30471755473432","2026-01-12"
"MEX.21.146_1","Santa Isabel Cholula","GADM2","3.6","MX","Manufacturing","0.420044589697254","18.993796987222428","-98.30471755473432","2026-01-12"
"MEX.21.146_1","Santa Isabel Cholula","GADM2","3.6","MX","Retail","0.39477498599036637","18.993796987222428","-98.30471755473432","2026-01-12"
"MEX.21.146_1","Santa Isabel Cholula","GADM2","3.6","MX","Professional Services","0.4401232015639493","18.993796987222428","-98.30471755473432","2026-01-12"
"MEX.13.15_1","Chapantongo","GADM2","3.6","MX","Retail","0.473456441489959","20.26195558048295","-99.45630648477342","2026-01-12"
"MEX.13.15_1","Chapantongo","GADM2","3.6","MX","All","0.2897610219036895","20.26195558048295","-99.45630648477342","2026-01-12"
"MEX.20.10_1","Dist. Juchitan","GADM2","3.6","MX","Grocery & Convenience Stores","0.6721088667334225","16.775798967213387","-94.64717401162552","2026-01-12"
"MEX.20.10_1","Dist. Juchitan","GADM2","3.6","MX","Lifestyle Services","0.4595089433809533","16.775798967213387","-94.64717401162552","2026-01-12"
"MEX.20.10_1","Dist. Juchitan","GADM2","3.6","MX","Manufacturing","0.4589289150357793","16.775798967213387","-94.64717401162552","2026-01-12"
"MEX.20.10_1","Dist. Juchitan","GADM2","3.6","MX","All","0.4557152392996178","16.775798967213387","-94.64717401162552","2026-01-12"
"MEX.20.10_1","Dist. Juchitan","GADM2","3.6","MX","Public Good","0.2944643376684821","16.775798967213387","-94.64717401162552","2026-01-12"
"MEX.20.10_1","Dist. Juchitan","GADM2","3.6","MX","Local Events","0.46548502881751147","16.775798967213387","-94.64717401162552","2026-01-12"
"MEX.20.10_1","Dist. Juchitan","GADM2","3.6","MX","","0.17863169673372634","16.775798967213387","-94.64717401162552","2026-01-12"
"MEX.12.41_1","La Union","GADM2","3.6","MX","Restaurants","0.5387179184483298","18.024301753978026","-101.87142513257409","2026-01-12"
"MEX.12.41_1","La Union","GADM2","3.6","MX","Travel","0.27587405873919485","18.024301753978026","-101.87142513257409","2026-01-12"
"MEX.12.41_1","La Union","GADM2","3.6","MX","Professional Services","0.47105027796742477","18.024301753978026","-101.87142513257409","2026-01-12"
"MEX.12.41_1","La Union","GADM2","3.6","MX","All","0.42101627509913436","18.024301753978026","-101.87142513257409","2026-01-12"
"MEX.12.41_1","La Union","GADM2","3.6","MX","Retail","0.4938365306118638","18.024301753978026","-101.87142513257409","2026-01-12"
"MEX.16.52_1","Lázaro Cárdenas","GADM2","3.6","MX","Local Events","0.3434966475600662","18.08764426236609","-102.39206641182331","2026-01-12"
"MEX.16.52_1","Lázaro Cárdenas","GADM2","3.6","MX","Grocery & Convenience Stores","0.5758469527256912","18.08764426236609","-102.39206641182331","2026-01-12"
"MEX.16.52_1","Lázaro Cárdenas","GADM2","3.6","MX","Public Good","0.44293824459869535","18.08764426236609","-102.39206641182331","2026-01-12"
"MEX.16.52_1","Lázaro Cárdenas","GADM2","3.6","MX","Business & Utility Services","0.6008128529620779","18.08764426236609","-102.39206641182331","2026-01-12"
"MEX.16.52_1","Lázaro Cárdenas","GADM2","3.6","MX","Restaurants","0.3238720160319432","18.08764426236609","-102.39206641182331","2026-01-12"
"MEX.16.52_1","Lázaro Cárdenas","GADM2","3.6","MX","Professional Services","0.5553622337441367","18.08764426236609","-102.39206641182331","2026-01-12"
"MEX.16.52_1","Lázaro Cárdenas","GADM2","3.6","MX","Travel","0.546782941988868","18.08764426236609","-102.39206641182331","2026-01-12"
"MEX.16.52_1","Lázaro Cárdenas","GADM2","3.6","MX","Manufacturing","0.5767143787146688","18.08764426236609","-102.39206641182331","2026-01-12"
"MEX.16.52_1","Lázaro Cárdenas","GADM2","3.6","MX","","0.32659967639795023","18.08764426236609","-102.39206641182331","2026-01-12"
"MEX.16.52_1","Lázaro Cárdenas","GADM2","3.6","MX","Retail","0.3855556715462702","18.08764426236609","-102.39206641182331","2026-01-12"
"MEX.16.52_1","Lázaro Cárdenas","GADM2","3.6","MX","Home Services","0.5192012255407918","18.08764426236609","-102.39206641182331","2026-01-12"
"MEX.16.52_1","Lázaro Cárdenas","GADM2","3.6","MX","Lifestyle Services","0.44307183126084565","18.08764426236609","-102.39206641182331","2026-01-12"
"MEX.16.52_1","Lázaro Cárdenas","GADM2","3.6","MX","All","0.4568154869139195","18.08764426236609","-102.39206641182331","2026-01-12"
"MEX.16.3_1","Álvaro Obregón","GADM2","3.6","MX","Restaurants","0.39328952148818636","19.85847561359537","-101.04046212656398","2026-01-12"
"MEX.16.3_1","Álvaro Obregón","GADM2","3.6","MX","Professional Services","0.4780071369472369","19.85847561359537","-101.04046212656398","2026-01-12"
"MEX.16.3_1","Álvaro Obregón","GADM2","3.6","MX","All","0.43730332742595995","19.85847561359537","-101.04046212656398","2026-01-12"
"MEX.16.3_1","Álvaro Obregón","GADM2","3.6","MX","Retail","0.447630504816027","19.85847561359537","-101.04046212656398","2026-01-12"
"MEX.16.3_1","Álvaro Obregón","GADM2","3.6","MX","Home Services","0.6517909081124316","19.85847561359537","-101.04046212656398","2026-01-12"
"MEX.12.70_1","Xalpatláhuac","GADM2","3.6","MX","All","0.3905522187041415","17.48027760819079","-98.47411699538263","2026-01-12"
"MEX.13.22_1","Epazoyucan","GADM2","3.6","MX","Retail","0.4540232478856594","20.01461520117063","-98.593344535237","2026-01-12"
"MEX.13.22_1","Epazoyucan","GADM2","3.6","MX","Restaurants","0.557346520083642","20.01461520117063","-98.593344535237","2026-01-12"
"MEX.13.22_1","Epazoyucan","GADM2","3.6","MX","All","0.5646554359826867","20.01461520117063","-98.593344535237","2026-01-12"
"MEX.9.11_1","Miguel Hidalgo","GADM2","3.6","MX","Local Events","0.45775141048215345","19.382105542013292","-99.17091733490716","2026-01-12"
"MEX.9.11_1","Miguel Hidalgo","GADM2","3.6","MX","Manufacturing","0.3680114458990273","19.382105542013292","-99.17091733490716","2026-01-12"
"MEX.9.11_1","Miguel Hidalgo","GADM2","3.6","MX","Business & Utility Services","0.42963218534658504","19.382105542013292","-99.17091733490716","2026-01-12"
"MEX.13.61_1","Tepeapulco","GADM2","3.6","MX","All","0.22955615973886326","19.79872114366682","-98.46953120475118","2026-01-12"
"MEX.17.14_1","Mazatepec","GADM2","3.6","MX","All","0.4248872078537496","18.680697842334723","-99.31468882565652","2026-01-12"
"MEX.17.14_1","Mazatepec","GADM2","3.6","MX","Retail","0.3944066912352359","18.680697842334723","-99.31468882565652","2026-01-12"
"MEX.30.169_1","Texistepec","GADM2","3.6","MX","All","0.422298229556672","17.835067227101007","-94.84506570598525","2026-01-12"
"MEX.30.169_1","Texistepec","GADM2","3.6","MX","Retail","0.5175321512703176","17.835067227101007","-94.84506570598525","2026-01-12"
"MEX.20.20_1","Dist. Sola de Vega","GADM2","3.6","MX","Retail","0.4437633438900742","16.69005221959298","-97.31913045049667","2026-01-12"
"MEX.20.20_1","Dist. Sola de Vega","GADM2","3.6","MX","All","0.10803889990020975","16.69005221959298","-97.31913045049667","2026-01-12"
"MEX.16.43_1","Jacona","GADM2","3.6","MX","Professional Services","0.5875606136681569","19.926657911603986","-102.31383817527879","2026-01-12"
"MEX.16.43_1","Jacona","GADM2","3.6","MX","Business & Utility Services","0.643441673809693","19.926657911603986","-102.31383817527879","2026-01-12"
"MEX.16.43_1","Jacona","GADM2","3.6","MX","Home Services","0.40766726671844167","19.926657911603986","-102.31383817527879","2026-01-12"
"MEX.16.43_1","Jacona","GADM2","3.6","MX","All","0.46093185130314335","19.926657911603986","-102.31383817527879","2026-01-12"
"MEX.16.43_1","Jacona","GADM2","3.6","MX","Restaurants","0.3894466622824791","19.926657911603986","-102.31383817527879","2026-01-12"
"MEX.16.43_1","Jacona","GADM2","3.6","MX","Retail","0.46771409753616494","19.926657911603986","-102.31383817527879","2026-01-12"
"MEX.16.43_1","Jacona","GADM2","3.6","MX","Grocery & Convenience Stores","0.23420932249030477","19.926657911603986","-102.31383817527879","2026-01-12"
"MEX.16.43_1","Jacona","GADM2","3.6","MX","Public Good","0.5145859395707809","19.926657911603986","-102.31383817527879","2026-01-12"
"MEX.16.43_1","Jacona","GADM2","3.6","MX","Lifestyle Services","0.48976849567025177","19.926657911603986","-102.31383817527879","2026-01-12"
"MEX.20.6_1","Dist. Etla","GADM2","3.6","MX","Business & Utility Services","0.4194889274450378","17.40192707321985","-96.86548864811354","2026-01-12"
"MEX.20.6_1","Dist. Etla","GADM2","3.6","MX","Lifestyle Services","0.5036408642331665","17.40192707321985","-96.86548864811354","2026-01-12"
"MEX.20.6_1","Dist. Etla","GADM2","3.6","MX","Local Events","0.3961383736188148","17.40192707321985","-96.86548864811354","2026-01-12"
"MEX.20.6_1","Dist. Etla","GADM2","3.6","MX","Manufacturing","0.414451019534119","17.40192707321985","-96.86548864811354","2026-01-12"
"MEX.20.6_1","Dist. Etla","GADM2","3.6","MX","Home Services","0.6650359420966634","17.40192707321985","-96.86548864811354","2026-01-12"
"MEX.20.6_1","Dist. Etla","GADM2","3.6","MX","All","0.27936977502265953","17.40192707321985","-96.86548864811354","2026-01-12"
"MEX.20.6_1","Dist. Etla","GADM2","3.6","MX","Restaurants","0.30174591974420145","17.40192707321985","-96.86548864811354","2026-01-12"
"MEX.20.6_1","Dist. Etla","GADM2","3.6","MX","Professional Services","0.2816318520112314","17.40192707321985","-96.86548864811354","2026-01-12"
"MEX.20.6_1","Dist. Etla","GADM2","3.6","MX","Public Good","0.3953082650480235","17.40192707321985","-96.86548864811354","2026-01-12"
"MEX.20.6_1","Dist. Etla","GADM2","3.6","MX","Grocery & Convenience Stores","0.5332305102594547","17.40192707321985","-96.86548864811354","2026-01-12"
"MEX.20.6_1","Dist. Etla","GADM2","3.6","MX","Retail","0.26632111657517205","17.40192707321985","-96.86548864811354","2026-01-12"
"MEX.30.80_1","Ixhuatlancillo","GADM2","3.6","MX","All","0.6113566198490326","18.913039010528166","-97.0977846021098","2026-01-12"
"MEX.30.80_1","Ixhuatlancillo","GADM2","3.6","MX","Restaurants","0.2324617717337191","18.913039010528166","-97.0977846021098","2026-01-12"
"MEX.30.80_1","Ixhuatlancillo","GADM2","3.6","MX","Public Good","0.5253385539217911","18.913039010528166","-97.0977846021098","2026-01-12"
"MEX.30.80_1","Ixhuatlancillo","GADM2","3.6","MX","Retail","0.7111455470154879","18.913039010528166","-97.0977846021098","2026-01-12"
"MEX.30.80_1","Ixhuatlancillo","GADM2","3.6","MX","Professional Services","0.43151518113560916","18.913039010528166","-97.0977846021098","2026-01-12"
"MEX.30.80_1","Ixhuatlancillo","GADM2","3.6","MX","Home Services","0.656272517084149","18.913039010528166","-97.0977846021098","2026-01-12"
"MEX.30.80_1","Ixhuatlancillo","GADM2","3.6","MX","Lifestyle Services","0.5011115121479857","18.913039010528166","-97.0977846021098","2026-01-12"
"MEX.30.80_1","Ixhuatlancillo","GADM2","3.6","MX","Business & Utility Services","0.4709569756748491","18.913039010528166","-97.0977846021098","2026-01-12"
"MEX.16.68_1","Paracho","GADM2","3.6","MX","Restaurants","0.4133175611123724","19.64000513061622","-102.08880106054542","2026-01-12"
"MEX.16.68_1","Paracho","GADM2","3.6","MX","Professional Services","0.385330365878933","19.64000513061622","-102.08880106054542","2026-01-12"
"MEX.16.68_1","Paracho","GADM2","3.6","MX","Public Good","0.43760799966664404","19.64000513061622","-102.08880106054542","2026-01-12"
"MEX.16.68_1","Paracho","GADM2","3.6","MX","Retail","0.19694403619699882","19.64000513061622","-102.08880106054542","2026-01-12"
"MEX.16.68_1","Paracho","GADM2","3.6","MX","Lifestyle Services","0.5576054774203584","19.64000513061622","-102.08880106054542","2026-01-12"
"MEX.16.68_1","Paracho","GADM2","3.6","MX","Home Services","0.36179498505760666","19.64000513061622","-102.08880106054542","2026-01-12"
"MEX.16.68_1","Paracho","GADM2","3.6","MX","All","0.29915250047919756","19.64000513061622","-102.08880106054542","2026-01-12"
"MEX.16.68_1","Paracho","GADM2","3.6","MX","Grocery & Convenience Stores","0.7619976445838826","19.64000513061622","-102.08880106054542","2026-01-12"
"MEX.16.68_1","Paracho","GADM2","3.6","MX","Travel","0.5353186166243735","19.64000513061622","-102.08880106054542","2026-01-12"
"MEX.20.26_1","Dist. Tuxtepec","GADM2","3.6","MX","","0.4718704660385429","18.074725325456757","-96.28400015160682","2026-01-12"
"MEX.20.26_1","Dist. Tuxtepec","GADM2","3.6","MX","Grocery & Convenience Stores","0.2560840810172079","18.074725325456757","-96.28400015160682","2026-01-12"
"MEX.20.26_1","Dist. Tuxtepec","GADM2","3.6","MX","Travel","0.3109849822163839","18.074725325456757","-96.28400015160682","2026-01-12"
"MEX.20.26_1","Dist. Tuxtepec","GADM2","3.6","MX","Home Services","0.6328293661901176","18.074725325456757","-96.28400015160682","2026-01-12"
"MEX.20.26_1","Dist. Tuxtepec","GADM2","3.6","MX","Retail","0.3176459478954468","18.074725325456757","-96.28400015160682","2026-01-12"
"MEX.20.26_1","Dist. Tuxtepec","GADM2","3.6","MX","Public Good","0.24230244605956042","18.074725325456757","-96.28400015160682","2026-01-12"
"MEX.20.26_1","Dist. Tuxtepec","GADM2","3.6","MX","All","0.3861441188473367","18.074725325456757","-96.28400015160682","2026-01-12"
"MEX.20.26_1","Dist. Tuxtepec","GADM2","3.6","MX","Lifestyle Services","0.41188492779262326","18.074725325456757","-96.28400015160682","2026-01-12"
"MEX.20.26_1","Dist. Tuxtepec","GADM2","3.6","MX","Manufacturing","0.26924433876020826","18.074725325456757","-96.28400015160682","2026-01-12"
"MEX.20.26_1","Dist. Tuxtepec","GADM2","3.6","MX","Business & Utility Services","0.43310149265665254","18.074725325456757","-96.28400015160682","2026-01-12"
"MEX.20.26_1","Dist. Tuxtepec","GADM2","3.6","MX","Professional Services","0.4033053277612692","18.074725325456757","-96.28400015160682","2026-01-12"
"MEX.20.26_1","Dist. Tuxtepec","GADM2","3.6","MX","Local Events","0.7782796796175914","18.074725325456757","-96.28400015160682","2026-01-12"
"MEX.20.26_1","Dist. Tuxtepec","GADM2","3.6","MX","Restaurants","0.5028008562111753","18.074725325456757","-96.28400015160682","2026-01-12"
"MEX.17.13_1","Jonacatepec","GADM2","3.6","MX","Professional Services","0.6309467071515368","18.667268569078814","-98.73802324283521","2026-01-12"
"MEX.17.13_1","Jonacatepec","GADM2","3.6","MX","Retail","0.35426439055832226","18.667268569078814","-98.73802324283521","2026-01-12"
"MEX.17.13_1","Jonacatepec","GADM2","3.6","MX","All","0.6680949330844772","18.667268569078814","-98.73802324283521","2026-01-12"
"MEX.17.13_1","Jonacatepec","GADM2","3.6","MX","Restaurants","0.4683584218695439","18.667268569078814","-98.73802324283521","2026-01-12"
"MEX.12.61_1","Tepecoacuilco de Trujano","GADM2","3.6","MX","Professional Services","0.11874300851612214","18.101784297927203","-99.4106761845352","2026-01-12"
"MEX.12.61_1","Tepecoacuilco de Trujano","GADM2","3.6","MX","Restaurants","0.32289982957241675","18.101784297927203","-99.4106761845352","2026-01-12"
"MEX.12.61_1","Tepecoacuilco de Trujano","GADM2","3.6","MX","Retail","0.693052809832696","18.101784297927203","-99.4106761845352","2026-01-12"
"MEX.12.61_1","Tepecoacuilco de Trujano","GADM2","3.6","MX","All","0.36643705197074894","18.101784297927203","-99.4106761845352","2026-01-12"
"MEX.12.61_1","Tepecoacuilco de Trujano","GADM2","3.6","MX","Home Services","0.4651999238997635","18.101784297927203","-99.4106761845352","2026-01-12"
"MEX.12.61_1","Tepecoacuilco de Trujano","GADM2","3.6","MX","Grocery & Convenience Stores","0.47393830222747735","18.101784297927203","-99.4106761845352","2026-01-12"
"MEX.21.15_1","Amozoc","GADM2","3.6","MX","Retail","0.4847887525767228","19.10523123032882","-97.97231909544192","2026-01-12"
"MEX.21.15_1","Amozoc","GADM2","3.6","MX","Professional Services","0.7889110160107815","19.10523123032882","-97.97231909544192","2026-01-12"
"MEX.21.15_1","Amozoc","GADM2","3.6","MX","All","0.7858677464108743","19.10523123032882","-97.97231909544192","2026-01-12"
"MEX.21.15_1","Amozoc","GADM2","3.6","MX","Lifestyle Services","0.4089516963095612","19.10523123032882","-97.97231909544192","2026-01-12"
"MEX.21.15_1","Amozoc","GADM2","3.6","MX","Grocery & Convenience Stores","0.8059007049485774","19.10523123032882","-97.97231909544192","2026-01-12"
"MEX.21.15_1","Amozoc","GADM2","3.6","MX","Public Good","0.4681754690773925","19.10523123032882","-97.97231909544192","2026-01-12"
"MEX.21.15_1","Amozoc","GADM2","3.6","MX","Restaurants","0.6846122837069446","19.10523123032882","-97.97231909544192","2026-01-12"
"MEX.17.12_1","Jojutla","GADM2","3.6","MX","Retail","0.294574183324445","18.58801870113633","-99.14230197470008","2026-01-12"
"MEX.17.12_1","Jojutla","GADM2","3.6","MX","Manufacturing","0.4612002411311304","18.58801870113633","-99.14230197470008","2026-01-12"
"MEX.17.12_1","Jojutla","GADM2","3.6","MX","Lifestyle Services","0.4018731938396293","18.58801870113633","-99.14230197470008","2026-01-12"
"MEX.17.12_1","Jojutla","GADM2","3.6","MX","Restaurants","0.528506672687104","18.58801870113633","-99.14230197470008","2026-01-12"
"MEX.17.12_1","Jojutla","GADM2","3.6","MX","Local Events","0.6615188289497352","18.58801870113633","-99.14230197470008","2026-01-12"
"MEX.17.12_1","Jojutla","GADM2","3.6","MX","Home Services","0.45980797296030484","18.58801870113633","-99.14230197470008","2026-01-12"
"MEX.17.12_1","Jojutla","GADM2","3.6","MX","Travel","0.4985375263252404","18.58801870113633","-99.14230197470008","2026-01-12"
"MEX.17.12_1","Jojutla","GADM2","3.6","MX","Grocery & Convenience Stores","0.2600795831576261","18.58801870113633","-99.14230197470008","2026-01-12"
"MEX.17.12_1","Jojutla","GADM2","3.6","MX","All","0.4030419611036779","18.58801870113633","-99.14230197470008","2026-01-12"
"MEX.17.12_1","Jojutla","GADM2","3.6","MX","Business & Utility Services","0.42388074956645283","18.58801870113633","-99.14230197470008","2026-01-12"
"MEX.17.12_1","Jojutla","GADM2","3.6","MX","Public Good","0.4025146682830825","18.58801870113633","-99.14230197470008","2026-01-12"
"MEX.17.12_1","Jojutla","GADM2","3.6","MX","Professional Services","0.43397285240063727","18.58801870113633","-99.14230197470008","2026-01-12"
"MEX.21.3_1","Acatlán","GADM2","3.6","MX","All","0.5191531945699261","18.26287044145226","-97.92346597574637","2026-01-12"
"MEX.16.84_1","Tangamandapio","GADM2","3.6","MX","Lifestyle Services","0.2160770536263265","19.8796621889827","-102.45939529677744","2026-01-12"
"MEX.16.84_1","Tangamandapio","GADM2","3.6","MX","Retail","0.3575999339949682","19.8796621889827","-102.45939529677744","2026-01-12"
"MEX.16.84_1","Tangamandapio","GADM2","3.6","MX","Home Services","0.3629853138245137","19.8796621889827","-102.45939529677744","2026-01-12"
"MEX.16.84_1","Tangamandapio","GADM2","3.6","MX","Restaurants","0.5783404985903463","19.8796621889827","-102.45939529677744","2026-01-12"
"MEX.16.84_1","Tangamandapio","GADM2","3.6","MX","Professional Services","0.37067425719823255","19.8796621889827","-102.45939529677744","2026-01-12"
"MEX.16.84_1","Tangamandapio","GADM2","3.6","MX","All","0.25998101576340404","19.8796621889827","-102.45939529677744","2026-01-12"
"MEX.11.27_1","Salamanca","GADM2","3.6","MX","Travel","0.4126009228950048","20.63882238299528","-101.17202819068143","2026-01-12"
"MEX.11.27_1","Salamanca","GADM2","3.6","MX","Lifestyle Services","0.3358154802543321","20.63882238299528","-101.17202819068143","2026-01-12"
"MEX.11.27_1","Salamanca","GADM2","3.6","MX","","0.4145892264547542","20.63882238299528","-101.17202819068143","2026-01-12"
"MEX.11.27_1","Salamanca","GADM2","3.6","MX","Local Events","0.6589658218123684","20.63882238299528","-101.17202819068143","2026-01-12"
"MEX.11.27_1","Salamanca","GADM2","3.6","MX","Professional Services","0.4773273408697783","20.63882238299528","-101.17202819068143","2026-01-12"
"MEX.11.27_1","Salamanca","GADM2","3.6","MX","Home Services","0.5786346626487173","20.63882238299528","-101.17202819068143","2026-01-12"
"MEX.11.27_1","Salamanca","GADM2","3.6","MX","All","0.4177702941035369","20.63882238299528","-101.17202819068143","2026-01-12"
"MEX.11.27_1","Salamanca","GADM2","3.6","MX","Restaurants","0.3443565038329771","20.63882238299528","-101.17202819068143","2026-01-12"
"MEX.11.27_1","Salamanca","GADM2","3.6","MX","Retail","0.30678587985077926","20.63882238299528","-101.17202819068143","2026-01-12"
"MEX.11.27_1","Salamanca","GADM2","3.6","MX","Business & Utility Services","0.5822768537740107","20.63882238299528","-101.17202819068143","2026-01-12"
"MEX.11.27_1","Salamanca","GADM2","3.6","MX","Grocery & Convenience Stores","0.5408170965481828","20.63882238299528","-101.17202819068143","2026-01-12"
"MEX.11.27_1","Salamanca","GADM2","3.6","MX","Manufacturing","0.3018341599928786","20.63882238299528","-101.17202819068143","2026-01-12"
"MEX.11.27_1","Salamanca","GADM2","3.6","MX","Public Good","0.22349742801384456","20.63882238299528","-101.17202819068143","2026-01-12"
"MEX.28.2_1","Aldama","GADM2","3.6","MX","Retail","0.290584556520893","23.007616261016146","-98.04034924376671","2026-01-12"
"MEX.28.2_1","Aldama","GADM2","3.6","MX","All","0.51128473992369","23.007616261016146","-98.04034924376671","2026-01-12"
"MEX.28.2_1","Aldama","GADM2","3.6","MX","Local Events","0.5752478788921903","23.007616261016146","-98.04034924376671","2026-01-12"
"MEX.17.19_1","Temoac","GADM2","3.6","MX","Retail","0.5756191550115775","18.765966215822584","-98.72976633628045","2026-01-12"
"MEX.17.19_1","Temoac","GADM2","3.6","MX","All","0.568357766570532","18.765966215822584","-98.72976633628045","2026-01-12"
"MEX.21.169_1","Tetela de Ocampo","GADM2","3.6","MX","Retail","0.571343824634058","19.8139849549088","-97.71748776525769","2026-01-12"
"MEX.21.169_1","Tetela de Ocampo","GADM2","3.6","MX","All","0.4656550083420962","19.8139849549088","-97.71748776525769","2026-01-12"
"MEX.21.169_1","Tetela de Ocampo","GADM2","3.6","MX","Professional Services","0.4089597891306032","19.8139849549088","-97.71748776525769","2026-01-12"
"MEX.21.169_1","Tetela de Ocampo","GADM2","3.6","MX","Restaurants","0.3909597727009548","19.8139849549088","-97.71748776525769","2026-01-12"
"MEX.30.44_1","Citlaltépetl","GADM2","3.6","MX","All","0.10792378414269994","21.357373216942175","-97.90169415683921","2026-01-12"
"MEX.30.44_1","Citlaltépetl","GADM2","3.6","MX","Retail","0.21868445607715944","21.357373216942175","-97.90169415683921","2026-01-12"
"MEX.21.86_1","Izúcar de Matamoros","GADM2","3.6","MX","Public Good","0.6850782928336381","18.550700047937198","-98.32168257882662","2026-01-12"
"MEX.21.86_1","Izúcar de Matamoros","GADM2","3.6","MX","All","0.49511160784309777","18.550700047937198","-98.32168257882662","2026-01-12"
"MEX.22.17_1","Tequisquiapan","GADM2","3.6","MX","Travel","0.38516371927490445","20.55998787574455","-99.95112563338097","2026-01-12"
"MEX.22.17_1","Tequisquiapan","GADM2","3.6","MX","Home Services","0.43041337148182546","20.55998787574455","-99.95112563338097","2026-01-12"
"MEX.22.17_1","Tequisquiapan","GADM2","3.6","MX","Manufacturing","0.4343515939021816","20.55998787574455","-99.95112563338097","2026-01-12"
"MEX.22.17_1","Tequisquiapan","GADM2","3.6","MX","Restaurants","0.15183148543262473","20.55998787574455","-99.95112563338097","2026-01-12"
"MEX.22.17_1","Tequisquiapan","GADM2","3.6","MX","Lifestyle Services","0.37725750147316","20.55998787574455","-99.95112563338097","2026-01-12"
"MEX.22.17_1","Tequisquiapan","GADM2","3.6","MX","Local Events","0.16258195711313306","20.55998787574455","-99.95112563338097","2026-01-12"
"MEX.22.17_1","Tequisquiapan","GADM2","3.6","MX","Retail","0.5675405879530995","20.55998787574455","-99.95112563338097","2026-01-12"
"MEX.22.17_1","Tequisquiapan","GADM2","3.6","MX","Professional Services","0.4876277838873676","20.55998787574455","-99.95112563338097","2026-01-12"
"MEX.22.17_1","Tequisquiapan","GADM2","3.6","MX","All","0.3330948792355907","20.55998787574455","-99.95112563338097","2026-01-12"
"MEX.22.17_1","Tequisquiapan","GADM2","3.6","MX","","0.444810677944142","20.55998787574455","-99.95112563338097","2026-01-12"
"MEX.22.17_1","Tequisquiapan","GADM2","3.6","MX","Public Good","0.3778288257354854","20.55998787574455","-99.95112563338097","2026-01-12"
"MEX.22.17_1","Tequisquiapan","GADM2","3.6","MX","Grocery & Convenience Stores","0.506014855997007","20.55998787574455","-99.95112563338097","2026-01-12"
"MEX.22.17_1","Tequisquiapan","GADM2","3.6","MX","Business & Utility Services","0.24869740378001334","20.55998787574455","-99.95112563338097","2026-01-12"
"MEX.16.83_1","Tacámbaro","GADM2","3.6","MX","Public Good","0.4645719883412032","19.29309555648681","-101.90153281259776","2026-01-12"
"MEX.16.83_1","Tacámbaro","GADM2","3.6","MX","Local Events","0.2584526268269964","19.29309555648681","-101.90153281259776","2026-01-12"
"MEX.16.83_1","Tacámbaro","GADM2","3.6","MX","","0.4311465781412031","19.29309555648681","-101.90153281259776","2026-01-12"
"MEX.16.83_1","Tacámbaro","GADM2","3.6","MX","All","0.2457582729569156","19.29309555648681","-101.90153281259776","2026-01-12"
"MEX.16.83_1","Tacámbaro","GADM2","3.6","MX","Travel","0.42284826047418367","19.29309555648681","-101.90153281259776","2026-01-12"
"MEX.16.83_1","Tacámbaro","GADM2","3.6","MX","Restaurants","0.1415051392795426","19.29309555648681","-101.90153281259776","2026-01-12"
"MEX.16.83_1","Tacámbaro","GADM2","3.6","MX","Home Services","0.12105704715534374","19.29309555648681","-101.90153281259776","2026-01-12"
"MEX.16.83_1","Tacámbaro","GADM2","3.6","MX","Business & Utility Services","0.5659489532712595","19.29309555648681","-101.90153281259776","2026-01-12"
"MEX.16.83_1","Tacámbaro","GADM2","3.6","MX","Grocery & Convenience Stores","0.37967543202393234","19.29309555648681","-101.90153281259776","2026-01-12"
"MEX.16.83_1","Tacámbaro","GADM2","3.6","MX","Lifestyle Services","0.24354654573796267","19.29309555648681","-101.90153281259776","2026-01-12"
"MEX.16.83_1","Tacámbaro","GADM2","3.6","MX","Retail","0.3648074193910843","19.29309555648681","-101.90153281259776","2026-01-12"
"MEX.16.83_1","Tacámbaro","GADM2","3.6","MX","Professional Services","0.45436409611538736","19.29309555648681","-101.90153281259776","2026-01-12"
"MEX.21.206_1","Zapotitlán","GADM2","3.6","MX","All","0.40419696785204223","18.33590680780295","-97.42330024393583","2026-01-12"
"MEX.21.206_1","Zapotitlán","GADM2","3.6","MX","Local Events","0.44020238738964024","18.33590680780295","-97.42330024393583","2026-01-12"
"MEX.21.206_1","Zapotitlán","GADM2","3.6","MX","Retail","0.3665086018427254","18.33590680780295","-97.42330024393583","2026-01-12"
"MEX.21.206_1","Zapotitlán","GADM2","3.6","MX","Home Services","0.5101520345431595","18.33590680780295","-97.42330024393583","2026-01-12"
"MEX.21.206_1","Zapotitlán","GADM2","3.6","MX","Travel","0.7783805603587594","18.33590680780295","-97.42330024393583","2026-01-12"
"MEX.21.206_1","Zapotitlán","GADM2","3.6","MX","Business & Utility Services","0.44726826705327","18.33590680780295","-97.42330024393583","2026-01-12"
"MEX.21.206_1","Zapotitlán","GADM2","3.6","MX","","0.49183167946241296","18.33590680780295","-97.42330024393583","2026-01-12"
"MEX.21.206_1","Zapotitlán","GADM2","3.6","MX","Manufacturing","0.5099335331980278","18.33590680780295","-97.42330024393583","2026-01-12"
"MEX.21.206_1","Zapotitlán","GADM2","3.6","MX","Public Good","0.41483075616960285","18.33590680780295","-97.42330024393583","2026-01-12"
"MEX.21.206_1","Zapotitlán","GADM2","3.6","MX","Restaurants","0.3096573917489935","18.33590680780295","-97.42330024393583","2026-01-12"
"MEX.21.206_1","Zapotitlán","GADM2","3.6","MX","Lifestyle Services","0.42740263802116246","18.33590680780295","-97.42330024393583","2026-01-12"
"MEX.21.206_1","Zapotitlán","GADM2","3.6","MX","Professional Services","0.44674159655690826","18.33590680780295","-97.42330024393583","2026-01-12"
"MEX.21.206_1","Zapotitlán","GADM2","3.6","MX","Grocery & Convenience Stores","0.3825208290891661","18.33590680780295","-97.42330024393583","2026-01-12"
"MEX.21.105_1","Ocoyucan","GADM2","3.6","MX","Local Events","0.45597172146046777","18.969518161579845","-98.24312522395017","2026-01-12"
"MEX.21.105_1","Ocoyucan","GADM2","3.6","MX","Home Services","0.44096406681182115","18.969518161579845","-98.24312522395017","2026-01-12"
"MEX.21.105_1","Ocoyucan","GADM2","3.6","MX","Restaurants","0.39353189616850814","18.969518161579845","-98.24312522395017","2026-01-12"
"MEX.21.105_1","Ocoyucan","GADM2","3.6","MX","Business & Utility Services","0.32231508579901746","18.969518161579845","-98.24312522395017","2026-01-12"
"MEX.21.105_1","Ocoyucan","GADM2","3.6","MX","","0.44949799796289025","18.969518161579845","-98.24312522395017","2026-01-12"
"MEX.21.105_1","Ocoyucan","GADM2","3.6","MX","Lifestyle Services","0.3867395706661388","18.969518161579845","-98.24312522395017","2026-01-12"
"MEX.21.105_1","Ocoyucan","GADM2","3.6","MX","Retail","0.4754369304474468","18.969518161579845","-98.24312522395017","2026-01-12"
"MEX.21.105_1","Ocoyucan","GADM2","3.6","MX","Travel","0.6329078612616562","18.969518161579845","-98.24312522395017","2026-01-12"
"MEX.21.105_1","Ocoyucan","GADM2","3.6","MX","Public Good","0.305069556995701","18.969518161579845","-98.24312522395017","2026-01-12"
"MEX.21.105_1","Ocoyucan","GADM2","3.6","MX","Manufacturing","0.39119519216276716","18.969518161579845","-98.24312522395017","2026-01-12"
"MEX.21.105_1","Ocoyucan","GADM2","3.6","MX","Grocery & Convenience Stores","0.488106855859992","18.969518161579845","-98.24312522395017","2026-01-12"
"MEX.21.105_1","Ocoyucan","GADM2","3.6","MX","Professional Services","0.4802524021879445","18.969518161579845","-98.24312522395017","2026-01-12"
"MEX.21.105_1","Ocoyucan","GADM2","3.6","MX","All","0.43885970240141375","18.969518161579845","-98.24312522395017","2026-01-12"
"MEX.15.109_1","Tultepec","GADM2","3.6","MX","Public Good","0.28806520865155616","19.62712640485591","-99.07925601038764","2026-01-12"
"MEX.15.109_1","Tultepec","GADM2","3.6","MX","Manufacturing","0.31939904372197453","19.62712640485591","-99.07925601038764","2026-01-12"
"MEX.15.109_1","Tultepec","GADM2","3.6","MX","All","0.4086597367602162","19.62712640485591","-99.07925601038764","2026-01-12"
"MEX.15.109_1","Tultepec","GADM2","3.6","MX","Retail","0.37997284545983384","19.62712640485591","-99.07925601038764","2026-01-12"
"MEX.15.109_1","Tultepec","GADM2","3.6","MX","Restaurants","0.37377182812164955","19.62712640485591","-99.07925601038764","2026-01-12"
"MEX.15.109_1","Tultepec","GADM2","3.6","MX","Grocery & Convenience Stores","0.32022091609762376","19.62712640485591","-99.07925601038764","2026-01-12"
"MEX.15.109_1","Tultepec","GADM2","3.6","MX","Business & Utility Services","0.39983382046884647","19.62712640485591","-99.07925601038764","2026-01-12"
"MEX.15.109_1","Tultepec","GADM2","3.6","MX","Travel","0.20348289365277747","19.62712640485591","-99.07925601038764","2026-01-12"
"MEX.15.109_1","Tultepec","GADM2","3.6","MX","Lifestyle Services","0.2672826254376015","19.62712640485591","-99.07925601038764","2026-01-12"
"MEX.15.109_1","Tultepec","GADM2","3.6","MX","Professional Services","0.5424896821135982","19.62712640485591","-99.07925601038764","2026-01-12"
"MEX.15.109_1","Tultepec","GADM2","3.6","MX","Local Events","0.4619012842303138","19.62712640485591","-99.07925601038764","2026-01-12"
"MEX.15.109_1","Tultepec","GADM2","3.6","MX","","0.42906551480485744","19.62712640485591","-99.07925601038764","2026-01-12"
"MEX.15.109_1","Tultepec","GADM2","3.6","MX","Home Services","0.5833603304148919","19.62712640485591","-99.07925601038764","2026-01-12"
"MEX.12.23_1","Coyuca de Catalán","GADM2","3.6","MX","Retail","0.5750452012452383","18.061433439986683","-100.92411879889038","2026-01-12"
"MEX.12.23_1","Coyuca de Catalán","GADM2","3.6","MX","All","0.24394727901542224","18.061433439986683","-100.92411879889038","2026-01-12"
"MEX.12.23_1","Coyuca de Catalán","GADM2","3.6","MX","Professional Services","0.28019285201211164","18.061433439986683","-100.92411879889038","2026-01-12"
"MEX.12.23_1","Coyuca de Catalán","GADM2","3.6","MX","Restaurants","0.35763774001647564","18.061433439986683","-100.92411879889038","2026-01-12"
"MEX.15.56_1","Melchor Ocampo","GADM2","3.6","MX","Public Good","0.4547228549363366","19.666198285876007","-99.08871771999296","2026-01-12"
"MEX.15.56_1","Melchor Ocampo","GADM2","3.6","MX","Business & Utility Services","0.46211556196473025","19.666198285876007","-99.08871771999296","2026-01-12"
"MEX.15.56_1","Melchor Ocampo","GADM2","3.6","MX","Lifestyle Services","0.32547194637096327","19.666198285876007","-99.08871771999296","2026-01-12"
"MEX.15.56_1","Melchor Ocampo","GADM2","3.6","MX","Local Events","0.6127717355756451","19.666198285876007","-99.08871771999296","2026-01-12"
"MEX.15.56_1","Melchor Ocampo","GADM2","3.6","MX","Grocery & Convenience Stores","0.32949775696463635","19.666198285876007","-99.08871771999296","2026-01-12"
"MEX.15.56_1","Melchor Ocampo","GADM2","3.6","MX","","0.4228346619859434","19.666198285876007","-99.08871771999296","2026-01-12"
"MEX.15.56_1","Melchor Ocampo","GADM2","3.6","MX","All","0.363157451086135","19.666198285876007","-99.08871771999296","2026-01-12"
"MEX.15.56_1","Melchor Ocampo","GADM2","3.6","MX","Home Services","0.5279167823813651","19.666198285876007","-99.08871771999296","2026-01-12"
"MEX.15.56_1","Melchor Ocampo","GADM2","3.6","MX","Restaurants","0.26326430908461723","19.666198285876007","-99.08871771999296","2026-01-12"
"MEX.15.56_1","Melchor Ocampo","GADM2","3.6","MX","Retail","0.3233057576049818","19.666198285876007","-99.08871771999296","2026-01-12"
"MEX.15.56_1","Melchor Ocampo","GADM2","3.6","MX","Professional Services","0.46403530669584037","19.666198285876007","-99.08871771999296","2026-01-12"
"MEX.24.36_1","Soledad de Graciano Sánchez","GADM2","3.6","MX","Lifestyle Services","0.2314819333209178","22.27326193968206","-100.86638829690894","2026-01-12"
"MEX.24.36_1","Soledad de Graciano Sánchez","GADM2","3.6","MX","Grocery & Convenience Stores","0.4710491327032845","22.27326193968206","-100.86638829690894","2026-01-12"
"MEX.24.36_1","Soledad de Graciano Sánchez","GADM2","3.6","MX","Manufacturing","0.5991980023361846","22.27326193968206","-100.86638829690894","2026-01-12"
"MEX.24.36_1","Soledad de Graciano Sánchez","GADM2","3.6","MX","Restaurants","0.436450321210991","22.27326193968206","-100.86638829690894","2026-01-12"
"MEX.24.36_1","Soledad de Graciano Sánchez","GADM2","3.6","MX","Local Events","0.5897871306411054","22.27326193968206","-100.86638829690894","2026-01-12"
"MEX.24.36_1","Soledad de Graciano Sánchez","GADM2","3.6","MX","","0.7929445793851001","22.27326193968206","-100.86638829690894","2026-01-12"
"MEX.24.36_1","Soledad de Graciano Sánchez","GADM2","3.6","MX","All","0.4100113149274263","22.27326193968206","-100.86638829690894","2026-01-12"
"MEX.24.36_1","Soledad de Graciano Sánchez","GADM2","3.6","MX","Business & Utility Services","0.3761832802089687","22.27326193968206","-100.86638829690894","2026-01-12"
"MEX.24.36_1","Soledad de Graciano Sánchez","GADM2","3.6","MX","Professional Services","0.5020953897463143","22.27326193968206","-100.86638829690894","2026-01-12"
"MEX.24.36_1","Soledad de Graciano Sánchez","GADM2","3.6","MX","Travel","0.544069645979751","22.27326193968206","-100.86638829690894","2026-01-12"
"MEX.24.36_1","Soledad de Graciano Sánchez","GADM2","3.6","MX","Home Services","0.290247960843279","22.27326193968206","-100.86638829690894","2026-01-12"
"MEX.24.36_1","Soledad de Graciano Sánchez","GADM2","3.6","MX","Retail","0.5144882994241534","22.27326193968206","-100.86638829690894","2026-01-12"
"MEX.24.36_1","Soledad de Graciano Sánchez","GADM2","3.6","MX","Public Good","0.42720764466604483","22.27326193968206","-100.86638829690894","2026-01-12"
"MEX.12.63_1","Tixtla de Guerrero","GADM2","3.6","MX","Home Services","0.6569203371376927","17.61466753335827","-99.33871763874292","2026-01-12"
"MEX.12.63_1","Tixtla de Guerrero","GADM2","3.6","MX","Public Good","0.27793293911889844","17.61466753335827","-99.33871763874292","2026-01-12"
"MEX.12.63_1","Tixtla de Guerrero","GADM2","3.6","MX","Restaurants","0.5835588668999714","17.61466753335827","-99.33871763874292","2026-01-12"
"MEX.12.63_1","Tixtla de Guerrero","GADM2","3.6","MX","Lifestyle Services","0.3740750030040735","17.61466753335827","-99.33871763874292","2026-01-12"
"MEX.12.63_1","Tixtla de Guerrero","GADM2","3.6","MX","All","0.2691406958240351","17.61466753335827","-99.33871763874292","2026-01-12"
"MEX.12.63_1","Tixtla de Guerrero","GADM2","3.6","MX","Retail","0.13598078853167112","17.61466753335827","-99.33871763874292","2026-01-12"
"MEX.12.63_1","Tixtla de Guerrero","GADM2","3.6","MX","Grocery & Convenience Stores","0.56817066518252","17.61466753335827","-99.33871763874292","2026-01-12"
"MEX.12.63_1","Tixtla de Guerrero","GADM2","3.6","MX","Professional Services","0.3076819414467042","17.61466753335827","-99.33871763874292","2026-01-12"
"MEX.17.16_1","Ocuituco","GADM2","3.6","MX","Retail","0.5853762884396572","18.909725932222116","-98.71351791530903","2026-01-12"
"MEX.17.16_1","Ocuituco","GADM2","3.6","MX","Professional Services","0.30216469130417173","18.909725932222116","-98.71351791530903","2026-01-12"
"MEX.17.16_1","Ocuituco","GADM2","3.6","MX","Restaurants","0.35488742790359246","18.909725932222116","-98.71351791530903","2026-01-12"
"MEX.17.16_1","Ocuituco","GADM2","3.6","MX","All","0.39105802508664667","18.909725932222116","-98.71351791530903","2026-01-12"
"MEX.24.13_1","Ciudad Fernández","GADM2","3.6","MX","Grocery & Convenience Stores","0.8260365128842369","22.027857263130244","-100.24852018929089","2026-01-12"
"MEX.24.13_1","Ciudad Fernández","GADM2","3.6","MX","Home Services","0.6078349194978186","22.027857263130244","-100.24852018929089","2026-01-12"
"MEX.24.13_1","Ciudad Fernández","GADM2","3.6","MX","Retail","0.3445965911414321","22.027857263130244","-100.24852018929089","2026-01-12"
"MEX.24.13_1","Ciudad Fernández","GADM2","3.6","MX","Lifestyle Services","0.321697445140935","22.027857263130244","-100.24852018929089","2026-01-12"
"MEX.24.13_1","Ciudad Fernández","GADM2","3.6","MX","Business & Utility Services","0.3525127290451104","22.027857263130244","-100.24852018929089","2026-01-12"
"MEX.24.13_1","Ciudad Fernández","GADM2","3.6","MX","Professional Services","0.5699420399850736","22.027857263130244","-100.24852018929089","2026-01-12"
"MEX.24.13_1","Ciudad Fernández","GADM2","3.6","MX","Local Events","0.437009051891267","22.027857263130244","-100.24852018929089","2026-01-12"
"MEX.24.13_1","Ciudad Fernández","GADM2","3.6","MX","All","0.4663080411518686","22.027857263130244","-100.24852018929089","2026-01-12"
"MEX.24.13_1","Ciudad Fernández","GADM2","3.6","MX","Restaurants","0.5249423856554796","22.027857263130244","-100.24852018929089","2026-01-12"
"MEX.12.51_1","Pilcaya","GADM2","3.6","MX","All","0.51047292685183","18.646283771691238","-99.57846738165436","2026-01-12"
"MEX.21.160_1","Tepatlaxco de Hidalgo","GADM2","3.6","MX","All","0.39104523229082233","19.12735919554551","-97.9004503005871","2026-01-12"
"MEX.16.10_1","Arteaga","GADM2","3.6","MX","Home Services","0.5984562264948164","18.366469314460545","-102.27285116503231","2026-01-12"
"MEX.16.10_1","Arteaga","GADM2","3.6","MX","All","0.715812067821617","18.366469314460545","-102.27285116503231","2026-01-12"
"MEX.20.19_1","Dist. Silacayoapam","GADM2","3.6","MX","All","0.08709020517542718","17.68834877862764","-98.11201930870016","2026-01-12"
"MEX.20.19_1","Dist. Silacayoapam","GADM2","3.6","MX","Professional Services","0.193011669900054","17.68834877862764","-98.11201930870016","2026-01-12"
"MEX.20.19_1","Dist. Silacayoapam","GADM2","3.6","MX","Public Good","0.4676262465966694","17.68834877862764","-98.11201930870016","2026-01-12"
"MEX.20.19_1","Dist. Silacayoapam","GADM2","3.6","MX","Restaurants","0.22862714333673567","17.68834877862764","-98.11201930870016","2026-01-12"
"MEX.20.19_1","Dist. Silacayoapam","GADM2","3.6","MX","Retail","0.23398025307716766","17.68834877862764","-98.11201930870016","2026-01-12"
"MEX.15.34_1","Ecatepec de Morelos","GADM2","3.6","MX","Public Good","0.33151315286591326","19.520646997875915","-98.99878447482843","2026-01-12"
"MEX.15.34_1","Ecatepec de Morelos","GADM2","3.6","MX","Professional Services","0.6360872374755314","19.520646997875915","-98.99878447482843","2026-01-12"
"MEX.15.34_1","Ecatepec de Morelos","GADM2","3.6","MX","All","0.41810488312866745","19.520646997875915","-98.99878447482843","2026-01-12"
"MEX.15.34_1","Ecatepec de Morelos","GADM2","3.6","MX","","0.2894929140881618","19.520646997875915","-98.99878447482843","2026-01-12"
"MEX.15.34_1","Ecatepec de Morelos","GADM2","3.6","MX","Grocery & Convenience Stores","0.5336559202753957","19.520646997875915","-98.99878447482843","2026-01-12"
"MEX.15.34_1","Ecatepec de Morelos","GADM2","3.6","MX","Local Events","0.5943518756414277","19.520646997875915","-98.99878447482843","2026-01-12"
"MEX.15.34_1","Ecatepec de Morelos","GADM2","3.6","MX","Manufacturing","0.26660369412769375","19.520646997875915","-98.99878447482843","2026-01-12"
"MEX.15.34_1","Ecatepec de Morelos","GADM2","3.6","MX","Retail","0.3214716747603797","19.520646997875915","-98.99878447482843","2026-01-12"
"MEX.15.34_1","Ecatepec de Morelos","GADM2","3.6","MX","Travel","0.3796827676850926","19.520646997875915","-98.99878447482843","2026-01-12"
"MEX.15.34_1","Ecatepec de Morelos","GADM2","3.6","MX","Business & Utility Services","0.5763593092099286","19.520646997875915","-98.99878447482843","2026-01-12"
"MEX.15.34_1","Ecatepec de Morelos","GADM2","3.6","MX","Restaurants","0.36992109895085","19.520646997875915","-98.99878447482843","2026-01-12"
"MEX.15.34_1","Ecatepec de Morelos","GADM2","3.6","MX","Lifestyle Services","0.22712894725751726","19.520646997875915","-98.99878447482843","2026-01-12"
"MEX.15.34_1","Ecatepec de Morelos","GADM2","3.6","MX","Home Services","0.4823452359426404","19.520646997875915","-98.99878447482843","2026-01-12"
"MEX.11.30_1","San Felipe","GADM2","3.6","MX","Grocery & Convenience Stores","0.7025686422602562","21.475588215928408","-101.26724404794811","2026-01-12"
"MEX.11.30_1","San Felipe","GADM2","3.6","MX","All","0.39859459787792184","21.475588215928408","-101.26724404794811","2026-01-12"
"MEX.11.30_1","San Felipe","GADM2","3.6","MX","Lifestyle Services","0.6868450672704831","21.475588215928408","-101.26724404794811","2026-01-12"
"MEX.11.30_1","San Felipe","GADM2","3.6","MX","Retail","0.31088046856288104","21.475588215928408","-101.26724404794811","2026-01-12"
"MEX.11.30_1","San Felipe","GADM2","3.6","MX","Professional Services","0.5653491564023111","21.475588215928408","-101.26724404794811","2026-01-12"
"MEX.11.30_1","San Felipe","GADM2","3.6","MX","Public Good","0.3290624001590533","21.475588215928408","-101.26724404794811","2026-01-12"
"MEX.11.30_1","San Felipe","GADM2","3.6","MX","Home Services","0.4446812349838773","21.475588215928408","-101.26724404794811","2026-01-12"
"MEX.11.30_1","San Felipe","GADM2","3.6","MX","Local Events","0.27501224576688366","21.475588215928408","-101.26724404794811","2026-01-12"
"MEX.11.30_1","San Felipe","GADM2","3.6","MX","Restaurants","0.3805857349788713","21.475588215928408","-101.26724404794811","2026-01-12"
"MEX.11.30_1","San Felipe","GADM2","3.6","MX","Business & Utility Services","0.42916656562901523","21.475588215928408","-101.26724404794811","2026-01-12"
"MEX.21.25_1","Calpan","GADM2","3.6","MX","Grocery & Convenience Stores","0.4568976077146499","19.151172302535475","-98.3842084177025","2026-01-12"
"MEX.21.25_1","Calpan","GADM2","3.6","MX","Lifestyle Services","0.25218470626648776","19.151172302535475","-98.3842084177025","2026-01-12"
"MEX.21.25_1","Calpan","GADM2","3.6","MX","All","0.4114053618200435","19.151172302535475","-98.3842084177025","2026-01-12"
"MEX.21.25_1","Calpan","GADM2","3.6","MX","Home Services","0.6520663084892379","19.151172302535475","-98.3842084177025","2026-01-12"
"MEX.21.25_1","Calpan","GADM2","3.6","MX","Retail","0.47770936446502515","19.151172302535475","-98.3842084177025","2026-01-12"
"MEX.21.25_1","Calpan","GADM2","3.6","MX","Professional Services","0.4111080680945892","19.151172302535475","-98.3842084177025","2026-01-12"
"MEX.21.25_1","Calpan","GADM2","3.6","MX","Travel","0.38214033408485854","19.151172302535475","-98.3842084177025","2026-01-12"
"MEX.21.25_1","Calpan","GADM2","3.6","MX","Public Good","0.30555839565534404","19.151172302535475","-98.3842084177025","2026-01-12"
"MEX.21.25_1","Calpan","GADM2","3.6","MX","Local Events","0.5784504544660234","19.151172302535475","-98.3842084177025","2026-01-12"
"MEX.21.25_1","Calpan","GADM2","3.6","MX","Restaurants","0.3662567920585772","19.151172302535475","-98.3842084177025","2026-01-12"
"MEX.21.25_1","Calpan","GADM2","3.6","MX","Business & Utility Services","0.3875505879780369","19.151172302535475","-98.3842084177025","2026-01-12"
"MEX.21.25_1","Calpan","GADM2","3.6","MX","Manufacturing","0.6608586165277165","19.151172302535475","-98.3842084177025","2026-01-12"
"MEX.16.93_1","Tlalpujahua","GADM2","3.6","MX","Professional Services","0.17462834222199985","19.774341864402274","-100.21638721173144","2026-01-12"
"MEX.16.93_1","Tlalpujahua","GADM2","3.6","MX","Restaurants","0.36054473802433123","19.774341864402274","-100.21638721173144","2026-01-12"
"MEX.16.93_1","Tlalpujahua","GADM2","3.6","MX","Local Events","0.23444490824915906","19.774341864402274","-100.21638721173144","2026-01-12"
"MEX.16.93_1","Tlalpujahua","GADM2","3.6","MX","Retail","0.4415874550207786","19.774341864402274","-100.21638721173144","2026-01-12"
"MEX.16.93_1","Tlalpujahua","GADM2","3.6","MX","All","0.10676914640679515","19.774341864402274","-100.21638721173144","2026-01-12"
"MEX.16.93_1","Tlalpujahua","GADM2","3.6","MX","Travel","0.14316799020071813","19.774341864402274","-100.21638721173144","2026-01-12"
"MEX.32.13_1","General Enrique Estrada","GADM2","3.6","MX","All","0.3076935991185525","22.938478000045578","-102.7758006734725","2026-01-12"
"MEX.20.27_1","Dist. Villa Alta","GADM2","3.6","MX","Retail","0.4006579090815391","17.390182846427997","-96.28227375496367","2026-01-12"
"MEX.20.27_1","Dist. Villa Alta","GADM2","3.6","MX","All","0.6028248697330669","17.390182846427997","-96.28227375496367","2026-01-12"
"MEX.30.175_1","Tlacotalpan","GADM2","3.6","MX","Retail","0.4290375687263213","18.535521163051076","-95.65084892767122","2026-01-12"
"MEX.30.175_1","Tlacotalpan","GADM2","3.6","MX","All","0.4582441624817758","18.535521163051076","-95.65084892767122","2026-01-12"
"MEX.30.175_1","Tlacotalpan","GADM2","3.6","MX","Travel","0.5809686810093417","18.535521163051076","-95.65084892767122","2026-01-12"
"MEX.30.175_1","Tlacotalpan","GADM2","3.6","MX","Restaurants","0.6134625547276924","18.535521163051076","-95.65084892767122","2026-01-12"
"MEX.21.65_1","Guadalupe","GADM2","3.6","MX","All","0.3548840705324407","18.088624659799567","-98.0918234690579","2026-01-12"
"MEX.15.65_1","Ocoyoacac","GADM2","3.6","MX","Retail","0.407729406221505","19.19452461744553","-99.36888269669457","2026-01-12"
"MEX.15.65_1","Ocoyoacac","GADM2","3.6","MX","All","0.3496001312312313","19.19452461744553","-99.36888269669457","2026-01-12"
"MEX.15.65_1","Ocoyoacac","GADM2","3.6","MX","Grocery & Convenience Stores","0.49782221323977005","19.19452461744553","-99.36888269669457","2026-01-12"
"MEX.15.65_1","Ocoyoacac","GADM2","3.6","MX","Local Events","0.6723835342770915","19.19452461744553","-99.36888269669457","2026-01-12"
"MEX.15.65_1","Ocoyoacac","GADM2","3.6","MX","Lifestyle Services","0.3695368663117171","19.19452461744553","-99.36888269669457","2026-01-12"
"MEX.15.65_1","Ocoyoacac","GADM2","3.6","MX","Public Good","0.4477166414729045","19.19452461744553","-99.36888269669457","2026-01-12"
"MEX.15.65_1","Ocoyoacac","GADM2","3.6","MX","Professional Services","0.457006403448612","19.19452461744553","-99.36888269669457","2026-01-12"
"MEX.15.65_1","Ocoyoacac","GADM2","3.6","MX","Home Services","0.41487422797235235","19.19452461744553","-99.36888269669457","2026-01-12"
"MEX.15.65_1","Ocoyoacac","GADM2","3.6","MX","Restaurants","0.3351682932825186","19.19452461744553","-99.36888269669457","2026-01-12"
"MEX.13.82_1","Zapotlán de Juárez","GADM2","3.6","MX","All","0.7922514791273813","19.954292792676934","-98.79112302750774","2026-01-12"
"MEX.29.7_1","Calpulalpan","GADM2","3.6","MX","Home Services","0.5115640330249239","19.548412018233424","-98.54924209817926","2026-01-12"
"MEX.29.7_1","Calpulalpan","GADM2","3.6","MX","Retail","0.6972451554923959","19.548412018233424","-98.54924209817926","2026-01-12"
"MEX.29.7_1","Calpulalpan","GADM2","3.6","MX","Local Events","0.42651874698443815","19.548412018233424","-98.54924209817926","2026-01-12"
"MEX.29.7_1","Calpulalpan","GADM2","3.6","MX","Restaurants","0.5329744946135702","19.548412018233424","-98.54924209817926","2026-01-12"
"MEX.29.7_1","Calpulalpan","GADM2","3.6","MX","Professional Services","0.4983912810388748","19.548412018233424","-98.54924209817926","2026-01-12"
"MEX.29.7_1","Calpulalpan","GADM2","3.6","MX","Lifestyle Services","0.13834505051137458","19.548412018233424","-98.54924209817926","2026-01-12"
"MEX.29.7_1","Calpulalpan","GADM2","3.6","MX","All","0.41447539525897115","19.548412018233424","-98.54924209817926","2026-01-12"
"MEX.13.41_1","Mixquiahuala de Juárez","GADM2","3.6","MX","Local Events","0.621492257554945","20.264223088784778","-99.12162621116747","2026-01-12"
"MEX.13.41_1","Mixquiahuala de Juárez","GADM2","3.6","MX","All","0.43486559901632843","20.264223088784778","-99.12162621116747","2026-01-12"
"MEX.13.41_1","Mixquiahuala de Juárez","GADM2","3.6","MX","Business & Utility Services","0.5213480228827677","20.264223088784778","-99.12162621116747","2026-01-12"
"MEX.13.41_1","Mixquiahuala de Juárez","GADM2","3.6","MX","Restaurants","0.48199443530020003","20.264223088784778","-99.12162621116747","2026-01-12"
"MEX.13.41_1","Mixquiahuala de Juárez","GADM2","3.6","MX","Public Good","0.28845626716497147","20.264223088784778","-99.12162621116747","2026-01-12"
"MEX.13.41_1","Mixquiahuala de Juárez","GADM2","3.6","MX","Home Services","0.5048680786803618","20.264223088784778","-99.12162621116747","2026-01-12"
"MEX.13.41_1","Mixquiahuala de Juárez","GADM2","3.6","MX","Lifestyle Services","0.32704426186530783","20.264223088784778","-99.12162621116747","2026-01-12"
"MEX.13.41_1","Mixquiahuala de Juárez","GADM2","3.6","MX","Grocery & Convenience Stores","0.44033182717114683","20.264223088784778","-99.12162621116747","2026-01-12"
"MEX.13.41_1","Mixquiahuala de Juárez","GADM2","3.6","MX","Professional Services","0.5118864860850615","20.264223088784778","-99.12162621116747","2026-01-12"
"MEX.13.41_1","Mixquiahuala de Juárez","GADM2","3.6","MX","Retail","0.37514681296624086","20.264223088784778","-99.12162621116747","2026-01-12"
"MEX.16.39_1","Huiramba","GADM2","3.6","MX","All","0.45752453077089744","19.534124871441307","-101.47345561166634","2026-01-12"
"MEX.30.68_1","Huatusco","GADM2","3.6","MX","All","0.45925827657452023","19.140516251325003","-96.87910846446871","2026-01-12"
"MEX.30.68_1","Huatusco","GADM2","3.6","MX","Restaurants","0.5969473647319699","19.140516251325003","-96.87910846446871","2026-01-12"
"MEX.30.68_1","Huatusco","GADM2","3.6","MX","Retail","0.42834912317056634","19.140516251325003","-96.87910846446871","2026-01-12"
"MEX.30.13_1","Amatlan Tuxpan","GADM2","3.6","MX","Restaurants","0.6279324381963843","21.315246881664244","-97.66009317767508","2026-01-12"
"MEX.30.13_1","Amatlan Tuxpan","GADM2","3.6","MX","All","0.24625090807774402","21.315246881664244","-97.66009317767508","2026-01-12"
"MEX.14.93_1","Teocaltiche","GADM2","3.6","MX","Retail","0.27789752943634843","21.438223959416256","-102.59660898176915","2026-01-12"
"MEX.14.93_1","Teocaltiche","GADM2","3.6","MX","All","0.6279095096494067","21.438223959416256","-102.59660898176915","2026-01-12"
"MEX.14.93_1","Teocaltiche","GADM2","3.6","MX","Local Events","0.7733479546714783","21.438223959416256","-102.59660898176915","2026-01-12"
"MEX.14.93_1","Teocaltiche","GADM2","3.6","MX","Public Good","0.2600622978924079","21.438223959416256","-102.59660898176915","2026-01-12"
"MEX.14.93_1","Teocaltiche","GADM2","3.6","MX","Professional Services","0.43701753192348863","21.438223959416256","-102.59660898176915","2026-01-12"
"MEX.14.93_1","Teocaltiche","GADM2","3.6","MX","Home Services","0.7002316301941135","21.438223959416256","-102.59660898176915","2026-01-12"
"MEX.14.93_1","Teocaltiche","GADM2","3.6","MX","Grocery & Convenience Stores","0.6598418492983653","21.438223959416256","-102.59660898176915","2026-01-12"
"MEX.14.93_1","Teocaltiche","GADM2","3.6","MX","Restaurants","0.6764629104680661","21.438223959416256","-102.59660898176915","2026-01-12"
"MEX.13.36_1","Metepec","GADM2","3.6","MX","Restaurants","0.6216012982700582","20.283970914420404","-98.30422867392662","2026-01-12"
"MEX.13.36_1","Metepec","GADM2","3.6","MX","Professional Services","0.5535434836970572","20.283970914420404","-98.30422867392662","2026-01-12"
"MEX.13.36_1","Metepec","GADM2","3.6","MX","All","0.6472309287117055","20.283970914420404","-98.30422867392662","2026-01-12"
"MEX.13.36_1","Metepec","GADM2","3.6","MX","Retail","0.5322483728357911","20.283970914420404","-98.30422867392662","2026-01-12"
"MEX.12.75_1","Zitlala","GADM2","3.6","MX","All","0.6368321209743274","17.79324539842664","-99.122639255166","2026-01-12"
"MEX.24.57_1","Zaragoza","GADM2","3.6","MX","Professional Services","0.3468686044918931","22.009922199148907","-100.70620554621053","2026-01-12"
"MEX.24.57_1","Zaragoza","GADM2","3.6","MX","Restaurants","0.45129576732128","22.009922199148907","-100.70620554621053","2026-01-12"
"MEX.24.57_1","Zaragoza","GADM2","3.6","MX","Business & Utility Services","0.4280885138222002","22.009922199148907","-100.70620554621053","2026-01-12"
"MEX.24.57_1","Zaragoza","GADM2","3.6","MX","All","0.33600690233574326","22.009922199148907","-100.70620554621053","2026-01-12"
"MEX.24.57_1","Zaragoza","GADM2","3.6","MX","Retail","0.3485233621738013","22.009922199148907","-100.70620554621053","2026-01-12"
"MEX.24.57_1","Zaragoza","GADM2","3.6","MX","Lifestyle Services","0.6268952261108752","22.009922199148907","-100.70620554621053","2026-01-12"
"MEX.24.57_1","Zaragoza","GADM2","3.6","MX","Grocery & Convenience Stores","0.5110857467938904","22.009922199148907","-100.70620554621053","2026-01-12"
"MEX.24.57_1","Zaragoza","GADM2","3.6","MX","Home Services","0.404496469678696","22.009922199148907","-100.70620554621053","2026-01-12"
"MEX.21.110_1","Pantepec","GADM2","3.6","MX","All","0.26870091085628595","20.627045495713066","-97.84496548389245","2026-01-12"
"MEX.29.22_1","Panotla","GADM2","3.6","MX","Business & Utility Services","0.4703004150335498","19.374223792094092","-98.19475727891377","2026-01-12"
"MEX.29.22_1","Panotla","GADM2","3.6","MX","Lifestyle Services","0.49352909896229985","19.374223792094092","-98.19475727891377","2026-01-12"
"MEX.29.22_1","Panotla","GADM2","3.6","MX","Manufacturing","0.5873630965924704","19.374223792094092","-98.19475727891377","2026-01-12"
"MEX.29.22_1","Panotla","GADM2","3.6","MX","Retail","0.3681428299843726","19.374223792094092","-98.19475727891377","2026-01-12"
"MEX.29.22_1","Panotla","GADM2","3.6","MX","Restaurants","0.37732589438460523","19.374223792094092","-98.19475727891377","2026-01-12"
"MEX.29.22_1","Panotla","GADM2","3.6","MX","Grocery & Convenience Stores","0.35919499367714547","19.374223792094092","-98.19475727891377","2026-01-12"
"MEX.29.22_1","Panotla","GADM2","3.6","MX","All","0.43218026860710274","19.374223792094092","-98.19475727891377","2026-01-12"
"MEX.29.22_1","Panotla","GADM2","3.6","MX","Professional Services","0.4493056566858446","19.374223792094092","-98.19475727891377","2026-01-12"
"MEX.29.22_1","Panotla","GADM2","3.6","MX","","0.45502480687568525","19.374223792094092","-98.19475727891377","2026-01-12"
"MEX.29.22_1","Panotla","GADM2","3.6","MX","Home Services","0.365436612716739","19.374223792094092","-98.19475727891377","2026-01-12"
"MEX.29.22_1","Panotla","GADM2","3.6","MX","Local Events","0.7058774539916388","19.374223792094092","-98.19475727891377","2026-01-12"
"MEX.29.22_1","Panotla","GADM2","3.6","MX","Public Good","0.6041611923798316","19.374223792094092","-98.19475727891377","2026-01-12"
"MEX.29.22_1","Panotla","GADM2","3.6","MX","Travel","0.6856579606758287","19.374223792094092","-98.19475727891377","2026-01-12"
"MEX.12.42_1","Leonardo Bravo","GADM2","3.6","MX","All","0.41627482808453686","17.5770851416585","-99.7374416914159","2026-01-12"
"MEX.12.42_1","Leonardo Bravo","GADM2","3.6","MX","Restaurants","0.35349173298740005","17.5770851416585","-99.7374416914159","2026-01-12"
"MEX.12.52_1","Pungarabato","GADM2","3.6","MX","All","0.24615908582771975","18.289784282792102","-100.59801553178734","2026-01-12"
"MEX.12.52_1","Pungarabato","GADM2","3.6","MX","Retail","0.32972579575718497","18.289784282792102","-100.59801553178734","2026-01-12"
"MEX.11.14_1","Guanajuato","GADM2","3.6","MX","Professional Services","0.3807025409502428","21.013705768916658","-101.25136952404007","2026-01-12"
"MEX.11.14_1","Guanajuato","GADM2","3.6","MX","Manufacturing","0.1720535105216196","21.013705768916658","-101.25136952404007","2026-01-12"
"MEX.11.14_1","Guanajuato","GADM2","3.6","MX","Grocery & Convenience Stores","0.40413882148856095","21.013705768916658","-101.25136952404007","2026-01-12"
"MEX.11.14_1","Guanajuato","GADM2","3.6","MX","Business & Utility Services","0.4200181285472672","21.013705768916658","-101.25136952404007","2026-01-12"
"MEX.11.14_1","Guanajuato","GADM2","3.6","MX","Home Services","0.39606604968845716","21.013705768916658","-101.25136952404007","2026-01-12"
"MEX.11.14_1","Guanajuato","GADM2","3.6","MX","Local Events","0.38110156278279306","21.013705768916658","-101.25136952404007","2026-01-12"
"MEX.11.14_1","Guanajuato","GADM2","3.6","MX","Lifestyle Services","0.1852538427487595","21.013705768916658","-101.25136952404007","2026-01-12"
"MEX.11.14_1","Guanajuato","GADM2","3.6","MX","","0.8181822952135402","21.013705768916658","-101.25136952404007","2026-01-12"
"MEX.11.14_1","Guanajuato","GADM2","3.6","MX","All","0.2190653490377162","21.013705768916658","-101.25136952404007","2026-01-12"
"MEX.11.14_1","Guanajuato","GADM2","3.6","MX","Public Good","0.16084320891952583","21.013705768916658","-101.25136952404007","2026-01-12"
"MEX.11.14_1","Guanajuato","GADM2","3.6","MX","Retail","0.18980294058821365","21.013705768916658","-101.25136952404007","2026-01-12"
"MEX.11.14_1","Guanajuato","GADM2","3.6","MX","Travel","0.34831115251829686","21.013705768916658","-101.25136952404007","2026-01-12"
"MEX.11.14_1","Guanajuato","GADM2","3.6","MX","Restaurants","0.09963449068332313","21.013705768916658","-101.25136952404007","2026-01-12"
"MEX.30.93_1","La Perla","GADM2","3.6","MX","All","0.5690627145714416","18.986283105517096","-97.11444898272656","2026-01-12"
"MEX.32.16_1","General Pánfilo Natera","GADM2","3.6","MX","All","0.415931756244981","22.655534487616773","-102.12663038237953","2026-01-12"
"MEX.21.100_1","Nauzontla","GADM2","3.6","MX","All","0.46572316662492436","19.982704832019586","-97.52479469255174","2026-01-12"
"MEX.22.12_1","Peñamiller","GADM2","3.6","MX","All","0.3152507350363635","21.107562002931687","-99.86115690844001","2026-01-12"
"MEX.24.43_1","Tanlajás","GADM2","3.6","MX","All","0.2747016959309188","21.773418772713864","-98.80871825584953","2026-01-12"
"MEX.15.113_1","Villa del Carbón","GADM2","3.6","MX","Restaurants","0.398585354702321","19.7254906893632","-99.45122668069028","2026-01-12"
"MEX.15.113_1","Villa del Carbón","GADM2","3.6","MX","Lifestyle Services","0.3708597804865777","19.7254906893632","-99.45122668069028","2026-01-12"
"MEX.15.113_1","Villa del Carbón","GADM2","3.6","MX","Grocery & Convenience Stores","0.5431606660067906","19.7254906893632","-99.45122668069028","2026-01-12"
"MEX.15.113_1","Villa del Carbón","GADM2","3.6","MX","Local Events","0.37018370364687503","19.7254906893632","-99.45122668069028","2026-01-12"
"MEX.15.113_1","Villa del Carbón","GADM2","3.6","MX","Travel","0.18069779493402313","19.7254906893632","-99.45122668069028","2026-01-12"
"MEX.15.113_1","Villa del Carbón","GADM2","3.6","MX","All","0.2973426484150912","19.7254906893632","-99.45122668069028","2026-01-12"
"MEX.15.113_1","Villa del Carbón","GADM2","3.6","MX","Home Services","0.3251817915214815","19.7254906893632","-99.45122668069028","2026-01-12"
"MEX.15.113_1","Villa del Carbón","GADM2","3.6","MX","Business & Utility Services","0.43372910853550994","19.7254906893632","-99.45122668069028","2026-01-12"
"MEX.15.113_1","Villa del Carbón","GADM2","3.6","MX","Retail","0.5002556981291146","19.7254906893632","-99.45122668069028","2026-01-12"
"MEX.15.113_1","Villa del Carbón","GADM2","3.6","MX","Professional Services","0.41366546855959","19.7254906893632","-99.45122668069028","2026-01-12"
"MEX.30.11_1","Amatitlán","GADM2","3.6","MX","All","0.5479187184194274","18.465785870957486","-95.72750333818048","2026-01-12"
"MEX.21.5_1","Acteopan","GADM2","3.6","MX","All","0.315887493953565","18.74486776254611","-98.57525608532161","2026-01-12"
"MEX.24.21_1","Mexquitic de Carmona","GADM2","3.6","MX","Home Services","0.27104689933876014","22.24613177169621","-101.1932237375933","2026-01-12"
"MEX.24.21_1","Mexquitic de Carmona","GADM2","3.6","MX","Lifestyle Services","0.35934050709916515","22.24613177169621","-101.1932237375933","2026-01-12"
"MEX.24.21_1","Mexquitic de Carmona","GADM2","3.6","MX","All","0.28515951713731935","22.24613177169621","-101.1932237375933","2026-01-12"
"MEX.24.21_1","Mexquitic de Carmona","GADM2","3.6","MX","Public Good","0.47194946804704424","22.24613177169621","-101.1932237375933","2026-01-12"
"MEX.24.21_1","Mexquitic de Carmona","GADM2","3.6","MX","Retail","0.235154578277095","22.24613177169621","-101.1932237375933","2026-01-12"
"MEX.24.21_1","Mexquitic de Carmona","GADM2","3.6","MX","Local Events","0.6011211389779562","22.24613177169621","-101.1932237375933","2026-01-12"
"MEX.24.21_1","Mexquitic de Carmona","GADM2","3.6","MX","Professional Services","0.20226585902776412","22.24613177169621","-101.1932237375933","2026-01-12"
"MEX.24.21_1","Mexquitic de Carmona","GADM2","3.6","MX","Restaurants","0.6393091415438528","22.24613177169621","-101.1932237375933","2026-01-12"
"MEX.21.17_1","Atempan","GADM2","3.6","MX","Restaurants","0.499493713802068","19.850071690398465","-97.38797428711977","2026-01-12"
"MEX.21.17_1","Atempan","GADM2","3.6","MX","Retail","0.334451506462874","19.850071690398465","-97.38797428711977","2026-01-12"
"MEX.21.17_1","Atempan","GADM2","3.6","MX","Professional Services","0.7833104557292093","19.850071690398465","-97.38797428711977","2026-01-12"
"MEX.21.17_1","Atempan","GADM2","3.6","MX","All","0.47793125887838356","19.850071690398465","-97.38797428711977","2026-01-12"
"MEX.11.16_1","Irapuato","GADM2","3.6","MX","Professional Services","0.47899559399373104","20.710880553357732","-101.36121022858167","2026-01-12"
"MEX.11.16_1","Irapuato","GADM2","3.6","MX","Lifestyle Services","0.2833032865156971","20.710880553357732","-101.36121022858167","2026-01-12"
"MEX.11.16_1","Irapuato","GADM2","3.6","MX","Grocery & Convenience Stores","0.24942723244043316","20.710880553357732","-101.36121022858167","2026-01-12"
"MEX.11.16_1","Irapuato","GADM2","3.6","MX","","0.22725994546101275","20.710880553357732","-101.36121022858167","2026-01-12"
"MEX.11.16_1","Irapuato","GADM2","3.6","MX","Manufacturing","0.6772778311973366","20.710880553357732","-101.36121022858167","2026-01-12"
"MEX.11.16_1","Irapuato","GADM2","3.6","MX","Home Services","0.5477208385467139","20.710880553357732","-101.36121022858167","2026-01-12"
"MEX.29.21_1","Natívitas","GADM2","3.6","MX","Lifestyle Services","0.4671025140031547","19.24190617226954","-98.21197524016867","2026-01-12"
"MEX.29.21_1","Natívitas","GADM2","3.6","MX","Local Events","0.6331487886248555","19.24190617226954","-98.21197524016867","2026-01-12"
"MEX.29.21_1","Natívitas","GADM2","3.6","MX","Manufacturing","0.5428735095086087","19.24190617226954","-98.21197524016867","2026-01-12"
"MEX.29.21_1","Natívitas","GADM2","3.6","MX","Home Services","0.45490000947620135","19.24190617226954","-98.21197524016867","2026-01-12"
"MEX.29.21_1","Natívitas","GADM2","3.6","MX","","0.6117885136056179","19.24190617226954","-98.21197524016867","2026-01-12"
"MEX.29.21_1","Natívitas","GADM2","3.6","MX","Grocery & Convenience Stores","0.6349607477740697","19.24190617226954","-98.21197524016867","2026-01-12"
"MEX.29.21_1","Natívitas","GADM2","3.6","MX","Restaurants","0.2962201761554003","19.24190617226954","-98.21197524016867","2026-01-12"
"MEX.29.21_1","Natívitas","GADM2","3.6","MX","Public Good","0.22947638306348583","19.24190617226954","-98.21197524016867","2026-01-12"
"MEX.29.21_1","Natívitas","GADM2","3.6","MX","All","0.382841127146831","19.24190617226954","-98.21197524016867","2026-01-12"
"MEX.29.21_1","Natívitas","GADM2","3.6","MX","Professional Services","0.5543591591770609","19.24190617226954","-98.21197524016867","2026-01-12"
"MEX.29.21_1","Natívitas","GADM2","3.6","MX","Retail","0.28368923392262146","19.24190617226954","-98.21197524016867","2026-01-12"
"MEX.29.21_1","Natívitas","GADM2","3.6","MX","Business & Utility Services","0.3368205822322507","19.24190617226954","-98.21197524016867","2026-01-12"
"MEX.21.162_1","Tepemaxalco","GADM2","3.6","MX","All","0.6989236100545941","18.71763353262563","-98.51475995226015","2026-01-12"
"MEX.30.186_1","Totutla","GADM2","3.6","MX","All","0.3553429320174457","19.206202888316692","-96.81125575666637","2026-01-12"
"MEX.24.1_1","Ahualulco","GADM2","3.6","MX","Lifestyle Services","0.4553219345510859","22.43658509905079","-101.25048994450148","2026-01-12"
"MEX.24.1_1","Ahualulco","GADM2","3.6","MX","All","0.3684920868971705","22.43658509905079","-101.25048994450148","2026-01-12"
"MEX.24.1_1","Ahualulco","GADM2","3.6","MX","Retail","0.2992162585115134","22.43658509905079","-101.25048994450148","2026-01-12"
"MEX.24.1_1","Ahualulco","GADM2","3.6","MX","Restaurants","0.4016660550313035","22.43658509905079","-101.25048994450148","2026-01-12"
"MEX.1.5_1","Jesús María","GADM2","3.6","MX","Manufacturing","0.4181916085806286","21.906106082046698","-102.46030450034074","2026-01-12"
"MEX.1.5_1","Jesús María","GADM2","3.6","MX","Public Good","0.2534734999471067","21.906106082046698","-102.46030450034074","2026-01-12"
"MEX.1.5_1","Jesús María","GADM2","3.6","MX","Business & Utility Services","0.5508499504437949","21.906106082046698","-102.46030450034074","2026-01-12"
"MEX.1.5_1","Jesús María","GADM2","3.6","MX","Lifestyle Services","0.4892130491545898","21.906106082046698","-102.46030450034074","2026-01-12"
"MEX.1.5_1","Jesús María","GADM2","3.6","MX","Local Events","0.5086820718663654","21.906106082046698","-102.46030450034074","2026-01-12"
"MEX.1.5_1","Jesús María","GADM2","3.6","MX","Travel","0.6484676048810014","21.906106082046698","-102.46030450034074","2026-01-12"
"MEX.1.5_1","Jesús María","GADM2","3.6","MX","Grocery & Convenience Stores","0.40249351416982676","21.906106082046698","-102.46030450034074","2026-01-12"
"MEX.1.5_1","Jesús María","GADM2","3.6","MX","Professional Services","0.46022508387484595","21.906106082046698","-102.46030450034074","2026-01-12"
"MEX.1.5_1","Jesús María","GADM2","3.6","MX","Restaurants","0.3845171548563509","21.906106082046698","-102.46030450034074","2026-01-12"
"MEX.1.5_1","Jesús María","GADM2","3.6","MX","Retail","0.43347750671731383","21.906106082046698","-102.46030450034074","2026-01-12"
"MEX.1.5_1","Jesús María","GADM2","3.6","MX","Home Services","0.36868610491920223","21.906106082046698","-102.46030450034074","2026-01-12"
"MEX.1.5_1","Jesús María","GADM2","3.6","MX","","0.2428672991352115","21.906106082046698","-102.46030450034074","2026-01-12"
"MEX.1.5_1","Jesús María","GADM2","3.6","MX","All","0.45543436580652613","21.906106082046698","-102.46030450034074","2026-01-12"
"MEX.16.34_1","Gabriel Zamora","GADM2","3.6","MX","Professional Services","0.3433430066469493","19.141516254467394","-102.00690505847231","2026-01-12"
"MEX.16.34_1","Gabriel Zamora","GADM2","3.6","MX","All","0.4625324400731219","19.141516254467394","-102.00690505847231","2026-01-12"
"MEX.16.34_1","Gabriel Zamora","GADM2","3.6","MX","Retail","0.4580972924954433","19.141516254467394","-102.00690505847231","2026-01-12"
"MEX.16.4_1","Angamacutiro","GADM2","3.6","MX","Retail","0.28856426115389916","20.13893260820413","-101.75024846859382","2026-01-12"
"MEX.16.4_1","Angamacutiro","GADM2","3.6","MX","Grocery & Convenience Stores","0.40419027687804615","20.13893260820413","-101.75024846859382","2026-01-12"
"MEX.16.4_1","Angamacutiro","GADM2","3.6","MX","All","0.27924021509092","20.13893260820413","-101.75024846859382","2026-01-12"
"MEX.30.117_1","Oluta","GADM2","3.6","MX","Travel","0.5861707129955216","17.916607064220003","-94.92787117215704","2026-01-12"
"MEX.30.117_1","Oluta","GADM2","3.6","MX","Business & Utility Services","0.4804993788124288","17.916607064220003","-94.92787117215704","2026-01-12"
"MEX.30.117_1","Oluta","GADM2","3.6","MX","Local Events","0.4205386858781951","17.916607064220003","-94.92787117215704","2026-01-12"
"MEX.30.117_1","Oluta","GADM2","3.6","MX","Retail","0.50970441315942","17.916607064220003","-94.92787117215704","2026-01-12"
"MEX.30.117_1","Oluta","GADM2","3.6","MX","All","0.48024237156179106","17.916607064220003","-94.92787117215704","2026-01-12"
"MEX.30.117_1","Oluta","GADM2","3.6","MX","Public Good","0.21329132866049025","17.916607064220003","-94.92787117215704","2026-01-12"
"MEX.30.117_1","Oluta","GADM2","3.6","MX","Home Services","0.3129100511713868","17.916607064220003","-94.92787117215704","2026-01-12"
"MEX.30.117_1","Oluta","GADM2","3.6","MX","Professional Services","0.47396144220032543","17.916607064220003","-94.92787117215704","2026-01-12"
"MEX.30.117_1","Oluta","GADM2","3.6","MX","Grocery & Convenience Stores","0.6724246651873361","17.916607064220003","-94.92787117215704","2026-01-12"
"MEX.30.117_1","Oluta","GADM2","3.6","MX","Lifestyle Services","0.4551772149139594","17.916607064220003","-94.92787117215704","2026-01-12"
"MEX.30.117_1","Oluta","GADM2","3.6","MX","Restaurants","0.432016700536324","17.916607064220003","-94.92787117215704","2026-01-12"
"MEX.15.25_1","Chiconcuac","GADM2","3.6","MX","Restaurants","0.28873541886238663","19.517435830321276","-98.89757202940719","2026-01-12"
"MEX.15.25_1","Chiconcuac","GADM2","3.6","MX","Lifestyle Services","0.2791486736653305","19.517435830321276","-98.89757202940719","2026-01-12"
"MEX.15.25_1","Chiconcuac","GADM2","3.6","MX","Public Good","0.36079482846003774","19.517435830321276","-98.89757202940719","2026-01-12"
"MEX.15.25_1","Chiconcuac","GADM2","3.6","MX","All","0.22506776479255058","19.517435830321276","-98.89757202940719","2026-01-12"
"MEX.15.25_1","Chiconcuac","GADM2","3.6","MX","Home Services","0.634561187451004","19.517435830321276","-98.89757202940719","2026-01-12"
"MEX.15.25_1","Chiconcuac","GADM2","3.6","MX","Local Events","0.4274983598942807","19.517435830321276","-98.89757202940719","2026-01-12"
"MEX.15.25_1","Chiconcuac","GADM2","3.6","MX","Grocery & Convenience Stores","0.22722222926821845","19.517435830321276","-98.89757202940719","2026-01-12"
"MEX.15.25_1","Chiconcuac","GADM2","3.6","MX","Business & Utility Services","0.24556760016703796","19.517435830321276","-98.89757202940719","2026-01-12"
"MEX.15.25_1","Chiconcuac","GADM2","3.6","MX","Professional Services","0.30427887140508514","19.517435830321276","-98.89757202940719","2026-01-12"
"MEX.15.25_1","Chiconcuac","GADM2","3.6","MX","Retail","0.1873389503076975","19.517435830321276","-98.89757202940719","2026-01-12"
"MEX.11.16_1","Irapuato","GADM2","3.6","MX","Restaurants","0.2916844962867328","20.710880553357732","-101.36121022858167","2026-01-12"
"MEX.11.16_1","Irapuato","GADM2","3.6","MX","Local Events","0.6834425296168621","20.710880553357732","-101.36121022858167","2026-01-12"
"MEX.11.16_1","Irapuato","GADM2","3.6","MX","Business & Utility Services","0.5614098031732291","20.710880553357732","-101.36121022858167","2026-01-12"
"MEX.11.16_1","Irapuato","GADM2","3.6","MX","Retail","0.3395261200675948","20.710880553357732","-101.36121022858167","2026-01-12"
"MEX.11.16_1","Irapuato","GADM2","3.6","MX","Travel","0.4579891812327696","20.710880553357732","-101.36121022858167","2026-01-12"
"MEX.11.16_1","Irapuato","GADM2","3.6","MX","Public Good","0.23426435164279427","20.710880553357732","-101.36121022858167","2026-01-12"
"MEX.11.16_1","Irapuato","GADM2","3.6","MX","All","0.402463780519888","20.710880553357732","-101.36121022858167","2026-01-12"
"MEX.16.91_1","Tinguindín","GADM2","3.6","MX","Restaurants","0.5249720837515721","19.77828246344405","-102.5162394504437","2026-01-12"
"MEX.16.91_1","Tinguindín","GADM2","3.6","MX","Grocery & Convenience Stores","0.6807149688729491","19.77828246344405","-102.5162394504437","2026-01-12"
"MEX.16.91_1","Tinguindín","GADM2","3.6","MX","Professional Services","0.44651111295096435","19.77828246344405","-102.5162394504437","2026-01-12"
"MEX.16.91_1","Tinguindín","GADM2","3.6","MX","Lifestyle Services","0.4102788226871622","19.77828246344405","-102.5162394504437","2026-01-12"
"MEX.16.91_1","Tinguindín","GADM2","3.6","MX","All","0.6135997399187963","19.77828246344405","-102.5162394504437","2026-01-12"
"MEX.16.91_1","Tinguindín","GADM2","3.6","MX","Retail","0.4916847458319027","19.77828246344405","-102.5162394504437","2026-01-12"
"MEX.30.127_1","Paso del Macho","GADM2","3.6","MX","Grocery & Convenience Stores","0.4474570077951247","18.96719170363506","-96.65759081677876","2026-01-12"
"MEX.30.127_1","Paso del Macho","GADM2","3.6","MX","Home Services","0.35883240397267263","18.96719170363506","-96.65759081677876","2026-01-12"
"MEX.30.127_1","Paso del Macho","GADM2","3.6","MX","Retail","0.3464887322252347","18.96719170363506","-96.65759081677876","2026-01-12"
"MEX.30.127_1","Paso del Macho","GADM2","3.6","MX","All","0.39206352440780906","18.96719170363506","-96.65759081677876","2026-01-12"
"MEX.30.127_1","Paso del Macho","GADM2","3.6","MX","Restaurants","0.6372483172394422","18.96719170363506","-96.65759081677876","2026-01-12"
"MEX.30.127_1","Paso del Macho","GADM2","3.6","MX","Public Good","0.4273016966059299","18.96719170363506","-96.65759081677876","2026-01-12"
"MEX.30.127_1","Paso del Macho","GADM2","3.6","MX","Business & Utility Services","0.44823035746367823","18.96719170363506","-96.65759081677876","2026-01-12"
"MEX.16.72_1","Peribán","GADM2","3.6","MX","Public Good","0.18423214119280024","19.484692187483525","-102.46794307182067","2026-01-12"
"MEX.16.72_1","Peribán","GADM2","3.6","MX","Professional Services","0.1798829552402135","19.484692187483525","-102.46794307182067","2026-01-12"
"MEX.16.72_1","Peribán","GADM2","3.6","MX","Business & Utility Services","0.31393562829209004","19.484692187483525","-102.46794307182067","2026-01-12"
"MEX.16.72_1","Peribán","GADM2","3.6","MX","Home Services","0.6130585529744762","19.484692187483525","-102.46794307182067","2026-01-12"
"MEX.16.72_1","Peribán","GADM2","3.6","MX","All","0.4933448927186369","19.484692187483525","-102.46794307182067","2026-01-12"
"MEX.16.72_1","Peribán","GADM2","3.6","MX","Restaurants","0.30605929785866126","19.484692187483525","-102.46794307182067","2026-01-12"
"MEX.16.72_1","Peribán","GADM2","3.6","MX","Retail","0.6367979775640304","19.484692187483525","-102.46794307182067","2026-01-12"
"MEX.16.72_1","Peribán","GADM2","3.6","MX","Lifestyle Services","0.657508315944499","19.484692187483525","-102.46794307182067","2026-01-12"
"MEX.15.3_1","Aculco","GADM2","3.6","MX","Restaurants","0.21366757285296495","20.117553816688197","-99.83309643105233","2026-01-12"
"MEX.15.3_1","Aculco","GADM2","3.6","MX","Professional Services","0.29742202191472444","20.117553816688197","-99.83309643105233","2026-01-12"
"MEX.15.3_1","Aculco","GADM2","3.6","MX","All","0.2781318669986182","20.117553816688197","-99.83309643105233","2026-01-12"
"MEX.15.3_1","Aculco","GADM2","3.6","MX","Retail","0.5852188515105521","20.117553816688197","-99.83309643105233","2026-01-12"
"MEX.16.48_1","Jungapeo","GADM2","3.6","MX","All","0.3623708067998395","19.41753256018492","-100.48509397571817","2026-01-12"
"MEX.14.75_1","San Diego de Alejandría","GADM2","3.6","MX","All","0.3474073491111299","20.94297057504414","-102.05736077187409","2026-01-12"
"MEX.14.75_1","San Diego de Alejandría","GADM2","3.6","MX","Retail","0.35250736762165535","20.94297057504414","-102.05736077187409","2026-01-12"
"MEX.14.75_1","San Diego de Alejandría","GADM2","3.6","MX","Restaurants","0.36735580474794255","20.94297057504414","-102.05736077187409","2026-01-12"
"MEX.21.97_1","Mixtla","GADM2","3.6","MX","Professional Services","0.32798797692929405","18.963325896100713","-97.77693402635705","2026-01-12"
"MEX.21.97_1","Mixtla","GADM2","3.6","MX","Home Services","0.298293706992698","18.963325896100713","-97.77693402635705","2026-01-12"
"MEX.21.97_1","Mixtla","GADM2","3.6","MX","All","0.3063028945496872","18.963325896100713","-97.77693402635705","2026-01-12"
"MEX.21.97_1","Mixtla","GADM2","3.6","MX","Grocery & Convenience Stores","0.3989896345988804","18.963325896100713","-97.77693402635705","2026-01-12"
"MEX.21.97_1","Mixtla","GADM2","3.6","MX","Lifestyle Services","0.5913146223108715","18.963325896100713","-97.77693402635705","2026-01-12"
"MEX.21.97_1","Mixtla","GADM2","3.6","MX","Restaurants","0.4830700387284342","18.963325896100713","-97.77693402635705","2026-01-12"
"MEX.21.97_1","Mixtla","GADM2","3.6","MX","Business & Utility Services","0.23005622349905774","18.963325896100713","-97.77693402635705","2026-01-12"
"MEX.21.97_1","Mixtla","GADM2","3.6","MX","Retail","0.35564650942375764","18.963325896100713","-97.77693402635705","2026-01-12"
"MEX.12.30_1","Erongarícuaro","GADM2","3.6","MX","All","0.3024676092891789","18.275820961720235","-101.6445349744371","2026-01-12"
"MEX.16.37_1","Huaniqueo","GADM2","3.6","MX","All","0.09886001026155673","19.886946932473222","-101.50989911230201","2026-01-12"
"MEX.15.99_1","Texcalyacac","GADM2","3.6","MX","All","0.44092854022916955","19.003975956337115","-99.4371052269183","2026-01-12"
"MEX.15.99_1","Texcalyacac","GADM2","3.6","MX","Restaurants","0.5528396738163895","19.003975956337115","-99.4371052269183","2026-01-12"
"MEX.15.99_1","Texcalyacac","GADM2","3.6","MX","Retail","0.3000297704223102","19.003975956337115","-99.4371052269183","2026-01-12"
"MEX.15.99_1","Texcalyacac","GADM2","3.6","MX","Home Services","0.6719484345416973","19.003975956337115","-99.4371052269183","2026-01-12"
"MEX.12.40_1","Juan R. Escudero","GADM2","3.6","MX","Retail","0.3780247416496288","17.175029054314155","-99.40289118659845","2026-01-12"
"MEX.12.40_1","Juan R. Escudero","GADM2","3.6","MX","All","0.37886559264914516","17.175029054314155","-99.40289118659845","2026-01-12"
"MEX.29.8_1","Chiautempan","GADM2","3.6","MX","Professional Services","0.22011918329864977","19.30941973397828","-98.03829770564963","2026-01-12"
"MEX.29.8_1","Chiautempan","GADM2","3.6","MX","All","0.169849750459512","19.30941973397828","-98.03829770564963","2026-01-12"
"MEX.13.51_1","San Agustín Tlaxiaca","GADM2","3.6","MX","Lifestyle Services","0.42484855839355296","20.097580264207707","-98.79590090536263","2026-01-12"
"MEX.13.51_1","San Agustín Tlaxiaca","GADM2","3.6","MX","Home Services","0.490548233161665","20.097580264207707","-98.79590090536263","2026-01-12"
"MEX.13.51_1","San Agustín Tlaxiaca","GADM2","3.6","MX","Public Good","0.18378402757603268","20.097580264207707","-98.79590090536263","2026-01-12"
"MEX.13.51_1","San Agustín Tlaxiaca","GADM2","3.6","MX","Manufacturing","0.5736005149032162","20.097580264207707","-98.79590090536263","2026-01-12"
"MEX.13.51_1","San Agustín Tlaxiaca","GADM2","3.6","MX","Professional Services","0.4817370728234063","20.097580264207707","-98.79590090536263","2026-01-12"
"MEX.13.51_1","San Agustín Tlaxiaca","GADM2","3.6","MX","Grocery & Convenience Stores","0.28207937560156593","20.097580264207707","-98.79590090536263","2026-01-12"
"MEX.13.51_1","San Agustín Tlaxiaca","GADM2","3.6","MX","All","0.4230805034364416","20.097580264207707","-98.79590090536263","2026-01-12"
"MEX.13.51_1","San Agustín Tlaxiaca","GADM2","3.6","MX","Travel","0.31900438394978436","20.097580264207707","-98.79590090536263","2026-01-12"
"MEX.13.51_1","San Agustín Tlaxiaca","GADM2","3.6","MX","Local Events","0.3307333439189703","20.097580264207707","-98.79590090536263","2026-01-12"
"MEX.13.51_1","San Agustín Tlaxiaca","GADM2","3.6","MX","Restaurants","0.34084903465414274","20.097580264207707","-98.79590090536263","2026-01-12"
"MEX.13.51_1","San Agustín Tlaxiaca","GADM2","3.6","MX","Business & Utility Services","0.4786022604545415","20.097580264207707","-98.79590090536263","2026-01-12"
"MEX.13.51_1","San Agustín Tlaxiaca","GADM2","3.6","MX","Retail","0.39843113744659586","20.097580264207707","-98.79590090536263","2026-01-12"
"MEX.13.51_1","San Agustín Tlaxiaca","GADM2","3.6","MX","","0.2503261496563965","20.097580264207707","-98.79590090536263","2026-01-12"
"MEX.1.7_1","Rincón de Romos","GADM2","3.6","MX","Business & Utility Services","0.42395625978351165","22.215991508637014","-102.34094977800024","2026-01-12"
"MEX.1.7_1","Rincón de Romos","GADM2","3.6","MX","Home Services","0.4961191392727661","22.215991508637014","-102.34094977800024","2026-01-12"
"MEX.30.110_1","Misantla","GADM2","3.6","MX","Retail","0.33677068773293367","19.976151748272503","-96.8059090072326","2026-01-12"
"MEX.30.110_1","Misantla","GADM2","3.6","MX","Restaurants","0.24344058753031947","19.976151748272503","-96.8059090072326","2026-01-12"
"MEX.30.110_1","Misantla","GADM2","3.6","MX","All","0.23819137967432577","19.976151748272503","-96.8059090072326","2026-01-12"
"MEX.30.104_1","Martínez de la Torre","GADM2","3.6","MX","All","0.40989479262765055","20.153363095561613","-96.99731206037873","2026-01-12"
"MEX.30.104_1","Martínez de la Torre","GADM2","3.6","MX","Lifestyle Services","0.6115501019268059","20.153363095561613","-96.99731206037873","2026-01-12"
"MEX.30.104_1","Martínez de la Torre","GADM2","3.6","MX","Home Services","0.5249517944421812","20.153363095561613","-96.99731206037873","2026-01-12"
"MEX.30.104_1","Martínez de la Torre","GADM2","3.6","MX","Business & Utility Services","0.6376722253000937","20.153363095561613","-96.99731206037873","2026-01-12"
"MEX.30.104_1","Martínez de la Torre","GADM2","3.6","MX","Restaurants","0.2803053856166653","20.153363095561613","-96.99731206037873","2026-01-12"
"MEX.30.104_1","Martínez de la Torre","GADM2","3.6","MX","Grocery & Convenience Stores","0.3447179204032658","20.153363095561613","-96.99731206037873","2026-01-12"
"MEX.30.104_1","Martínez de la Torre","GADM2","3.6","MX","Public Good","0.5221272383789028","20.153363095561613","-96.99731206037873","2026-01-12"
"MEX.30.104_1","Martínez de la Torre","GADM2","3.6","MX","Retail","0.3320503191868075","20.153363095561613","-96.99731206037873","2026-01-12"
"MEX.30.104_1","Martínez de la Torre","GADM2","3.6","MX","Professional Services","0.5070316097568842","20.153363095561613","-96.99731206037873","2026-01-12"
"MEX.24.41_1","Tamuín","GADM2","3.6","MX","Lifestyle Services","0.36925089208535045","22.12153430151517","-98.77317350197158","2026-01-12"
"MEX.24.41_1","Tamuín","GADM2","3.6","MX","Restaurants","0.4241052406977592","22.12153430151517","-98.77317350197158","2026-01-12"
"MEX.24.41_1","Tamuín","GADM2","3.6","MX","Professional Services","0.5236677897721657","22.12153430151517","-98.77317350197158","2026-01-12"
"MEX.24.41_1","Tamuín","GADM2","3.6","MX","Home Services","0.6289402430118175","22.12153430151517","-98.77317350197158","2026-01-12"
"MEX.24.41_1","Tamuín","GADM2","3.6","MX","Retail","0.42713866294667585","22.12153430151517","-98.77317350197158","2026-01-12"
"MEX.24.41_1","Tamuín","GADM2","3.6","MX","All","0.5180015764500787","22.12153430151517","-98.77317350197158","2026-01-12"
"MEX.15.94_1","Tepetlaoxtoc","GADM2","3.6","MX","Local Events","0.2827361799793266","19.53322345575373","-98.75047554843249","2026-01-12"
"MEX.15.94_1","Tepetlaoxtoc","GADM2","3.6","MX","Professional Services","0.3881725457144855","19.53322345575373","-98.75047554843249","2026-01-12"
"MEX.15.94_1","Tepetlaoxtoc","GADM2","3.6","MX","Restaurants","0.38345183342400346","19.53322345575373","-98.75047554843249","2026-01-12"
"MEX.15.94_1","Tepetlaoxtoc","GADM2","3.6","MX","Home Services","0.5863661424077135","19.53322345575373","-98.75047554843249","2026-01-12"
"MEX.15.94_1","Tepetlaoxtoc","GADM2","3.6","MX","Public Good","0.42499511655672767","19.53322345575373","-98.75047554843249","2026-01-12"
"MEX.15.94_1","Tepetlaoxtoc","GADM2","3.6","MX","Retail","0.29238941707698146","19.53322345575373","-98.75047554843249","2026-01-12"
"MEX.15.94_1","Tepetlaoxtoc","GADM2","3.6","MX","Lifestyle Services","0.7042710321538251","19.53322345575373","-98.75047554843249","2026-01-12"
"MEX.15.94_1","Tepetlaoxtoc","GADM2","3.6","MX","Business & Utility Services","0.6201328146772519","19.53322345575373","-98.75047554843249","2026-01-12"
"MEX.15.94_1","Tepetlaoxtoc","GADM2","3.6","MX","All","0.29964960283182906","19.53322345575373","-98.75047554843249","2026-01-12"
"MEX.30.59_1","Coyutla","GADM2","3.6","MX","Retail","0.48539212524868297","20.370736978937206","-97.61855774885812","2026-01-12"
"MEX.30.59_1","Coyutla","GADM2","3.6","MX","Home Services","0.44035170062344164","20.370736978937206","-97.61855774885812","2026-01-12"
"MEX.30.59_1","Coyutla","GADM2","3.6","MX","Lifestyle Services","0.26087342617981324","20.370736978937206","-97.61855774885812","2026-01-12"
"MEX.30.59_1","Coyutla","GADM2","3.6","MX","Restaurants","0.6779823760447138","20.370736978937206","-97.61855774885812","2026-01-12"
"MEX.30.59_1","Coyutla","GADM2","3.6","MX","Professional Services","0.410484682745602","20.370736978937206","-97.61855774885812","2026-01-12"
"MEX.30.59_1","Coyutla","GADM2","3.6","MX","Grocery & Convenience Stores","0.6210326585337933","20.370736978937206","-97.61855774885812","2026-01-12"
"MEX.30.59_1","Coyutla","GADM2","3.6","MX","All","0.4925625457985126","20.370736978937206","-97.61855774885812","2026-01-12"
"MEX.30.59_1","Coyutla","GADM2","3.6","MX","Public Good","0.3503773576513262","20.370736978937206","-97.61855774885812","2026-01-12"
"MEX.32.17_1","Guadalupe","GADM2","3.6","MX","All","0.4032497676344432","22.72713379536714","-102.43284887911815","2026-01-12"
"MEX.32.17_1","Guadalupe","GADM2","3.6","MX","Grocery & Convenience Stores","0.6117056308031606","22.72713379536714","-102.43284887911815","2026-01-12"
"MEX.32.17_1","Guadalupe","GADM2","3.6","MX","Local Events","0.50871142108833","22.72713379536714","-102.43284887911815","2026-01-12"
"MEX.32.17_1","Guadalupe","GADM2","3.6","MX","Retail","0.5264253136717211","22.72713379536714","-102.43284887911815","2026-01-12"
"MEX.32.17_1","Guadalupe","GADM2","3.6","MX","Travel","0.27878033235327376","22.72713379536714","-102.43284887911815","2026-01-12"
"MEX.32.17_1","Guadalupe","GADM2","3.6","MX","Home Services","0.3703559435898199","22.72713379536714","-102.43284887911815","2026-01-12"
"MEX.32.17_1","Guadalupe","GADM2","3.6","MX","Lifestyle Services","0.29401718124902454","22.72713379536714","-102.43284887911815","2026-01-12"
"MEX.32.17_1","Guadalupe","GADM2","3.6","MX","Business & Utility Services","0.4265757733310898","22.72713379536714","-102.43284887911815","2026-01-12"
"MEX.32.17_1","Guadalupe","GADM2","3.6","MX","Professional Services","0.42134263458310145","22.72713379536714","-102.43284887911815","2026-01-12"
"MEX.32.17_1","Guadalupe","GADM2","3.6","MX","Restaurants","0.39314935747681223","22.72713379536714","-102.43284887911815","2026-01-12"
"MEX.32.17_1","Guadalupe","GADM2","3.6","MX","Public Good","0.2901756321186234","22.72713379536714","-102.43284887911815","2026-01-12"
"MEX.20.13_1","Dist. Miahuatlan","GADM2","3.6","MX","Professional Services","0.3308134906710998","16.31902839085715","-96.69741453155372","2026-01-12"
"MEX.20.13_1","Dist. Miahuatlan","GADM2","3.6","MX","All","0.31792493006100125","16.31902839085715","-96.69741453155372","2026-01-12"
"MEX.20.13_1","Dist. Miahuatlan","GADM2","3.6","MX","Restaurants","0.32626462565174236","16.31902839085715","-96.69741453155372","2026-01-12"
"MEX.20.13_1","Dist. Miahuatlan","GADM2","3.6","MX","Travel","0.18673871034256953","16.31902839085715","-96.69741453155372","2026-01-12"
"MEX.20.13_1","Dist. Miahuatlan","GADM2","3.6","MX","Retail","0.31523462435443006","16.31902839085715","-96.69741453155372","2026-01-12"
"MEX.20.13_1","Dist. Miahuatlan","GADM2","3.6","MX","Lifestyle Services","0.21440731641010422","16.31902839085715","-96.69741453155372","2026-01-12"
"MEX.20.13_1","Dist. Miahuatlan","GADM2","3.6","MX","Grocery & Convenience Stores","0.5747866782459246","16.31902839085715","-96.69741453155372","2026-01-12"
"MEX.20.13_1","Dist. Miahuatlan","GADM2","3.6","MX","Public Good","0.4985516387776143","16.31902839085715","-96.69741453155372","2026-01-12"
"MEX.20.13_1","Dist. Miahuatlan","GADM2","3.6","MX","Business & Utility Services","0.6985598201393884","16.31902839085715","-96.69741453155372","2026-01-12"
"MEX.20.13_1","Dist. Miahuatlan","GADM2","3.6","MX","Local Events","0.6039481021470355","16.31902839085715","-96.69741453155372","2026-01-12"
"MEX.20.13_1","Dist. Miahuatlan","GADM2","3.6","MX","Home Services","0.6591600151886755","16.31902839085715","-96.69741453155372","2026-01-12"
"MEX.28.29_1","Ocampo","GADM2","3.6","MX","All","0.5119096224163717","22.82838205273709","-99.36240079733685","2026-01-12"
"MEX.28.29_1","Ocampo","GADM2","3.6","MX","Restaurants","0.47310775475161065","22.82838205273709","-99.36240079733685","2026-01-12"
"MEX.28.29_1","Ocampo","GADM2","3.6","MX","Grocery & Convenience Stores","0.42826097793983836","22.82838205273709","-99.36240079733685","2026-01-12"
"MEX.30.103_1","Mariano Escobedo","GADM2","3.6","MX","All","0.32409138203816973","18.890904747489476","-97.04508465145561","2026-01-12"
"MEX.30.103_1","Mariano Escobedo","GADM2","3.6","MX","Professional Services","0.43035176243800505","18.890904747489476","-97.04508465145561","2026-01-12"
"MEX.30.103_1","Mariano Escobedo","GADM2","3.6","MX","Retail","0.45783864099865446","18.890904747489476","-97.04508465145561","2026-01-12"
"MEX.30.103_1","Mariano Escobedo","GADM2","3.6","MX","Restaurants","0.46012391689356086","18.890904747489476","-97.04508465145561","2026-01-12"
"MEX.12.14_1","Benito Juárez","GADM2","3.6","MX","Grocery & Convenience Stores","0.5765293324076718","17.09967991230262","-100.39604887690409","2026-01-12"
"MEX.12.14_1","Benito Juárez","GADM2","3.6","MX","Retail","0.4421350220481473","17.09967991230262","-100.39604887690409","2026-01-12"
"MEX.12.14_1","Benito Juárez","GADM2","3.6","MX","All","0.3443555806233386","17.09967991230262","-100.39604887690409","2026-01-12"
"MEX.12.14_1","Benito Juárez","GADM2","3.6","MX","Home Services","0.48825521572720015","17.09967991230262","-100.39604887690409","2026-01-12"
"MEX.12.14_1","Benito Juárez","GADM2","3.6","MX","Professional Services","0.4520893457794709","17.09967991230262","-100.39604887690409","2026-01-12"
"MEX.12.14_1","Benito Juárez","GADM2","3.6","MX","Restaurants","0.31688094012662965","17.09967991230262","-100.39604887690409","2026-01-12"
"MEX.15.105_1","Tlalnepantla","GADM2","3.6","MX","Professional Services","0.4374545621670062","19.490365378802395","-99.0494330284099","2026-01-12"
"MEX.15.105_1","Tlalnepantla","GADM2","3.6","MX","Home Services","0.6261096094315931","19.490365378802395","-99.0494330284099","2026-01-12"
"MEX.15.105_1","Tlalnepantla","GADM2","3.6","MX","Public Good","0.4209924406801066","19.490365378802395","-99.0494330284099","2026-01-12"
"MEX.15.105_1","Tlalnepantla","GADM2","3.6","MX","Manufacturing","0.4653635684010994","19.490365378802395","-99.0494330284099","2026-01-12"
"MEX.15.105_1","Tlalnepantla","GADM2","3.6","MX","Grocery & Convenience Stores","0.2668402386080017","19.490365378802395","-99.0494330284099","2026-01-12"
"MEX.15.105_1","Tlalnepantla","GADM2","3.6","MX","All","0.32442137777277974","19.490365378802395","-99.0494330284099","2026-01-12"
"MEX.15.105_1","Tlalnepantla","GADM2","3.6","MX","Local Events","0.4818561261454258","19.490365378802395","-99.0494330284099","2026-01-12"
"MEX.15.105_1","Tlalnepantla","GADM2","3.6","MX","","0.33802366563002023","19.490365378802395","-99.0494330284099","2026-01-12"
"MEX.15.105_1","Tlalnepantla","GADM2","3.6","MX","Retail","0.3453909762087464","19.490365378802395","-99.0494330284099","2026-01-12"
"MEX.15.105_1","Tlalnepantla","GADM2","3.6","MX","Business & Utility Services","0.3613232481055212","19.490365378802395","-99.0494330284099","2026-01-12"
"MEX.15.105_1","Tlalnepantla","GADM2","3.6","MX","Lifestyle Services","0.2863977756438943","19.490365378802395","-99.0494330284099","2026-01-12"
"MEX.15.105_1","Tlalnepantla","GADM2","3.6","MX","Travel","0.1659540135742191","19.490365378802395","-99.0494330284099","2026-01-12"
"MEX.15.105_1","Tlalnepantla","GADM2","3.6","MX","Restaurants","0.22579281765137107","19.490365378802395","-99.0494330284099","2026-01-12"
"MEX.21.33_1","Chiautzingo","GADM2","3.6","MX","All","0.29347349354569247","19.226452878530825","-98.42148714818642","2026-01-12"
"MEX.12.57_1","Taxco de Alarcón","GADM2","3.6","MX","Lifestyle Services","0.2586552997505581","18.48975230272346","-99.53499740300782","2026-01-12"
"MEX.12.57_1","Taxco de Alarcón","GADM2","3.6","MX","Retail","0.41882564919885007","18.48975230272346","-99.53499740300782","2026-01-12"
"MEX.12.57_1","Taxco de Alarcón","GADM2","3.6","MX","Professional Services","0.38647649881142015","18.48975230272346","-99.53499740300782","2026-01-12"
"MEX.12.57_1","Taxco de Alarcón","GADM2","3.6","MX","Travel","0.08339606176023187","18.48975230272346","-99.53499740300782","2026-01-12"
"MEX.12.57_1","Taxco de Alarcón","GADM2","3.6","MX","Local Events","0.6754771696059431","18.48975230272346","-99.53499740300782","2026-01-12"
"MEX.12.57_1","Taxco de Alarcón","GADM2","3.6","MX","Grocery & Convenience Stores","0.2660810674582107","18.48975230272346","-99.53499740300782","2026-01-12"
"MEX.12.57_1","Taxco de Alarcón","GADM2","3.6","MX","Restaurants","0.3270843534828335","18.48975230272346","-99.53499740300782","2026-01-12"
"MEX.12.57_1","Taxco de Alarcón","GADM2","3.6","MX","Business & Utility Services","0.5798690849701823","18.48975230272346","-99.53499740300782","2026-01-12"
"MEX.12.57_1","Taxco de Alarcón","GADM2","3.6","MX","Public Good","0.33842766540212066","18.48975230272346","-99.53499740300782","2026-01-12"
"MEX.12.57_1","Taxco de Alarcón","GADM2","3.6","MX","All","0.32271966906570876","18.48975230272346","-99.53499740300782","2026-01-12"
"MEX.12.57_1","Taxco de Alarcón","GADM2","3.6","MX","Home Services","0.29802584741449406","18.48975230272346","-99.53499740300782","2026-01-12"
"MEX.15.63_1","Nicolás Romero","GADM2","3.6","MX","Travel","0.5215900857935785","19.58143339002858","-99.35454751005517","2026-01-12"
"MEX.15.63_1","Nicolás Romero","GADM2","3.6","MX","Retail","0.4240754894615467","19.58143339002858","-99.35454751005517","2026-01-12"
"MEX.15.63_1","Nicolás Romero","GADM2","3.6","MX","Lifestyle Services","0.49048385030545205","19.58143339002858","-99.35454751005517","2026-01-12"
"MEX.15.63_1","Nicolás Romero","GADM2","3.6","MX","Grocery & Convenience Stores","0.4507497981434841","19.58143339002858","-99.35454751005517","2026-01-12"
"MEX.15.63_1","Nicolás Romero","GADM2","3.6","MX","Professional Services","0.41571226166648995","19.58143339002858","-99.35454751005517","2026-01-12"
"MEX.15.63_1","Nicolás Romero","GADM2","3.6","MX","All","0.39504691373591033","19.58143339002858","-99.35454751005517","2026-01-12"
"MEX.15.63_1","Nicolás Romero","GADM2","3.6","MX","Manufacturing","0.36748847851371946","19.58143339002858","-99.35454751005517","2026-01-12"
"MEX.15.63_1","Nicolás Romero","GADM2","3.6","MX","Home Services","0.35333101596426886","19.58143339002858","-99.35454751005517","2026-01-12"
"MEX.15.63_1","Nicolás Romero","GADM2","3.6","MX","","0.5235551498885661","19.58143339002858","-99.35454751005517","2026-01-12"
"MEX.15.63_1","Nicolás Romero","GADM2","3.6","MX","Business & Utility Services","0.49332159760160643","19.58143339002858","-99.35454751005517","2026-01-12"
"MEX.15.63_1","Nicolás Romero","GADM2","3.6","MX","Public Good","0.3173474469151657","19.58143339002858","-99.35454751005517","2026-01-12"
"MEX.15.63_1","Nicolás Romero","GADM2","3.6","MX","Local Events","0.4144440130126187","19.58143339002858","-99.35454751005517","2026-01-12"
"MEX.15.63_1","Nicolás Romero","GADM2","3.6","MX","Restaurants","0.25052818372284286","19.58143339002858","-99.35454751005517","2026-01-12"
"MEX.30.159_1","Tempoal","GADM2","3.6","MX","Home Services","0.24720709758609344","21.651180006214613","-98.39210195358153","2026-01-12"
"MEX.30.159_1","Tempoal","GADM2","3.6","MX","Lifestyle Services","0.5208150898811219","21.651180006214613","-98.39210195358153","2026-01-12"
"MEX.30.159_1","Tempoal","GADM2","3.6","MX","Retail","0.4854636017854737","21.651180006214613","-98.39210195358153","2026-01-12"
"MEX.30.159_1","Tempoal","GADM2","3.6","MX","Grocery & Convenience Stores","0.585546849055758","21.651180006214613","-98.39210195358153","2026-01-12"
"MEX.30.159_1","Tempoal","GADM2","3.6","MX","Professional Services","0.2789133405426049","21.651180006214613","-98.39210195358153","2026-01-12"
"MEX.30.159_1","Tempoal","GADM2","3.6","MX","Restaurants","0.5847221687626792","21.651180006214613","-98.39210195358153","2026-01-12"
"MEX.30.159_1","Tempoal","GADM2","3.6","MX","All","0.5144209059782291","21.651180006214613","-98.39210195358153","2026-01-12"
"MEX.15.84_1","Temamatla","GADM2","3.6","MX","All","0.28486397628151044","19.17382314205059","-98.80874796564245","2026-01-12"
"MEX.21.196_1","Xiutetelco","GADM2","3.6","MX","All","0.5559389848780624","19.75941501944585","-97.2960385518524","2026-01-12"
"MEX.16.13_1","Carácuaro","GADM2","3.6","MX","All","0.28955026559114155","18.966187082578983","-101.04610142499314","2026-01-12"
"MEX.15.80_1","Soyaniquilpan de Juárez","GADM2","3.6","MX","All","0.5710350589107602","20.052088365391064","-99.51247996961689","2026-01-12"
"MEX.20.24_1","Dist. Tlacolula","GADM2","3.6","MX","Retail","0.4265518659953876","16.90810335160841","-96.38388678132736","2026-01-12"
"MEX.20.24_1","Dist. Tlacolula","GADM2","3.6","MX","","0.451693274672358","16.90810335160841","-96.38388678132736","2026-01-12"
"MEX.20.24_1","Dist. Tlacolula","GADM2","3.6","MX","All","0.38813810754773037","16.90810335160841","-96.38388678132736","2026-01-12"
"MEX.20.24_1","Dist. Tlacolula","GADM2","3.6","MX","Business & Utility Services","0.6443218198022119","16.90810335160841","-96.38388678132736","2026-01-12"
"MEX.20.24_1","Dist. Tlacolula","GADM2","3.6","MX","Lifestyle Services","0.4405099116758523","16.90810335160841","-96.38388678132736","2026-01-12"
"MEX.20.24_1","Dist. Tlacolula","GADM2","3.6","MX","Home Services","0.6428825179153608","16.90810335160841","-96.38388678132736","2026-01-12"
"MEX.20.24_1","Dist. Tlacolula","GADM2","3.6","MX","Professional Services","0.4430548239715299","16.90810335160841","-96.38388678132736","2026-01-12"
"MEX.20.24_1","Dist. Tlacolula","GADM2","3.6","MX","Local Events","0.5290989040592141","16.90810335160841","-96.38388678132736","2026-01-12"
"MEX.20.24_1","Dist. Tlacolula","GADM2","3.6","MX","Manufacturing","0.25982571414307126","16.90810335160841","-96.38388678132736","2026-01-12"
"MEX.20.24_1","Dist. Tlacolula","GADM2","3.6","MX","Travel","0.3319332001861386","16.90810335160841","-96.38388678132736","2026-01-12"
"MEX.20.24_1","Dist. Tlacolula","GADM2","3.6","MX","Public Good","0.20951634009623127","16.90810335160841","-96.38388678132736","2026-01-12"
"MEX.20.24_1","Dist. Tlacolula","GADM2","3.6","MX","Grocery & Convenience Stores","0.2893855500543091","16.90810335160841","-96.38388678132736","2026-01-12"
"MEX.20.24_1","Dist. Tlacolula","GADM2","3.6","MX","Restaurants","0.2567817160642481","16.90810335160841","-96.38388678132736","2026-01-12"
"MEX.21.142_1","San Salvador Huixcolotla","GADM2","3.6","MX","All","0.29779398199152424","18.950644535740746","-97.67065033114211","2026-01-12"
"MEX.9.5_1","Cuajimalpa de Morelos","GADM2","3.6","MX","Professional Services","0.4274485844155243","19.27058331891619","-99.27249649732667","2026-01-12"
"MEX.9.5_1","Cuajimalpa de Morelos","GADM2","3.6","MX","Public Good","0.2829060224148348","19.27058331891619","-99.27249649732667","2026-01-12"
"MEX.9.5_1","Cuajimalpa de Morelos","GADM2","3.6","MX","All","0.4001648341701056","19.27058331891619","-99.27249649732667","2026-01-12"
"MEX.9.5_1","Cuajimalpa de Morelos","GADM2","3.6","MX","Local Events","0.47934040536595557","19.27058331891619","-99.27249649732667","2026-01-12"
"MEX.9.5_1","Cuajimalpa de Morelos","GADM2","3.6","MX","Retail","0.3713170786579205","19.27058331891619","-99.27249649732667","2026-01-12"
"MEX.9.5_1","Cuajimalpa de Morelos","GADM2","3.6","MX","Home Services","0.49871978264547606","19.27058331891619","-99.27249649732667","2026-01-12"
"MEX.9.5_1","Cuajimalpa de Morelos","GADM2","3.6","MX","Travel","0.3637835369810241","19.27058331891619","-99.27249649732667","2026-01-12"
"MEX.9.5_1","Cuajimalpa de Morelos","GADM2","3.6","MX","","0.5729802098604727","19.27058331891619","-99.27249649732667","2026-01-12"
"MEX.9.5_1","Cuajimalpa de Morelos","GADM2","3.6","MX","Lifestyle Services","0.35057828445086325","19.27058331891619","-99.27249649732667","2026-01-12"
"MEX.9.5_1","Cuajimalpa de Morelos","GADM2","3.6","MX","Restaurants","0.37354443944354504","19.27058331891619","-99.27249649732667","2026-01-12"
"MEX.9.5_1","Cuajimalpa de Morelos","GADM2","3.6","MX","Grocery & Convenience Stores","0.39723111855442506","19.27058331891619","-99.27249649732667","2026-01-12"
"MEX.9.5_1","Cuajimalpa de Morelos","GADM2","3.6","MX","Business & Utility Services","0.48231031207533637","19.27058331891619","-99.27249649732667","2026-01-12"
"MEX.9.5_1","Cuajimalpa de Morelos","GADM2","3.6","MX","Manufacturing","0.27612584125459333","19.27058331891619","-99.27249649732667","2026-01-12"
"MEX.13.43_1","Nicolás Flores","GADM2","3.6","MX","All","0.07209172500910792","20.826823481039614","-99.1493778344458","2026-01-12"
"MEX.16.30_1","Cuitzeo","GADM2","3.6","MX","Restaurants","0.21679990482315178","19.96289851284373","-101.14062052521871","2026-01-12"
"MEX.16.30_1","Cuitzeo","GADM2","3.6","MX","All","0.255754844473986","19.96289851284373","-101.14062052521871","2026-01-12"
"MEX.16.30_1","Cuitzeo","GADM2","3.6","MX","Retail","0.28992173247850855","19.96289851284373","-101.14062052521871","2026-01-12"
"MEX.16.30_1","Cuitzeo","GADM2","3.6","MX","Professional Services","0.6382547997776682","19.96289851284373","-101.14062052521871","2026-01-12"
"MEX.29.13_1","Españita","GADM2","3.6","MX","Retail","0.2867917814430602","19.44307433753395","-98.35449886966556","2026-01-12"
"MEX.29.13_1","Españita","GADM2","3.6","MX","All","0.14032603491601395","19.44307433753395","-98.35449886966556","2026-01-12"
"MEX.30.72_1","Ignacio de la Llave","GADM2","3.6","MX","All","0.3179358264387665","18.736410286851886","-95.95453678561168","2026-01-12"
"MEX.15.1_1","Acambay","GADM2","3.6","MX","Professional Services","0.3924064703928302","19.96859613363226","-99.88422602387737","2026-01-12"
"MEX.15.1_1","Acambay","GADM2","3.6","MX","Public Good","0.19133116996398478","19.96859613363226","-99.88422602387737","2026-01-12"
"MEX.15.1_1","Acambay","GADM2","3.6","MX","Grocery & Convenience Stores","0.3115181037846135","19.96859613363226","-99.88422602387737","2026-01-12"
"MEX.15.1_1","Acambay","GADM2","3.6","MX","Retail","0.6827547407956872","19.96859613363226","-99.88422602387737","2026-01-12"
"MEX.15.1_1","Acambay","GADM2","3.6","MX","All","0.4966260771334987","19.96859613363226","-99.88422602387737","2026-01-12"
"MEX.15.1_1","Acambay","GADM2","3.6","MX","Home Services","0.5808849858491005","19.96859613363226","-99.88422602387737","2026-01-12"
"MEX.15.1_1","Acambay","GADM2","3.6","MX","Lifestyle Services","0.5750806031051745","19.96859613363226","-99.88422602387737","2026-01-12"
"MEX.15.1_1","Acambay","GADM2","3.6","MX","Restaurants","0.399661631938878","19.96859613363226","-99.88422602387737","2026-01-12"
"MEX.15.1_1","Acambay","GADM2","3.6","MX","Business & Utility Services","0.40110300152256084","19.96859613363226","-99.88422602387737","2026-01-12"
"MEX.11.34_1","Santa Catarina","GADM2","3.6","MX","All","0.4528481233206683","21.150831485652212","-100.09733803694739","2026-01-12"
"MEX.29.15_1","Hueyotlipan","GADM2","3.6","MX","All","0.4052406486143732","19.502950912423263","-98.26726834891072","2026-01-12"
"MEX.28.2_1","Aldama","GADM2","3.6","MX","Home Services","0.22507918975461813","23.007616261016146","-98.04034924376671","2026-01-12"
"MEX.28.2_1","Aldama","GADM2","3.6","MX","Lifestyle Services","0.4514702457874017","23.007616261016146","-98.04034924376671","2026-01-12"
"MEX.28.2_1","Aldama","GADM2","3.6","MX","Grocery & Convenience Stores","0.4183110616441848","23.007616261016146","-98.04034924376671","2026-01-12"
"MEX.28.2_1","Aldama","GADM2","3.6","MX","Professional Services","0.59288558220407","23.007616261016146","-98.04034924376671","2026-01-12"
"MEX.28.2_1","Aldama","GADM2","3.6","MX","Restaurants","0.7572907270042036","23.007616261016146","-98.04034924376671","2026-01-12"
"MEX.21.81_1","Ignacio Allende","GADM2","3.6","MX","All","0.37563259408970345","20.04340981849978","-97.54873022397902","2026-01-12"
"MEX.32.34_1","Nochistlán de Mejía","GADM2","3.6","MX","Retail","0.2378243883693702","21.362817899492622","-102.87753238753623","2026-01-12"
"MEX.32.34_1","Nochistlán de Mejía","GADM2","3.6","MX","Lifestyle Services","0.3584447024072596","21.362817899492622","-102.87753238753623","2026-01-12"
"MEX.32.34_1","Nochistlán de Mejía","GADM2","3.6","MX","Local Events","0.5193085188484602","21.362817899492622","-102.87753238753623","2026-01-12"
"MEX.32.34_1","Nochistlán de Mejía","GADM2","3.6","MX","Restaurants","0.3034150363319913","21.362817899492622","-102.87753238753623","2026-01-12"
"MEX.32.34_1","Nochistlán de Mejía","GADM2","3.6","MX","Professional Services","0.6657040767299514","21.362817899492622","-102.87753238753623","2026-01-12"
"MEX.32.34_1","Nochistlán de Mejía","GADM2","3.6","MX","All","0.3672765922726521","21.362817899492622","-102.87753238753623","2026-01-12"
"MEX.32.34_1","Nochistlán de Mejía","GADM2","3.6","MX","Public Good","0.46137877530507243","21.362817899492622","-102.87753238753623","2026-01-12"
"MEX.32.34_1","Nochistlán de Mejía","GADM2","3.6","MX","Grocery & Convenience Stores","0.49523437231294604","21.362817899492622","-102.87753238753623","2026-01-12"
"MEX.32.34_1","Nochistlán de Mejía","GADM2","3.6","MX","Home Services","0.5262548583585717","21.362817899492622","-102.87753238753623","2026-01-12"
"MEX.15.62_1","Nezahualcóyotl","GADM2","3.6","MX","All","0.3165190288216517","19.38218883569516","-98.96843136530202","2026-01-12"
"MEX.15.62_1","Nezahualcóyotl","GADM2","3.6","MX","Business & Utility Services","0.39147584415452463","19.38218883569516","-98.96843136530202","2026-01-12"
"MEX.15.62_1","Nezahualcóyotl","GADM2","3.6","MX","Local Events","0.5446821639663603","19.38218883569516","-98.96843136530202","2026-01-12"
"MEX.15.62_1","Nezahualcóyotl","GADM2","3.6","MX","Manufacturing","0.4461229398270383","19.38218883569516","-98.96843136530202","2026-01-12"
"MEX.15.62_1","Nezahualcóyotl","GADM2","3.6","MX","Restaurants","0.3937448582414128","19.38218883569516","-98.96843136530202","2026-01-12"
"MEX.15.62_1","Nezahualcóyotl","GADM2","3.6","MX","Travel","0.5465154327176013","19.38218883569516","-98.96843136530202","2026-01-12"
"MEX.15.62_1","Nezahualcóyotl","GADM2","3.6","MX","Grocery & Convenience Stores","0.4364453462899755","19.38218883569516","-98.96843136530202","2026-01-12"
"MEX.15.62_1","Nezahualcóyotl","GADM2","3.6","MX","Home Services","0.49178193217217586","19.38218883569516","-98.96843136530202","2026-01-12"
"MEX.15.62_1","Nezahualcóyotl","GADM2","3.6","MX","Professional Services","0.37486438273454464","19.38218883569516","-98.96843136530202","2026-01-12"
"MEX.15.62_1","Nezahualcóyotl","GADM2","3.6","MX","","0.28129052386728415","19.38218883569516","-98.96843136530202","2026-01-12"
"MEX.15.62_1","Nezahualcóyotl","GADM2","3.6","MX","Lifestyle Services","0.24546251485031498","19.38218883569516","-98.96843136530202","2026-01-12"
"MEX.15.62_1","Nezahualcóyotl","GADM2","3.6","MX","Public Good","0.40261118308514554","19.38218883569516","-98.96843136530202","2026-01-12"
"MEX.15.62_1","Nezahualcóyotl","GADM2","3.6","MX","Retail","0.27903308372536834","19.38218883569516","-98.96843136530202","2026-01-12"
"MEX.12.31_1","Florencio Villarreal","GADM2","3.6","MX","All","0.4074158442693832","16.789108064211376","-99.12008089949865","2026-01-12"
"MEX.12.31_1","Florencio Villarreal","GADM2","3.6","MX","Professional Services","0.47686987968964634","16.789108064211376","-99.12008089949865","2026-01-12"
"MEX.22.10_1","Landa de Matamoros","GADM2","3.6","MX","All","0.4507963015933427","21.27009580845611","-99.20229991838634","2026-01-12"
"MEX.22.10_1","Landa de Matamoros","GADM2","3.6","MX","Retail","0.5917157497105219","21.27009580845611","-99.20229991838634","2026-01-12"
"MEX.30.172_1","Tihuatlán","GADM2","3.6","MX","","0.5618071762097188","20.656120256993837","-97.49446740903481","2026-01-12"
"MEX.30.172_1","Tihuatlán","GADM2","3.6","MX","All","0.5610619836220534","20.656120256993837","-97.49446740903481","2026-01-12"
"MEX.30.172_1","Tihuatlán","GADM2","3.6","MX","Travel","0.7229079457676241","20.656120256993837","-97.49446740903481","2026-01-12"
"MEX.30.172_1","Tihuatlán","GADM2","3.6","MX","Local Events","0.7648778391943976","20.656120256993837","-97.49446740903481","2026-01-12"
"MEX.30.172_1","Tihuatlán","GADM2","3.6","MX","Business & Utility Services","0.5055464870152389","20.656120256993837","-97.49446740903481","2026-01-12"
"MEX.30.172_1","Tihuatlán","GADM2","3.6","MX","Home Services","0.5871945945755137","20.656120256993837","-97.49446740903481","2026-01-12"
"MEX.30.172_1","Tihuatlán","GADM2","3.6","MX","Grocery & Convenience Stores","0.5159669126915742","20.656120256993837","-97.49446740903481","2026-01-12"
"MEX.30.172_1","Tihuatlán","GADM2","3.6","MX","Retail","0.6179452745788124","20.656120256993837","-97.49446740903481","2026-01-12"
"MEX.30.172_1","Tihuatlán","GADM2","3.6","MX","Restaurants","0.3782788581541824","20.656120256993837","-97.49446740903481","2026-01-12"
"MEX.30.172_1","Tihuatlán","GADM2","3.6","MX","Lifestyle Services","0.43187390991329544","20.656120256993837","-97.49446740903481","2026-01-12"
"MEX.30.172_1","Tihuatlán","GADM2","3.6","MX","Professional Services","0.49956355158459964","20.656120256993837","-97.49446740903481","2026-01-12"
"MEX.30.172_1","Tihuatlán","GADM2","3.6","MX","Public Good","0.3425166479290877","20.656120256993837","-97.49446740903481","2026-01-12"
"MEX.11.18_1","Jerécuaro","GADM2","3.6","MX","Public Good","0.23206793911835846","20.18570572895759","-100.50248331635352","2026-01-12"
"MEX.11.18_1","Jerécuaro","GADM2","3.6","MX","Restaurants","0.4377034008388702","20.18570572895759","-100.50248331635352","2026-01-12"
"MEX.11.18_1","Jerécuaro","GADM2","3.6","MX","Lifestyle Services","0.7712459661517281","20.18570572895759","-100.50248331635352","2026-01-12"
"MEX.11.18_1","Jerécuaro","GADM2","3.6","MX","Grocery & Convenience Stores","0.51674069868679","20.18570572895759","-100.50248331635352","2026-01-12"
"MEX.11.18_1","Jerécuaro","GADM2","3.6","MX","Retail","0.497312627227062","20.18570572895759","-100.50248331635352","2026-01-12"
"MEX.11.18_1","Jerécuaro","GADM2","3.6","MX","Home Services","0.4209255754387806","20.18570572895759","-100.50248331635352","2026-01-12"
"MEX.11.18_1","Jerécuaro","GADM2","3.6","MX","All","0.5521291848463676","20.18570572895759","-100.50248331635352","2026-01-12"
"MEX.11.18_1","Jerécuaro","GADM2","3.6","MX","Professional Services","0.4387933114962479","20.18570572895759","-100.50248331635352","2026-01-12"
"MEX.32.23_1","Juchipila","GADM2","3.6","MX","All","0.19490589639073472","21.31467980770576","-103.15053321712207","2026-01-12"
"MEX.30.137_1","Río Blanco","GADM2","3.6","MX","","0.4476850108386628","18.861858846246445","-97.0993756239818","2026-01-12"
"MEX.30.137_1","Río Blanco","GADM2","3.6","MX","Public Good","0.28910782664601375","18.861858846246445","-97.0993756239818","2026-01-12"
"MEX.30.137_1","Río Blanco","GADM2","3.6","MX","Travel","0.3654463510345069","18.861858846246445","-97.0993756239818","2026-01-12"
"MEX.30.137_1","Río Blanco","GADM2","3.6","MX","Restaurants","0.3258055428544115","18.861858846246445","-97.0993756239818","2026-01-12"
"MEX.30.137_1","Río Blanco","GADM2","3.6","MX","All","0.42001610132895556","18.861858846246445","-97.0993756239818","2026-01-12"
"MEX.30.137_1","Río Blanco","GADM2","3.6","MX","Retail","0.3744185941637719","18.861858846246445","-97.0993756239818","2026-01-12"
"MEX.30.137_1","Río Blanco","GADM2","3.6","MX","Business & Utility Services","0.47254378927814217","18.861858846246445","-97.0993756239818","2026-01-12"
"MEX.30.137_1","Río Blanco","GADM2","3.6","MX","Home Services","0.6063834191923554","18.861858846246445","-97.0993756239818","2026-01-12"
"MEX.30.137_1","Río Blanco","GADM2","3.6","MX","Local Events","0.5340456001167223","18.861858846246445","-97.0993756239818","2026-01-12"
"MEX.30.137_1","Río Blanco","GADM2","3.6","MX","Manufacturing","0.39474915064907545","18.861858846246445","-97.0993756239818","2026-01-12"
"MEX.30.137_1","Río Blanco","GADM2","3.6","MX","Grocery & Convenience Stores","0.250824379492035","18.861858846246445","-97.0993756239818","2026-01-12"
"MEX.30.137_1","Río Blanco","GADM2","3.6","MX","Professional Services","0.4838083540588399","18.861858846246445","-97.0993756239818","2026-01-12"
"MEX.30.137_1","Río Blanco","GADM2","3.6","MX","Lifestyle Services","0.42140582215035716","18.861858846246445","-97.0993756239818","2026-01-12"
"MEX.24.34_1","Santa María del Río","GADM2","3.6","MX","Restaurants","0.6264535295843837","21.766580195713008","-100.57296153302646","2026-01-12"
"MEX.24.34_1","Santa María del Río","GADM2","3.6","MX","Grocery & Convenience Stores","0.6655114045022729","21.766580195713008","-100.57296153302646","2026-01-12"
"MEX.24.34_1","Santa María del Río","GADM2","3.6","MX","Local Events","0.589115356261333","21.766580195713008","-100.57296153302646","2026-01-12"
"MEX.24.34_1","Santa María del Río","GADM2","3.6","MX","Lifestyle Services","0.3959975304187733","21.766580195713008","-100.57296153302646","2026-01-12"
"MEX.24.34_1","Santa María del Río","GADM2","3.6","MX","Professional Services","0.4750063842506596","21.766580195713008","-100.57296153302646","2026-01-12"
"MEX.24.34_1","Santa María del Río","GADM2","3.6","MX","All","0.5559606261108103","21.766580195713008","-100.57296153302646","2026-01-12"
"MEX.24.34_1","Santa María del Río","GADM2","3.6","MX","Public Good","0.5161785286888421","21.766580195713008","-100.57296153302646","2026-01-12"
"MEX.24.34_1","Santa María del Río","GADM2","3.6","MX","Business & Utility Services","0.45258596683591074","21.766580195713008","-100.57296153302646","2026-01-12"
"MEX.24.34_1","Santa María del Río","GADM2","3.6","MX","Home Services","0.43976608208527085","21.766580195713008","-100.57296153302646","2026-01-12"
"MEX.24.34_1","Santa María del Río","GADM2","3.6","MX","Retail","0.3965700423241052","21.766580195713008","-100.57296153302646","2026-01-12"
"MEX.24.28_1","San Ciro de Acosta","GADM2","3.6","MX","Retail","0.5333003247543447","21.577489608588824","-99.93991697968876","2026-01-12"
"MEX.24.28_1","San Ciro de Acosta","GADM2","3.6","MX","All","0.592543496420449","21.577489608588824","-99.93991697968876","2026-01-12"
"MEX.24.28_1","San Ciro de Acosta","GADM2","3.6","MX","Grocery & Convenience Stores","0.49868878231547936","21.577489608588824","-99.93991697968876","2026-01-12"
"MEX.24.28_1","San Ciro de Acosta","GADM2","3.6","MX","Restaurants","0.6927710980831827","21.577489608588824","-99.93991697968876","2026-01-12"
"MEX.13.57_1","Singuilucan","GADM2","3.6","MX","Home Services","0.3400477662207277","19.984295288710722","-98.45509166663598","2026-01-12"
"MEX.13.57_1","Singuilucan","GADM2","3.6","MX","Local Events","0.7461661007348483","19.984295288710722","-98.45509166663598","2026-01-12"
"MEX.13.57_1","Singuilucan","GADM2","3.6","MX","Public Good","0.2978701109579669","19.984295288710722","-98.45509166663598","2026-01-12"
"MEX.13.57_1","Singuilucan","GADM2","3.6","MX","Lifestyle Services","0.4114341549774259","19.984295288710722","-98.45509166663598","2026-01-12"
"MEX.13.57_1","Singuilucan","GADM2","3.6","MX","Professional Services","0.23353312719898642","19.984295288710722","-98.45509166663598","2026-01-12"
"MEX.13.57_1","Singuilucan","GADM2","3.6","MX","Retail","0.5065792583166581","19.984295288710722","-98.45509166663598","2026-01-12"
"MEX.13.57_1","Singuilucan","GADM2","3.6","MX","All","0.3903355994740187","19.984295288710722","-98.45509166663598","2026-01-12"
"MEX.13.57_1","Singuilucan","GADM2","3.6","MX","Restaurants","0.308233288243474","19.984295288710722","-98.45509166663598","2026-01-12"
"MEX.30.106_1","Mecayapan","GADM2","3.6","MX","Retail","0.3372154702882721","18.275695763069237","-94.78733667214456","2026-01-12"
"MEX.30.106_1","Mecayapan","GADM2","3.6","MX","All","0.31937023740045994","18.275695763069237","-94.78733667214456","2026-01-12"
"MEX.17.20_1","Tepalcingo","GADM2","3.6","MX","Business & Utility Services","0.709461936486105","18.56933320633233","-98.8298240756049","2026-01-12"
"MEX.17.20_1","Tepalcingo","GADM2","3.6","MX","All","0.5552474075658537","18.56933320633233","-98.8298240756049","2026-01-12"
"MEX.17.20_1","Tepalcingo","GADM2","3.6","MX","Retail","0.3750772131687937","18.56933320633233","-98.8298240756049","2026-01-12"
"MEX.17.20_1","Tepalcingo","GADM2","3.6","MX","Home Services","0.7299314468039825","18.56933320633233","-98.8298240756049","2026-01-12"
"MEX.17.20_1","Tepalcingo","GADM2","3.6","MX","Restaurants","0.537622343151008","18.56933320633233","-98.8298240756049","2026-01-12"
"MEX.17.20_1","Tepalcingo","GADM2","3.6","MX","Professional Services","0.4301078065269181","18.56933320633233","-98.8298240756049","2026-01-12"
"MEX.17.1_1","Amacuzac","GADM2","3.6","MX","Home Services","0.32542171366157724","18.58797143210679","-99.33909216719437","2026-01-12"
"MEX.17.1_1","Amacuzac","GADM2","3.6","MX","Professional Services","0.266421909843224","18.58797143210679","-99.33909216719437","2026-01-12"
"MEX.17.1_1","Amacuzac","GADM2","3.6","MX","Public Good","0.4015044708823516","18.58797143210679","-99.33909216719437","2026-01-12"
"MEX.17.1_1","Amacuzac","GADM2","3.6","MX","All","0.1420050840862274","18.58797143210679","-99.33909216719437","2026-01-12"
"MEX.17.1_1","Amacuzac","GADM2","3.6","MX","Local Events","0.3120035594056324","18.58797143210679","-99.33909216719437","2026-01-12"
"MEX.17.1_1","Amacuzac","GADM2","3.6","MX","Restaurants","0.31412525049158113","18.58797143210679","-99.33909216719437","2026-01-12"
"MEX.17.1_1","Amacuzac","GADM2","3.6","MX","Travel","0.30331944135858","18.58797143210679","-99.33909216719437","2026-01-12"
"MEX.17.1_1","Amacuzac","GADM2","3.6","MX","Lifestyle Services","0.5308822206477863","18.58797143210679","-99.33909216719437","2026-01-12"
"MEX.17.1_1","Amacuzac","GADM2","3.6","MX","Retail","0.33650292543133586","18.58797143210679","-99.33909216719437","2026-01-12"
"MEX.17.1_1","Amacuzac","GADM2","3.6","MX","Grocery & Convenience Stores","0.5033763424880384","18.58797143210679","-99.33909216719437","2026-01-12"
"MEX.30.135_1","Rafael Delgado","GADM2","3.6","MX","All","0.2874594368572613","18.818708941368687","-97.00270148247712","2026-01-12"
"MEX.14.117_1","Villa Hidalgo","GADM2","3.6","MX","Retail","0.3320178071709664","21.645900740809473","-102.61897912918023","2026-01-12"
"MEX.14.117_1","Villa Hidalgo","GADM2","3.6","MX","Grocery & Convenience Stores","0.43833492511137007","21.645900740809473","-102.61897912918023","2026-01-12"
"MEX.14.117_1","Villa Hidalgo","GADM2","3.6","MX","Home Services","0.589806949399898","21.645900740809473","-102.61897912918023","2026-01-12"
"MEX.14.117_1","Villa Hidalgo","GADM2","3.6","MX","Business & Utility Services","0.30436815858958916","21.645900740809473","-102.61897912918023","2026-01-12"
"MEX.14.117_1","Villa Hidalgo","GADM2","3.6","MX","Manufacturing","0.45452411058403686","21.645900740809473","-102.61897912918023","2026-01-12"
"MEX.14.117_1","Villa Hidalgo","GADM2","3.6","MX","Lifestyle Services","0.5486852578722782","21.645900740809473","-102.61897912918023","2026-01-12"
"MEX.14.117_1","Villa Hidalgo","GADM2","3.6","MX","Restaurants","0.4146952654007112","21.645900740809473","-102.61897912918023","2026-01-12"
"MEX.14.117_1","Villa Hidalgo","GADM2","3.6","MX","Professional Services","0.5259286415717908","21.645900740809473","-102.61897912918023","2026-01-12"
"MEX.14.117_1","Villa Hidalgo","GADM2","3.6","MX","All","0.3290696337456477","21.645900740809473","-102.61897912918023","2026-01-12"
"MEX.29.4_1","Apetatitlán de Antonio Carvajal","GADM2","3.6","MX","All","0.3452174066024934","19.36941729248163","-98.12177411267245","2026-01-12"
"MEX.12.28_1","Cutzamala de Pinzón","GADM2","3.6","MX","Retail","0.3332948789228335","18.671005179904295","-100.5790873317467","2026-01-12"
"MEX.12.28_1","Cutzamala de Pinzón","GADM2","3.6","MX","All","0.5700104090719705","18.671005179904295","-100.5790873317467","2026-01-12"
"MEX.14.113_1","Valle de Guadalupe","GADM2","3.6","MX","Retail","0.4840666015490957","21.010027228760308","-102.69022103687666","2026-01-12"
"MEX.14.113_1","Valle de Guadalupe","GADM2","3.6","MX","Home Services","0.6394400462139861","21.010027228760308","-102.69022103687666","2026-01-12"
"MEX.14.113_1","Valle de Guadalupe","GADM2","3.6","MX","All","0.3148744032914024","21.010027228760308","-102.69022103687666","2026-01-12"
"MEX.14.113_1","Valle de Guadalupe","GADM2","3.6","MX","Professional Services","0.4694711006767231","21.010027228760308","-102.69022103687666","2026-01-12"
"MEX.14.113_1","Valle de Guadalupe","GADM2","3.6","MX","Restaurants","0.36153231080652154","21.010027228760308","-102.69022103687666","2026-01-12"
"MEX.15.77_1","San Mateo Atenco","GADM2","3.6","MX","Restaurants","0.4431196499656086","19.198760751089758","-99.50502871889577","2026-01-12"
"MEX.15.77_1","San Mateo Atenco","GADM2","3.6","MX","Home Services","0.45250681845857016","19.198760751089758","-99.50502871889577","2026-01-12"
"MEX.15.77_1","San Mateo Atenco","GADM2","3.6","MX","All","0.45990317174097617","19.198760751089758","-99.50502871889577","2026-01-12"
"MEX.15.77_1","San Mateo Atenco","GADM2","3.6","MX","Public Good","0.4394639679614074","19.198760751089758","-99.50502871889577","2026-01-12"
"MEX.15.77_1","San Mateo Atenco","GADM2","3.6","MX","Professional Services","0.601583691015528","19.198760751089758","-99.50502871889577","2026-01-12"
"MEX.15.77_1","San Mateo Atenco","GADM2","3.6","MX","Retail","0.4787303919353255","19.198760751089758","-99.50502871889577","2026-01-12"
"MEX.15.77_1","San Mateo Atenco","GADM2","3.6","MX","Lifestyle Services","0.45785340839780886","19.198760751089758","-99.50502871889577","2026-01-12"
"MEX.15.20_1","Chalco","GADM2","3.6","MX","Home Services","0.37798592463011677","19.245419352253645","-98.75608574122067","2026-01-12"
"MEX.15.20_1","Chalco","GADM2","3.6","MX","Business & Utility Services","0.6415188393188719","19.245419352253645","-98.75608574122067","2026-01-12"
"MEX.15.20_1","Chalco","GADM2","3.6","MX","Restaurants","0.48104700269119693","19.245419352253645","-98.75608574122067","2026-01-12"
"MEX.15.20_1","Chalco","GADM2","3.6","MX","Grocery & Convenience Stores","0.3934123287300126","19.245419352253645","-98.75608574122067","2026-01-12"
"MEX.15.20_1","Chalco","GADM2","3.6","MX","Public Good","0.1449877258265575","19.245419352253645","-98.75608574122067","2026-01-12"
"MEX.15.20_1","Chalco","GADM2","3.6","MX","All","0.4845315066863578","19.245419352253645","-98.75608574122067","2026-01-12"
"MEX.15.20_1","Chalco","GADM2","3.6","MX","Retail","0.5384272273174885","19.245419352253645","-98.75608574122067","2026-01-12"
"MEX.15.20_1","Chalco","GADM2","3.6","MX","Lifestyle Services","0.38663315194982995","19.245419352253645","-98.75608574122067","2026-01-12"
"MEX.15.20_1","Chalco","GADM2","3.6","MX","Professional Services","0.561548366614076","19.245419352253645","-98.75608574122067","2026-01-12"
"MEX.17.9_1","Huitzilac","GADM2","3.6","MX","Travel","0.3823251048849189","19.004093460182204","-99.18873397268462","2026-01-12"
"MEX.17.9_1","Huitzilac","GADM2","3.6","MX","","0.46522338784957834","19.004093460182204","-99.18873397268462","2026-01-12"
"MEX.17.9_1","Huitzilac","GADM2","3.6","MX","Manufacturing","0.4664143805318082","19.004093460182204","-99.18873397268462","2026-01-12"
"MEX.17.9_1","Huitzilac","GADM2","3.6","MX","Retail","0.398674173754259","19.004093460182204","-99.18873397268462","2026-01-12"
"MEX.17.9_1","Huitzilac","GADM2","3.6","MX","Local Events","0.4344653508719567","19.004093460182204","-99.18873397268462","2026-01-12"
"MEX.17.9_1","Huitzilac","GADM2","3.6","MX","Grocery & Convenience Stores","0.3160339573294772","19.004093460182204","-99.18873397268462","2026-01-12"
"MEX.17.9_1","Huitzilac","GADM2","3.6","MX","Lifestyle Services","0.38880591129195174","19.004093460182204","-99.18873397268462","2026-01-12"
"MEX.17.9_1","Huitzilac","GADM2","3.6","MX","Professional Services","0.33582985844623797","19.004093460182204","-99.18873397268462","2026-01-12"
"MEX.17.9_1","Huitzilac","GADM2","3.6","MX","Restaurants","0.2654842690360361","19.004093460182204","-99.18873397268462","2026-01-12"
"MEX.17.9_1","Huitzilac","GADM2","3.6","MX","Home Services","0.6276605627877695","19.004093460182204","-99.18873397268462","2026-01-12"
"MEX.17.9_1","Huitzilac","GADM2","3.6","MX","Public Good","0.43608650424980755","19.004093460182204","-99.18873397268462","2026-01-12"
"MEX.17.9_1","Huitzilac","GADM2","3.6","MX","Business & Utility Services","0.36682465194687314","19.004093460182204","-99.18873397268462","2026-01-12"
"MEX.17.9_1","Huitzilac","GADM2","3.6","MX","All","0.37047912289610735","19.004093460182204","-99.18873397268462","2026-01-12"
"MEX.13.53_1","San Felipe Orizatlán","GADM2","3.6","MX","All","0.3943319058735577","21.294013322332216","-98.59602908692884","2026-01-12"
"MEX.13.53_1","San Felipe Orizatlán","GADM2","3.6","MX","Retail","0.3891533496556968","21.294013322332216","-98.59602908692884","2026-01-12"
"MEX.30.71_1","Huiloapan de Cuauhtémoc","GADM2","3.6","MX","All","0.3638026452175344","18.764097897934445","-97.07001602884027","2026-01-12"
"MEX.14.50_1","Jamay","GADM2","3.6","MX","All","0.5882506340545318","20.269250692162753","-102.66502163064355","2026-01-12"
"MEX.30.33_1","Cerro Azul","GADM2","3.6","MX","All","0.5257453744353112","21.14215250782978","-97.73931094052858","2026-01-12"
"MEX.15.28_1","Coatepec Harinas","GADM2","3.6","MX","Professional Services","0.34210629274723475","18.86045776323799","-99.78992637869486","2026-01-12"
"MEX.15.28_1","Coatepec Harinas","GADM2","3.6","MX","Retail","0.32622824972759856","18.86045776323799","-99.78992637869486","2026-01-12"
"MEX.15.28_1","Coatepec Harinas","GADM2","3.6","MX","Restaurants","0.4311038261768583","18.86045776323799","-99.78992637869486","2026-01-12"
"MEX.15.28_1","Coatepec Harinas","GADM2","3.6","MX","Lifestyle Services","0.49188405885172903","18.86045776323799","-99.78992637869486","2026-01-12"
"MEX.15.28_1","Coatepec Harinas","GADM2","3.6","MX","Home Services","0.8191810109371876","18.86045776323799","-99.78992637869486","2026-01-12"
"MEX.15.28_1","Coatepec Harinas","GADM2","3.6","MX","All","0.3956714662419099","18.86045776323799","-99.78992637869486","2026-01-12"
"MEX.12.2_1","Ahuacuotzingo","GADM2","3.6","MX","All","0.27247374124320195","17.726455553009057","-98.87809904797376","2026-01-12"
"MEX.12.2_1","Ahuacuotzingo","GADM2","3.6","MX","Retail","0.38985559353821264","17.726455553009057","-98.87809904797376","2026-01-12"
"MEX.11.46_1","Yuriria","GADM2","3.6","MX","Business & Utility Services","0.436709818190236","20.167783428514294","-101.24268234936483","2026-01-12"
"MEX.11.46_1","Yuriria","GADM2","3.6","MX","Restaurants","0.512116496425026","20.167783428514294","-101.24268234936483","2026-01-12"
"MEX.11.46_1","Yuriria","GADM2","3.6","MX","Home Services","0.7312700570841463","20.167783428514294","-101.24268234936483","2026-01-12"
"MEX.11.46_1","Yuriria","GADM2","3.6","MX","Grocery & Convenience Stores","0.1742388535970955","20.167783428514294","-101.24268234936483","2026-01-12"
"MEX.11.46_1","Yuriria","GADM2","3.6","MX","Retail","0.23214597205533663","20.167783428514294","-101.24268234936483","2026-01-12"
"MEX.11.46_1","Yuriria","GADM2","3.6","MX","All","0.3150868478575683","20.167783428514294","-101.24268234936483","2026-01-12"
"MEX.11.46_1","Yuriria","GADM2","3.6","MX","Public Good","0.4287620658858297","20.167783428514294","-101.24268234936483","2026-01-12"
"MEX.11.46_1","Yuriria","GADM2","3.6","MX","Professional Services","0.23678271566892942","20.167783428514294","-101.24268234936483","2026-01-12"
"MEX.11.46_1","Yuriria","GADM2","3.6","MX","Lifestyle Services","0.5610294457218933","20.167783428514294","-101.24268234936483","2026-01-12"
"MEX.21.69_1","Huaquechula","GADM2","3.6","MX","All","0.6083466990101288","18.815968628397627","-98.4018948556131","2026-01-12"
"MEX.13.56_1","Santiago Tulantepec de Lugo Guerrero","GADM2","3.6","MX","Retail","0.5148680187716165","20.03158627900698","-98.34206338069728","2026-01-12"
"MEX.13.56_1","Santiago Tulantepec de Lugo Guerrero","GADM2","3.6","MX","Grocery & Convenience Stores","0.4252306448539483","20.03158627900698","-98.34206338069728","2026-01-12"
"MEX.13.56_1","Santiago Tulantepec de Lugo Guerrero","GADM2","3.6","MX","Business & Utility Services","0.41396603878488797","20.03158627900698","-98.34206338069728","2026-01-12"
"MEX.13.56_1","Santiago Tulantepec de Lugo Guerrero","GADM2","3.6","MX","Professional Services","0.4031962010520776","20.03158627900698","-98.34206338069728","2026-01-12"
"MEX.13.56_1","Santiago Tulantepec de Lugo Guerrero","GADM2","3.6","MX","Local Events","0.844449589473098","20.03158627900698","-98.34206338069728","2026-01-12"
"MEX.13.56_1","Santiago Tulantepec de Lugo Guerrero","GADM2","3.6","MX","Public Good","0.4781646069618776","20.03158627900698","-98.34206338069728","2026-01-12"
"MEX.13.56_1","Santiago Tulantepec de Lugo Guerrero","GADM2","3.6","MX","Home Services","0.594966067155862","20.03158627900698","-98.34206338069728","2026-01-12"
"MEX.13.56_1","Santiago Tulantepec de Lugo Guerrero","GADM2","3.6","MX","Restaurants","0.4038700243776199","20.03158627900698","-98.34206338069728","2026-01-12"
"MEX.13.56_1","Santiago Tulantepec de Lugo Guerrero","GADM2","3.6","MX","Lifestyle Services","0.4875570988683159","20.03158627900698","-98.34206338069728","2026-01-12"
"MEX.13.56_1","Santiago Tulantepec de Lugo Guerrero","GADM2","3.6","MX","All","0.4958128760689737","20.03158627900698","-98.34206338069728","2026-01-12"
"MEX.14.1_1","Acatic","GADM2","3.6","MX","Home Services","0.33793265049183485","20.734789299838592","-102.95644589653023","2026-01-12"
"MEX.14.1_1","Acatic","GADM2","3.6","MX","Restaurants","0.3263208868838604","20.734789299838592","-102.95644589653023","2026-01-12"
"MEX.14.1_1","Acatic","GADM2","3.6","MX","Retail","0.7647767159705584","20.734789299838592","-102.95644589653023","2026-01-12"
"MEX.14.1_1","Acatic","GADM2","3.6","MX","All","0.4174785231930796","20.734789299838592","-102.95644589653023","2026-01-12"
"MEX.16.36_1","Huandacareo","GADM2","3.6","MX","Grocery & Convenience Stores","0.2436401636335718","19.980872331123408","-101.31666031336466","2026-01-12"
"MEX.16.36_1","Huandacareo","GADM2","3.6","MX","Retail","0.23366012068783565","19.980872331123408","-101.31666031336466","2026-01-12"
"MEX.16.36_1","Huandacareo","GADM2","3.6","MX","Home Services","0.2734365375984083","19.980872331123408","-101.31666031336466","2026-01-12"
"MEX.16.36_1","Huandacareo","GADM2","3.6","MX","All","0.09927593607668869","19.980872331123408","-101.31666031336466","2026-01-12"
"MEX.16.36_1","Huandacareo","GADM2","3.6","MX","Professional Services","0.3804574028080213","19.980872331123408","-101.31666031336466","2026-01-12"
"MEX.16.36_1","Huandacareo","GADM2","3.6","MX","Restaurants","0.40745918795432257","19.980872331123408","-101.31666031336466","2026-01-12"
"MEX.24.35_1","Santo Domingo","GADM2","3.6","MX","Professional Services","0.33078562453873434","23.358109738626137","-101.6729547380735","2026-01-12"
"MEX.24.35_1","Santo Domingo","GADM2","3.6","MX","All","0.19982926374810384","23.358109738626137","-101.6729547380735","2026-01-12"
"MEX.24.35_1","Santo Domingo","GADM2","3.6","MX","Retail","0.3036941269655614","23.358109738626137","-101.6729547380735","2026-01-12"
"MEX.16.55_1","Maravatío","GADM2","3.6","MX","Lifestyle Services","0.3882647366078084","19.883805904223852","-100.41695360678771","2026-01-12"
"MEX.16.55_1","Maravatío","GADM2","3.6","MX","Public Good","0.17638887038241974","19.883805904223852","-100.41695360678771","2026-01-12"
"MEX.16.55_1","Maravatío","GADM2","3.6","MX","All","0.29730065484968227","19.883805904223852","-100.41695360678771","2026-01-12"
"MEX.16.55_1","Maravatío","GADM2","3.6","MX","Grocery & Convenience Stores","0.4930051808895805","19.883805904223852","-100.41695360678771","2026-01-12"
"MEX.16.55_1","Maravatío","GADM2","3.6","MX","Restaurants","0.2575076380662668","19.883805904223852","-100.41695360678771","2026-01-12"
"MEX.16.55_1","Maravatío","GADM2","3.6","MX","Business & Utility Services","0.40396960700771223","19.883805904223852","-100.41695360678771","2026-01-12"
"MEX.16.55_1","Maravatío","GADM2","3.6","MX","Local Events","0.4934257842131335","19.883805904223852","-100.41695360678771","2026-01-12"
"MEX.16.55_1","Maravatío","GADM2","3.6","MX","Retail","0.524712531041719","19.883805904223852","-100.41695360678771","2026-01-12"
"MEX.16.55_1","Maravatío","GADM2","3.6","MX","Travel","0.37088963831578053","19.883805904223852","-100.41695360678771","2026-01-12"
"MEX.16.55_1","Maravatío","GADM2","3.6","MX","Professional Services","0.2967900567342467","19.883805904223852","-100.41695360678771","2026-01-12"
"MEX.16.55_1","Maravatío","GADM2","3.6","MX","Home Services","0.3889763413395153","19.883805904223852","-100.41695360678771","2026-01-12"
"MEX.15.42_1","Ixtapan de la Sal","GADM2","3.6","MX","Local Events","0.1666516232751187","18.787201143476242","-99.6571459576331","2026-01-12"
"MEX.15.42_1","Ixtapan de la Sal","GADM2","3.6","MX","Public Good","0.31322966611126085","18.787201143476242","-99.6571459576331","2026-01-12"
"MEX.15.42_1","Ixtapan de la Sal","GADM2","3.6","MX","Grocery & Convenience Stores","0.519441326565232","18.787201143476242","-99.6571459576331","2026-01-12"
"MEX.15.42_1","Ixtapan de la Sal","GADM2","3.6","MX","Travel","0.6460506626157096","18.787201143476242","-99.6571459576331","2026-01-12"
"MEX.15.42_1","Ixtapan de la Sal","GADM2","3.6","MX","All","0.32347508132852604","18.787201143476242","-99.6571459576331","2026-01-12"
"MEX.15.42_1","Ixtapan de la Sal","GADM2","3.6","MX","Business & Utility Services","0.5272923571286524","18.787201143476242","-99.6571459576331","2026-01-12"
"MEX.15.42_1","Ixtapan de la Sal","GADM2","3.6","MX","Retail","0.3372574830576786","18.787201143476242","-99.6571459576331","2026-01-12"
"MEX.15.42_1","Ixtapan de la Sal","GADM2","3.6","MX","Home Services","0.4057408672657687","18.787201143476242","-99.6571459576331","2026-01-12"
"MEX.15.42_1","Ixtapan de la Sal","GADM2","3.6","MX","Professional Services","0.3926501558018685","18.787201143476242","-99.6571459576331","2026-01-12"
"MEX.15.42_1","Ixtapan de la Sal","GADM2","3.6","MX","Lifestyle Services","0.5130796933775743","18.787201143476242","-99.6571459576331","2026-01-12"
"MEX.15.42_1","Ixtapan de la Sal","GADM2","3.6","MX","Restaurants","0.36422327969216434","18.787201143476242","-99.6571459576331","2026-01-12"
"MEX.15.46_1","Jaltenco","GADM2","3.6","MX","All","0.4487512765130851","19.649556610567814","-99.02802994046455","2026-01-12"
"MEX.15.46_1","Jaltenco","GADM2","3.6","MX","Home Services","0.7006729586655905","19.649556610567814","-99.02802994046455","2026-01-12"
"MEX.15.46_1","Jaltenco","GADM2","3.6","MX","Professional Services","0.35535402812973554","19.649556610567814","-99.02802994046455","2026-01-12"
"MEX.15.46_1","Jaltenco","GADM2","3.6","MX","Business & Utility Services","0.2997500295010935","19.649556610567814","-99.02802994046455","2026-01-12"
"MEX.15.46_1","Jaltenco","GADM2","3.6","MX","Public Good","0.39942594398853654","19.649556610567814","-99.02802994046455","2026-01-12"
"MEX.15.46_1","Jaltenco","GADM2","3.6","MX","Lifestyle Services","0.17137191542488778","19.649556610567814","-99.02802994046455","2026-01-12"
"MEX.15.46_1","Jaltenco","GADM2","3.6","MX","Local Events","0.4121588636364849","19.649556610567814","-99.02802994046455","2026-01-12"
"MEX.15.46_1","Jaltenco","GADM2","3.6","MX","Grocery & Convenience Stores","0.4373950509465344","19.649556610567814","-99.02802994046455","2026-01-12"
"MEX.15.46_1","Jaltenco","GADM2","3.6","MX","Manufacturing","0.6087156575378373","19.649556610567814","-99.02802994046455","2026-01-12"
"MEX.15.46_1","Jaltenco","GADM2","3.6","MX","Retail","0.5557101564306219","19.649556610567814","-99.02802994046455","2026-01-12"
"MEX.15.46_1","Jaltenco","GADM2","3.6","MX","Restaurants","0.43940146474774683","19.649556610567814","-99.02802994046455","2026-01-12"
"MEX.17.15_1","Miacatlán","GADM2","3.6","MX","Restaurants","0.4552684144461004","18.76074031108104","-99.29110137120345","2026-01-12"
"MEX.17.15_1","Miacatlán","GADM2","3.6","MX","Professional Services","0.26208274167059853","18.76074031108104","-99.29110137120345","2026-01-12"
"MEX.17.15_1","Miacatlán","GADM2","3.6","MX","Public Good","0.3623866878576713","18.76074031108104","-99.29110137120345","2026-01-12"
"MEX.17.15_1","Miacatlán","GADM2","3.6","MX","Business & Utility Services","0.17545823238638128","18.76074031108104","-99.29110137120345","2026-01-12"
"MEX.17.15_1","Miacatlán","GADM2","3.6","MX","Retail","0.3250727237906178","18.76074031108104","-99.29110137120345","2026-01-12"
"MEX.17.15_1","Miacatlán","GADM2","3.6","MX","Lifestyle Services","0.28609167148335857","18.76074031108104","-99.29110137120345","2026-01-12"
"MEX.17.15_1","Miacatlán","GADM2","3.6","MX","Travel","0.5816676845676657","18.76074031108104","-99.29110137120345","2026-01-12"
"MEX.17.15_1","Miacatlán","GADM2","3.6","MX","","0.25153669739232865","18.76074031108104","-99.29110137120345","2026-01-12"
"MEX.17.15_1","Miacatlán","GADM2","3.6","MX","All","0.19713250632711882","18.76074031108104","-99.29110137120345","2026-01-12"
"MEX.17.15_1","Miacatlán","GADM2","3.6","MX","Local Events","0.443806193736587","18.76074031108104","-99.29110137120345","2026-01-12"
"MEX.17.15_1","Miacatlán","GADM2","3.6","MX","Home Services","0.3033311644602186","18.76074031108104","-99.29110137120345","2026-01-12"
"MEX.17.15_1","Miacatlán","GADM2","3.6","MX","Grocery & Convenience Stores","0.6972935594915358","18.76074031108104","-99.29110137120345","2026-01-12"
"MEX.15.111_1","Valle de Bravo","GADM2","3.6","MX","Public Good","0.44787641606878953","19.081198189455993","-100.12106639378116","2026-01-12"
"MEX.15.111_1","Valle de Bravo","GADM2","3.6","MX","Travel","0.3172021632541625","19.081198189455993","-100.12106639378116","2026-01-12"
"MEX.15.111_1","Valle de Bravo","GADM2","3.6","MX","Grocery & Convenience Stores","0.2669526042189121","19.081198189455993","-100.12106639378116","2026-01-12"
"MEX.15.111_1","Valle de Bravo","GADM2","3.6","MX","Lifestyle Services","0.33329027676262385","19.081198189455993","-100.12106639378116","2026-01-12"
"MEX.15.111_1","Valle de Bravo","GADM2","3.6","MX","Professional Services","0.4375640130111265","19.081198189455993","-100.12106639378116","2026-01-12"
"MEX.15.111_1","Valle de Bravo","GADM2","3.6","MX","Local Events","0.30902677774430426","19.081198189455993","-100.12106639378116","2026-01-12"
"MEX.15.111_1","Valle de Bravo","GADM2","3.6","MX","Home Services","0.2633380621938917","19.081198189455993","-100.12106639378116","2026-01-12"
"MEX.15.111_1","Valle de Bravo","GADM2","3.6","MX","Retail","0.1747009631291223","19.081198189455993","-100.12106639378116","2026-01-12"
"MEX.15.111_1","Valle de Bravo","GADM2","3.6","MX","Restaurants","0.11906217155186684","19.081198189455993","-100.12106639378116","2026-01-12"
"MEX.15.111_1","Valle de Bravo","GADM2","3.6","MX","All","0.14483729710144597","19.081198189455993","-100.12106639378116","2026-01-12"
"MEX.15.111_1","Valle de Bravo","GADM2","3.6","MX","Business & Utility Services","0.7149446501141723","19.081198189455993","-100.12106639378116","2026-01-12"
"MEX.15.17_1","Ayapango","GADM2","3.6","MX","All","0.5727361516212424","19.126683043050228","-98.73259175173888","2026-01-12"
"MEX.21.20_1","Atoyatempan","GADM2","3.6","MX","All","0.4661490688029027","18.889508352864862","-97.78090247877915","2026-01-12"
"MEX.21.20_1","Atoyatempan","GADM2","3.6","MX","Local Events","0.393782258852638","18.889508352864862","-97.78090247877915","2026-01-12"
"MEX.21.20_1","Atoyatempan","GADM2","3.6","MX","Grocery & Convenience Stores","0.4637663288268503","18.889508352864862","-97.78090247877915","2026-01-12"
"MEX.21.20_1","Atoyatempan","GADM2","3.6","MX","Home Services","0.40558374280340953","18.889508352864862","-97.78090247877915","2026-01-12"
"MEX.21.20_1","Atoyatempan","GADM2","3.6","MX","Lifestyle Services","0.5229973432835278","18.889508352864862","-97.78090247877915","2026-01-12"
"MEX.21.20_1","Atoyatempan","GADM2","3.6","MX","Professional Services","0.48408588133197167","18.889508352864862","-97.78090247877915","2026-01-12"
"MEX.21.20_1","Atoyatempan","GADM2","3.6","MX","Restaurants","0.5069304532346838","18.889508352864862","-97.78090247877915","2026-01-12"
"MEX.21.20_1","Atoyatempan","GADM2","3.6","MX","Retail","0.36595564966873856","18.889508352864862","-97.78090247877915","2026-01-12"
"MEX.21.20_1","Atoyatempan","GADM2","3.6","MX","Public Good","0.3476509179148209","18.889508352864862","-97.78090247877915","2026-01-12"
"MEX.21.20_1","Atoyatempan","GADM2","3.6","MX","Business & Utility Services","0.6549110366315442","18.889508352864862","-97.78090247877915","2026-01-12"
"MEX.21.20_1","Atoyatempan","GADM2","3.6","MX","Travel","0.5455556054796561","18.889508352864862","-97.78090247877915","2026-01-12"
"MEX.16.103_1","Venustiano Carranza","GADM2","3.6","MX","Public Good","0.3845058778985768","20.1190975922323","-102.686340563622","2026-01-12"
"MEX.16.103_1","Venustiano Carranza","GADM2","3.6","MX","Business & Utility Services","0.3317694410318507","20.1190975922323","-102.686340563622","2026-01-12"
"MEX.16.103_1","Venustiano Carranza","GADM2","3.6","MX","Professional Services","0.5645752351731286","20.1190975922323","-102.686340563622","2026-01-12"
"MEX.16.103_1","Venustiano Carranza","GADM2","3.6","MX","Home Services","0.3126031465797269","20.1190975922323","-102.686340563622","2026-01-12"
"MEX.16.103_1","Venustiano Carranza","GADM2","3.6","MX","Lifestyle Services","0.3561295312987754","20.1190975922323","-102.686340563622","2026-01-12"
"MEX.16.103_1","Venustiano Carranza","GADM2","3.6","MX","Local Events","0.40787837896610746","20.1190975922323","-102.686340563622","2026-01-12"
"MEX.16.103_1","Venustiano Carranza","GADM2","3.6","MX","Travel","0.4596946102109433","20.1190975922323","-102.686340563622","2026-01-12"
"MEX.16.103_1","Venustiano Carranza","GADM2","3.6","MX","Retail","0.22447510915500962","20.1190975922323","-102.686340563622","2026-01-12"
"MEX.16.103_1","Venustiano Carranza","GADM2","3.6","MX","All","0.3195760267835984","20.1190975922323","-102.686340563622","2026-01-12"
"MEX.16.103_1","Venustiano Carranza","GADM2","3.6","MX","Restaurants","0.4155989784542959","20.1190975922323","-102.686340563622","2026-01-12"
"MEX.16.103_1","Venustiano Carranza","GADM2","3.6","MX","Grocery & Convenience Stores","0.33850198094235245","20.1190975922323","-102.686340563622","2026-01-12"
"MEX.9.6_1","Cuauhtémoc","GADM2","3.6","MX","","0.7038354514457055","19.399413304344794","-99.107377628891","2026-01-12"
"MEX.9.6_1","Cuauhtémoc","GADM2","3.6","MX","Manufacturing","0.47636029788641027","19.399413304344794","-99.107377628891","2026-01-12"
"MEX.9.6_1","Cuauhtémoc","GADM2","3.6","MX","Retail","0.42185366121845286","19.399413304344794","-99.107377628891","2026-01-12"
"MEX.9.6_1","Cuauhtémoc","GADM2","3.6","MX","Home Services","0.49619762439269893","19.399413304344794","-99.107377628891","2026-01-12"
"MEX.9.6_1","Cuauhtémoc","GADM2","3.6","MX","Restaurants","0.18979316173900815","19.399413304344794","-99.107377628891","2026-01-12"
"MEX.9.6_1","Cuauhtémoc","GADM2","3.6","MX","Public Good","0.39866827099054486","19.399413304344794","-99.107377628891","2026-01-12"
"MEX.9.6_1","Cuauhtémoc","GADM2","3.6","MX","Professional Services","0.5445491898889505","19.399413304344794","-99.107377628891","2026-01-12"
"MEX.9.6_1","Cuauhtémoc","GADM2","3.6","MX","Lifestyle Services","0.3113975021707723","19.399413304344794","-99.107377628891","2026-01-12"
"MEX.9.6_1","Cuauhtémoc","GADM2","3.6","MX","Grocery & Convenience Stores","0.35938397979600306","19.399413304344794","-99.107377628891","2026-01-12"
"MEX.9.6_1","Cuauhtémoc","GADM2","3.6","MX","Travel","0.45098044261717796","19.399413304344794","-99.107377628891","2026-01-12"
"MEX.9.6_1","Cuauhtémoc","GADM2","3.6","MX","Business & Utility Services","0.46469060593488687","19.399413304344794","-99.107377628891","2026-01-12"
"MEX.9.6_1","Cuauhtémoc","GADM2","3.6","MX","All","0.4340859173709477","19.399413304344794","-99.107377628891","2026-01-12"
"MEX.9.6_1","Cuauhtémoc","GADM2","3.6","MX","Local Events","0.4669898215694947","19.399413304344794","-99.107377628891","2026-01-12"
"MEX.13.42_1","Molango de Escamilla","GADM2","3.6","MX","All","0.5050129222315649","20.880462584495184","-98.75393942471892","2026-01-12"
"MEX.15.41_1","Ixtapaluca","GADM2","3.6","MX","Business & Utility Services","0.36896977395285674","19.317242358345545","-98.74369217169753","2026-01-12"
"MEX.15.41_1","Ixtapaluca","GADM2","3.6","MX","Local Events","0.5522965717505028","19.317242358345545","-98.74369217169753","2026-01-12"
"MEX.15.41_1","Ixtapaluca","GADM2","3.6","MX","Retail","0.4134886509575467","19.317242358345545","-98.74369217169753","2026-01-12"
"MEX.15.41_1","Ixtapaluca","GADM2","3.6","MX","Travel","0.5786286539776923","19.317242358345545","-98.74369217169753","2026-01-12"
"MEX.15.41_1","Ixtapaluca","GADM2","3.6","MX","","0.3426498696226296","19.317242358345545","-98.74369217169753","2026-01-12"
"MEX.15.41_1","Ixtapaluca","GADM2","3.6","MX","Grocery & Convenience Stores","0.4006708364226836","19.317242358345545","-98.74369217169753","2026-01-12"
"MEX.15.41_1","Ixtapaluca","GADM2","3.6","MX","Restaurants","0.36637298306758365","19.317242358345545","-98.74369217169753","2026-01-12"
"MEX.15.41_1","Ixtapaluca","GADM2","3.6","MX","Home Services","0.373572087732977","19.317242358345545","-98.74369217169753","2026-01-12"
"MEX.15.41_1","Ixtapaluca","GADM2","3.6","MX","All","0.3836081576009806","19.317242358345545","-98.74369217169753","2026-01-12"
"MEX.15.41_1","Ixtapaluca","GADM2","3.6","MX","Professional Services","0.5241927275675085","19.317242358345545","-98.74369217169753","2026-01-12"
"MEX.15.41_1","Ixtapaluca","GADM2","3.6","MX","Public Good","0.2505918213362082","19.317242358345545","-98.74369217169753","2026-01-12"
"MEX.15.41_1","Ixtapaluca","GADM2","3.6","MX","Lifestyle Services","0.35183528027585137","19.317242358345545","-98.74369217169753","2026-01-12"
"MEX.17.28_1","Totolapan","GADM2","3.6","MX","Restaurants","0.42875069114909575","19.002223066338253","-98.85944718377874","2026-01-12"
"MEX.17.28_1","Totolapan","GADM2","3.6","MX","All","0.4308388700513382","19.002223066338253","-98.85944718377874","2026-01-12"
"MEX.11.12_1","Doctor Mora","GADM2","3.6","MX","All","0.3161393422352076","21.13948296226462","-100.42665831253227","2026-01-12"
"MEX.11.12_1","Doctor Mora","GADM2","3.6","MX","Public Good","0.2736804100106301","21.13948296226462","-100.42665831253227","2026-01-12"
"MEX.11.12_1","Doctor Mora","GADM2","3.6","MX","Business & Utility Services","0.4516349368633375","21.13948296226462","-100.42665831253227","2026-01-12"
"MEX.11.12_1","Doctor Mora","GADM2","3.6","MX","Home Services","0.4450116812661293","21.13948296226462","-100.42665831253227","2026-01-12"
"MEX.11.12_1","Doctor Mora","GADM2","3.6","MX","Restaurants","0.446942779782055","21.13948296226462","-100.42665831253227","2026-01-12"
"MEX.11.12_1","Doctor Mora","GADM2","3.6","MX","Lifestyle Services","0.38120585226069187","21.13948296226462","-100.42665831253227","2026-01-12"
"MEX.11.12_1","Doctor Mora","GADM2","3.6","MX","Professional Services","0.26910706056128836","21.13948296226462","-100.42665831253227","2026-01-12"
"MEX.11.12_1","Doctor Mora","GADM2","3.6","MX","Retail","0.4272644522123545","21.13948296226462","-100.42665831253227","2026-01-12"
"MEX.12.27_1","Cuetzala del Progreso","GADM2","3.6","MX","All","0.38513558968012107","18.08814727575807","-99.71347020316563","2026-01-12"
"MEX.12.27_1","Cuetzala del Progreso","GADM2","3.6","MX","Restaurants","0.4682930588270501","18.08814727575807","-99.71347020316563","2026-01-12"
"MEX.30.76_1","Ixhuacán de los Reyes","GADM2","3.6","MX","Home Services","0.3299110484819577","19.390388326837616","-97.00845493260157","2026-01-12"
"MEX.30.76_1","Ixhuacán de los Reyes","GADM2","3.6","MX","Restaurants","0.44658787612652784","19.390388326837616","-97.00845493260157","2026-01-12"
"MEX.30.76_1","Ixhuacán de los Reyes","GADM2","3.6","MX","Public Good","0.5699363796487982","19.390388326837616","-97.00845493260157","2026-01-12"
"MEX.30.76_1","Ixhuacán de los Reyes","GADM2","3.6","MX","Local Events","0.39528340173305415","19.390388326837616","-97.00845493260157","2026-01-12"
"MEX.30.76_1","Ixhuacán de los Reyes","GADM2","3.6","MX","Travel","0.6149687320032005","19.390388326837616","-97.00845493260157","2026-01-12"
"MEX.30.76_1","Ixhuacán de los Reyes","GADM2","3.6","MX","Grocery & Convenience Stores","0.4859967566927682","19.390388326837616","-97.00845493260157","2026-01-12"
"MEX.30.76_1","Ixhuacán de los Reyes","GADM2","3.6","MX","Lifestyle Services","0.18632545272696097","19.390388326837616","-97.00845493260157","2026-01-12"
"MEX.30.76_1","Ixhuacán de los Reyes","GADM2","3.6","MX","All","0.3184973789549554","19.390388326837616","-97.00845493260157","2026-01-12"
"MEX.30.76_1","Ixhuacán de los Reyes","GADM2","3.6","MX","Business & Utility Services","0.4949037327709446","19.390388326837616","-97.00845493260157","2026-01-12"
"MEX.30.76_1","Ixhuacán de los Reyes","GADM2","3.6","MX","Professional Services","0.4480784803116871","19.390388326837616","-97.00845493260157","2026-01-12"
"MEX.30.76_1","Ixhuacán de los Reyes","GADM2","3.6","MX","Retail","0.2878407008959406","19.390388326837616","-97.00845493260157","2026-01-12"
"MEX.12.49_1","Pedro Ascencio Alquisiras","GADM2","3.6","MX","All","0.20711047682258982","18.48754153822253","-99.81193037753566","2026-01-12"
"MEX.12.49_1","Pedro Ascencio Alquisiras","GADM2","3.6","MX","Retail","0.2016003350363876","18.48754153822253","-99.81193037753566","2026-01-12"
"MEX.12.49_1","Pedro Ascencio Alquisiras","GADM2","3.6","MX","Professional Services","0.4495772152885074","18.48754153822253","-99.81193037753566","2026-01-12"
"MEX.12.49_1","Pedro Ascencio Alquisiras","GADM2","3.6","MX","Restaurants","0.35332708448907","18.48754153822253","-99.81193037753566","2026-01-12"
"MEX.21.80_1","Huitziltepec","GADM2","3.6","MX","All","0.3298730954808963","18.81366062404349","-97.76645932891782","2026-01-12"
"MEX.16.74_1","Puruándiro","GADM2","3.6","MX","Business & Utility Services","0.3550495447648644","20.096255505795426","-101.55899998639093","2026-01-12"
"MEX.16.74_1","Puruándiro","GADM2","3.6","MX","Professional Services","0.3543033550459418","20.096255505795426","-101.55899998639093","2026-01-12"
"MEX.16.74_1","Puruándiro","GADM2","3.6","MX","Home Services","0.6556326239479242","20.096255505795426","-101.55899998639093","2026-01-12"
"MEX.16.74_1","Puruándiro","GADM2","3.6","MX","Travel","0.48383473913683034","20.096255505795426","-101.55899998639093","2026-01-12"
"MEX.16.74_1","Puruándiro","GADM2","3.6","MX","Restaurants","0.30466174827601933","20.096255505795426","-101.55899998639093","2026-01-12"
"MEX.16.74_1","Puruándiro","GADM2","3.6","MX","Grocery & Convenience Stores","0.37762736503057565","20.096255505795426","-101.55899998639093","2026-01-12"
"MEX.16.74_1","Puruándiro","GADM2","3.6","MX","Lifestyle Services","0.3246778722943896","20.096255505795426","-101.55899998639093","2026-01-12"
"MEX.16.74_1","Puruándiro","GADM2","3.6","MX","Retail","0.339581351084748","20.096255505795426","-101.55899998639093","2026-01-12"
"MEX.16.74_1","Puruándiro","GADM2","3.6","MX","Public Good","0.3365857424315485","20.096255505795426","-101.55899998639093","2026-01-12"
"MEX.16.74_1","Puruándiro","GADM2","3.6","MX","All","0.3098751309619419","20.096255505795426","-101.55899998639093","2026-01-12"
"MEX.21.91_1","Juan Galindo","GADM2","3.6","MX","Retail","0.6502682850486042","20.240173769920563","-97.91729222052399","2026-01-12"
"MEX.21.91_1","Juan Galindo","GADM2","3.6","MX","All","0.7468616337115707","20.240173769920563","-97.91729222052399","2026-01-12"
"MEX.13.37_1","Metztitlán","GADM2","3.6","MX","Grocery & Convenience Stores","0.5350088247317594","20.590650076866567","-98.76532105102643","2026-01-12"
"MEX.13.37_1","Metztitlán","GADM2","3.6","MX","Retail","0.5152479677576206","20.590650076866567","-98.76532105102643","2026-01-12"
"MEX.13.37_1","Metztitlán","GADM2","3.6","MX","Lifestyle Services","0.32475188177958053","20.590650076866567","-98.76532105102643","2026-01-12"
"MEX.13.37_1","Metztitlán","GADM2","3.6","MX","Public Good","0.35322961749750775","20.590650076866567","-98.76532105102643","2026-01-12"
"MEX.13.37_1","Metztitlán","GADM2","3.6","MX","All","0.3923347869221838","20.590650076866567","-98.76532105102643","2026-01-12"
"MEX.13.37_1","Metztitlán","GADM2","3.6","MX","Travel","0.4787513792042692","20.590650076866567","-98.76532105102643","2026-01-12"
"MEX.13.37_1","Metztitlán","GADM2","3.6","MX","Restaurants","0.15758060693913892","20.590650076866567","-98.76532105102643","2026-01-12"
"MEX.13.37_1","Metztitlán","GADM2","3.6","MX","Professional Services","0.2975747312754054","20.590650076866567","-98.76532105102643","2026-01-12"
"MEX.13.37_1","Metztitlán","GADM2","3.6","MX","Business & Utility Services","0.4620416260131061","20.590650076866567","-98.76532105102643","2026-01-12"
"MEX.13.37_1","Metztitlán","GADM2","3.6","MX","Home Services","0.6002071063810197","20.590650076866567","-98.76532105102643","2026-01-12"
"MEX.19.13_1","Doctor Arroyo","GADM2","3.6","MX","Restaurants","0.319413891042597","23.877205753583233","-100.31863301009177","2026-01-12"
"MEX.19.13_1","Doctor Arroyo","GADM2","3.6","MX","Professional Services","0.3487645132580295","23.877205753583233","-100.31863301009177","2026-01-12"
"MEX.19.13_1","Doctor Arroyo","GADM2","3.6","MX","All","0.21992593481146172","23.877205753583233","-100.31863301009177","2026-01-12"
"MEX.19.13_1","Doctor Arroyo","GADM2","3.6","MX","Lifestyle Services","0.5257382644557362","23.877205753583233","-100.31863301009177","2026-01-12"
"MEX.19.13_1","Doctor Arroyo","GADM2","3.6","MX","Retail","0.1768049510898461","23.877205753583233","-100.31863301009177","2026-01-12"
"MEX.19.13_1","Doctor Arroyo","GADM2","3.6","MX","Home Services","0.21241503307894288","23.877205753583233","-100.31863301009177","2026-01-12"
"MEX.14.33_1","Degollado","GADM2","3.6","MX","Lifestyle Services","0.3353781618025589","20.426289638910767","-102.16376152750469","2026-01-12"
"MEX.14.33_1","Degollado","GADM2","3.6","MX","Professional Services","0.47955548025713124","20.426289638910767","-102.16376152750469","2026-01-12"
"MEX.14.33_1","Degollado","GADM2","3.6","MX","Retail","0.2946144112914732","20.426289638910767","-102.16376152750469","2026-01-12"
"MEX.14.33_1","Degollado","GADM2","3.6","MX","All","0.3997783547731927","20.426289638910767","-102.16376152750469","2026-01-12"
"MEX.14.33_1","Degollado","GADM2","3.6","MX","Restaurants","0.41241247850619495","20.426289638910767","-102.16376152750469","2026-01-12"
"MEX.14.33_1","Degollado","GADM2","3.6","MX","Business & Utility Services","0.6128438074527819","20.426289638910767","-102.16376152750469","2026-01-12"
"MEX.14.33_1","Degollado","GADM2","3.6","MX","Home Services","0.3066459404356091","20.426289638910767","-102.16376152750469","2026-01-12"
"MEX.11.3_1","Allende","GADM2","3.6","MX","","0.3116573522197725","20.910429441285142","-100.7732910685422","2026-01-12"
"MEX.11.3_1","Allende","GADM2","3.6","MX","All","0.3240367075654563","20.910429441285142","-100.7732910685422","2026-01-12"
"MEX.11.3_1","Allende","GADM2","3.6","MX","Professional Services","0.5384523109130016","20.910429441285142","-100.7732910685422","2026-01-12"
"MEX.11.3_1","Allende","GADM2","3.6","MX","Retail","0.2718270235083884","20.910429441285142","-100.7732910685422","2026-01-12"
"MEX.11.3_1","Allende","GADM2","3.6","MX","Business & Utility Services","0.6100380305289705","20.910429441285142","-100.7732910685422","2026-01-12"
"MEX.11.3_1","Allende","GADM2","3.6","MX","Restaurants","0.1582245454340609","20.910429441285142","-100.7732910685422","2026-01-12"
"MEX.11.3_1","Allende","GADM2","3.6","MX","Travel","0.3026127130953608","20.910429441285142","-100.7732910685422","2026-01-12"
"MEX.11.3_1","Allende","GADM2","3.6","MX","Manufacturing","0.39302909649011913","20.910429441285142","-100.7732910685422","2026-01-12"
"MEX.11.3_1","Allende","GADM2","3.6","MX","Home Services","0.44088609277097696","20.910429441285142","-100.7732910685422","2026-01-12"
"MEX.11.3_1","Allende","GADM2","3.6","MX","Local Events","0.4585033885274702","20.910429441285142","-100.7732910685422","2026-01-12"
"MEX.11.3_1","Allende","GADM2","3.6","MX","Lifestyle Services","0.22444331715967314","20.910429441285142","-100.7732910685422","2026-01-12"
"MEX.11.3_1","Allende","GADM2","3.6","MX","Public Good","0.47072277635732496","20.910429441285142","-100.7732910685422","2026-01-12"
"MEX.11.3_1","Allende","GADM2","3.6","MX","Grocery & Convenience Stores","0.4189947856750208","20.910429441285142","-100.7732910685422","2026-01-12"
"MEX.29.25_1","Sanctórum de Lázaro Cárdenas","GADM2","3.6","MX","Retail","0.7006582269103775","19.524438454750918","-98.3911263439846","2026-01-12"
"MEX.29.25_1","Sanctórum de Lázaro Cárdenas","GADM2","3.6","MX","All","0.703635720831978","19.524438454750918","-98.3911263439846","2026-01-12"
"MEX.29.33_1","Tetlatlahuca","GADM2","3.6","MX","Home Services","0.4663423880960149","19.255335662478725","-98.16891707908218","2026-01-12"
"MEX.29.33_1","Tetlatlahuca","GADM2","3.6","MX","Professional Services","0.2813459622541942","19.255335662478725","-98.16891707908218","2026-01-12"
"MEX.29.33_1","Tetlatlahuca","GADM2","3.6","MX","Retail","0.2792609378029055","19.255335662478725","-98.16891707908218","2026-01-12"
"MEX.29.33_1","Tetlatlahuca","GADM2","3.6","MX","All","0.42616986389017747","19.255335662478725","-98.16891707908218","2026-01-12"
"MEX.29.33_1","Tetlatlahuca","GADM2","3.6","MX","Restaurants","0.5716954679873961","19.255335662478725","-98.16891707908218","2026-01-12"
"MEX.13.62_1","Tepehuacán de Guerrero","GADM2","3.6","MX","All","0.5257617864419346","21.08641242268369","-98.82271991210155","2026-01-12"
"MEX.13.62_1","Tepehuacán de Guerrero","GADM2","3.6","MX","Retail","0.45557006151739315","21.08641242268369","-98.82271991210155","2026-01-12"
"MEX.13.62_1","Tepehuacán de Guerrero","GADM2","3.6","MX","Restaurants","0.4556735094880836","21.08641242268369","-98.82271991210155","2026-01-12"
"MEX.16.46_1","José Sixto Verduzco","GADM2","3.6","MX","Professional Services","0.2855500890915456","20.24724451460828","-101.5689331543438","2026-01-12"
"MEX.16.46_1","José Sixto Verduzco","GADM2","3.6","MX","Restaurants","0.46063396658255196","20.24724451460828","-101.5689331543438","2026-01-12"
"MEX.16.46_1","José Sixto Verduzco","GADM2","3.6","MX","All","0.4486777450076155","20.24724451460828","-101.5689331543438","2026-01-12"
"MEX.16.46_1","José Sixto Verduzco","GADM2","3.6","MX","Home Services","0.7882185527584761","20.24724451460828","-101.5689331543438","2026-01-12"
"MEX.16.46_1","José Sixto Verduzco","GADM2","3.6","MX","Retail","0.32748471074606555","20.24724451460828","-101.5689331543438","2026-01-12"
"MEX.15.37_1","Huehuetoca","GADM2","3.6","MX","Local Events","0.24361191641539648","19.767800937211575","-99.23103521522117","2026-01-12"
"MEX.15.37_1","Huehuetoca","GADM2","3.6","MX","Manufacturing","0.46836962311262437","19.767800937211575","-99.23103521522117","2026-01-12"
"MEX.15.37_1","Huehuetoca","GADM2","3.6","MX","Travel","0.2937188798008289","19.767800937211575","-99.23103521522117","2026-01-12"
"MEX.15.37_1","Huehuetoca","GADM2","3.6","MX","All","0.29452561745863953","19.767800937211575","-99.23103521522117","2026-01-12"
"MEX.15.37_1","Huehuetoca","GADM2","3.6","MX","Home Services","0.28238129827485337","19.767800937211575","-99.23103521522117","2026-01-12"
"MEX.15.37_1","Huehuetoca","GADM2","3.6","MX","Retail","0.27970263165112624","19.767800937211575","-99.23103521522117","2026-01-12"
"MEX.15.37_1","Huehuetoca","GADM2","3.6","MX","","0.38004810168865777","19.767800937211575","-99.23103521522117","2026-01-12"
"MEX.15.37_1","Huehuetoca","GADM2","3.6","MX","Business & Utility Services","0.37447897730656343","19.767800937211575","-99.23103521522117","2026-01-12"
"MEX.15.37_1","Huehuetoca","GADM2","3.6","MX","Lifestyle Services","0.3598378040501923","19.767800937211575","-99.23103521522117","2026-01-12"
"MEX.15.37_1","Huehuetoca","GADM2","3.6","MX","Grocery & Convenience Stores","0.6281984155680015","19.767800937211575","-99.23103521522117","2026-01-12"
"MEX.15.37_1","Huehuetoca","GADM2","3.6","MX","Professional Services","0.617928841768463","19.767800937211575","-99.23103521522117","2026-01-12"
"MEX.15.37_1","Huehuetoca","GADM2","3.6","MX","Public Good","0.5756231691828466","19.767800937211575","-99.23103521522117","2026-01-12"
"MEX.15.37_1","Huehuetoca","GADM2","3.6","MX","Restaurants","0.2938637196797414","19.767800937211575","-99.23103521522117","2026-01-12"
"MEX.30.63_1","Espinal","GADM2","3.6","MX","All","0.5267184612592423","20.321728683006587","-97.41210382283474","2026-01-12"
"MEX.15.50_1","Jocotitlán","GADM2","3.6","MX","","0.37932372800122277","19.72059650784804","-99.75700059107437","2026-01-12"
"MEX.15.50_1","Jocotitlán","GADM2","3.6","MX","Home Services","0.554402771802741","19.72059650784804","-99.75700059107437","2026-01-12"
"MEX.15.50_1","Jocotitlán","GADM2","3.6","MX","Travel","0.39993921957036765","19.72059650784804","-99.75700059107437","2026-01-12"
"MEX.15.50_1","Jocotitlán","GADM2","3.6","MX","Grocery & Convenience Stores","0.4020950306995861","19.72059650784804","-99.75700059107437","2026-01-12"
"MEX.15.50_1","Jocotitlán","GADM2","3.6","MX","Restaurants","0.2466834367107071","19.72059650784804","-99.75700059107437","2026-01-12"
"MEX.15.50_1","Jocotitlán","GADM2","3.6","MX","Local Events","0.6162232894097853","19.72059650784804","-99.75700059107437","2026-01-12"
"MEX.15.50_1","Jocotitlán","GADM2","3.6","MX","Public Good","0.6424795473666836","19.72059650784804","-99.75700059107437","2026-01-12"
"MEX.15.50_1","Jocotitlán","GADM2","3.6","MX","Business & Utility Services","0.3831782659966408","19.72059650784804","-99.75700059107437","2026-01-12"
"MEX.15.50_1","Jocotitlán","GADM2","3.6","MX","Retail","0.3126319715849413","19.72059650784804","-99.75700059107437","2026-01-12"
"MEX.15.50_1","Jocotitlán","GADM2","3.6","MX","Lifestyle Services","0.27750098148039404","19.72059650784804","-99.75700059107437","2026-01-12"
"MEX.15.50_1","Jocotitlán","GADM2","3.6","MX","Professional Services","0.3202222045187058","19.72059650784804","-99.75700059107437","2026-01-12"
"MEX.15.50_1","Jocotitlán","GADM2","3.6","MX","All","0.29905115573976687","19.72059650784804","-99.75700059107437","2026-01-12"
"MEX.13.2_1","Acaxochitlán","GADM2","3.6","MX","All","0.6424184381616788","20.181084311957022","-98.15995366416217","2026-01-12"
"MEX.20.28_1","Dist. Yautepec","GADM2","3.6","MX","Restaurants","0.5638487107671598","16.50029248539703","-96.08779889846947","2026-01-12"
"MEX.20.28_1","Dist. Yautepec","GADM2","3.6","MX","Grocery & Convenience Stores","0.32095878584570825","16.50029248539703","-96.08779889846947","2026-01-12"
"MEX.20.28_1","Dist. Yautepec","GADM2","3.6","MX","Retail","0.5417676641040535","16.50029248539703","-96.08779889846947","2026-01-12"
"MEX.20.28_1","Dist. Yautepec","GADM2","3.6","MX","Public Good","0.35682147546065596","16.50029248539703","-96.08779889846947","2026-01-12"
"MEX.20.28_1","Dist. Yautepec","GADM2","3.6","MX","All","0.39812442911169293","16.50029248539703","-96.08779889846947","2026-01-12"
"MEX.15.119_1","Zinacatepec","GADM2","3.6","MX","Professional Services","0.6088329215957848","19.16440676909295","-99.77380450890057","2026-01-12"
"MEX.15.119_1","Zinacatepec","GADM2","3.6","MX","All","0.5317647198313085","19.16440676909295","-99.77380450890057","2026-01-12"
"MEX.15.119_1","Zinacatepec","GADM2","3.6","MX","Retail","0.5160501821406259","19.16440676909295","-99.77380450890057","2026-01-12"
"MEX.16.67_1","Panindícuaro","GADM2","3.6","MX","Home Services","0.5174083383847538","19.982983778772034","-101.81047634060675","2026-01-12"
"MEX.16.67_1","Panindícuaro","GADM2","3.6","MX","Restaurants","0.22152018693159528","19.982983778772034","-101.81047634060675","2026-01-12"
"MEX.16.67_1","Panindícuaro","GADM2","3.6","MX","All","0.3901790904774087","19.982983778772034","-101.81047634060675","2026-01-12"
"MEX.16.67_1","Panindícuaro","GADM2","3.6","MX","Retail","0.5390613643236909","19.982983778772034","-101.81047634060675","2026-01-12"
"MEX.24.3_1","Aquismón","GADM2","3.6","MX","Retail","0.7000300497126372","21.75019042515159","-99.13902348869632","2026-01-12"
"MEX.24.3_1","Aquismón","GADM2","3.6","MX","Travel","0.2278118110255917","21.75019042515159","-99.13902348869632","2026-01-12"
"MEX.24.3_1","Aquismón","GADM2","3.6","MX","Restaurants","0.6370418591165106","21.75019042515159","-99.13902348869632","2026-01-12"
"MEX.24.3_1","Aquismón","GADM2","3.6","MX","Local Events","0.22887410058536176","21.75019042515159","-99.13902348869632","2026-01-12"
"MEX.24.3_1","Aquismón","GADM2","3.6","MX","Home Services","0.5162376762401448","21.75019042515159","-99.13902348869632","2026-01-12"
"MEX.24.3_1","Aquismón","GADM2","3.6","MX","Professional Services","0.6246508657591863","21.75019042515159","-99.13902348869632","2026-01-12"
"MEX.24.3_1","Aquismón","GADM2","3.6","MX","All","0.5337516196562001","21.75019042515159","-99.13902348869632","2026-01-12"
"MEX.22.7_1","Ezequiel Montes","GADM2","3.6","MX","Retail","0.5028770370242054","20.66877089623855","-99.87857458476155","2026-01-12"
"MEX.22.7_1","Ezequiel Montes","GADM2","3.6","MX","Grocery & Convenience Stores","0.5842696604063392","20.66877089623855","-99.87857458476155","2026-01-12"
"MEX.22.7_1","Ezequiel Montes","GADM2","3.6","MX","","0.5163650886331971","20.66877089623855","-99.87857458476155","2026-01-12"
"MEX.22.7_1","Ezequiel Montes","GADM2","3.6","MX","Lifestyle Services","0.4106317227481967","20.66877089623855","-99.87857458476155","2026-01-12"
"MEX.22.7_1","Ezequiel Montes","GADM2","3.6","MX","Business & Utility Services","0.2674842289748808","20.66877089623855","-99.87857458476155","2026-01-12"
"MEX.22.7_1","Ezequiel Montes","GADM2","3.6","MX","Public Good","0.673960206305356","20.66877089623855","-99.87857458476155","2026-01-12"
"MEX.22.7_1","Ezequiel Montes","GADM2","3.6","MX","Manufacturing","0.48878998849980426","20.66877089623855","-99.87857458476155","2026-01-12"
"MEX.22.7_1","Ezequiel Montes","GADM2","3.6","MX","All","0.3446102096753202","20.66877089623855","-99.87857458476155","2026-01-12"
"MEX.22.7_1","Ezequiel Montes","GADM2","3.6","MX","Travel","0.33001064969351257","20.66877089623855","-99.87857458476155","2026-01-12"
"MEX.22.7_1","Ezequiel Montes","GADM2","3.6","MX","Professional Services","0.4375109280749851","20.66877089623855","-99.87857458476155","2026-01-12"
"MEX.22.7_1","Ezequiel Montes","GADM2","3.6","MX","Local Events","0.19045951956232146","20.66877089623855","-99.87857458476155","2026-01-12"
"MEX.22.7_1","Ezequiel Montes","GADM2","3.6","MX","Home Services","0.4565593003726726","20.66877089623855","-99.87857458476155","2026-01-12"
"MEX.22.7_1","Ezequiel Montes","GADM2","3.6","MX","Restaurants","0.4446267704253271","20.66877089623855","-99.87857458476155","2026-01-12"
"MEX.30.78_1","Ixhuatlán del Café","GADM2","3.6","MX","All","0.42328384499954425","19.034243957351425","-96.84592167397928","2026-01-12"
"MEX.14.64_1","Mazamitla","GADM2","3.6","MX","Home Services","0.5922891570815674","19.86558814858025","-103.0721111529789","2026-01-12"
"MEX.14.64_1","Mazamitla","GADM2","3.6","MX","Restaurants","0.2851483261929555","19.86558814858025","-103.0721111529789","2026-01-12"
"MEX.14.64_1","Mazamitla","GADM2","3.6","MX","Grocery & Convenience Stores","0.3648276812843427","19.86558814858025","-103.0721111529789","2026-01-12"
"MEX.14.64_1","Mazamitla","GADM2","3.6","MX","All","0.3345805873820691","19.86558814858025","-103.0721111529789","2026-01-12"
"MEX.14.64_1","Mazamitla","GADM2","3.6","MX","Business & Utility Services","0.4256254339893061","19.86558814858025","-103.0721111529789","2026-01-12"
"MEX.14.64_1","Mazamitla","GADM2","3.6","MX","Local Events","0.27700819332910065","19.86558814858025","-103.0721111529789","2026-01-12"
"MEX.14.64_1","Mazamitla","GADM2","3.6","MX","Travel","0.27032434224949636","19.86558814858025","-103.0721111529789","2026-01-12"
"MEX.14.64_1","Mazamitla","GADM2","3.6","MX","Public Good","0.26587737688063934","19.86558814858025","-103.0721111529789","2026-01-12"
"MEX.14.64_1","Mazamitla","GADM2","3.6","MX","Retail","0.6766964662661571","19.86558814858025","-103.0721111529789","2026-01-12"
"MEX.14.64_1","Mazamitla","GADM2","3.6","MX","Lifestyle Services","0.5744101894868415","19.86558814858025","-103.0721111529789","2026-01-12"
"MEX.14.64_1","Mazamitla","GADM2","3.6","MX","Professional Services","0.5060073260304676","19.86558814858025","-103.0721111529789","2026-01-12"
"MEX.13.28_1","Huejutla de Reyes","GADM2","3.6","MX","Retail","0.4403296390918884","21.14524079029029","-98.42920042387283","2026-01-12"
"MEX.13.28_1","Huejutla de Reyes","GADM2","3.6","MX","Local Events","0.49669970449859807","21.14524079029029","-98.42920042387283","2026-01-12"
"MEX.13.28_1","Huejutla de Reyes","GADM2","3.6","MX","Travel","0.7277907536350327","21.14524079029029","-98.42920042387283","2026-01-12"
"MEX.13.28_1","Huejutla de Reyes","GADM2","3.6","MX","All","0.39767858675477213","21.14524079029029","-98.42920042387283","2026-01-12"
"MEX.13.28_1","Huejutla de Reyes","GADM2","3.6","MX","Professional Services","0.479298630380316","21.14524079029029","-98.42920042387283","2026-01-12"
"MEX.13.28_1","Huejutla de Reyes","GADM2","3.6","MX","Grocery & Convenience Stores","0.2893910466355421","21.14524079029029","-98.42920042387283","2026-01-12"
"MEX.13.28_1","Huejutla de Reyes","GADM2","3.6","MX","Restaurants","0.3730058596156223","21.14524079029029","-98.42920042387283","2026-01-12"
"MEX.13.28_1","Huejutla de Reyes","GADM2","3.6","MX","Business & Utility Services","0.30870664625230454","21.14524079029029","-98.42920042387283","2026-01-12"
"MEX.13.28_1","Huejutla de Reyes","GADM2","3.6","MX","","0.2708290974675696","21.14524079029029","-98.42920042387283","2026-01-12"
"MEX.13.28_1","Huejutla de Reyes","GADM2","3.6","MX","Public Good","0.27936038075323505","21.14524079029029","-98.42920042387283","2026-01-12"
"MEX.13.28_1","Huejutla de Reyes","GADM2","3.6","MX","Home Services","0.5404325449521351","21.14524079029029","-98.42920042387283","2026-01-12"
"MEX.13.28_1","Huejutla de Reyes","GADM2","3.6","MX","Lifestyle Services","0.4653058938795606","21.14524079029029","-98.42920042387283","2026-01-12"
"MEX.21.10_1","Ajalpan","GADM2","3.6","MX","All","0.2865673039079016","18.412644668295066","-97.05497036376882","2026-01-12"
"MEX.15.88_1","Temoaya","GADM2","3.6","MX","","0.5261415424208478","19.44464246586626","-99.57689463592233","2026-01-12"
"MEX.15.88_1","Temoaya","GADM2","3.6","MX","Grocery & Convenience Stores","0.2295132726287453","19.44464246586626","-99.57689463592233","2026-01-12"
"MEX.15.88_1","Temoaya","GADM2","3.6","MX","Retail","0.46555011055465156","19.44464246586626","-99.57689463592233","2026-01-12"
"MEX.15.88_1","Temoaya","GADM2","3.6","MX","Professional Services","0.4923545299198996","19.44464246586626","-99.57689463592233","2026-01-12"
"MEX.15.88_1","Temoaya","GADM2","3.6","MX","Travel","0.5063157845900178","19.44464246586626","-99.57689463592233","2026-01-12"
"MEX.15.88_1","Temoaya","GADM2","3.6","MX","Public Good","0.3683090701539096","19.44464246586626","-99.57689463592233","2026-01-12"
"MEX.15.88_1","Temoaya","GADM2","3.6","MX","Manufacturing","0.38593986808180797","19.44464246586626","-99.57689463592233","2026-01-12"
"MEX.15.88_1","Temoaya","GADM2","3.6","MX","Lifestyle Services","0.19979091992938644","19.44464246586626","-99.57689463592233","2026-01-12"
"MEX.15.88_1","Temoaya","GADM2","3.6","MX","Home Services","0.5524233170295234","19.44464246586626","-99.57689463592233","2026-01-12"
"MEX.15.88_1","Temoaya","GADM2","3.6","MX","Restaurants","0.29187770083219916","19.44464246586626","-99.57689463592233","2026-01-12"
"MEX.15.88_1","Temoaya","GADM2","3.6","MX","Local Events","0.21000578366019051","19.44464246586626","-99.57689463592233","2026-01-12"
"MEX.15.88_1","Temoaya","GADM2","3.6","MX","Business & Utility Services","0.2979635580598631","19.44464246586626","-99.57689463592233","2026-01-12"
"MEX.15.88_1","Temoaya","GADM2","3.6","MX","All","0.31375669638436576","19.44464246586626","-99.57689463592233","2026-01-12"
"MEX.30.141_1","San Juan Evangelista","GADM2","3.6","MX","All","0.49255833035880175","17.847794091133302","-95.13864396978187","2026-01-12"
"MEX.21.38_1","Chignahuapan","GADM2","3.6","MX","Local Events","0.24581555791705248","19.850215640641423","-98.03961856543955","2026-01-12"
"MEX.21.38_1","Chignahuapan","GADM2","3.6","MX","Lifestyle Services","0.4904557595098364","19.850215640641423","-98.03961856543955","2026-01-12"
"MEX.21.38_1","Chignahuapan","GADM2","3.6","MX","All","0.2130831918487209","19.850215640641423","-98.03961856543955","2026-01-12"
"MEX.21.38_1","Chignahuapan","GADM2","3.6","MX","Professional Services","0.5420559683731103","19.850215640641423","-98.03961856543955","2026-01-12"
"MEX.21.38_1","Chignahuapan","GADM2","3.6","MX","Public Good","0.4384713122669509","19.850215640641423","-98.03961856543955","2026-01-12"
"MEX.21.38_1","Chignahuapan","GADM2","3.6","MX","Grocery & Convenience Stores","0.3029601079268675","19.850215640641423","-98.03961856543955","2026-01-12"
"MEX.21.38_1","Chignahuapan","GADM2","3.6","MX","Restaurants","0.26699328577480247","19.850215640641423","-98.03961856543955","2026-01-12"
"MEX.21.38_1","Chignahuapan","GADM2","3.6","MX","Travel","0.16509170567224515","19.850215640641423","-98.03961856543955","2026-01-12"
"MEX.21.38_1","Chignahuapan","GADM2","3.6","MX","Home Services","0.5982542252359967","19.850215640641423","-98.03961856543955","2026-01-12"
"MEX.21.38_1","Chignahuapan","GADM2","3.6","MX","Retail","0.20896095946541118","19.850215640641423","-98.03961856543955","2026-01-12"
"MEX.21.38_1","Chignahuapan","GADM2","3.6","MX","","0.41270617287926464","19.850215640641423","-98.03961856543955","2026-01-12"
"MEX.21.38_1","Chignahuapan","GADM2","3.6","MX","Business & Utility Services","0.19931322952622868","19.850215640641423","-98.03961856543955","2026-01-12"
"MEX.16.97_1","Turicato","GADM2","3.6","MX","Retail","0.34067760265481745","18.910993677349094","-101.40771536790626","2026-01-12"
"MEX.16.97_1","Turicato","GADM2","3.6","MX","All","0.49377855429483114","18.910993677349094","-101.40771536790626","2026-01-12"
"MEX.16.97_1","Turicato","GADM2","3.6","MX","Professional Services","0.33165702480436704","18.910993677349094","-101.40771536790626","2026-01-12"
"MEX.15.92_1","Teoloyucán","GADM2","3.6","MX","All","0.2594284492116255","19.713739378098555","-99.12821555686546","2026-01-12"
"MEX.15.92_1","Teoloyucán","GADM2","3.6","MX","Business & Utility Services","0.4688857664016348","19.713739378098555","-99.12821555686546","2026-01-12"
"MEX.15.92_1","Teoloyucán","GADM2","3.6","MX","Public Good","0.38605565121805785","19.713739378098555","-99.12821555686546","2026-01-12"
"MEX.15.92_1","Teoloyucán","GADM2","3.6","MX","Lifestyle Services","0.30908662146604754","19.713739378098555","-99.12821555686546","2026-01-12"
"MEX.15.92_1","Teoloyucán","GADM2","3.6","MX","Professional Services","0.5153511781521624","19.713739378098555","-99.12821555686546","2026-01-12"
"MEX.15.92_1","Teoloyucán","GADM2","3.6","MX","Grocery & Convenience Stores","0.1962276171965063","19.713739378098555","-99.12821555686546","2026-01-12"
"MEX.15.92_1","Teoloyucán","GADM2","3.6","MX","Restaurants","0.47716285815528375","19.713739378098555","-99.12821555686546","2026-01-12"
"MEX.15.92_1","Teoloyucán","GADM2","3.6","MX","Home Services","0.23356409610080395","19.713739378098555","-99.12821555686546","2026-01-12"
"MEX.15.92_1","Teoloyucán","GADM2","3.6","MX","Local Events","0.2876861162577557","19.713739378098555","-99.12821555686546","2026-01-12"
"MEX.15.92_1","Teoloyucán","GADM2","3.6","MX","","0.6127990208460004","19.713739378098555","-99.12821555686546","2026-01-12"
"MEX.15.92_1","Teoloyucán","GADM2","3.6","MX","Retail","0.32966619014297066","19.713739378098555","-99.12821555686546","2026-01-12"
"MEX.12.62_1","Tetipac","GADM2","3.6","MX","All","0.5855586785195829","18.592428368002114","-99.65065111063095","2026-01-12"
"MEX.12.62_1","Tetipac","GADM2","3.6","MX","Professional Services","0.32236847998540236","18.592428368002114","-99.65065111063095","2026-01-12"
"MEX.12.62_1","Tetipac","GADM2","3.6","MX","Restaurants","0.6113963414865597","18.592428368002114","-99.65065111063095","2026-01-12"
"MEX.12.62_1","Tetipac","GADM2","3.6","MX","Lifestyle Services","0.4229877074216772","18.592428368002114","-99.65065111063095","2026-01-12"
"MEX.12.62_1","Tetipac","GADM2","3.6","MX","Travel","0.2798289562643853","18.592428368002114","-99.65065111063095","2026-01-12"
"MEX.12.62_1","Tetipac","GADM2","3.6","MX","Retail","0.8465592881409315","18.592428368002114","-99.65065111063095","2026-01-12"
"MEX.12.62_1","Tetipac","GADM2","3.6","MX","Home Services","0.5048169607693993","18.592428368002114","-99.65065111063095","2026-01-12"
"MEX.24.15_1","Coxcatlán","GADM2","3.6","MX","All","0.7223688393948686","21.563418558898455","-98.91670664502043","2026-01-12"
"MEX.16.106_1","Yurécuaro","GADM2","3.6","MX","All","0.5956423347445047","20.292711839388794","-102.23225390927297","2026-01-12"
"MEX.21.137_1","San Pablo Anicano","GADM2","3.6","MX","All","0.3291982177610766","18.195242815727962","-98.01773337159285","2026-01-12"
"MEX.30.92_1","La Antigua","GADM2","3.6","MX","Business & Utility Services","0.4368536181529061","19.587346998083053","-96.49370158924289","2026-01-12"
"MEX.30.92_1","La Antigua","GADM2","3.6","MX","Retail","0.5804524414748169","19.587346998083053","-96.49370158924289","2026-01-12"
"MEX.30.92_1","La Antigua","GADM2","3.6","MX","Lifestyle Services","0.5811833248068888","19.587346998083053","-96.49370158924289","2026-01-12"
"MEX.30.92_1","La Antigua","GADM2","3.6","MX","All","0.41083315860871134","19.587346998083053","-96.49370158924289","2026-01-12"
"MEX.30.92_1","La Antigua","GADM2","3.6","MX","Home Services","0.38587408777566384","19.587346998083053","-96.49370158924289","2026-01-12"
"MEX.30.92_1","La Antigua","GADM2","3.6","MX","Restaurants","0.25833286034779185","19.587346998083053","-96.49370158924289","2026-01-12"
"MEX.30.92_1","La Antigua","GADM2","3.6","MX","Professional Services","0.494048355913344","19.587346998083053","-96.49370158924289","2026-01-12"
"MEX.30.84_1","Jalcomulco","GADM2","3.6","MX","Restaurants","0.573026551942702","19.358825694095366","-96.69880947375094","2026-01-12"
"MEX.30.84_1","Jalcomulco","GADM2","3.6","MX","All","0.3387614444953869","19.358825694095366","-96.69880947375094","2026-01-12"
"MEX.21.166_1","Tepexi de Rodríguez","GADM2","3.6","MX","All","0.4686783167656013","18.576833519501402","-97.78472845807248","2026-01-12"
"MEX.30.26_1","Calcahualco","GADM2","3.6","MX","Local Events","0.45208509910632355","19.155630519928852","-97.07632924049372","2026-01-12"
"MEX.30.26_1","Calcahualco","GADM2","3.6","MX","Public Good","0.1879405466329296","19.155630519928852","-97.07632924049372","2026-01-12"
"MEX.30.26_1","Calcahualco","GADM2","3.6","MX","Business & Utility Services","0.3781246392401477","19.155630519928852","-97.07632924049372","2026-01-12"
"MEX.30.26_1","Calcahualco","GADM2","3.6","MX","Lifestyle Services","0.5265307269185097","19.155630519928852","-97.07632924049372","2026-01-12"
"MEX.30.26_1","Calcahualco","GADM2","3.6","MX","Restaurants","0.3924782257722902","19.155630519928852","-97.07632924049372","2026-01-12"
"MEX.30.26_1","Calcahualco","GADM2","3.6","MX","All","0.41034576464576994","19.155630519928852","-97.07632924049372","2026-01-12"
"MEX.30.26_1","Calcahualco","GADM2","3.6","MX","Grocery & Convenience Stores","0.6438923486003983","19.155630519928852","-97.07632924049372","2026-01-12"
"MEX.30.26_1","Calcahualco","GADM2","3.6","MX","Retail","0.26844609302621386","19.155630519928852","-97.07632924049372","2026-01-12"
"MEX.30.26_1","Calcahualco","GADM2","3.6","MX","Home Services","0.4036247301495043","19.155630519928852","-97.07632924049372","2026-01-12"
"MEX.30.26_1","Calcahualco","GADM2","3.6","MX","Professional Services","0.578507933415197","19.155630519928852","-97.07632924049372","2026-01-12"
"MEX.24.45_1","Tierra Nueva","GADM2","3.6","MX","All","0.15869763425339192","21.686264619709515","-100.47925813539756","2026-01-12"
"MEX.13.75_1","Tula de Allende","GADM2","3.6","MX","Travel","0.5811247673581103","20.088783792069776","-99.34877052988904","2026-01-12"
"MEX.13.75_1","Tula de Allende","GADM2","3.6","MX","Public Good","0.2196447928840053","20.088783792069776","-99.34877052988904","2026-01-12"
"MEX.13.75_1","Tula de Allende","GADM2","3.6","MX","Restaurants","0.26865626407279514","20.088783792069776","-99.34877052988904","2026-01-12"
"MEX.13.75_1","Tula de Allende","GADM2","3.6","MX","Retail","0.483236515086175","20.088783792069776","-99.34877052988904","2026-01-12"
"MEX.13.75_1","Tula de Allende","GADM2","3.6","MX","Home Services","0.5265687624533159","20.088783792069776","-99.34877052988904","2026-01-12"
"MEX.13.75_1","Tula de Allende","GADM2","3.6","MX","Professional Services","0.5025675676803653","20.088783792069776","-99.34877052988904","2026-01-12"
"MEX.13.75_1","Tula de Allende","GADM2","3.6","MX","Local Events","0.516280309219872","20.088783792069776","-99.34877052988904","2026-01-12"
"MEX.13.75_1","Tula de Allende","GADM2","3.6","MX","Business & Utility Services","0.44335070788828457","20.088783792069776","-99.34877052988904","2026-01-12"
"MEX.13.75_1","Tula de Allende","GADM2","3.6","MX","All","0.43262290643599993","20.088783792069776","-99.34877052988904","2026-01-12"
"MEX.13.75_1","Tula de Allende","GADM2","3.6","MX","","0.2212101619060515","20.088783792069776","-99.34877052988904","2026-01-12"
"MEX.13.75_1","Tula de Allende","GADM2","3.6","MX","Manufacturing","0.33137061329773765","20.088783792069776","-99.34877052988904","2026-01-12"
"MEX.13.75_1","Tula de Allende","GADM2","3.6","MX","Grocery & Convenience Stores","0.382185257764721","20.088783792069776","-99.34877052988904","2026-01-12"
"MEX.13.75_1","Tula de Allende","GADM2","3.6","MX","Lifestyle Services","0.47889805499694427","20.088783792069776","-99.34877052988904","2026-01-12"
"MEX.24.25_1","Rioverde","GADM2","3.6","MX","Professional Services","0.5189064277366979","21.96091387717479","-100.04551480863037","2026-01-12"
"MEX.24.25_1","Rioverde","GADM2","3.6","MX","Manufacturing","0.7005010961505409","21.96091387717479","-100.04551480863037","2026-01-12"
"MEX.24.25_1","Rioverde","GADM2","3.6","MX","Home Services","0.5385982123847668","21.96091387717479","-100.04551480863037","2026-01-12"
"MEX.24.25_1","Rioverde","GADM2","3.6","MX","","0.6190201794413853","21.96091387717479","-100.04551480863037","2026-01-12"
"MEX.24.25_1","Rioverde","GADM2","3.6","MX","Travel","0.47050685020454847","21.96091387717479","-100.04551480863037","2026-01-12"
"MEX.24.25_1","Rioverde","GADM2","3.6","MX","Restaurants","0.3092119509526756","21.96091387717479","-100.04551480863037","2026-01-12"
"MEX.24.25_1","Rioverde","GADM2","3.6","MX","Public Good","0.41180137892271074","21.96091387717479","-100.04551480863037","2026-01-12"
"MEX.24.25_1","Rioverde","GADM2","3.6","MX","All","0.33567760231969274","21.96091387717479","-100.04551480863037","2026-01-12"
"MEX.24.25_1","Rioverde","GADM2","3.6","MX","Retail","0.1818094991286265","21.96091387717479","-100.04551480863037","2026-01-12"
"MEX.24.25_1","Rioverde","GADM2","3.6","MX","Local Events","0.55732062307556","21.96091387717479","-100.04551480863037","2026-01-12"
"MEX.24.25_1","Rioverde","GADM2","3.6","MX","Lifestyle Services","0.46139327730083135","21.96091387717479","-100.04551480863037","2026-01-12"
"MEX.24.25_1","Rioverde","GADM2","3.6","MX","Grocery & Convenience Stores","0.2713778091404194","21.96091387717479","-100.04551480863037","2026-01-12"
"MEX.24.25_1","Rioverde","GADM2","3.6","MX","Business & Utility Services","0.578703758696986","21.96091387717479","-100.04551480863037","2026-01-12"
"MEX.12.4_1","Alcozauca de Guerrero","GADM2","3.6","MX","All","0.4584056929807176","17.44073472085733","-98.29095401357563","2026-01-12"
"MEX.15.82_1","Tecámac","GADM2","3.6","MX","Business & Utility Services","0.28597761127967175","19.659861379007854","-98.95242466171256","2026-01-12"
"MEX.15.82_1","Tecámac","GADM2","3.6","MX","Restaurants","0.3559680928747218","19.659861379007854","-98.95242466171256","2026-01-12"
"MEX.15.82_1","Tecámac","GADM2","3.6","MX","","0.5267050676442504","19.659861379007854","-98.95242466171256","2026-01-12"
"MEX.15.82_1","Tecámac","GADM2","3.6","MX","Retail","0.35038646720318056","19.659861379007854","-98.95242466171256","2026-01-12"
"MEX.15.82_1","Tecámac","GADM2","3.6","MX","Professional Services","0.46861600930257646","19.659861379007854","-98.95242466171256","2026-01-12"
"MEX.15.82_1","Tecámac","GADM2","3.6","MX","Public Good","0.6461166793610749","19.659861379007854","-98.95242466171256","2026-01-12"
"MEX.15.82_1","Tecámac","GADM2","3.6","MX","Local Events","0.5812037066931826","19.659861379007854","-98.95242466171256","2026-01-12"
"MEX.15.82_1","Tecámac","GADM2","3.6","MX","All","0.2903628305937171","19.659861379007854","-98.95242466171256","2026-01-12"
"MEX.15.82_1","Tecámac","GADM2","3.6","MX","Home Services","0.3224212330272062","19.659861379007854","-98.95242466171256","2026-01-12"
"MEX.15.82_1","Tecámac","GADM2","3.6","MX","Grocery & Convenience Stores","0.4537879507145753","19.659861379007854","-98.95242466171256","2026-01-12"
"MEX.15.82_1","Tecámac","GADM2","3.6","MX","Lifestyle Services","0.13731509895130625","19.659861379007854","-98.95242466171256","2026-01-12"
"MEX.15.82_1","Tecámac","GADM2","3.6","MX","Travel","0.4936725025236233","19.659861379007854","-98.95242466171256","2026-01-12"
"MEX.20.11_1","Dist. Juquila","GADM2","3.6","MX","Retail","0.13199063487883425","16.202035000083878","-97.50852984471413","2026-01-12"
"MEX.20.11_1","Dist. Juquila","GADM2","3.6","MX","Business & Utility Services","0.5904831370797948","16.202035000083878","-97.50852984471413","2026-01-12"
"MEX.20.11_1","Dist. Juquila","GADM2","3.6","MX","Lifestyle Services","0.34316079837054936","16.202035000083878","-97.50852984471413","2026-01-12"
"MEX.20.11_1","Dist. Juquila","GADM2","3.6","MX","Professional Services","0.4406373210295674","16.202035000083878","-97.50852984471413","2026-01-12"
"MEX.20.11_1","Dist. Juquila","GADM2","3.6","MX","Grocery & Convenience Stores","0.8208446809267265","16.202035000083878","-97.50852984471413","2026-01-12"
"MEX.20.11_1","Dist. Juquila","GADM2","3.6","MX","Travel","0.6201734759994778","16.202035000083878","-97.50852984471413","2026-01-12"
"MEX.20.11_1","Dist. Juquila","GADM2","3.6","MX","Public Good","0.17067269710444324","16.202035000083878","-97.50852984471413","2026-01-12"
"MEX.20.11_1","Dist. Juquila","GADM2","3.6","MX","Restaurants","0.23659787958135686","16.202035000083878","-97.50852984471413","2026-01-12"
"MEX.14.111_1","Unión de San Antonio","GADM2","3.6","MX","Professional Services","0.38340138598296175","21.13432752704485","-102.04820038461197","2026-01-12"
"MEX.14.111_1","Unión de San Antonio","GADM2","3.6","MX","Retail","0.33272837539677597","21.13432752704485","-102.04820038461197","2026-01-12"
"MEX.14.111_1","Unión de San Antonio","GADM2","3.6","MX","Grocery & Convenience Stores","0.2741938347383507","21.13432752704485","-102.04820038461197","2026-01-12"
"MEX.14.111_1","Unión de San Antonio","GADM2","3.6","MX","All","0.2111710035432838","21.13432752704485","-102.04820038461197","2026-01-12"
"MEX.14.111_1","Unión de San Antonio","GADM2","3.6","MX","Lifestyle Services","0.5696853120790425","21.13432752704485","-102.04820038461197","2026-01-12"
"MEX.14.111_1","Unión de San Antonio","GADM2","3.6","MX","Home Services","0.3232219640476934","21.13432752704485","-102.04820038461197","2026-01-12"
"MEX.14.111_1","Unión de San Antonio","GADM2","3.6","MX","Restaurants","0.22237946656199137","21.13432752704485","-102.04820038461197","2026-01-12"
"MEX.29.38_1","Tzompantepec","GADM2","3.6","MX","Retail","0.26420475640110747","19.399298985901225","-98.0121547055545","2026-01-12"
"MEX.29.38_1","Tzompantepec","GADM2","3.6","MX","Professional Services","0.5862092687833703","19.399298985901225","-98.0121547055545","2026-01-12"
"MEX.29.38_1","Tzompantepec","GADM2","3.6","MX","Home Services","0.44484703826062155","19.399298985901225","-98.0121547055545","2026-01-12"
"MEX.29.38_1","Tzompantepec","GADM2","3.6","MX","All","0.4695742081497721","19.399298985901225","-98.0121547055545","2026-01-12"
"MEX.29.38_1","Tzompantepec","GADM2","3.6","MX","Restaurants","0.7473595266366345","19.399298985901225","-98.0121547055545","2026-01-12"
"MEX.15.72_1","Polotitlán","GADM2","3.6","MX","Retail","0.4852338245684883","20.22934547766529","-99.81315559889408","2026-01-12"
"MEX.15.72_1","Polotitlán","GADM2","3.6","MX","All","0.42842332954001033","20.22934547766529","-99.81315559889408","2026-01-12"
"MEX.15.72_1","Polotitlán","GADM2","3.6","MX","Professional Services","0.38432681563399573","20.22934547766529","-99.81315559889408","2026-01-12"
"MEX.15.72_1","Polotitlán","GADM2","3.6","MX","Restaurants","0.5433325330705024","20.22934547766529","-99.81315559889408","2026-01-12"
"MEX.15.36_1","El Oro","GADM2","3.6","MX","Restaurants","0.29347422856693467","19.812139860464136","-100.07149601433738","2026-01-12"
"MEX.15.36_1","El Oro","GADM2","3.6","MX","All","0.3486542933161209","19.812139860464136","-100.07149601433738","2026-01-12"
"MEX.15.36_1","El Oro","GADM2","3.6","MX","Travel","0.4143661026881933","19.812139860464136","-100.07149601433738","2026-01-12"
"MEX.15.36_1","El Oro","GADM2","3.6","MX","Public Good","0.9045705719810595","19.812139860464136","-100.07149601433738","2026-01-12"
"MEX.15.36_1","El Oro","GADM2","3.6","MX","Retail","0.6295050527518411","19.812139860464136","-100.07149601433738","2026-01-12"
"MEX.9.9_1","Iztapalapa","GADM2","3.6","MX","Manufacturing","0.6782869445860406","19.31694779178266","-99.02477284650578","2026-01-12"
"MEX.9.9_1","Iztapalapa","GADM2","3.6","MX","","0.4038512295354604","19.31694779178266","-99.02477284650578","2026-01-12"
"MEX.9.9_1","Iztapalapa","GADM2","3.6","MX","Lifestyle Services","0.2659074041249337","19.31694779178266","-99.02477284650578","2026-01-12"
"MEX.9.9_1","Iztapalapa","GADM2","3.6","MX","Home Services","0.6117836293825217","19.31694779178266","-99.02477284650578","2026-01-12"
"MEX.9.9_1","Iztapalapa","GADM2","3.6","MX","All","0.3848467930663165","19.31694779178266","-99.02477284650578","2026-01-12"
"MEX.9.9_1","Iztapalapa","GADM2","3.6","MX","Restaurants","0.397717556556137","19.31694779178266","-99.02477284650578","2026-01-12"
"MEX.9.9_1","Iztapalapa","GADM2","3.6","MX","Professional Services","0.4319281839643536","19.31694779178266","-99.02477284650578","2026-01-12"
"MEX.9.9_1","Iztapalapa","GADM2","3.6","MX","Travel","0.5087074352492678","19.31694779178266","-99.02477284650578","2026-01-12"
"MEX.9.9_1","Iztapalapa","GADM2","3.6","MX","Grocery & Convenience Stores","0.2092850129649029","19.31694779178266","-99.02477284650578","2026-01-12"
"MEX.9.9_1","Iztapalapa","GADM2","3.6","MX","Local Events","0.3465709603073229","19.31694779178266","-99.02477284650578","2026-01-12"
"MEX.9.9_1","Iztapalapa","GADM2","3.6","MX","Retail","0.36082677763122495","19.31694779178266","-99.02477284650578","2026-01-12"
"MEX.9.9_1","Iztapalapa","GADM2","3.6","MX","Business & Utility Services","0.5324032254545775","19.31694779178266","-99.02477284650578","2026-01-12"
"MEX.9.9_1","Iztapalapa","GADM2","3.6","MX","Public Good","0.33865269279676996","19.31694779178266","-99.02477284650578","2026-01-12"
"MEX.22.13_1","Pinal de Amoles","GADM2","3.6","MX","Business & Utility Services","0.5893879302709614","21.144384316598266","-99.62061988474987","2026-01-12"
"MEX.22.13_1","Pinal de Amoles","GADM2","3.6","MX","Travel","0.18468980072249794","21.144384316598266","-99.62061988474987","2026-01-12"
"MEX.22.13_1","Pinal de Amoles","GADM2","3.6","MX","Local Events","0.33123077986512367","21.144384316598266","-99.62061988474987","2026-01-12"
"MEX.22.13_1","Pinal de Amoles","GADM2","3.6","MX","All","0.22241927209448487","21.144384316598266","-99.62061988474987","2026-01-12"
"MEX.30.88_1","Jilotepec","GADM2","3.6","MX","All","0.3002492025668265","19.64046024011017","-96.82931303805533","2026-01-12"
"MEX.30.88_1","Jilotepec","GADM2","3.6","MX","Retail","0.29946116689611896","19.64046024011017","-96.82931303805533","2026-01-12"
"MEX.30.88_1","Jilotepec","GADM2","3.6","MX","Home Services","0.3518167420845139","19.64046024011017","-96.82931303805533","2026-01-12"
"MEX.30.88_1","Jilotepec","GADM2","3.6","MX","Restaurants","0.45212641092492634","19.64046024011017","-96.82931303805533","2026-01-12"
"MEX.30.86_1","Jamapa","GADM2","3.6","MX","Restaurants","0.40569575432732385","19.032593834615497","-96.23660772623762","2026-01-12"
"MEX.30.86_1","Jamapa","GADM2","3.6","MX","All","0.6753313139052828","19.032593834615497","-96.23660772623762","2026-01-12"
"MEX.14.15_1","Ayotlán","GADM2","3.6","MX","Restaurants","0.43272669645160244","20.453738556965142","-102.33665073754977","2026-01-12"
"MEX.14.15_1","Ayotlán","GADM2","3.6","MX","All","0.26578509289868524","20.453738556965142","-102.33665073754977","2026-01-12"
"MEX.14.15_1","Ayotlán","GADM2","3.6","MX","Retail","0.20990497250420567","20.453738556965142","-102.33665073754977","2026-01-12"
"MEX.14.15_1","Ayotlán","GADM2","3.6","MX","Business & Utility Services","0.24374341104343997","20.453738556965142","-102.33665073754977","2026-01-12"
"MEX.14.15_1","Ayotlán","GADM2","3.6","MX","Home Services","0.522484814914164","20.453738556965142","-102.33665073754977","2026-01-12"
"MEX.14.15_1","Ayotlán","GADM2","3.6","MX","Grocery & Convenience Stores","0.5637522413878066","20.453738556965142","-102.33665073754977","2026-01-12"
"MEX.14.15_1","Ayotlán","GADM2","3.6","MX","Lifestyle Services","0.4717119115642029","20.453738556965142","-102.33665073754977","2026-01-12"
"MEX.14.15_1","Ayotlán","GADM2","3.6","MX","Professional Services","0.33727127771968396","20.453738556965142","-102.33665073754977","2026-01-12"
"MEX.11.36_1","Santiago Maravatío","GADM2","3.6","MX","All","0.5069821734493208","20.14912411507909","-100.97238236907532","2026-01-12"
"MEX.15.112_1","Villa de Allende","GADM2","3.6","MX","Retail","0.29853938462927776","19.378801214571215","-100.08543097035822","2026-01-12"
"MEX.15.112_1","Villa de Allende","GADM2","3.6","MX","All","0.4094440925342778","19.378801214571215","-100.08543097035822","2026-01-12"
"MEX.30.42_1","Chontla","GADM2","3.6","MX","All","0.6470220874843332","21.372410432876308","-97.99004137448215","2026-01-12"
"MEX.21.23_1","Axutla","GADM2","3.6","MX","Restaurants","0.47360255716332966","18.19444326702772","-98.29182155622516","2026-01-12"
"MEX.21.23_1","Axutla","GADM2","3.6","MX","All","0.28926648492078827","18.19444326702772","-98.29182155622516","2026-01-12"
"MEX.21.54_1","Cuautinchán","GADM2","3.6","MX","Lifestyle Services","0.22092996896797437","18.999706965563828","-97.93087313815846","2026-01-12"
"MEX.21.54_1","Cuautinchán","GADM2","3.6","MX","Retail","0.300819774914786","18.999706965563828","-97.93087313815846","2026-01-12"
"MEX.21.54_1","Cuautinchán","GADM2","3.6","MX","Business & Utility Services","0.42349663836911244","18.999706965563828","-97.93087313815846","2026-01-12"
"MEX.21.54_1","Cuautinchán","GADM2","3.6","MX","Professional Services","0.45855494409846187","18.999706965563828","-97.93087313815846","2026-01-12"
"MEX.21.54_1","Cuautinchán","GADM2","3.6","MX","Local Events","0.6266453591079155","18.999706965563828","-97.93087313815846","2026-01-12"
"MEX.21.54_1","Cuautinchán","GADM2","3.6","MX","Restaurants","0.4061509076806962","18.999706965563828","-97.93087313815846","2026-01-12"
"MEX.21.54_1","Cuautinchán","GADM2","3.6","MX","Home Services","0.4104120856520777","18.999706965563828","-97.93087313815846","2026-01-12"
"MEX.21.54_1","Cuautinchán","GADM2","3.6","MX","Grocery & Convenience Stores","0.47373879283302295","18.999706965563828","-97.93087313815846","2026-01-12"
"MEX.21.54_1","Cuautinchán","GADM2","3.6","MX","All","0.36252872579612777","18.999706965563828","-97.93087313815846","2026-01-12"
"MEX.21.54_1","Cuautinchán","GADM2","3.6","MX","Public Good","0.21278003201008902","18.999706965563828","-97.93087313815846","2026-01-12"
"MEX.32.45_1","Tepetongo","GADM2","3.6","MX","All","0.5119885338234287","22.350457331282836","-103.13428654646277","2026-01-12"
"MEX.15.85_1","Temascalapa","GADM2","3.6","MX","Professional Services","0.4960235881225395","19.73550285583328","-98.8360634600586","2026-01-12"
"MEX.15.85_1","Temascalapa","GADM2","3.6","MX","Grocery & Convenience Stores","0.24276831240899385","19.73550285583328","-98.8360634600586","2026-01-12"
"MEX.15.85_1","Temascalapa","GADM2","3.6","MX","Restaurants","0.4102430351452189","19.73550285583328","-98.8360634600586","2026-01-12"
"MEX.15.85_1","Temascalapa","GADM2","3.6","MX","Public Good","0.4425678436467839","19.73550285583328","-98.8360634600586","2026-01-12"
"MEX.15.85_1","Temascalapa","GADM2","3.6","MX","Travel","0.3730959867844998","19.73550285583328","-98.8360634600586","2026-01-12"
"MEX.15.85_1","Temascalapa","GADM2","3.6","MX","All","0.2829668424148921","19.73550285583328","-98.8360634600586","2026-01-12"
"MEX.15.85_1","Temascalapa","GADM2","3.6","MX","Home Services","0.4769392893477162","19.73550285583328","-98.8360634600586","2026-01-12"
"MEX.15.85_1","Temascalapa","GADM2","3.6","MX","Retail","0.16425211931716793","19.73550285583328","-98.8360634600586","2026-01-12"
"MEX.15.85_1","Temascalapa","GADM2","3.6","MX","Lifestyle Services","0.11805357472107945","19.73550285583328","-98.8360634600586","2026-01-12"
"MEX.15.85_1","Temascalapa","GADM2","3.6","MX","","0.3118551712981173","19.73550285583328","-98.8360634600586","2026-01-12"
"MEX.15.85_1","Temascalapa","GADM2","3.6","MX","Local Events","0.5731192342051065","19.73550285583328","-98.8360634600586","2026-01-12"
"MEX.15.85_1","Temascalapa","GADM2","3.6","MX","Business & Utility Services","0.5003904633175152","19.73550285583328","-98.8360634600586","2026-01-12"
"MEX.30.1_1","Acajete","GADM2","3.6","MX","All","0.6001889633921522","19.657525834092187","-96.9678979002511","2026-01-12"
"MEX.30.125_1","Papantla","GADM2","3.6","MX","Retail","0.4618029768678403","20.454935738109356","-97.25632544530282","2026-01-12"
"MEX.30.125_1","Papantla","GADM2","3.6","MX","Lifestyle Services","0.5298296119815024","20.454935738109356","-97.25632544530282","2026-01-12"
"MEX.30.125_1","Papantla","GADM2","3.6","MX","Public Good","0.6347137570472886","20.454935738109356","-97.25632544530282","2026-01-12"
"MEX.30.125_1","Papantla","GADM2","3.6","MX","All","0.5171835466665266","20.454935738109356","-97.25632544530282","2026-01-12"
"MEX.30.125_1","Papantla","GADM2","3.6","MX","Restaurants","0.5693446363240883","20.454935738109356","-97.25632544530282","2026-01-12"
"MEX.30.125_1","Papantla","GADM2","3.6","MX","Travel","0.2474764101181892","20.454935738109356","-97.25632544530282","2026-01-12"
"MEX.30.125_1","Papantla","GADM2","3.6","MX","Business & Utility Services","0.5750140419142405","20.454935738109356","-97.25632544530282","2026-01-12"
"MEX.30.125_1","Papantla","GADM2","3.6","MX","","0.5859972031431561","20.454935738109356","-97.25632544530282","2026-01-12"
"MEX.30.125_1","Papantla","GADM2","3.6","MX","Home Services","0.5932851128495445","20.454935738109356","-97.25632544530282","2026-01-12"
"MEX.30.125_1","Papantla","GADM2","3.6","MX","Professional Services","0.31328884868591916","20.454935738109356","-97.25632544530282","2026-01-12"
"MEX.30.125_1","Papantla","GADM2","3.6","MX","Local Events","0.6693008053003741","20.454935738109356","-97.25632544530282","2026-01-12"
"MEX.30.125_1","Papantla","GADM2","3.6","MX","Grocery & Convenience Stores","0.3933296293070144","20.454935738109356","-97.25632544530282","2026-01-12"
"MEX.12.60_1","Teloloapan","GADM2","3.6","MX","Public Good","0.328550976597166","18.331000645083574","-99.84106288721419","2026-01-12"
"MEX.12.60_1","Teloloapan","GADM2","3.6","MX","Home Services","0.33743211113655786","18.331000645083574","-99.84106288721419","2026-01-12"
"MEX.12.60_1","Teloloapan","GADM2","3.6","MX","All","0.49412629315077444","18.331000645083574","-99.84106288721419","2026-01-12"
"MEX.12.60_1","Teloloapan","GADM2","3.6","MX","Professional Services","0.4344530253458087","18.331000645083574","-99.84106288721419","2026-01-12"
"MEX.12.60_1","Teloloapan","GADM2","3.6","MX","Retail","0.4421414942565014","18.331000645083574","-99.84106288721419","2026-01-12"
"MEX.12.60_1","Teloloapan","GADM2","3.6","MX","Restaurants","0.34474888023500055","18.331000645083574","-99.84106288721419","2026-01-12"
"MEX.12.60_1","Teloloapan","GADM2","3.6","MX","Business & Utility Services","0.29945725212501806","18.331000645083574","-99.84106288721419","2026-01-12"
"MEX.12.29_1","Eduardo Neri","GADM2","3.6","MX","Public Good","0.47360432889121645","17.801961447924146","-99.5478505636297","2026-01-12"
"MEX.12.29_1","Eduardo Neri","GADM2","3.6","MX","Professional Services","0.2479680996611857","17.801961447924146","-99.5478505636297","2026-01-12"
"MEX.12.29_1","Eduardo Neri","GADM2","3.6","MX","Restaurants","0.5244216510404985","17.801961447924146","-99.5478505636297","2026-01-12"
"MEX.12.29_1","Eduardo Neri","GADM2","3.6","MX","Home Services","0.8035839007645391","17.801961447924146","-99.5478505636297","2026-01-12"
"MEX.12.29_1","Eduardo Neri","GADM2","3.6","MX","All","0.39046520508015625","17.801961447924146","-99.5478505636297","2026-01-12"
"MEX.12.29_1","Eduardo Neri","GADM2","3.6","MX","Lifestyle Services","0.3588494360980815","17.801961447924146","-99.5478505636297","2026-01-12"
"MEX.12.29_1","Eduardo Neri","GADM2","3.6","MX","Retail","0.2752208349157424","17.801961447924146","-99.5478505636297","2026-01-12"
"MEX.12.39_1","José Azueta","GADM2","3.6","MX","Travel","0.12584272559908335","17.8150369552246","-101.43284203352414","2026-01-12"
"MEX.12.39_1","José Azueta","GADM2","3.6","MX","Home Services","0.2521736863701462","17.8150369552246","-101.43284203352414","2026-01-12"
"MEX.12.39_1","José Azueta","GADM2","3.6","MX","Retail","0.3466976238318917","17.8150369552246","-101.43284203352414","2026-01-12"
"MEX.21.176_1","Tlacuilotepec","GADM2","3.6","MX","All","0.3390590812101644","20.41384845603961","-97.94811313483898","2026-01-12"
"MEX.29.27_1","Tenancingo","GADM2","3.6","MX","All","0.6244102906334571","19.16636330409592","-98.10244656585797","2026-01-12"
"MEX.29.27_1","Tenancingo","GADM2","3.6","MX","Retail","0.5858952553089265","19.16636330409592","-98.10244656585797","2026-01-12"
"MEX.9.3_1","Benito Juárez","GADM2","3.6","MX","Local Events","0.5253674429165022","19.340193518037843","-99.12430870843676","2026-01-12"
"MEX.9.3_1","Benito Juárez","GADM2","3.6","MX","Travel","0.5028172226758919","19.340193518037843","-99.12430870843676","2026-01-12"
"MEX.9.3_1","Benito Juárez","GADM2","3.6","MX","Public Good","0.32955897435899895","19.340193518037843","-99.12430870843676","2026-01-12"
"MEX.9.3_1","Benito Juárez","GADM2","3.6","MX","Manufacturing","0.36722942784442864","19.340193518037843","-99.12430870843676","2026-01-12"
"MEX.9.3_1","Benito Juárez","GADM2","3.6","MX","Grocery & Convenience Stores","0.5523459342529956","19.340193518037843","-99.12430870843676","2026-01-12"
"MEX.9.3_1","Benito Juárez","GADM2","3.6","MX","Lifestyle Services","0.3972467484721515","19.340193518037843","-99.12430870843676","2026-01-12"
"MEX.9.3_1","Benito Juárez","GADM2","3.6","MX","","0.21460110843329208","19.340193518037843","-99.12430870843676","2026-01-12"
"MEX.9.3_1","Benito Juárez","GADM2","3.6","MX","Business & Utility Services","0.4888708011795285","19.340193518037843","-99.12430870843676","2026-01-12"
"MEX.9.3_1","Benito Juárez","GADM2","3.6","MX","Restaurants","0.27475974095833483","19.340193518037843","-99.12430870843676","2026-01-12"
"MEX.9.3_1","Benito Juárez","GADM2","3.6","MX","All","0.4210135627784809","19.340193518037843","-99.12430870843676","2026-01-12"
"MEX.9.3_1","Benito Juárez","GADM2","3.6","MX","Home Services","0.5421717384406929","19.340193518037843","-99.12430870843676","2026-01-12"
"MEX.9.3_1","Benito Juárez","GADM2","3.6","MX","Professional Services","0.42940229645508576","19.340193518037843","-99.12430870843676","2026-01-12"
"MEX.9.3_1","Benito Juárez","GADM2","3.6","MX","Retail","0.37763266485069746","19.340193518037843","-99.12430870843676","2026-01-12"
"MEX.30.12_1","Amatitlán de los Reyes","GADM2","3.6","MX","Home Services","0.42312412255090315","18.855768867342302","-96.80131379837107","2026-01-12"
"MEX.30.12_1","Amatitlán de los Reyes","GADM2","3.6","MX","Retail","0.5764841952438972","18.855768867342302","-96.80131379837107","2026-01-12"
"MEX.30.12_1","Amatitlán de los Reyes","GADM2","3.6","MX","Professional Services","0.46402927325314386","18.855768867342302","-96.80131379837107","2026-01-12"
"MEX.30.12_1","Amatitlán de los Reyes","GADM2","3.6","MX","Grocery & Convenience Stores","0.5823058595363283","18.855768867342302","-96.80131379837107","2026-01-12"
"MEX.30.12_1","Amatitlán de los Reyes","GADM2","3.6","MX","All","0.5399494171574432","18.855768867342302","-96.80131379837107","2026-01-12"
"MEX.30.12_1","Amatitlán de los Reyes","GADM2","3.6","MX","Public Good","0.1330494787654172","18.855768867342302","-96.80131379837107","2026-01-12"
"MEX.30.12_1","Amatitlán de los Reyes","GADM2","3.6","MX","Restaurants","0.45174369656263774","18.855768867342302","-96.80131379837107","2026-01-12"
"MEX.24.44_1","Tanquián de Escobedo","GADM2","3.6","MX","Retail","0.6395119538850008","21.63360967239877","-98.6738504950924","2026-01-12"
"MEX.24.44_1","Tanquián de Escobedo","GADM2","3.6","MX","All","0.5725424294459758","21.63360967239877","-98.6738504950924","2026-01-12"
"MEX.24.44_1","Tanquián de Escobedo","GADM2","3.6","MX","Home Services","0.48254422237554545","21.63360967239877","-98.6738504950924","2026-01-12"
"MEX.24.44_1","Tanquián de Escobedo","GADM2","3.6","MX","Restaurants","0.6160194936582154","21.63360967239877","-98.6738504950924","2026-01-12"
"MEX.24.53_1","Villa de Reyes","GADM2","3.6","MX","Restaurants","0.4420432795226899","21.86252367758046","-101.02119790748593","2026-01-12"
"MEX.24.53_1","Villa de Reyes","GADM2","3.6","MX","Grocery & Convenience Stores","0.19368193489955152","21.86252367758046","-101.02119790748593","2026-01-12"
"MEX.24.53_1","Villa de Reyes","GADM2","3.6","MX","Lifestyle Services","0.1504985817380174","21.86252367758046","-101.02119790748593","2026-01-12"
"MEX.24.53_1","Villa de Reyes","GADM2","3.6","MX","Home Services","0.30797080437249097","21.86252367758046","-101.02119790748593","2026-01-12"
"MEX.24.53_1","Villa de Reyes","GADM2","3.6","MX","Travel","0.5036886074186041","21.86252367758046","-101.02119790748593","2026-01-12"
"MEX.24.53_1","Villa de Reyes","GADM2","3.6","MX","Retail","0.09839142029924323","21.86252367758046","-101.02119790748593","2026-01-12"
"MEX.24.53_1","Villa de Reyes","GADM2","3.6","MX","Local Events","0.23841123936559105","21.86252367758046","-101.02119790748593","2026-01-12"
"MEX.24.53_1","Villa de Reyes","GADM2","3.6","MX","Professional Services","0.3592351367407094","21.86252367758046","-101.02119790748593","2026-01-12"
"MEX.24.53_1","Villa de Reyes","GADM2","3.6","MX","All","0.06493511182476859","21.86252367758046","-101.02119790748593","2026-01-12"
"MEX.15.96_1","Tepotzotlán","GADM2","3.6","MX","Travel","0.540091428257732","19.660955146366177","-99.26870484145972","2026-01-12"
"MEX.15.96_1","Tepotzotlán","GADM2","3.6","MX","Home Services","0.5469318279970172","19.660955146366177","-99.26870484145972","2026-01-12"
"MEX.15.96_1","Tepotzotlán","GADM2","3.6","MX","","0.26614401628050727","19.660955146366177","-99.26870484145972","2026-01-12"
"MEX.15.96_1","Tepotzotlán","GADM2","3.6","MX","Manufacturing","0.5529926566524489","19.660955146366177","-99.26870484145972","2026-01-12"
"MEX.15.96_1","Tepotzotlán","GADM2","3.6","MX","Local Events","0.5920101541611423","19.660955146366177","-99.26870484145972","2026-01-12"
"MEX.15.96_1","Tepotzotlán","GADM2","3.6","MX","Lifestyle Services","0.311545831498876","19.660955146366177","-99.26870484145972","2026-01-12"
"MEX.15.96_1","Tepotzotlán","GADM2","3.6","MX","Professional Services","0.503651669473989","19.660955146366177","-99.26870484145972","2026-01-12"
"MEX.15.96_1","Tepotzotlán","GADM2","3.6","MX","Retail","0.396810955916816","19.660955146366177","-99.26870484145972","2026-01-12"
"MEX.15.96_1","Tepotzotlán","GADM2","3.6","MX","Restaurants","0.26618616090315705","19.660955146366177","-99.26870484145972","2026-01-12"
"MEX.15.96_1","Tepotzotlán","GADM2","3.6","MX","Grocery & Convenience Stores","0.270927998112535","19.660955146366177","-99.26870484145972","2026-01-12"
"MEX.15.96_1","Tepotzotlán","GADM2","3.6","MX","Public Good","0.49101113927305334","19.660955146366177","-99.26870484145972","2026-01-12"
"MEX.15.96_1","Tepotzotlán","GADM2","3.6","MX","All","0.43095603545692146","19.660955146366177","-99.26870484145972","2026-01-12"
"MEX.15.96_1","Tepotzotlán","GADM2","3.6","MX","Business & Utility Services","0.544613951399583","19.660955146366177","-99.26870484145972","2026-01-12"
"MEX.16.9_1","Ario","GADM2","3.6","MX","Retail","0.4332756072807756","19.131776890423904","-101.69214915024985","2026-01-12"
"MEX.16.9_1","Ario","GADM2","3.6","MX","Grocery & Convenience Stores","0.3726813537734359","19.131776890423904","-101.69214915024985","2026-01-12"
"MEX.16.9_1","Ario","GADM2","3.6","MX","All","0.34287874261174484","19.131776890423904","-101.69214915024985","2026-01-12"
"MEX.16.9_1","Ario","GADM2","3.6","MX","Lifestyle Services","0.10508691108267613","19.131776890423904","-101.69214915024985","2026-01-12"
"MEX.16.9_1","Ario","GADM2","3.6","MX","Home Services","0.39395893738891496","19.131776890423904","-101.69214915024985","2026-01-12"
"MEX.16.9_1","Ario","GADM2","3.6","MX","Restaurants","0.48099722106565473","19.131776890423904","-101.69214915024985","2026-01-12"
"MEX.16.9_1","Ario","GADM2","3.6","MX","Professional Services","0.41560972738069335","19.131776890423904","-101.69214915024985","2026-01-12"
"MEX.16.9_1","Ario","GADM2","3.6","MX","Business & Utility Services","0.3521746868080412","19.131776890423904","-101.69214915024985","2026-01-12"
"MEX.14.56_1","La Barca","GADM2","3.6","MX","Public Good","0.34814048843400575","20.347287303124336","-102.5035404137503","2026-01-12"
"MEX.14.56_1","La Barca","GADM2","3.6","MX","Restaurants","0.5116143421118602","20.347287303124336","-102.5035404137503","2026-01-12"
"MEX.14.56_1","La Barca","GADM2","3.6","MX","Business & Utility Services","0.6705343063985555","20.347287303124336","-102.5035404137503","2026-01-12"
"MEX.14.56_1","La Barca","GADM2","3.6","MX","Local Events","0.6054245593455765","20.347287303124336","-102.5035404137503","2026-01-12"
"MEX.14.56_1","La Barca","GADM2","3.6","MX","Grocery & Convenience Stores","0.5753944675729787","20.347287303124336","-102.5035404137503","2026-01-12"
"MEX.14.56_1","La Barca","GADM2","3.6","MX","Lifestyle Services","0.5666655358701815","20.347287303124336","-102.5035404137503","2026-01-12"
"MEX.14.56_1","La Barca","GADM2","3.6","MX","Professional Services","0.5016466996744896","20.347287303124336","-102.5035404137503","2026-01-12"
"MEX.14.56_1","La Barca","GADM2","3.6","MX","All","0.43129994624655815","20.347287303124336","-102.5035404137503","2026-01-12"
"MEX.14.56_1","La Barca","GADM2","3.6","MX","Retail","0.17152900590705514","20.347287303124336","-102.5035404137503","2026-01-12"
"MEX.14.56_1","La Barca","GADM2","3.6","MX","Home Services","0.5393822611885534","20.347287303124336","-102.5035404137503","2026-01-12"
"MEX.17.26_1","Tlaquiltenango","GADM2","3.6","MX","All","0.32949561248044257","18.492991033460157","-99.00396035861196","2026-01-12"
"MEX.32.52_1","Villa García","GADM2","3.6","MX","All","0.28563146841317144","22.10881839761112","-101.91786587917855","2026-01-12"
"MEX.32.52_1","Villa García","GADM2","3.6","MX","Restaurants","0.4937027607580596","22.10881839761112","-101.91786587917855","2026-01-12"
"MEX.32.52_1","Villa García","GADM2","3.6","MX","Retail","0.29241738080760615","22.10881839761112","-101.91786587917855","2026-01-12"
"MEX.21.113_1","Puebla","GADM2","3.6","MX","Home Services","0.5332653204485537","19.030390320710598","-98.08091785919986","2026-01-12"
"MEX.21.113_1","Puebla","GADM2","3.6","MX","Local Events","0.508747775623711","19.030390320710598","-98.08091785919986","2026-01-12"
"MEX.21.113_1","Puebla","GADM2","3.6","MX","Retail","0.41811267744116415","19.030390320710598","-98.08091785919986","2026-01-12"
"MEX.21.113_1","Puebla","GADM2","3.6","MX","Lifestyle Services","0.13238505655630478","19.030390320710598","-98.08091785919986","2026-01-12"
"MEX.21.113_1","Puebla","GADM2","3.6","MX","Travel","0.4745255657130179","19.030390320710598","-98.08091785919986","2026-01-12"
"MEX.21.113_1","Puebla","GADM2","3.6","MX","Public Good","0.2336063266586433","19.030390320710598","-98.08091785919986","2026-01-12"
"MEX.21.113_1","Puebla","GADM2","3.6","MX","","0.35571932972451487","19.030390320710598","-98.08091785919986","2026-01-12"
"MEX.21.113_1","Puebla","GADM2","3.6","MX","Business & Utility Services","0.5148845335141728","19.030390320710598","-98.08091785919986","2026-01-12"
"MEX.21.113_1","Puebla","GADM2","3.6","MX","Grocery & Convenience Stores","0.37916865562005053","19.030390320710598","-98.08091785919986","2026-01-12"
"MEX.21.113_1","Puebla","GADM2","3.6","MX","All","0.40253726705184895","19.030390320710598","-98.08091785919986","2026-01-12"
"MEX.21.113_1","Puebla","GADM2","3.6","MX","Professional Services","0.46875787547249814","19.030390320710598","-98.08091785919986","2026-01-12"
"MEX.21.113_1","Puebla","GADM2","3.6","MX","Manufacturing","0.18220885253889182","19.030390320710598","-98.08091785919986","2026-01-12"
"MEX.21.113_1","Puebla","GADM2","3.6","MX","Restaurants","0.29249609980710095","19.030390320710598","-98.08091785919986","2026-01-12"
"MEX.9.10_1","Magdalena Contreras","GADM2","3.6","MX","Grocery & Convenience Stores","0.41629784256254204","19.195806909566123","-99.23125345935763","2026-01-12"
"MEX.9.10_1","Magdalena Contreras","GADM2","3.6","MX","Public Good","0.5107549110501585","19.195806909566123","-99.23125345935763","2026-01-12"
"MEX.9.10_1","Magdalena Contreras","GADM2","3.6","MX","Business & Utility Services","0.5001880131899129","19.195806909566123","-99.23125345935763","2026-01-12"
"MEX.9.10_1","Magdalena Contreras","GADM2","3.6","MX","Restaurants","0.2466182024902259","19.195806909566123","-99.23125345935763","2026-01-12"
"MEX.9.10_1","Magdalena Contreras","GADM2","3.6","MX","Lifestyle Services","0.41554703544269006","19.195806909566123","-99.23125345935763","2026-01-12"
"MEX.9.10_1","Magdalena Contreras","GADM2","3.6","MX","Home Services","0.4454628538324649","19.195806909566123","-99.23125345935763","2026-01-12"
"MEX.9.10_1","Magdalena Contreras","GADM2","3.6","MX","All","0.3154510141023241","19.195806909566123","-99.23125345935763","2026-01-12"
"MEX.9.10_1","Magdalena Contreras","GADM2","3.6","MX","Retail","0.4137264904890408","19.195806909566123","-99.23125345935763","2026-01-12"
"MEX.9.10_1","Magdalena Contreras","GADM2","3.6","MX","Local Events","0.34772892990526877","19.195806909566123","-99.23125345935763","2026-01-12"
"MEX.9.10_1","Magdalena Contreras","GADM2","3.6","MX","Professional Services","0.3809047650728747","19.195806909566123","-99.23125345935763","2026-01-12"
"MEX.12.1_1","Acapulco de Juárez","GADM2","3.6","MX","Public Good","0.3278051990178838","16.959868026814828","-99.68197241401029","2026-01-12"
"MEX.12.1_1","Acapulco de Juárez","GADM2","3.6","MX","Retail","0.2967984104743215","16.959868026814828","-99.68197241401029","2026-01-12"
"MEX.12.1_1","Acapulco de Juárez","GADM2","3.6","MX","All","0.2819508389344168","16.959868026814828","-99.68197241401029","2026-01-12"
"MEX.12.1_1","Acapulco de Juárez","GADM2","3.6","MX","Lifestyle Services","0.23367457959088708","16.959868026814828","-99.68197241401029","2026-01-12"
"MEX.12.1_1","Acapulco de Juárez","GADM2","3.6","MX","Home Services","0.5227325771938683","16.959868026814828","-99.68197241401029","2026-01-12"
"MEX.12.1_1","Acapulco de Juárez","GADM2","3.6","MX","Travel","0.33759557225395526","16.959868026814828","-99.68197241401029","2026-01-12"
"MEX.12.1_1","Acapulco de Juárez","GADM2","3.6","MX","","0.47901085370638335","16.959868026814828","-99.68197241401029","2026-01-12"
"MEX.12.1_1","Acapulco de Juárez","GADM2","3.6","MX","Grocery & Convenience Stores","0.6226556719114432","16.959868026814828","-99.68197241401029","2026-01-12"
"MEX.12.1_1","Acapulco de Juárez","GADM2","3.6","MX","Professional Services","0.4148580047836449","16.959868026814828","-99.68197241401029","2026-01-12"
"MEX.12.1_1","Acapulco de Juárez","GADM2","3.6","MX","Local Events","0.19531940459729155","16.959868026814828","-99.68197241401029","2026-01-12"
"MEX.12.1_1","Acapulco de Juárez","GADM2","3.6","MX","Manufacturing","0.3776850775479124","16.959868026814828","-99.68197241401029","2026-01-12"
"MEX.12.1_1","Acapulco de Juárez","GADM2","3.6","MX","Restaurants","0.20000544978867638","16.959868026814828","-99.68197241401029","2026-01-12"
"MEX.12.1_1","Acapulco de Juárez","GADM2","3.6","MX","Business & Utility Services","0.46098052296528935","16.959868026814828","-99.68197241401029","2026-01-12"
"MEX.16.89_1","Tepalcatepec","GADM2","3.6","MX","Professional Services","0.5055334623920743","19.065670907290354","-102.87513963425174","2026-01-12"
"MEX.16.89_1","Tepalcatepec","GADM2","3.6","MX","Restaurants","0.39375790516832626","19.065670907290354","-102.87513963425174","2026-01-12"
"MEX.16.89_1","Tepalcatepec","GADM2","3.6","MX","All","0.4601614179105712","19.065670907290354","-102.87513963425174","2026-01-12"
"MEX.29.14_1","Huamantla","GADM2","3.6","MX","Home Services","0.37239966178408995","19.363998169841526","-97.85971034486896","2026-01-12"
"MEX.29.14_1","Huamantla","GADM2","3.6","MX","Grocery & Convenience Stores","0.18315358163355427","19.363998169841526","-97.85971034486896","2026-01-12"
"MEX.29.14_1","Huamantla","GADM2","3.6","MX","Retail","0.3251092291244805","19.363998169841526","-97.85971034486896","2026-01-12"
"MEX.29.14_1","Huamantla","GADM2","3.6","MX","Travel","0.3802233521335321","19.363998169841526","-97.85971034486896","2026-01-12"
"MEX.29.14_1","Huamantla","GADM2","3.6","MX","Professional Services","0.5466428698372886","19.363998169841526","-97.85971034486896","2026-01-12"
"MEX.29.14_1","Huamantla","GADM2","3.6","MX","Restaurants","0.18355708995916323","19.363998169841526","-97.85971034486896","2026-01-12"
"MEX.29.14_1","Huamantla","GADM2","3.6","MX","Local Events","0.1314318291425805","19.363998169841526","-97.85971034486896","2026-01-12"
"MEX.29.14_1","Huamantla","GADM2","3.6","MX","Public Good","0.1580883474631249","19.363998169841526","-97.85971034486896","2026-01-12"
"MEX.29.14_1","Huamantla","GADM2","3.6","MX","Business & Utility Services","0.5684118728571345","19.363998169841526","-97.85971034486896","2026-01-12"
"MEX.29.14_1","Huamantla","GADM2","3.6","MX","Lifestyle Services","0.25753054521409124","19.363998169841526","-97.85971034486896","2026-01-12"
"MEX.29.14_1","Huamantla","GADM2","3.6","MX","All","0.2343384191172361","19.363998169841526","-97.85971034486896","2026-01-12"
"MEX.21.186_1","Tochtepec","GADM2","3.6","MX","Restaurants","0.45972128010664165","18.852907707753857","-97.69989724408217","2026-01-12"
"MEX.21.186_1","Tochtepec","GADM2","3.6","MX","Professional Services","0.7857354022611132","18.852907707753857","-97.69989724408217","2026-01-12"
"MEX.21.186_1","Tochtepec","GADM2","3.6","MX","Home Services","0.3580166046073942","18.852907707753857","-97.69989724408217","2026-01-12"
"MEX.21.186_1","Tochtepec","GADM2","3.6","MX","Retail","0.5274514651420306","18.852907707753857","-97.69989724408217","2026-01-12"
"MEX.21.186_1","Tochtepec","GADM2","3.6","MX","Grocery & Convenience Stores","0.6532762362575631","18.852907707753857","-97.69989724408217","2026-01-12"
"MEX.21.186_1","Tochtepec","GADM2","3.6","MX","All","0.6675043226967958","18.852907707753857","-97.69989724408217","2026-01-12"
"MEX.14.52_1","Jilotlán de los Dolores","GADM2","3.6","MX","All","0.5763536996793148","19.310787058399207","-102.89756685000262","2026-01-12"
"MEX.30.46_1","Coatepec","GADM2","3.6","MX","Business & Utility Services","0.4360063875995805","19.432205354672718","-96.839407691167","2026-01-12"
"MEX.30.46_1","Coatepec","GADM2","3.6","MX","Home Services","0.5420050566247631","19.432205354672718","-96.839407691167","2026-01-12"
"MEX.30.46_1","Coatepec","GADM2","3.6","MX","","0.4822385631512513","19.432205354672718","-96.839407691167","2026-01-12"
"MEX.30.46_1","Coatepec","GADM2","3.6","MX","Lifestyle Services","0.281368622572636","19.432205354672718","-96.839407691167","2026-01-12"
"MEX.30.46_1","Coatepec","GADM2","3.6","MX","All","0.4242608032345855","19.432205354672718","-96.839407691167","2026-01-12"
"MEX.30.46_1","Coatepec","GADM2","3.6","MX","Restaurants","0.3450053369729327","19.432205354672718","-96.839407691167","2026-01-12"
"MEX.30.46_1","Coatepec","GADM2","3.6","MX","Grocery & Convenience Stores","0.31454985606365465","19.432205354672718","-96.839407691167","2026-01-12"
"MEX.30.46_1","Coatepec","GADM2","3.6","MX","Manufacturing","0.45899419611566084","19.432205354672718","-96.839407691167","2026-01-12"
"MEX.30.46_1","Coatepec","GADM2","3.6","MX","Travel","0.49917111542757436","19.432205354672718","-96.839407691167","2026-01-12"
"MEX.30.46_1","Coatepec","GADM2","3.6","MX","Local Events","0.25527793866124754","19.432205354672718","-96.839407691167","2026-01-12"
"MEX.30.46_1","Coatepec","GADM2","3.6","MX","Professional Services","0.47432075281848834","19.432205354672718","-96.839407691167","2026-01-12"
"MEX.30.46_1","Coatepec","GADM2","3.6","MX","Retail","0.47555893157149365","19.432205354672718","-96.839407691167","2026-01-12"
"MEX.30.46_1","Coatepec","GADM2","3.6","MX","Public Good","0.28755820410929056","19.432205354672718","-96.839407691167","2026-01-12"
"MEX.12.39_1","José Azueta","GADM2","3.6","MX","Restaurants","0.36033259965596326","17.8150369552246","-101.43284203352414","2026-01-12"
"MEX.12.39_1","José Azueta","GADM2","3.6","MX","Manufacturing","0.353531301387238","17.8150369552246","-101.43284203352414","2026-01-12"
"MEX.12.39_1","José Azueta","GADM2","3.6","MX","Grocery & Convenience Stores","0.531556695924967","17.8150369552246","-101.43284203352414","2026-01-12"
"MEX.12.39_1","José Azueta","GADM2","3.6","MX","Local Events","0.6585388955437611","17.8150369552246","-101.43284203352414","2026-01-12"
"MEX.12.39_1","José Azueta","GADM2","3.6","MX","Public Good","0.34958285074189294","17.8150369552246","-101.43284203352414","2026-01-12"
"MEX.12.39_1","José Azueta","GADM2","3.6","MX","Business & Utility Services","0.15779466228420386","17.8150369552246","-101.43284203352414","2026-01-12"
"MEX.12.39_1","José Azueta","GADM2","3.6","MX","","0.2578697768136768","17.8150369552246","-101.43284203352414","2026-01-12"
"MEX.12.39_1","José Azueta","GADM2","3.6","MX","Lifestyle Services","0.3020628211904018","17.8150369552246","-101.43284203352414","2026-01-12"
"MEX.12.39_1","José Azueta","GADM2","3.6","MX","Professional Services","0.38375536381539416","17.8150369552246","-101.43284203352414","2026-01-12"
"MEX.12.39_1","José Azueta","GADM2","3.6","MX","All","0.26008948137583193","17.8150369552246","-101.43284203352414","2026-01-12"
"MEX.30.89_1","José Azueta","GADM2","3.6","MX","Lifestyle Services","0.5275544095198079","18.16760912358742","-95.72253258186846","2026-01-12"
"MEX.30.89_1","José Azueta","GADM2","3.6","MX","All","0.3784391132076946","18.16760912358742","-95.72253258186846","2026-01-12"
"MEX.30.89_1","José Azueta","GADM2","3.6","MX","Retail","0.23098656430474554","18.16760912358742","-95.72253258186846","2026-01-12"
"MEX.16.47_1","Juárez","GADM2","3.6","MX","All","0.25494339229512203","19.28244737619103","-100.41861074141765","2026-01-12"
"MEX.11.21_1","Moroleón","GADM2","3.6","MX","All","0.100342857290619","20.07077824767517","-101.26365377446686","2026-01-12"
"MEX.11.21_1","Moroleón","GADM2","3.6","MX","Home Services","0.5078853780600933","20.07077824767517","-101.26365377446686","2026-01-12"
"MEX.11.21_1","Moroleón","GADM2","3.6","MX","Retail","0.13311524340819586","20.07077824767517","-101.26365377446686","2026-01-12"
"MEX.11.21_1","Moroleón","GADM2","3.6","MX","Restaurants","0.21266236630339844","20.07077824767517","-101.26365377446686","2026-01-12"
"MEX.11.21_1","Moroleón","GADM2","3.6","MX","Lifestyle Services","0.43168894261324253","20.07077824767517","-101.26365377446686","2026-01-12"
"MEX.11.21_1","Moroleón","GADM2","3.6","MX","Professional Services","0.30884642333876694","20.07077824767517","-101.26365377446686","2026-01-12"
"MEX.14.60_1","Lagos de Moreno","GADM2","3.6","MX","Public Good","0.20298728503160987","21.46496682874853","-101.92331107810101","2026-01-12"
"MEX.14.60_1","Lagos de Moreno","GADM2","3.6","MX","Business & Utility Services","0.3218544223063313","21.46496682874853","-101.92331107810101","2026-01-12"
"MEX.14.60_1","Lagos de Moreno","GADM2","3.6","MX","Grocery & Convenience Stores","0.6027384634757575","21.46496682874853","-101.92331107810101","2026-01-12"
"MEX.14.60_1","Lagos de Moreno","GADM2","3.6","MX","Manufacturing","0.6126979287417011","21.46496682874853","-101.92331107810101","2026-01-12"
"MEX.14.60_1","Lagos de Moreno","GADM2","3.6","MX","Local Events","0.7139708618164585","21.46496682874853","-101.92331107810101","2026-01-12"
"MEX.14.60_1","Lagos de Moreno","GADM2","3.6","MX","Lifestyle Services","0.3387367498659492","21.46496682874853","-101.92331107810101","2026-01-12"
"MEX.14.60_1","Lagos de Moreno","GADM2","3.6","MX","","0.5588941228695168","21.46496682874853","-101.92331107810101","2026-01-12"
"MEX.14.60_1","Lagos de Moreno","GADM2","3.6","MX","Professional Services","0.46057131316064587","21.46496682874853","-101.92331107810101","2026-01-12"
"MEX.14.60_1","Lagos de Moreno","GADM2","3.6","MX","Retail","0.28650675154846794","21.46496682874853","-101.92331107810101","2026-01-12"
"MEX.14.60_1","Lagos de Moreno","GADM2","3.6","MX","All","0.3326111222087316","21.46496682874853","-101.92331107810101","2026-01-12"
"MEX.14.60_1","Lagos de Moreno","GADM2","3.6","MX","Travel","0.49187317612668063","21.46496682874853","-101.92331107810101","2026-01-12"
"MEX.14.60_1","Lagos de Moreno","GADM2","3.6","MX","Restaurants","0.2753086844533708","21.46496682874853","-101.92331107810101","2026-01-12"
"MEX.14.60_1","Lagos de Moreno","GADM2","3.6","MX","Home Services","0.4880080402655386","21.46496682874853","-101.92331107810101","2026-01-12"
"MEX.12.68_1","Tlapa de Comonfort","GADM2","3.6","MX","Lifestyle Services","0.32320199901263785","17.59786022191942","-98.5461878677975","2026-01-12"
"MEX.12.68_1","Tlapa de Comonfort","GADM2","3.6","MX","All","0.24403557646162197","17.59786022191942","-98.5461878677975","2026-01-12"
"MEX.12.68_1","Tlapa de Comonfort","GADM2","3.6","MX","Business & Utility Services","0.5809588337133038","17.59786022191942","-98.5461878677975","2026-01-12"
"MEX.12.68_1","Tlapa de Comonfort","GADM2","3.6","MX","Home Services","0.20244354822033991","17.59786022191942","-98.5461878677975","2026-01-12"
"MEX.12.68_1","Tlapa de Comonfort","GADM2","3.6","MX","Professional Services","0.23757255029266908","17.59786022191942","-98.5461878677975","2026-01-12"
"MEX.12.68_1","Tlapa de Comonfort","GADM2","3.6","MX","Grocery & Convenience Stores","0.5239586339768003","17.59786022191942","-98.5461878677975","2026-01-12"
"MEX.12.68_1","Tlapa de Comonfort","GADM2","3.6","MX","Public Good","0.4028241776925766","17.59786022191942","-98.5461878677975","2026-01-12"
"MEX.12.68_1","Tlapa de Comonfort","GADM2","3.6","MX","Local Events","0.5235491418910755","17.59786022191942","-98.5461878677975","2026-01-12"
"MEX.12.68_1","Tlapa de Comonfort","GADM2","3.6","MX","Restaurants","0.4990937209014297","17.59786022191942","-98.5461878677975","2026-01-12"
"MEX.12.68_1","Tlapa de Comonfort","GADM2","3.6","MX","Retail","0.2650992698952156","17.59786022191942","-98.5461878677975","2026-01-12"
"MEX.30.131_1","Poza Rica de Hidalgo","GADM2","3.6","MX","Public Good","0.4150862870921039","20.553747122810343","-97.41770538976157","2026-01-12"
"MEX.30.131_1","Poza Rica de Hidalgo","GADM2","3.6","MX","","0.5251012826155855","20.553747122810343","-97.41770538976157","2026-01-12"
"MEX.30.131_1","Poza Rica de Hidalgo","GADM2","3.6","MX","Local Events","0.8667303340942857","20.553747122810343","-97.41770538976157","2026-01-12"
"MEX.30.131_1","Poza Rica de Hidalgo","GADM2","3.6","MX","Home Services","0.7029331628958632","20.553747122810343","-97.41770538976157","2026-01-12"
"MEX.30.131_1","Poza Rica de Hidalgo","GADM2","3.6","MX","Grocery & Convenience Stores","0.7122129805762955","20.553747122810343","-97.41770538976157","2026-01-12"
"MEX.30.131_1","Poza Rica de Hidalgo","GADM2","3.6","MX","Professional Services","0.596164227458858","20.553747122810343","-97.41770538976157","2026-01-12"
"MEX.30.131_1","Poza Rica de Hidalgo","GADM2","3.6","MX","Lifestyle Services","0.31877616576154516","20.553747122810343","-97.41770538976157","2026-01-12"
"MEX.30.131_1","Poza Rica de Hidalgo","GADM2","3.6","MX","All","0.6304003788316439","20.553747122810343","-97.41770538976157","2026-01-12"
"MEX.30.131_1","Poza Rica de Hidalgo","GADM2","3.6","MX","Business & Utility Services","0.41633420762402346","20.553747122810343","-97.41770538976157","2026-01-12"
"MEX.30.131_1","Poza Rica de Hidalgo","GADM2","3.6","MX","Retail","0.6014777102741917","20.553747122810343","-97.41770538976157","2026-01-12"
"MEX.30.131_1","Poza Rica de Hidalgo","GADM2","3.6","MX","Restaurants","0.5637729519213002","20.553747122810343","-97.41770538976157","2026-01-12"
"MEX.30.150_1","Tamiahua","GADM2","3.6","MX","Restaurants","0.31654174304673993","21.186972098075007","-97.51067770910007","2026-01-12"
"MEX.30.150_1","Tamiahua","GADM2","3.6","MX","Retail","0.22854344853427952","21.186972098075007","-97.51067770910007","2026-01-12"
"MEX.30.150_1","Tamiahua","GADM2","3.6","MX","All","0.20761202157500236","21.186972098075007","-97.51067770910007","2026-01-12"
"MEX.30.150_1","Tamiahua","GADM2","3.6","MX","Travel","0.3110603354616205","21.186972098075007","-97.51067770910007","2026-01-12"
"MEX.22.14_1","Querétaro","GADM2","3.6","MX","All","0.45363504139513466","20.724103466018907","-100.45782909954215","2026-01-12"
"MEX.22.14_1","Querétaro","GADM2","3.6","MX","Public Good","0.2056993732778076","20.724103466018907","-100.45782909954215","2026-01-12"
"MEX.22.14_1","Querétaro","GADM2","3.6","MX","Professional Services","0.5091408321293944","20.724103466018907","-100.45782909954215","2026-01-12"
"MEX.22.14_1","Querétaro","GADM2","3.6","MX","","0.36220483748083127","20.724103466018907","-100.45782909954215","2026-01-12"
"MEX.22.14_1","Querétaro","GADM2","3.6","MX","Retail","0.40873096823269955","20.724103466018907","-100.45782909954215","2026-01-12"
"MEX.22.14_1","Querétaro","GADM2","3.6","MX","Local Events","0.5013697557544268","20.724103466018907","-100.45782909954215","2026-01-12"
"MEX.22.14_1","Querétaro","GADM2","3.6","MX","Travel","0.4328504684352042","20.724103466018907","-100.45782909954215","2026-01-12"
"MEX.22.14_1","Querétaro","GADM2","3.6","MX","Lifestyle Services","0.3960643573266708","20.724103466018907","-100.45782909954215","2026-01-12"
"MEX.22.14_1","Querétaro","GADM2","3.6","MX","Home Services","0.5055879320257822","20.724103466018907","-100.45782909954215","2026-01-12"
"MEX.22.14_1","Querétaro","GADM2","3.6","MX","Restaurants","0.26844451237837863","20.724103466018907","-100.45782909954215","2026-01-12"
"MEX.22.14_1","Querétaro","GADM2","3.6","MX","Business & Utility Services","0.5000050202410967","20.724103466018907","-100.45782909954215","2026-01-12"
"MEX.22.14_1","Querétaro","GADM2","3.6","MX","Manufacturing","0.47918382966752254","20.724103466018907","-100.45782909954215","2026-01-12"
"MEX.22.14_1","Querétaro","GADM2","3.6","MX","Grocery & Convenience Stores","0.5034334865956149","20.724103466018907","-100.45782909954215","2026-01-12"
"MEX.21.167_1","Tepeyahualco","GADM2","3.6","MX","Business & Utility Services","0.4528203969121699","19.522114300222647","-97.38924958238883","2026-01-12"
"MEX.21.167_1","Tepeyahualco","GADM2","3.6","MX","All","0.42211519293277716","19.522114300222647","-97.38924958238883","2026-01-12"
"MEX.21.179_1","Tlanepantla","GADM2","3.6","MX","All","0.3098563222285451","18.910536846348673","-97.71263368006784","2026-01-12"
"MEX.14.119_1","Yahualica de González Gallo","GADM2","3.6","MX","Home Services","0.658098787746623","21.080558242483814","-102.9432188758359","2026-01-12"
"MEX.14.119_1","Yahualica de González Gallo","GADM2","3.6","MX","Lifestyle Services","0.43061256561131894","21.080558242483814","-102.9432188758359","2026-01-12"
"MEX.14.119_1","Yahualica de González Gallo","GADM2","3.6","MX","Business & Utility Services","0.2809741503266815","21.080558242483814","-102.9432188758359","2026-01-12"
"MEX.14.119_1","Yahualica de González Gallo","GADM2","3.6","MX","Public Good","0.28381229819463155","21.080558242483814","-102.9432188758359","2026-01-12"
"MEX.14.119_1","Yahualica de González Gallo","GADM2","3.6","MX","All","0.401597247902219","21.080558242483814","-102.9432188758359","2026-01-12"
"MEX.14.119_1","Yahualica de González Gallo","GADM2","3.6","MX","Grocery & Convenience Stores","0.7050456785497221","21.080558242483814","-102.9432188758359","2026-01-12"
"MEX.14.119_1","Yahualica de González Gallo","GADM2","3.6","MX","Restaurants","0.41924123017996184","21.080558242483814","-102.9432188758359","2026-01-12"
"MEX.14.119_1","Yahualica de González Gallo","GADM2","3.6","MX","Retail","0.31334274256502387","21.080558242483814","-102.9432188758359","2026-01-12"
"MEX.14.119_1","Yahualica de González Gallo","GADM2","3.6","MX","Professional Services","0.5434097796327838","21.080558242483814","-102.9432188758359","2026-01-12"
"MEX.13.10_1","Atlapexco","GADM2","3.6","MX","All","0.4529556564927109","21.06056296361726","-98.35292510374178","2026-01-12"
"MEX.13.10_1","Atlapexco","GADM2","3.6","MX","Professional Services","0.5255865467230739","21.06056296361726","-98.35292510374178","2026-01-12"
"MEX.32.11_1","Fresnillo","GADM2","3.6","MX","Lifestyle Services","0.2971735313887571","23.181482589648045","-102.99273311866442","2026-01-12"
"MEX.32.11_1","Fresnillo","GADM2","3.6","MX","Travel","0.5986308837659088","23.181482589648045","-102.99273311866442","2026-01-12"
"MEX.32.11_1","Fresnillo","GADM2","3.6","MX","Public Good","0.34176689225838264","23.181482589648045","-102.99273311866442","2026-01-12"
"MEX.32.11_1","Fresnillo","GADM2","3.6","MX","Business & Utility Services","0.5969159474886853","23.181482589648045","-102.99273311866442","2026-01-12"
"MEX.32.11_1","Fresnillo","GADM2","3.6","MX","Retail","0.3527341152375051","23.181482589648045","-102.99273311866442","2026-01-12"
"MEX.32.11_1","Fresnillo","GADM2","3.6","MX","Manufacturing","0.680746027833559","23.181482589648045","-102.99273311866442","2026-01-12"
"MEX.32.11_1","Fresnillo","GADM2","3.6","MX","Restaurants","0.27357992111517554","23.181482589648045","-102.99273311866442","2026-01-12"
"MEX.32.11_1","Fresnillo","GADM2","3.6","MX","","0.3800137610979724","23.181482589648045","-102.99273311866442","2026-01-12"
"MEX.32.11_1","Fresnillo","GADM2","3.6","MX","Professional Services","0.4183204374477666","23.181482589648045","-102.99273311866442","2026-01-12"
"MEX.32.11_1","Fresnillo","GADM2","3.6","MX","Home Services","0.7262509724391022","23.181482589648045","-102.99273311866442","2026-01-12"
"MEX.32.11_1","Fresnillo","GADM2","3.6","MX","Grocery & Convenience Stores","0.4971462828071717","23.181482589648045","-102.99273311866442","2026-01-12"
"MEX.32.11_1","Fresnillo","GADM2","3.6","MX","Local Events","0.40369861991576267","23.181482589648045","-102.99273311866442","2026-01-12"
"MEX.32.11_1","Fresnillo","GADM2","3.6","MX","All","0.4192199252377509","23.181482589648045","-102.99273311866442","2026-01-12"
"MEX.14.77_1","San Julián","GADM2","3.6","MX","All","0.5212666366846274","20.95774127170084","-102.18550081756683","2026-01-12"
"MEX.14.77_1","San Julián","GADM2","3.6","MX","Restaurants","0.4781385088058882","20.95774127170084","-102.18550081756683","2026-01-12"
"MEX.14.77_1","San Julián","GADM2","3.6","MX","Grocery & Convenience Stores","0.3300465993672179","20.95774127170084","-102.18550081756683","2026-01-12"
"MEX.14.77_1","San Julián","GADM2","3.6","MX","Retail","0.5734587625749902","20.95774127170084","-102.18550081756683","2026-01-12"
"MEX.14.77_1","San Julián","GADM2","3.6","MX","Professional Services","0.2975047391010906","20.95774127170084","-102.18550081756683","2026-01-12"
"MEX.14.77_1","San Julián","GADM2","3.6","MX","Home Services","0.5871040331668408","20.95774127170084","-102.18550081756683","2026-01-12"
"MEX.17.21_1","Tepoztlán","GADM2","3.6","MX","Retail","0.5074314459671062","18.970720267418937","-99.05905300814734","2026-01-12"
"MEX.17.21_1","Tepoztlán","GADM2","3.6","MX","Lifestyle Services","0.24809591998053662","18.970720267418937","-99.05905300814734","2026-01-12"
"MEX.17.21_1","Tepoztlán","GADM2","3.6","MX","Restaurants","0.2848422855267235","18.970720267418937","-99.05905300814734","2026-01-12"
"MEX.17.21_1","Tepoztlán","GADM2","3.6","MX","Travel","0.37013625765434643","18.970720267418937","-99.05905300814734","2026-01-12"
"MEX.17.21_1","Tepoztlán","GADM2","3.6","MX","All","0.30262787385210765","18.970720267418937","-99.05905300814734","2026-01-12"
"MEX.21.203_1","Zacapala","GADM2","3.6","MX","Retail","0.41512622686507406","18.664529572705334","-97.8822727833044","2026-01-12"
"MEX.21.203_1","Zacapala","GADM2","3.6","MX","All","0.3266316454353465","18.664529572705334","-97.8822727833044","2026-01-12"
"MEX.21.203_1","Zacapala","GADM2","3.6","MX","Professional Services","0.4291004052576951","18.664529572705334","-97.8822727833044","2026-01-12"
"MEX.21.203_1","Zacapala","GADM2","3.6","MX","Restaurants","0.27349310237947533","18.664529572705334","-97.8822727833044","2026-01-12"
"MEX.30.148_1","Soteapan","GADM2","3.6","MX","All","0.48613228419743765","18.29585546426641","-94.87613248788554","2026-01-12"
"MEX.13.71_1","Tlanalapa","GADM2","3.6","MX","Local Events","0.5905699864887426","19.808959972974694","-98.54516914745051","2026-01-12"
"MEX.13.71_1","Tlanalapa","GADM2","3.6","MX","Business & Utility Services","0.404149044867084","19.808959972974694","-98.54516914745051","2026-01-12"
"MEX.13.71_1","Tlanalapa","GADM2","3.6","MX","Grocery & Convenience Stores","0.24161321173317557","19.808959972974694","-98.54516914745051","2026-01-12"
"MEX.13.71_1","Tlanalapa","GADM2","3.6","MX","Professional Services","0.4939385696756566","19.808959972974694","-98.54516914745051","2026-01-12"
"MEX.13.71_1","Tlanalapa","GADM2","3.6","MX","Public Good","0.2647593520334696","19.808959972974694","-98.54516914745051","2026-01-12"
"MEX.13.71_1","Tlanalapa","GADM2","3.6","MX","Travel","0.3500309847154211","19.808959972974694","-98.54516914745051","2026-01-12"
"MEX.13.71_1","Tlanalapa","GADM2","3.6","MX","Retail","0.4241073363919843","19.808959972974694","-98.54516914745051","2026-01-12"
"MEX.13.71_1","Tlanalapa","GADM2","3.6","MX","All","0.4247939211969337","19.808959972974694","-98.54516914745051","2026-01-12"
"MEX.13.71_1","Tlanalapa","GADM2","3.6","MX","Lifestyle Services","0.4317196666446523","19.808959972974694","-98.54516914745051","2026-01-12"
"MEX.13.71_1","Tlanalapa","GADM2","3.6","MX","Home Services","0.6422181289693685","19.808959972974694","-98.54516914745051","2026-01-12"
"MEX.13.71_1","Tlanalapa","GADM2","3.6","MX","Restaurants","0.4439195179186152","19.808959972974694","-98.54516914745051","2026-01-12"
"MEX.15.100_1","Texcoco","GADM2","3.6","MX","Retail","0.45375795639049615","19.42798894741748","-98.72481686736853","2026-01-12"
"MEX.15.100_1","Texcoco","GADM2","3.6","MX","All","0.37030941192920075","19.42798894741748","-98.72481686736853","2026-01-12"
"MEX.15.100_1","Texcoco","GADM2","3.6","MX","Public Good","0.19088685232817287","19.42798894741748","-98.72481686736853","2026-01-12"
"MEX.15.100_1","Texcoco","GADM2","3.6","MX","Local Events","0.2730259786307056","19.42798894741748","-98.72481686736853","2026-01-12"
"MEX.15.100_1","Texcoco","GADM2","3.6","MX","Grocery & Convenience Stores","0.29064404726734405","19.42798894741748","-98.72481686736853","2026-01-12"
"MEX.15.100_1","Texcoco","GADM2","3.6","MX","Home Services","0.4833485909376236","19.42798894741748","-98.72481686736853","2026-01-12"
"MEX.15.100_1","Texcoco","GADM2","3.6","MX","Restaurants","0.37387923991824573","19.42798894741748","-98.72481686736853","2026-01-12"
"MEX.15.100_1","Texcoco","GADM2","3.6","MX","Lifestyle Services","0.37273576165596334","19.42798894741748","-98.72481686736853","2026-01-12"
"MEX.15.100_1","Texcoco","GADM2","3.6","MX","Professional Services","0.42842167919576973","19.42798894741748","-98.72481686736853","2026-01-12"
"MEX.15.100_1","Texcoco","GADM2","3.6","MX","Business & Utility Services","0.6148082811980276","19.42798894741748","-98.72481686736853","2026-01-12"
"MEX.15.107_1","Toluca","GADM2","3.6","MX","Business & Utility Services","0.4425197809678121","19.225504492234617","-99.62287076706268","2026-01-12"
"MEX.15.107_1","Toluca","GADM2","3.6","MX","Public Good","0.23804900343218213","19.225504492234617","-99.62287076706268","2026-01-12"
"MEX.15.107_1","Toluca","GADM2","3.6","MX","Professional Services","0.4272437573886612","19.225504492234617","-99.62287076706268","2026-01-12"
"MEX.15.107_1","Toluca","GADM2","3.6","MX","Manufacturing","0.29044925517502346","19.225504492234617","-99.62287076706268","2026-01-12"
"MEX.15.107_1","Toluca","GADM2","3.6","MX","Grocery & Convenience Stores","0.3489438355321096","19.225504492234617","-99.62287076706268","2026-01-12"
"MEX.15.107_1","Toluca","GADM2","3.6","MX","Travel","0.5578857772366649","19.225504492234617","-99.62287076706268","2026-01-12"
"MEX.15.107_1","Toluca","GADM2","3.6","MX","Local Events","0.42278871758140274","19.225504492234617","-99.62287076706268","2026-01-12"
"MEX.15.107_1","Toluca","GADM2","3.6","MX","Restaurants","0.20774900981228336","19.225504492234617","-99.62287076706268","2026-01-12"
"MEX.15.107_1","Toluca","GADM2","3.6","MX","","0.4948937128945571","19.225504492234617","-99.62287076706268","2026-01-12"
"MEX.15.107_1","Toluca","GADM2","3.6","MX","All","0.3885274610391876","19.225504492234617","-99.62287076706268","2026-01-12"
"MEX.15.107_1","Toluca","GADM2","3.6","MX","Home Services","0.4380708391702436","19.225504492234617","-99.62287076706268","2026-01-12"
"MEX.15.107_1","Toluca","GADM2","3.6","MX","Retail","0.42605445568568806","19.225504492234617","-99.62287076706268","2026-01-12"
"MEX.15.107_1","Toluca","GADM2","3.6","MX","Lifestyle Services","0.3159319146016953","19.225504492234617","-99.62287076706268","2026-01-12"
"MEX.13.30_1","Ixmiquilpan","GADM2","3.6","MX","Business & Utility Services","0.3751948678486208","20.566032503742655","-99.16977658975885","2026-01-12"
"MEX.13.30_1","Ixmiquilpan","GADM2","3.6","MX","Retail","0.3293095679816392","20.566032503742655","-99.16977658975885","2026-01-12"
"MEX.13.30_1","Ixmiquilpan","GADM2","3.6","MX","Restaurants","0.2663477642677792","20.566032503742655","-99.16977658975885","2026-01-12"
"MEX.13.30_1","Ixmiquilpan","GADM2","3.6","MX","Home Services","0.7084923024300235","20.566032503742655","-99.16977658975885","2026-01-12"
"MEX.13.30_1","Ixmiquilpan","GADM2","3.6","MX","Professional Services","0.43936589605281384","20.566032503742655","-99.16977658975885","2026-01-12"
"MEX.13.30_1","Ixmiquilpan","GADM2","3.6","MX","Travel","0.590902309790131","20.566032503742655","-99.16977658975885","2026-01-12"
"MEX.13.30_1","Ixmiquilpan","GADM2","3.6","MX","All","0.3616945251376455","20.566032503742655","-99.16977658975885","2026-01-12"
"MEX.13.30_1","Ixmiquilpan","GADM2","3.6","MX","Grocery & Convenience Stores","0.42275941797900446","20.566032503742655","-99.16977658975885","2026-01-12"
"MEX.13.30_1","Ixmiquilpan","GADM2","3.6","MX","Lifestyle Services","0.3224540427427934","20.566032503742655","-99.16977658975885","2026-01-12"
"MEX.13.30_1","Ixmiquilpan","GADM2","3.6","MX","Public Good","0.14000502413753715","20.566032503742655","-99.16977658975885","2026-01-12"
"MEX.13.30_1","Ixmiquilpan","GADM2","3.6","MX","","0.514662767431768","20.566032503742655","-99.16977658975885","2026-01-12"
"MEX.13.30_1","Ixmiquilpan","GADM2","3.6","MX","Local Events","0.4399919948551852","20.566032503742655","-99.16977658975885","2026-01-12"
"MEX.13.45_1","Omitlán de Juárez","GADM2","3.6","MX","Local Events","0.5093378927318499","20.179902994467394","-98.54475425331182","2026-01-12"
"MEX.13.45_1","Omitlán de Juárez","GADM2","3.6","MX","All","0.524560674224156","20.179902994467394","-98.54475425331182","2026-01-12"
"MEX.13.45_1","Omitlán de Juárez","GADM2","3.6","MX","Retail","0.5203069236297615","20.179902994467394","-98.54475425331182","2026-01-12"
"MEX.13.45_1","Omitlán de Juárez","GADM2","3.6","MX","Restaurants","0.31143738090401946","20.179902994467394","-98.54475425331182","2026-01-12"
"MEX.13.45_1","Omitlán de Juárez","GADM2","3.6","MX","Travel","0.5698527139380761","20.179902994467394","-98.54475425331182","2026-01-12"
"MEX.13.45_1","Omitlán de Juárez","GADM2","3.6","MX","Business & Utility Services","0.8162778419414922","20.179902994467394","-98.54475425331182","2026-01-12"
"MEX.30.181_1","Tlapacoyan","GADM2","3.6","MX","Home Services","0.3670491161630669","20.056406201863403","-97.12393242722348","2026-01-12"
"MEX.30.181_1","Tlapacoyan","GADM2","3.6","MX","Local Events","0.6639422920705451","20.056406201863403","-97.12393242722348","2026-01-12"
"MEX.30.181_1","Tlapacoyan","GADM2","3.6","MX","Restaurants","0.22328622226253306","20.056406201863403","-97.12393242722348","2026-01-12"
"MEX.30.181_1","Tlapacoyan","GADM2","3.6","MX","Retail","0.37621476446778473","20.056406201863403","-97.12393242722348","2026-01-12"
"MEX.30.181_1","Tlapacoyan","GADM2","3.6","MX","All","0.36795528062867","20.056406201863403","-97.12393242722348","2026-01-12"
"MEX.30.181_1","Tlapacoyan","GADM2","3.6","MX","Professional Services","0.5290852210678413","20.056406201863403","-97.12393242722348","2026-01-12"
"MEX.30.181_1","Tlapacoyan","GADM2","3.6","MX","Travel","0.6914243827964998","20.056406201863403","-97.12393242722348","2026-01-12"
"MEX.30.181_1","Tlapacoyan","GADM2","3.6","MX","Public Good","0.37378458487786703","20.056406201863403","-97.12393242722348","2026-01-12"
"MEX.30.181_1","Tlapacoyan","GADM2","3.6","MX","Lifestyle Services","0.31650729262318095","20.056406201863403","-97.12393242722348","2026-01-12"
"MEX.30.181_1","Tlapacoyan","GADM2","3.6","MX","Grocery & Convenience Stores","0.3483107401277284","20.056406201863403","-97.12393242722348","2026-01-12"
"MEX.30.181_1","Tlapacoyan","GADM2","3.6","MX","Business & Utility Services","0.7497269612710337","20.056406201863403","-97.12393242722348","2026-01-12"
"MEX.30.116_1","Nogales","GADM2","3.6","MX","Grocery & Convenience Stores","0.5054010329854502","18.824238030571813","-97.13170636305739","2026-01-12"
"MEX.30.116_1","Nogales","GADM2","3.6","MX","Home Services","0.5715568745742143","18.824238030571813","-97.13170636305739","2026-01-12"
"MEX.30.116_1","Nogales","GADM2","3.6","MX","Public Good","0.2908402165737205","18.824238030571813","-97.13170636305739","2026-01-12"
"MEX.30.116_1","Nogales","GADM2","3.6","MX","Professional Services","0.3260076353112488","18.824238030571813","-97.13170636305739","2026-01-12"
"MEX.30.116_1","Nogales","GADM2","3.6","MX","Business & Utility Services","0.5324149645624096","18.824238030571813","-97.13170636305739","2026-01-12"
"MEX.30.116_1","Nogales","GADM2","3.6","MX","Restaurants","0.3911404235458207","18.824238030571813","-97.13170636305739","2026-01-12"
"MEX.30.116_1","Nogales","GADM2","3.6","MX","Lifestyle Services","0.4465524769141713","18.824238030571813","-97.13170636305739","2026-01-12"
"MEX.30.116_1","Nogales","GADM2","3.6","MX","All","0.3660924614839943","18.824238030571813","-97.13170636305739","2026-01-12"
"MEX.30.116_1","Nogales","GADM2","3.6","MX","Local Events","0.519848254318287","18.824238030571813","-97.13170636305739","2026-01-12"
"MEX.30.116_1","Nogales","GADM2","3.6","MX","Travel","0.4152751491836856","18.824238030571813","-97.13170636305739","2026-01-12"
"MEX.30.116_1","Nogales","GADM2","3.6","MX","Retail","0.2704149573885876","18.824238030571813","-97.13170636305739","2026-01-12"
"MEX.21.199_1","Xochitlán de Vicente Suárez","GADM2","3.6","MX","All","0.3777785759464955","19.954267294312093","-97.61738129288777","2026-01-12"
"MEX.11.2_1","Acámbaro","GADM2","3.6","MX","Public Good","0.37753027119589927","20.03411921333894","-100.7641674929206","2026-01-12"
"MEX.11.2_1","Acámbaro","GADM2","3.6","MX","All","0.23745546194085687","20.03411921333894","-100.7641674929206","2026-01-12"
"MEX.11.2_1","Acámbaro","GADM2","3.6","MX","Business & Utility Services","0.2993476918718522","20.03411921333894","-100.7641674929206","2026-01-12"
"MEX.11.2_1","Acámbaro","GADM2","3.6","MX","Professional Services","0.37794699526201464","20.03411921333894","-100.7641674929206","2026-01-12"
"MEX.11.2_1","Acámbaro","GADM2","3.6","MX","Retail","0.25870188092027907","20.03411921333894","-100.7641674929206","2026-01-12"
"MEX.11.2_1","Acámbaro","GADM2","3.6","MX","Home Services","0.4613077344834663","20.03411921333894","-100.7641674929206","2026-01-12"
"MEX.11.2_1","Acámbaro","GADM2","3.6","MX","Grocery & Convenience Stores","0.3628670842460113","20.03411921333894","-100.7641674929206","2026-01-12"
"MEX.11.2_1","Acámbaro","GADM2","3.6","MX","Local Events","0.3468768248555119","20.03411921333894","-100.7641674929206","2026-01-12"
"MEX.11.2_1","Acámbaro","GADM2","3.6","MX","Restaurants","0.3572503425779665","20.03411921333894","-100.7641674929206","2026-01-12"
"MEX.11.2_1","Acámbaro","GADM2","3.6","MX","Lifestyle Services","0.3001154871699047","20.03411921333894","-100.7641674929206","2026-01-12"
"MEX.30.115_1","Nautla","GADM2","3.6","MX","All","0.46460561117389565","20.101807011383123","-96.76301444131556","2026-01-12"
"MEX.13.29_1","Huichapan","GADM2","3.6","MX","Professional Services","0.6366501502318744","20.396137118849413","-99.68777080693098","2026-01-12"
"MEX.13.29_1","Huichapan","GADM2","3.6","MX","Restaurants","0.36336647572686864","20.396137118849413","-99.68777080693098","2026-01-12"
"MEX.13.29_1","Huichapan","GADM2","3.6","MX","Business & Utility Services","0.6635330241738131","20.396137118849413","-99.68777080693098","2026-01-12"
"MEX.13.29_1","Huichapan","GADM2","3.6","MX","Local Events","0.780237575362184","20.396137118849413","-99.68777080693098","2026-01-12"
"MEX.13.29_1","Huichapan","GADM2","3.6","MX","Retail","0.3253363112703724","20.396137118849413","-99.68777080693098","2026-01-12"
"MEX.13.29_1","Huichapan","GADM2","3.6","MX","Grocery & Convenience Stores","0.33607343893222646","20.396137118849413","-99.68777080693098","2026-01-12"
"MEX.13.29_1","Huichapan","GADM2","3.6","MX","Lifestyle Services","0.3660313196961801","20.396137118849413","-99.68777080693098","2026-01-12"
"MEX.13.29_1","Huichapan","GADM2","3.6","MX","Home Services","0.5340095749952781","20.396137118849413","-99.68777080693098","2026-01-12"
"MEX.13.29_1","Huichapan","GADM2","3.6","MX","All","0.44332884276500845","20.396137118849413","-99.68777080693098","2026-01-12"
"MEX.13.29_1","Huichapan","GADM2","3.6","MX","Public Good","0.3704408503165285","20.396137118849413","-99.68777080693098","2026-01-12"
"MEX.13.29_1","Huichapan","GADM2","3.6","MX","Travel","0.5154454095444324","20.396137118849413","-99.68777080693098","2026-01-12"
"MEX.15.39_1","Huixquilucan","GADM2","3.6","MX","Home Services","0.48667061951849255","19.323772131341247","-99.31515192579351","2026-01-12"
"MEX.15.39_1","Huixquilucan","GADM2","3.6","MX","Travel","0.5183698635380362","19.323772131341247","-99.31515192579351","2026-01-12"
"MEX.15.39_1","Huixquilucan","GADM2","3.6","MX","","0.39787499130650134","19.323772131341247","-99.31515192579351","2026-01-12"
"MEX.15.39_1","Huixquilucan","GADM2","3.6","MX","Public Good","0.24184283016104394","19.323772131341247","-99.31515192579351","2026-01-12"
"MEX.15.39_1","Huixquilucan","GADM2","3.6","MX","Professional Services","0.4564042226900247","19.323772131341247","-99.31515192579351","2026-01-12"
"MEX.15.39_1","Huixquilucan","GADM2","3.6","MX","Retail","0.35237489372609077","19.323772131341247","-99.31515192579351","2026-01-12"
"MEX.15.39_1","Huixquilucan","GADM2","3.6","MX","Local Events","0.3309318837813279","19.323772131341247","-99.31515192579351","2026-01-12"
"MEX.15.39_1","Huixquilucan","GADM2","3.6","MX","Grocery & Convenience Stores","0.3014449478423019","19.323772131341247","-99.31515192579351","2026-01-12"
"MEX.15.39_1","Huixquilucan","GADM2","3.6","MX","Lifestyle Services","0.353929303441184","19.323772131341247","-99.31515192579351","2026-01-12"
"MEX.15.39_1","Huixquilucan","GADM2","3.6","MX","Manufacturing","0.5144642693062487","19.323772131341247","-99.31515192579351","2026-01-12"
"MEX.15.39_1","Huixquilucan","GADM2","3.6","MX","All","0.4064467379025916","19.323772131341247","-99.31515192579351","2026-01-12"
"MEX.15.39_1","Huixquilucan","GADM2","3.6","MX","Restaurants","0.33259878983861296","19.323772131341247","-99.31515192579351","2026-01-12"
"MEX.15.39_1","Huixquilucan","GADM2","3.6","MX","Business & Utility Services","0.5028699297518996","19.323772131341247","-99.31515192579351","2026-01-12"
"MEX.15.78_1","San Simón de Guerrero","GADM2","3.6","MX","All","0.2688937932809482","18.878818001432407","-100.01096145381283","2026-01-12"
"MEX.15.78_1","San Simón de Guerrero","GADM2","3.6","MX","Restaurants","0.4061166214506832","18.878818001432407","-100.01096145381283","2026-01-12"
"MEX.30.142_1","Santiago Tuxtla","GADM2","3.6","MX","Retail","0.3807693936057916","18.385962924490386","-95.42921158042336","2026-01-12"
"MEX.30.142_1","Santiago Tuxtla","GADM2","3.6","MX","Restaurants","0.5844033765767328","18.385962924490386","-95.42921158042336","2026-01-12"
"MEX.30.142_1","Santiago Tuxtla","GADM2","3.6","MX","All","0.4897678055607881","18.385962924490386","-95.42921158042336","2026-01-12"
"MEX.30.142_1","Santiago Tuxtla","GADM2","3.6","MX","Professional Services","0.5593845638767275","18.385962924490386","-95.42921158042336","2026-01-12"
"MEX.15.24_1","Chicoloapan","GADM2","3.6","MX","Retail","0.7487750867570874","19.34759969941733","-98.8262415351875","2026-01-12"
"MEX.15.24_1","Chicoloapan","GADM2","3.6","MX","All","0.4736714571945715","19.34759969941733","-98.8262415351875","2026-01-12"
"MEX.20.1_1","Choapam","GADM2","3.6","MX","All","0.37840473345998143","17.57192803901702","-95.84290821375919","2026-01-12"
"MEX.30.82_1","Ixtaczoquitlán","GADM2","3.6","MX","All","0.4774698366495031","18.854151458553346","-96.9508200039183","2026-01-12"
"MEX.30.82_1","Ixtaczoquitlán","GADM2","3.6","MX","Professional Services","0.5300765912206938","18.854151458553346","-96.9508200039183","2026-01-12"
"MEX.30.82_1","Ixtaczoquitlán","GADM2","3.6","MX","Manufacturing","0.4101989086589155","18.854151458553346","-96.9508200039183","2026-01-12"
"MEX.30.82_1","Ixtaczoquitlán","GADM2","3.6","MX","Business & Utility Services","0.5188367242450511","18.854151458553346","-96.9508200039183","2026-01-12"
"MEX.30.82_1","Ixtaczoquitlán","GADM2","3.6","MX","Retail","0.4025766445399191","18.854151458553346","-96.9508200039183","2026-01-12"
"MEX.30.82_1","Ixtaczoquitlán","GADM2","3.6","MX","Grocery & Convenience Stores","0.5136335433651715","18.854151458553346","-96.9508200039183","2026-01-12"
"MEX.30.82_1","Ixtaczoquitlán","GADM2","3.6","MX","Public Good","0.29441299800251697","18.854151458553346","-96.9508200039183","2026-01-12"
"MEX.30.82_1","Ixtaczoquitlán","GADM2","3.6","MX","Local Events","0.2855704541193852","18.854151458553346","-96.9508200039183","2026-01-12"
"MEX.30.82_1","Ixtaczoquitlán","GADM2","3.6","MX","","0.5072244756741546","18.854151458553346","-96.9508200039183","2026-01-12"
"MEX.30.82_1","Ixtaczoquitlán","GADM2","3.6","MX","Lifestyle Services","0.4456648757163556","18.854151458553346","-96.9508200039183","2026-01-12"
"MEX.30.82_1","Ixtaczoquitlán","GADM2","3.6","MX","Travel","0.5764597757140056","18.854151458553346","-96.9508200039183","2026-01-12"
"MEX.30.82_1","Ixtaczoquitlán","GADM2","3.6","MX","Restaurants","0.38723790673143926","18.854151458553346","-96.9508200039183","2026-01-12"
"MEX.30.82_1","Ixtaczoquitlán","GADM2","3.6","MX","Home Services","0.6571585343512066","18.854151458553346","-96.9508200039183","2026-01-12"
"MEX.30.66_1","Gutiérrez Zamora","GADM2","3.6","MX","Retail","0.4918701364983196","20.43073488832542","-97.08744236517433","2026-01-12"
"MEX.30.66_1","Gutiérrez Zamora","GADM2","3.6","MX","Lifestyle Services","0.7281423128211981","20.43073488832542","-97.08744236517433","2026-01-12"
"MEX.30.66_1","Gutiérrez Zamora","GADM2","3.6","MX","Grocery & Convenience Stores","0.5505176582043472","20.43073488832542","-97.08744236517433","2026-01-12"
"MEX.30.66_1","Gutiérrez Zamora","GADM2","3.6","MX","Restaurants","0.41116511487418045","20.43073488832542","-97.08744236517433","2026-01-12"
"MEX.30.66_1","Gutiérrez Zamora","GADM2","3.6","MX","Professional Services","0.43576048431889036","20.43073488832542","-97.08744236517433","2026-01-12"
"MEX.30.66_1","Gutiérrez Zamora","GADM2","3.6","MX","Home Services","0.7524752206937434","20.43073488832542","-97.08744236517433","2026-01-12"
"MEX.30.66_1","Gutiérrez Zamora","GADM2","3.6","MX","All","0.6098795679732536","20.43073488832542","-97.08744236517433","2026-01-12"
"MEX.32.53_1","Villa González Ortega","GADM2","3.6","MX","Professional Services","0.383259124151897","22.531122257795637","-101.95915203989524","2026-01-12"
"MEX.32.53_1","Villa González Ortega","GADM2","3.6","MX","All","0.2683419962580437","22.531122257795637","-101.95915203989524","2026-01-12"
"MEX.32.18_1","Huanusco","GADM2","3.6","MX","All","0.19665939674411329","21.72696149624042","-102.94151970123238","2026-01-12"
"MEX.12.53_1","Quechultenango","GADM2","3.6","MX","Professional Services","0.2843794121846079","17.371324369854953","-99.08120297741883","2026-01-12"
"MEX.12.53_1","Quechultenango","GADM2","3.6","MX","Retail","0.4342069612065724","17.371324369854953","-99.08120297741883","2026-01-12"
"MEX.12.53_1","Quechultenango","GADM2","3.6","MX","All","0.3412460829979021","17.371324369854953","-99.08120297741883","2026-01-12"
"MEX.14.51_1","Jesús María","GADM2","3.6","MX","Retail","0.4198665558691412","20.59530776317373","-102.13868646753747","2026-01-12"
"MEX.14.51_1","Jesús María","GADM2","3.6","MX","Business & Utility Services","0.3273578827253279","20.59530776317373","-102.13868646753747","2026-01-12"
"MEX.14.51_1","Jesús María","GADM2","3.6","MX","Professional Services","0.5946239364216953","20.59530776317373","-102.13868646753747","2026-01-12"
"MEX.14.51_1","Jesús María","GADM2","3.6","MX","All","0.41306689702739946","20.59530776317373","-102.13868646753747","2026-01-12"
"MEX.14.51_1","Jesús María","GADM2","3.6","MX","Grocery & Convenience Stores","0.27196934613944584","20.59530776317373","-102.13868646753747","2026-01-12"
"MEX.14.51_1","Jesús María","GADM2","3.6","MX","Restaurants","0.5994134417456135","20.59530776317373","-102.13868646753747","2026-01-12"
"MEX.21.145_1","Santa Inés Ahuatempan","GADM2","3.6","MX","Home Services","0.5107118410053884","18.478748270610875","-97.90187997281116","2026-01-12"
"MEX.21.145_1","Santa Inés Ahuatempan","GADM2","3.6","MX","Grocery & Convenience Stores","0.49148434029936955","18.478748270610875","-97.90187997281116","2026-01-12"
"MEX.21.145_1","Santa Inés Ahuatempan","GADM2","3.6","MX","All","0.24675639357831444","18.478748270610875","-97.90187997281116","2026-01-12"
"MEX.21.145_1","Santa Inés Ahuatempan","GADM2","3.6","MX","Restaurants","0.4544380551420092","18.478748270610875","-97.90187997281116","2026-01-12"
"MEX.21.145_1","Santa Inés Ahuatempan","GADM2","3.6","MX","Professional Services","0.41273634223550043","18.478748270610875","-97.90187997281116","2026-01-12"
"MEX.21.145_1","Santa Inés Ahuatempan","GADM2","3.6","MX","Retail","0.301897412500968","18.478748270610875","-97.90187997281116","2026-01-12"
"MEX.28.9_1","Ciudad Madero","GADM2","3.6","MX","Professional Services","0.5027320982832196","22.263147530190327","-97.81893856559728","2026-01-12"
"MEX.28.9_1","Ciudad Madero","GADM2","3.6","MX","Travel","0.7665431661007286","22.263147530190327","-97.81893856559728","2026-01-12"
"MEX.28.9_1","Ciudad Madero","GADM2","3.6","MX","Retail","0.2851184324445239","22.263147530190327","-97.81893856559728","2026-01-12"
"MEX.28.9_1","Ciudad Madero","GADM2","3.6","MX","Restaurants","0.3956027901207361","22.263147530190327","-97.81893856559728","2026-01-12"
"MEX.28.9_1","Ciudad Madero","GADM2","3.6","MX","Lifestyle Services","0.32686705343001804","22.263147530190327","-97.81893856559728","2026-01-12"
"MEX.28.9_1","Ciudad Madero","GADM2","3.6","MX","Grocery & Convenience Stores","0.3436162881099793","22.263147530190327","-97.81893856559728","2026-01-12"
"MEX.28.9_1","Ciudad Madero","GADM2","3.6","MX","Manufacturing","0.18335414980785694","22.263147530190327","-97.81893856559728","2026-01-12"
"MEX.28.9_1","Ciudad Madero","GADM2","3.6","MX","Business & Utility Services","0.514397098299746","22.263147530190327","-97.81893856559728","2026-01-12"
"MEX.28.9_1","Ciudad Madero","GADM2","3.6","MX","All","0.3977052108899994","22.263147530190327","-97.81893856559728","2026-01-12"
"MEX.28.9_1","Ciudad Madero","GADM2","3.6","MX","Home Services","0.5625239075822936","22.263147530190327","-97.81893856559728","2026-01-12"
"MEX.28.9_1","Ciudad Madero","GADM2","3.6","MX","Public Good","0.37790962856692506","22.263147530190327","-97.81893856559728","2026-01-12"
"MEX.28.9_1","Ciudad Madero","GADM2","3.6","MX","","0.5625711640488652","22.263147530190327","-97.81893856559728","2026-01-12"
"MEX.28.9_1","Ciudad Madero","GADM2","3.6","MX","Local Events","0.48916861065032674","22.263147530190327","-97.81893856559728","2026-01-12"
"MEX.11.9_1","Coroneo","GADM2","3.6","MX","All","0.36221887199148395","20.2121231941709","-100.40317643873561","2026-01-12"
"MEX.11.9_1","Coroneo","GADM2","3.6","MX","Retail","0.4842829387447386","20.2121231941709","-100.40317643873561","2026-01-12"
"MEX.11.37_1","Silao","GADM2","3.6","MX","Restaurants","0.3256335420724536","20.943946737912878","-101.46607196565117","2026-01-12"
"MEX.11.37_1","Silao","GADM2","3.6","MX","Manufacturing","0.6468495685311996","20.943946737912878","-101.46607196565117","2026-01-12"
"MEX.11.37_1","Silao","GADM2","3.6","MX","Retail","0.300706185854387","20.943946737912878","-101.46607196565117","2026-01-12"
"MEX.11.37_1","Silao","GADM2","3.6","MX","","0.5984856061609253","20.943946737912878","-101.46607196565117","2026-01-12"
"MEX.11.37_1","Silao","GADM2","3.6","MX","Lifestyle Services","0.22954643450701787","20.943946737912878","-101.46607196565117","2026-01-12"
"MEX.11.37_1","Silao","GADM2","3.6","MX","Business & Utility Services","0.5543239303639956","20.943946737912878","-101.46607196565117","2026-01-12"
"MEX.11.37_1","Silao","GADM2","3.6","MX","Professional Services","0.3926212467371987","20.943946737912878","-101.46607196565117","2026-01-12"
"MEX.11.37_1","Silao","GADM2","3.6","MX","Local Events","0.3764940868052879","20.943946737912878","-101.46607196565117","2026-01-12"
"MEX.11.37_1","Silao","GADM2","3.6","MX","All","0.3540328982831912","20.943946737912878","-101.46607196565117","2026-01-12"
"MEX.11.37_1","Silao","GADM2","3.6","MX","Public Good","0.3034145919442495","20.943946737912878","-101.46607196565117","2026-01-12"
"MEX.11.37_1","Silao","GADM2","3.6","MX","Grocery & Convenience Stores","0.4207052981809694","20.943946737912878","-101.46607196565117","2026-01-12"
"MEX.11.37_1","Silao","GADM2","3.6","MX","Travel","0.42877411021505607","20.943946737912878","-101.46607196565117","2026-01-12"
"MEX.11.37_1","Silao","GADM2","3.6","MX","Home Services","0.46703490126346237","20.943946737912878","-101.46607196565117","2026-01-12"
"MEX.30.140_1","San Andrés Tuxtla","GADM2","3.6","MX","Retail","0.21588240070047457","18.495820230311185","-95.21633958497381","2026-01-12"
"MEX.30.140_1","San Andrés Tuxtla","GADM2","3.6","MX","Lifestyle Services","0.5326960676566027","18.495820230311185","-95.21633958497381","2026-01-12"
"MEX.30.140_1","San Andrés Tuxtla","GADM2","3.6","MX","Restaurants","0.4299952592155631","18.495820230311185","-95.21633958497381","2026-01-12"
"MEX.30.140_1","San Andrés Tuxtla","GADM2","3.6","MX","All","0.33466651900662525","18.495820230311185","-95.21633958497381","2026-01-12"
"MEX.30.140_1","San Andrés Tuxtla","GADM2","3.6","MX","Manufacturing","0.6024385064344203","18.495820230311185","-95.21633958497381","2026-01-12"
"MEX.30.140_1","San Andrés Tuxtla","GADM2","3.6","MX","Travel","0.29033771216104975","18.495820230311185","-95.21633958497381","2026-01-12"
"MEX.30.140_1","San Andrés Tuxtla","GADM2","3.6","MX","Professional Services","0.4087619943892727","18.495820230311185","-95.21633958497381","2026-01-12"
"MEX.30.140_1","San Andrés Tuxtla","GADM2","3.6","MX","Local Events","0.6766402743858271","18.495820230311185","-95.21633958497381","2026-01-12"
"MEX.30.140_1","San Andrés Tuxtla","GADM2","3.6","MX","Business & Utility Services","0.35502273746743807","18.495820230311185","-95.21633958497381","2026-01-12"
"MEX.30.140_1","San Andrés Tuxtla","GADM2","3.6","MX","Grocery & Convenience Stores","0.38420615689457743","18.495820230311185","-95.21633958497381","2026-01-12"
"MEX.30.140_1","San Andrés Tuxtla","GADM2","3.6","MX","Public Good","0.4145032699385441","18.495820230311185","-95.21633958497381","2026-01-12"
"MEX.30.140_1","San Andrés Tuxtla","GADM2","3.6","MX","Home Services","0.5099502065839839","18.495820230311185","-95.21633958497381","2026-01-12"
"MEX.21.106_1","Olintla","GADM2","3.6","MX","Retail","0.21092120808829187","20.16009224254457","-97.60868953236042","2026-01-12"
"MEX.21.106_1","Olintla","GADM2","3.6","MX","Restaurants","0.2771674843510655","20.16009224254457","-97.60868953236042","2026-01-12"
"MEX.21.106_1","Olintla","GADM2","3.6","MX","All","0.3816807690834984","20.16009224254457","-97.60868953236042","2026-01-12"
"MEX.21.106_1","Olintla","GADM2","3.6","MX","Professional Services","0.7067013388362634","20.16009224254457","-97.60868953236042","2026-01-12"
"MEX.20.25_1","Dist. Tlaxiaco","GADM2","3.6","MX","All","0.4525464101442136","17.22345965968192","-97.56381874338139","2026-01-12"
"MEX.20.25_1","Dist. Tlaxiaco","GADM2","3.6","MX","Restaurants","0.44184210853031275","17.22345965968192","-97.56381874338139","2026-01-12"
"MEX.20.25_1","Dist. Tlaxiaco","GADM2","3.6","MX","Travel","0.4899925993668241","17.22345965968192","-97.56381874338139","2026-01-12"
"MEX.20.25_1","Dist. Tlaxiaco","GADM2","3.6","MX","Lifestyle Services","0.544563441786209","17.22345965968192","-97.56381874338139","2026-01-12"
"MEX.20.25_1","Dist. Tlaxiaco","GADM2","3.6","MX","Home Services","0.6137056651411924","17.22345965968192","-97.56381874338139","2026-01-12"
"MEX.20.25_1","Dist. Tlaxiaco","GADM2","3.6","MX","Public Good","0.2654485423359478","17.22345965968192","-97.56381874338139","2026-01-12"
"MEX.20.25_1","Dist. Tlaxiaco","GADM2","3.6","MX","Business & Utility Services","0.24304614075002048","17.22345965968192","-97.56381874338139","2026-01-12"
"MEX.20.25_1","Dist. Tlaxiaco","GADM2","3.6","MX","Professional Services","0.5569609781012544","17.22345965968192","-97.56381874338139","2026-01-12"
"MEX.20.25_1","Dist. Tlaxiaco","GADM2","3.6","MX","","0.23868912369245512","17.22345965968192","-97.56381874338139","2026-01-12"
"MEX.20.25_1","Dist. Tlaxiaco","GADM2","3.6","MX","Grocery & Convenience Stores","0.34391717830593155","17.22345965968192","-97.56381874338139","2026-01-12"
"MEX.20.25_1","Dist. Tlaxiaco","GADM2","3.6","MX","Local Events","0.39289546904987505","17.22345965968192","-97.56381874338139","2026-01-12"
"MEX.20.25_1","Dist. Tlaxiaco","GADM2","3.6","MX","Retail","0.4119880221474756","17.22345965968192","-97.56381874338139","2026-01-12"
"MEX.15.61_1","Nextlalpan","GADM2","3.6","MX","Home Services","0.47831436227770663","19.65936337973572","-99.04025797875364","2026-01-12"
"MEX.15.61_1","Nextlalpan","GADM2","3.6","MX","Grocery & Convenience Stores","0.3158072000636423","19.65936337973572","-99.04025797875364","2026-01-12"
"MEX.15.61_1","Nextlalpan","GADM2","3.6","MX","Restaurants","0.6038229673370739","19.65936337973572","-99.04025797875364","2026-01-12"
"MEX.15.61_1","Nextlalpan","GADM2","3.6","MX","Public Good","0.5243318897084608","19.65936337973572","-99.04025797875364","2026-01-12"
"MEX.15.61_1","Nextlalpan","GADM2","3.6","MX","Business & Utility Services","0.4622473725874824","19.65936337973572","-99.04025797875364","2026-01-12"
"MEX.15.61_1","Nextlalpan","GADM2","3.6","MX","Local Events","0.6728412075877647","19.65936337973572","-99.04025797875364","2026-01-12"
"MEX.15.61_1","Nextlalpan","GADM2","3.6","MX","Retail","0.7969572551708718","19.65936337973572","-99.04025797875364","2026-01-12"
"MEX.15.61_1","Nextlalpan","GADM2","3.6","MX","Lifestyle Services","0.402149092811424","19.65936337973572","-99.04025797875364","2026-01-12"
"MEX.15.61_1","Nextlalpan","GADM2","3.6","MX","All","0.5978597112816494","19.65936337973572","-99.04025797875364","2026-01-12"
"MEX.15.61_1","Nextlalpan","GADM2","3.6","MX","Professional Services","0.5337623798916037","19.65936337973572","-99.04025797875364","2026-01-12"
"MEX.21.108_1","Pahuatlán","GADM2","3.6","MX","All","0.5766401153874583","20.34359617907198","-98.06072685388185","2026-01-12"
"MEX.15.55_1","Malinalco","GADM2","3.6","MX","All","0.16885445159851004","18.800413551643594","-99.45202481363762","2026-01-12"
"MEX.12.37_1","Igualapa","GADM2","3.6","MX","Restaurants","0.24630737920514464","16.835637405898904","-98.43341331206254","2026-01-12"
"MEX.12.37_1","Igualapa","GADM2","3.6","MX","All","0.25507048566146023","16.835637405898904","-98.43341331206254","2026-01-12"
"MEX.12.37_1","Igualapa","GADM2","3.6","MX","Grocery & Convenience Stores","0.0927089549105221","16.835637405898904","-98.43341331206254","2026-01-12"
"MEX.12.37_1","Igualapa","GADM2","3.6","MX","Home Services","0.39472667229365965","16.835637405898904","-98.43341331206254","2026-01-12"
"MEX.12.37_1","Igualapa","GADM2","3.6","MX","Public Good","0.16863749582738016","16.835637405898904","-98.43341331206254","2026-01-12"
"MEX.12.37_1","Igualapa","GADM2","3.6","MX","Business & Utility Services","0.24626660121350358","16.835637405898904","-98.43341331206254","2026-01-12"
"MEX.12.37_1","Igualapa","GADM2","3.6","MX","Retail","0.35906056482046383","16.835637405898904","-98.43341331206254","2026-01-12"
"MEX.12.37_1","Igualapa","GADM2","3.6","MX","Professional Services","0.4782759631856012","16.835637405898904","-98.43341331206254","2026-01-12"
"MEX.12.37_1","Igualapa","GADM2","3.6","MX","Lifestyle Services","0.4057917935444615","16.835637405898904","-98.43341331206254","2026-01-12"
"MEX.16.80_1","Santa Ana Maya","GADM2","3.6","MX","Retail","0.45525222066311316","20.028855299189825","-101.0498822780228","2026-01-12"
"MEX.16.80_1","Santa Ana Maya","GADM2","3.6","MX","Home Services","0.2792355311888262","20.028855299189825","-101.0498822780228","2026-01-12"
"MEX.16.80_1","Santa Ana Maya","GADM2","3.6","MX","All","0.4977733202565111","20.028855299189825","-101.0498822780228","2026-01-12"
"MEX.16.80_1","Santa Ana Maya","GADM2","3.6","MX","Professional Services","0.3432351898764834","20.028855299189825","-101.0498822780228","2026-01-12"
"MEX.21.209_1","Zautla","GADM2","3.6","MX","Lifestyle Services","0.3394011950567976","19.726978184089656","-97.56509771659508","2026-01-12"
"MEX.21.209_1","Zautla","GADM2","3.6","MX","Grocery & Convenience Stores","0.5232233007881916","19.726978184089656","-97.56509771659508","2026-01-12"
"MEX.21.209_1","Zautla","GADM2","3.6","MX","Retail","0.4132206715446829","19.726978184089656","-97.56509771659508","2026-01-12"
"MEX.21.209_1","Zautla","GADM2","3.6","MX","Home Services","0.7073079426565583","19.726978184089656","-97.56509771659508","2026-01-12"
"MEX.21.209_1","Zautla","GADM2","3.6","MX","Business & Utility Services","0.6319121683220758","19.726978184089656","-97.56509771659508","2026-01-12"
"MEX.21.209_1","Zautla","GADM2","3.6","MX","Professional Services","0.2811304749318256","19.726978184089656","-97.56509771659508","2026-01-12"
"MEX.21.209_1","Zautla","GADM2","3.6","MX","Restaurants","0.17845154441287123","19.726978184089656","-97.56509771659508","2026-01-12"
"MEX.21.209_1","Zautla","GADM2","3.6","MX","All","0.3240545853031243","19.726978184089656","-97.56509771659508","2026-01-12"
"MEX.30.190_1","Vega de Alatorre","GADM2","3.6","MX","Grocery & Convenience Stores","0.2375803368748278","19.954316959197893","-96.60872962923142","2026-01-12"
"MEX.30.190_1","Vega de Alatorre","GADM2","3.6","MX","Lifestyle Services","0.270850708868886","19.954316959197893","-96.60872962923142","2026-01-12"
"MEX.30.190_1","Vega de Alatorre","GADM2","3.6","MX","Home Services","0.5961353936338585","19.954316959197893","-96.60872962923142","2026-01-12"
"MEX.11.45_1","Xichú","GADM2","3.6","MX","All","0.5226447643640567","21.36368714511313","-99.99450332716769","2026-01-12"
"MEX.30.197_1","Yecuatla","GADM2","3.6","MX","All","0.5818999136454901","19.84597943376942","-96.71495670810893","2026-01-12"
"MEX.21.158_1","Tepanco de López","GADM2","3.6","MX","All","0.40148644663954597","18.607309557895416","-97.41394318548804","2026-01-12"
"MEX.15.58_1","Mexicaltzingo","GADM2","3.6","MX","All","0.5211669171931445","19.137676758282897","-99.54135582371065","2026-01-12"
"MEX.30.185_1","Tonayán","GADM2","3.6","MX","All","0.5597648350416585","19.746749482343006","-96.8618448065642","2026-01-12"
"MEX.17.4_1","Ayala","GADM2","3.6","MX","Travel","0.40028854866075914","18.69962982205707","-98.9089328207712","2026-01-12"
"MEX.17.4_1","Ayala","GADM2","3.6","MX","Lifestyle Services","0.3933509078622183","18.69962982205707","-98.9089328207712","2026-01-12"
"MEX.17.4_1","Ayala","GADM2","3.6","MX","Retail","0.40109671160268684","18.69962982205707","-98.9089328207712","2026-01-12"
"MEX.17.4_1","Ayala","GADM2","3.6","MX","Grocery & Convenience Stores","0.6373068733810309","18.69962982205707","-98.9089328207712","2026-01-12"
"MEX.17.4_1","Ayala","GADM2","3.6","MX","Business & Utility Services","0.5755365893579262","18.69962982205707","-98.9089328207712","2026-01-12"
"MEX.17.4_1","Ayala","GADM2","3.6","MX","Public Good","0.5046783941599746","18.69962982205707","-98.9089328207712","2026-01-12"
"MEX.17.4_1","Ayala","GADM2","3.6","MX","Professional Services","0.4258400982193055","18.69962982205707","-98.9089328207712","2026-01-12"
"MEX.17.4_1","Ayala","GADM2","3.6","MX","Local Events","0.660750117765728","18.69962982205707","-98.9089328207712","2026-01-12"
"MEX.17.4_1","Ayala","GADM2","3.6","MX","Restaurants","0.3806467675235048","18.69962982205707","-98.9089328207712","2026-01-12"
"MEX.17.4_1","Ayala","GADM2","3.6","MX","All","0.4203685324552858","18.69962982205707","-98.9089328207712","2026-01-12"
"MEX.17.4_1","Ayala","GADM2","3.6","MX","Home Services","0.5541317936254684","18.69962982205707","-98.9089328207712","2026-01-12"
"MEX.30.180_1","Tlaltetela","GADM2","3.6","MX","Restaurants","0.5821032304788103","19.272270067984973","-96.78442800298681","2026-01-12"
"MEX.30.180_1","Tlaltetela","GADM2","3.6","MX","All","0.6000429577443611","19.272270067984973","-96.78442800298681","2026-01-12"
"MEX.30.180_1","Tlaltetela","GADM2","3.6","MX","Retail","0.47427649347513523","19.272270067984973","-96.78442800298681","2026-01-12"
"MEX.30.180_1","Tlaltetela","GADM2","3.6","MX","Local Events","0.46167252380240476","19.272270067984973","-96.78442800298681","2026-01-12"
"MEX.30.180_1","Tlaltetela","GADM2","3.6","MX","Travel","0.5964347559186249","19.272270067984973","-96.78442800298681","2026-01-12"
"MEX.15.106_1","Tlatlaya","GADM2","3.6","MX","All","0.2823348518425022","18.500630574713885","-100.21681332057378","2026-01-12"
"MEX.29.44_1","Zitlaltepec de Trinidad Sánchez Santos","GADM2","3.6","MX","All","0.20774809632441288","19.249137890500155","-97.84297573422471","2026-01-12"
"MEX.29.44_1","Zitlaltepec de Trinidad Sánchez Santos","GADM2","3.6","MX","Public Good","0.4392226126622151","19.249137890500155","-97.84297573422471","2026-01-12"
"MEX.29.44_1","Zitlaltepec de Trinidad Sánchez Santos","GADM2","3.6","MX","Lifestyle Services","0.40256984795150696","19.249137890500155","-97.84297573422471","2026-01-12"
"MEX.29.44_1","Zitlaltepec de Trinidad Sánchez Santos","GADM2","3.6","MX","Retail","0.34320745109958806","19.249137890500155","-97.84297573422471","2026-01-12"
"MEX.29.44_1","Zitlaltepec de Trinidad Sánchez Santos","GADM2","3.6","MX","Local Events","0.4085925606697504","19.249137890500155","-97.84297573422471","2026-01-12"
"MEX.29.44_1","Zitlaltepec de Trinidad Sánchez Santos","GADM2","3.6","MX","Restaurants","0.30238485130719645","19.249137890500155","-97.84297573422471","2026-01-12"
"MEX.29.44_1","Zitlaltepec de Trinidad Sánchez Santos","GADM2","3.6","MX","Professional Services","0.40429993964469285","19.249137890500155","-97.84297573422471","2026-01-12"
"MEX.29.44_1","Zitlaltepec de Trinidad Sánchez Santos","GADM2","3.6","MX","Home Services","0.3620713969004221","19.249137890500155","-97.84297573422471","2026-01-12"
"MEX.32.56_1","Zacatecas","GADM2","3.6","MX","Business & Utility Services","0.5104236254991178","22.703519984318188","-102.6878784745785","2026-01-12"
"MEX.32.56_1","Zacatecas","GADM2","3.6","MX","Local Events","0.31868776518262903","22.703519984318188","-102.6878784745785","2026-01-12"
"MEX.32.56_1","Zacatecas","GADM2","3.6","MX","Retail","0.46864360196468524","22.703519984318188","-102.6878784745785","2026-01-12"
"MEX.32.56_1","Zacatecas","GADM2","3.6","MX","Lifestyle Services","0.48370648752726353","22.703519984318188","-102.6878784745785","2026-01-12"
"MEX.32.56_1","Zacatecas","GADM2","3.6","MX","Grocery & Convenience Stores","0.2989097853673952","22.703519984318188","-102.6878784745785","2026-01-12"
"MEX.32.56_1","Zacatecas","GADM2","3.6","MX","Travel","0.6935578805381387","22.703519984318188","-102.6878784745785","2026-01-12"
"MEX.32.56_1","Zacatecas","GADM2","3.6","MX","Professional Services","0.43168713688594335","22.703519984318188","-102.6878784745785","2026-01-12"
"MEX.32.56_1","Zacatecas","GADM2","3.6","MX","Restaurants","0.39033710691406037","22.703519984318188","-102.6878784745785","2026-01-12"
"MEX.32.56_1","Zacatecas","GADM2","3.6","MX","","0.5825851066554357","22.703519984318188","-102.6878784745785","2026-01-12"
"MEX.32.56_1","Zacatecas","GADM2","3.6","MX","Home Services","0.5164076188766668","22.703519984318188","-102.6878784745785","2026-01-12"
"MEX.32.56_1","Zacatecas","GADM2","3.6","MX","Public Good","0.284467727024091","22.703519984318188","-102.6878784745785","2026-01-12"
"MEX.32.56_1","Zacatecas","GADM2","3.6","MX","All","0.45716808945825926","22.703519984318188","-102.6878784745785","2026-01-12"
"MEX.21.55_1","Cuautlancingo","GADM2","3.6","MX","Restaurants","0.4518222770892188","19.131671671879957","-98.17353546712286","2026-01-12"
"MEX.21.55_1","Cuautlancingo","GADM2","3.6","MX","Lifestyle Services","0.3419312761274837","19.131671671879957","-98.17353546712286","2026-01-12"
"MEX.21.55_1","Cuautlancingo","GADM2","3.6","MX","Local Events","0.11751212122983101","19.131671671879957","-98.17353546712286","2026-01-12"
"MEX.21.55_1","Cuautlancingo","GADM2","3.6","MX","Retail","0.7352406336538546","19.131671671879957","-98.17353546712286","2026-01-12"
"MEX.21.55_1","Cuautlancingo","GADM2","3.6","MX","Professional Services","0.7061285135204078","19.131671671879957","-98.17353546712286","2026-01-12"
"MEX.21.55_1","Cuautlancingo","GADM2","3.6","MX","Business & Utility Services","0.4734262784070459","19.131671671879957","-98.17353546712286","2026-01-12"
"MEX.21.55_1","Cuautlancingo","GADM2","3.6","MX","Home Services","0.3951869346750411","19.131671671879957","-98.17353546712286","2026-01-12"
"MEX.21.55_1","Cuautlancingo","GADM2","3.6","MX","Grocery & Convenience Stores","0.4140228270952346","19.131671671879957","-98.17353546712286","2026-01-12"
"MEX.21.55_1","Cuautlancingo","GADM2","3.6","MX","Public Good","0.30180556836154154","19.131671671879957","-98.17353546712286","2026-01-12"
"MEX.21.55_1","Cuautlancingo","GADM2","3.6","MX","All","0.5187643663761545","19.131671671879957","-98.17353546712286","2026-01-12"
"MEX.11.28_1","Salvatierra","GADM2","3.6","MX","Grocery & Convenience Stores","0.45517939625233517","20.180553872856912","-100.92642976122379","2026-01-12"
"MEX.11.28_1","Salvatierra","GADM2","3.6","MX","Lifestyle Services","0.42934954244403695","20.180553872856912","-100.92642976122379","2026-01-12"
"MEX.11.28_1","Salvatierra","GADM2","3.6","MX","Retail","0.292347372497708","20.180553872856912","-100.92642976122379","2026-01-12"
"MEX.11.28_1","Salvatierra","GADM2","3.6","MX","Public Good","0.5074225315355534","20.180553872856912","-100.92642976122379","2026-01-12"
"MEX.11.28_1","Salvatierra","GADM2","3.6","MX","Restaurants","0.12076577125961288","20.180553872856912","-100.92642976122379","2026-01-12"
"MEX.11.28_1","Salvatierra","GADM2","3.6","MX","All","0.27815436060912807","20.180553872856912","-100.92642976122379","2026-01-12"
"MEX.11.28_1","Salvatierra","GADM2","3.6","MX","Business & Utility Services","0.48302817632043765","20.180553872856912","-100.92642976122379","2026-01-12"
"MEX.11.28_1","Salvatierra","GADM2","3.6","MX","Professional Services","0.5408290158016854","20.180553872856912","-100.92642976122379","2026-01-12"
"MEX.11.28_1","Salvatierra","GADM2","3.6","MX","Home Services","0.6346491038478005","20.180553872856912","-100.92642976122379","2026-01-12"
"MEX.16.71_1","Penjamillo","GADM2","3.6","MX","Retail","0.3011398246101726","20.104357931432418","-101.92177800303085","2026-01-12"
"MEX.16.71_1","Penjamillo","GADM2","3.6","MX","All","0.1665329055068774","20.104357931432418","-101.92177800303085","2026-01-12"
"MEX.16.65_1","Ocampo","GADM2","3.6","MX","All","0.30536026734564986","19.584370571607188","-100.3376922924403","2026-01-12"
"MEX.16.65_1","Ocampo","GADM2","3.6","MX","Retail","0.3900332108077117","19.584370571607188","-100.3376922924403","2026-01-12"
"MEX.13.44_1","Nopala de Villagrán","GADM2","3.6","MX","All","0.3311898838519481","20.255745553164456","-99.68360412343787","2026-01-12"
"MEX.13.44_1","Nopala de Villagrán","GADM2","3.6","MX","Retail","0.2724774066709644","20.255745553164456","-99.68360412343787","2026-01-12"
"MEX.13.44_1","Nopala de Villagrán","GADM2","3.6","MX","Home Services","0.49151795669596204","20.255745553164456","-99.68360412343787","2026-01-12"
"MEX.13.44_1","Nopala de Villagrán","GADM2","3.6","MX","Restaurants","0.5365171260990793","20.255745553164456","-99.68360412343787","2026-01-12"
"MEX.14.114_1","Valle de Juárez","GADM2","3.6","MX","Retail","0.6476146406488718","19.788975012078406","-102.95503918892125","2026-01-12"
"MEX.14.114_1","Valle de Juárez","GADM2","3.6","MX","All","0.5988659247250894","19.788975012078406","-102.95503918892125","2026-01-12"
"MEX.30.156_1","Tecolutla","GADM2","3.6","MX","Travel","0.5616680053414601","20.33007468629306","-96.99316709967312","2026-01-12"
"MEX.30.156_1","Tecolutla","GADM2","3.6","MX","Restaurants","0.4415284563212882","20.33007468629306","-96.99316709967312","2026-01-12"
"MEX.30.156_1","Tecolutla","GADM2","3.6","MX","All","0.5120071312126416","20.33007468629306","-96.99316709967312","2026-01-12"
"MEX.30.156_1","Tecolutla","GADM2","3.6","MX","Home Services","0.8746599044675517","20.33007468629306","-96.99316709967312","2026-01-12"
"MEX.30.156_1","Tecolutla","GADM2","3.6","MX","Professional Services","0.24191897928215148","20.33007468629306","-96.99316709967312","2026-01-12"
"MEX.30.156_1","Tecolutla","GADM2","3.6","MX","Local Events","0.5952422198218744","20.33007468629306","-96.99316709967312","2026-01-12"
"MEX.30.156_1","Tecolutla","GADM2","3.6","MX","Retail","0.3514278007576648","20.33007468629306","-96.99316709967312","2026-01-12"
"MEX.30.156_1","Tecolutla","GADM2","3.6","MX","Business & Utility Services","0.4179375965508629","20.33007468629306","-96.99316709967312","2026-01-12"
"MEX.16.78_1","Salvador Escalante","GADM2","3.6","MX","All","0.1454047021893022","19.351233076219753","-101.70185578818007","2026-01-12"
"MEX.16.78_1","Salvador Escalante","GADM2","3.6","MX","Restaurants","0.25496943004419625","19.351233076219753","-101.70185578818007","2026-01-12"
"MEX.16.78_1","Salvador Escalante","GADM2","3.6","MX","Retail","0.125568831468838","19.351233076219753","-101.70185578818007","2026-01-12"
"MEX.16.78_1","Salvador Escalante","GADM2","3.6","MX","Professional Services","0.2258275760833443","19.351233076219753","-101.70185578818007","2026-01-12"
"MEX.16.78_1","Salvador Escalante","GADM2","3.6","MX","Travel","0.5488086804509986","19.351233076219753","-101.70185578818007","2026-01-12"
"MEX.30.189_1","Úrsulo Galván","GADM2","3.6","MX","All","0.3568875171918389","19.450221061136826","-96.37423668970874","2026-01-12"
"MEX.30.189_1","Úrsulo Galván","GADM2","3.6","MX","Lifestyle Services","0.27065821160288955","19.450221061136826","-96.37423668970874","2026-01-12"
"MEX.30.189_1","Úrsulo Galván","GADM2","3.6","MX","Grocery & Convenience Stores","0.5582048085422655","19.450221061136826","-96.37423668970874","2026-01-12"
"MEX.30.189_1","Úrsulo Galván","GADM2","3.6","MX","Home Services","0.556768968270556","19.450221061136826","-96.37423668970874","2026-01-12"
"MEX.30.189_1","Úrsulo Galván","GADM2","3.6","MX","Professional Services","0.3576394159087883","19.450221061136826","-96.37423668970874","2026-01-12"
"MEX.30.189_1","Úrsulo Galván","GADM2","3.6","MX","Business & Utility Services","0.41149002821853525","19.450221061136826","-96.37423668970874","2026-01-12"
"MEX.30.189_1","Úrsulo Galván","GADM2","3.6","MX","Retail","0.5618492006808864","19.450221061136826","-96.37423668970874","2026-01-12"
"MEX.30.189_1","Úrsulo Galván","GADM2","3.6","MX","Travel","0.4915481694237906","19.450221061136826","-96.37423668970874","2026-01-12"
"MEX.30.189_1","Úrsulo Galván","GADM2","3.6","MX","Restaurants","0.38970074464910265","19.450221061136826","-96.37423668970874","2026-01-12"
"MEX.30.189_1","Úrsulo Galván","GADM2","3.6","MX","Local Events","0.2708966103379788","19.450221061136826","-96.37423668970874","2026-01-12"
"MEX.12.74_1","Zirándaro","GADM2","3.6","MX","All","0.24222435240975781","18.327573982952835","-101.23358257871985","2026-01-12"
"MEX.11.5_1","Apaseo el Grande","GADM2","3.6","MX","Lifestyle Services","0.49446138821953134","20.566103605360045","-100.63787754210827","2026-01-12"
"MEX.11.5_1","Apaseo el Grande","GADM2","3.6","MX","All","0.3353548259951551","20.566103605360045","-100.63787754210827","2026-01-12"
"MEX.11.5_1","Apaseo el Grande","GADM2","3.6","MX","Restaurants","0.5011382405851682","20.566103605360045","-100.63787754210827","2026-01-12"
"MEX.11.5_1","Apaseo el Grande","GADM2","3.6","MX","Grocery & Convenience Stores","0.4502945139053728","20.566103605360045","-100.63787754210827","2026-01-12"
"MEX.11.5_1","Apaseo el Grande","GADM2","3.6","MX","Home Services","0.4869061826965385","20.566103605360045","-100.63787754210827","2026-01-12"
"MEX.11.5_1","Apaseo el Grande","GADM2","3.6","MX","Professional Services","0.38970257174280337","20.566103605360045","-100.63787754210827","2026-01-12"
"MEX.11.5_1","Apaseo el Grande","GADM2","3.6","MX","Business & Utility Services","0.36369510828854806","20.566103605360045","-100.63787754210827","2026-01-12"
"MEX.11.5_1","Apaseo el Grande","GADM2","3.6","MX","Retail","0.23121983650127537","20.566103605360045","-100.63787754210827","2026-01-12"
"MEX.11.5_1","Apaseo el Grande","GADM2","3.6","MX","Travel","0.5866936165755187","20.566103605360045","-100.63787754210827","2026-01-12"
"MEX.11.5_1","Apaseo el Grande","GADM2","3.6","MX","Local Events","0.4897919936624668","20.566103605360045","-100.63787754210827","2026-01-12"
"MEX.11.5_1","Apaseo el Grande","GADM2","3.6","MX","","0.5310874877295071","20.566103605360045","-100.63787754210827","2026-01-12"
"MEX.11.5_1","Apaseo el Grande","GADM2","3.6","MX","Public Good","0.34658139004633565","20.566103605360045","-100.63787754210827","2026-01-12"
"MEX.12.16_1","Chilapa de Alvarez","GADM2","3.6","MX","Retail","0.3034430316818309","17.58065591037208","-99.12214048235737","2026-01-12"
"MEX.12.16_1","Chilapa de Alvarez","GADM2","3.6","MX","Restaurants","0.49457625341950145","17.58065591037208","-99.12214048235737","2026-01-12"
"MEX.12.16_1","Chilapa de Alvarez","GADM2","3.6","MX","All","0.3128793818693734","17.58065591037208","-99.12214048235737","2026-01-12"
"MEX.12.16_1","Chilapa de Alvarez","GADM2","3.6","MX","Grocery & Convenience Stores","0.5551271733941213","17.58065591037208","-99.12214048235737","2026-01-12"
"MEX.12.16_1","Chilapa de Alvarez","GADM2","3.6","MX","Public Good","0.48081344439856644","17.58065591037208","-99.12214048235737","2026-01-12"
"MEX.12.16_1","Chilapa de Alvarez","GADM2","3.6","MX","Business & Utility Services","0.3042075152596017","17.58065591037208","-99.12214048235737","2026-01-12"
"MEX.12.16_1","Chilapa de Alvarez","GADM2","3.6","MX","Lifestyle Services","0.39220981045001047","17.58065591037208","-99.12214048235737","2026-01-12"
"MEX.12.16_1","Chilapa de Alvarez","GADM2","3.6","MX","Professional Services","0.23891778305790554","17.58065591037208","-99.12214048235737","2026-01-12"
"MEX.12.16_1","Chilapa de Alvarez","GADM2","3.6","MX","Home Services","0.6245923922314959","17.58065591037208","-99.12214048235737","2026-01-12"
"MEX.21.36_1","Chietla","GADM2","3.6","MX","Home Services","0.33046300064748607","18.53936631669523","-98.53288539350075","2026-01-12"
"MEX.21.36_1","Chietla","GADM2","3.6","MX","All","0.5615889308999917","18.53936631669523","-98.53288539350075","2026-01-12"
"MEX.21.36_1","Chietla","GADM2","3.6","MX","Retail","0.8263122126501853","18.53936631669523","-98.53288539350075","2026-01-12"
"MEX.21.36_1","Chietla","GADM2","3.6","MX","Restaurants","0.46560209827822224","18.53936631669523","-98.53288539350075","2026-01-12"
"MEX.21.36_1","Chietla","GADM2","3.6","MX","Public Good","0.4294606954303881","18.53936631669523","-98.53288539350075","2026-01-12"
"MEX.21.36_1","Chietla","GADM2","3.6","MX","Lifestyle Services","0.5571191541971","18.53936631669523","-98.53288539350075","2026-01-12"
"MEX.30.10_1","Alvarado","GADM2","3.6","MX","Professional Services","0.47114095799174943","18.828238635972284","-95.85662973728729","2026-01-12"
"MEX.30.10_1","Alvarado","GADM2","3.6","MX","Lifestyle Services","0.3789376825052538","18.828238635972284","-95.85662973728729","2026-01-12"
"MEX.30.10_1","Alvarado","GADM2","3.6","MX","Home Services","0.3959062766446863","18.828238635972284","-95.85662973728729","2026-01-12"
"MEX.30.10_1","Alvarado","GADM2","3.6","MX","Travel","0.13800422501297085","18.828238635972284","-95.85662973728729","2026-01-12"
"MEX.30.10_1","Alvarado","GADM2","3.6","MX","Retail","0.2541919323122696","18.828238635972284","-95.85662973728729","2026-01-12"
"MEX.30.10_1","Alvarado","GADM2","3.6","MX","Local Events","0.2348652607444363","18.828238635972284","-95.85662973728729","2026-01-12"
"MEX.30.10_1","Alvarado","GADM2","3.6","MX","All","0.16954908624201168","18.828238635972284","-95.85662973728729","2026-01-12"
"MEX.30.10_1","Alvarado","GADM2","3.6","MX","Public Good","0.3214341326820384","18.828238635972284","-95.85662973728729","2026-01-12"
"MEX.30.10_1","Alvarado","GADM2","3.6","MX","Grocery & Convenience Stores","0.5590003708121427","18.828238635972284","-95.85662973728729","2026-01-12"
"MEX.30.10_1","Alvarado","GADM2","3.6","MX","Restaurants","0.3335855905510762","18.828238635972284","-95.85662973728729","2026-01-12"
"MEX.21.204_1","Zacapoaxtla","GADM2","3.6","MX","All","0.4010819943845893","19.88483288363614","-97.51539701410768","2026-01-12"
"MEX.30.4_1","Actopan","GADM2","3.6","MX","Professional Services","0.5268867375888828","19.557251693001927","-96.51961229212866","2026-01-12"
"MEX.30.4_1","Actopan","GADM2","3.6","MX","Retail","0.3390621681264482","19.557251693001927","-96.51961229212866","2026-01-12"
"MEX.30.4_1","Actopan","GADM2","3.6","MX","All","0.522562787511293","19.557251693001927","-96.51961229212866","2026-01-12"
"MEX.16.49_1","La Huacana","GADM2","3.6","MX","Restaurants","0.3754984534289534","18.85335071533498","-101.9161424318676","2026-01-12"
"MEX.16.49_1","La Huacana","GADM2","3.6","MX","Retail","0.6361493539446643","18.85335071533498","-101.9161424318676","2026-01-12"
"MEX.16.49_1","La Huacana","GADM2","3.6","MX","All","0.35480881648730617","18.85335071533498","-101.9161424318676","2026-01-12"
"MEX.16.49_1","La Huacana","GADM2","3.6","MX","Professional Services","0.30471929943892334","18.85335071533498","-101.9161424318676","2026-01-12"
"MEX.30.129_1","Platón Sánchez","GADM2","3.6","MX","All","0.6935864103920493","21.333320868151926","-98.38788704424103","2026-01-12"
"MEX.21.127_1","San José Miahuatlán","GADM2","3.6","MX","Restaurants","0.20411351077569115","18.23429699846766","-97.18807748274234","2026-01-12"
"MEX.21.127_1","San José Miahuatlán","GADM2","3.6","MX","All","0.40989714250949405","18.23429699846766","-97.18807748274234","2026-01-12"
"MEX.14.8_1","Arandas","GADM2","3.6","MX","","0.229073674420288","20.723468364062022","-102.35845109140607","2026-01-12"
"MEX.14.8_1","Arandas","GADM2","3.6","MX","Restaurants","0.4572213118637132","20.723468364062022","-102.35845109140607","2026-01-12"
"MEX.14.8_1","Arandas","GADM2","3.6","MX","Lifestyle Services","0.4075683184660667","20.723468364062022","-102.35845109140607","2026-01-12"
"MEX.14.8_1","Arandas","GADM2","3.6","MX","Manufacturing","0.3899063109414311","20.723468364062022","-102.35845109140607","2026-01-12"
"MEX.14.8_1","Arandas","GADM2","3.6","MX","Grocery & Convenience Stores","0.5032458958198023","20.723468364062022","-102.35845109140607","2026-01-12"
"MEX.14.8_1","Arandas","GADM2","3.6","MX","Home Services","0.4759854306937643","20.723468364062022","-102.35845109140607","2026-01-12"
"MEX.14.8_1","Arandas","GADM2","3.6","MX","Public Good","0.22335980127204058","20.723468364062022","-102.35845109140607","2026-01-12"
"MEX.14.8_1","Arandas","GADM2","3.6","MX","All","0.5143707225452059","20.723468364062022","-102.35845109140607","2026-01-12"
"MEX.14.8_1","Arandas","GADM2","3.6","MX","Professional Services","0.5720134715477234","20.723468364062022","-102.35845109140607","2026-01-12"
"MEX.14.8_1","Arandas","GADM2","3.6","MX","Business & Utility Services","0.5205473988535304","20.723468364062022","-102.35845109140607","2026-01-12"
"MEX.14.8_1","Arandas","GADM2","3.6","MX","Travel","0.6603611919986335","20.723468364062022","-102.35845109140607","2026-01-12"
"MEX.14.8_1","Arandas","GADM2","3.6","MX","Retail","0.5068382327669781","20.723468364062022","-102.35845109140607","2026-01-12"
"MEX.14.8_1","Arandas","GADM2","3.6","MX","Local Events","0.6160702480978467","20.723468364062022","-102.35845109140607","2026-01-12"
"MEX.12.3_1","Ajuchitlán del Progreso","GADM2","3.6","MX","All","0.4048160864429949","17.88510631832404","-100.58440088219024","2026-01-12"
"MEX.12.3_1","Ajuchitlán del Progreso","GADM2","3.6","MX","Retail","0.4258247427686693","17.88510631832404","-100.58440088219024","2026-01-12"
"MEX.13.12_1","Atotonilco el Grande","GADM2","3.6","MX","All","0.23954092842089378","20.35861220460179","-98.61889459799127","2026-01-12"
"MEX.12.13_1","Azoyú","GADM2","3.6","MX","Restaurants","0.6693135874240603","16.674868794174266","-98.62413948084514","2026-01-12"
"MEX.12.13_1","Azoyú","GADM2","3.6","MX","All","0.6363838452546219","16.674868794174266","-98.62413948084514","2026-01-12"
"MEX.12.13_1","Azoyú","GADM2","3.6","MX","Retail","0.4408152539276986","16.674868794174266","-98.62413948084514","2026-01-12"
"MEX.21.32_1","Chiautla","GADM2","3.6","MX","Professional Services","0.293294665166732","18.341451346612246","-98.47454542453292","2026-01-12"
"MEX.21.32_1","Chiautla","GADM2","3.6","MX","All","0.30919700644100273","18.341451346612246","-98.47454542453292","2026-01-12"
"MEX.21.32_1","Chiautla","GADM2","3.6","MX","Restaurants","0.2715007259835984","18.341451346612246","-98.47454542453292","2026-01-12"
"MEX.21.32_1","Chiautla","GADM2","3.6","MX","Home Services","0.37601879066346744","18.341451346612246","-98.47454542453292","2026-01-12"
"MEX.21.32_1","Chiautla","GADM2","3.6","MX","Retail","0.5357463409098208","18.341451346612246","-98.47454542453292","2026-01-12"
"MEX.21.32_1","Chiautla","GADM2","3.6","MX","Grocery & Convenience Stores","0.4344309867253316","18.341451346612246","-98.47454542453292","2026-01-12"
"MEX.30.105_1","Mecatlán","GADM2","3.6","MX","Professional Services","0.36518402901281993","20.245399902057034","-97.60922138632026","2026-01-12"
"MEX.30.105_1","Mecatlán","GADM2","3.6","MX","Restaurants","0.5322872072838298","20.245399902057034","-97.60922138632026","2026-01-12"
"MEX.30.105_1","Mecatlán","GADM2","3.6","MX","Retail","0.49466686007587723","20.245399902057034","-97.60922138632026","2026-01-12"
"MEX.30.105_1","Mecatlán","GADM2","3.6","MX","All","0.43426077435519866","20.245399902057034","-97.60922138632026","2026-01-12"
"MEX.30.164_1","Tepetlán","GADM2","3.6","MX","All","0.5834763035952104","19.674374946763148","-96.71643842432697","2026-01-12"
"MEX.32.51_1","Villa de Cos","GADM2","3.6","MX","Home Services","0.6865708995861628","23.536703017129945","-102.22781254017592","2026-01-12"
"MEX.32.51_1","Villa de Cos","GADM2","3.6","MX","Public Good","0.49044412964335704","23.536703017129945","-102.22781254017592","2026-01-12"
"MEX.32.51_1","Villa de Cos","GADM2","3.6","MX","Retail","0.1627812462725081","23.536703017129945","-102.22781254017592","2026-01-12"
"MEX.32.51_1","Villa de Cos","GADM2","3.6","MX","Restaurants","0.28321995903839775","23.536703017129945","-102.22781254017592","2026-01-12"
"MEX.32.51_1","Villa de Cos","GADM2","3.6","MX","Professional Services","0.5833173941068311","23.536703017129945","-102.22781254017592","2026-01-12"
"MEX.32.51_1","Villa de Cos","GADM2","3.6","MX","All","0.344593540283178","23.536703017129945","-102.22781254017592","2026-01-12"
"MEX.22.4_1","Colón","GADM2","3.6","MX","Public Good","0.3874779877961206","20.76364942373332","-100.11679845567095","2026-01-12"
"MEX.22.4_1","Colón","GADM2","3.6","MX","Retail","0.1503094086525635","20.76364942373332","-100.11679845567095","2026-01-12"
"MEX.22.4_1","Colón","GADM2","3.6","MX","Local Events","0.3258230061335","20.76364942373332","-100.11679845567095","2026-01-12"
"MEX.22.4_1","Colón","GADM2","3.6","MX","Professional Services","0.4698330582205267","20.76364942373332","-100.11679845567095","2026-01-12"
"MEX.22.4_1","Colón","GADM2","3.6","MX","Lifestyle Services","0.25946038729985127","20.76364942373332","-100.11679845567095","2026-01-12"
"MEX.22.4_1","Colón","GADM2","3.6","MX","Grocery & Convenience Stores","0.19694419052673842","20.76364942373332","-100.11679845567095","2026-01-12"
"MEX.22.4_1","Colón","GADM2","3.6","MX","Restaurants","0.43243290208970564","20.76364942373332","-100.11679845567095","2026-01-12"
"MEX.22.4_1","Colón","GADM2","3.6","MX","Home Services","0.5910456812801504","20.76364942373332","-100.11679845567095","2026-01-12"
"MEX.22.4_1","Colón","GADM2","3.6","MX","All","0.297319556890359","20.76364942373332","-100.11679845567095","2026-01-12"
"MEX.22.4_1","Colón","GADM2","3.6","MX","Business & Utility Services","0.622057248835908","20.76364942373332","-100.11679845567095","2026-01-12"
"MEX.21.48_1","Coronango","GADM2","3.6","MX","Professional Services","0.3240322334811241","19.161315465125558","-98.19715819455867","2026-01-12"
"MEX.21.48_1","Coronango","GADM2","3.6","MX","Lifestyle Services","0.41903934505011237","19.161315465125558","-98.19715819455867","2026-01-12"
"MEX.21.48_1","Coronango","GADM2","3.6","MX","Grocery & Convenience Stores","0.45011145618300713","19.161315465125558","-98.19715819455867","2026-01-12"
"MEX.21.48_1","Coronango","GADM2","3.6","MX","Public Good","0.3182773939217212","19.161315465125558","-98.19715819455867","2026-01-12"
"MEX.21.48_1","Coronango","GADM2","3.6","MX","Retail","0.2799549152540138","19.161315465125558","-98.19715819455867","2026-01-12"
"MEX.21.48_1","Coronango","GADM2","3.6","MX","Restaurants","0.3506214612692681","19.161315465125558","-98.19715819455867","2026-01-12"
"MEX.21.48_1","Coronango","GADM2","3.6","MX","Home Services","0.31272216235169864","19.161315465125558","-98.19715819455867","2026-01-12"
"MEX.21.48_1","Coronango","GADM2","3.6","MX","All","0.2616545294428855","19.161315465125558","-98.19715819455867","2026-01-12"
"MEX.21.48_1","Coronango","GADM2","3.6","MX","Business & Utility Services","0.6008054964883771","19.161315465125558","-98.19715819455867","2026-01-12"
"MEX.30.19_1","Atoyac","GADM2","3.6","MX","All","0.5252963640862363","18.933678218983154","-96.7476385481018","2026-01-12"
"MEX.15.48_1","Jilotzingo","GADM2","3.6","MX","Public Good","0.5003909768276047","19.469636785855737","-99.34855451411617","2026-01-12"
"MEX.15.48_1","Jilotzingo","GADM2","3.6","MX","Lifestyle Services","0.482531353801062","19.469636785855737","-99.34855451411617","2026-01-12"
"MEX.15.48_1","Jilotzingo","GADM2","3.6","MX","All","0.4669265150991408","19.469636785855737","-99.34855451411617","2026-01-12"
"MEX.15.48_1","Jilotzingo","GADM2","3.6","MX","Retail","0.443875272213851","19.469636785855737","-99.34855451411617","2026-01-12"
"MEX.15.48_1","Jilotzingo","GADM2","3.6","MX","Local Events","0.4729386933145862","19.469636785855737","-99.34855451411617","2026-01-12"
"MEX.15.48_1","Jilotzingo","GADM2","3.6","MX","Home Services","0.48463873462360113","19.469636785855737","-99.34855451411617","2026-01-12"
"MEX.15.48_1","Jilotzingo","GADM2","3.6","MX","Professional Services","0.563486330913794","19.469636785855737","-99.34855451411617","2026-01-12"
"MEX.15.48_1","Jilotzingo","GADM2","3.6","MX","Restaurants","0.4082836018627726","19.469636785855737","-99.34855451411617","2026-01-12"
"MEX.15.121_1","Zumpango","GADM2","3.6","MX","Retail","0.2957718170557782","19.74170580425102","-99.02684390952841","2026-01-12"
"MEX.15.121_1","Zumpango","GADM2","3.6","MX","Business & Utility Services","0.5370250879317627","19.74170580425102","-99.02684390952841","2026-01-12"
"MEX.15.121_1","Zumpango","GADM2","3.6","MX","Restaurants","0.4577190559113512","19.74170580425102","-99.02684390952841","2026-01-12"
"MEX.15.121_1","Zumpango","GADM2","3.6","MX","","0.741485337185274","19.74170580425102","-99.02684390952841","2026-01-12"
"MEX.15.121_1","Zumpango","GADM2","3.6","MX","Lifestyle Services","0.45025579433366214","19.74170580425102","-99.02684390952841","2026-01-12"
"MEX.15.121_1","Zumpango","GADM2","3.6","MX","Grocery & Convenience Stores","0.32357759998280006","19.74170580425102","-99.02684390952841","2026-01-12"
"MEX.15.121_1","Zumpango","GADM2","3.6","MX","Travel","0.29080451365573784","19.74170580425102","-99.02684390952841","2026-01-12"
"MEX.15.121_1","Zumpango","GADM2","3.6","MX","Manufacturing","0.8080714091583409","19.74170580425102","-99.02684390952841","2026-01-12"
"MEX.15.121_1","Zumpango","GADM2","3.6","MX","All","0.4599463194301262","19.74170580425102","-99.02684390952841","2026-01-12"
"MEX.15.121_1","Zumpango","GADM2","3.6","MX","Home Services","0.5283063875420295","19.74170580425102","-99.02684390952841","2026-01-12"
"MEX.15.121_1","Zumpango","GADM2","3.6","MX","Local Events","0.3990600904606803","19.74170580425102","-99.02684390952841","2026-01-12"
"MEX.15.121_1","Zumpango","GADM2","3.6","MX","Public Good","0.3750184911745314","19.74170580425102","-99.02684390952841","2026-01-12"
"MEX.15.121_1","Zumpango","GADM2","3.6","MX","Professional Services","0.530618187503353","19.74170580425102","-99.02684390952841","2026-01-12"
"MEX.9.13_1","Tláhuac","GADM2","3.6","MX","Professional Services","0.4212892232970336","19.243311140396457","-98.93967264979295","2026-01-12"
"MEX.9.13_1","Tláhuac","GADM2","3.6","MX","Travel","0.2916350110483223","19.243311140396457","-98.93967264979295","2026-01-12"
"MEX.9.13_1","Tláhuac","GADM2","3.6","MX","Local Events","0.438985367403296","19.243311140396457","-98.93967264979295","2026-01-12"
"MEX.9.13_1","Tláhuac","GADM2","3.6","MX","Lifestyle Services","0.1841188178103085","19.243311140396457","-98.93967264979295","2026-01-12"
"MEX.9.13_1","Tláhuac","GADM2","3.6","MX","","0.5934059234243333","19.243311140396457","-98.93967264979295","2026-01-12"
"MEX.9.13_1","Tláhuac","GADM2","3.6","MX","Business & Utility Services","0.33913281841409265","19.243311140396457","-98.93967264979295","2026-01-12"
"MEX.9.13_1","Tláhuac","GADM2","3.6","MX","All","0.32874262603259424","19.243311140396457","-98.93967264979295","2026-01-12"
"MEX.9.13_1","Tláhuac","GADM2","3.6","MX","Public Good","0.2126936720669844","19.243311140396457","-98.93967264979295","2026-01-12"
"MEX.9.13_1","Tláhuac","GADM2","3.6","MX","Manufacturing","0.4455052913859173","19.243311140396457","-98.93967264979295","2026-01-12"
"MEX.9.13_1","Tláhuac","GADM2","3.6","MX","Restaurants","0.3382219795795339","19.243311140396457","-98.93967264979295","2026-01-12"
"MEX.9.13_1","Tláhuac","GADM2","3.6","MX","Grocery & Convenience Stores","0.510252060391828","19.243311140396457","-98.93967264979295","2026-01-12"
"MEX.9.13_1","Tláhuac","GADM2","3.6","MX","Home Services","0.5378191338038738","19.243311140396457","-98.93967264979295","2026-01-12"
"MEX.9.13_1","Tláhuac","GADM2","3.6","MX","Retail","0.4367062760724025","19.243311140396457","-98.93967264979295","2026-01-12"
"MEX.15.38_1","Hueypoxtla","GADM2","3.6","MX","Home Services","0.7550109246037808","19.943139366103548","-98.95605517704193","2026-01-12"
"MEX.15.38_1","Hueypoxtla","GADM2","3.6","MX","All","0.3746451624011685","19.943139366103548","-98.95605517704193","2026-01-12"
"MEX.15.38_1","Hueypoxtla","GADM2","3.6","MX","Public Good","0.13055430075656577","19.943139366103548","-98.95605517704193","2026-01-12"
"MEX.15.38_1","Hueypoxtla","GADM2","3.6","MX","Professional Services","0.36936229317246555","19.943139366103548","-98.95605517704193","2026-01-12"
"MEX.15.38_1","Hueypoxtla","GADM2","3.6","MX","Restaurants","0.3523854481280667","19.943139366103548","-98.95605517704193","2026-01-12"
"MEX.15.38_1","Hueypoxtla","GADM2","3.6","MX","Lifestyle Services","0.3449593239330454","19.943139366103548","-98.95605517704193","2026-01-12"
"MEX.15.38_1","Hueypoxtla","GADM2","3.6","MX","Local Events","0.3894711807588047","19.943139366103548","-98.95605517704193","2026-01-12"
"MEX.15.38_1","Hueypoxtla","GADM2","3.6","MX","Retail","0.26993746082702674","19.943139366103548","-98.95605517704193","2026-01-12"
"MEX.15.38_1","Hueypoxtla","GADM2","3.6","MX","","0.38815975497617333","19.943139366103548","-98.95605517704193","2026-01-12"
"MEX.15.38_1","Hueypoxtla","GADM2","3.6","MX","Business & Utility Services","0.6791064393497211","19.943139366103548","-98.95605517704193","2026-01-12"
"MEX.15.38_1","Hueypoxtla","GADM2","3.6","MX","Grocery & Convenience Stores","0.3074071939751986","19.943139366103548","-98.95605517704193","2026-01-12"
"MEX.20.5_1","Dist. Ejutla","GADM2","3.6","MX","All","0.3971003904514799","16.618460748758043","-96.927614194417","2026-01-12"
"MEX.20.5_1","Dist. Ejutla","GADM2","3.6","MX","Restaurants","0.676840278741148","16.618460748758043","-96.927614194417","2026-01-12"
"MEX.20.5_1","Dist. Ejutla","GADM2","3.6","MX","Retail","0.37228514691776793","16.618460748758043","-96.927614194417","2026-01-12"
"MEX.20.5_1","Dist. Ejutla","GADM2","3.6","MX","Grocery & Convenience Stores","0.28146294420841167","16.618460748758043","-96.927614194417","2026-01-12"
"MEX.20.5_1","Dist. Ejutla","GADM2","3.6","MX","Home Services","0.6625180179652987","16.618460748758043","-96.927614194417","2026-01-12"
"MEX.20.5_1","Dist. Ejutla","GADM2","3.6","MX","Professional Services","0.31012601523242617","16.618460748758043","-96.927614194417","2026-01-12"
"MEX.16.87_1","Taretan","GADM2","3.6","MX","Restaurants","0.7055429312246986","19.302934059706995","-101.90051820971576","2026-01-12"
"MEX.16.87_1","Taretan","GADM2","3.6","MX","All","0.47284056354633874","19.302934059706995","-101.90051820971576","2026-01-12"
"MEX.16.87_1","Taretan","GADM2","3.6","MX","Grocery & Convenience Stores","0.558555588246258","19.302934059706995","-101.90051820971576","2026-01-12"
"MEX.16.87_1","Taretan","GADM2","3.6","MX","Retail","0.39749555135336306","19.302934059706995","-101.90051820971576","2026-01-12"
"MEX.13.39_1","Mineral del Chico","GADM2","3.6","MX","Local Events","0.4959100513088743","20.233500687287897","-98.68465934185677","2026-01-12"
"MEX.13.39_1","Mineral del Chico","GADM2","3.6","MX","Travel","0.529454472203137","20.233500687287897","-98.68465934185677","2026-01-12"
"MEX.13.39_1","Mineral del Chico","GADM2","3.6","MX","Home Services","0.1651618812952723","20.233500687287897","-98.68465934185677","2026-01-12"
"MEX.13.39_1","Mineral del Chico","GADM2","3.6","MX","Professional Services","0.5683620329974004","20.233500687287897","-98.68465934185677","2026-01-12"
"MEX.13.39_1","Mineral del Chico","GADM2","3.6","MX","All","0.4113511981945755","20.233500687287897","-98.68465934185677","2026-01-12"
"MEX.13.39_1","Mineral del Chico","GADM2","3.6","MX","Lifestyle Services","0.435327737979938","20.233500687287897","-98.68465934185677","2026-01-12"
"MEX.13.39_1","Mineral del Chico","GADM2","3.6","MX","Public Good","0.34226537244189814","20.233500687287897","-98.68465934185677","2026-01-12"
"MEX.13.39_1","Mineral del Chico","GADM2","3.6","MX","Restaurants","0.3750333043355206","20.233500687287897","-98.68465934185677","2026-01-12"
"MEX.13.39_1","Mineral del Chico","GADM2","3.6","MX","Business & Utility Services","0.5255761662290426","20.233500687287897","-98.68465934185677","2026-01-12"
"MEX.13.39_1","Mineral del Chico","GADM2","3.6","MX","Retail","0.5608124588124745","20.233500687287897","-98.68465934185677","2026-01-12"
"MEX.13.39_1","Mineral del Chico","GADM2","3.6","MX","Grocery & Convenience Stores","0.23296177070048701","20.233500687287897","-98.68465934185677","2026-01-12"
"MEX.17.27_1","Tlayacapan","GADM2","3.6","MX","Public Good","0.5547725172014503","18.938019854284942","-98.9515046723434","2026-01-12"
"MEX.17.27_1","Tlayacapan","GADM2","3.6","MX","Restaurants","0.3516587053626238","18.938019854284942","-98.9515046723434","2026-01-12"
"MEX.17.27_1","Tlayacapan","GADM2","3.6","MX","Retail","0.4368289368489114","18.938019854284942","-98.9515046723434","2026-01-12"
"MEX.17.27_1","Tlayacapan","GADM2","3.6","MX","Grocery & Convenience Stores","0.4561200918525553","18.938019854284942","-98.9515046723434","2026-01-12"
"MEX.17.27_1","Tlayacapan","GADM2","3.6","MX","Lifestyle Services","0.16965382064548012","18.938019854284942","-98.9515046723434","2026-01-12"
"MEX.17.27_1","Tlayacapan","GADM2","3.6","MX","All","0.3990130706495491","18.938019854284942","-98.9515046723434","2026-01-12"
"MEX.17.27_1","Tlayacapan","GADM2","3.6","MX","Travel","0.5790701193758555","18.938019854284942","-98.9515046723434","2026-01-12"
"MEX.17.27_1","Tlayacapan","GADM2","3.6","MX","Local Events","0.3432643234650201","18.938019854284942","-98.9515046723434","2026-01-12"
"MEX.17.27_1","Tlayacapan","GADM2","3.6","MX","Business & Utility Services","0.49174235648634484","18.938019854284942","-98.9515046723434","2026-01-12"
"MEX.17.27_1","Tlayacapan","GADM2","3.6","MX","Home Services","0.7929067828728817","18.938019854284942","-98.9515046723434","2026-01-12"
"MEX.17.27_1","Tlayacapan","GADM2","3.6","MX","Professional Services","0.3129130555692038","18.938019854284942","-98.9515046723434","2026-01-12"
"MEX.20.21_1","Dist. Tehuantepec","GADM2","3.6","MX","Restaurants","0.42037821036091616","16.38099481839561","-95.54503010468856","2026-01-12"
"MEX.20.21_1","Dist. Tehuantepec","GADM2","3.6","MX","Travel","0.348974938930318","16.38099481839561","-95.54503010468856","2026-01-12"
"MEX.20.21_1","Dist. Tehuantepec","GADM2","3.6","MX","Business & Utility Services","0.44300887685743157","16.38099481839561","-95.54503010468856","2026-01-12"
"MEX.30.199_1","Zaragoza","GADM2","3.6","MX","Professional Services","0.4018919503168754","17.934135921821337","-94.68693052594595","2026-01-12"
"MEX.30.199_1","Zaragoza","GADM2","3.6","MX","Home Services","0.533955571451057","17.934135921821337","-94.68693052594595","2026-01-12"
"MEX.30.199_1","Zaragoza","GADM2","3.6","MX","All","0.4413315834051207","17.934135921821337","-94.68693052594595","2026-01-12"
"MEX.30.199_1","Zaragoza","GADM2","3.6","MX","Public Good","0.22953503897886193","17.934135921821337","-94.68693052594595","2026-01-12"
"MEX.30.199_1","Zaragoza","GADM2","3.6","MX","Restaurants","0.421448132635474","17.934135921821337","-94.68693052594595","2026-01-12"
"MEX.30.199_1","Zaragoza","GADM2","3.6","MX","Retail","0.374087205998803","17.934135921821337","-94.68693052594595","2026-01-12"
"MEX.15.103_1","Timilpan","GADM2","3.6","MX","Business & Utility Services","0.4488218443005988","19.88677440800878","-99.70077305569566","2026-01-12"
"MEX.15.103_1","Timilpan","GADM2","3.6","MX","All","0.5017533461146927","19.88677440800878","-99.70077305569566","2026-01-12"
"MEX.15.103_1","Timilpan","GADM2","3.6","MX","Home Services","0.39125970756272477","19.88677440800878","-99.70077305569566","2026-01-12"
"MEX.15.103_1","Timilpan","GADM2","3.6","MX","Professional Services","0.31559827492356757","19.88677440800878","-99.70077305569566","2026-01-12"
"MEX.15.103_1","Timilpan","GADM2","3.6","MX","Retail","0.5449397973980659","19.88677440800878","-99.70077305569566","2026-01-12"
"MEX.15.103_1","Timilpan","GADM2","3.6","MX","Restaurants","0.5591051093248687","19.88677440800878","-99.70077305569566","2026-01-12"
"MEX.20.9_1","Dist. Jamiltepec","GADM2","3.6","MX","Manufacturing","0.49871480511992977","16.440191943618938","-98.05987254228926","2026-01-12"
"MEX.20.9_1","Dist. Jamiltepec","GADM2","3.6","MX","Retail","0.4440348077090901","16.440191943618938","-98.05987254228926","2026-01-12"
"MEX.20.9_1","Dist. Jamiltepec","GADM2","3.6","MX","Local Events","0.5890696476354421","16.440191943618938","-98.05987254228926","2026-01-12"
"MEX.20.9_1","Dist. Jamiltepec","GADM2","3.6","MX","All","0.35123980185066594","16.440191943618938","-98.05987254228926","2026-01-12"
"MEX.20.9_1","Dist. Jamiltepec","GADM2","3.6","MX","Professional Services","0.2770981248559387","16.440191943618938","-98.05987254228926","2026-01-12"
"MEX.20.9_1","Dist. Jamiltepec","GADM2","3.6","MX","Business & Utility Services","0.4552872157021842","16.440191943618938","-98.05987254228926","2026-01-12"
"MEX.20.9_1","Dist. Jamiltepec","GADM2","3.6","MX","Grocery & Convenience Stores","0.16105263557826244","16.440191943618938","-98.05987254228926","2026-01-12"
"MEX.20.9_1","Dist. Jamiltepec","GADM2","3.6","MX","Lifestyle Services","0.25924749687147763","16.440191943618938","-98.05987254228926","2026-01-12"
"MEX.20.9_1","Dist. Jamiltepec","GADM2","3.6","MX","Home Services","0.41646716611418644","16.440191943618938","-98.05987254228926","2026-01-12"
"MEX.20.9_1","Dist. Jamiltepec","GADM2","3.6","MX","Public Good","0.6331479582155384","16.440191943618938","-98.05987254228926","2026-01-12"
"MEX.20.9_1","Dist. Jamiltepec","GADM2","3.6","MX","Travel","0.7257299920267177","16.440191943618938","-98.05987254228926","2026-01-12"
"MEX.20.9_1","Dist. Jamiltepec","GADM2","3.6","MX","Restaurants","0.6152763585799988","16.440191943618938","-98.05987254228926","2026-01-12"
"MEX.20.21_1","Dist. Tehuantepec","GADM2","3.6","MX","Professional Services","0.4040348888619104","16.38099481839561","-95.54503010468856","2026-01-12"
"MEX.20.21_1","Dist. Tehuantepec","GADM2","3.6","MX","Local Events","0.7554070839580926","16.38099481839561","-95.54503010468856","2026-01-12"
"MEX.20.21_1","Dist. Tehuantepec","GADM2","3.6","MX","Home Services","0.6565825961753795","16.38099481839561","-95.54503010468856","2026-01-12"
"MEX.20.21_1","Dist. Tehuantepec","GADM2","3.6","MX","Public Good","0.2291751536552216","16.38099481839561","-95.54503010468856","2026-01-12"
"MEX.20.21_1","Dist. Tehuantepec","GADM2","3.6","MX","Retail","0.4961443438637579","16.38099481839561","-95.54503010468856","2026-01-12"
"MEX.20.21_1","Dist. Tehuantepec","GADM2","3.6","MX","All","0.4742366051947065","16.38099481839561","-95.54503010468856","2026-01-12"
"MEX.20.21_1","Dist. Tehuantepec","GADM2","3.6","MX","","0.419753284063768","16.38099481839561","-95.54503010468856","2026-01-12"
"MEX.30.4_1","Actopan","GADM2","3.6","MX","Restaurants","0.6700537137055029","19.557251693001927","-96.51961229212866","2026-01-12"
"MEX.30.65_1","Fortín","GADM2","3.6","MX","Home Services","0.5879802336433199","18.922159393957873","-96.93024545872227","2026-01-12"
"MEX.30.65_1","Fortín","GADM2","3.6","MX","All","0.37714907784243695","18.922159393957873","-96.93024545872227","2026-01-12"
"MEX.30.65_1","Fortín","GADM2","3.6","MX","Public Good","0.28659268021231105","18.922159393957873","-96.93024545872227","2026-01-12"
"MEX.30.65_1","Fortín","GADM2","3.6","MX","Retail","0.34643264619187425","18.922159393957873","-96.93024545872227","2026-01-12"
"MEX.30.65_1","Fortín","GADM2","3.6","MX","Travel","0.4834380616469033","18.922159393957873","-96.93024545872227","2026-01-12"
"MEX.30.65_1","Fortín","GADM2","3.6","MX","Restaurants","0.23158260668282188","18.922159393957873","-96.93024545872227","2026-01-12"
"MEX.30.65_1","Fortín","GADM2","3.6","MX","Local Events","0.38841042681911314","18.922159393957873","-96.93024545872227","2026-01-12"
"MEX.30.65_1","Fortín","GADM2","3.6","MX","Professional Services","0.5035728146551265","18.922159393957873","-96.93024545872227","2026-01-12"
"MEX.30.65_1","Fortín","GADM2","3.6","MX","Manufacturing","0.5655457263563582","18.922159393957873","-96.93024545872227","2026-01-12"
"MEX.30.65_1","Fortín","GADM2","3.6","MX","Lifestyle Services","0.24517911796324987","18.922159393957873","-96.93024545872227","2026-01-12"
"MEX.30.65_1","Fortín","GADM2","3.6","MX","Grocery & Convenience Stores","0.6324665861726825","18.922159393957873","-96.93024545872227","2026-01-12"
"MEX.30.65_1","Fortín","GADM2","3.6","MX","Business & Utility Services","0.3111604009065395","18.922159393957873","-96.93024545872227","2026-01-12"
"MEX.11.23_1","Pénjamo","GADM2","3.6","MX","","0.3101088349331961","20.381981853697283","-101.83106018997196","2026-01-12"
"MEX.11.23_1","Pénjamo","GADM2","3.6","MX","Restaurants","0.3846260638245365","20.381981853697283","-101.83106018997196","2026-01-12"
"MEX.11.23_1","Pénjamo","GADM2","3.6","MX","All","0.4050043681878697","20.381981853697283","-101.83106018997196","2026-01-12"
"MEX.11.23_1","Pénjamo","GADM2","3.6","MX","Business & Utility Services","0.3300413789092116","20.381981853697283","-101.83106018997196","2026-01-12"
"MEX.11.23_1","Pénjamo","GADM2","3.6","MX","Professional Services","0.5142326497144607","20.381981853697283","-101.83106018997196","2026-01-12"
"MEX.11.23_1","Pénjamo","GADM2","3.6","MX","Local Events","0.38539132747743954","20.381981853697283","-101.83106018997196","2026-01-12"
"MEX.11.23_1","Pénjamo","GADM2","3.6","MX","Grocery & Convenience Stores","0.3608078024203105","20.381981853697283","-101.83106018997196","2026-01-12"
"MEX.11.23_1","Pénjamo","GADM2","3.6","MX","Manufacturing","0.6295480826228642","20.381981853697283","-101.83106018997196","2026-01-12"
"MEX.11.23_1","Pénjamo","GADM2","3.6","MX","Home Services","0.3868556140534909","20.381981853697283","-101.83106018997196","2026-01-12"
"MEX.11.23_1","Pénjamo","GADM2","3.6","MX","Lifestyle Services","0.444090275932377","20.381981853697283","-101.83106018997196","2026-01-12"
"MEX.11.23_1","Pénjamo","GADM2","3.6","MX","Public Good","0.3845624813657951","20.381981853697283","-101.83106018997196","2026-01-12"
"MEX.11.23_1","Pénjamo","GADM2","3.6","MX","Travel","0.6186560556595325","20.381981853697283","-101.83106018997196","2026-01-12"
"MEX.11.23_1","Pénjamo","GADM2","3.6","MX","Retail","0.42578865823355905","20.381981853697283","-101.83106018997196","2026-01-12"
"MEX.21.123_1","San Gregorio Atzompa","GADM2","3.6","MX","Lifestyle Services","0.31471338765340073","19.049503083068945","-98.26483661163024","2026-01-12"
"MEX.21.123_1","San Gregorio Atzompa","GADM2","3.6","MX","Manufacturing","0.43020656174673977","19.049503083068945","-98.26483661163024","2026-01-12"
"MEX.21.123_1","San Gregorio Atzompa","GADM2","3.6","MX","Retail","0.44349039710413235","19.049503083068945","-98.26483661163024","2026-01-12"
"MEX.21.123_1","San Gregorio Atzompa","GADM2","3.6","MX","Home Services","0.4918301890428719","19.049503083068945","-98.26483661163024","2026-01-12"
"MEX.21.123_1","San Gregorio Atzompa","GADM2","3.6","MX","","0.3367674852360277","19.049503083068945","-98.26483661163024","2026-01-12"
"MEX.21.123_1","San Gregorio Atzompa","GADM2","3.6","MX","Local Events","0.5807815877625754","19.049503083068945","-98.26483661163024","2026-01-12"
"MEX.21.123_1","San Gregorio Atzompa","GADM2","3.6","MX","Professional Services","0.32967370004822466","19.049503083068945","-98.26483661163024","2026-01-12"
"MEX.21.123_1","San Gregorio Atzompa","GADM2","3.6","MX","Business & Utility Services","0.4501587264637164","19.049503083068945","-98.26483661163024","2026-01-12"
"MEX.21.123_1","San Gregorio Atzompa","GADM2","3.6","MX","Travel","0.5438770035884487","19.049503083068945","-98.26483661163024","2026-01-12"
"MEX.21.123_1","San Gregorio Atzompa","GADM2","3.6","MX","All","0.3838062606555376","19.049503083068945","-98.26483661163024","2026-01-12"
"MEX.21.123_1","San Gregorio Atzompa","GADM2","3.6","MX","Public Good","0.3363430722956772","19.049503083068945","-98.26483661163024","2026-01-12"
"MEX.21.123_1","San Gregorio Atzompa","GADM2","3.6","MX","Grocery & Convenience Stores","0.5716712524505133","19.049503083068945","-98.26483661163024","2026-01-12"
"MEX.21.123_1","San Gregorio Atzompa","GADM2","3.6","MX","Restaurants","0.2622307525270875","19.049503083068945","-98.26483661163024","2026-01-12"
"MEX.16.35_1","Hidalgo","GADM2","3.6","MX","Home Services","0.3447783872865035","19.58793457912502","-100.64761163609118","2026-01-12"
"MEX.16.35_1","Hidalgo","GADM2","3.6","MX","Business & Utility Services","0.6263513677541138","19.58793457912502","-100.64761163609118","2026-01-12"
"MEX.16.35_1","Hidalgo","GADM2","3.6","MX","Professional Services","0.45243662016728814","19.58793457912502","-100.64761163609118","2026-01-12"
"MEX.16.35_1","Hidalgo","GADM2","3.6","MX","Lifestyle Services","0.42756939426399915","19.58793457912502","-100.64761163609118","2026-01-12"
"MEX.16.35_1","Hidalgo","GADM2","3.6","MX","Travel","0.754636025704528","19.58793457912502","-100.64761163609118","2026-01-12"
"MEX.16.35_1","Hidalgo","GADM2","3.6","MX","Local Events","0.5789322784828654","19.58793457912502","-100.64761163609118","2026-01-12"
"MEX.16.35_1","Hidalgo","GADM2","3.6","MX","Grocery & Convenience Stores","0.8251347677718706","19.58793457912502","-100.64761163609118","2026-01-12"
"MEX.16.35_1","Hidalgo","GADM2","3.6","MX","Public Good","0.5242202772759008","19.58793457912502","-100.64761163609118","2026-01-12"
"MEX.16.35_1","Hidalgo","GADM2","3.6","MX","Restaurants","0.4892168748127986","19.58793457912502","-100.64761163609118","2026-01-12"
"MEX.16.35_1","Hidalgo","GADM2","3.6","MX","Retail","0.24956238993564275","19.58793457912502","-100.64761163609118","2026-01-12"
"MEX.16.35_1","Hidalgo","GADM2","3.6","MX","All","0.44299083041967663","19.58793457912502","-100.64761163609118","2026-01-12"
"MEX.11.38_1","Tarandacuao","GADM2","3.6","MX","All","0.3938262262226653","20.00398925691873","-100.549951134515","2026-01-12"
"MEX.11.38_1","Tarandacuao","GADM2","3.6","MX","Retail","0.5973289501790356","20.00398925691873","-100.549951134515","2026-01-12"
"MEX.11.38_1","Tarandacuao","GADM2","3.6","MX","Restaurants","0.4745772602658112","20.00398925691873","-100.549951134515","2026-01-12"
"MEX.12.6_1","Apaxtla","GADM2","3.6","MX","Professional Services","0.41805892003914263","18.07531570542004","-99.88951880047031","2026-01-12"
"MEX.12.6_1","Apaxtla","GADM2","3.6","MX","All","0.40431320530681847","18.07531570542004","-99.88951880047031","2026-01-12"
"MEX.12.6_1","Apaxtla","GADM2","3.6","MX","Retail","0.6117176640873542","18.07531570542004","-99.88951880047031","2026-01-12"
"MEX.16.86_1","Tanhuato","GADM2","3.6","MX","Restaurants","0.215321638449315","20.2398676689389","-102.34039372470366","2026-01-12"
"MEX.16.86_1","Tanhuato","GADM2","3.6","MX","All","0.3841024095568472","20.2398676689389","-102.34039372470366","2026-01-12"
"MEX.16.86_1","Tanhuato","GADM2","3.6","MX","Retail","0.4600527326356145","20.2398676689389","-102.34039372470366","2026-01-12"
"MEX.12.50_1","Petatlán","GADM2","3.6","MX","Home Services","0.318053980655837","17.593866413242363","-101.11405546552358","2026-01-12"
"MEX.12.50_1","Petatlán","GADM2","3.6","MX","Restaurants","0.46793163850708036","17.593866413242363","-101.11405546552358","2026-01-12"
"MEX.12.50_1","Petatlán","GADM2","3.6","MX","All","0.49191353929234477","17.593866413242363","-101.11405546552358","2026-01-12"
"MEX.12.50_1","Petatlán","GADM2","3.6","MX","Retail","0.5416202191917519","17.593866413242363","-101.11405546552358","2026-01-12"
"MEX.12.50_1","Petatlán","GADM2","3.6","MX","Travel","0.5285236143711278","17.593866413242363","-101.11405546552358","2026-01-12"
"MEX.12.50_1","Petatlán","GADM2","3.6","MX","Business & Utility Services","0.3991315131700541","17.593866413242363","-101.11405546552358","2026-01-12"
"MEX.12.50_1","Petatlán","GADM2","3.6","MX","Lifestyle Services","0.3908360909833611","17.593866413242363","-101.11405546552358","2026-01-12"
"MEX.12.50_1","Petatlán","GADM2","3.6","MX","Professional Services","0.5869813754249449","17.593866413242363","-101.11405546552358","2026-01-12"
"MEX.12.50_1","Petatlán","GADM2","3.6","MX","Public Good","0.3283702736612293","17.593866413242363","-101.11405546552358","2026-01-12"
"MEX.30.119_1","Orizaba","GADM2","3.6","MX","All","0.24272806331534194","18.848564206618317","-97.02682616152339","2026-01-12"
"MEX.13.58_1","Tasquillo","GADM2","3.6","MX","Retail","0.500873872657606","20.55988034602627","-99.37142750350397","2026-01-12"
"MEX.13.58_1","Tasquillo","GADM2","3.6","MX","All","0.40820259241142126","20.55988034602627","-99.37142750350397","2026-01-12"
"MEX.13.58_1","Tasquillo","GADM2","3.6","MX","Restaurants","0.26866865745029117","20.55988034602627","-99.37142750350397","2026-01-12"
"MEX.13.58_1","Tasquillo","GADM2","3.6","MX","Professional Services","0.6314542015031377","20.55988034602627","-99.37142750350397","2026-01-12"
"MEX.13.58_1","Tasquillo","GADM2","3.6","MX","Local Events","0.43569776039618097","20.55988034602627","-99.37142750350397","2026-01-12"
"MEX.13.58_1","Tasquillo","GADM2","3.6","MX","Home Services","0.3477518525457753","20.55988034602627","-99.37142750350397","2026-01-12"
"MEX.13.58_1","Tasquillo","GADM2","3.6","MX","Public Good","0.5677016019591289","20.55988034602627","-99.37142750350397","2026-01-12"
"MEX.22.11_1","Pedro Escobedo","GADM2","3.6","MX","Local Events","0.5284050033358172","20.489081198559163","-100.20536002881266","2026-01-12"
"MEX.22.11_1","Pedro Escobedo","GADM2","3.6","MX","Lifestyle Services","0.3479658882416811","20.489081198559163","-100.20536002881266","2026-01-12"
"MEX.22.11_1","Pedro Escobedo","GADM2","3.6","MX","All","0.29305418863940125","20.489081198559163","-100.20536002881266","2026-01-12"
"MEX.22.11_1","Pedro Escobedo","GADM2","3.6","MX","Grocery & Convenience Stores","0.4030091408182396","20.489081198559163","-100.20536002881266","2026-01-12"
"MEX.22.11_1","Pedro Escobedo","GADM2","3.6","MX","Public Good","0.17416365679826645","20.489081198559163","-100.20536002881266","2026-01-12"
"MEX.22.11_1","Pedro Escobedo","GADM2","3.6","MX","Professional Services","0.29287289605079225","20.489081198559163","-100.20536002881266","2026-01-12"
"MEX.22.11_1","Pedro Escobedo","GADM2","3.6","MX","Retail","0.2227662501065221","20.489081198559163","-100.20536002881266","2026-01-12"
"MEX.22.11_1","Pedro Escobedo","GADM2","3.6","MX","Business & Utility Services","0.5440217595694576","20.489081198559163","-100.20536002881266","2026-01-12"
"MEX.22.11_1","Pedro Escobedo","GADM2","3.6","MX","Restaurants","0.5326444795223414","20.489081198559163","-100.20536002881266","2026-01-12"
"MEX.22.11_1","Pedro Escobedo","GADM2","3.6","MX","Home Services","0.3903777469088943","20.489081198559163","-100.20536002881266","2026-01-12"
"MEX.22.11_1","Pedro Escobedo","GADM2","3.6","MX","","0.4208929149300834","20.489081198559163","-100.20536002881266","2026-01-12"
"MEX.21.117_1","San Andrés Cholula","GADM2","3.6","MX","Manufacturing","0.4262401602097506","19.039494783531957","-98.2128241310977","2026-01-12"
"MEX.21.117_1","San Andrés Cholula","GADM2","3.6","MX","Restaurants","0.2896531956089576","19.039494783531957","-98.2128241310977","2026-01-12"
"MEX.21.117_1","San Andrés Cholula","GADM2","3.6","MX","Travel","0.462763786715335","19.039494783531957","-98.2128241310977","2026-01-12"
"MEX.21.117_1","San Andrés Cholula","GADM2","3.6","MX","Local Events","0.3425231430872141","19.039494783531957","-98.2128241310977","2026-01-12"
"MEX.21.117_1","San Andrés Cholula","GADM2","3.6","MX","Professional Services","0.491371963269255","19.039494783531957","-98.2128241310977","2026-01-12"
"MEX.21.117_1","San Andrés Cholula","GADM2","3.6","MX","Business & Utility Services","0.4907568526728549","19.039494783531957","-98.2128241310977","2026-01-12"
"MEX.21.117_1","San Andrés Cholula","GADM2","3.6","MX","","0.4521578644939465","19.039494783531957","-98.2128241310977","2026-01-12"
"MEX.21.117_1","San Andrés Cholula","GADM2","3.6","MX","All","0.435107713884877","19.039494783531957","-98.2128241310977","2026-01-12"
"MEX.21.117_1","San Andrés Cholula","GADM2","3.6","MX","Public Good","0.14051276269993113","19.039494783531957","-98.2128241310977","2026-01-12"
"MEX.21.117_1","San Andrés Cholula","GADM2","3.6","MX","Grocery & Convenience Stores","0.4083508698220409","19.039494783531957","-98.2128241310977","2026-01-12"
"MEX.21.117_1","San Andrés Cholula","GADM2","3.6","MX","Retail","0.41002248883210485","19.039494783531957","-98.2128241310977","2026-01-12"
"MEX.21.117_1","San Andrés Cholula","GADM2","3.6","MX","Lifestyle Services","0.38047820496146256","19.039494783531957","-98.2128241310977","2026-01-12"
"MEX.21.117_1","San Andrés Cholula","GADM2","3.6","MX","Home Services","0.48584850448717837","19.039494783531957","-98.2128241310977","2026-01-12"
"MEX.14.87_1","Tamazula de Gordiano","GADM2","3.6","MX","Business & Utility Services","0.3026451629529581","19.64737728908115","-103.18519792612291","2026-01-12"
"MEX.14.87_1","Tamazula de Gordiano","GADM2","3.6","MX","Lifestyle Services","0.5464213041039276","19.64737728908115","-103.18519792612291","2026-01-12"
"MEX.14.87_1","Tamazula de Gordiano","GADM2","3.6","MX","Grocery & Convenience Stores","0.3206600881694631","19.64737728908115","-103.18519792612291","2026-01-12"
"MEX.14.87_1","Tamazula de Gordiano","GADM2","3.6","MX","Restaurants","0.32056823039700083","19.64737728908115","-103.18519792612291","2026-01-12"
"MEX.14.87_1","Tamazula de Gordiano","GADM2","3.6","MX","Professional Services","0.7130103372833673","19.64737728908115","-103.18519792612291","2026-01-12"
"MEX.14.87_1","Tamazula de Gordiano","GADM2","3.6","MX","Home Services","0.4311562365497494","19.64737728908115","-103.18519792612291","2026-01-12"
"MEX.14.87_1","Tamazula de Gordiano","GADM2","3.6","MX","Retail","0.5542585277431946","19.64737728908115","-103.18519792612291","2026-01-12"
"MEX.14.87_1","Tamazula de Gordiano","GADM2","3.6","MX","Public Good","0.21551773943314498","19.64737728908115","-103.18519792612291","2026-01-12"
"MEX.14.87_1","Tamazula de Gordiano","GADM2","3.6","MX","All","0.49002094031896937","19.64737728908115","-103.18519792612291","2026-01-12"
"MEX.12.35_1","Huitzuco de los Figueroa","GADM2","3.6","MX","All","0.38177352207393644","18.209158650459965","-99.18147854427009","2026-01-12"
"MEX.14.76_1","San Juan de los Lagos","GADM2","3.6","MX","Public Good","0.42377403964180366","21.251260694897415","-102.3459034378494","2026-01-12"
"MEX.14.76_1","San Juan de los Lagos","GADM2","3.6","MX","Professional Services","0.3287919905773768","21.251260694897415","-102.3459034378494","2026-01-12"
"MEX.14.76_1","San Juan de los Lagos","GADM2","3.6","MX","Business & Utility Services","0.6198293454179186","21.251260694897415","-102.3459034378494","2026-01-12"
"MEX.14.76_1","San Juan de los Lagos","GADM2","3.6","MX","Restaurants","0.2400681150564272","21.251260694897415","-102.3459034378494","2026-01-12"
"MEX.14.76_1","San Juan de los Lagos","GADM2","3.6","MX","Grocery & Convenience Stores","0.47355312465456506","21.251260694897415","-102.3459034378494","2026-01-12"
"MEX.14.76_1","San Juan de los Lagos","GADM2","3.6","MX","Travel","0.5224893787167536","21.251260694897415","-102.3459034378494","2026-01-12"
"MEX.14.76_1","San Juan de los Lagos","GADM2","3.6","MX","All","0.4451021587622783","21.251260694897415","-102.3459034378494","2026-01-12"
"MEX.14.76_1","San Juan de los Lagos","GADM2","3.6","MX","Local Events","0.31698900013096454","21.251260694897415","-102.3459034378494","2026-01-12"
"MEX.14.76_1","San Juan de los Lagos","GADM2","3.6","MX","Manufacturing","0.5314082526451275","21.251260694897415","-102.3459034378494","2026-01-12"
"MEX.14.76_1","San Juan de los Lagos","GADM2","3.6","MX","Retail","0.5253752816818377","21.251260694897415","-102.3459034378494","2026-01-12"
"MEX.14.76_1","San Juan de los Lagos","GADM2","3.6","MX","Lifestyle Services","0.5324383693560415","21.251260694897415","-102.3459034378494","2026-01-12"
"MEX.14.76_1","San Juan de los Lagos","GADM2","3.6","MX","Home Services","0.4996675215852329","21.251260694897415","-102.3459034378494","2026-01-12"
"MEX.15.69_1","Otzolotepec","GADM2","3.6","MX","Grocery & Convenience Stores","0.5711678397920801","19.3883898116358","-99.48931253147663","2026-01-12"
"MEX.15.69_1","Otzolotepec","GADM2","3.6","MX","Restaurants","0.4813634223209036","19.3883898116358","-99.48931253147663","2026-01-12"
"MEX.15.69_1","Otzolotepec","GADM2","3.6","MX","Business & Utility Services","0.5212730590362485","19.3883898116358","-99.48931253147663","2026-01-12"
"MEX.15.69_1","Otzolotepec","GADM2","3.6","MX","Professional Services","0.4233695763415864","19.3883898116358","-99.48931253147663","2026-01-12"
"MEX.15.69_1","Otzolotepec","GADM2","3.6","MX","Lifestyle Services","0.4476455434022208","19.3883898116358","-99.48931253147663","2026-01-12"
"MEX.15.69_1","Otzolotepec","GADM2","3.6","MX","Retail","0.5046685932823886","19.3883898116358","-99.48931253147663","2026-01-12"
"MEX.15.69_1","Otzolotepec","GADM2","3.6","MX","All","0.4607704210122841","19.3883898116358","-99.48931253147663","2026-01-12"
"MEX.15.69_1","Otzolotepec","GADM2","3.6","MX","Local Events","0.5037681851214618","19.3883898116358","-99.48931253147663","2026-01-12"
"MEX.15.69_1","Otzolotepec","GADM2","3.6","MX","Public Good","0.47882878544938295","19.3883898116358","-99.48931253147663","2026-01-12"
"MEX.15.69_1","Otzolotepec","GADM2","3.6","MX","Travel","0.4416471388359858","19.3883898116358","-99.48931253147663","2026-01-12"
"MEX.15.69_1","Otzolotepec","GADM2","3.6","MX","Home Services","0.3295828739130582","19.3883898116358","-99.48931253147663","2026-01-12"
"MEX.13.72_1","Tlanchinol","GADM2","3.6","MX","Home Services","0.40071145847806927","21.070723253875396","-98.62276386306007","2026-01-12"
"MEX.13.72_1","Tlanchinol","GADM2","3.6","MX","Professional Services","0.3957397639234775","21.070723253875396","-98.62276386306007","2026-01-12"
"MEX.13.72_1","Tlanchinol","GADM2","3.6","MX","All","0.2871551325820149","21.070723253875396","-98.62276386306007","2026-01-12"
"MEX.13.72_1","Tlanchinol","GADM2","3.6","MX","Retail","0.3975762100489259","21.070723253875396","-98.62276386306007","2026-01-12"
"MEX.16.2_1","Aguililla","GADM2","3.6","MX","All","0.281679067540355","18.76861377662006","-102.73287682748888","2026-01-12"
"MEX.16.95_1","Tocumbo","GADM2","3.6","MX","All","0.41661713183900023","19.633831500799673","-102.62210936968307","2026-01-12"
"MEX.30.9_1","Altotonga","GADM2","3.6","MX","All","0.39474699622562665","19.82107644718787","-97.01791958694022","2026-01-12"
"MEX.30.9_1","Altotonga","GADM2","3.6","MX","Home Services","0.4577105144628608","19.82107644718787","-97.01791958694022","2026-01-12"
"MEX.30.9_1","Altotonga","GADM2","3.6","MX","Local Events","0.583474347321002","19.82107644718787","-97.01791958694022","2026-01-12"
"MEX.30.9_1","Altotonga","GADM2","3.6","MX","Retail","0.31774551646245974","19.82107644718787","-97.01791958694022","2026-01-12"
"MEX.30.9_1","Altotonga","GADM2","3.6","MX","Grocery & Convenience Stores","0.2612422254654209","19.82107644718787","-97.01791958694022","2026-01-12"
"MEX.30.9_1","Altotonga","GADM2","3.6","MX","Restaurants","0.4892538154798472","19.82107644718787","-97.01791958694022","2026-01-12"
"MEX.30.9_1","Altotonga","GADM2","3.6","MX","Public Good","0.42362796921373064","19.82107644718787","-97.01791958694022","2026-01-12"
"MEX.30.9_1","Altotonga","GADM2","3.6","MX","Lifestyle Services","0.6097985796780971","19.82107644718787","-97.01791958694022","2026-01-12"
"MEX.30.9_1","Altotonga","GADM2","3.6","MX","Professional Services","0.6997520305746665","19.82107644718787","-97.01791958694022","2026-01-12"
"MEX.30.9_1","Altotonga","GADM2","3.6","MX","Business & Utility Services","0.22302939150981646","19.82107644718787","-97.01791958694022","2026-01-12"
"MEX.15.114_1","Villa Guerrero","GADM2","3.6","MX","Local Events","0.545212599735797","18.906900704457748","-99.67169146815102","2026-01-12"
"MEX.15.114_1","Villa Guerrero","GADM2","3.6","MX","Business & Utility Services","0.4571165611767312","18.906900704457748","-99.67169146815102","2026-01-12"
"MEX.15.114_1","Villa Guerrero","GADM2","3.6","MX","Public Good","0.5463258699639165","18.906900704457748","-99.67169146815102","2026-01-12"
"MEX.15.114_1","Villa Guerrero","GADM2","3.6","MX","Travel","0.3071403827515295","18.906900704457748","-99.67169146815102","2026-01-12"
"MEX.15.114_1","Villa Guerrero","GADM2","3.6","MX","Grocery & Convenience Stores","0.4781005091853809","18.906900704457748","-99.67169146815102","2026-01-12"
"MEX.15.114_1","Villa Guerrero","GADM2","3.6","MX","Home Services","0.5592418027236354","18.906900704457748","-99.67169146815102","2026-01-12"
"MEX.15.114_1","Villa Guerrero","GADM2","3.6","MX","Professional Services","0.5485661641774954","18.906900704457748","-99.67169146815102","2026-01-12"
"MEX.15.114_1","Villa Guerrero","GADM2","3.6","MX","Lifestyle Services","0.3567408281712724","18.906900704457748","-99.67169146815102","2026-01-12"
"MEX.15.114_1","Villa Guerrero","GADM2","3.6","MX","Retail","0.7147843069003882","18.906900704457748","-99.67169146815102","2026-01-12"
"MEX.15.114_1","Villa Guerrero","GADM2","3.6","MX","All","0.5221129075020182","18.906900704457748","-99.67169146815102","2026-01-12"
"MEX.15.114_1","Villa Guerrero","GADM2","3.6","MX","Restaurants","0.4135916244903549","18.906900704457748","-99.67169146815102","2026-01-12"
"MEX.11.35_1","Santa Cruz de Juventino Rosas","GADM2","3.6","MX","Restaurants","0.2507795907213212","20.67833610058373","-101.03188777565691","2026-01-12"
"MEX.11.35_1","Santa Cruz de Juventino Rosas","GADM2","3.6","MX","Grocery & Convenience Stores","0.615447101054305","20.67833610058373","-101.03188777565691","2026-01-12"
"MEX.11.35_1","Santa Cruz de Juventino Rosas","GADM2","3.6","MX","Retail","0.15350537874129383","20.67833610058373","-101.03188777565691","2026-01-12"
"MEX.11.35_1","Santa Cruz de Juventino Rosas","GADM2","3.6","MX","Lifestyle Services","0.20679285128020083","20.67833610058373","-101.03188777565691","2026-01-12"
"MEX.11.35_1","Santa Cruz de Juventino Rosas","GADM2","3.6","MX","Professional Services","0.5925153713797698","20.67833610058373","-101.03188777565691","2026-01-12"
"MEX.11.35_1","Santa Cruz de Juventino Rosas","GADM2","3.6","MX","Home Services","0.635903192113952","20.67833610058373","-101.03188777565691","2026-01-12"
"MEX.11.35_1","Santa Cruz de Juventino Rosas","GADM2","3.6","MX","Business & Utility Services","0.4467078124482016","20.67833610058373","-101.03188777565691","2026-01-12"
"MEX.11.35_1","Santa Cruz de Juventino Rosas","GADM2","3.6","MX","Public Good","0.41706344125266526","20.67833610058373","-101.03188777565691","2026-01-12"
"MEX.11.35_1","Santa Cruz de Juventino Rosas","GADM2","3.6","MX","All","0.23328512908971163","20.67833610058373","-101.03188777565691","2026-01-12"
"MEX.15.76_1","San Martín de las Piráámides","GADM2","3.6","MX","Restaurants","0.4856487824321264","19.63798463442176","-98.82440114871784","2026-01-12"
"MEX.15.76_1","San Martín de las Piráámides","GADM2","3.6","MX","Home Services","0.5134075363609832","19.63798463442176","-98.82440114871784","2026-01-12"
"MEX.15.76_1","San Martín de las Piráámides","GADM2","3.6","MX","Retail","0.5552480844985885","19.63798463442176","-98.82440114871784","2026-01-12"
"MEX.15.76_1","San Martín de las Piráámides","GADM2","3.6","MX","Public Good","0.6276689807136806","19.63798463442176","-98.82440114871784","2026-01-12"
"MEX.15.76_1","San Martín de las Piráámides","GADM2","3.6","MX","Travel","0.4959166876037894","19.63798463442176","-98.82440114871784","2026-01-12"
"MEX.15.76_1","San Martín de las Piráámides","GADM2","3.6","MX","Professional Services","0.5531574242696787","19.63798463442176","-98.82440114871784","2026-01-12"
"MEX.15.76_1","San Martín de las Piráámides","GADM2","3.6","MX","Lifestyle Services","0.2353630919456721","19.63798463442176","-98.82440114871784","2026-01-12"
"MEX.15.76_1","San Martín de las Piráámides","GADM2","3.6","MX","All","0.44598469078026326","19.63798463442176","-98.82440114871784","2026-01-12"
"MEX.15.76_1","San Martín de las Piráámides","GADM2","3.6","MX","Grocery & Convenience Stores","0.44611041417598696","19.63798463442176","-98.82440114871784","2026-01-12"
"MEX.15.76_1","San Martín de las Piráámides","GADM2","3.6","MX","Local Events","0.3477387452584518","19.63798463442176","-98.82440114871784","2026-01-12"
"MEX.15.76_1","San Martín de las Piráámides","GADM2","3.6","MX","Business & Utility Services","0.5620258164333286","19.63798463442176","-98.82440114871784","2026-01-12"
"MEX.24.32_1","San Vicente Tancuayalab","GADM2","3.6","MX","Restaurants","0.5582345755858531","21.809241543414217","-98.61230275722143","2026-01-12"
"MEX.24.32_1","San Vicente Tancuayalab","GADM2","3.6","MX","All","0.23978021454031712","21.809241543414217","-98.61230275722143","2026-01-12"
"MEX.16.41_1","Irimbo","GADM2","3.6","MX","Retail","0.6113164168913269","19.70150065659153","-100.46463265982347","2026-01-12"
"MEX.16.41_1","Irimbo","GADM2","3.6","MX","All","0.37277615628806726","19.70150065659153","-100.46463265982347","2026-01-12"
"MEX.16.41_1","Irimbo","GADM2","3.6","MX","Restaurants","0.3321605101063762","19.70150065659153","-100.46463265982347","2026-01-12"
"MEX.21.122_1","San Gabriel Chilac","GADM2","3.6","MX","Home Services","0.5302788466218507","18.355901739378492","-97.28452949660833","2026-01-12"
"MEX.21.122_1","San Gabriel Chilac","GADM2","3.6","MX","All","0.3524896227185899","18.355901739378492","-97.28452949660833","2026-01-12"
"MEX.21.122_1","San Gabriel Chilac","GADM2","3.6","MX","Local Events","0.3047432339459274","18.355901739378492","-97.28452949660833","2026-01-12"
"MEX.21.122_1","San Gabriel Chilac","GADM2","3.6","MX","Grocery & Convenience Stores","0.45856122401516536","18.355901739378492","-97.28452949660833","2026-01-12"
"MEX.21.122_1","San Gabriel Chilac","GADM2","3.6","MX","Lifestyle Services","0.3739362506522907","18.355901739378492","-97.28452949660833","2026-01-12"
"MEX.21.122_1","San Gabriel Chilac","GADM2","3.6","MX","Restaurants","0.31392723193651045","18.355901739378492","-97.28452949660833","2026-01-12"
"MEX.21.122_1","San Gabriel Chilac","GADM2","3.6","MX","Public Good","0.30444493957173846","18.355901739378492","-97.28452949660833","2026-01-12"
"MEX.21.122_1","San Gabriel Chilac","GADM2","3.6","MX","Business & Utility Services","0.44229900581602866","18.355901739378492","-97.28452949660833","2026-01-12"
"MEX.21.122_1","San Gabriel Chilac","GADM2","3.6","MX","Professional Services","0.5336886445628163","18.355901739378492","-97.28452949660833","2026-01-12"
"MEX.21.122_1","San Gabriel Chilac","GADM2","3.6","MX","Retail","0.40826910596919114","18.355901739378492","-97.28452949660833","2026-01-12"
"MEX.30.53_1","Cosamaloapan","GADM2","3.6","MX","Local Events","0.36549674653950853","18.34946709432529","-96.05673850857077","2026-01-12"
"MEX.30.53_1","Cosamaloapan","GADM2","3.6","MX","Home Services","0.5428995099880483","18.34946709432529","-96.05673850857077","2026-01-12"
"MEX.30.53_1","Cosamaloapan","GADM2","3.6","MX","Professional Services","0.5398986072803215","18.34946709432529","-96.05673850857077","2026-01-12"
"MEX.30.53_1","Cosamaloapan","GADM2","3.6","MX","Lifestyle Services","0.3203599226826178","18.34946709432529","-96.05673850857077","2026-01-12"
"MEX.30.53_1","Cosamaloapan","GADM2","3.6","MX","All","0.47925279871887305","18.34946709432529","-96.05673850857077","2026-01-12"
"MEX.30.53_1","Cosamaloapan","GADM2","3.6","MX","Retail","0.6257204994976269","18.34946709432529","-96.05673850857077","2026-01-12"
"MEX.30.53_1","Cosamaloapan","GADM2","3.6","MX","Business & Utility Services","0.2667032031898605","18.34946709432529","-96.05673850857077","2026-01-12"
"MEX.30.53_1","Cosamaloapan","GADM2","3.6","MX","Grocery & Convenience Stores","0.4077313957532054","18.34946709432529","-96.05673850857077","2026-01-12"
"MEX.30.53_1","Cosamaloapan","GADM2","3.6","MX","Public Good","0.1814330061148465","18.34946709432529","-96.05673850857077","2026-01-12"
"MEX.30.53_1","Cosamaloapan","GADM2","3.6","MX","Restaurants","0.44288724582474936","18.34946709432529","-96.05673850857077","2026-01-12"
"MEX.21.155_1","Tenampulco","GADM2","3.6","MX","All","0.2392050030130486","20.21009453001892","-97.36425501306461","2026-01-12"
"MEX.30.190_1","Vega de Alatorre","GADM2","3.6","MX","Restaurants","0.5217563098997667","19.954316959197893","-96.60872962923142","2026-01-12"
"MEX.30.190_1","Vega de Alatorre","GADM2","3.6","MX","Professional Services","0.47411764231639847","19.954316959197893","-96.60872962923142","2026-01-12"
"MEX.30.190_1","Vega de Alatorre","GADM2","3.6","MX","All","0.3091399753188732","19.954316959197893","-96.60872962923142","2026-01-12"
"MEX.30.190_1","Vega de Alatorre","GADM2","3.6","MX","Retail","0.5137528978458814","19.954316959197893","-96.60872962923142","2026-01-12"
"MEX.11.7_1","Celaya","GADM2","3.6","MX","Manufacturing","0.5541446970556879","20.524893133069625","-100.80924610147794","2026-01-12"
"MEX.11.7_1","Celaya","GADM2","3.6","MX","Professional Services","0.5585320600988573","20.524893133069625","-100.80924610147794","2026-01-12"
"MEX.11.7_1","Celaya","GADM2","3.6","MX","Business & Utility Services","0.5568586647288701","20.524893133069625","-100.80924610147794","2026-01-12"
"MEX.11.7_1","Celaya","GADM2","3.6","MX","Travel","0.2746175829734904","20.524893133069625","-100.80924610147794","2026-01-12"
"MEX.11.7_1","Celaya","GADM2","3.6","MX","","0.4517116862515774","20.524893133069625","-100.80924610147794","2026-01-12"
"MEX.11.7_1","Celaya","GADM2","3.6","MX","Home Services","0.4753374021811157","20.524893133069625","-100.80924610147794","2026-01-12"
"MEX.11.7_1","Celaya","GADM2","3.6","MX","Lifestyle Services","0.4541398833097838","20.524893133069625","-100.80924610147794","2026-01-12"
"MEX.11.7_1","Celaya","GADM2","3.6","MX","Restaurants","0.35923072417026586","20.524893133069625","-100.80924610147794","2026-01-12"
"MEX.11.7_1","Celaya","GADM2","3.6","MX","Local Events","0.6012088025329874","20.524893133069625","-100.80924610147794","2026-01-12"
"MEX.11.7_1","Celaya","GADM2","3.6","MX","Grocery & Convenience Stores","0.2934787396244268","20.524893133069625","-100.80924610147794","2026-01-12"
"MEX.11.7_1","Celaya","GADM2","3.6","MX","All","0.4595161878167145","20.524893133069625","-100.80924610147794","2026-01-12"
"MEX.11.7_1","Celaya","GADM2","3.6","MX","Retail","0.3416147439301973","20.524893133069625","-100.80924610147794","2026-01-12"
"MEX.11.7_1","Celaya","GADM2","3.6","MX","Public Good","0.3746259003321872","20.524893133069625","-100.80924610147794","2026-01-12"
"MEX.24.47_1","Venado","GADM2","3.6","MX","Retail","0.5190043413886488","22.91526337529124","-101.13301316705427","2026-01-12"
"MEX.24.47_1","Venado","GADM2","3.6","MX","All","0.3346499151735575","22.91526337529124","-101.13301316705427","2026-01-12"
"MEX.13.6_1","Alfajayucan","GADM2","3.6","MX","Restaurants","0.41968520617556954","20.405329199065427","-99.41730008178723","2026-01-12"
"MEX.13.6_1","Alfajayucan","GADM2","3.6","MX","Professional Services","0.3935969175630665","20.405329199065427","-99.41730008178723","2026-01-12"
"MEX.13.6_1","Alfajayucan","GADM2","3.6","MX","All","0.33764372402024173","20.405329199065427","-99.41730008178723","2026-01-12"
"MEX.13.6_1","Alfajayucan","GADM2","3.6","MX","Retail","0.5594470409845892","20.405329199065427","-99.41730008178723","2026-01-12"
"MEX.16.5_1","Angangueo","GADM2","3.6","MX","All","0.6644366874805767","19.634228437779644","-100.28961372570171","2026-01-12"
"MEX.30.191_1","Veracruz","GADM2","3.6","MX","All","0.45766968380440204","19.206676436828946","-96.21156075445728","2026-01-12"
"MEX.30.191_1","Veracruz","GADM2","3.6","MX","Manufacturing","0.25408512024422303","19.206676436828946","-96.21156075445728","2026-01-12"
"MEX.30.191_1","Veracruz","GADM2","3.6","MX","Retail","0.4335334449076453","19.206676436828946","-96.21156075445728","2026-01-12"
"MEX.30.191_1","Veracruz","GADM2","3.6","MX","Home Services","0.522250511652712","19.206676436828946","-96.21156075445728","2026-01-12"
"MEX.30.191_1","Veracruz","GADM2","3.6","MX","Restaurants","0.4164969968228972","19.206676436828946","-96.21156075445728","2026-01-12"
"MEX.30.191_1","Veracruz","GADM2","3.6","MX","Lifestyle Services","0.3130306208655395","19.206676436828946","-96.21156075445728","2026-01-12"
"MEX.30.191_1","Veracruz","GADM2","3.6","MX","Local Events","0.4602169376466154","19.206676436828946","-96.21156075445728","2026-01-12"
"MEX.30.191_1","Veracruz","GADM2","3.6","MX","Grocery & Convenience Stores","0.45267970273769853","19.206676436828946","-96.21156075445728","2026-01-12"
"MEX.30.191_1","Veracruz","GADM2","3.6","MX","Professional Services","0.48883443028883466","19.206676436828946","-96.21156075445728","2026-01-12"
"MEX.30.191_1","Veracruz","GADM2","3.6","MX","Travel","0.4483088891787732","19.206676436828946","-96.21156075445728","2026-01-12"
"MEX.30.191_1","Veracruz","GADM2","3.6","MX","Business & Utility Services","0.5773076802944423","19.206676436828946","-96.21156075445728","2026-01-12"
"MEX.30.191_1","Veracruz","GADM2","3.6","MX","","0.44768084458606516","19.206676436828946","-96.21156075445728","2026-01-12"
"MEX.30.191_1","Veracruz","GADM2","3.6","MX","Public Good","0.3929766591127008","19.206676436828946","-96.21156075445728","2026-01-12"
"MEX.21.9_1","Ahuehuetitla","GADM2","3.6","MX","Lifestyle Services","0.4862774641915976","18.219732795407147","-98.09649319574834","2026-01-12"
"MEX.21.9_1","Ahuehuetitla","GADM2","3.6","MX","Grocery & Convenience Stores","0.7159309342613095","18.219732795407147","-98.09649319574834","2026-01-12"
"MEX.21.9_1","Ahuehuetitla","GADM2","3.6","MX","Public Good","0.6056640803843282","18.219732795407147","-98.09649319574834","2026-01-12"
"MEX.21.9_1","Ahuehuetitla","GADM2","3.6","MX","All","0.5265453473721639","18.219732795407147","-98.09649319574834","2026-01-12"
"MEX.21.9_1","Ahuehuetitla","GADM2","3.6","MX","Retail","0.18834833142589621","18.219732795407147","-98.09649319574834","2026-01-12"
"MEX.21.9_1","Ahuehuetitla","GADM2","3.6","MX","Business & Utility Services","0.42556147524416926","18.219732795407147","-98.09649319574834","2026-01-12"
"MEX.21.9_1","Ahuehuetitla","GADM2","3.6","MX","Restaurants","0.4099117276638901","18.219732795407147","-98.09649319574834","2026-01-12"
"MEX.21.9_1","Ahuehuetitla","GADM2","3.6","MX","Home Services","0.7560402656121068","18.219732795407147","-98.09649319574834","2026-01-12"
"MEX.21.9_1","Ahuehuetitla","GADM2","3.6","MX","Professional Services","0.6461446343831977","18.219732795407147","-98.09649319574834","2026-01-12"
"MEX.30.193_1","Xalapa","GADM2","3.6","MX","All","0.5614600081755509","19.567183622154367","-96.82232373768139","2026-01-12"
"MEX.30.193_1","Xalapa","GADM2","3.6","MX","Retail","0.46440399728578496","19.567183622154367","-96.82232373768139","2026-01-12"
"MEX.30.193_1","Xalapa","GADM2","3.6","MX","Professional Services","0.5948412055370811","19.567183622154367","-96.82232373768139","2026-01-12"
"MEX.22.15_1","San Joaquín","GADM2","3.6","MX","Travel","0.30460162811555974","20.975153423062167","-99.53992890447358","2026-01-12"
"MEX.22.15_1","San Joaquín","GADM2","3.6","MX","All","0.4072339585635299","20.975153423062167","-99.53992890447358","2026-01-12"
"MEX.21.98_1","Molcaxac","GADM2","3.6","MX","All","0.2611871240468536","18.72822903871156","-97.75324126170464","2026-01-12"
"MEX.12.25_1","Cualác","GADM2","3.6","MX","All","0.3844562143660073","17.76574839600215","-98.57551163000225","2026-01-12"
"MEX.12.25_1","Cualác","GADM2","3.6","MX","Retail","0.3084388662157819","17.76574839600215","-98.57551163000225","2026-01-12"
"MEX.12.25_1","Cualác","GADM2","3.6","MX","Professional Services","0.497675337474838","17.76574839600215","-98.57551163000225","2026-01-12"
"MEX.13.69_1","Tlahuelilpan","GADM2","3.6","MX","All","0.38934330984437215","20.169608902040743","-99.16948350136308","2026-01-12"
"MEX.21.120_1","San Felipe Teotlalcingo","GADM2","3.6","MX","Restaurants","0.29340620805684764","19.250588972736548","-98.44456630334798","2026-01-12"
"MEX.21.120_1","San Felipe Teotlalcingo","GADM2","3.6","MX","Retail","0.535648722779168","19.250588972736548","-98.44456630334798","2026-01-12"
"MEX.21.120_1","San Felipe Teotlalcingo","GADM2","3.6","MX","Public Good","0.2856697164333902","19.250588972736548","-98.44456630334798","2026-01-12"
"MEX.21.120_1","San Felipe Teotlalcingo","GADM2","3.6","MX","Home Services","0.5492046186304013","19.250588972736548","-98.44456630334798","2026-01-12"
"MEX.21.120_1","San Felipe Teotlalcingo","GADM2","3.6","MX","Lifestyle Services","0.48315849470890226","19.250588972736548","-98.44456630334798","2026-01-12"
"MEX.21.120_1","San Felipe Teotlalcingo","GADM2","3.6","MX","All","0.5420085932973048","19.250588972736548","-98.44456630334798","2026-01-12"
"MEX.21.120_1","San Felipe Teotlalcingo","GADM2","3.6","MX","Professional Services","0.4677663736711296","19.250588972736548","-98.44456630334798","2026-01-12"
"MEX.15.44_1","Ixtlahuaca","GADM2","3.6","MX","Restaurants","0.30855457092071664","19.580933598605984","-99.77731867518777","2026-01-12"
"MEX.15.44_1","Ixtlahuaca","GADM2","3.6","MX","Travel","0.35625261133380764","19.580933598605984","-99.77731867518777","2026-01-12"
"MEX.15.44_1","Ixtlahuaca","GADM2","3.6","MX","Public Good","0.39483209769839334","19.580933598605984","-99.77731867518777","2026-01-12"
"MEX.15.44_1","Ixtlahuaca","GADM2","3.6","MX","Home Services","0.45290640268414417","19.580933598605984","-99.77731867518777","2026-01-12"
"MEX.15.44_1","Ixtlahuaca","GADM2","3.6","MX","Local Events","0.3730031549929297","19.580933598605984","-99.77731867518777","2026-01-12"
"MEX.15.44_1","Ixtlahuaca","GADM2","3.6","MX","Professional Services","0.48190426472062675","19.580933598605984","-99.77731867518777","2026-01-12"
"MEX.15.44_1","Ixtlahuaca","GADM2","3.6","MX","All","0.4293175452994973","19.580933598605984","-99.77731867518777","2026-01-12"
"MEX.15.44_1","Ixtlahuaca","GADM2","3.6","MX","Retail","0.38888938798995465","19.580933598605984","-99.77731867518777","2026-01-12"
"MEX.15.44_1","Ixtlahuaca","GADM2","3.6","MX","Business & Utility Services","0.6533883459827878","19.580933598605984","-99.77731867518777","2026-01-12"
"MEX.15.44_1","Ixtlahuaca","GADM2","3.6","MX","Grocery & Convenience Stores","0.5832247965227116","19.580933598605984","-99.77731867518777","2026-01-12"
"MEX.15.44_1","Ixtlahuaca","GADM2","3.6","MX","Lifestyle Services","0.4648354245413585","19.580933598605984","-99.77731867518777","2026-01-12"
"MEX.17.18_1","Temixco","GADM2","3.6","MX","Grocery & Convenience Stores","0.2788446250921868","18.828484722023248","-99.21392125650434","2026-01-12"
"MEX.17.18_1","Temixco","GADM2","3.6","MX","Travel","0.6103163170619978","18.828484722023248","-99.21392125650434","2026-01-12"
"MEX.17.18_1","Temixco","GADM2","3.6","MX","Restaurants","0.33397939985319386","18.828484722023248","-99.21392125650434","2026-01-12"
"MEX.17.18_1","Temixco","GADM2","3.6","MX","Local Events","0.5008486519066165","18.828484722023248","-99.21392125650434","2026-01-12"
"MEX.17.18_1","Temixco","GADM2","3.6","MX","Home Services","0.5465793325555559","18.828484722023248","-99.21392125650434","2026-01-12"
"MEX.17.18_1","Temixco","GADM2","3.6","MX","Business & Utility Services","0.35591502300309985","18.828484722023248","-99.21392125650434","2026-01-12"
"MEX.17.18_1","Temixco","GADM2","3.6","MX","Public Good","0.3391114482454559","18.828484722023248","-99.21392125650434","2026-01-12"
"MEX.17.18_1","Temixco","GADM2","3.6","MX","All","0.3127109934002173","18.828484722023248","-99.21392125650434","2026-01-12"
"MEX.17.18_1","Temixco","GADM2","3.6","MX","Professional Services","0.3823518856742188","18.828484722023248","-99.21392125650434","2026-01-12"
"MEX.17.18_1","Temixco","GADM2","3.6","MX","Lifestyle Services","0.27749593952315915","18.828484722023248","-99.21392125650434","2026-01-12"
"MEX.17.18_1","Temixco","GADM2","3.6","MX","","0.27919235048671454","18.828484722023248","-99.21392125650434","2026-01-12"
"MEX.17.18_1","Temixco","GADM2","3.6","MX","Retail","0.35135160055990816","18.828484722023248","-99.21392125650434","2026-01-12"
"MEX.22.9_1","Jalpan de Serra","GADM2","3.6","MX","Home Services","0.33602656590060853","21.328715578106006","-99.40024274550757","2026-01-12"
"MEX.22.9_1","Jalpan de Serra","GADM2","3.6","MX","Travel","0.3600417879079276","21.328715578106006","-99.40024274550757","2026-01-12"
"MEX.22.9_1","Jalpan de Serra","GADM2","3.6","MX","Restaurants","0.17223174670385935","21.328715578106006","-99.40024274550757","2026-01-12"
"MEX.22.9_1","Jalpan de Serra","GADM2","3.6","MX","Local Events","0.2512719611010957","21.328715578106006","-99.40024274550757","2026-01-12"
"MEX.22.9_1","Jalpan de Serra","GADM2","3.6","MX","Professional Services","0.49759275967555416","21.328715578106006","-99.40024274550757","2026-01-12"
"MEX.22.9_1","Jalpan de Serra","GADM2","3.6","MX","Lifestyle Services","0.6046501041728709","21.328715578106006","-99.40024274550757","2026-01-12"
"MEX.22.9_1","Jalpan de Serra","GADM2","3.6","MX","Business & Utility Services","0.5134638961546922","21.328715578106006","-99.40024274550757","2026-01-12"
"MEX.22.9_1","Jalpan de Serra","GADM2","3.6","MX","Grocery & Convenience Stores","0.5824566529301981","21.328715578106006","-99.40024274550757","2026-01-12"
"MEX.22.9_1","Jalpan de Serra","GADM2","3.6","MX","All","0.32347108465559016","21.328715578106006","-99.40024274550757","2026-01-12"
"MEX.22.9_1","Jalpan de Serra","GADM2","3.6","MX","Retail","0.43925438157489033","21.328715578106006","-99.40024274550757","2026-01-12"
"MEX.15.40_1","Isidro Fabela","GADM2","3.6","MX","Retail","0.4310628205695834","19.507619471761547","-99.37455534230207","2026-01-12"
"MEX.15.40_1","Isidro Fabela","GADM2","3.6","MX","Business & Utility Services","0.6205547692638952","19.507619471761547","-99.37455534230207","2026-01-12"
"MEX.15.40_1","Isidro Fabela","GADM2","3.6","MX","All","0.6303031350480163","19.507619471761547","-99.37455534230207","2026-01-12"
"MEX.15.40_1","Isidro Fabela","GADM2","3.6","MX","Restaurants","0.6675856399769121","19.507619471761547","-99.37455534230207","2026-01-12"
"MEX.21.183_1","Tlatlauquitepec","GADM2","3.6","MX","Professional Services","0.44672223918596904","19.893293246828552","-97.43276545007787","2026-01-12"
"MEX.21.183_1","Tlatlauquitepec","GADM2","3.6","MX","Business & Utility Services","0.4264993726021498","19.893293246828552","-97.43276545007787","2026-01-12"
"MEX.21.183_1","Tlatlauquitepec","GADM2","3.6","MX","Lifestyle Services","0.2695484927046841","19.893293246828552","-97.43276545007787","2026-01-12"
"MEX.21.183_1","Tlatlauquitepec","GADM2","3.6","MX","Home Services","0.6183116230011085","19.893293246828552","-97.43276545007787","2026-01-12"
"MEX.21.183_1","Tlatlauquitepec","GADM2","3.6","MX","Retail","0.2913999540801785","19.893293246828552","-97.43276545007787","2026-01-12"
"MEX.21.183_1","Tlatlauquitepec","GADM2","3.6","MX","Restaurants","0.254106172006367","19.893293246828552","-97.43276545007787","2026-01-12"
"MEX.21.183_1","Tlatlauquitepec","GADM2","3.6","MX","Local Events","0.6500041157558837","19.893293246828552","-97.43276545007787","2026-01-12"
"MEX.21.183_1","Tlatlauquitepec","GADM2","3.6","MX","All","0.230071669307144","19.893293246828552","-97.43276545007787","2026-01-12"
"MEX.15.87_1","Temascaltepec","GADM2","3.6","MX","Professional Services","0.3936211466658709","18.999602559176047","-99.96591841090797","2026-01-12"
"MEX.15.87_1","Temascaltepec","GADM2","3.6","MX","Restaurants","0.5802219234790952","18.999602559176047","-99.96591841090797","2026-01-12"
"MEX.15.87_1","Temascaltepec","GADM2","3.6","MX","Local Events","0.5428268622986779","18.999602559176047","-99.96591841090797","2026-01-12"
"MEX.15.87_1","Temascaltepec","GADM2","3.6","MX","Grocery & Convenience Stores","0.40503766217501674","18.999602559176047","-99.96591841090797","2026-01-12"
"MEX.15.87_1","Temascaltepec","GADM2","3.6","MX","Lifestyle Services","0.27956627979862436","18.999602559176047","-99.96591841090797","2026-01-12"
"MEX.15.87_1","Temascaltepec","GADM2","3.6","MX","Retail","0.17599533363568304","18.999602559176047","-99.96591841090797","2026-01-12"
"MEX.15.87_1","Temascaltepec","GADM2","3.6","MX","All","0.27086954428242077","18.999602559176047","-99.96591841090797","2026-01-12"
"MEX.15.87_1","Temascaltepec","GADM2","3.6","MX","Business & Utility Services","0.23371610494084807","18.999602559176047","-99.96591841090797","2026-01-12"
"MEX.15.87_1","Temascaltepec","GADM2","3.6","MX","Home Services","0.308171782954196","18.999602559176047","-99.96591841090797","2026-01-12"
"MEX.15.87_1","Temascaltepec","GADM2","3.6","MX","Public Good","0.4553498413101455","18.999602559176047","-99.96591841090797","2026-01-12"
"MEX.21.154_1","Tehuitzingo","GADM2","3.6","MX","Professional Services","0.36869088727383337","18.39498542957241","-98.1528873293639","2026-01-12"
"MEX.21.154_1","Tehuitzingo","GADM2","3.6","MX","Retail","0.5929661890349032","18.39498542957241","-98.1528873293639","2026-01-12"
"MEX.21.154_1","Tehuitzingo","GADM2","3.6","MX","Restaurants","0.5362803462257452","18.39498542957241","-98.1528873293639","2026-01-12"
"MEX.21.154_1","Tehuitzingo","GADM2","3.6","MX","All","0.6194223628795389","18.39498542957241","-98.1528873293639","2026-01-12"
"MEX.12.7_1","Arcelia","GADM2","3.6","MX","All","0.3168153302938843","18.1985263086232","-100.15131342475607","2026-01-12"
"MEX.30.122_1","Ozuluama","GADM2","3.6","MX","All","0.19027121886005063","21.725710537815154","-97.90095481880606","2026-01-12"
"MEX.21.75_1","Huejotzingo","GADM2","3.6","MX","Restaurants","0.5035296874301846","19.218855017810537","-98.33541687599889","2026-01-12"
"MEX.21.75_1","Huejotzingo","GADM2","3.6","MX","All","0.2582044840131076","19.218855017810537","-98.33541687599889","2026-01-12"
"MEX.21.75_1","Huejotzingo","GADM2","3.6","MX","Business & Utility Services","0.4818357893707457","19.218855017810537","-98.33541687599889","2026-01-12"
"MEX.21.75_1","Huejotzingo","GADM2","3.6","MX","Grocery & Convenience Stores","0.3499664079966624","19.218855017810537","-98.33541687599889","2026-01-12"
"MEX.21.75_1","Huejotzingo","GADM2","3.6","MX","Retail","0.31198611848594393","19.218855017810537","-98.33541687599889","2026-01-12"
"MEX.21.75_1","Huejotzingo","GADM2","3.6","MX","Public Good","0.3926039447326636","19.218855017810537","-98.33541687599889","2026-01-12"
"MEX.21.75_1","Huejotzingo","GADM2","3.6","MX","Lifestyle Services","0.4027031631976547","19.218855017810537","-98.33541687599889","2026-01-12"
"MEX.21.75_1","Huejotzingo","GADM2","3.6","MX","Home Services","0.4261389576141888","19.218855017810537","-98.33541687599889","2026-01-12"
"MEX.21.75_1","Huejotzingo","GADM2","3.6","MX","Professional Services","0.24706646897091297","19.218855017810537","-98.33541687599889","2026-01-12"
"MEX.28.13_1","González","GADM2","3.6","MX","All","0.3406092230694396","22.815023338683456","-98.53691380147234","2026-01-12"
"MEX.9.11_1","Miguel Hidalgo","GADM2","3.6","MX","Restaurants","0.25393826052170043","19.382105542013292","-99.17091733490716","2026-01-12"
"MEX.9.11_1","Miguel Hidalgo","GADM2","3.6","MX","Retail","0.354988000653805","19.382105542013292","-99.17091733490716","2026-01-12"
"MEX.9.11_1","Miguel Hidalgo","GADM2","3.6","MX","Professional Services","0.4641506396136292","19.382105542013292","-99.17091733490716","2026-01-12"
"MEX.9.11_1","Miguel Hidalgo","GADM2","3.6","MX","Public Good","0.26356003469740175","19.382105542013292","-99.17091733490716","2026-01-12"
"MEX.9.11_1","Miguel Hidalgo","GADM2","3.6","MX","","0.2603868906876814","19.382105542013292","-99.17091733490716","2026-01-12"
"MEX.9.11_1","Miguel Hidalgo","GADM2","3.6","MX","All","0.39502751024405364","19.382105542013292","-99.17091733490716","2026-01-12"
"MEX.9.11_1","Miguel Hidalgo","GADM2","3.6","MX","Lifestyle Services","0.2955179060910259","19.382105542013292","-99.17091733490716","2026-01-12"
"MEX.9.11_1","Miguel Hidalgo","GADM2","3.6","MX","Travel","0.36638702084703567","19.382105542013292","-99.17091733490716","2026-01-12"
"MEX.9.11_1","Miguel Hidalgo","GADM2","3.6","MX","Home Services","0.4090897880522714","19.382105542013292","-99.17091733490716","2026-01-12"
"MEX.9.11_1","Miguel Hidalgo","GADM2","3.6","MX","Grocery & Convenience Stores","0.37336907798140195","19.382105542013292","-99.17091733490716","2026-01-12"
"MEX.24.54_1","Villa Hidalgo","GADM2","3.6","MX","Restaurants","0.6067658010851263","22.643530471130617","-100.67608522363295","2026-01-12"
"MEX.24.54_1","Villa Hidalgo","GADM2","3.6","MX","All","0.5635790414048495","22.643530471130617","-100.67608522363295","2026-01-12"
"MEX.21.66_1","Guadalupe Victoria","GADM2","3.6","MX","All","0.2978730810393869","19.361760906765703","-97.31339592188523","2026-01-12"
"MEX.21.66_1","Guadalupe Victoria","GADM2","3.6","MX","Retail","0.25040321182735265","19.361760906765703","-97.31339592188523","2026-01-12"
"MEX.16.85_1","Tangancícuaro","GADM2","3.6","MX","Professional Services","0.4402021820012849","19.849322324432038","-102.25390716719939","2026-01-12"
"MEX.16.85_1","Tangancícuaro","GADM2","3.6","MX","Public Good","0.5175048448168434","19.849322324432038","-102.25390716719939","2026-01-12"
"MEX.16.85_1","Tangancícuaro","GADM2","3.6","MX","Restaurants","0.19108625539196641","19.849322324432038","-102.25390716719939","2026-01-12"
"MEX.16.85_1","Tangancícuaro","GADM2","3.6","MX","Business & Utility Services","0.3677433572121993","19.849322324432038","-102.25390716719939","2026-01-12"
"MEX.16.85_1","Tangancícuaro","GADM2","3.6","MX","Grocery & Convenience Stores","0.3047799456346954","19.849322324432038","-102.25390716719939","2026-01-12"
"MEX.16.85_1","Tangancícuaro","GADM2","3.6","MX","Home Services","0.636510764835027","19.849322324432038","-102.25390716719939","2026-01-12"
"MEX.16.85_1","Tangancícuaro","GADM2","3.6","MX","Retail","0.34336706034181436","19.849322324432038","-102.25390716719939","2026-01-12"
"MEX.16.85_1","Tangancícuaro","GADM2","3.6","MX","Lifestyle Services","0.3621534050555249","19.849322324432038","-102.25390716719939","2026-01-12"
"MEX.16.85_1","Tangancícuaro","GADM2","3.6","MX","All","0.2465243369591184","19.849322324432038","-102.25390716719939","2026-01-12"
"MEX.24.42_1","Tancanhuitz de Santos","GADM2","3.6","MX","All","0.3469013734790569","21.65807987368404","-98.96555404142322","2026-01-12"
"MEX.21.6_1","Ahuacatlán","GADM2","3.6","MX","All","0.5451343520135252","20.06055107375383","-97.80797932117443","2026-01-12"
"MEX.13.81_1","Zacualtipán de Angeles","GADM2","3.6","MX","All","0.500293717152718","20.683354862706164","-98.54381158533555","2026-01-12"
"MEX.21.90_1","Juan C. Bonilla","GADM2","3.6","MX","Professional Services","0.5058379810052022","19.142547629406806","-98.26345976469395","2026-01-12"
"MEX.21.90_1","Juan C. Bonilla","GADM2","3.6","MX","Business & Utility Services","0.5151798054121476","19.142547629406806","-98.26345976469395","2026-01-12"
"MEX.21.90_1","Juan C. Bonilla","GADM2","3.6","MX","All","0.29512842906122183","19.142547629406806","-98.26345976469395","2026-01-12"
"MEX.21.90_1","Juan C. Bonilla","GADM2","3.6","MX","Restaurants","0.5157031566714446","19.142547629406806","-98.26345976469395","2026-01-12"
"MEX.21.90_1","Juan C. Bonilla","GADM2","3.6","MX","Grocery & Convenience Stores","0.35710728388641716","19.142547629406806","-98.26345976469395","2026-01-12"
"MEX.21.90_1","Juan C. Bonilla","GADM2","3.6","MX","Lifestyle Services","0.2486769672452414","19.142547629406806","-98.26345976469395","2026-01-12"
"MEX.21.90_1","Juan C. Bonilla","GADM2","3.6","MX","Home Services","0.23038288520512204","19.142547629406806","-98.26345976469395","2026-01-12"
"MEX.21.90_1","Juan C. Bonilla","GADM2","3.6","MX","Retail","0.33243942249448144","19.142547629406806","-98.26345976469395","2026-01-12"
"MEX.24.27_1","San Antonio","GADM2","3.6","MX","All","0.43086629515492164","21.661073826877047","-98.85658865061596","2026-01-12"
"MEX.30.151_1","Tampico Alto","GADM2","3.6","MX","Restaurants","0.28843121764589846","21.83468426842216","-97.7070434182608","2026-01-12"
"MEX.30.151_1","Tampico Alto","GADM2","3.6","MX","All","0.4615412786602781","21.83468426842216","-97.7070434182608","2026-01-12"
"MEX.30.183_1","Tlilapan","GADM2","3.6","MX","All","0.3352846301872641","18.7963849962768","-97.02467032016142","2026-01-12"
"MEX.16.16_1","Chavinda","GADM2","3.6","MX","All","0.39229117729675334","20.023295004757177","-102.44438193088591","2026-01-12"
"MEX.16.16_1","Chavinda","GADM2","3.6","MX","Retail","0.47090152975375194","20.023295004757177","-102.44438193088591","2026-01-12"
"MEX.15.120_1","Zumpahuacan","GADM2","3.6","MX","All","0.6206497247551326","18.73270039848995","-99.51589611883442","2026-01-12"
"MEX.30.177_1","Tlajocalpan","GADM2","3.6","MX","All","0.8563685245223607","18.242405017017433","-95.94254578929271","2026-01-12"
"MEX.20.16_1","Dist. Ocotlan","GADM2","3.6","MX","Local Events","0.11452008657776006","16.833031390191888","-96.72766016767066","2026-01-12"
"MEX.20.16_1","Dist. Ocotlan","GADM2","3.6","MX","All","0.21100565453596817","16.833031390191888","-96.72766016767066","2026-01-12"
"MEX.20.16_1","Dist. Ocotlan","GADM2","3.6","MX","Grocery & Convenience Stores","0.5410139627121323","16.833031390191888","-96.72766016767066","2026-01-12"
"MEX.20.16_1","Dist. Ocotlan","GADM2","3.6","MX","Professional Services","0.2854574807626141","16.833031390191888","-96.72766016767066","2026-01-12"
"MEX.20.16_1","Dist. Ocotlan","GADM2","3.6","MX","","0.6300467891518359","16.833031390191888","-96.72766016767066","2026-01-12"
"MEX.20.16_1","Dist. Ocotlan","GADM2","3.6","MX","Business & Utility Services","0.5350045306204996","16.833031390191888","-96.72766016767066","2026-01-12"
"MEX.20.16_1","Dist. Ocotlan","GADM2","3.6","MX","Restaurants","0.23732158736941944","16.833031390191888","-96.72766016767066","2026-01-12"
"MEX.20.16_1","Dist. Ocotlan","GADM2","3.6","MX","Lifestyle Services","0.40358010543146133","16.833031390191888","-96.72766016767066","2026-01-12"
"MEX.20.16_1","Dist. Ocotlan","GADM2","3.6","MX","Home Services","0.539336664857382","16.833031390191888","-96.72766016767066","2026-01-12"
"MEX.20.16_1","Dist. Ocotlan","GADM2","3.6","MX","Travel","0.4000162089318696","16.833031390191888","-96.72766016767066","2026-01-12"
"MEX.20.16_1","Dist. Ocotlan","GADM2","3.6","MX","Manufacturing","0.3281029780560316","16.833031390191888","-96.72766016767066","2026-01-12"
"MEX.20.16_1","Dist. Ocotlan","GADM2","3.6","MX","Retail","0.12668197429274394","16.833031390191888","-96.72766016767066","2026-01-12"
"MEX.20.16_1","Dist. Ocotlan","GADM2","3.6","MX","Public Good","0.15816228995349443","16.833031390191888","-96.72766016767066","2026-01-12"
"MEX.21.189_1","Tzicatlacoyan","GADM2","3.6","MX","Retail","0.4231784094315837","18.86012771563222","-97.93501399753426","2026-01-12"
"MEX.21.189_1","Tzicatlacoyan","GADM2","3.6","MX","Business & Utility Services","0.5758271544435057","18.86012771563222","-97.93501399753426","2026-01-12"
"MEX.21.189_1","Tzicatlacoyan","GADM2","3.6","MX","Restaurants","0.42548094427933186","18.86012771563222","-97.93501399753426","2026-01-12"
"MEX.21.189_1","Tzicatlacoyan","GADM2","3.6","MX","Public Good","0.3245312597052235","18.86012771563222","-97.93501399753426","2026-01-12"
"MEX.21.189_1","Tzicatlacoyan","GADM2","3.6","MX","All","0.4317774792898293","18.86012771563222","-97.93501399753426","2026-01-12"
"MEX.21.189_1","Tzicatlacoyan","GADM2","3.6","MX","Home Services","0.5424560700514226","18.86012771563222","-97.93501399753426","2026-01-12"
"MEX.21.189_1","Tzicatlacoyan","GADM2","3.6","MX","Professional Services","0.6391404288113051","18.86012771563222","-97.93501399753426","2026-01-12"
"MEX.21.189_1","Tzicatlacoyan","GADM2","3.6","MX","Grocery & Convenience Stores","0.28662557856225673","18.86012771563222","-97.93501399753426","2026-01-12"
"MEX.21.189_1","Tzicatlacoyan","GADM2","3.6","MX","Lifestyle Services","0.453666246663265","18.86012771563222","-97.93501399753426","2026-01-12"
"MEX.12.33_1","General Heliodoro Castillo","GADM2","3.6","MX","Retail","0.3789157379986587","17.711030112837214","-99.93424580880794","2026-01-12"
"MEX.12.33_1","General Heliodoro Castillo","GADM2","3.6","MX","All","0.278283620709889","17.711030112837214","-99.93424580880794","2026-01-12"
"MEX.30.69_1","Huayacocotla","GADM2","3.6","MX","Restaurants","0.509837829268761","20.535356869649938","-98.4263626602207","2026-01-12"
"MEX.30.69_1","Huayacocotla","GADM2","3.6","MX","All","0.6215580348752471","20.535356869649938","-98.4263626602207","2026-01-12"
"MEX.30.69_1","Huayacocotla","GADM2","3.6","MX","Professional Services","0.6300912830346618","20.535356869649938","-98.4263626602207","2026-01-12"
"MEX.30.69_1","Huayacocotla","GADM2","3.6","MX","Retail","0.5593444970576186","20.535356869649938","-98.4263626602207","2026-01-12"
"MEX.24.39_1","Tampacan","GADM2","3.6","MX","All","0.7068801489238102","21.46139402173022","-98.78139512742392","2026-01-12"
"MEX.11.25_1","Purísima del Rincón","GADM2","3.6","MX","Home Services","0.6069883619400809","20.91016112651816","-101.95627729976883","2026-01-12"
"MEX.11.25_1","Purísima del Rincón","GADM2","3.6","MX","Restaurants","0.3021902823123749","20.91016112651816","-101.95627729976883","2026-01-12"
"MEX.11.25_1","Purísima del Rincón","GADM2","3.6","MX","Lifestyle Services","0.45267204181870885","20.91016112651816","-101.95627729976883","2026-01-12"
"MEX.11.25_1","Purísima del Rincón","GADM2","3.6","MX","Grocery & Convenience Stores","0.6766251502369273","20.91016112651816","-101.95627729976883","2026-01-12"
"MEX.11.25_1","Purísima del Rincón","GADM2","3.6","MX","Retail","0.4044088710676168","20.91016112651816","-101.95627729976883","2026-01-12"
"MEX.11.25_1","Purísima del Rincón","GADM2","3.6","MX","Local Events","0.5028443300949966","20.91016112651816","-101.95627729976883","2026-01-12"
"MEX.11.25_1","Purísima del Rincón","GADM2","3.6","MX","Travel","0.3869174235097544","20.91016112651816","-101.95627729976883","2026-01-12"
"MEX.11.25_1","Purísima del Rincón","GADM2","3.6","MX","Manufacturing","0.6741451814618882","20.91016112651816","-101.95627729976883","2026-01-12"
"MEX.11.25_1","Purísima del Rincón","GADM2","3.6","MX","Public Good","0.23403806857554305","20.91016112651816","-101.95627729976883","2026-01-12"
"MEX.11.25_1","Purísima del Rincón","GADM2","3.6","MX","Professional Services","0.40079624643564277","20.91016112651816","-101.95627729976883","2026-01-12"
"MEX.11.25_1","Purísima del Rincón","GADM2","3.6","MX","All","0.3656485368858014","20.91016112651816","-101.95627729976883","2026-01-12"
"MEX.11.25_1","Purísima del Rincón","GADM2","3.6","MX","Business & Utility Services","0.32035153039325726","20.91016112651816","-101.95627729976883","2026-01-12"
"MEX.13.5_1","Ajacuba","GADM2","3.6","MX","All","0.485843096858237","20.123871458531866","-98.9791710089199","2026-01-12"
"MEX.13.5_1","Ajacuba","GADM2","3.6","MX","Retail","0.5401202874713242","20.123871458531866","-98.9791710089199","2026-01-12"
"MEX.13.5_1","Ajacuba","GADM2","3.6","MX","Home Services","0.395364079531292","20.123871458531866","-98.9791710089199","2026-01-12"
"MEX.13.5_1","Ajacuba","GADM2","3.6","MX","Professional Services","0.5599270020412929","20.123871458531866","-98.9791710089199","2026-01-12"
"MEX.13.5_1","Ajacuba","GADM2","3.6","MX","Local Events","0.46320768129727863","20.123871458531866","-98.9791710089199","2026-01-12"
"MEX.13.5_1","Ajacuba","GADM2","3.6","MX","Lifestyle Services","0.2714960906752411","20.123871458531866","-98.9791710089199","2026-01-12"
"MEX.13.5_1","Ajacuba","GADM2","3.6","MX","Restaurants","0.48400294918889847","20.123871458531866","-98.9791710089199","2026-01-12"
"MEX.13.5_1","Ajacuba","GADM2","3.6","MX","Public Good","0.3428702701279925","20.123871458531866","-98.9791710089199","2026-01-12"
"MEX.13.5_1","Ajacuba","GADM2","3.6","MX","Grocery & Convenience Stores","0.31655712346881987","20.123871458531866","-98.9791710089199","2026-01-12"
"MEX.13.5_1","Ajacuba","GADM2","3.6","MX","Business & Utility Services","0.6025601997162965","20.123871458531866","-98.9791710089199","2026-01-12"
"MEX.24.5_1","Axtla de Terrazas","GADM2","3.6","MX","Home Services","0.5076869530130048","21.455912354083107","-98.91146005420407","2026-01-12"
"MEX.24.5_1","Axtla de Terrazas","GADM2","3.6","MX","Restaurants","0.29072948229484463","21.455912354083107","-98.91146005420407","2026-01-12"
"MEX.24.5_1","Axtla de Terrazas","GADM2","3.6","MX","Lifestyle Services","0.48108023546658085","21.455912354083107","-98.91146005420407","2026-01-12"
"MEX.24.5_1","Axtla de Terrazas","GADM2","3.6","MX","Public Good","0.3061962583205524","21.455912354083107","-98.91146005420407","2026-01-12"
"MEX.24.5_1","Axtla de Terrazas","GADM2","3.6","MX","All","0.3332612542770695","21.455912354083107","-98.91146005420407","2026-01-12"
"MEX.24.5_1","Axtla de Terrazas","GADM2","3.6","MX","Travel","0.23731966009526603","21.455912354083107","-98.91146005420407","2026-01-12"
"MEX.24.5_1","Axtla de Terrazas","GADM2","3.6","MX","Professional Services","0.4585247831508457","21.455912354083107","-98.91146005420407","2026-01-12"
"MEX.24.5_1","Axtla de Terrazas","GADM2","3.6","MX","Retail","0.32688609825331577","21.455912354083107","-98.91146005420407","2026-01-12"
"MEX.12.65_1","Tlacoapa","GADM2","3.6","MX","All","0.40831640634890043","17.23815735626211","-98.66558681706479","2026-01-12"
"MEX.12.22_1","Coyuca de Benítez","GADM2","3.6","MX","Travel","0.40339184639737435","17.14723075923661","-100.02665212515258","2026-01-12"
"MEX.12.22_1","Coyuca de Benítez","GADM2","3.6","MX","Retail","0.259442040461526","17.14723075923661","-100.02665212515258","2026-01-12"
"MEX.12.22_1","Coyuca de Benítez","GADM2","3.6","MX","Public Good","0.7103622940107114","17.14723075923661","-100.02665212515258","2026-01-12"
"MEX.12.22_1","Coyuca de Benítez","GADM2","3.6","MX","Grocery & Convenience Stores","0.6274890863048148","17.14723075923661","-100.02665212515258","2026-01-12"
"MEX.12.22_1","Coyuca de Benítez","GADM2","3.6","MX","Professional Services","0.22864185363268952","17.14723075923661","-100.02665212515258","2026-01-12"
"MEX.12.22_1","Coyuca de Benítez","GADM2","3.6","MX","All","0.26604310316233587","17.14723075923661","-100.02665212515258","2026-01-12"
"MEX.16.89_1","Tepalcatepec","GADM2","3.6","MX","Lifestyle Services","0.5513260603048982","19.065670907290354","-102.87513963425174","2026-01-12"
"MEX.16.89_1","Tepalcatepec","GADM2","3.6","MX","Retail","0.3583142767509645","19.065670907290354","-102.87513963425174","2026-01-12"
"MEX.16.89_1","Tepalcatepec","GADM2","3.6","MX","Home Services","0.5822218569663679","19.065670907290354","-102.87513963425174","2026-01-12"
"MEX.32.24_1","Loreto","GADM2","3.6","MX","Retail","0.3344424460510573","22.263998194596418","-101.98747937208167","2026-01-12"
"MEX.32.24_1","Loreto","GADM2","3.6","MX","Public Good","0.4476519282251976","22.263998194596418","-101.98747937208167","2026-01-12"
"MEX.32.24_1","Loreto","GADM2","3.6","MX","Professional Services","0.56124525025742","22.263998194596418","-101.98747937208167","2026-01-12"
"MEX.32.24_1","Loreto","GADM2","3.6","MX","Grocery & Convenience Stores","0.2793530439180815","22.263998194596418","-101.98747937208167","2026-01-12"
"MEX.32.24_1","Loreto","GADM2","3.6","MX","All","0.34686598475615205","22.263998194596418","-101.98747937208167","2026-01-12"
"MEX.32.24_1","Loreto","GADM2","3.6","MX","Local Events","0.39891976456187744","22.263998194596418","-101.98747937208167","2026-01-12"
"MEX.32.24_1","Loreto","GADM2","3.6","MX","Home Services","0.6457340738951439","22.263998194596418","-101.98747937208167","2026-01-12"
"MEX.32.24_1","Loreto","GADM2","3.6","MX","Lifestyle Services","0.39985829526005034","22.263998194596418","-101.98747937208167","2026-01-12"
"MEX.32.24_1","Loreto","GADM2","3.6","MX","Restaurants","0.4912719010543295","22.263998194596418","-101.98747937208167","2026-01-12"
"MEX.32.24_1","Loreto","GADM2","3.6","MX","Business & Utility Services","0.4597006974921131","22.263998194596418","-101.98747937208167","2026-01-12"
"MEX.14.89_1","Tecalitlán","GADM2","3.6","MX","Grocery & Convenience Stores","0.45195493477063","19.231388719670964","-103.21450947685278","2026-01-12"
"MEX.14.89_1","Tecalitlán","GADM2","3.6","MX","Home Services","0.38345380383260286","19.231388719670964","-103.21450947685278","2026-01-12"
"MEX.14.89_1","Tecalitlán","GADM2","3.6","MX","Restaurants","0.5326901117490828","19.231388719670964","-103.21450947685278","2026-01-12"
"MEX.14.89_1","Tecalitlán","GADM2","3.6","MX","Lifestyle Services","0.45341025274822794","19.231388719670964","-103.21450947685278","2026-01-12"
"MEX.14.89_1","Tecalitlán","GADM2","3.6","MX","Retail","0.19049512881073344","19.231388719670964","-103.21450947685278","2026-01-12"
"MEX.14.89_1","Tecalitlán","GADM2","3.6","MX","All","0.3255410468429979","19.231388719670964","-103.21450947685278","2026-01-12"
"MEX.14.89_1","Tecalitlán","GADM2","3.6","MX","Professional Services","0.5238394305623898","19.231388719670964","-103.21450947685278","2026-01-12"
"MEX.30.152_1","Tancoco","GADM2","3.6","MX","Retail","0.2791551011550411","21.24327211840653","-97.74133391499335","2026-01-12"
"MEX.30.152_1","Tancoco","GADM2","3.6","MX","Restaurants","0.5307835545902072","21.24327211840653","-97.74133391499335","2026-01-12"
"MEX.30.152_1","Tancoco","GADM2","3.6","MX","Professional Services","0.5160023090586254","21.24327211840653","-97.74133391499335","2026-01-12"
"MEX.30.152_1","Tancoco","GADM2","3.6","MX","Home Services","0.4359282456527896","21.24327211840653","-97.74133391499335","2026-01-12"
"MEX.30.152_1","Tancoco","GADM2","3.6","MX","All","0.38420694286276896","21.24327211840653","-97.74133391499335","2026-01-12"
"MEX.30.152_1","Tancoco","GADM2","3.6","MX","Public Good","0.48303104833253824","21.24327211840653","-97.74133391499335","2026-01-12"
"MEX.30.91_1","Juchique de Ferrer","GADM2","3.6","MX","All","0.16685092539391663","19.786186064237537","-96.64701752292905","2026-01-12"
"MEX.16.44_1","Jiménez","GADM2","3.6","MX","All","0.3874237932311035","19.896088297578213","-101.73266409557834","2026-01-12"
"MEX.13.83_1","Zempoala","GADM2","3.6","MX","Public Good","0.38347994552237574","19.89979683568679","-98.61444469559002","2026-01-12"
"MEX.13.83_1","Zempoala","GADM2","3.6","MX","Professional Services","0.40021862318076223","19.89979683568679","-98.61444469559002","2026-01-12"
"MEX.13.83_1","Zempoala","GADM2","3.6","MX","Home Services","0.23657829146756743","19.89979683568679","-98.61444469559002","2026-01-12"
"MEX.13.83_1","Zempoala","GADM2","3.6","MX","All","0.2805050632772235","19.89979683568679","-98.61444469559002","2026-01-12"
"MEX.13.83_1","Zempoala","GADM2","3.6","MX","Restaurants","0.40935338602566","19.89979683568679","-98.61444469559002","2026-01-12"
"MEX.13.83_1","Zempoala","GADM2","3.6","MX","Retail","0.34264236290807204","19.89979683568679","-98.61444469559002","2026-01-12"
"MEX.13.83_1","Zempoala","GADM2","3.6","MX","Lifestyle Services","0.3606439393109534","19.89979683568679","-98.61444469559002","2026-01-12"
"MEX.13.83_1","Zempoala","GADM2","3.6","MX","Business & Utility Services","0.4820217424783884","19.89979683568679","-98.61444469559002","2026-01-12"
"MEX.13.83_1","Zempoala","GADM2","3.6","MX","Grocery & Convenience Stores","0.47286409464626755","19.89979683568679","-98.61444469559002","2026-01-12"
"MEX.16.27_1","Contepec","GADM2","3.6","MX","Retail","0.21256371559531398","19.956136948810244","-100.20838064838881","2026-01-12"
"MEX.16.27_1","Contepec","GADM2","3.6","MX","All","0.49476939264771247","19.956136948810244","-100.20838064838881","2026-01-12"
"MEX.16.27_1","Contepec","GADM2","3.6","MX","Professional Services","0.5696738886004584","19.956136948810244","-100.20838064838881","2026-01-12"
"MEX.16.100_1","Tzintzuntzan","GADM2","3.6","MX","Restaurants","0.5585236664872374","19.60457552645461","-101.59515751874534","2026-01-12"
"MEX.16.100_1","Tzintzuntzan","GADM2","3.6","MX","Retail","0.3610386306740547","19.60457552645461","-101.59515751874534","2026-01-12"
"MEX.16.100_1","Tzintzuntzan","GADM2","3.6","MX","All","0.3408076016137591","19.60457552645461","-101.59515751874534","2026-01-12"
"MEX.32.19_1","Jalpa","GADM2","3.6","MX","All","0.19279416277626518","21.561260948027073","-103.03181397937477","2026-01-12"
"MEX.32.19_1","Jalpa","GADM2","3.6","MX","Home Services","0.4801328999448976","21.561260948027073","-103.03181397937477","2026-01-12"
"MEX.32.19_1","Jalpa","GADM2","3.6","MX","Retail","0.23888198506621286","21.561260948027073","-103.03181397937477","2026-01-12"
"MEX.32.19_1","Jalpa","GADM2","3.6","MX","Professional Services","0.580951289601012","21.561260948027073","-103.03181397937477","2026-01-12"
"MEX.32.19_1","Jalpa","GADM2","3.6","MX","Business & Utility Services","0.3999273483409142","21.561260948027073","-103.03181397937477","2026-01-12"
"MEX.32.19_1","Jalpa","GADM2","3.6","MX","Grocery & Convenience Stores","0.17211152388565246","21.561260948027073","-103.03181397937477","2026-01-12"
"MEX.32.19_1","Jalpa","GADM2","3.6","MX","Restaurants","0.45898642007296087","21.561260948027073","-103.03181397937477","2026-01-12"
"MEX.32.19_1","Jalpa","GADM2","3.6","MX","Lifestyle Services","0.4058225648041808","21.561260948027073","-103.03181397937477","2026-01-12"
"MEX.16.66_1","Pajacuarán","GADM2","3.6","MX","Grocery & Convenience Stores","0.4180165005483384","20.132233937030513","-102.53992403653291","2026-01-12"
"MEX.16.66_1","Pajacuarán","GADM2","3.6","MX","Restaurants","0.36075873436235095","20.132233937030513","-102.53992403653291","2026-01-12"
"MEX.16.66_1","Pajacuarán","GADM2","3.6","MX","Home Services","0.6122551335111348","20.132233937030513","-102.53992403653291","2026-01-12"
"MEX.16.66_1","Pajacuarán","GADM2","3.6","MX","All","0.2123211064858814","20.132233937030513","-102.53992403653291","2026-01-12"
"MEX.16.66_1","Pajacuarán","GADM2","3.6","MX","Professional Services","0.45366684395443374","20.132233937030513","-102.53992403653291","2026-01-12"
"MEX.16.66_1","Pajacuarán","GADM2","3.6","MX","Retail","0.24305839181542646","20.132233937030513","-102.53992403653291","2026-01-12"
"MEX.21.185_1","Tochimilco","GADM2","3.6","MX","Lifestyle Services","0.518625160150923","18.93156310082718","-98.52823469582496","2026-01-12"
"MEX.21.185_1","Tochimilco","GADM2","3.6","MX","Professional Services","0.4327183086309607","18.93156310082718","-98.52823469582496","2026-01-12"
"MEX.21.185_1","Tochimilco","GADM2","3.6","MX","Restaurants","0.34722174058843097","18.93156310082718","-98.52823469582496","2026-01-12"
"MEX.21.185_1","Tochimilco","GADM2","3.6","MX","Retail","0.49255554090653436","18.93156310082718","-98.52823469582496","2026-01-12"
"MEX.21.185_1","Tochimilco","GADM2","3.6","MX","All","0.4274205235059277","18.93156310082718","-98.52823469582496","2026-01-12"
"MEX.16.70_1","Pátzcuaro","GADM2","3.6","MX","","0.38541591187828145","19.477188922644988","-101.59957306835447","2026-01-12"
"MEX.16.70_1","Pátzcuaro","GADM2","3.6","MX","Business & Utility Services","0.5167574794168649","19.477188922644988","-101.59957306835447","2026-01-12"
"MEX.16.70_1","Pátzcuaro","GADM2","3.6","MX","Restaurants","0.31716984047573893","19.477188922644988","-101.59957306835447","2026-01-12"
"MEX.16.70_1","Pátzcuaro","GADM2","3.6","MX","Lifestyle Services","0.26374791933244357","19.477188922644988","-101.59957306835447","2026-01-12"
"MEX.16.70_1","Pátzcuaro","GADM2","3.6","MX","Grocery & Convenience Stores","0.5115777671659693","19.477188922644988","-101.59957306835447","2026-01-12"
"MEX.16.70_1","Pátzcuaro","GADM2","3.6","MX","Professional Services","0.4087794242791219","19.477188922644988","-101.59957306835447","2026-01-12"
"MEX.16.70_1","Pátzcuaro","GADM2","3.6","MX","All","0.2870561672232587","19.477188922644988","-101.59957306835447","2026-01-12"
"MEX.16.70_1","Pátzcuaro","GADM2","3.6","MX","Home Services","0.4908007438888517","19.477188922644988","-101.59957306835447","2026-01-12"
"MEX.16.70_1","Pátzcuaro","GADM2","3.6","MX","Public Good","0.19828329618225451","19.477188922644988","-101.59957306835447","2026-01-12"
"MEX.16.70_1","Pátzcuaro","GADM2","3.6","MX","Travel","0.2755912708739353","19.477188922644988","-101.59957306835447","2026-01-12"
"MEX.16.70_1","Pátzcuaro","GADM2","3.6","MX","Retail","0.3134992887265492","19.477188922644988","-101.59957306835447","2026-01-12"
"MEX.16.70_1","Pátzcuaro","GADM2","3.6","MX","Local Events","0.4269746832383188","19.477188922644988","-101.59957306835447","2026-01-12"
"MEX.17.8_1","Emiliano Zapata","GADM2","3.6","MX","All","0.49480488016197155","18.80754855069203","-99.10994481601172","2026-01-12"
"MEX.16.18_1","Chilchota","GADM2","3.6","MX","Home Services","0.5523799780895148","19.80451626094062","-102.10702615779117","2026-01-12"
"MEX.16.18_1","Chilchota","GADM2","3.6","MX","Restaurants","0.47572539976637246","19.80451626094062","-102.10702615779117","2026-01-12"
"MEX.16.18_1","Chilchota","GADM2","3.6","MX","Retail","0.5951326855177637","19.80451626094062","-102.10702615779117","2026-01-12"
"MEX.16.18_1","Chilchota","GADM2","3.6","MX","All","0.5450632049752666","19.80451626094062","-102.10702615779117","2026-01-12"
"MEX.16.18_1","Chilchota","GADM2","3.6","MX","Lifestyle Services","0.4597531513891609","19.80451626094062","-102.10702615779117","2026-01-12"
"MEX.16.18_1","Chilchota","GADM2","3.6","MX","Grocery & Convenience Stores","0.49359279054587313","19.80451626094062","-102.10702615779117","2026-01-12"
"MEX.16.18_1","Chilchota","GADM2","3.6","MX","Professional Services","0.3891427498082979","19.80451626094062","-102.10702615779117","2026-01-12"
"MEX.11.40_1","Tierra Blanca","GADM2","3.6","MX","All","0.3849311363497446","21.03344508803058","-100.20939531662867","2026-01-12"
"MEX.11.40_1","Tierra Blanca","GADM2","3.6","MX","Professional Services","0.5167054632819094","21.03344508803058","-100.20939531662867","2026-01-12"
"MEX.11.40_1","Tierra Blanca","GADM2","3.6","MX","Restaurants","0.46949163794207244","21.03344508803058","-100.20939531662867","2026-01-12"
"MEX.16.104_1","Villamar","GADM2","3.6","MX","Retail","0.3302552515647366","19.988178532683953","-102.60346964233965","2026-01-12"
"MEX.16.104_1","Villamar","GADM2","3.6","MX","Local Events","0.8322176501563975","19.988178532683953","-102.60346964233965","2026-01-12"
"MEX.16.104_1","Villamar","GADM2","3.6","MX","All","0.429180995131149","19.988178532683953","-102.60346964233965","2026-01-12"
"MEX.16.104_1","Villamar","GADM2","3.6","MX","Home Services","0.5422609293185631","19.988178532683953","-102.60346964233965","2026-01-12"
"MEX.16.104_1","Villamar","GADM2","3.6","MX","Lifestyle Services","0.46663052383709896","19.988178532683953","-102.60346964233965","2026-01-12"
"MEX.16.104_1","Villamar","GADM2","3.6","MX","Professional Services","0.4108574517231217","19.988178532683953","-102.60346964233965","2026-01-12"
"MEX.16.104_1","Villamar","GADM2","3.6","MX","Restaurants","0.6095561330640786","19.988178532683953","-102.60346964233965","2026-01-12"
"MEX.24.9_1","Cerritos","GADM2","3.6","MX","Retail","0.28005024732860345","22.462856827094996","-100.25521662383008","2026-01-12"
"MEX.24.9_1","Cerritos","GADM2","3.6","MX","All","0.3915357622601479","22.462856827094996","-100.25521662383008","2026-01-12"
"MEX.24.9_1","Cerritos","GADM2","3.6","MX","Lifestyle Services","0.44598157995991217","22.462856827094996","-100.25521662383008","2026-01-12"
"MEX.24.9_1","Cerritos","GADM2","3.6","MX","Professional Services","0.3687988956898037","22.462856827094996","-100.25521662383008","2026-01-12"
"MEX.24.9_1","Cerritos","GADM2","3.6","MX","Grocery & Convenience Stores","0.4295409516375491","22.462856827094996","-100.25521662383008","2026-01-12"
"MEX.24.9_1","Cerritos","GADM2","3.6","MX","Home Services","0.5474154840096707","22.462856827094996","-100.25521662383008","2026-01-12"
"MEX.24.9_1","Cerritos","GADM2","3.6","MX","Restaurants","0.36565395248318494","22.462856827094996","-100.25521662383008","2026-01-12"
"MEX.24.22_1","Moctezuma","GADM2","3.6","MX","All","0.3279343820277753","22.714531551961727","-101.20575192269516","2026-01-12"
"MEX.24.22_1","Moctezuma","GADM2","3.6","MX","Home Services","0.5709799309404292","22.714531551961727","-101.20575192269516","2026-01-12"
"MEX.24.22_1","Moctezuma","GADM2","3.6","MX","Restaurants","0.2732568277489685","22.714531551961727","-101.20575192269516","2026-01-12"
"MEX.24.22_1","Moctezuma","GADM2","3.6","MX","Retail","0.29485917222449304","22.714531551961727","-101.20575192269516","2026-01-12"
"MEX.11.44_1","Villagrán","GADM2","3.6","MX","All","0.34123933339812107","20.540913075399967","-101.00999571123934","2026-01-12"
"MEX.11.44_1","Villagrán","GADM2","3.6","MX","Local Events","0.5732524168425712","20.540913075399967","-101.00999571123934","2026-01-12"
"MEX.11.44_1","Villagrán","GADM2","3.6","MX","Business & Utility Services","0.6476414127807838","20.540913075399967","-101.00999571123934","2026-01-12"
"MEX.11.44_1","Villagrán","GADM2","3.6","MX","Retail","0.28208180239909614","20.540913075399967","-101.00999571123934","2026-01-12"
"MEX.11.44_1","Villagrán","GADM2","3.6","MX","Grocery & Convenience Stores","0.5019738735491114","20.540913075399967","-101.00999571123934","2026-01-12"
"MEX.11.44_1","Villagrán","GADM2","3.6","MX","Lifestyle Services","0.3635076121169596","20.540913075399967","-101.00999571123934","2026-01-12"
"MEX.11.44_1","Villagrán","GADM2","3.6","MX","Home Services","0.5946419481441706","20.540913075399967","-101.00999571123934","2026-01-12"
"MEX.11.44_1","Villagrán","GADM2","3.6","MX","Professional Services","0.44829212770558774","20.540913075399967","-101.00999571123934","2026-01-12"
"MEX.11.44_1","Villagrán","GADM2","3.6","MX","Restaurants","0.31514594081241226","20.540913075399967","-101.00999571123934","2026-01-12"
"MEX.21.77_1","Hueytamalco","GADM2","3.6","MX","All","0.4222147750111418","20.09103164831209","-97.23260292449481","2026-01-12"
"MEX.21.77_1","Hueytamalco","GADM2","3.6","MX","Retail","0.5604957631264724","20.09103164831209","-97.23260292449481","2026-01-12"
"MEX.21.77_1","Hueytamalco","GADM2","3.6","MX","Grocery & Convenience Stores","0.5873247628161494","20.09103164831209","-97.23260292449481","2026-01-12"
"MEX.21.77_1","Hueytamalco","GADM2","3.6","MX","Lifestyle Services","0.5428074901586443","20.09103164831209","-97.23260292449481","2026-01-12"
"MEX.21.77_1","Hueytamalco","GADM2","3.6","MX","Home Services","0.32881321594274265","20.09103164831209","-97.23260292449481","2026-01-12"
"MEX.21.77_1","Hueytamalco","GADM2","3.6","MX","Professional Services","0.36279161976427826","20.09103164831209","-97.23260292449481","2026-01-12"
"MEX.21.77_1","Hueytamalco","GADM2","3.6","MX","Restaurants","0.5312573639253769","20.09103164831209","-97.23260292449481","2026-01-12"
"MEX.21.99_1","Naupan","GADM2","3.6","MX","All","0.5701297419436563","20.263725525520297","-98.04176537516398","2026-01-12"
"MEX.21.99_1","Naupan","GADM2","3.6","MX","Retail","0.6772250435034909","20.263725525520297","-98.04176537516398","2026-01-12"
"MEX.21.1_1","Acajete","GADM2","3.6","MX","All","0.6020249229677359","19.11923027519125","-97.84476880839934","2026-01-12"
"MEX.14.65_1","Mexticacán","GADM2","3.6","MX","All","0.4661223283481078","21.20742913802705","-102.78615373568618","2026-01-12"
"MEX.20.14_1","Dist. Mixe","GADM2","3.6","MX","Business & Utility Services","0.6727793257777657","17.21397952169692","-95.68078460664593","2026-01-12"
"MEX.20.14_1","Dist. Mixe","GADM2","3.6","MX","Professional Services","0.3601300448956503","17.21397952169692","-95.68078460664593","2026-01-12"
"MEX.20.14_1","Dist. Mixe","GADM2","3.6","MX","Home Services","0.4187778890407521","17.21397952169692","-95.68078460664593","2026-01-12"
"MEX.20.14_1","Dist. Mixe","GADM2","3.6","MX","Retail","0.3252652231684995","17.21397952169692","-95.68078460664593","2026-01-12"
"MEX.20.14_1","Dist. Mixe","GADM2","3.6","MX","Restaurants","0.5450749027839764","17.21397952169692","-95.68078460664593","2026-01-12"
"MEX.20.14_1","Dist. Mixe","GADM2","3.6","MX","Public Good","0.32735832782401264","17.21397952169692","-95.68078460664593","2026-01-12"
"MEX.20.14_1","Dist. Mixe","GADM2","3.6","MX","Grocery & Convenience Stores","0.5496305161179768","17.21397952169692","-95.68078460664593","2026-01-12"
"MEX.20.14_1","Dist. Mixe","GADM2","3.6","MX","All","0.4206135020949166","17.21397952169692","-95.68078460664593","2026-01-12"
"MEX.15.29_1","Cocotitlán","GADM2","3.6","MX","Local Events","0.5364992476568787","19.189784498589372","-98.78482978934427","2026-01-12"
"MEX.15.29_1","Cocotitlán","GADM2","3.6","MX","Home Services","0.267776018891586","19.189784498589372","-98.78482978934427","2026-01-12"
"MEX.15.29_1","Cocotitlán","GADM2","3.6","MX","Restaurants","0.260886860074638","19.189784498589372","-98.78482978934427","2026-01-12"
"MEX.15.29_1","Cocotitlán","GADM2","3.6","MX","Professional Services","0.6369145976286212","19.189784498589372","-98.78482978934427","2026-01-12"
"MEX.15.29_1","Cocotitlán","GADM2","3.6","MX","Business & Utility Services","0.42388276337454356","19.189784498589372","-98.78482978934427","2026-01-12"
"MEX.15.29_1","Cocotitlán","GADM2","3.6","MX","All","0.2749041252199918","19.189784498589372","-98.78482978934427","2026-01-12"
"MEX.15.29_1","Cocotitlán","GADM2","3.6","MX","Retail","0.5588634897847133","19.189784498589372","-98.78482978934427","2026-01-12"
"MEX.15.29_1","Cocotitlán","GADM2","3.6","MX","Public Good","0.39688549044669524","19.189784498589372","-98.78482978934427","2026-01-12"
"MEX.15.29_1","Cocotitlán","GADM2","3.6","MX","Lifestyle Services","0.2014668845683946","19.189784498589372","-98.78482978934427","2026-01-12"
"MEX.24.4_1","Armadillo de los Infante","GADM2","3.6","MX","All","0.1556798130694396","22.27460326512602","-100.62783194766007","2026-01-12"
"MEX.30.21_1","Atzalan","GADM2","3.6","MX","Public Good","0.513106028372012","19.93747526865656","-97.04844285708863","2026-01-12"
"MEX.30.21_1","Atzalan","GADM2","3.6","MX","Home Services","0.3381409029090679","19.93747526865656","-97.04844285708863","2026-01-12"
"MEX.30.21_1","Atzalan","GADM2","3.6","MX","All","0.27243866566812563","19.93747526865656","-97.04844285708863","2026-01-12"
"MEX.30.21_1","Atzalan","GADM2","3.6","MX","Lifestyle Services","0.3939058305773289","19.93747526865656","-97.04844285708863","2026-01-12"
"MEX.30.21_1","Atzalan","GADM2","3.6","MX","Business & Utility Services","0.3276315600747336","19.93747526865656","-97.04844285708863","2026-01-12"
"MEX.30.21_1","Atzalan","GADM2","3.6","MX","Retail","0.25373259125799585","19.93747526865656","-97.04844285708863","2026-01-12"
"MEX.30.21_1","Atzalan","GADM2","3.6","MX","Professional Services","0.5352401216358942","19.93747526865656","-97.04844285708863","2026-01-12"
"MEX.30.21_1","Atzalan","GADM2","3.6","MX","Grocery & Convenience Stores","0.5647970204514962","19.93747526865656","-97.04844285708863","2026-01-12"
"MEX.30.21_1","Atzalan","GADM2","3.6","MX","Restaurants","0.18183076167168508","19.93747526865656","-97.04844285708863","2026-01-12"
"MEX.30.128_1","Perote","GADM2","3.6","MX","Travel","0.4561275317903615","19.541390884783898","-97.19599465555653","2026-01-12"
"MEX.30.128_1","Perote","GADM2","3.6","MX","Grocery & Convenience Stores","0.6153180660556453","19.541390884783898","-97.19599465555653","2026-01-12"
"MEX.30.128_1","Perote","GADM2","3.6","MX","Retail","0.3578855947452105","19.541390884783898","-97.19599465555653","2026-01-12"
"MEX.30.128_1","Perote","GADM2","3.6","MX","Business & Utility Services","0.19711014906664262","19.541390884783898","-97.19599465555653","2026-01-12"
"MEX.30.128_1","Perote","GADM2","3.6","MX","All","0.31888009211228796","19.541390884783898","-97.19599465555653","2026-01-12"
"MEX.30.128_1","Perote","GADM2","3.6","MX","Restaurants","0.34340765999538664","19.541390884783898","-97.19599465555653","2026-01-12"
"MEX.30.128_1","Perote","GADM2","3.6","MX","Public Good","0.754916199600156","19.541390884783898","-97.19599465555653","2026-01-12"
"MEX.30.128_1","Perote","GADM2","3.6","MX","Professional Services","0.4952187724690691","19.541390884783898","-97.19599465555653","2026-01-12"
"MEX.30.128_1","Perote","GADM2","3.6","MX","Local Events","0.36517556323199946","19.541390884783898","-97.19599465555653","2026-01-12"
"MEX.30.128_1","Perote","GADM2","3.6","MX","Home Services","0.3631105628899882","19.541390884783898","-97.19599465555653","2026-01-12"
"MEX.30.128_1","Perote","GADM2","3.6","MX","Lifestyle Services","0.2641839501037742","19.541390884783898","-97.19599465555653","2026-01-12"
"MEX.21.194_1","Xicotepec","GADM2","3.6","MX","Professional Services","0.6071926900572951","20.366524899587414","-97.83802815456794","2026-01-12"
"MEX.21.194_1","Xicotepec","GADM2","3.6","MX","All","0.6931001527876207","20.366524899587414","-97.83802815456794","2026-01-12"
"MEX.21.194_1","Xicotepec","GADM2","3.6","MX","Restaurants","0.5248573551828035","20.366524899587414","-97.83802815456794","2026-01-12"
"MEX.21.194_1","Xicotepec","GADM2","3.6","MX","Retail","0.6466619547488444","20.366524899587414","-97.83802815456794","2026-01-12"
"MEX.13.24_1","Huasca de Ocampo","GADM2","3.6","MX","Retail","0.4119072490946802","20.250040244151695","-98.4773854207953","2026-01-12"
"MEX.13.24_1","Huasca de Ocampo","GADM2","3.6","MX","All","0.3153831966110182","20.250040244151695","-98.4773854207953","2026-01-12"
"MEX.30.6_1","Acultzingo","GADM2","3.6","MX","All","0.27407612063836634","18.749214006298967","-97.18939002453968","2026-01-12"
"MEX.30.6_1","Acultzingo","GADM2","3.6","MX","Restaurants","0.4922694514223075","18.749214006298967","-97.18939002453968","2026-01-12"
"MEX.30.6_1","Acultzingo","GADM2","3.6","MX","Home Services","0.6215745123136228","18.749214006298967","-97.18939002453968","2026-01-12"
"MEX.30.6_1","Acultzingo","GADM2","3.6","MX","Retail","0.3040646997813793","18.749214006298967","-97.18939002453968","2026-01-12"
"MEX.30.6_1","Acultzingo","GADM2","3.6","MX","Lifestyle Services","0.41216183600474227","18.749214006298967","-97.18939002453968","2026-01-12"
"MEX.30.6_1","Acultzingo","GADM2","3.6","MX","Public Good","0.30293457593382217","18.749214006298967","-97.18939002453968","2026-01-12"
"MEX.30.6_1","Acultzingo","GADM2","3.6","MX","Professional Services","0.38269797563032537","18.749214006298967","-97.18939002453968","2026-01-12"
"MEX.32.37_1","Pánuco","GADM2","3.6","MX","Home Services","0.2940544743505385","22.936942572469086","-102.53080240114258","2026-01-12"
"MEX.32.37_1","Pánuco","GADM2","3.6","MX","Retail","0.22365078509324618","22.936942572469086","-102.53080240114258","2026-01-12"
"MEX.32.37_1","Pánuco","GADM2","3.6","MX","Business & Utility Services","0.5263069096520915","22.936942572469086","-102.53080240114258","2026-01-12"
"MEX.32.37_1","Pánuco","GADM2","3.6","MX","All","0.2561538135549491","22.936942572469086","-102.53080240114258","2026-01-12"
"MEX.16.24_1","Coalcomán de Vázquez Pallares","GADM2","3.6","MX","Lifestyle Services","0.2667497186113904","18.681196015741808","-103.06470038605163","2026-01-12"
"MEX.16.24_1","Coalcomán de Vázquez Pallares","GADM2","3.6","MX","Retail","0.20927223015062485","18.681196015741808","-103.06470038605163","2026-01-12"
"MEX.16.24_1","Coalcomán de Vázquez Pallares","GADM2","3.6","MX","All","0.21610751582362053","18.681196015741808","-103.06470038605163","2026-01-12"
"MEX.16.24_1","Coalcomán de Vázquez Pallares","GADM2","3.6","MX","Professional Services","0.3474203354275316","18.681196015741808","-103.06470038605163","2026-01-12"
"MEX.16.24_1","Coalcomán de Vázquez Pallares","GADM2","3.6","MX","Restaurants","0.3655508721375848","18.681196015741808","-103.06470038605163","2026-01-12"
"MEX.20.23_1","Dist. Teposcolula","GADM2","3.6","MX","Professional Services","0.22802015721936533","17.63391856114225","-97.53562905719109","2026-01-12"
"MEX.20.23_1","Dist. Teposcolula","GADM2","3.6","MX","Restaurants","0.1918135850114328","17.63391856114225","-97.53562905719109","2026-01-12"
"MEX.20.23_1","Dist. Teposcolula","GADM2","3.6","MX","All","0.12554124735624947","17.63391856114225","-97.53562905719109","2026-01-12"
"MEX.20.23_1","Dist. Teposcolula","GADM2","3.6","MX","Retail","0.42868820379614586","17.63391856114225","-97.53562905719109","2026-01-12"
"MEX.20.23_1","Dist. Teposcolula","GADM2","3.6","MX","Grocery & Convenience Stores","0.434093527521682","17.63391856114225","-97.53562905719109","2026-01-12"
"MEX.20.23_1","Dist. Teposcolula","GADM2","3.6","MX","Home Services","0.30190126110700044","17.63391856114225","-97.53562905719109","2026-01-12"
"MEX.12.55_1","San Marcos","GADM2","3.6","MX","Professional Services","0.48730890513086483","16.829981380638277","-99.34570184502337","2026-01-12"
"MEX.12.55_1","San Marcos","GADM2","3.6","MX","Home Services","0.6545493537491852","16.829981380638277","-99.34570184502337","2026-01-12"
"MEX.12.55_1","San Marcos","GADM2","3.6","MX","Grocery & Convenience Stores","0.5615923381223639","16.829981380638277","-99.34570184502337","2026-01-12"
"MEX.12.55_1","San Marcos","GADM2","3.6","MX","Retail","0.24472698451492006","16.829981380638277","-99.34570184502337","2026-01-12"
"MEX.12.55_1","San Marcos","GADM2","3.6","MX","Restaurants","0.636118109048203","16.829981380638277","-99.34570184502337","2026-01-12"
"MEX.12.55_1","San Marcos","GADM2","3.6","MX","All","0.4360394050929463","16.829981380638277","-99.34570184502337","2026-01-12"
"MEX.12.55_1","San Marcos","GADM2","3.6","MX","Public Good","0.3043356050456429","16.829981380638277","-99.34570184502337","2026-01-12"
"MEX.20.18_1","Dist. Putla","GADM2","3.6","MX","Professional Services","0.29443619843181423","16.899319716468508","-97.81767517600336","2026-01-12"
"MEX.20.18_1","Dist. Putla","GADM2","3.6","MX","Business & Utility Services","0.47924998993361057","16.899319716468508","-97.81767517600336","2026-01-12"
"MEX.20.18_1","Dist. Putla","GADM2","3.6","MX","Grocery & Convenience Stores","0.45140790059089725","16.899319716468508","-97.81767517600336","2026-01-12"
"MEX.20.18_1","Dist. Putla","GADM2","3.6","MX","All","0.369849699724499","16.899319716468508","-97.81767517600336","2026-01-12"
"MEX.20.18_1","Dist. Putla","GADM2","3.6","MX","Retail","0.7452580113780355","16.899319716468508","-97.81767517600336","2026-01-12"
"MEX.20.18_1","Dist. Putla","GADM2","3.6","MX","Public Good","0.4292953684853234","16.899319716468508","-97.81767517600336","2026-01-12"
"MEX.20.18_1","Dist. Putla","GADM2","3.6","MX","Restaurants","0.5629710768190055","16.899319716468508","-97.81767517600336","2026-01-12"
"MEX.20.18_1","Dist. Putla","GADM2","3.6","MX","Lifestyle Services","0.24210991935374646","16.899319716468508","-97.81767517600336","2026-01-12"
"MEX.20.18_1","Dist. Putla","GADM2","3.6","MX","Home Services","0.2577259273073495","16.899319716468508","-97.81767517600336","2026-01-12"
"MEX.21.59_1","Domingo Arenas","GADM2","3.6","MX","All","0.3099785628038845","19.19703726031748","-98.4677928436221","2026-01-12"
"MEX.21.59_1","Domingo Arenas","GADM2","3.6","MX","Restaurants","0.3741115205132236","19.19703726031748","-98.4677928436221","2026-01-12"
"MEX.21.59_1","Domingo Arenas","GADM2","3.6","MX","Retail","0.4000296973236689","19.19703726031748","-98.4677928436221","2026-01-12"
"MEX.21.210_1","Zihuateutla","GADM2","3.6","MX","All","0.6295521813701355","20.258979399299598","-97.77730291886702","2026-01-12"
"MEX.29.37_1","Totolac","GADM2","3.6","MX","Retail","0.29479137811717065","19.355698968806266","-98.16177626255963","2026-01-12"
"MEX.29.37_1","Totolac","GADM2","3.6","MX","Restaurants","0.43131163709137954","19.355698968806266","-98.16177626255963","2026-01-12"
"MEX.29.37_1","Totolac","GADM2","3.6","MX","Professional Services","0.5686516292026208","19.355698968806266","-98.16177626255963","2026-01-12"
"MEX.29.37_1","Totolac","GADM2","3.6","MX","Grocery & Convenience Stores","0.6266738313699216","19.355698968806266","-98.16177626255963","2026-01-12"
"MEX.29.37_1","Totolac","GADM2","3.6","MX","All","0.563185247984348","19.355698968806266","-98.16177626255963","2026-01-12"
"MEX.29.37_1","Totolac","GADM2","3.6","MX","Home Services","0.5120041912568342","19.355698968806266","-98.16177626255963","2026-01-12"
"MEX.13.1_1","Acatlán","GADM2","3.6","MX","All","0.3002549307800252","20.192667634805847","-98.39118467652781","2026-01-12"
"MEX.13.1_1","Acatlán","GADM2","3.6","MX","Retail","0.22902598859569154","20.192667634805847","-98.39118467652781","2026-01-12"
"MEX.13.1_1","Acatlán","GADM2","3.6","MX","Home Services","0.25193108130217146","20.192667634805847","-98.39118467652781","2026-01-12"
"MEX.13.1_1","Acatlán","GADM2","3.6","MX","Business & Utility Services","0.19681169895980385","20.192667634805847","-98.39118467652781","2026-01-12"
"MEX.13.1_1","Acatlán","GADM2","3.6","MX","Restaurants","0.4642483175538529","20.192667634805847","-98.39118467652781","2026-01-12"
"MEX.15.71_1","Papalotla","GADM2","3.6","MX","Restaurants","0.4903202169046751","19.51414983396684","-98.8482438456046","2026-01-12"
"MEX.15.71_1","Papalotla","GADM2","3.6","MX","Professional Services","0.22844716984554964","19.51414983396684","-98.8482438456046","2026-01-12"
"MEX.15.71_1","Papalotla","GADM2","3.6","MX","Retail","0.3035980110783596","19.51414983396684","-98.8482438456046","2026-01-12"
"MEX.15.71_1","Papalotla","GADM2","3.6","MX","Home Services","0.5083200089426015","19.51414983396684","-98.8482438456046","2026-01-12"
"MEX.15.71_1","Papalotla","GADM2","3.6","MX","All","0.33527365434342443","19.51414983396684","-98.8482438456046","2026-01-12"
"MEX.13.11_1","Atotonilco de Tula","GADM2","3.6","MX","Grocery & Convenience Stores","0.41228185861188826","20.009343121785445","-99.13655022849278","2026-01-12"
"MEX.13.11_1","Atotonilco de Tula","GADM2","3.6","MX","Restaurants","0.3181225914519276","20.009343121785445","-99.13655022849278","2026-01-12"
"MEX.13.11_1","Atotonilco de Tula","GADM2","3.6","MX","Business & Utility Services","0.1984316435382913","20.009343121785445","-99.13655022849278","2026-01-12"
"MEX.13.11_1","Atotonilco de Tula","GADM2","3.6","MX","Professional Services","0.43202125733302593","20.009343121785445","-99.13655022849278","2026-01-12"
"MEX.13.11_1","Atotonilco de Tula","GADM2","3.6","MX","All","0.2084679865112849","20.009343121785445","-99.13655022849278","2026-01-12"
"MEX.13.11_1","Atotonilco de Tula","GADM2","3.6","MX","Home Services","0.48127417802947586","20.009343121785445","-99.13655022849278","2026-01-12"
"MEX.13.11_1","Atotonilco de Tula","GADM2","3.6","MX","Public Good","0.22386181573283054","20.009343121785445","-99.13655022849278","2026-01-12"
"MEX.13.11_1","Atotonilco de Tula","GADM2","3.6","MX","Lifestyle Services","0.2296663813337809","20.009343121785445","-99.13655022849278","2026-01-12"
"MEX.13.11_1","Atotonilco de Tula","GADM2","3.6","MX","Retail","0.30211415151802445","20.009343121785445","-99.13655022849278","2026-01-12"
"MEX.16.58_1","Morelos","GADM2","3.6","MX","All","0.22202694905212114","19.980365977513937","-101.46711523056962","2026-01-12"
"MEX.21.114_1","Quecholac","GADM2","3.6","MX","Professional Services","0.4859656265404379","18.969428377976477","-97.55710894964224","2026-01-12"
"MEX.21.114_1","Quecholac","GADM2","3.6","MX","Lifestyle Services","0.4650018753710679","18.969428377976477","-97.55710894964224","2026-01-12"
"MEX.21.114_1","Quecholac","GADM2","3.6","MX","Business & Utility Services","0.6411275001149103","18.969428377976477","-97.55710894964224","2026-01-12"
"MEX.21.114_1","Quecholac","GADM2","3.6","MX","Public Good","0.2774600077191994","18.969428377976477","-97.55710894964224","2026-01-12"
"MEX.21.114_1","Quecholac","GADM2","3.6","MX","Home Services","0.49242051379824636","18.969428377976477","-97.55710894964224","2026-01-12"
"MEX.21.114_1","Quecholac","GADM2","3.6","MX","All","0.4380178130853361","18.969428377976477","-97.55710894964224","2026-01-12"
"MEX.21.114_1","Quecholac","GADM2","3.6","MX","Local Events","0.27272537151248466","18.969428377976477","-97.55710894964224","2026-01-12"
"MEX.21.114_1","Quecholac","GADM2","3.6","MX","Retail","0.45506711628053037","18.969428377976477","-97.55710894964224","2026-01-12"
"MEX.21.114_1","Quecholac","GADM2","3.6","MX","Restaurants","0.48113720229994084","18.969428377976477","-97.55710894964224","2026-01-12"
"MEX.21.114_1","Quecholac","GADM2","3.6","MX","Grocery & Convenience Stores","0.39219271235341024","18.969428377976477","-97.55710894964224","2026-01-12"
"MEX.21.124_1","San Jerónimo Tecuanipan","GADM2","3.6","MX","Home Services","0.3461486048495935","19.068420355690375","-98.30745427710492","2026-01-12"
"MEX.21.124_1","San Jerónimo Tecuanipan","GADM2","3.6","MX","Professional Services","0.5748077599517558","19.068420355690375","-98.30745427710492","2026-01-12"
"MEX.21.124_1","San Jerónimo Tecuanipan","GADM2","3.6","MX","Public Good","0.3359426301161754","19.068420355690375","-98.30745427710492","2026-01-12"
"MEX.21.124_1","San Jerónimo Tecuanipan","GADM2","3.6","MX","Local Events","0.5636363603089449","19.068420355690375","-98.30745427710492","2026-01-12"
"MEX.21.124_1","San Jerónimo Tecuanipan","GADM2","3.6","MX","All","0.3567388435789357","19.068420355690375","-98.30745427710492","2026-01-12"
"MEX.21.124_1","San Jerónimo Tecuanipan","GADM2","3.6","MX","","0.3937467102622","19.068420355690375","-98.30745427710492","2026-01-12"
"MEX.21.124_1","San Jerónimo Tecuanipan","GADM2","3.6","MX","Business & Utility Services","0.5456252126331841","19.068420355690375","-98.30745427710492","2026-01-12"
"MEX.21.124_1","San Jerónimo Tecuanipan","GADM2","3.6","MX","Grocery & Convenience Stores","0.39090122446533765","19.068420355690375","-98.30745427710492","2026-01-12"
"MEX.21.124_1","San Jerónimo Tecuanipan","GADM2","3.6","MX","Lifestyle Services","0.4029354631218898","19.068420355690375","-98.30745427710492","2026-01-12"
"MEX.21.124_1","San Jerónimo Tecuanipan","GADM2","3.6","MX","Retail","0.2832146081352995","19.068420355690375","-98.30745427710492","2026-01-12"
"MEX.21.124_1","San Jerónimo Tecuanipan","GADM2","3.6","MX","Manufacturing","0.4086536075999948","19.068420355690375","-98.30745427710492","2026-01-12"
"MEX.21.124_1","San Jerónimo Tecuanipan","GADM2","3.6","MX","Travel","0.5571287532139364","19.068420355690375","-98.30745427710492","2026-01-12"
"MEX.21.124_1","San Jerónimo Tecuanipan","GADM2","3.6","MX","Restaurants","0.2536214811651488","19.068420355690375","-98.30745427710492","2026-01-12"
"MEX.21.149_1","Soltepec","GADM2","3.6","MX","Restaurants","0.43460595735855884","19.142830341233623","-97.64390906127943","2026-01-12"
"MEX.21.149_1","Soltepec","GADM2","3.6","MX","Retail","0.5204523245987566","19.142830341233623","-97.64390906127943","2026-01-12"
"MEX.21.149_1","Soltepec","GADM2","3.6","MX","All","0.4598760809790869","19.142830341233623","-97.64390906127943","2026-01-12"
"MEX.21.149_1","Soltepec","GADM2","3.6","MX","Grocery & Convenience Stores","0.5709441045010742","19.142830341233623","-97.64390906127943","2026-01-12"
"MEX.21.149_1","Soltepec","GADM2","3.6","MX","Professional Services","0.5703714501967959","19.142830341233623","-97.64390906127943","2026-01-12"
"MEX.21.134_1","San Miguel Xoxtla","GADM2","3.6","MX","Grocery & Convenience Stores","0.3732961563331786","19.17570817727754","-98.23633601113177","2026-01-12"
"MEX.21.134_1","San Miguel Xoxtla","GADM2","3.6","MX","Home Services","0.4667040170439986","19.17570817727754","-98.23633601113177","2026-01-12"
"MEX.21.134_1","San Miguel Xoxtla","GADM2","3.6","MX","Restaurants","0.39231631209393986","19.17570817727754","-98.23633601113177","2026-01-12"
"MEX.21.134_1","San Miguel Xoxtla","GADM2","3.6","MX","All","0.2950697432232817","19.17570817727754","-98.23633601113177","2026-01-12"
"MEX.21.134_1","San Miguel Xoxtla","GADM2","3.6","MX","Lifestyle Services","0.2851152935911897","19.17570817727754","-98.23633601113177","2026-01-12"
"MEX.21.134_1","San Miguel Xoxtla","GADM2","3.6","MX","Professional Services","0.4086291434469712","19.17570817727754","-98.23633601113177","2026-01-12"
"MEX.21.134_1","San Miguel Xoxtla","GADM2","3.6","MX","Retail","0.33547824871857274","19.17570817727754","-98.23633601113177","2026-01-12"
"MEX.21.134_1","San Miguel Xoxtla","GADM2","3.6","MX","Public Good","0.43266645224536804","19.17570817727754","-98.23633601113177","2026-01-12"
"MEX.21.134_1","San Miguel Xoxtla","GADM2","3.6","MX","Business & Utility Services","0.4347358669197624","19.17570817727754","-98.23633601113177","2026-01-12"
"MEX.21.134_1","San Miguel Xoxtla","GADM2","3.6","MX","Local Events","0.45319544314372145","19.17570817727754","-98.23633601113177","2026-01-12"
"MEX.21.141_1","San Salvador el Verde","GADM2","3.6","MX","Lifestyle Services","0.5671682622632175","19.269198377454174","-98.4991035787467","2026-01-12"
"MEX.21.141_1","San Salvador el Verde","GADM2","3.6","MX","Home Services","0.42830405663141674","19.269198377454174","-98.4991035787467","2026-01-12"
"MEX.21.141_1","San Salvador el Verde","GADM2","3.6","MX","Grocery & Convenience Stores","0.5341507568354346","19.269198377454174","-98.4991035787467","2026-01-12"
"MEX.21.141_1","San Salvador el Verde","GADM2","3.6","MX","Public Good","0.3522369796637079","19.269198377454174","-98.4991035787467","2026-01-12"
"MEX.21.141_1","San Salvador el Verde","GADM2","3.6","MX","Business & Utility Services","0.44342412171789214","19.269198377454174","-98.4991035787467","2026-01-12"
"MEX.21.141_1","San Salvador el Verde","GADM2","3.6","MX","","0.5608124382292173","19.269198377454174","-98.4991035787467","2026-01-12"
"MEX.21.141_1","San Salvador el Verde","GADM2","3.6","MX","Professional Services","0.4264017210981312","19.269198377454174","-98.4991035787467","2026-01-12"
"MEX.21.141_1","San Salvador el Verde","GADM2","3.6","MX","Manufacturing","0.46956749956615074","19.269198377454174","-98.4991035787467","2026-01-12"
"MEX.21.141_1","San Salvador el Verde","GADM2","3.6","MX","Travel","0.32327240389312717","19.269198377454174","-98.4991035787467","2026-01-12"
"MEX.21.141_1","San Salvador el Verde","GADM2","3.6","MX","Local Events","0.8043045376558494","19.269198377454174","-98.4991035787467","2026-01-12"
"MEX.21.141_1","San Salvador el Verde","GADM2","3.6","MX","All","0.4580563999887574","19.269198377454174","-98.4991035787467","2026-01-12"
"MEX.21.141_1","San Salvador el Verde","GADM2","3.6","MX","Restaurants","0.479414344068227","19.269198377454174","-98.4991035787467","2026-01-12"
"MEX.21.141_1","San Salvador el Verde","GADM2","3.6","MX","Retail","0.41298905407927844","19.269198377454174","-98.4991035787467","2026-01-12"
"MEX.20.3_1","Cuicatlan","GADM2","3.6","MX","Restaurants","0.3569381528724799","17.833669443304455","-96.83940674605756","2026-01-12"
"MEX.20.3_1","Cuicatlan","GADM2","3.6","MX","Grocery & Convenience Stores","0.484593809031712","17.833669443304455","-96.83940674605756","2026-01-12"
"MEX.20.3_1","Cuicatlan","GADM2","3.6","MX","Retail","0.43179575558160244","17.833669443304455","-96.83940674605756","2026-01-12"
"MEX.20.3_1","Cuicatlan","GADM2","3.6","MX","Professional Services","0.2668237183650093","17.833669443304455","-96.83940674605756","2026-01-12"
"MEX.20.3_1","Cuicatlan","GADM2","3.6","MX","All","0.34751296366783135","17.833669443304455","-96.83940674605756","2026-01-12"
"MEX.14.12_1","Atotonilco El Alto","GADM2","3.6","MX","Lifestyle Services","0.5471355605921349","20.513295535052674","-102.53655186425468","2026-01-12"
"MEX.14.12_1","Atotonilco El Alto","GADM2","3.6","MX","Travel","0.3985186434021743","20.513295535052674","-102.53655186425468","2026-01-12"
"MEX.14.12_1","Atotonilco El Alto","GADM2","3.6","MX","Local Events","0.31607925993807917","20.513295535052674","-102.53655186425468","2026-01-12"
"MEX.14.12_1","Atotonilco El Alto","GADM2","3.6","MX","Grocery & Convenience Stores","0.5351710130383208","20.513295535052674","-102.53655186425468","2026-01-12"
"MEX.14.12_1","Atotonilco El Alto","GADM2","3.6","MX","Home Services","0.4460803483139379","20.513295535052674","-102.53655186425468","2026-01-12"
"MEX.14.12_1","Atotonilco El Alto","GADM2","3.6","MX","Retail","0.5990202989012301","20.513295535052674","-102.53655186425468","2026-01-12"
"MEX.14.12_1","Atotonilco El Alto","GADM2","3.6","MX","Restaurants","0.5393199672373277","20.513295535052674","-102.53655186425468","2026-01-12"
"MEX.14.12_1","Atotonilco El Alto","GADM2","3.6","MX","Public Good","0.3580573772609773","20.513295535052674","-102.53655186425468","2026-01-12"
"MEX.14.12_1","Atotonilco El Alto","GADM2","3.6","MX","Professional Services","0.6536630668743483","20.513295535052674","-102.53655186425468","2026-01-12"
"MEX.14.12_1","Atotonilco El Alto","GADM2","3.6","MX","Business & Utility Services","0.6210961796413114","20.513295535052674","-102.53655186425468","2026-01-12"
"MEX.14.12_1","Atotonilco El Alto","GADM2","3.6","MX","All","0.6241015759815058","20.513295535052674","-102.53655186425468","2026-01-12"
"MEX.15.90_1","Tenango del Aire","GADM2","3.6","MX","Professional Services","0.6125959546334186","19.126281793536112","-98.8027499425971","2026-01-12"
"MEX.15.90_1","Tenango del Aire","GADM2","3.6","MX","Lifestyle Services","0.25521023038430785","19.126281793536112","-98.8027499425971","2026-01-12"
"MEX.15.90_1","Tenango del Aire","GADM2","3.6","MX","Business & Utility Services","0.5615241484798448","19.126281793536112","-98.8027499425971","2026-01-12"
"MEX.15.90_1","Tenango del Aire","GADM2","3.6","MX","Local Events","0.5344511894990371","19.126281793536112","-98.8027499425971","2026-01-12"
"MEX.15.90_1","Tenango del Aire","GADM2","3.6","MX","All","0.42543559807427705","19.126281793536112","-98.8027499425971","2026-01-12"
"MEX.15.90_1","Tenango del Aire","GADM2","3.6","MX","Restaurants","0.3797437516416324","19.126281793536112","-98.8027499425971","2026-01-12"
"MEX.15.90_1","Tenango del Aire","GADM2","3.6","MX","Retail","0.41588414494860126","19.126281793536112","-98.8027499425971","2026-01-12"
"MEX.15.90_1","Tenango del Aire","GADM2","3.6","MX","Grocery & Convenience Stores","0.4906037226400013","19.126281793536112","-98.8027499425971","2026-01-12"
"MEX.15.90_1","Tenango del Aire","GADM2","3.6","MX","Public Good","0.3845466025934782","19.126281793536112","-98.8027499425971","2026-01-12"
"MEX.15.90_1","Tenango del Aire","GADM2","3.6","MX","","0.18367814350662245","19.126281793536112","-98.8027499425971","2026-01-12"
"MEX.15.90_1","Tenango del Aire","GADM2","3.6","MX","Home Services","0.4073841766782964","19.126281793536112","-98.8027499425971","2026-01-12"
"MEX.15.33_1","Donato Guerra","GADM2","3.6","MX","All","0.5100074321120516","19.30036385515412","-100.1313558707526","2026-01-12"
"MEX.15.33_1","Donato Guerra","GADM2","3.6","MX","Travel","0.3795768991649163","19.30036385515412","-100.1313558707526","2026-01-12"
"MEX.15.33_1","Donato Guerra","GADM2","3.6","MX","Professional Services","0.20655340723748875","19.30036385515412","-100.1313558707526","2026-01-12"
"MEX.15.33_1","Donato Guerra","GADM2","3.6","MX","Restaurants","0.5104313052546877","19.30036385515412","-100.1313558707526","2026-01-12"
"MEX.15.33_1","Donato Guerra","GADM2","3.6","MX","Retail","0.5482995017351066","19.30036385515412","-100.1313558707526","2026-01-12"
"MEX.30.147_1","Soledad de Doblado","GADM2","3.6","MX","Retail","0.527317937743068","19.073783257318365","-96.41346330017153","2026-01-12"
"MEX.30.147_1","Soledad de Doblado","GADM2","3.6","MX","Lifestyle Services","0.2792340689262693","19.073783257318365","-96.41346330017153","2026-01-12"
"MEX.30.147_1","Soledad de Doblado","GADM2","3.6","MX","All","0.4918392187824044","19.073783257318365","-96.41346330017153","2026-01-12"
"MEX.30.147_1","Soledad de Doblado","GADM2","3.6","MX","Restaurants","0.2938123380256415","19.073783257318365","-96.41346330017153","2026-01-12"
"MEX.30.147_1","Soledad de Doblado","GADM2","3.6","MX","Professional Services","0.4373009824979878","19.073783257318365","-96.41346330017153","2026-01-12"
"MEX.30.147_1","Soledad de Doblado","GADM2","3.6","MX","Grocery & Convenience Stores","0.8072598946666176","19.073783257318365","-96.41346330017153","2026-01-12"
"MEX.15.95_1","Tepetlixpa","GADM2","3.6","MX","Professional Services","0.32190027241006874","19.006964997510806","-98.76928198353473","2026-01-12"
"MEX.15.95_1","Tepetlixpa","GADM2","3.6","MX","Restaurants","0.6979909098815413","19.006964997510806","-98.76928198353473","2026-01-12"
"MEX.15.95_1","Tepetlixpa","GADM2","3.6","MX","Retail","0.58836745075923","19.006964997510806","-98.76928198353473","2026-01-12"
"MEX.15.95_1","Tepetlixpa","GADM2","3.6","MX","Public Good","0.22575437455839822","19.006964997510806","-98.76928198353473","2026-01-12"
"MEX.15.95_1","Tepetlixpa","GADM2","3.6","MX","Lifestyle Services","0.5574502380344187","19.006964997510806","-98.76928198353473","2026-01-12"
"MEX.15.95_1","Tepetlixpa","GADM2","3.6","MX","All","0.49358101895809325","19.006964997510806","-98.76928198353473","2026-01-12"
"MEX.15.95_1","Tepetlixpa","GADM2","3.6","MX","Home Services","0.6035504276223823","19.006964997510806","-98.76928198353473","2026-01-12"
"MEX.21.174_1","Tlachichuca","GADM2","3.6","MX","All","0.32997705771052166","19.176080498915816","-97.28179922591922","2026-01-12"
"MEX.15.16_1","Axapusco","GADM2","3.6","MX","Travel","0.5693599266116954","19.744669107219465","-98.69946180347164","2026-01-12"
"MEX.15.16_1","Axapusco","GADM2","3.6","MX","Retail","0.2865169138468754","19.744669107219465","-98.69946180347164","2026-01-12"
"MEX.15.16_1","Axapusco","GADM2","3.6","MX","All","0.22337825722511523","19.744669107219465","-98.69946180347164","2026-01-12"
"MEX.15.16_1","Axapusco","GADM2","3.6","MX","Business & Utility Services","0.40144776886442796","19.744669107219465","-98.69946180347164","2026-01-12"
"MEX.15.16_1","Axapusco","GADM2","3.6","MX","Professional Services","0.4662780516281354","19.744669107219465","-98.69946180347164","2026-01-12"
"MEX.15.16_1","Axapusco","GADM2","3.6","MX","Grocery & Convenience Stores","0.40097926347898616","19.744669107219465","-98.69946180347164","2026-01-12"
"MEX.15.16_1","Axapusco","GADM2","3.6","MX","Restaurants","0.24498632021271974","19.744669107219465","-98.69946180347164","2026-01-12"
"MEX.15.16_1","Axapusco","GADM2","3.6","MX","Public Good","0.31951596429843515","19.744669107219465","-98.69946180347164","2026-01-12"
"MEX.15.16_1","Axapusco","GADM2","3.6","MX","Lifestyle Services","0.2601661691640939","19.744669107219465","-98.69946180347164","2026-01-12"
"MEX.15.16_1","Axapusco","GADM2","3.6","MX","Home Services","0.55069963233874","19.744669107219465","-98.69946180347164","2026-01-12"
"MEX.15.16_1","Axapusco","GADM2","3.6","MX","Local Events","0.18768781937610576","19.744669107219465","-98.69946180347164","2026-01-12"
"MEX.15.21_1","Chapa de Mota","GADM2","3.6","MX","Retail","0.4986699426687828","19.858753969510722","-99.52270477887787","2026-01-12"
"MEX.15.21_1","Chapa de Mota","GADM2","3.6","MX","Restaurants","0.45455567510035827","19.858753969510722","-99.52270477887787","2026-01-12"
"MEX.15.21_1","Chapa de Mota","GADM2","3.6","MX","All","0.37924163383327675","19.858753969510722","-99.52270477887787","2026-01-12"
"MEX.30.138_1","Saltabarranca","GADM2","3.6","MX","All","0.11126905980394398","18.56684638930675","-95.55962927964333","2026-01-12"
"MEX.21.11_1","Albino Zertuche","GADM2","3.6","MX","All","0.30107016354898597","18.03313128081606","-98.4667544977884","2026-01-12"
"MEX.21.11_1","Albino Zertuche","GADM2","3.6","MX","Retail","0.40569486502007107","18.03313128081606","-98.4667544977884","2026-01-12"
"MEX.13.23_1","Francisco I. Madero","GADM2","3.6","MX","Retail","0.1810538317969988","20.240278101267094","-99.04732137701711","2026-01-12"
"MEX.13.23_1","Francisco I. Madero","GADM2","3.6","MX","Home Services","0.2773899152492438","20.240278101267094","-99.04732137701711","2026-01-12"
"MEX.13.23_1","Francisco I. Madero","GADM2","3.6","MX","Restaurants","0.43574513951906796","20.240278101267094","-99.04732137701711","2026-01-12"
"MEX.13.23_1","Francisco I. Madero","GADM2","3.6","MX","Local Events","0.7289803486849947","20.240278101267094","-99.04732137701711","2026-01-12"
"MEX.13.23_1","Francisco I. Madero","GADM2","3.6","MX","Professional Services","0.4881813173728659","20.240278101267094","-99.04732137701711","2026-01-12"
"MEX.13.23_1","Francisco I. Madero","GADM2","3.6","MX","All","0.36421811174295055","20.240278101267094","-99.04732137701711","2026-01-12"
"MEX.16.50_1","La Piedad","GADM2","3.6","MX","Home Services","0.6252394023242444","20.30230460247725","-102.10187425093163","2026-01-12"
"MEX.16.50_1","La Piedad","GADM2","3.6","MX","All","0.481306180442444","20.30230460247725","-102.10187425093163","2026-01-12"
"MEX.16.50_1","La Piedad","GADM2","3.6","MX","Retail","0.46152836155210153","20.30230460247725","-102.10187425093163","2026-01-12"
"MEX.16.50_1","La Piedad","GADM2","3.6","MX","Lifestyle Services","0.533418972989662","20.30230460247725","-102.10187425093163","2026-01-12"
"MEX.16.50_1","La Piedad","GADM2","3.6","MX","Public Good","0.4535210150634567","20.30230460247725","-102.10187425093163","2026-01-12"
"MEX.16.50_1","La Piedad","GADM2","3.6","MX","Local Events","0.49419753848007425","20.30230460247725","-102.10187425093163","2026-01-12"
"MEX.16.50_1","La Piedad","GADM2","3.6","MX","Restaurants","0.583208549020078","20.30230460247725","-102.10187425093163","2026-01-12"
"MEX.16.50_1","La Piedad","GADM2","3.6","MX","Grocery & Convenience Stores","0.45913675670304915","20.30230460247725","-102.10187425093163","2026-01-12"
"MEX.16.50_1","La Piedad","GADM2","3.6","MX","Business & Utility Services","0.38892462331070876","20.30230460247725","-102.10187425093163","2026-01-12"
"MEX.16.50_1","La Piedad","GADM2","3.6","MX","Professional Services","0.44453503618620616","20.30230460247725","-102.10187425093163","2026-01-12"
"MEX.12.64_1","Tlacoachistlahuaca","GADM2","3.6","MX","All","0.43707657633646774","16.964767728722364","-98.24682605977365","2026-01-12"
"MEX.15.11_1","Atenco","GADM2","3.6","MX","","0.1398411248494606","19.450341121474455","-98.9226402101802","2026-01-12"
"MEX.15.11_1","Atenco","GADM2","3.6","MX","Grocery & Convenience Stores","0.41867935195858735","19.450341121474455","-98.9226402101802","2026-01-12"
"MEX.15.11_1","Atenco","GADM2","3.6","MX","Business & Utility Services","0.37369179085759374","19.450341121474455","-98.9226402101802","2026-01-12"
"MEX.15.11_1","Atenco","GADM2","3.6","MX","All","0.40998648109922037","19.450341121474455","-98.9226402101802","2026-01-12"
"MEX.15.11_1","Atenco","GADM2","3.6","MX","Home Services","0.5800184726508307","19.450341121474455","-98.9226402101802","2026-01-12"
"MEX.15.11_1","Atenco","GADM2","3.6","MX","Restaurants","0.25941418060061033","19.450341121474455","-98.9226402101802","2026-01-12"
"MEX.15.11_1","Atenco","GADM2","3.6","MX","Professional Services","0.555920963188602","19.450341121474455","-98.9226402101802","2026-01-12"
"MEX.15.11_1","Atenco","GADM2","3.6","MX","Public Good","0.31876030627427643","19.450341121474455","-98.9226402101802","2026-01-12"
"MEX.15.11_1","Atenco","GADM2","3.6","MX","Travel","0.12740066446627865","19.450341121474455","-98.9226402101802","2026-01-12"
"MEX.15.11_1","Atenco","GADM2","3.6","MX","Local Events","0.5550038882840581","19.450341121474455","-98.9226402101802","2026-01-12"
"MEX.15.11_1","Atenco","GADM2","3.6","MX","Lifestyle Services","0.6126221514504098","19.450341121474455","-98.9226402101802","2026-01-12"
"MEX.15.11_1","Atenco","GADM2","3.6","MX","Manufacturing","0.37320661190539955","19.450341121474455","-98.9226402101802","2026-01-12"
"MEX.15.11_1","Atenco","GADM2","3.6","MX","Retail","0.36861413740956206","19.450341121474455","-98.9226402101802","2026-01-12"
"MEX.11.20_1","Manuel Doblado","GADM2","3.6","MX","Retail","0.23161773554807658","20.671163160589593","-101.89324757893363","2026-01-12"
"MEX.11.20_1","Manuel Doblado","GADM2","3.6","MX","Professional Services","0.5052822389035917","20.671163160589593","-101.89324757893363","2026-01-12"
"MEX.11.20_1","Manuel Doblado","GADM2","3.6","MX","All","0.4884723670431107","20.671163160589593","-101.89324757893363","2026-01-12"
"MEX.11.20_1","Manuel Doblado","GADM2","3.6","MX","Restaurants","0.2930289628810068","20.671163160589593","-101.89324757893363","2026-01-12"
"MEX.11.20_1","Manuel Doblado","GADM2","3.6","MX","Lifestyle Services","0.620834980566201","20.671163160589593","-101.89324757893363","2026-01-12"
"MEX.11.20_1","Manuel Doblado","GADM2","3.6","MX","Business & Utility Services","0.5564530030303391","20.671163160589593","-101.89324757893363","2026-01-12"
"MEX.11.20_1","Manuel Doblado","GADM2","3.6","MX","Home Services","0.8740721333756375","20.671163160589593","-101.89324757893363","2026-01-12"
"MEX.32.5_1","Calera","GADM2","3.6","MX","All","0.44708384685464647","22.908545267168947","-102.73059448177914","2026-01-12"
"MEX.32.5_1","Calera","GADM2","3.6","MX","Retail","0.3198373905994365","22.908545267168947","-102.73059448177914","2026-01-12"
"MEX.32.5_1","Calera","GADM2","3.6","MX","Restaurants","0.6714099409600699","22.908545267168947","-102.73059448177914","2026-01-12"
"MEX.32.5_1","Calera","GADM2","3.6","MX","Business & Utility Services","0.5920141748356034","22.908545267168947","-102.73059448177914","2026-01-12"
"MEX.32.5_1","Calera","GADM2","3.6","MX","Grocery & Convenience Stores","0.471539174873214","22.908545267168947","-102.73059448177914","2026-01-12"
"MEX.32.5_1","Calera","GADM2","3.6","MX","Professional Services","0.48085080004375147","22.908545267168947","-102.73059448177914","2026-01-12"
"MEX.32.5_1","Calera","GADM2","3.6","MX","Home Services","0.49490613723055005","22.908545267168947","-102.73059448177914","2026-01-12"
"MEX.32.5_1","Calera","GADM2","3.6","MX","Public Good","0.3363801721707515","22.908545267168947","-102.73059448177914","2026-01-12"
"MEX.32.5_1","Calera","GADM2","3.6","MX","Lifestyle Services","0.370193315951318","22.908545267168947","-102.73059448177914","2026-01-12"
"MEX.32.5_1","Calera","GADM2","3.6","MX","Local Events","0.29044967794083","22.908545267168947","-102.73059448177914","2026-01-12"
"MEX.16.53_1","Los Reyes","GADM2","3.6","MX","Retail","0.2901676811968379","19.63237780569192","-102.41331530925284","2026-01-12"
"MEX.16.53_1","Los Reyes","GADM2","3.6","MX","Restaurants","0.3698361546869589","19.63237780569192","-102.41331530925284","2026-01-12"
"MEX.16.53_1","Los Reyes","GADM2","3.6","MX","Travel","0.36550860090021037","19.63237780569192","-102.41331530925284","2026-01-12"
"MEX.16.53_1","Los Reyes","GADM2","3.6","MX","Public Good","0.46367275693738913","19.63237780569192","-102.41331530925284","2026-01-12"
"MEX.16.53_1","Los Reyes","GADM2","3.6","MX","Home Services","0.4345163960566822","19.63237780569192","-102.41331530925284","2026-01-12"
"MEX.16.53_1","Los Reyes","GADM2","3.6","MX","Grocery & Convenience Stores","0.34308944250658435","19.63237780569192","-102.41331530925284","2026-01-12"
"MEX.16.53_1","Los Reyes","GADM2","3.6","MX","Business & Utility Services","0.24632253935508253","19.63237780569192","-102.41331530925284","2026-01-12"
"MEX.16.53_1","Los Reyes","GADM2","3.6","MX","Local Events","0.7696544468166681","19.63237780569192","-102.41331530925284","2026-01-12"
"MEX.16.53_1","Los Reyes","GADM2","3.6","MX","Lifestyle Services","0.20559522782189285","19.63237780569192","-102.41331530925284","2026-01-12"
"MEX.16.53_1","Los Reyes","GADM2","3.6","MX","All","0.24556198326442674","19.63237780569192","-102.41331530925284","2026-01-12"
"MEX.16.53_1","Los Reyes","GADM2","3.6","MX","Professional Services","0.35452749603489003","19.63237780569192","-102.41331530925284","2026-01-12"
"MEX.13.63_1","Tepeji del Río de Ocampo","GADM2","3.6","MX","Retail","0.39374947430940593","19.90254795137397","-99.3101666304691","2026-01-12"
"MEX.13.63_1","Tepeji del Río de Ocampo","GADM2","3.6","MX","Public Good","0.39879952965867227","19.90254795137397","-99.3101666304691","2026-01-12"
"MEX.13.63_1","Tepeji del Río de Ocampo","GADM2","3.6","MX","","0.4049282189182598","19.90254795137397","-99.3101666304691","2026-01-12"
"MEX.21.197_1","Xochiapulco","GADM2","3.6","MX","All","0.4682417801701887","19.86019173732999","-97.58853534326107","2026-01-12"
"MEX.30.145_1","Soconusco","GADM2","3.6","MX","Retail","0.42669854381025907","17.992497083031644","-94.83679336428409","2026-01-12"
"MEX.30.145_1","Soconusco","GADM2","3.6","MX","All","0.49621805139817976","17.992497083031644","-94.83679336428409","2026-01-12"
"MEX.21.89_1","Jopala","GADM2","3.6","MX","All","0.1825517781491224","20.23368243612524","-97.74582627776152","2026-01-12"
"MEX.14.125_1","Zapotlanejo","GADM2","3.6","MX","Business & Utility Services","0.4968865380055649","20.589022929107788","-103.09329373271669","2026-01-12"
"MEX.14.125_1","Zapotlanejo","GADM2","3.6","MX","Retail","0.4376829634038257","20.589022929107788","-103.09329373271669","2026-01-12"
"MEX.14.125_1","Zapotlanejo","GADM2","3.6","MX","Home Services","0.5260210419756143","20.589022929107788","-103.09329373271669","2026-01-12"
"MEX.14.125_1","Zapotlanejo","GADM2","3.6","MX","","0.523121399264262","20.589022929107788","-103.09329373271669","2026-01-12"
"MEX.14.125_1","Zapotlanejo","GADM2","3.6","MX","Professional Services","0.5560662465890723","20.589022929107788","-103.09329373271669","2026-01-12"
"MEX.14.125_1","Zapotlanejo","GADM2","3.6","MX","Local Events","0.5079913761933532","20.589022929107788","-103.09329373271669","2026-01-12"
"MEX.14.125_1","Zapotlanejo","GADM2","3.6","MX","Lifestyle Services","0.38702560382884404","20.589022929107788","-103.09329373271669","2026-01-12"
"MEX.14.125_1","Zapotlanejo","GADM2","3.6","MX","Public Good","0.2929157663430591","20.589022929107788","-103.09329373271669","2026-01-12"
"MEX.14.125_1","Zapotlanejo","GADM2","3.6","MX","All","0.47373228577964455","20.589022929107788","-103.09329373271669","2026-01-12"
"MEX.14.125_1","Zapotlanejo","GADM2","3.6","MX","Travel","0.6877552278486333","20.589022929107788","-103.09329373271669","2026-01-12"
"MEX.14.125_1","Zapotlanejo","GADM2","3.6","MX","Grocery & Convenience Stores","0.45380052506268687","20.589022929107788","-103.09329373271669","2026-01-12"
"MEX.14.125_1","Zapotlanejo","GADM2","3.6","MX","Manufacturing","0.4926218168994729","20.589022929107788","-103.09329373271669","2026-01-12"
"MEX.14.125_1","Zapotlanejo","GADM2","3.6","MX","Restaurants","0.43626058714270577","20.589022929107788","-103.09329373271669","2026-01-12"
"MEX.14.59_1","Lago de Chapala","GADM2","3.6","MX","Travel","0.6748118598435747","20.209020212792982","-103.03257379299606","2026-01-12"
"MEX.14.59_1","Lago de Chapala","GADM2","3.6","MX","Public Good","0.48902366534251324","20.209020212792982","-103.03257379299606","2026-01-12"
"MEX.14.59_1","Lago de Chapala","GADM2","3.6","MX","Lifestyle Services","0.7639023496929653","20.209020212792982","-103.03257379299606","2026-01-12"
"MEX.14.59_1","Lago de Chapala","GADM2","3.6","MX","Restaurants","0.42394779558564727","20.209020212792982","-103.03257379299606","2026-01-12"
"MEX.14.59_1","Lago de Chapala","GADM2","3.6","MX","Retail","0.3225679476641348","20.209020212792982","-103.03257379299606","2026-01-12"
"MEX.14.59_1","Lago de Chapala","GADM2","3.6","MX","All","0.6188249204316307","20.209020212792982","-103.03257379299606","2026-01-12"
"MEX.14.59_1","Lago de Chapala","GADM2","3.6","MX","Grocery & Convenience Stores","0.4019043357154749","20.209020212792982","-103.03257379299606","2026-01-12"
"MEX.14.59_1","Lago de Chapala","GADM2","3.6","MX","Home Services","0.7162124785618126","20.209020212792982","-103.03257379299606","2026-01-12"
"MEX.14.59_1","Lago de Chapala","GADM2","3.6","MX","Business & Utility Services","0.5723023504244035","20.209020212792982","-103.03257379299606","2026-01-12"
"MEX.32.32_1","Morelos","GADM2","3.6","MX","All","0.33719415363151245","22.811589150363883","-102.66818464552745","2026-01-12"
"MEX.32.32_1","Morelos","GADM2","3.6","MX","Professional Services","0.21589675709484255","22.811589150363883","-102.66818464552745","2026-01-12"
"MEX.32.32_1","Morelos","GADM2","3.6","MX","Home Services","0.40096668458441415","22.811589150363883","-102.66818464552745","2026-01-12"
"MEX.15.49_1","Jiquipilco","GADM2","3.6","MX","Retail","0.4737652917117058","19.579926410243818","-99.58047944396284","2026-01-12"
"MEX.15.49_1","Jiquipilco","GADM2","3.6","MX","All","0.3202672551357093","19.579926410243818","-99.58047944396284","2026-01-12"
"MEX.15.49_1","Jiquipilco","GADM2","3.6","MX","Restaurants","0.17157540032748667","19.579926410243818","-99.58047944396284","2026-01-12"
"MEX.15.49_1","Jiquipilco","GADM2","3.6","MX","Home Services","0.4195460768236973","19.579926410243818","-99.58047944396284","2026-01-12"
"MEX.15.49_1","Jiquipilco","GADM2","3.6","MX","Professional Services","0.39832605155861484","19.579926410243818","-99.58047944396284","2026-01-12"
"MEX.12.8_1","Atenango del Río","GADM2","3.6","MX","All","0.19923670919498665","18.134728438370963","-98.95601792787446","2026-01-12"
"MEX.21.103_1","Nopalucan","GADM2","3.6","MX","Home Services","0.45484752619856333","19.21579429201224","-97.74875888265842","2026-01-12"
"MEX.21.103_1","Nopalucan","GADM2","3.6","MX","Professional Services","0.4156883084021433","19.21579429201224","-97.74875888265842","2026-01-12"
"MEX.21.103_1","Nopalucan","GADM2","3.6","MX","All","0.1761813704471531","19.21579429201224","-97.74875888265842","2026-01-12"
"MEX.21.103_1","Nopalucan","GADM2","3.6","MX","Retail","0.4272750502398338","19.21579429201224","-97.74875888265842","2026-01-12"
"MEX.21.103_1","Nopalucan","GADM2","3.6","MX","Grocery & Convenience Stores","0.49075625119814037","19.21579429201224","-97.74875888265842","2026-01-12"
"MEX.21.103_1","Nopalucan","GADM2","3.6","MX","Restaurants","0.06687833743983476","19.21579429201224","-97.74875888265842","2026-01-12"
"MEX.21.103_1","Nopalucan","GADM2","3.6","MX","Business & Utility Services","0.33929548310125063","19.21579429201224","-97.74875888265842","2026-01-12"
"MEX.21.103_1","Nopalucan","GADM2","3.6","MX","Lifestyle Services","0.382101657945265","19.21579429201224","-97.74875888265842","2026-01-12"
"MEX.21.200_1","Xochitlán Todos Santos","GADM2","3.6","MX","All","0.5020886728296231","18.736135107747813","-97.67771903652333","2026-01-12"
"MEX.21.200_1","Xochitlán Todos Santos","GADM2","3.6","MX","Home Services","0.7188596039167008","18.736135107747813","-97.67771903652333","2026-01-12"
"MEX.21.200_1","Xochitlán Todos Santos","GADM2","3.6","MX","Restaurants","0.5609093974199016","18.736135107747813","-97.67771903652333","2026-01-12"
"MEX.21.200_1","Xochitlán Todos Santos","GADM2","3.6","MX","Professional Services","0.8263925947660887","18.736135107747813","-97.67771903652333","2026-01-12"
"MEX.21.200_1","Xochitlán Todos Santos","GADM2","3.6","MX","Retail","0.3207010962219122","18.736135107747813","-97.67771903652333","2026-01-12"
"MEX.21.200_1","Xochitlán Todos Santos","GADM2","3.6","MX","Lifestyle Services","0.42216588405369865","18.736135107747813","-97.67771903652333","2026-01-12"
"MEX.21.200_1","Xochitlán Todos Santos","GADM2","3.6","MX","Grocery & Convenience Stores","0.4692165802781629","18.736135107747813","-97.67771903652333","2026-01-12"
"MEX.24.18_1","Huehuetlán","GADM2","3.6","MX","All","0.48183259486642144","21.556861096618746","-99.01902425220223","2026-01-12"
"MEX.28.39_1","Tula","GADM2","3.6","MX","All","0.2755975655255086","22.946635003158104","-99.7860869449811","2026-01-12"
"MEX.28.39_1","Tula","GADM2","3.6","MX","Retail","0.4044502084090799","22.946635003158104","-99.7860869449811","2026-01-12"
"MEX.28.39_1","Tula","GADM2","3.6","MX","Home Services","0.337129884120018","22.946635003158104","-99.7860869449811","2026-01-12"
"MEX.28.39_1","Tula","GADM2","3.6","MX","Grocery & Convenience Stores","0.4958328865354006","22.946635003158104","-99.7860869449811","2026-01-12"
"MEX.28.39_1","Tula","GADM2","3.6","MX","Restaurants","0.5892065305073253","22.946635003158104","-99.7860869449811","2026-01-12"
"MEX.28.39_1","Tula","GADM2","3.6","MX","Public Good","0.2743601708547618","22.946635003158104","-99.7860869449811","2026-01-12"
"MEX.28.39_1","Tula","GADM2","3.6","MX","Professional Services","0.32229554025837837","22.946635003158104","-99.7860869449811","2026-01-12"
"MEX.12.69_1","Tlapehuala","GADM2","3.6","MX","Professional Services","0.43154797754255336","18.21739183477849","-100.43769682031977","2026-01-12"
"MEX.12.69_1","Tlapehuala","GADM2","3.6","MX","Grocery & Convenience Stores","0.7253599713581311","18.21739183477849","-100.43769682031977","2026-01-12"
"MEX.12.69_1","Tlapehuala","GADM2","3.6","MX","Restaurants","0.36332426800815615","18.21739183477849","-100.43769682031977","2026-01-12"
"MEX.12.69_1","Tlapehuala","GADM2","3.6","MX","All","0.31063303770374245","18.21739183477849","-100.43769682031977","2026-01-12"
"MEX.12.69_1","Tlapehuala","GADM2","3.6","MX","Home Services","0.39567977674054194","18.21739183477849","-100.43769682031977","2026-01-12"
"MEX.12.69_1","Tlapehuala","GADM2","3.6","MX","Retail","0.361163023376171","18.21739183477849","-100.43769682031977","2026-01-12"
"MEX.32.54_1","Villa Hidalgo","GADM2","3.6","MX","All","0.2810902609377198","22.394494914032713","-101.7266251031351","2026-01-12"
"MEX.17.6_1","Cuautla","GADM2","3.6","MX","Retail","0.3142121632651517","18.81583929887477","-98.90464151742485","2026-01-12"
"MEX.17.6_1","Cuautla","GADM2","3.6","MX","Manufacturing","0.6050646591160278","18.81583929887477","-98.90464151742485","2026-01-12"
"MEX.17.6_1","Cuautla","GADM2","3.6","MX","All","0.37111688108623814","18.81583929887477","-98.90464151742485","2026-01-12"
"MEX.17.6_1","Cuautla","GADM2","3.6","MX","Public Good","0.2764654380839272","18.81583929887477","-98.90464151742485","2026-01-12"
"MEX.17.6_1","Cuautla","GADM2","3.6","MX","Restaurants","0.20207073221548652","18.81583929887477","-98.90464151742485","2026-01-12"
"MEX.17.6_1","Cuautla","GADM2","3.6","MX","","0.35172542580015315","18.81583929887477","-98.90464151742485","2026-01-12"
"MEX.17.6_1","Cuautla","GADM2","3.6","MX","Lifestyle Services","0.3986092536246156","18.81583929887477","-98.90464151742485","2026-01-12"
"MEX.17.6_1","Cuautla","GADM2","3.6","MX","Business & Utility Services","0.38299204371480894","18.81583929887477","-98.90464151742485","2026-01-12"
"MEX.17.6_1","Cuautla","GADM2","3.6","MX","Home Services","0.5619030063635245","18.81583929887477","-98.90464151742485","2026-01-12"
"MEX.17.6_1","Cuautla","GADM2","3.6","MX","Professional Services","0.5158130296835814","18.81583929887477","-98.90464151742485","2026-01-12"
"MEX.17.6_1","Cuautla","GADM2","3.6","MX","Grocery & Convenience Stores","0.19415412336873597","18.81583929887477","-98.90464151742485","2026-01-12"
"MEX.17.6_1","Cuautla","GADM2","3.6","MX","Travel","0.41850332262312523","18.81583929887477","-98.90464151742485","2026-01-12"
"MEX.17.6_1","Cuautla","GADM2","3.6","MX","Local Events","0.4934498365162005","18.81583929887477","-98.90464151742485","2026-01-12"
"MEX.11.29_1","San Diego de la Unión","GADM2","3.6","MX","Professional Services","0.21665494624959436","21.44189230235624","-100.8611728048645","2026-01-12"
"MEX.11.29_1","San Diego de la Unión","GADM2","3.6","MX","All","0.12132805102163847","21.44189230235624","-100.8611728048645","2026-01-12"
"MEX.11.29_1","San Diego de la Unión","GADM2","3.6","MX","Public Good","0.2109701764391325","21.44189230235624","-100.8611728048645","2026-01-12"
"MEX.11.29_1","San Diego de la Unión","GADM2","3.6","MX","Lifestyle Services","0.30090533630921884","21.44189230235624","-100.8611728048645","2026-01-12"
"MEX.11.29_1","San Diego de la Unión","GADM2","3.6","MX","Home Services","0.39298909097356766","21.44189230235624","-100.8611728048645","2026-01-12"
"MEX.11.29_1","San Diego de la Unión","GADM2","3.6","MX","Restaurants","0.45480058630425296","21.44189230235624","-100.8611728048645","2026-01-12"
"MEX.11.29_1","San Diego de la Unión","GADM2","3.6","MX","Retail","0.3872647143738873","21.44189230235624","-100.8611728048645","2026-01-12"
"MEX.11.29_1","San Diego de la Unión","GADM2","3.6","MX","Grocery & Convenience Stores","0.19936530579088424","21.44189230235624","-100.8611728048645","2026-01-12"
"MEX.29.12_1","El Carmen Tequexquitla","GADM2","3.6","MX","All","0.6189273223571309","19.396521701974486","-97.59734591619521","2026-01-12"
"MEX.9.12_1","Milpa Alta","GADM2","3.6","MX","Professional Services","0.7226383317842606","19.11484312973102","-98.96659409730145","2026-01-12"
"MEX.9.12_1","Milpa Alta","GADM2","3.6","MX","All","0.5626096568887878","19.11484312973102","-98.96659409730145","2026-01-12"
"MEX.9.12_1","Milpa Alta","GADM2","3.6","MX","Grocery & Convenience Stores","0.6589541351769659","19.11484312973102","-98.96659409730145","2026-01-12"
"MEX.9.12_1","Milpa Alta","GADM2","3.6","MX","Lifestyle Services","0.40845283140411875","19.11484312973102","-98.96659409730145","2026-01-12"
"MEX.9.12_1","Milpa Alta","GADM2","3.6","MX","Public Good","0.27150869071192707","19.11484312973102","-98.96659409730145","2026-01-12"
"MEX.9.12_1","Milpa Alta","GADM2","3.6","MX","Retail","0.7090442837069528","19.11484312973102","-98.96659409730145","2026-01-12"
"MEX.9.12_1","Milpa Alta","GADM2","3.6","MX","Restaurants","0.2394686487193451","19.11484312973102","-98.96659409730145","2026-01-12"
"MEX.9.12_1","Milpa Alta","GADM2","3.6","MX","Business & Utility Services","0.5778644581480973","19.11484312973102","-98.96659409730145","2026-01-12"
"MEX.9.12_1","Milpa Alta","GADM2","3.6","MX","Home Services","0.44891777721973664","19.11484312973102","-98.96659409730145","2026-01-12"
"MEX.30.30_1","Castillo de Teayo","GADM2","3.6","MX","All","0.4962117006079236","20.746654742511268","-97.62861163603624","2026-01-12"
"MEX.21.71_1","Huauchinango","GADM2","3.6","MX","","0.6318324249143539","20.183945098469867","-98.0103037027783","2026-01-12"
"MEX.21.71_1","Huauchinango","GADM2","3.6","MX","Grocery & Convenience Stores","0.32592551043517365","20.183945098469867","-98.0103037027783","2026-01-12"
"MEX.21.71_1","Huauchinango","GADM2","3.6","MX","Local Events","0.3968641856226266","20.183945098469867","-98.0103037027783","2026-01-12"
"MEX.21.71_1","Huauchinango","GADM2","3.6","MX","Home Services","0.6698743637465753","20.183945098469867","-98.0103037027783","2026-01-12"
"MEX.21.71_1","Huauchinango","GADM2","3.6","MX","Travel","0.558250783534507","20.183945098469867","-98.0103037027783","2026-01-12"
"MEX.21.71_1","Huauchinango","GADM2","3.6","MX","Retail","0.35442971595591594","20.183945098469867","-98.0103037027783","2026-01-12"
"MEX.21.71_1","Huauchinango","GADM2","3.6","MX","Professional Services","0.44009366854584375","20.183945098469867","-98.0103037027783","2026-01-12"
"MEX.21.71_1","Huauchinango","GADM2","3.6","MX","Manufacturing","0.7757825180750422","20.183945098469867","-98.0103037027783","2026-01-12"
"MEX.21.71_1","Huauchinango","GADM2","3.6","MX","Public Good","0.32338300439352147","20.183945098469867","-98.0103037027783","2026-01-12"
"MEX.21.71_1","Huauchinango","GADM2","3.6","MX","Restaurants","0.41977393267109175","20.183945098469867","-98.0103037027783","2026-01-12"
"MEX.21.71_1","Huauchinango","GADM2","3.6","MX","Business & Utility Services","0.4469344929124314","20.183945098469867","-98.0103037027783","2026-01-12"
"MEX.21.71_1","Huauchinango","GADM2","3.6","MX","Lifestyle Services","0.3871375283423023","20.183945098469867","-98.0103037027783","2026-01-12"
"MEX.21.71_1","Huauchinango","GADM2","3.6","MX","All","0.4144990771807932","20.183945098469867","-98.0103037027783","2026-01-12"
"MEX.15.5_1","Almoloya de Juárez","GADM2","3.6","MX","","0.34909628948891885","19.35425812422163","-99.78315708520634","2026-01-12"
"MEX.15.5_1","Almoloya de Juárez","GADM2","3.6","MX","Home Services","0.4325736280819745","19.35425812422163","-99.78315708520634","2026-01-12"
"MEX.15.5_1","Almoloya de Juárez","GADM2","3.6","MX","Public Good","0.2165318289395308","19.35425812422163","-99.78315708520634","2026-01-12"
"MEX.15.5_1","Almoloya de Juárez","GADM2","3.6","MX","Business & Utility Services","0.4980068953422857","19.35425812422163","-99.78315708520634","2026-01-12"
"MEX.15.5_1","Almoloya de Juárez","GADM2","3.6","MX","Travel","0.4589174736730276","19.35425812422163","-99.78315708520634","2026-01-12"
"MEX.15.5_1","Almoloya de Juárez","GADM2","3.6","MX","Professional Services","0.42372975743608177","19.35425812422163","-99.78315708520634","2026-01-12"
"MEX.15.5_1","Almoloya de Juárez","GADM2","3.6","MX","Restaurants","0.4267454526168251","19.35425812422163","-99.78315708520634","2026-01-12"
"MEX.15.5_1","Almoloya de Juárez","GADM2","3.6","MX","Retail","0.482846170563672","19.35425812422163","-99.78315708520634","2026-01-12"
"MEX.15.5_1","Almoloya de Juárez","GADM2","3.6","MX","Grocery & Convenience Stores","0.43263347023503157","19.35425812422163","-99.78315708520634","2026-01-12"
"MEX.15.5_1","Almoloya de Juárez","GADM2","3.6","MX","Local Events","0.6073293983867346","19.35425812422163","-99.78315708520634","2026-01-12"
"MEX.15.5_1","Almoloya de Juárez","GADM2","3.6","MX","All","0.4336660853748349","19.35425812422163","-99.78315708520634","2026-01-12"
"MEX.15.5_1","Almoloya de Juárez","GADM2","3.6","MX","Lifestyle Services","0.2590512727779038","19.35425812422163","-99.78315708520634","2026-01-12"
"MEX.15.5_1","Almoloya de Juárez","GADM2","3.6","MX","Manufacturing","0.46827581475902463","19.35425812422163","-99.78315708520634","2026-01-12"
"MEX.12.34_1","Huamuxtitlán","GADM2","3.6","MX","All","0.6285375743204066","17.81839752089527","-98.43433127265747","2026-01-12"
"MEX.15.32_1","Cuautitlán Izcalli","GADM2","3.6","MX","Lifestyle Services","0.31978138168435327","19.60049869576179","-99.17194572097816","2026-01-12"
"MEX.15.32_1","Cuautitlán Izcalli","GADM2","3.6","MX","Grocery & Convenience Stores","0.64310719720058","19.60049869576179","-99.17194572097816","2026-01-12"
"MEX.15.32_1","Cuautitlán Izcalli","GADM2","3.6","MX","All","0.42628217614428526","19.60049869576179","-99.17194572097816","2026-01-12"
"MEX.15.32_1","Cuautitlán Izcalli","GADM2","3.6","MX","Home Services","0.4407877191032746","19.60049869576179","-99.17194572097816","2026-01-12"
"MEX.15.32_1","Cuautitlán Izcalli","GADM2","3.6","MX","","0.3505380237275074","19.60049869576179","-99.17194572097816","2026-01-12"
"MEX.15.32_1","Cuautitlán Izcalli","GADM2","3.6","MX","Public Good","0.28396461007747453","19.60049869576179","-99.17194572097816","2026-01-12"
"MEX.15.32_1","Cuautitlán Izcalli","GADM2","3.6","MX","Professional Services","0.4466629480510891","19.60049869576179","-99.17194572097816","2026-01-12"
"MEX.15.32_1","Cuautitlán Izcalli","GADM2","3.6","MX","Restaurants","0.30135254877684087","19.60049869576179","-99.17194572097816","2026-01-12"
"MEX.15.32_1","Cuautitlán Izcalli","GADM2","3.6","MX","Retail","0.4065528206409801","19.60049869576179","-99.17194572097816","2026-01-12"
"MEX.15.32_1","Cuautitlán Izcalli","GADM2","3.6","MX","Local Events","0.572738934014534","19.60049869576179","-99.17194572097816","2026-01-12"
"MEX.15.32_1","Cuautitlán Izcalli","GADM2","3.6","MX","Business & Utility Services","0.5345005887034964","19.60049869576179","-99.17194572097816","2026-01-12"
"MEX.15.32_1","Cuautitlán Izcalli","GADM2","3.6","MX","Travel","0.5090195374091669","19.60049869576179","-99.17194572097816","2026-01-12"
"MEX.15.32_1","Cuautitlán Izcalli","GADM2","3.6","MX","Manufacturing","0.49702027723474973","19.60049869576179","-99.17194572097816","2026-01-12"
"MEX.30.41_1","Chocomán","GADM2","3.6","MX","Retail","0.4301249237673394","19.011045974125945","-96.97556583489191","2026-01-12"
"MEX.30.41_1","Chocomán","GADM2","3.6","MX","Restaurants","0.3660817930727891","19.011045974125945","-96.97556583489191","2026-01-12"
"MEX.30.41_1","Chocomán","GADM2","3.6","MX","All","0.3047929069130387","19.011045974125945","-96.97556583489191","2026-01-12"
"MEX.13.14_1","Cardonal","GADM2","3.6","MX","All","0.5536084639721716","20.670987510411575","-99.02732269376801","2026-01-12"
"MEX.13.46_1","Pachuca de Soto","GADM2","3.6","MX","Grocery & Convenience Stores","0.32750905315279516","20.092473867615066","-98.68734420919681","2026-01-12"
"MEX.13.46_1","Pachuca de Soto","GADM2","3.6","MX","Local Events","0.3851213403870163","20.092473867615066","-98.68734420919681","2026-01-12"
"MEX.13.46_1","Pachuca de Soto","GADM2","3.6","MX","Professional Services","0.467195330166605","20.092473867615066","-98.68734420919681","2026-01-12"
"MEX.13.46_1","Pachuca de Soto","GADM2","3.6","MX","All","0.3573771923847145","20.092473867615066","-98.68734420919681","2026-01-12"
"MEX.13.46_1","Pachuca de Soto","GADM2","3.6","MX","Home Services","0.41577236642614057","20.092473867615066","-98.68734420919681","2026-01-12"
"MEX.13.46_1","Pachuca de Soto","GADM2","3.6","MX","","0.5108466458603125","20.092473867615066","-98.68734420919681","2026-01-12"
"MEX.13.46_1","Pachuca de Soto","GADM2","3.6","MX","Manufacturing","0.6158159252475853","20.092473867615066","-98.68734420919681","2026-01-12"
"MEX.13.46_1","Pachuca de Soto","GADM2","3.6","MX","Business & Utility Services","0.31792709593207025","20.092473867615066","-98.68734420919681","2026-01-12"
"MEX.13.46_1","Pachuca de Soto","GADM2","3.6","MX","Travel","0.3608386902104947","20.092473867615066","-98.68734420919681","2026-01-12"
"MEX.13.46_1","Pachuca de Soto","GADM2","3.6","MX","Public Good","0.20476631414704577","20.092473867615066","-98.68734420919681","2026-01-12"
"MEX.13.46_1","Pachuca de Soto","GADM2","3.6","MX","Retail","0.33369743333135565","20.092473867615066","-98.68734420919681","2026-01-12"
"MEX.13.46_1","Pachuca de Soto","GADM2","3.6","MX","Restaurants","0.22287580849421978","20.092473867615066","-98.68734420919681","2026-01-12"
"MEX.13.46_1","Pachuca de Soto","GADM2","3.6","MX","Lifestyle Services","0.38519072404250726","20.092473867615066","-98.68734420919681","2026-01-12"
"MEX.16.88_1","Tarímbaro","GADM2","3.6","MX","Restaurants","0.40656507748110327","19.803656735759347","-101.1803710989041","2026-01-12"
"MEX.16.88_1","Tarímbaro","GADM2","3.6","MX","Local Events","0.27832866633018455","19.803656735759347","-101.1803710989041","2026-01-12"
"MEX.16.88_1","Tarímbaro","GADM2","3.6","MX","","0.46126090163181177","19.803656735759347","-101.1803710989041","2026-01-12"
"MEX.16.88_1","Tarímbaro","GADM2","3.6","MX","Retail","0.4862972546931355","19.803656735759347","-101.1803710989041","2026-01-12"
"MEX.16.88_1","Tarímbaro","GADM2","3.6","MX","Travel","0.5249435036717028","19.803656735759347","-101.1803710989041","2026-01-12"
"MEX.16.88_1","Tarímbaro","GADM2","3.6","MX","Home Services","0.4642147629165955","19.803656735759347","-101.1803710989041","2026-01-12"
"MEX.16.88_1","Tarímbaro","GADM2","3.6","MX","Lifestyle Services","0.17426439604591568","19.803656735759347","-101.1803710989041","2026-01-12"
"MEX.16.88_1","Tarímbaro","GADM2","3.6","MX","Public Good","0.39303348614807065","19.803656735759347","-101.1803710989041","2026-01-12"
"MEX.16.88_1","Tarímbaro","GADM2","3.6","MX","Grocery & Convenience Stores","0.5808737531246726","19.803656735759347","-101.1803710989041","2026-01-12"
"MEX.16.88_1","Tarímbaro","GADM2","3.6","MX","All","0.38691164299403863","19.803656735759347","-101.1803710989041","2026-01-12"
"MEX.16.88_1","Tarímbaro","GADM2","3.6","MX","Professional Services","0.4853253277656956","19.803656735759347","-101.1803710989041","2026-01-12"
"MEX.16.88_1","Tarímbaro","GADM2","3.6","MX","Business & Utility Services","0.5273341310025613","19.803656735759347","-101.1803710989041","2026-01-12"
"MEX.21.208_1","Zaragoza","GADM2","3.6","MX","Public Good","0.44863295136240927","19.825116957906545","-97.48568778072698","2026-01-12"
"MEX.21.208_1","Zaragoza","GADM2","3.6","MX","Retail","0.4506306681605885","19.825116957906545","-97.48568778072698","2026-01-12"
"MEX.21.208_1","Zaragoza","GADM2","3.6","MX","Home Services","0.5036952222551544","19.825116957906545","-97.48568778072698","2026-01-12"
"MEX.21.208_1","Zaragoza","GADM2","3.6","MX","Grocery & Convenience Stores","0.4150704153072928","19.825116957906545","-97.48568778072698","2026-01-12"
"MEX.21.208_1","Zaragoza","GADM2","3.6","MX","Professional Services","0.6422007045871025","19.825116957906545","-97.48568778072698","2026-01-12"
"MEX.21.208_1","Zaragoza","GADM2","3.6","MX","Travel","0.4461207018498616","19.825116957906545","-97.48568778072698","2026-01-12"
"MEX.21.208_1","Zaragoza","GADM2","3.6","MX","Business & Utility Services","0.44490908308875987","19.825116957906545","-97.48568778072698","2026-01-12"
"MEX.21.208_1","Zaragoza","GADM2","3.6","MX","All","0.33121582290914847","19.825116957906545","-97.48568778072698","2026-01-12"
"MEX.21.208_1","Zaragoza","GADM2","3.6","MX","Local Events","0.2457728293636734","19.825116957906545","-97.48568778072698","2026-01-12"
"MEX.21.208_1","Zaragoza","GADM2","3.6","MX","Restaurants","0.43808366744595956","19.825116957906545","-97.48568778072698","2026-01-12"
"MEX.21.208_1","Zaragoza","GADM2","3.6","MX","Lifestyle Services","0.36625433267313917","19.825116957906545","-97.48568778072698","2026-01-12"
"MEX.12.58_1","Tecoanapa","GADM2","3.6","MX","Retail","0.3721257433958075","17.02523450650695","-99.2280524119762","2026-01-12"
"MEX.12.58_1","Tecoanapa","GADM2","3.6","MX","All","0.3752735794908645","17.02523450650695","-99.2280524119762","2026-01-12"
"MEX.12.58_1","Tecoanapa","GADM2","3.6","MX","Restaurants","0.37768732831439994","17.02523450650695","-99.2280524119762","2026-01-12"
"MEX.13.49_1","Progreso de Obregón","GADM2","3.6","MX","All","0.584841141946317","20.374692060505186","-99.11682839049259","2026-01-12"
"MEX.12.17_1","Chilpancingo de los Bravo","GADM2","3.6","MX","All","0.45409300031711125","17.3826970453053","-99.64146484253408","2026-01-12"
"MEX.12.17_1","Chilpancingo de los Bravo","GADM2","3.6","MX","Grocery & Convenience Stores","0.44341150097257165","17.3826970453053","-99.64146484253408","2026-01-12"
"MEX.12.17_1","Chilpancingo de los Bravo","GADM2","3.6","MX","Public Good","0.27013498679320147","17.3826970453053","-99.64146484253408","2026-01-12"
"MEX.12.17_1","Chilpancingo de los Bravo","GADM2","3.6","MX","Retail","0.3902425027924617","17.3826970453053","-99.64146484253408","2026-01-12"
"MEX.12.17_1","Chilpancingo de los Bravo","GADM2","3.6","MX","Local Events","0.6809322053872717","17.3826970453053","-99.64146484253408","2026-01-12"
"MEX.12.17_1","Chilpancingo de los Bravo","GADM2","3.6","MX","Professional Services","0.5407154992759085","17.3826970453053","-99.64146484253408","2026-01-12"
"MEX.12.17_1","Chilpancingo de los Bravo","GADM2","3.6","MX","Business & Utility Services","0.3321677101491153","17.3826970453053","-99.64146484253408","2026-01-12"
"MEX.12.17_1","Chilpancingo de los Bravo","GADM2","3.6","MX","Travel","0.41335150981442925","17.3826970453053","-99.64146484253408","2026-01-12"
"MEX.12.17_1","Chilpancingo de los Bravo","GADM2","3.6","MX","Restaurants","0.386282129036605","17.3826970453053","-99.64146484253408","2026-01-12"
"MEX.12.17_1","Chilpancingo de los Bravo","GADM2","3.6","MX","Lifestyle Services","0.46976887363107533","17.3826970453053","-99.64146484253408","2026-01-12"
"MEX.12.17_1","Chilpancingo de los Bravo","GADM2","3.6","MX","","0.5915414200865924","17.3826970453053","-99.64146484253408","2026-01-12"
"MEX.12.17_1","Chilpancingo de los Bravo","GADM2","3.6","MX","Home Services","0.4571720722308027","17.3826970453053","-99.64146484253408","2026-01-12"
"MEX.12.17_1","Chilpancingo de los Bravo","GADM2","3.6","MX","Manufacturing","0.6842391886348602","17.3826970453053","-99.64146484253408","2026-01-12"
"MEX.30.38_1","Chicontepec","GADM2","3.6","MX","All","0.4875154286544622","21.059647604774234","-98.04449044946844","2026-01-12"
"MEX.30.38_1","Chicontepec","GADM2","3.6","MX","Home Services","0.8163923287998462","21.059647604774234","-98.04449044946844","2026-01-12"
"MEX.30.38_1","Chicontepec","GADM2","3.6","MX","Professional Services","0.2785863979298227","21.059647604774234","-98.04449044946844","2026-01-12"
"MEX.30.38_1","Chicontepec","GADM2","3.6","MX","Grocery & Convenience Stores","0.34323676332076536","21.059647604774234","-98.04449044946844","2026-01-12"
"MEX.30.38_1","Chicontepec","GADM2","3.6","MX","Retail","0.4081123437206689","21.059647604774234","-98.04449044946844","2026-01-12"
"MEX.30.38_1","Chicontepec","GADM2","3.6","MX","Restaurants","0.4687244376938779","21.059647604774234","-98.04449044946844","2026-01-12"
"MEX.30.55_1","Coscomatepec","GADM2","3.6","MX","Professional Services","0.5207058044174616","19.055096404491643","-97.0267936652943","2026-01-12"
"MEX.30.55_1","Coscomatepec","GADM2","3.6","MX","Business & Utility Services","0.5231860821770508","19.055096404491643","-97.0267936652943","2026-01-12"
"MEX.30.55_1","Coscomatepec","GADM2","3.6","MX","Grocery & Convenience Stores","0.6120550599202811","19.055096404491643","-97.0267936652943","2026-01-12"
"MEX.30.55_1","Coscomatepec","GADM2","3.6","MX","Local Events","0.7103925520945411","19.055096404491643","-97.0267936652943","2026-01-12"
"MEX.30.55_1","Coscomatepec","GADM2","3.6","MX","Restaurants","0.3210221325693227","19.055096404491643","-97.0267936652943","2026-01-12"
"MEX.30.55_1","Coscomatepec","GADM2","3.6","MX","Home Services","0.5572397094784101","19.055096404491643","-97.0267936652943","2026-01-12"
"MEX.30.55_1","Coscomatepec","GADM2","3.6","MX","Public Good","0.43920254466599074","19.055096404491643","-97.0267936652943","2026-01-12"
"MEX.30.55_1","Coscomatepec","GADM2","3.6","MX","All","0.4009202288053408","19.055096404491643","-97.0267936652943","2026-01-12"
"MEX.30.55_1","Coscomatepec","GADM2","3.6","MX","Retail","0.1457595838473519","19.055096404491643","-97.0267936652943","2026-01-12"
"MEX.30.55_1","Coscomatepec","GADM2","3.6","MX","Lifestyle Services","0.4290774919032249","19.055096404491643","-97.0267936652943","2026-01-12"
"MEX.30.196_1","Yanga","GADM2","3.6","MX","Restaurants","0.4535144733786952","18.824927618615032","-96.72937899111102","2026-01-12"
"MEX.30.196_1","Yanga","GADM2","3.6","MX","Grocery & Convenience Stores","0.5301442742830859","18.824927618615032","-96.72937899111102","2026-01-12"
"MEX.30.196_1","Yanga","GADM2","3.6","MX","Home Services","0.5331171896361078","18.824927618615032","-96.72937899111102","2026-01-12"
"MEX.30.196_1","Yanga","GADM2","3.6","MX","All","0.30070409597321024","18.824927618615032","-96.72937899111102","2026-01-12"
"MEX.30.196_1","Yanga","GADM2","3.6","MX","Professional Services","0.5747448314047163","18.824927618615032","-96.72937899111102","2026-01-12"
"MEX.30.196_1","Yanga","GADM2","3.6","MX","Public Good","0.4857205200604894","18.824927618615032","-96.72937899111102","2026-01-12"
"MEX.30.196_1","Yanga","GADM2","3.6","MX","Retail","0.32246493945770877","18.824927618615032","-96.72937899111102","2026-01-12"
"MEX.30.196_1","Yanga","GADM2","3.6","MX","Business & Utility Services","0.1920945089318123","18.824927618615032","-96.72937899111102","2026-01-12"
"MEX.30.196_1","Yanga","GADM2","3.6","MX","Lifestyle Services","0.10593509705250646","18.824927618615032","-96.72937899111102","2026-01-12"
"MEX.13.25_1","Huautla","GADM2","3.6","MX","Retail","0.2034323338391384","21.062536932425786","-98.21905153960532","2026-01-12"
"MEX.13.25_1","Huautla","GADM2","3.6","MX","All","0.4757133005706188","21.062536932425786","-98.21905153960532","2026-01-12"
"MEX.16.110_1","Zinapécuaro","GADM2","3.6","MX","Home Services","0.4076702781400886","19.861143930399766","-100.74319219775141","2026-01-12"
"MEX.16.110_1","Zinapécuaro","GADM2","3.6","MX","Grocery & Convenience Stores","0.30760117707896173","19.861143930399766","-100.74319219775141","2026-01-12"
"MEX.16.110_1","Zinapécuaro","GADM2","3.6","MX","Professional Services","0.5944868795568413","19.861143930399766","-100.74319219775141","2026-01-12"
"MEX.16.110_1","Zinapécuaro","GADM2","3.6","MX","Public Good","0.501930165687558","19.861143930399766","-100.74319219775141","2026-01-12"
"MEX.16.110_1","Zinapécuaro","GADM2","3.6","MX","Business & Utility Services","0.6964137972049549","19.861143930399766","-100.74319219775141","2026-01-12"
"MEX.16.110_1","Zinapécuaro","GADM2","3.6","MX","Retail","0.24943744571931956","19.861143930399766","-100.74319219775141","2026-01-12"
"MEX.16.110_1","Zinapécuaro","GADM2","3.6","MX","Travel","0.5637346826196982","19.861143930399766","-100.74319219775141","2026-01-12"
"MEX.16.110_1","Zinapécuaro","GADM2","3.6","MX","Lifestyle Services","0.3691140105699541","19.861143930399766","-100.74319219775141","2026-01-12"
"MEX.13.63_1","Tepeji del Río de Ocampo","GADM2","3.6","MX","Professional Services","0.574923678810553","19.90254795137397","-99.3101666304691","2026-01-12"
"MEX.13.63_1","Tepeji del Río de Ocampo","GADM2","3.6","MX","Business & Utility Services","0.49128257162926553","19.90254795137397","-99.3101666304691","2026-01-12"
"MEX.13.63_1","Tepeji del Río de Ocampo","GADM2","3.6","MX","All","0.48592352121205246","19.90254795137397","-99.3101666304691","2026-01-12"
"MEX.13.63_1","Tepeji del Río de Ocampo","GADM2","3.6","MX","Grocery & Convenience Stores","0.25933233626083413","19.90254795137397","-99.3101666304691","2026-01-12"
"MEX.13.63_1","Tepeji del Río de Ocampo","GADM2","3.6","MX","Home Services","0.7290991853304265","19.90254795137397","-99.3101666304691","2026-01-12"
"MEX.13.63_1","Tepeji del Río de Ocampo","GADM2","3.6","MX","Travel","0.5300165548669342","19.90254795137397","-99.3101666304691","2026-01-12"
"MEX.13.63_1","Tepeji del Río de Ocampo","GADM2","3.6","MX","Local Events","0.35686434672188383","19.90254795137397","-99.3101666304691","2026-01-12"
"MEX.13.63_1","Tepeji del Río de Ocampo","GADM2","3.6","MX","Restaurants","0.4777584034598799","19.90254795137397","-99.3101666304691","2026-01-12"
"MEX.13.63_1","Tepeji del Río de Ocampo","GADM2","3.6","MX","Lifestyle Services","0.37832272614968115","19.90254795137397","-99.3101666304691","2026-01-12"
"MEX.13.63_1","Tepeji del Río de Ocampo","GADM2","3.6","MX","Manufacturing","0.5603731009718905","19.90254795137397","-99.3101666304691","2026-01-12"
"MEX.11.13_1","Dolores Hidalgo","GADM2","3.6","MX","Business & Utility Services","0.7584807583853326","21.144701585787082","-100.95687960839759","2026-01-12"
"MEX.11.13_1","Dolores Hidalgo","GADM2","3.6","MX","Lifestyle Services","0.35197445417666756","21.144701585787082","-100.95687960839759","2026-01-12"
"MEX.11.13_1","Dolores Hidalgo","GADM2","3.6","MX","Retail","0.29824627565372436","21.144701585787082","-100.95687960839759","2026-01-12"
"MEX.11.13_1","Dolores Hidalgo","GADM2","3.6","MX","Manufacturing","0.6323141578247247","21.144701585787082","-100.95687960839759","2026-01-12"
"MEX.11.13_1","Dolores Hidalgo","GADM2","3.6","MX","Restaurants","0.19541964734453843","21.144701585787082","-100.95687960839759","2026-01-12"
"MEX.11.13_1","Dolores Hidalgo","GADM2","3.6","MX","Travel","0.5687796619052073","21.144701585787082","-100.95687960839759","2026-01-12"
"MEX.11.13_1","Dolores Hidalgo","GADM2","3.6","MX","All","0.2839032662029539","21.144701585787082","-100.95687960839759","2026-01-12"
"MEX.11.13_1","Dolores Hidalgo","GADM2","3.6","MX","Local Events","0.28752018776536264","21.144701585787082","-100.95687960839759","2026-01-12"
"MEX.11.13_1","Dolores Hidalgo","GADM2","3.6","MX","Home Services","0.27940130882673914","21.144701585787082","-100.95687960839759","2026-01-12"
"MEX.11.13_1","Dolores Hidalgo","GADM2","3.6","MX","Professional Services","0.5114417010785836","21.144701585787082","-100.95687960839759","2026-01-12"
"MEX.11.13_1","Dolores Hidalgo","GADM2","3.6","MX","Grocery & Convenience Stores","0.3494959886005578","21.144701585787082","-100.95687960839759","2026-01-12"
"MEX.11.13_1","Dolores Hidalgo","GADM2","3.6","MX","","0.2795615697916923","21.144701585787082","-100.95687960839759","2026-01-12"
"MEX.11.13_1","Dolores Hidalgo","GADM2","3.6","MX","Public Good","0.2557909582357619","21.144701585787082","-100.95687960839759","2026-01-12"
"MEX.1.6_1","Pabellón de Arteaga","GADM2","3.6","MX","Lifestyle Services","0.3187460063869457","22.0736815044064","-102.30111926070126","2026-01-12"
"MEX.1.6_1","Pabellón de Arteaga","GADM2","3.6","MX","Local Events","0.346123405331669","22.0736815044064","-102.30111926070126","2026-01-12"
"MEX.1.6_1","Pabellón de Arteaga","GADM2","3.6","MX","Business & Utility Services","0.33516422705021093","22.0736815044064","-102.30111926070126","2026-01-12"
"MEX.1.6_1","Pabellón de Arteaga","GADM2","3.6","MX","Retail","0.3165561823615665","22.0736815044064","-102.30111926070126","2026-01-12"
"MEX.1.6_1","Pabellón de Arteaga","GADM2","3.6","MX","Professional Services","0.3265330199166388","22.0736815044064","-102.30111926070126","2026-01-12"
"MEX.1.6_1","Pabellón de Arteaga","GADM2","3.6","MX","All","0.20059651739282552","22.0736815044064","-102.30111926070126","2026-01-12"
"MEX.1.6_1","Pabellón de Arteaga","GADM2","3.6","MX","Restaurants","0.5994034201619626","22.0736815044064","-102.30111926070126","2026-01-12"
"MEX.1.6_1","Pabellón de Arteaga","GADM2","3.6","MX","Grocery & Convenience Stores","0.1791953402266301","22.0736815044064","-102.30111926070126","2026-01-12"
"MEX.1.6_1","Pabellón de Arteaga","GADM2","3.6","MX","Home Services","0.40553199622289327","22.0736815044064","-102.30111926070126","2026-01-12"
"MEX.1.6_1","Pabellón de Arteaga","GADM2","3.6","MX","Public Good","0.36451806139882176","22.0736815044064","-102.30111926070126","2026-01-12"
"MEX.30.124_1","Pánuco","GADM2","3.6","MX","Grocery & Convenience Stores","0.529417286635157","22.13551873236982","-98.26130834354241","2026-01-12"
"MEX.30.124_1","Pánuco","GADM2","3.6","MX","Business & Utility Services","0.4524718222676869","22.13551873236982","-98.26130834354241","2026-01-12"
"MEX.30.124_1","Pánuco","GADM2","3.6","MX","Home Services","0.6404063422903198","22.13551873236982","-98.26130834354241","2026-01-12"
"MEX.30.124_1","Pánuco","GADM2","3.6","MX","Professional Services","0.6214765008965273","22.13551873236982","-98.26130834354241","2026-01-12"
"MEX.30.124_1","Pánuco","GADM2","3.6","MX","Retail","0.3633850399836418","22.13551873236982","-98.26130834354241","2026-01-12"
"MEX.30.124_1","Pánuco","GADM2","3.6","MX","Lifestyle Services","0.4821616198290611","22.13551873236982","-98.26130834354241","2026-01-12"
"MEX.30.124_1","Pánuco","GADM2","3.6","MX","Public Good","0.46420129469718446","22.13551873236982","-98.26130834354241","2026-01-12"
"MEX.30.124_1","Pánuco","GADM2","3.6","MX","All","0.5463008716836765","22.13551873236982","-98.26130834354241","2026-01-12"
"MEX.30.124_1","Pánuco","GADM2","3.6","MX","Local Events","0.5663407734979892","22.13551873236982","-98.26130834354241","2026-01-12"
"MEX.30.124_1","Pánuco","GADM2","3.6","MX","Restaurants","0.40690017188712563","22.13551873236982","-98.26130834354241","2026-01-12"
"MEX.16.22_1","Churumuco","GADM2","3.6","MX","All","0.22291353575183762","18.683691508401875","-101.58861512465282","2026-01-12"
"MEX.15.118_1","Zacualpan","GADM2","3.6","MX","All","0.36102375511974455","18.6594730901705","-99.78468129971779","2026-01-12"
"MEX.29.19_1","Muñoz de Domingo Arenas","GADM2","3.6","MX","All","0.2672536075051535","19.51463476027404","-98.15496093918122","2026-01-12"
"MEX.29.32_1","Tetla de la Solidaridad","GADM2","3.6","MX","All","0.3915916811030484","19.512699470858543","-98.02236181833324","2026-01-12"
"MEX.20.21_1","Dist. Tehuantepec","GADM2","3.6","MX","Manufacturing","0.24091166638445638","16.38099481839561","-95.54503010468856","2026-01-12"
"MEX.20.21_1","Dist. Tehuantepec","GADM2","3.6","MX","Lifestyle Services","0.49463676829262165","16.38099481839561","-95.54503010468856","2026-01-12"
"MEX.20.21_1","Dist. Tehuantepec","GADM2","3.6","MX","Grocery & Convenience Stores","0.4224533331245544","16.38099481839561","-95.54503010468856","2026-01-12"
"MEX.11.22_1","Ocampo","GADM2","3.6","MX","Professional Services","0.5313360745728052","21.559481365826596","-101.50962972623044","2026-01-12"
"MEX.11.22_1","Ocampo","GADM2","3.6","MX","All","0.3316301265085845","21.559481365826596","-101.50962972623044","2026-01-12"
"MEX.11.22_1","Ocampo","GADM2","3.6","MX","Restaurants","0.4743813533519125","21.559481365826596","-101.50962972623044","2026-01-12"
"MEX.11.22_1","Ocampo","GADM2","3.6","MX","Travel","0.299745956213788","21.559481365826596","-101.50962972623044","2026-01-12"
"MEX.11.22_1","Ocampo","GADM2","3.6","MX","Retail","0.19779481896040232","21.559481365826596","-101.50962972623044","2026-01-12"
"MEX.16.62_1","Nuevo Paranguricutiro","GADM2","3.6","MX","All","0.33889398213521854","19.416769716083905","-102.18057055893324","2026-01-12"
"MEX.16.62_1","Nuevo Paranguricutiro","GADM2","3.6","MX","Home Services","0.2006007145636166","19.416769716083905","-102.18057055893324","2026-01-12"
"MEX.16.62_1","Nuevo Paranguricutiro","GADM2","3.6","MX","Retail","0.23646961706150127","19.416769716083905","-102.18057055893324","2026-01-12"
"MEX.16.62_1","Nuevo Paranguricutiro","GADM2","3.6","MX","Restaurants","0.4204826342649787","19.416769716083905","-102.18057055893324","2026-01-12"
"MEX.16.62_1","Nuevo Paranguricutiro","GADM2","3.6","MX","Professional Services","0.7405115872952387","19.416769716083905","-102.18057055893324","2026-01-12"
"MEX.16.62_1","Nuevo Paranguricutiro","GADM2","3.6","MX","Lifestyle Services","0.6472282235783224","19.416769716083905","-102.18057055893324","2026-01-12"
"MEX.30.107_1","Medellín","GADM2","3.6","MX","Grocery & Convenience Stores","0.3770926865427314","19.065812569226956","-96.12954071381267","2026-01-12"
"MEX.30.107_1","Medellín","GADM2","3.6","MX","Business & Utility Services","0.5760826928708702","19.065812569226956","-96.12954071381267","2026-01-12"
"MEX.30.107_1","Medellín","GADM2","3.6","MX","Local Events","0.5979903215567254","19.065812569226956","-96.12954071381267","2026-01-12"
"MEX.30.107_1","Medellín","GADM2","3.6","MX","Travel","0.29798937552720656","19.065812569226956","-96.12954071381267","2026-01-12"
"MEX.30.107_1","Medellín","GADM2","3.6","MX","Restaurants","0.3888742924582541","19.065812569226956","-96.12954071381267","2026-01-12"
"MEX.30.107_1","Medellín","GADM2","3.6","MX","Home Services","0.5222569235439792","19.065812569226956","-96.12954071381267","2026-01-12"
"MEX.30.107_1","Medellín","GADM2","3.6","MX","Lifestyle Services","0.26608460464044575","19.065812569226956","-96.12954071381267","2026-01-12"
"MEX.30.107_1","Medellín","GADM2","3.6","MX","All","0.38260806182676205","19.065812569226956","-96.12954071381267","2026-01-12"
"MEX.30.107_1","Medellín","GADM2","3.6","MX","Manufacturing","0.25088621033534503","19.065812569226956","-96.12954071381267","2026-01-12"
"MEX.30.107_1","Medellín","GADM2","3.6","MX","Professional Services","0.3411813980494303","19.065812569226956","-96.12954071381267","2026-01-12"
"MEX.30.107_1","Medellín","GADM2","3.6","MX","Retail","0.3993744393329476","19.065812569226956","-96.12954071381267","2026-01-12"
"MEX.30.107_1","Medellín","GADM2","3.6","MX","","0.41321426100979647","19.065812569226956","-96.12954071381267","2026-01-12"
"MEX.30.107_1","Medellín","GADM2","3.6","MX","Public Good","0.16876620250283095","19.065812569226956","-96.12954071381267","2026-01-12"
"MEX.12.26_1","Cuautepec","GADM2","3.6","MX","All","0.6012869577712715","16.757472573249498","-98.91486467006392","2026-01-12"
"MEX.16.6_1","Apatzingán","GADM2","3.6","MX","Home Services","0.5591493730144369","18.927065528385768","-102.4279533461846","2026-01-12"
"MEX.16.6_1","Apatzingán","GADM2","3.6","MX","Retail","0.3472400458962947","18.927065528385768","-102.4279533461846","2026-01-12"
"MEX.16.6_1","Apatzingán","GADM2","3.6","MX","Local Events","0.7747597042363147","18.927065528385768","-102.4279533461846","2026-01-12"
"MEX.16.6_1","Apatzingán","GADM2","3.6","MX","Grocery & Convenience Stores","0.4916800337679615","18.927065528385768","-102.4279533461846","2026-01-12"
"MEX.16.6_1","Apatzingán","GADM2","3.6","MX","Business & Utility Services","0.342546652364279","18.927065528385768","-102.4279533461846","2026-01-12"
"MEX.16.6_1","Apatzingán","GADM2","3.6","MX","Restaurants","0.6940521487407111","18.927065528385768","-102.4279533461846","2026-01-12"
"MEX.16.6_1","Apatzingán","GADM2","3.6","MX","Lifestyle Services","0.38351256371483367","18.927065528385768","-102.4279533461846","2026-01-12"
"MEX.16.6_1","Apatzingán","GADM2","3.6","MX","All","0.5436492349029656","18.927065528385768","-102.4279533461846","2026-01-12"
"MEX.16.110_1","Zinapécuaro","GADM2","3.6","MX","Restaurants","0.450486890864171","19.861143930399766","-100.74319219775141","2026-01-12"
"MEX.16.110_1","Zinapécuaro","GADM2","3.6","MX","All","0.3393951628478645","19.861143930399766","-100.74319219775141","2026-01-12"
"MEX.30.194_1","Xico","GADM2","3.6","MX","Travel","0.6345129609617873","19.504668679018792","-96.99473437684895","2026-01-12"
"MEX.30.194_1","Xico","GADM2","3.6","MX","Lifestyle Services","0.2845871517839072","19.504668679018792","-96.99473437684895","2026-01-12"
"MEX.30.194_1","Xico","GADM2","3.6","MX","Home Services","0.5019871638879733","19.504668679018792","-96.99473437684895","2026-01-12"
"MEX.30.194_1","Xico","GADM2","3.6","MX","Public Good","0.33345820750395955","19.504668679018792","-96.99473437684895","2026-01-12"
"MEX.30.194_1","Xico","GADM2","3.6","MX","Business & Utility Services","0.43553715766702045","19.504668679018792","-96.99473437684895","2026-01-12"
"MEX.30.194_1","Xico","GADM2","3.6","MX","Grocery & Convenience Stores","0.6719113514909572","19.504668679018792","-96.99473437684895","2026-01-12"
"MEX.30.194_1","Xico","GADM2","3.6","MX","All","0.3626389067872595","19.504668679018792","-96.99473437684895","2026-01-12"
"MEX.30.194_1","Xico","GADM2","3.6","MX","Professional Services","0.4514222983920448","19.504668679018792","-96.99473437684895","2026-01-12"
"MEX.30.194_1","Xico","GADM2","3.6","MX","Local Events","0.1761842873070893","19.504668679018792","-96.99473437684895","2026-01-12"
"MEX.30.194_1","Xico","GADM2","3.6","MX","Manufacturing","0.43805002581150704","19.504668679018792","-96.99473437684895","2026-01-12"
"MEX.30.194_1","Xico","GADM2","3.6","MX","Retail","0.30624271843996453","19.504668679018792","-96.99473437684895","2026-01-12"
"MEX.30.194_1","Xico","GADM2","3.6","MX","","0.7097120850924821","19.504668679018792","-96.99473437684895","2026-01-12"
"MEX.30.194_1","Xico","GADM2","3.6","MX","Restaurants","0.2503430755741236","19.504668679018792","-96.99473437684895","2026-01-12"
"MEX.21.56_1","Cuayuca de Andrade","GADM2","3.6","MX","All","0.6825600204458334","18.517600243224955","-98.0846052012468","2026-01-12"
"MEX.20.8_1","Dist. Ixtlan","GADM2","3.6","MX","Home Services","0.37432348805671484","17.54232147534469","-96.54734356324252","2026-01-12"
"MEX.20.8_1","Dist. Ixtlan","GADM2","3.6","MX","All","0.259847637671266","17.54232147534469","-96.54734356324252","2026-01-12"
"MEX.20.8_1","Dist. Ixtlan","GADM2","3.6","MX","Professional Services","0.20775680376680036","17.54232147534469","-96.54734356324252","2026-01-12"
"MEX.20.8_1","Dist. Ixtlan","GADM2","3.6","MX","Retail","0.35788689395509315","17.54232147534469","-96.54734356324252","2026-01-12"
"MEX.20.8_1","Dist. Ixtlan","GADM2","3.6","MX","Local Events","0.3758824961143231","17.54232147534469","-96.54734356324252","2026-01-12"
"MEX.20.8_1","Dist. Ixtlan","GADM2","3.6","MX","Restaurants","0.5859913593159728","17.54232147534469","-96.54734356324252","2026-01-12"
"MEX.24.16_1","Ebano","GADM2","3.6","MX","Home Services","0.300223647918951","22.183598131384862","-98.53629848503928","2026-01-12"
"MEX.24.16_1","Ebano","GADM2","3.6","MX","Professional Services","0.5145465769547426","22.183598131384862","-98.53629848503928","2026-01-12"
"MEX.24.16_1","Ebano","GADM2","3.6","MX","Lifestyle Services","0.4588879249777274","22.183598131384862","-98.53629848503928","2026-01-12"
"MEX.24.16_1","Ebano","GADM2","3.6","MX","Retail","0.21514806375402268","22.183598131384862","-98.53629848503928","2026-01-12"
"MEX.24.16_1","Ebano","GADM2","3.6","MX","Grocery & Convenience Stores","0.5008282462263238","22.183598131384862","-98.53629848503928","2026-01-12"
"MEX.24.16_1","Ebano","GADM2","3.6","MX","All","0.3322813748804762","22.183598131384862","-98.53629848503928","2026-01-12"
"MEX.24.16_1","Ebano","GADM2","3.6","MX","Restaurants","0.52766309332359","22.183598131384862","-98.53629848503928","2026-01-12"
"MEX.11.15_1","Huanímaro","GADM2","3.6","MX","Home Services","0.5375082803386608","20.3694949538824","-101.50859283988436","2026-01-12"
"MEX.11.15_1","Huanímaro","GADM2","3.6","MX","Professional Services","0.42035285074423656","20.3694949538824","-101.50859283988436","2026-01-12"
"MEX.11.15_1","Huanímaro","GADM2","3.6","MX","All","0.40834670827164093","20.3694949538824","-101.50859283988436","2026-01-12"
"MEX.11.15_1","Huanímaro","GADM2","3.6","MX","Retail","0.3728006139297419","20.3694949538824","-101.50859283988436","2026-01-12"
"MEX.11.15_1","Huanímaro","GADM2","3.6","MX","Restaurants","0.5492381610073058","20.3694949538824","-101.50859283988436","2026-01-12"
"MEX.11.24_1","Pueblo Nuevo","GADM2","3.6","MX","All","0.5136587429574585","20.55204525297415","-101.35315147617113","2026-01-12"
"MEX.21.45_1","Coatzingo","GADM2","3.6","MX","All","0.47500083922535724","18.63987787458325","-98.04708282320712","2026-01-12"
"MEX.21.138_1","San Pedro Cholula","GADM2","3.6","MX","Business & Utility Services","0.5433782556169022","19.09549000817343","-98.24093364912788","2026-01-12"
"MEX.21.138_1","San Pedro Cholula","GADM2","3.6","MX","","0.4916928986024794","19.09549000817343","-98.24093364912788","2026-01-12"
"MEX.21.138_1","San Pedro Cholula","GADM2","3.6","MX","Travel","0.3262923833186275","19.09549000817343","-98.24093364912788","2026-01-12"
"MEX.21.138_1","San Pedro Cholula","GADM2","3.6","MX","Grocery & Convenience Stores","0.2973440455535378","19.09549000817343","-98.24093364912788","2026-01-12"
"MEX.21.138_1","San Pedro Cholula","GADM2","3.6","MX","Home Services","0.5107362684476","19.09549000817343","-98.24093364912788","2026-01-12"
"MEX.21.138_1","San Pedro Cholula","GADM2","3.6","MX","Professional Services","0.40691990201050776","19.09549000817343","-98.24093364912788","2026-01-12"
"MEX.21.138_1","San Pedro Cholula","GADM2","3.6","MX","Public Good","0.41148956473255877","19.09549000817343","-98.24093364912788","2026-01-12"
"MEX.21.138_1","San Pedro Cholula","GADM2","3.6","MX","Local Events","0.5332946875597188","19.09549000817343","-98.24093364912788","2026-01-12"
"MEX.21.138_1","San Pedro Cholula","GADM2","3.6","MX","Manufacturing","0.37813890843801257","19.09549000817343","-98.24093364912788","2026-01-12"
"MEX.21.138_1","San Pedro Cholula","GADM2","3.6","MX","Restaurants","0.2053045367590797","19.09549000817343","-98.24093364912788","2026-01-12"
"MEX.21.138_1","San Pedro Cholula","GADM2","3.6","MX","Lifestyle Services","0.33540296149226945","19.09549000817343","-98.24093364912788","2026-01-12"
"MEX.21.138_1","San Pedro Cholula","GADM2","3.6","MX","Retail","0.4809360206315777","19.09549000817343","-98.24093364912788","2026-01-12"
"MEX.21.138_1","San Pedro Cholula","GADM2","3.6","MX","All","0.43022831429971126","19.09549000817343","-98.24093364912788","2026-01-12"
"MEX.20.2_1","Coixtlahuaca","GADM2","3.6","MX","All","0.611842298191692","17.891850061661025","-97.30181990096635","2026-01-12"
"MEX.21.177_1","Tlahuapan","GADM2","3.6","MX","Public Good","0.511244289527667","19.377548123949516","-98.51920307103488","2026-01-12"
"MEX.21.177_1","Tlahuapan","GADM2","3.6","MX","Grocery & Convenience Stores","0.4322235518865713","19.377548123949516","-98.51920307103488","2026-01-12"
"MEX.21.177_1","Tlahuapan","GADM2","3.6","MX","Professional Services","0.24312175604139832","19.377548123949516","-98.51920307103488","2026-01-12"
"MEX.21.177_1","Tlahuapan","GADM2","3.6","MX","All","0.39790827130302703","19.377548123949516","-98.51920307103488","2026-01-12"
"MEX.21.177_1","Tlahuapan","GADM2","3.6","MX","Local Events","0.5911529743463995","19.377548123949516","-98.51920307103488","2026-01-12"
"MEX.21.177_1","Tlahuapan","GADM2","3.6","MX","Business & Utility Services","0.3033523634756227","19.377548123949516","-98.51920307103488","2026-01-12"
"MEX.21.177_1","Tlahuapan","GADM2","3.6","MX","Home Services","0.42219421725096","19.377548123949516","-98.51920307103488","2026-01-12"
"MEX.21.177_1","Tlahuapan","GADM2","3.6","MX","Lifestyle Services","0.5821567121896803","19.377548123949516","-98.51920307103488","2026-01-12"
"MEX.21.177_1","Tlahuapan","GADM2","3.6","MX","Retail","0.6633227839818846","19.377548123949516","-98.51920307103488","2026-01-12"
"MEX.21.177_1","Tlahuapan","GADM2","3.6","MX","Restaurants","0.4103884590587507","19.377548123949516","-98.51920307103488","2026-01-12"
"MEX.12.36_1","Iguala de la Independencia","GADM2","3.6","MX","Grocery & Convenience Stores","0.5319072125285943","18.21840736471171","-99.52154583774907","2026-01-12"
"MEX.12.36_1","Iguala de la Independencia","GADM2","3.6","MX","Business & Utility Services","0.5249248399462006","18.21840736471171","-99.52154583774907","2026-01-12"
"MEX.12.36_1","Iguala de la Independencia","GADM2","3.6","MX","Public Good","0.3816435783823925","18.21840736471171","-99.52154583774907","2026-01-12"
"MEX.12.36_1","Iguala de la Independencia","GADM2","3.6","MX","","0.5078526531998494","18.21840736471171","-99.52154583774907","2026-01-12"
"MEX.12.36_1","Iguala de la Independencia","GADM2","3.6","MX","Lifestyle Services","0.48982708448536266","18.21840736471171","-99.52154583774907","2026-01-12"
"MEX.12.36_1","Iguala de la Independencia","GADM2","3.6","MX","Manufacturing","0.43051295463591444","18.21840736471171","-99.52154583774907","2026-01-12"
"MEX.12.36_1","Iguala de la Independencia","GADM2","3.6","MX","Professional Services","0.5262540995732483","18.21840736471171","-99.52154583774907","2026-01-12"
"MEX.12.36_1","Iguala de la Independencia","GADM2","3.6","MX","Retail","0.3427067256212566","18.21840736471171","-99.52154583774907","2026-01-12"
"MEX.12.36_1","Iguala de la Independencia","GADM2","3.6","MX","Restaurants","0.1791511438052495","18.21840736471171","-99.52154583774907","2026-01-12"
"MEX.12.36_1","Iguala de la Independencia","GADM2","3.6","MX","All","0.4349979290956668","18.21840736471171","-99.52154583774907","2026-01-12"
"MEX.12.36_1","Iguala de la Independencia","GADM2","3.6","MX","Local Events","0.635722321253007","18.21840736471171","-99.52154583774907","2026-01-12"
"MEX.12.36_1","Iguala de la Independencia","GADM2","3.6","MX","Travel","0.411190191717226","18.21840736471171","-99.52154583774907","2026-01-12"
"MEX.12.36_1","Iguala de la Independencia","GADM2","3.6","MX","Home Services","0.632995264259739","18.21840736471171","-99.52154583774907","2026-01-12"
"MEX.30.123_1","Pajapan","GADM2","3.6","MX","All","0.47207300954326964","18.188844404382806","-94.69119350457802","2026-01-12"
"MEX.24.29_1","San Luis Potosí","GADM2","3.6","MX","Professional Services","0.48832321004964924","22.267394752628633","-101.00422732482147","2026-01-12"
"MEX.24.29_1","San Luis Potosí","GADM2","3.6","MX","Restaurants","0.3686255470317388","22.267394752628633","-101.00422732482147","2026-01-12"
"MEX.24.29_1","San Luis Potosí","GADM2","3.6","MX","Home Services","0.5597396544651172","22.267394752628633","-101.00422732482147","2026-01-12"
"MEX.24.29_1","San Luis Potosí","GADM2","3.6","MX","Public Good","0.33752705141347994","22.267394752628633","-101.00422732482147","2026-01-12"
"MEX.24.29_1","San Luis Potosí","GADM2","3.6","MX","All","0.4661832886715435","22.267394752628633","-101.00422732482147","2026-01-12"
"MEX.24.29_1","San Luis Potosí","GADM2","3.6","MX","Travel","0.5850347687892213","22.267394752628633","-101.00422732482147","2026-01-12"
"MEX.24.29_1","San Luis Potosí","GADM2","3.6","MX","Local Events","0.5495062769131954","22.267394752628633","-101.00422732482147","2026-01-12"
"MEX.24.29_1","San Luis Potosí","GADM2","3.6","MX","Business & Utility Services","0.5488802599285922","22.267394752628633","-101.00422732482147","2026-01-12"
"MEX.24.29_1","San Luis Potosí","GADM2","3.6","MX","Manufacturing","0.4161215227771345","22.267394752628633","-101.00422732482147","2026-01-12"
"MEX.24.29_1","San Luis Potosí","GADM2","3.6","MX","Retail","0.4350759176112011","22.267394752628633","-101.00422732482147","2026-01-12"
"MEX.24.29_1","San Luis Potosí","GADM2","3.6","MX","Grocery & Convenience Stores","0.4563813392240469","22.267394752628633","-101.00422732482147","2026-01-12"
"MEX.24.29_1","San Luis Potosí","GADM2","3.6","MX","Lifestyle Services","0.282781433747873","22.267394752628633","-101.00422732482147","2026-01-12"
"MEX.24.29_1","San Luis Potosí","GADM2","3.6","MX","","0.5909059535734922","22.267394752628633","-101.00422732482147","2026-01-12"
"MEX.21.95_1","Los Reyes de Juárez","GADM2","3.6","MX","All","0.37863161520941346","18.999555400054515","-97.70209055152633","2026-01-12"
"MEX.17.2_1","Atlatlahucan","GADM2","3.6","MX","Retail","0.16429259590846376","18.9242094425331","-98.84811383807401","2026-01-12"
"MEX.17.2_1","Atlatlahucan","GADM2","3.6","MX","All","0.21367680480655243","18.9242094425331","-98.84811383807401","2026-01-12"
"MEX.17.2_1","Atlatlahucan","GADM2","3.6","MX","Home Services","0.3859972975895758","18.9242094425331","-98.84811383807401","2026-01-12"
"MEX.17.2_1","Atlatlahucan","GADM2","3.6","MX","Grocery & Convenience Stores","0.5098059137386548","18.9242094425331","-98.84811383807401","2026-01-12"
"MEX.17.2_1","Atlatlahucan","GADM2","3.6","MX","Professional Services","0.5462909605231668","18.9242094425331","-98.84811383807401","2026-01-12"
"MEX.17.2_1","Atlatlahucan","GADM2","3.6","MX","Restaurants","0.23915829385380533","18.9242094425331","-98.84811383807401","2026-01-12"
"MEX.17.2_1","Atlatlahucan","GADM2","3.6","MX","Lifestyle Services","0.2370619855333133","18.9242094425331","-98.84811383807401","2026-01-12"
"MEX.17.2_1","Atlatlahucan","GADM2","3.6","MX","Business & Utility Services","0.5558907696523459","18.9242094425331","-98.84811383807401","2026-01-12"
"MEX.17.2_1","Atlatlahucan","GADM2","3.6","MX","Public Good","0.4627851597355681","18.9242094425331","-98.84811383807401","2026-01-12"
"MEX.17.24_1","Tlalnepantla","GADM2","3.6","MX","Retail","0.5547985258162748","19.01878723975796","-98.94834859829871","2026-01-12"
"MEX.17.24_1","Tlalnepantla","GADM2","3.6","MX","Restaurants","0.24488729901009892","19.01878723975796","-98.94834859829871","2026-01-12"
"MEX.17.24_1","Tlalnepantla","GADM2","3.6","MX","All","0.3557399434383873","19.01878723975796","-98.94834859829871","2026-01-12"
"MEX.15.19_1","Capulhuac","GADM2","3.6","MX","All","0.3761534320118751","19.14592909686613","-99.4295591681159","2026-01-12"
"MEX.21.150_1","Tecali de Herrera","GADM2","3.6","MX","All","0.3296659023427207","18.930516886451986","-97.84922048629738","2026-01-12"
"MEX.21.150_1","Tecali de Herrera","GADM2","3.6","MX","Lifestyle Services","0.45206633945964303","18.930516886451986","-97.84922048629738","2026-01-12"
"MEX.21.150_1","Tecali de Herrera","GADM2","3.6","MX","Business & Utility Services","0.38789336961545834","18.930516886451986","-97.84922048629738","2026-01-12"
"MEX.21.150_1","Tecali de Herrera","GADM2","3.6","MX","Grocery & Convenience Stores","0.3338948675523316","18.930516886451986","-97.84922048629738","2026-01-12"
"MEX.21.150_1","Tecali de Herrera","GADM2","3.6","MX","Retail","0.4926826492158268","18.930516886451986","-97.84922048629738","2026-01-12"
"MEX.21.150_1","Tecali de Herrera","GADM2","3.6","MX","Home Services","0.29891621327435025","18.930516886451986","-97.84922048629738","2026-01-12"
"MEX.21.150_1","Tecali de Herrera","GADM2","3.6","MX","Restaurants","0.3340407981741481","18.930516886451986","-97.84922048629738","2026-01-12"
"MEX.21.150_1","Tecali de Herrera","GADM2","3.6","MX","Public Good","0.6228404058394654","18.930516886451986","-97.84922048629738","2026-01-12"
"MEX.21.150_1","Tecali de Herrera","GADM2","3.6","MX","Professional Services","0.33260926524971035","18.930516886451986","-97.84922048629738","2026-01-12"
"MEX.16.42_1","Ixtlán","GADM2","3.6","MX","All","0.5506764709839432","20.11871307270436","-102.41629675133584","2026-01-12"
"MEX.17.31_1","Yecapixtla","GADM2","3.6","MX","Public Good","0.4702984305193341","18.859059344394364","-98.78835576891017","2026-01-12"
"MEX.17.31_1","Yecapixtla","GADM2","3.6","MX","All","0.44631419557795204","18.859059344394364","-98.78835576891017","2026-01-12"
"MEX.17.31_1","Yecapixtla","GADM2","3.6","MX","Home Services","0.38352009448304586","18.859059344394364","-98.78835576891017","2026-01-12"
"MEX.17.31_1","Yecapixtla","GADM2","3.6","MX","Retail","0.3661205312700737","18.859059344394364","-98.78835576891017","2026-01-12"
"MEX.17.31_1","Yecapixtla","GADM2","3.6","MX","Professional Services","0.5377330722152271","18.859059344394364","-98.78835576891017","2026-01-12"
"MEX.17.31_1","Yecapixtla","GADM2","3.6","MX","Restaurants","0.45363789279840255","18.859059344394364","-98.78835576891017","2026-01-12"
"MEX.17.31_1","Yecapixtla","GADM2","3.6","MX","Business & Utility Services","0.5812287080377818","18.859059344394364","-98.78835576891017","2026-01-12"
"MEX.16.108_1","Zamora","GADM2","3.6","MX","Public Good","0.5489251441936059","20.02021751743468","-102.26702673356168","2026-01-12"
"MEX.16.108_1","Zamora","GADM2","3.6","MX","Manufacturing","0.6114664343955105","20.02021751743468","-102.26702673356168","2026-01-12"
"MEX.16.108_1","Zamora","GADM2","3.6","MX","Professional Services","0.49505187414254237","20.02021751743468","-102.26702673356168","2026-01-12"
"MEX.16.108_1","Zamora","GADM2","3.6","MX","Business & Utility Services","0.3553032040055072","20.02021751743468","-102.26702673356168","2026-01-12"
"MEX.16.108_1","Zamora","GADM2","3.6","MX","Grocery & Convenience Stores","0.3905583272192226","20.02021751743468","-102.26702673356168","2026-01-12"
"MEX.16.108_1","Zamora","GADM2","3.6","MX","Lifestyle Services","0.31921492712104754","20.02021751743468","-102.26702673356168","2026-01-12"
"MEX.16.108_1","Zamora","GADM2","3.6","MX","Travel","0.686372072616775","20.02021751743468","-102.26702673356168","2026-01-12"
"MEX.16.108_1","Zamora","GADM2","3.6","MX","Restaurants","0.254683316190834","20.02021751743468","-102.26702673356168","2026-01-12"
"MEX.16.108_1","Zamora","GADM2","3.6","MX","Home Services","0.37331406919534693","20.02021751743468","-102.26702673356168","2026-01-12"
"MEX.16.108_1","Zamora","GADM2","3.6","MX","All","0.41137475573000465","20.02021751743468","-102.26702673356168","2026-01-12"
"MEX.16.108_1","Zamora","GADM2","3.6","MX","","0.2689789057830761","20.02021751743468","-102.26702673356168","2026-01-12"
"MEX.16.108_1","Zamora","GADM2","3.6","MX","Local Events","0.5671169656471206","20.02021751743468","-102.26702673356168","2026-01-12"
"MEX.16.108_1","Zamora","GADM2","3.6","MX","Retail","0.43629393761577095","20.02021751743468","-102.26702673356168","2026-01-12"
"MEX.14.71_1","Poncitlán","GADM2","3.6","MX","All","0.29752222748193224","20.32848341818405","-102.9639074643404","2026-01-12"
"MEX.15.91_1","Tenango del Valle","GADM2","3.6","MX","Local Events","0.41513663746964813","18.980646911195077","-99.57095164656495","2026-01-12"
"MEX.15.91_1","Tenango del Valle","GADM2","3.6","MX","All","0.3799257492205631","18.980646911195077","-99.57095164656495","2026-01-12"
"MEX.15.91_1","Tenango del Valle","GADM2","3.6","MX","Retail","0.4485806421431981","18.980646911195077","-99.57095164656495","2026-01-12"
"MEX.15.91_1","Tenango del Valle","GADM2","3.6","MX","Lifestyle Services","0.28006660358416785","18.980646911195077","-99.57095164656495","2026-01-12"
"MEX.15.91_1","Tenango del Valle","GADM2","3.6","MX","Public Good","0.24719636720413998","18.980646911195077","-99.57095164656495","2026-01-12"
"MEX.15.91_1","Tenango del Valle","GADM2","3.6","MX","Travel","0.22369867757182887","18.980646911195077","-99.57095164656495","2026-01-12"
"MEX.15.91_1","Tenango del Valle","GADM2","3.6","MX","","0.28908036009912436","18.980646911195077","-99.57095164656495","2026-01-12"
"MEX.15.91_1","Tenango del Valle","GADM2","3.6","MX","Grocery & Convenience Stores","0.6837917608727356","18.980646911195077","-99.57095164656495","2026-01-12"
"MEX.15.91_1","Tenango del Valle","GADM2","3.6","MX","Home Services","0.3406142474676899","18.980646911195077","-99.57095164656495","2026-01-12"
"MEX.15.91_1","Tenango del Valle","GADM2","3.6","MX","Restaurants","0.23328751742596054","18.980646911195077","-99.57095164656495","2026-01-12"
"MEX.15.91_1","Tenango del Valle","GADM2","3.6","MX","Business & Utility Services","0.6672486114116244","18.980646911195077","-99.57095164656495","2026-01-12"
"MEX.15.91_1","Tenango del Valle","GADM2","3.6","MX","Professional Services","0.5972220409045532","18.980646911195077","-99.57095164656495","2026-01-12"
"MEX.30.143_1","Sayula de Alemán","GADM2","3.6","MX","All","0.3276651130712878","17.81035434935972","-94.99386437717916","2026-01-12"
"MEX.16.59_1","Múgica","GADM2","3.6","MX","Retail","0.37507092133636405","18.973416120325243","-102.1443014530633","2026-01-12"
"MEX.16.59_1","Múgica","GADM2","3.6","MX","Lifestyle Services","0.29023640557390007","18.973416120325243","-102.1443014530633","2026-01-12"
"MEX.16.59_1","Múgica","GADM2","3.6","MX","Professional Services","0.5077233579300229","18.973416120325243","-102.1443014530633","2026-01-12"
"MEX.16.59_1","Múgica","GADM2","3.6","MX","Grocery & Convenience Stores","0.43678334369945243","18.973416120325243","-102.1443014530633","2026-01-12"
"MEX.16.59_1","Múgica","GADM2","3.6","MX","All","0.37930580884941106","18.973416120325243","-102.1443014530633","2026-01-12"
"MEX.16.59_1","Múgica","GADM2","3.6","MX","Public Good","0.30218911885424393","18.973416120325243","-102.1443014530633","2026-01-12"
"MEX.16.59_1","Múgica","GADM2","3.6","MX","Home Services","0.5784931303376586","18.973416120325243","-102.1443014530633","2026-01-12"
"MEX.16.59_1","Múgica","GADM2","3.6","MX","Restaurants","0.5426008537862541","18.973416120325243","-102.1443014530633","2026-01-12"
"MEX.14.68_1","Ocotlán","GADM2","3.6","MX","Public Good","0.3925945795209344","20.370031842514774","-102.72404966349893","2026-01-12"
"MEX.14.68_1","Ocotlán","GADM2","3.6","MX","Manufacturing","0.5410905483262224","20.370031842514774","-102.72404966349893","2026-01-12"
"MEX.14.68_1","Ocotlán","GADM2","3.6","MX","","0.4853570985714871","20.370031842514774","-102.72404966349893","2026-01-12"
"MEX.14.68_1","Ocotlán","GADM2","3.6","MX","Local Events","0.4463509275796823","20.370031842514774","-102.72404966349893","2026-01-12"
"MEX.14.68_1","Ocotlán","GADM2","3.6","MX","Business & Utility Services","0.5097093273175444","20.370031842514774","-102.72404966349893","2026-01-12"
"MEX.14.68_1","Ocotlán","GADM2","3.6","MX","Professional Services","0.5841011738365783","20.370031842514774","-102.72404966349893","2026-01-12"
"MEX.14.68_1","Ocotlán","GADM2","3.6","MX","All","0.40994766440153335","20.370031842514774","-102.72404966349893","2026-01-12"
"MEX.14.68_1","Ocotlán","GADM2","3.6","MX","Restaurants","0.3115759628289308","20.370031842514774","-102.72404966349893","2026-01-12"
"MEX.14.68_1","Ocotlán","GADM2","3.6","MX","Lifestyle Services","0.43916813995640325","20.370031842514774","-102.72404966349893","2026-01-12"
"MEX.14.68_1","Ocotlán","GADM2","3.6","MX","Retail","0.3471142296806045","20.370031842514774","-102.72404966349893","2026-01-12"
"MEX.14.68_1","Ocotlán","GADM2","3.6","MX","Home Services","0.6086193348486146","20.370031842514774","-102.72404966349893","2026-01-12"
"MEX.14.68_1","Ocotlán","GADM2","3.6","MX","Travel","0.5165318504430666","20.370031842514774","-102.72404966349893","2026-01-12"
"MEX.14.68_1","Ocotlán","GADM2","3.6","MX","Grocery & Convenience Stores","0.3438981190025774","20.370031842514774","-102.72404966349893","2026-01-12"
"MEX.11.8_1","Comonfort","GADM2","3.6","MX","Restaurants","0.4877658947682036","20.709239456725726","-100.81670125458491","2026-01-12"
"MEX.11.8_1","Comonfort","GADM2","3.6","MX","Public Good","0.6059325880441461","20.709239456725726","-100.81670125458491","2026-01-12"
"MEX.11.8_1","Comonfort","GADM2","3.6","MX","Lifestyle Services","0.2010324609063321","20.709239456725726","-100.81670125458491","2026-01-12"
"MEX.11.8_1","Comonfort","GADM2","3.6","MX","Grocery & Convenience Stores","0.6525194797384134","20.709239456725726","-100.81670125458491","2026-01-12"
"MEX.11.8_1","Comonfort","GADM2","3.6","MX","All","0.3427104813867588","20.709239456725726","-100.81670125458491","2026-01-12"
"MEX.11.8_1","Comonfort","GADM2","3.6","MX","Home Services","0.5209550764546224","20.709239456725726","-100.81670125458491","2026-01-12"
"MEX.11.8_1","Comonfort","GADM2","3.6","MX","Business & Utility Services","0.5518042830362472","20.709239456725726","-100.81670125458491","2026-01-12"
"MEX.11.8_1","Comonfort","GADM2","3.6","MX","Local Events","0.38162866317566385","20.709239456725726","-100.81670125458491","2026-01-12"
"MEX.11.8_1","Comonfort","GADM2","3.6","MX","Retail","0.42450957621374147","20.709239456725726","-100.81670125458491","2026-01-12"
"MEX.11.8_1","Comonfort","GADM2","3.6","MX","Professional Services","0.34020192882485445","20.709239456725726","-100.81670125458491","2026-01-12"
"MEX.15.52_1","Juchitepec","GADM2","3.6","MX","Home Services","0.21725213483466735","19.075409142919217","-98.79793097603246","2026-01-12"
"MEX.15.52_1","Juchitepec","GADM2","3.6","MX","All","0.4547086584287179","19.075409142919217","-98.79793097603246","2026-01-12"
"MEX.15.52_1","Juchitepec","GADM2","3.6","MX","Public Good","0.25471679393465885","19.075409142919217","-98.79793097603246","2026-01-12"
"MEX.15.52_1","Juchitepec","GADM2","3.6","MX","Grocery & Convenience Stores","0.8086434185996693","19.075409142919217","-98.79793097603246","2026-01-12"
"MEX.15.52_1","Juchitepec","GADM2","3.6","MX","Restaurants","0.2837683123449894","19.075409142919217","-98.79793097603246","2026-01-12"
"MEX.15.52_1","Juchitepec","GADM2","3.6","MX","Local Events","0.6834065047720455","19.075409142919217","-98.79793097603246","2026-01-12"
"MEX.15.52_1","Juchitepec","GADM2","3.6","MX","Professional Services","0.4082269479991014","19.075409142919217","-98.79793097603246","2026-01-12"
"MEX.15.52_1","Juchitepec","GADM2","3.6","MX","Retail","0.5882507921902811","19.075409142919217","-98.79793097603246","2026-01-12"
"MEX.29.2_1","Altzayanca","GADM2","3.6","MX","Business & Utility Services","0.5244333365149318","19.46649309494689","-97.74150452960748","2026-01-12"
"MEX.29.2_1","Altzayanca","GADM2","3.6","MX","Professional Services","0.6623151388082602","19.46649309494689","-97.74150452960748","2026-01-12"
"MEX.29.2_1","Altzayanca","GADM2","3.6","MX","Grocery & Convenience Stores","0.2920425260346596","19.46649309494689","-97.74150452960748","2026-01-12"
"MEX.29.2_1","Altzayanca","GADM2","3.6","MX","Lifestyle Services","0.41130674227705477","19.46649309494689","-97.74150452960748","2026-01-12"
"MEX.29.2_1","Altzayanca","GADM2","3.6","MX","All","0.5559507868831598","19.46649309494689","-97.74150452960748","2026-01-12"
"MEX.29.2_1","Altzayanca","GADM2","3.6","MX","Home Services","0.37546403678210016","19.46649309494689","-97.74150452960748","2026-01-12"
"MEX.29.2_1","Altzayanca","GADM2","3.6","MX","Restaurants","0.7686688934458541","19.46649309494689","-97.74150452960748","2026-01-12"
"MEX.29.2_1","Altzayanca","GADM2","3.6","MX","Retail","0.20935159283257257","19.46649309494689","-97.74150452960748","2026-01-12"
"MEX.29.2_1","Altzayanca","GADM2","3.6","MX","Local Events","0.8581323183687098","19.46649309494689","-97.74150452960748","2026-01-12"
"MEX.13.80_1","Yahualica","GADM2","3.6","MX","All","0.6392907546894897","20.945450470719383","-98.35152846511495","2026-01-12"
"MEX.12.24_1","Cuajinicuilapa","GADM2","3.6","MX","All","0.48615938102726336","16.489591249594135","-98.51319510231446","2026-01-12"
"MEX.12.24_1","Cuajinicuilapa","GADM2","3.6","MX","Professional Services","0.4408500575843955","16.489591249594135","-98.51319510231446","2026-01-12"
"MEX.12.24_1","Cuajinicuilapa","GADM2","3.6","MX","Retail","0.5864516116890094","16.489591249594135","-98.51319510231446","2026-01-12"
"MEX.17.11_1","Jiutepec","GADM2","3.6","MX","Professional Services","0.4637935009741064","18.864347786454854","-99.12252071168918","2026-01-12"
"MEX.17.11_1","Jiutepec","GADM2","3.6","MX","Restaurants","0.3957317850729016","18.864347786454854","-99.12252071168918","2026-01-12"
"MEX.17.11_1","Jiutepec","GADM2","3.6","MX","Grocery & Convenience Stores","0.33784810417721095","18.864347786454854","-99.12252071168918","2026-01-12"
"MEX.17.11_1","Jiutepec","GADM2","3.6","MX","Home Services","0.6056198930170991","18.864347786454854","-99.12252071168918","2026-01-12"
"MEX.17.11_1","Jiutepec","GADM2","3.6","MX","Public Good","0.5312101229308681","18.864347786454854","-99.12252071168918","2026-01-12"
"MEX.17.11_1","Jiutepec","GADM2","3.6","MX","All","0.44540395723454845","18.864347786454854","-99.12252071168918","2026-01-12"
"MEX.17.11_1","Jiutepec","GADM2","3.6","MX","Retail","0.42209062562218136","18.864347786454854","-99.12252071168918","2026-01-12"
"MEX.17.11_1","Jiutepec","GADM2","3.6","MX","Lifestyle Services","0.4660139836312169","18.864347786454854","-99.12252071168918","2026-01-12"
"MEX.17.11_1","Jiutepec","GADM2","3.6","MX","Business & Utility Services","0.3560700470421915","18.864347786454854","-99.12252071168918","2026-01-12"
"MEX.24.56_1","Xilitla","GADM2","3.6","MX","Public Good","0.6008148250799701","21.424107587755582","-99.06163422861152","2026-01-12"
"MEX.24.56_1","Xilitla","GADM2","3.6","MX","Grocery & Convenience Stores","0.37548984351227616","21.424107587755582","-99.06163422861152","2026-01-12"
"MEX.24.56_1","Xilitla","GADM2","3.6","MX","Business & Utility Services","0.4940605726975332","21.424107587755582","-99.06163422861152","2026-01-12"
"MEX.24.56_1","Xilitla","GADM2","3.6","MX","All","0.5056090730722482","21.424107587755582","-99.06163422861152","2026-01-12"
"MEX.24.56_1","Xilitla","GADM2","3.6","MX","Travel","0.6039338664042547","21.424107587755582","-99.06163422861152","2026-01-12"
"MEX.24.56_1","Xilitla","GADM2","3.6","MX","Retail","0.4107231983585634","21.424107587755582","-99.06163422861152","2026-01-12"
"MEX.24.56_1","Xilitla","GADM2","3.6","MX","Professional Services","0.36459784553876634","21.424107587755582","-99.06163422861152","2026-01-12"
"MEX.24.56_1","Xilitla","GADM2","3.6","MX","Restaurants","0.4594882099843825","21.424107587755582","-99.06163422861152","2026-01-12"
"MEX.24.56_1","Xilitla","GADM2","3.6","MX","Home Services","0.4988824327499679","21.424107587755582","-99.06163422861152","2026-01-12"
"MEX.24.56_1","Xilitla","GADM2","3.6","MX","Lifestyle Services","0.5493549432307621","21.424107587755582","-99.06163422861152","2026-01-12"
"MEX.24.56_1","Xilitla","GADM2","3.6","MX","Local Events","0.6204452332778699","21.424107587755582","-99.06163422861152","2026-01-12"
"MEX.16.111_1","Ziracuaretiro","GADM2","3.6","MX","Retail","0.6202411601524686","19.402411978415216","-101.89848154999353","2026-01-12"
"MEX.16.111_1","Ziracuaretiro","GADM2","3.6","MX","Restaurants","0.6183913228295224","19.402411978415216","-101.89848154999353","2026-01-12"
"MEX.16.111_1","Ziracuaretiro","GADM2","3.6","MX","All","0.6446398507931074","19.402411978415216","-101.89848154999353","2026-01-12"
"MEX.21.157_1","Teotlalco","GADM2","3.6","MX","All","0.16048922578740835","18.462092402005666","-98.74132609742732","2026-01-12"
"MEX.21.157_1","Teotlalco","GADM2","3.6","MX","Lifestyle Services","0.2629410264082241","18.462092402005666","-98.74132609742732","2026-01-12"
"MEX.21.157_1","Teotlalco","GADM2","3.6","MX","Retail","0.15407027184688285","18.462092402005666","-98.74132609742732","2026-01-12"
"MEX.21.157_1","Teotlalco","GADM2","3.6","MX","Public Good","0.541356475489663","18.462092402005666","-98.74132609742732","2026-01-12"
"MEX.21.157_1","Teotlalco","GADM2","3.6","MX","Professional Services","0.2793524035668901","18.462092402005666","-98.74132609742732","2026-01-12"
"MEX.21.157_1","Teotlalco","GADM2","3.6","MX","Home Services","0.6576840744024327","18.462092402005666","-98.74132609742732","2026-01-12"
"MEX.21.157_1","Teotlalco","GADM2","3.6","MX","Restaurants","0.4758517173922651","18.462092402005666","-98.74132609742732","2026-01-12"
"MEX.30.54_1","Cosautlán de Carvajal","GADM2","3.6","MX","Lifestyle Services","0.36479178499937054","19.333379140021776","-96.9242351444955","2026-01-12"
"MEX.30.54_1","Cosautlán de Carvajal","GADM2","3.6","MX","Restaurants","0.4344270568438779","19.333379140021776","-96.9242351444955","2026-01-12"
"MEX.30.54_1","Cosautlán de Carvajal","GADM2","3.6","MX","Retail","0.3640471759401951","19.333379140021776","-96.9242351444955","2026-01-12"
"MEX.30.54_1","Cosautlán de Carvajal","GADM2","3.6","MX","All","0.28890685743234235","19.333379140021776","-96.9242351444955","2026-01-12"
"MEX.30.32_1","Cazones de Herrera","GADM2","3.6","MX","Retail","0.3761620060743049","20.67306139903137","-97.27125620696711","2026-01-12"
"MEX.30.32_1","Cazones de Herrera","GADM2","3.6","MX","All","0.5665548040873722","20.67306139903137","-97.27125620696711","2026-01-12"
"MEX.30.32_1","Cazones de Herrera","GADM2","3.6","MX","Travel","0.5181012095851963","20.67306139903137","-97.27125620696711","2026-01-12"
"MEX.16.45_1","Jiquilpan","GADM2","3.6","MX","Home Services","0.5050329275185254","19.948948008979325","-102.78382844344341","2026-01-12"
"MEX.16.45_1","Jiquilpan","GADM2","3.6","MX","Local Events","0.3762799114398576","19.948948008979325","-102.78382844344341","2026-01-12"
"MEX.16.45_1","Jiquilpan","GADM2","3.6","MX","Retail","0.35468111195073515","19.948948008979325","-102.78382844344341","2026-01-12"
"MEX.16.45_1","Jiquilpan","GADM2","3.6","MX","Lifestyle Services","0.5943730307120721","19.948948008979325","-102.78382844344341","2026-01-12"
"MEX.16.45_1","Jiquilpan","GADM2","3.6","MX","Grocery & Convenience Stores","0.5719720806037395","19.948948008979325","-102.78382844344341","2026-01-12"
"MEX.16.45_1","Jiquilpan","GADM2","3.6","MX","All","0.3499533893866107","19.948948008979325","-102.78382844344341","2026-01-12"
"MEX.16.45_1","Jiquilpan","GADM2","3.6","MX","Travel","0.22860874745601142","19.948948008979325","-102.78382844344341","2026-01-12"
"MEX.16.45_1","Jiquilpan","GADM2","3.6","MX","Public Good","0.5195524124493576","19.948948008979325","-102.78382844344341","2026-01-12"
"MEX.16.45_1","Jiquilpan","GADM2","3.6","MX","Business & Utility Services","0.27118764863660455","19.948948008979325","-102.78382844344341","2026-01-12"
"MEX.16.45_1","Jiquilpan","GADM2","3.6","MX","Professional Services","0.34920444070604134","19.948948008979325","-102.78382844344341","2026-01-12"
"MEX.16.45_1","Jiquilpan","GADM2","3.6","MX","Restaurants","0.18110590666499093","19.948948008979325","-102.78382844344341","2026-01-12"
"MEX.17.33_1","Zacualpan","GADM2","3.6","MX","All","0.5073426786757872","18.83049716804828","-98.67737926593429","2026-01-12"
"MEX.15.116_1","Xonacatlán","GADM2","3.6","MX","Retail","0.3859478920003961","19.375279053400625","-99.43459063285592","2026-01-12"
"MEX.15.116_1","Xonacatlán","GADM2","3.6","MX","All","0.5073899046944487","19.375279053400625","-99.43459063285592","2026-01-12"
"MEX.15.116_1","Xonacatlán","GADM2","3.6","MX","Professional Services","0.3659252621392279","19.375279053400625","-99.43459063285592","2026-01-12"
"MEX.15.116_1","Xonacatlán","GADM2","3.6","MX","Home Services","0.5547025865451476","19.375279053400625","-99.43459063285592","2026-01-12"
"MEX.15.116_1","Xonacatlán","GADM2","3.6","MX","Restaurants","0.40757284272301103","19.375279053400625","-99.43459063285592","2026-01-12"
"MEX.21.70_1","Huatlatlauca","GADM2","3.6","MX","All","0.4809830993674404","18.743015849654014","-97.95040990232215","2026-01-12"
"MEX.21.70_1","Huatlatlauca","GADM2","3.6","MX","Retail","0.40700616916037624","18.743015849654014","-97.95040990232215","2026-01-12"
"MEX.24.10_1","Cerro de San Pedro","GADM2","3.6","MX","Restaurants","0.3698078869432336","22.182846961161022","-100.78132929058506","2026-01-12"
"MEX.24.10_1","Cerro de San Pedro","GADM2","3.6","MX","Retail","0.16859462404053818","22.182846961161022","-100.78132929058506","2026-01-12"
"MEX.24.10_1","Cerro de San Pedro","GADM2","3.6","MX","All","0.15041960636522766","22.182846961161022","-100.78132929058506","2026-01-12"
"MEX.17.5_1","Coatlán del Río","GADM2","3.6","MX","Restaurants","0.4518990643027026","18.70201471097527","-99.41082140794435","2026-01-12"
"MEX.17.5_1","Coatlán del Río","GADM2","3.6","MX","Retail","0.596552085637298","18.70201471097527","-99.41082140794435","2026-01-12"
"MEX.17.5_1","Coatlán del Río","GADM2","3.6","MX","All","0.43458501732543514","18.70201471097527","-99.41082140794435","2026-01-12"
"MEX.17.5_1","Coatlán del Río","GADM2","3.6","MX","Professional Services","0.30030451313764034","18.70201471097527","-99.41082140794435","2026-01-12"
"MEX.15.66_1","Ocuilan","GADM2","3.6","MX","All","0.4938800867780235","18.906541218561113","-99.37613309559552","2026-01-12"
"MEX.13.68_1","Tizayuca","GADM2","3.6","MX","All","0.5331750481321813","19.79024288501708","-98.91859075905867","2026-01-12"
"MEX.13.68_1","Tizayuca","GADM2","3.6","MX","Lifestyle Services","0.5921811324460922","19.79024288501708","-98.91859075905867","2026-01-12"
"MEX.13.68_1","Tizayuca","GADM2","3.6","MX","Restaurants","0.4901183874015881","19.79024288501708","-98.91859075905867","2026-01-12"
"MEX.13.68_1","Tizayuca","GADM2","3.6","MX","Home Services","0.5827592338165506","19.79024288501708","-98.91859075905867","2026-01-12"
"MEX.13.68_1","Tizayuca","GADM2","3.6","MX","Retail","0.5076801913239626","19.79024288501708","-98.91859075905867","2026-01-12"
"MEX.13.68_1","Tizayuca","GADM2","3.6","MX","Professional Services","0.5943490476519556","19.79024288501708","-98.91859075905867","2026-01-12"
"MEX.13.68_1","Tizayuca","GADM2","3.6","MX","Public Good","0.43678768515171157","19.79024288501708","-98.91859075905867","2026-01-12"
"MEX.13.68_1","Tizayuca","GADM2","3.6","MX","Grocery & Convenience Stores","0.4093716332101453","19.79024288501708","-98.91859075905867","2026-01-12"
"MEX.13.68_1","Tizayuca","GADM2","3.6","MX","Business & Utility Services","0.4047611687222675","19.79024288501708","-98.91859075905867","2026-01-12"
"MEX.13.68_1","Tizayuca","GADM2","3.6","MX","Local Events","0.48687155972724144","19.79024288501708","-98.91859075905867","2026-01-12"
"MEX.15.102_1","Tianguistenco","GADM2","3.6","MX","Professional Services","0.5009660612953958","19.05104050300983","-99.35866423509135","2026-01-12"
"MEX.15.102_1","Tianguistenco","GADM2","3.6","MX","Grocery & Convenience Stores","0.8089612699051697","19.05104050300983","-99.35866423509135","2026-01-12"
"MEX.15.102_1","Tianguistenco","GADM2","3.6","MX","Restaurants","0.3312270720691709","19.05104050300983","-99.35866423509135","2026-01-12"
"MEX.15.102_1","Tianguistenco","GADM2","3.6","MX","Lifestyle Services","0.131722851764561","19.05104050300983","-99.35866423509135","2026-01-12"
"MEX.15.102_1","Tianguistenco","GADM2","3.6","MX","All","0.5683626112314475","19.05104050300983","-99.35866423509135","2026-01-12"
"MEX.15.102_1","Tianguistenco","GADM2","3.6","MX","Home Services","0.45292478993165525","19.05104050300983","-99.35866423509135","2026-01-12"
"MEX.15.102_1","Tianguistenco","GADM2","3.6","MX","Retail","0.8105645500698412","19.05104050300983","-99.35866423509135","2026-01-12"
"MEX.11.10_1","Cortazar","GADM2","3.6","MX","Lifestyle Services","0.3858779582004751","20.40301454655735","-100.90520780668307","2026-01-12"
"MEX.11.10_1","Cortazar","GADM2","3.6","MX","Public Good","0.4002907390273431","20.40301454655735","-100.90520780668307","2026-01-12"
"MEX.11.10_1","Cortazar","GADM2","3.6","MX","Home Services","0.5404753686075227","20.40301454655735","-100.90520780668307","2026-01-12"
"MEX.11.10_1","Cortazar","GADM2","3.6","MX","Restaurants","0.31738249731420964","20.40301454655735","-100.90520780668307","2026-01-12"
"MEX.11.10_1","Cortazar","GADM2","3.6","MX","Retail","0.2036100391781381","20.40301454655735","-100.90520780668307","2026-01-12"
"MEX.11.10_1","Cortazar","GADM2","3.6","MX","Travel","0.3104889629009437","20.40301454655735","-100.90520780668307","2026-01-12"
"MEX.11.10_1","Cortazar","GADM2","3.6","MX","All","0.3339950286142757","20.40301454655735","-100.90520780668307","2026-01-12"
"MEX.11.10_1","Cortazar","GADM2","3.6","MX","Local Events","0.37818699018276714","20.40301454655735","-100.90520780668307","2026-01-12"
"MEX.11.10_1","Cortazar","GADM2","3.6","MX","Professional Services","0.4424556860590876","20.40301454655735","-100.90520780668307","2026-01-12"
"MEX.11.10_1","Cortazar","GADM2","3.6","MX","Grocery & Convenience Stores","0.3358602297056871","20.40301454655735","-100.90520780668307","2026-01-12"
"MEX.11.10_1","Cortazar","GADM2","3.6","MX","","0.6026770650125205","20.40301454655735","-100.90520780668307","2026-01-12"
"MEX.11.10_1","Cortazar","GADM2","3.6","MX","Business & Utility Services","0.49307015963033934","20.40301454655735","-100.90520780668307","2026-01-12"
"MEX.12.66_1","Tlalchapa","GADM2","3.6","MX","Home Services","0.7533978350268999","18.358541142691127","-100.40305042158563","2026-01-12"
"MEX.12.66_1","Tlalchapa","GADM2","3.6","MX","Restaurants","0.5509185981841077","18.358541142691127","-100.40305042158563","2026-01-12"
"MEX.12.66_1","Tlalchapa","GADM2","3.6","MX","Retail","0.292763574222296","18.358541142691127","-100.40305042158563","2026-01-12"
"MEX.12.66_1","Tlalchapa","GADM2","3.6","MX","All","0.6077991173213609","18.358541142691127","-100.40305042158563","2026-01-12"
"MEX.12.66_1","Tlalchapa","GADM2","3.6","MX","Lifestyle Services","0.7590647908720242","18.358541142691127","-100.40305042158563","2026-01-12"
"MEX.12.66_1","Tlalchapa","GADM2","3.6","MX","Grocery & Convenience Stores","0.6305055884261741","18.358541142691127","-100.40305042158563","2026-01-12"
"MEX.12.66_1","Tlalchapa","GADM2","3.6","MX","Professional Services","0.5352765775018261","18.358541142691127","-100.40305042158563","2026-01-12"
"MEX.21.212_1","Zoquiapan","GADM2","3.6","MX","Travel","0.10125673450553843","20.039383626549785","-97.50982084708224","2026-01-12"
"MEX.21.212_1","Zoquiapan","GADM2","3.6","MX","All","0.18877806701184127","20.039383626549785","-97.50982084708224","2026-01-12"
"MEX.21.212_1","Zoquiapan","GADM2","3.6","MX","Professional Services","0.3172393426718764","20.039383626549785","-97.50982084708224","2026-01-12"
"MEX.21.212_1","Zoquiapan","GADM2","3.6","MX","Restaurants","0.26848876618525425","20.039383626549785","-97.50982084708224","2026-01-12"
"MEX.21.212_1","Zoquiapan","GADM2","3.6","MX","Retail","0.6734293180642561","20.039383626549785","-97.50982084708224","2026-01-12"
"MEX.21.212_1","Zoquiapan","GADM2","3.6","MX","Grocery & Convenience Stores","0.4181666730492328","20.039383626549785","-97.50982084708224","2026-01-12"
"MEX.21.212_1","Zoquiapan","GADM2","3.6","MX","Local Events","0.26810901224891265","20.039383626549785","-97.50982084708224","2026-01-12"
"MEX.14.32_1","Cuquito","GADM2","3.6","MX","Retail","0.42166806289500197","20.89237551872634","-103.07762195407422","2026-01-12"
"MEX.14.32_1","Cuquito","GADM2","3.6","MX","Restaurants","0.4427067022758497","20.89237551872634","-103.07762195407422","2026-01-12"
"MEX.14.32_1","Cuquito","GADM2","3.6","MX","Grocery & Convenience Stores","0.3892153551325338","20.89237551872634","-103.07762195407422","2026-01-12"
"MEX.14.32_1","Cuquito","GADM2","3.6","MX","All","0.28850627425303094","20.89237551872634","-103.07762195407422","2026-01-12"
"MEX.14.32_1","Cuquito","GADM2","3.6","MX","Professional Services","0.6149677862166234","20.89237551872634","-103.07762195407422","2026-01-12"
"MEX.14.32_1","Cuquito","GADM2","3.6","MX","Lifestyle Services","0.40580067845398954","20.89237551872634","-103.07762195407422","2026-01-12"
"MEX.14.32_1","Cuquito","GADM2","3.6","MX","Home Services","0.3928607869009233","20.89237551872634","-103.07762195407422","2026-01-12"
"MEX.29.30_1","Tepeyanco","GADM2","3.6","MX","All","0.2808325857703653","19.29538672939317","-98.13178946261372","2026-01-12"
"MEX.30.14_1","Ángel R. Cabada","GADM2","3.6","MX","Grocery & Convenience Stores","0.4023971794832749","18.61536093882064","-95.40115309434042","2026-01-12"
"MEX.30.14_1","Ángel R. Cabada","GADM2","3.6","MX","All","0.40865117639670423","18.61536093882064","-95.40115309434042","2026-01-12"
"MEX.30.14_1","Ángel R. Cabada","GADM2","3.6","MX","Restaurants","0.600768349035018","18.61536093882064","-95.40115309434042","2026-01-12"
"MEX.30.14_1","Ángel R. Cabada","GADM2","3.6","MX","Retail","0.3307873321503637","18.61536093882064","-95.40115309434042","2026-01-12"
"MEX.30.14_1","Ángel R. Cabada","GADM2","3.6","MX","Business & Utility Services","0.5439848169308393","18.61536093882064","-95.40115309434042","2026-01-12"
"MEX.30.14_1","Ángel R. Cabada","GADM2","3.6","MX","Home Services","0.39473098151738945","18.61536093882064","-95.40115309434042","2026-01-12"
"MEX.30.14_1","Ángel R. Cabada","GADM2","3.6","MX","Lifestyle Services","0.21476407042667406","18.61536093882064","-95.40115309434042","2026-01-12"
"MEX.30.14_1","Ángel R. Cabada","GADM2","3.6","MX","Professional Services","0.5428168429849326","18.61536093882064","-95.40115309434042","2026-01-12"
"MEX.14.59_1","Lago de Chapala","GADM2","3.6","MX","Professional Services","0.5843575674603718","20.209020212792982","-103.03257379299606","2026-01-12"
"MEX.15.22_1","Chapultepec","GADM2","3.6","MX","All","0.5624799730853605","19.119634029965848","-99.52685818294124","2026-01-12"
"MEX.13.31_1","Jacala de Ledezma","GADM2","3.6","MX","Professional Services","0.46659682576197214","21.01171917049517","-99.15909428417918","2026-01-12"
"MEX.13.31_1","Jacala de Ledezma","GADM2","3.6","MX","All","0.3413384113798079","21.01171917049517","-99.15909428417918","2026-01-12"
"MEX.13.31_1","Jacala de Ledezma","GADM2","3.6","MX","Retail","0.4834048107390529","21.01171917049517","-99.15909428417918","2026-01-12"
"MEX.11.39_1","Tarimoro","GADM2","3.6","MX","Grocery & Convenience Stores","0.3454685919270892","20.275269299028178","-100.70967425472428","2026-01-12"
"MEX.11.39_1","Tarimoro","GADM2","3.6","MX","Restaurants","0.4683533059217981","20.275269299028178","-100.70967425472428","2026-01-12"
"MEX.11.39_1","Tarimoro","GADM2","3.6","MX","All","0.37525016370541514","20.275269299028178","-100.70967425472428","2026-01-12"
"MEX.11.39_1","Tarimoro","GADM2","3.6","MX","Public Good","0.43059084311818246","20.275269299028178","-100.70967425472428","2026-01-12"
"MEX.11.39_1","Tarimoro","GADM2","3.6","MX","Retail","0.22137941408050654","20.275269299028178","-100.70967425472428","2026-01-12"
"MEX.11.39_1","Tarimoro","GADM2","3.6","MX","Professional Services","0.606285227214222","20.275269299028178","-100.70967425472428","2026-01-12"
"MEX.16.38_1","Huetamo","GADM2","3.6","MX","Retail","0.4513007543253047","18.639467868278896","-101.0832645290177","2026-01-12"
"MEX.16.38_1","Huetamo","GADM2","3.6","MX","Public Good","0.26648195720807555","18.639467868278896","-101.0832645290177","2026-01-12"
"MEX.16.38_1","Huetamo","GADM2","3.6","MX","Lifestyle Services","0.13614996757848455","18.639467868278896","-101.0832645290177","2026-01-12"
"MEX.16.38_1","Huetamo","GADM2","3.6","MX","Local Events","0.7044842213663122","18.639467868278896","-101.0832645290177","2026-01-12"
"MEX.16.38_1","Huetamo","GADM2","3.6","MX","Professional Services","0.32086318014659493","18.639467868278896","-101.0832645290177","2026-01-12"
"MEX.16.38_1","Huetamo","GADM2","3.6","MX","Restaurants","0.666464078613242","18.639467868278896","-101.0832645290177","2026-01-12"
"MEX.16.38_1","Huetamo","GADM2","3.6","MX","Grocery & Convenience Stores","0.5119690623429883","18.639467868278896","-101.0832645290177","2026-01-12"
"MEX.16.38_1","Huetamo","GADM2","3.6","MX","Business & Utility Services","0.5322330816117814","18.639467868278896","-101.0832645290177","2026-01-12"
"MEX.16.38_1","Huetamo","GADM2","3.6","MX","Home Services","0.6395445354058368","18.639467868278896","-101.0832645290177","2026-01-12"
"MEX.16.38_1","Huetamo","GADM2","3.6","MX","All","0.4540022835867211","18.639467868278896","-101.0832645290177","2026-01-12"
"MEX.21.192_1","Xalpan","GADM2","3.6","MX","All","0.5403067168389609","20.501140742851817","-97.79231875843934","2026-01-12"
"MEX.16.17_1","Cherán","GADM2","3.6","MX","All","0.2053308080250087","19.730183466059255","-101.99516207693766","2026-01-12"
"MEX.16.17_1","Cherán","GADM2","3.6","MX","Restaurants","0.21660486643253235","19.730183466059255","-101.99516207693766","2026-01-12"
"MEX.16.17_1","Cherán","GADM2","3.6","MX","Retail","0.2616440870455185","19.730183466059255","-101.99516207693766","2026-01-12"
"MEX.16.17_1","Cherán","GADM2","3.6","MX","Professional Services","0.5355571019419477","19.730183466059255","-101.99516207693766","2026-01-12"
"MEX.17.25_1","Tlaltizapán","GADM2","3.6","MX","All","0.2625147181814366","18.705508995468943","-99.03974012373232","2026-01-12"
"MEX.17.25_1","Tlaltizapán","GADM2","3.6","MX","Professional Services","0.29751087478606747","18.705508995468943","-99.03974012373232","2026-01-12"
"MEX.17.25_1","Tlaltizapán","GADM2","3.6","MX","Restaurants","0.3648394109166314","18.705508995468943","-99.03974012373232","2026-01-12"
"MEX.17.25_1","Tlaltizapán","GADM2","3.6","MX","Retail","0.3713251338709343","18.705508995468943","-99.03974012373232","2026-01-12"
"MEX.17.25_1","Tlaltizapán","GADM2","3.6","MX","Home Services","0.2932244851453828","18.705508995468943","-99.03974012373232","2026-01-12"
"MEX.17.25_1","Tlaltizapán","GADM2","3.6","MX","Lifestyle Services","0.39796220855147124","18.705508995468943","-99.03974012373232","2026-01-12"
"MEX.21.21_1","Atzala","GADM2","3.6","MX","Business & Utility Services","0.5373427191887964","18.581934256265555","-98.439170138575","2026-01-12"
"MEX.21.21_1","Atzala","GADM2","3.6","MX","Home Services","0.36117020360597535","18.581934256265555","-98.439170138575","2026-01-12"
"MEX.21.21_1","Atzala","GADM2","3.6","MX","Professional Services","0.3295003645323519","18.581934256265555","-98.439170138575","2026-01-12"
"MEX.21.21_1","Atzala","GADM2","3.6","MX","All","0.4731142728868676","18.581934256265555","-98.439170138575","2026-01-12"
"MEX.21.21_1","Atzala","GADM2","3.6","MX","Retail","0.509136482122003","18.581934256265555","-98.439170138575","2026-01-12"
"MEX.21.21_1","Atzala","GADM2","3.6","MX","Restaurants","0.4949921850038446","18.581934256265555","-98.439170138575","2026-01-12"
"MEX.21.21_1","Atzala","GADM2","3.6","MX","Public Good","0.7311766156628331","18.581934256265555","-98.439170138575","2026-01-12"
"MEX.21.21_1","Atzala","GADM2","3.6","MX","Lifestyle Services","0.562392465186398","18.581934256265555","-98.439170138575","2026-01-12"
"MEX.21.21_1","Atzala","GADM2","3.6","MX","Local Events","0.6448628846785415","18.581934256265555","-98.439170138575","2026-01-12"
"MEX.14.81_1","San Miguel el Alto","GADM2","3.6","MX","Grocery & Convenience Stores","0.7487319343593807","20.962589892880597","-102.38198586004374","2026-01-12"
"MEX.14.81_1","San Miguel el Alto","GADM2","3.6","MX","Local Events","0.37139577104798954","20.962589892880597","-102.38198586004374","2026-01-12"
"MEX.14.81_1","San Miguel el Alto","GADM2","3.6","MX","Business & Utility Services","0.25332145937182987","20.962589892880597","-102.38198586004374","2026-01-12"
"MEX.14.81_1","San Miguel el Alto","GADM2","3.6","MX","Restaurants","0.40960891886142886","20.962589892880597","-102.38198586004374","2026-01-12"
"MEX.14.81_1","San Miguel el Alto","GADM2","3.6","MX","Lifestyle Services","0.26898933634018196","20.962589892880597","-102.38198586004374","2026-01-12"
"MEX.14.81_1","San Miguel el Alto","GADM2","3.6","MX","Professional Services","0.3493344739127722","20.962589892880597","-102.38198586004374","2026-01-12"
"MEX.14.81_1","San Miguel el Alto","GADM2","3.6","MX","Retail","0.44505226095127853","20.962589892880597","-102.38198586004374","2026-01-12"
"MEX.14.81_1","San Miguel el Alto","GADM2","3.6","MX","Public Good","0.23156224893749996","20.962589892880597","-102.38198586004374","2026-01-12"
"MEX.14.81_1","San Miguel el Alto","GADM2","3.6","MX","Home Services","0.4799189478810821","20.962589892880597","-102.38198586004374","2026-01-12"
"MEX.14.81_1","San Miguel el Alto","GADM2","3.6","MX","All","0.3070394847038592","20.962589892880597","-102.38198586004374","2026-01-12"
"MEX.32.25_1","Luis Moya","GADM2","3.6","MX","All","0.3785958942937554","22.40850031832669","-102.25748341378959","2026-01-12"
"MEX.32.25_1","Luis Moya","GADM2","3.6","MX","Retail","0.48811528203285326","22.40850031832669","-102.25748341378959","2026-01-12"
"MEX.32.25_1","Luis Moya","GADM2","3.6","MX","Grocery & Convenience Stores","0.373473990784506","22.40850031832669","-102.25748341378959","2026-01-12"
"MEX.15.101_1","Tezoyuca","GADM2","3.6","MX","Lifestyle Services","0.23346388285941932","19.55461394481211","-98.93446675401391","2026-01-12"
"MEX.15.101_1","Tezoyuca","GADM2","3.6","MX","Grocery & Convenience Stores","0.4611099572537659","19.55461394481211","-98.93446675401391","2026-01-12"
"MEX.15.101_1","Tezoyuca","GADM2","3.6","MX","Restaurants","0.2661614751364407","19.55461394481211","-98.93446675401391","2026-01-12"
"MEX.15.101_1","Tezoyuca","GADM2","3.6","MX","All","0.16895697048159783","19.55461394481211","-98.93446675401391","2026-01-12"
"MEX.15.101_1","Tezoyuca","GADM2","3.6","MX","Retail","0.2546627849197695","19.55461394481211","-98.93446675401391","2026-01-12"
"MEX.15.101_1","Tezoyuca","GADM2","3.6","MX","Professional Services","0.6501514419282295","19.55461394481211","-98.93446675401391","2026-01-12"
"MEX.15.101_1","Tezoyuca","GADM2","3.6","MX","Home Services","0.4300982519369912","19.55461394481211","-98.93446675401391","2026-01-12"
"MEX.16.64_1","Numarán","GADM2","3.6","MX","Local Events","0.2651457986314458","20.260307638078075","-101.99754159530009","2026-01-12"
"MEX.16.64_1","Numarán","GADM2","3.6","MX","Lifestyle Services","0.5937549990185039","20.260307638078075","-101.99754159530009","2026-01-12"
"MEX.16.64_1","Numarán","GADM2","3.6","MX","Professional Services","0.45448374472462866","20.260307638078075","-101.99754159530009","2026-01-12"
"MEX.16.64_1","Numarán","GADM2","3.6","MX","Retail","0.27800067370867654","20.260307638078075","-101.99754159530009","2026-01-12"
"MEX.16.64_1","Numarán","GADM2","3.6","MX","Public Good","0.5759296578284533","20.260307638078075","-101.99754159530009","2026-01-12"
"MEX.16.64_1","Numarán","GADM2","3.6","MX","Business & Utility Services","0.3551336464160918","20.260307638078075","-101.99754159530009","2026-01-12"
"MEX.16.64_1","Numarán","GADM2","3.6","MX","All","0.35593620235797907","20.260307638078075","-101.99754159530009","2026-01-12"
"MEX.16.64_1","Numarán","GADM2","3.6","MX","Home Services","0.3815818664550159","20.260307638078075","-101.99754159530009","2026-01-12"
"MEX.16.64_1","Numarán","GADM2","3.6","MX","Grocery & Convenience Stores","0.22558193276863522","20.260307638078075","-101.99754159530009","2026-01-12"
"MEX.16.64_1","Numarán","GADM2","3.6","MX","Restaurants","0.5706056493800994","20.260307638078075","-101.99754159530009","2026-01-12"
"MEX.16.33_1","Erongarícuaro","GADM2","3.6","MX","Restaurants","0.25201586879090804","19.34888063849827","-101.53744417780224","2026-01-12"
"MEX.16.33_1","Erongarícuaro","GADM2","3.6","MX","Professional Services","0.4827147935858177","19.34888063849827","-101.53744417780224","2026-01-12"
"MEX.16.33_1","Erongarícuaro","GADM2","3.6","MX","All","0.27647009794984295","19.34888063849827","-101.53744417780224","2026-01-12"
"MEX.16.33_1","Erongarícuaro","GADM2","3.6","MX","Retail","0.31831477617411885","19.34888063849827","-101.53744417780224","2026-01-12"
"MEX.24.11_1","Charcas","GADM2","3.6","MX","Home Services","0.4416624154608341","23.220481832850716","-101.09419754764053","2026-01-12"
"MEX.24.11_1","Charcas","GADM2","3.6","MX","Professional Services","0.5459297273390005","23.220481832850716","-101.09419754764053","2026-01-12"
"MEX.24.11_1","Charcas","GADM2","3.6","MX","Retail","0.42720158881777753","23.220481832850716","-101.09419754764053","2026-01-12"
"MEX.24.11_1","Charcas","GADM2","3.6","MX","Restaurants","0.45261271043186024","23.220481832850716","-101.09419754764053","2026-01-12"
"MEX.24.11_1","Charcas","GADM2","3.6","MX","All","0.4686192938870627","23.220481832850716","-101.09419754764053","2026-01-12"
"MEX.16.61_1","Nocupétaro","GADM2","3.6","MX","All","0.5470106199068221","19.093711012439638","-101.22417629779801","2026-01-12"
"MEX.28.18_1","Jaumave","GADM2","3.6","MX","Retail","0.46998840731680663","23.46027292081842","-99.43599021189968","2026-01-12"
"MEX.28.18_1","Jaumave","GADM2","3.6","MX","Restaurants","0.49879674759634224","23.46027292081842","-99.43599021189968","2026-01-12"
"MEX.28.18_1","Jaumave","GADM2","3.6","MX","All","0.571458864555064","23.46027292081842","-99.43599021189968","2026-01-12"
"MEX.28.18_1","Jaumave","GADM2","3.6","MX","Professional Services","0.29187440997081915","23.46027292081842","-99.43599021189968","2026-01-12"
"MEX.24.55_1","Villa Juárez","GADM2","3.6","MX","Retail","0.4771636446330069","22.29063661878823","-100.21517817314185","2026-01-12"
"MEX.24.55_1","Villa Juárez","GADM2","3.6","MX","All","0.5139546546107846","22.29063661878823","-100.21517817314185","2026-01-12"
"MEX.24.55_1","Villa Juárez","GADM2","3.6","MX","Restaurants","0.453330758091974","22.29063661878823","-100.21517817314185","2026-01-12"
"MEX.30.70_1","Hueyapan de Ocampo","GADM2","3.6","MX","Retail","0.4641699592548609","18.174679576798454","-95.14089987183246","2026-01-12"
"MEX.30.70_1","Hueyapan de Ocampo","GADM2","3.6","MX","All","0.5486830413252795","18.174679576798454","-95.14089987183246","2026-01-12"
"MEX.15.10_1","Apaxco","GADM2","3.6","MX","Grocery & Convenience Stores","0.4178562313733626","19.95812144909016","-99.10658255026658","2026-01-12"
"MEX.15.10_1","Apaxco","GADM2","3.6","MX","Home Services","0.22016448131095537","19.95812144909016","-99.10658255026658","2026-01-12"
"MEX.15.10_1","Apaxco","GADM2","3.6","MX","Business & Utility Services","0.5194258987399568","19.95812144909016","-99.10658255026658","2026-01-12"
"MEX.15.10_1","Apaxco","GADM2","3.6","MX","Professional Services","0.6329462812015544","19.95812144909016","-99.10658255026658","2026-01-12"
"MEX.15.10_1","Apaxco","GADM2","3.6","MX","All","0.27829485133650395","19.95812144909016","-99.10658255026658","2026-01-12"
"MEX.15.10_1","Apaxco","GADM2","3.6","MX","Retail","0.4327412783709105","19.95812144909016","-99.10658255026658","2026-01-12"
"MEX.15.10_1","Apaxco","GADM2","3.6","MX","Public Good","0.2538335653011056","19.95812144909016","-99.10658255026658","2026-01-12"
"MEX.15.10_1","Apaxco","GADM2","3.6","MX","Lifestyle Services","0.3665751996481762","19.95812144909016","-99.10658255026658","2026-01-12"
"MEX.15.10_1","Apaxco","GADM2","3.6","MX","Restaurants","0.3228706267981107","19.95812144909016","-99.10658255026658","2026-01-12"
"MEX.15.10_1","Apaxco","GADM2","3.6","MX","Local Events","0.5575630095600692","19.95812144909016","-99.10658255026658","2026-01-12"
"MEX.14.39_1","Encarnación de Díaz","GADM2","3.6","MX","Lifestyle Services","0.46697952832319295","21.52649044875824","-102.24779044030386","2026-01-12"
"MEX.14.39_1","Encarnación de Díaz","GADM2","3.6","MX","Grocery & Convenience Stores","0.32170448058684825","21.52649044875824","-102.24779044030386","2026-01-12"
"MEX.14.39_1","Encarnación de Díaz","GADM2","3.6","MX","Business & Utility Services","0.6043729126245364","21.52649044875824","-102.24779044030386","2026-01-12"
"MEX.14.39_1","Encarnación de Díaz","GADM2","3.6","MX","Home Services","0.5345859822688459","21.52649044875824","-102.24779044030386","2026-01-12"
"MEX.14.39_1","Encarnación de Díaz","GADM2","3.6","MX","All","0.31912319548179185","21.52649044875824","-102.24779044030386","2026-01-12"
"MEX.14.39_1","Encarnación de Díaz","GADM2","3.6","MX","Professional Services","0.31137015014503344","21.52649044875824","-102.24779044030386","2026-01-12"
"MEX.14.39_1","Encarnación de Díaz","GADM2","3.6","MX","Local Events","0.36063575573097506","21.52649044875824","-102.24779044030386","2026-01-12"
"MEX.14.39_1","Encarnación de Díaz","GADM2","3.6","MX","Public Good","0.14590033659004317","21.52649044875824","-102.24779044030386","2026-01-12"
"MEX.14.39_1","Encarnación de Díaz","GADM2","3.6","MX","Restaurants","0.35962129194896103","21.52649044875824","-102.24779044030386","2026-01-12"
"MEX.14.39_1","Encarnación de Díaz","GADM2","3.6","MX","Retail","0.294038438146094","21.52649044875824","-102.24779044030386","2026-01-12"
"MEX.20.12_1","Dist. Juxtlahuaca","GADM2","3.6","MX","Lifestyle Services","0.6070011787734522","17.317385990473287","-97.96595690751508","2026-01-12"
"MEX.20.12_1","Dist. Juxtlahuaca","GADM2","3.6","MX","Retail","0.32636986323617684","17.317385990473287","-97.96595690751508","2026-01-12"
"MEX.20.12_1","Dist. Juxtlahuaca","GADM2","3.6","MX","Grocery & Convenience Stores","0.5278081233222206","17.317385990473287","-97.96595690751508","2026-01-12"
"MEX.20.12_1","Dist. Juxtlahuaca","GADM2","3.6","MX","Home Services","0.5850341050722931","17.317385990473287","-97.96595690751508","2026-01-12"
"MEX.20.12_1","Dist. Juxtlahuaca","GADM2","3.6","MX","Business & Utility Services","0.4786038199420952","17.317385990473287","-97.96595690751508","2026-01-12"
"MEX.20.12_1","Dist. Juxtlahuaca","GADM2","3.6","MX","Restaurants","0.48533758400975635","17.317385990473287","-97.96595690751508","2026-01-12"
"MEX.20.12_1","Dist. Juxtlahuaca","GADM2","3.6","MX","All","0.3605997830916548","17.317385990473287","-97.96595690751508","2026-01-12"
"MEX.20.12_1","Dist. Juxtlahuaca","GADM2","3.6","MX","Professional Services","0.220841616261285","17.317385990473287","-97.96595690751508","2026-01-12"
"MEX.20.12_1","Dist. Juxtlahuaca","GADM2","3.6","MX","Public Good","0.39298702642278716","17.317385990473287","-97.96595690751508","2026-01-12"
"MEX.32.43_1","Tabasco","GADM2","3.6","MX","Retail","0.4707813792199575","21.885533333784164","-102.94116447011794","2026-01-12"
"MEX.32.43_1","Tabasco","GADM2","3.6","MX","Lifestyle Services","0.5163304804481519","21.885533333784164","-102.94116447011794","2026-01-12"
"MEX.32.43_1","Tabasco","GADM2","3.6","MX","Home Services","0.5986715230111336","21.885533333784164","-102.94116447011794","2026-01-12"
"MEX.32.43_1","Tabasco","GADM2","3.6","MX","All","0.4152284467676907","21.885533333784164","-102.94116447011794","2026-01-12"
"MEX.32.43_1","Tabasco","GADM2","3.6","MX","Restaurants","0.2952927899605907","21.885533333784164","-102.94116447011794","2026-01-12"
"MEX.21.42_1","Chilchotla","GADM2","3.6","MX","All","0.5841259778054415","19.3093902688386","-97.14140290609359","2026-01-12"
"MEX.15.59_1","Morelos","GADM2","3.6","MX","All","0.6431856170401726","19.745408789633927","-99.61451821899875","2026-01-12"
"MEX.24.52_1","Villa de Ramos","GADM2","3.6","MX","Retail","0.36599995098154575","22.906712842238502","-101.97837953241653","2026-01-12"
"MEX.24.52_1","Villa de Ramos","GADM2","3.6","MX","All","0.46844105156366683","22.906712842238502","-101.97837953241653","2026-01-12"
"MEX.12.46_1","Mochitlán","GADM2","3.6","MX","Retail","0.9129775135734076","17.360093202127473","-99.29764150970321","2026-01-12"
"MEX.12.46_1","Mochitlán","GADM2","3.6","MX","All","0.7467983354767121","17.360093202127473","-99.29764150970321","2026-01-12"
"MEX.22.16_1","San Juan del Río","GADM2","3.6","MX","Travel","0.6426938798928445","20.374213697747493","-100.02362976969437","2026-01-12"
"MEX.22.16_1","San Juan del Río","GADM2","3.6","MX","","0.5461323312050004","20.374213697747493","-100.02362976969437","2026-01-12"
"MEX.22.16_1","San Juan del Río","GADM2","3.6","MX","Public Good","0.24317531277897436","20.374213697747493","-100.02362976969437","2026-01-12"
"MEX.22.16_1","San Juan del Río","GADM2","3.6","MX","Professional Services","0.5110748165955323","20.374213697747493","-100.02362976969437","2026-01-12"
"MEX.22.16_1","San Juan del Río","GADM2","3.6","MX","Manufacturing","0.4173250480806709","20.374213697747493","-100.02362976969437","2026-01-12"
"MEX.22.16_1","San Juan del Río","GADM2","3.6","MX","Local Events","0.5993098440492132","20.374213697747493","-100.02362976969437","2026-01-12"
"MEX.22.16_1","San Juan del Río","GADM2","3.6","MX","Restaurants","0.39620479990377816","20.374213697747493","-100.02362976969437","2026-01-12"
"MEX.22.16_1","San Juan del Río","GADM2","3.6","MX","All","0.44940060394093845","20.374213697747493","-100.02362976969437","2026-01-12"
"MEX.22.16_1","San Juan del Río","GADM2","3.6","MX","Home Services","0.5320445258420181","20.374213697747493","-100.02362976969437","2026-01-12"
"MEX.22.16_1","San Juan del Río","GADM2","3.6","MX","Lifestyle Services","0.23614137596612125","20.374213697747493","-100.02362976969437","2026-01-12"
"MEX.22.16_1","San Juan del Río","GADM2","3.6","MX","Retail","0.4155753000154911","20.374213697747493","-100.02362976969437","2026-01-12"
"MEX.22.16_1","San Juan del Río","GADM2","3.6","MX","Business & Utility Services","0.4718158586747712","20.374213697747493","-100.02362976969437","2026-01-12"
"MEX.22.16_1","San Juan del Río","GADM2","3.6","MX","Grocery & Convenience Stores","0.3290001267362026","20.374213697747493","-100.02362976969437","2026-01-12"
"MEX.16.75_1","Queréndaro","GADM2","3.6","MX","Retail","0.43284808350636345","19.743245277284643","-100.84302796039317","2026-01-12"
"MEX.16.75_1","Queréndaro","GADM2","3.6","MX","Restaurants","0.2594209765286953","19.743245277284643","-100.84302796039317","2026-01-12"
"MEX.16.75_1","Queréndaro","GADM2","3.6","MX","All","0.5538971713179122","19.743245277284643","-100.84302796039317","2026-01-12"
"MEX.16.75_1","Queréndaro","GADM2","3.6","MX","Grocery & Convenience Stores","0.701314922695466","19.743245277284643","-100.84302796039317","2026-01-12"
"MEX.21.22_1","Atzitzihuacán","GADM2","3.6","MX","All","0.3978013911376711","18.909796857906812","-97.79141032524807","2026-01-12"
"MEX.16.54_1","Madero","GADM2","3.6","MX","All","0.5604447692577164","19.328958116939788","-101.16215495205472","2026-01-12"
"MEX.16.54_1","Madero","GADM2","3.6","MX","Retail","0.5645710947678466","19.328958116939788","-101.16215495205472","2026-01-12"
"MEX.16.54_1","Madero","GADM2","3.6","MX","Professional Services","0.3740400123796738","19.328958116939788","-101.16215495205472","2026-01-12"
"MEX.21.18_1","Atexcal","GADM2","3.6","MX","Restaurants","0.36796910664599436","18.44082677876119","-97.54983261172777","2026-01-12"
"MEX.21.18_1","Atexcal","GADM2","3.6","MX","All","0.34597564579897894","18.44082677876119","-97.54983261172777","2026-01-12"
"MEX.21.18_1","Atexcal","GADM2","3.6","MX","Retail","0.32949927827039616","18.44082677876119","-97.54983261172777","2026-01-12"
"MEX.24.26_1","Salinas","GADM2","3.6","MX","Retail","0.2308029035730801","22.7857547782686","-101.63798829074352","2026-01-12"
"MEX.24.26_1","Salinas","GADM2","3.6","MX","All","0.22899180287857182","22.7857547782686","-101.63798829074352","2026-01-12"
"MEX.24.26_1","Salinas","GADM2","3.6","MX","Grocery & Convenience Stores","0.3734206489157554","22.7857547782686","-101.63798829074352","2026-01-12"
"MEX.24.26_1","Salinas","GADM2","3.6","MX","Restaurants","0.45835820146914286","22.7857547782686","-101.63798829074352","2026-01-12"
"MEX.24.26_1","Salinas","GADM2","3.6","MX","Lifestyle Services","0.44654535444788657","22.7857547782686","-101.63798829074352","2026-01-12"
"MEX.24.26_1","Salinas","GADM2","3.6","MX","Professional Services","0.355397216317007","22.7857547782686","-101.63798829074352","2026-01-12"
"MEX.24.26_1","Salinas","GADM2","3.6","MX","Home Services","0.31537043318344005","22.7857547782686","-101.63798829074352","2026-01-12"
"MEX.21.207_1","Zapotitlán de Méndez","GADM2","3.6","MX","All","0.2981609307276201","20.017608872236877","-97.63869114896973","2026-01-12"
"MEX.14.95_1","Tepatitlán de Morelos","GADM2","3.6","MX","Grocery & Convenience Stores","0.42987245046951944","20.772413346883813","-102.74137914923938","2026-01-12"
"MEX.14.95_1","Tepatitlán de Morelos","GADM2","3.6","MX","All","0.46474761391884506","20.772413346883813","-102.74137914923938","2026-01-12"
"MEX.14.95_1","Tepatitlán de Morelos","GADM2","3.6","MX","Public Good","0.4639607549547589","20.772413346883813","-102.74137914923938","2026-01-12"
"MEX.14.95_1","Tepatitlán de Morelos","GADM2","3.6","MX","Travel","0.5858536819194906","20.772413346883813","-102.74137914923938","2026-01-12"
"MEX.14.95_1","Tepatitlán de Morelos","GADM2","3.6","MX","Restaurants","0.3191979478764017","20.772413346883813","-102.74137914923938","2026-01-12"
"MEX.14.95_1","Tepatitlán de Morelos","GADM2","3.6","MX","Manufacturing","0.5743827120711746","20.772413346883813","-102.74137914923938","2026-01-12"
"MEX.14.95_1","Tepatitlán de Morelos","GADM2","3.6","MX","","0.5602172101107741","20.772413346883813","-102.74137914923938","2026-01-12"
"MEX.14.95_1","Tepatitlán de Morelos","GADM2","3.6","MX","Home Services","0.5127767711042976","20.772413346883813","-102.74137914923938","2026-01-12"
"MEX.14.95_1","Tepatitlán de Morelos","GADM2","3.6","MX","Professional Services","0.5507772567185131","20.772413346883813","-102.74137914923938","2026-01-12"
"MEX.14.95_1","Tepatitlán de Morelos","GADM2","3.6","MX","Business & Utility Services","0.5054502438270089","20.772413346883813","-102.74137914923938","2026-01-12"
"MEX.14.95_1","Tepatitlán de Morelos","GADM2","3.6","MX","Lifestyle Services","0.33809147583155497","20.772413346883813","-102.74137914923938","2026-01-12"
"MEX.14.95_1","Tepatitlán de Morelos","GADM2","3.6","MX","Local Events","0.47661064721628904","20.772413346883813","-102.74137914923938","2026-01-12"
"MEX.14.95_1","Tepatitlán de Morelos","GADM2","3.6","MX","Retail","0.4228169576142573","20.772413346883813","-102.74137914923938","2026-01-12"
"MEX.13.74_1","Tolcayuca","GADM2","3.6","MX","All","0.3824222158679488","19.888905431077248","-98.86032698172558","2026-01-12"
"MEX.13.74_1","Tolcayuca","GADM2","3.6","MX","Retail","0.4207177815393936","19.888905431077248","-98.86032698172558","2026-01-12"
"MEX.13.74_1","Tolcayuca","GADM2","3.6","MX","Business & Utility Services","0.6994475937073981","19.888905431077248","-98.86032698172558","2026-01-12"
"MEX.13.74_1","Tolcayuca","GADM2","3.6","MX","Restaurants","0.4784595729008783","19.888905431077248","-98.86032698172558","2026-01-12"
"MEX.13.74_1","Tolcayuca","GADM2","3.6","MX","Professional Services","0.22771968650763844","19.888905431077248","-98.86032698172558","2026-01-12"
"MEX.21.30_1","Chalchicomula de Sesma","GADM2","3.6","MX","All","0.4931843788522387","19.025513515110717","-97.32213244189737","2026-01-12"
"MEX.9.4_1","Coyoacán","GADM2","3.6","MX","Professional Services","0.4652612688784846","19.27674756071918","-99.10710235335388","2026-01-12"
"MEX.9.4_1","Coyoacán","GADM2","3.6","MX","Home Services","0.4453376509932668","19.27674756071918","-99.10710235335388","2026-01-12"
"MEX.9.4_1","Coyoacán","GADM2","3.6","MX","Manufacturing","0.26421828864694846","19.27674756071918","-99.10710235335388","2026-01-12"
"MEX.9.4_1","Coyoacán","GADM2","3.6","MX","Public Good","0.14720403441102997","19.27674756071918","-99.10710235335388","2026-01-12"
"MEX.9.4_1","Coyoacán","GADM2","3.6","MX","Business & Utility Services","0.4336352100232999","19.27674756071918","-99.10710235335388","2026-01-12"
"MEX.9.4_1","Coyoacán","GADM2","3.6","MX","All","0.3667326290885621","19.27674756071918","-99.10710235335388","2026-01-12"
"MEX.9.4_1","Coyoacán","GADM2","3.6","MX","Travel","0.31163535394443326","19.27674756071918","-99.10710235335388","2026-01-12"
"MEX.9.4_1","Coyoacán","GADM2","3.6","MX","Lifestyle Services","0.3121086561002572","19.27674756071918","-99.10710235335388","2026-01-12"
"MEX.9.4_1","Coyoacán","GADM2","3.6","MX","Grocery & Convenience Stores","0.2111566155250219","19.27674756071918","-99.10710235335388","2026-01-12"
"MEX.9.4_1","Coyoacán","GADM2","3.6","MX","Restaurants","0.45289185223478906","19.27674756071918","-99.10710235335388","2026-01-12"
"MEX.9.4_1","Coyoacán","GADM2","3.6","MX","Retail","0.3047067900488346","19.27674756071918","-99.10710235335388","2026-01-12"
"MEX.9.4_1","Coyoacán","GADM2","3.6","MX","Local Events","0.4042670362617899","19.27674756071918","-99.10710235335388","2026-01-12"
"MEX.9.4_1","Coyoacán","GADM2","3.6","MX","","0.10487885741316405","19.27674756071918","-99.10710235335388","2026-01-12"
"MEX.29.40_1","Xaltocan","GADM2","3.6","MX","","0.4686455220806059","19.444483706481574","-98.16207768310254","2026-01-12"
"MEX.29.40_1","Xaltocan","GADM2","3.6","MX","Lifestyle Services","0.30715892279776913","19.444483706481574","-98.16207768310254","2026-01-12"
"MEX.29.40_1","Xaltocan","GADM2","3.6","MX","Retail","0.2582755812682977","19.444483706481574","-98.16207768310254","2026-01-12"
"MEX.29.40_1","Xaltocan","GADM2","3.6","MX","Professional Services","0.45469170581500046","19.444483706481574","-98.16207768310254","2026-01-12"
"MEX.16.6_1","Apatzingán","GADM2","3.6","MX","Public Good","0.32572571420082086","18.927065528385768","-102.4279533461846","2026-01-12"
"MEX.16.6_1","Apatzingán","GADM2","3.6","MX","Professional Services","0.5917130690996062","18.927065528385768","-102.4279533461846","2026-01-12"
"MEX.16.6_1","Apatzingán","GADM2","3.6","MX","Travel","0.6094773201886602","18.927065528385768","-102.4279533461846","2026-01-12"
"MEX.16.6_1","Apatzingán","GADM2","3.6","MX","","0.5104947630721578","18.927065528385768","-102.4279533461846","2026-01-12"
"MEX.30.130_1","Playa Vicente","GADM2","3.6","MX","Home Services","0.6070471738119051","17.775972532179512","-95.69768490003909","2026-01-12"
"MEX.30.130_1","Playa Vicente","GADM2","3.6","MX","Grocery & Convenience Stores","0.38658821210746824","17.775972532179512","-95.69768490003909","2026-01-12"
"MEX.30.130_1","Playa Vicente","GADM2","3.6","MX","Lifestyle Services","0.48813026927680697","17.775972532179512","-95.69768490003909","2026-01-12"
"MEX.30.130_1","Playa Vicente","GADM2","3.6","MX","Public Good","0.4229937761761891","17.775972532179512","-95.69768490003909","2026-01-12"
"MEX.30.130_1","Playa Vicente","GADM2","3.6","MX","Retail","0.4675819544140338","17.775972532179512","-95.69768490003909","2026-01-12"
"MEX.30.130_1","Playa Vicente","GADM2","3.6","MX","Professional Services","0.5186716541912303","17.775972532179512","-95.69768490003909","2026-01-12"
"MEX.30.130_1","Playa Vicente","GADM2","3.6","MX","Restaurants","0.5847200896597169","17.775972532179512","-95.69768490003909","2026-01-12"
"MEX.30.130_1","Playa Vicente","GADM2","3.6","MX","All","0.5150385883434347","17.775972532179512","-95.69768490003909","2026-01-12"
"MEX.28.3_1","Altamira","GADM2","3.6","MX","Retail","0.3744415547516186","22.506559414480712","-98.06762898640206","2026-01-12"
"MEX.28.3_1","Altamira","GADM2","3.6","MX","Professional Services","0.3853956341922492","22.506559414480712","-98.06762898640206","2026-01-12"
"MEX.12.22_1","Coyuca de Benítez","GADM2","3.6","MX","Restaurants","0.5662249447719823","17.14723075923661","-100.02665212515258","2026-01-12"
"MEX.12.22_1","Coyuca de Benítez","GADM2","3.6","MX","Local Events","0.6117063453320382","17.14723075923661","-100.02665212515258","2026-01-12"
"MEX.12.22_1","Coyuca de Benítez","GADM2","3.6","MX","Home Services","0.33554861558017846","17.14723075923661","-100.02665212515258","2026-01-12"
"MEX.12.22_1","Coyuca de Benítez","GADM2","3.6","MX","Lifestyle Services","0.20324336650789318","17.14723075923661","-100.02665212515258","2026-01-12"
"MEX.15.18_1","Calimaya","GADM2","3.6","MX","Retail","0.5369997824203477","19.064788812564284","-99.64595553495374","2026-01-12"
"MEX.15.18_1","Calimaya","GADM2","3.6","MX","Business & Utility Services","0.44035344574997415","19.064788812564284","-99.64595553495374","2026-01-12"
"MEX.15.18_1","Calimaya","GADM2","3.6","MX","Lifestyle Services","0.7406066477854251","19.064788812564284","-99.64595553495374","2026-01-12"
"MEX.15.18_1","Calimaya","GADM2","3.6","MX","Local Events","0.4754743377123153","19.064788812564284","-99.64595553495374","2026-01-12"
"MEX.15.18_1","Calimaya","GADM2","3.6","MX","Professional Services","0.4100522861416279","19.064788812564284","-99.64595553495374","2026-01-12"
"MEX.15.18_1","Calimaya","GADM2","3.6","MX","Public Good","0.2722045708533703","19.064788812564284","-99.64595553495374","2026-01-12"
"MEX.15.18_1","Calimaya","GADM2","3.6","MX","Grocery & Convenience Stores","0.316629638699481","19.064788812564284","-99.64595553495374","2026-01-12"
"MEX.15.18_1","Calimaya","GADM2","3.6","MX","Restaurants","0.6926505024771268","19.064788812564284","-99.64595553495374","2026-01-12"
"MEX.15.18_1","Calimaya","GADM2","3.6","MX","All","0.6323454358684544","19.064788812564284","-99.64595553495374","2026-01-12"
"MEX.15.18_1","Calimaya","GADM2","3.6","MX","Home Services","0.6891273087541769","19.064788812564284","-99.64595553495374","2026-01-12"
"MEX.11.32_1","San José Iturbide","GADM2","3.6","MX","Home Services","0.6031676743317443","20.996797613940668","-100.4281717880206","2026-01-12"
"MEX.11.32_1","San José Iturbide","GADM2","3.6","MX","Grocery & Convenience Stores","0.5904070598957479","20.996797613940668","-100.4281717880206","2026-01-12"
"MEX.11.32_1","San José Iturbide","GADM2","3.6","MX","Public Good","0.3588632680960523","20.996797613940668","-100.4281717880206","2026-01-12"
"MEX.11.32_1","San José Iturbide","GADM2","3.6","MX","","0.4932564871591866","20.996797613940668","-100.4281717880206","2026-01-12"
"MEX.11.32_1","San José Iturbide","GADM2","3.6","MX","Business & Utility Services","0.46059346497789694","20.996797613940668","-100.4281717880206","2026-01-12"
"MEX.11.32_1","San José Iturbide","GADM2","3.6","MX","Retail","0.14941068981784328","20.996797613940668","-100.4281717880206","2026-01-12"
"MEX.11.32_1","San José Iturbide","GADM2","3.6","MX","Restaurants","0.2791418191679139","20.996797613940668","-100.4281717880206","2026-01-12"
"MEX.11.32_1","San José Iturbide","GADM2","3.6","MX","All","0.3360738405794256","20.996797613940668","-100.4281717880206","2026-01-12"
"MEX.11.32_1","San José Iturbide","GADM2","3.6","MX","Professional Services","0.4048508377494982","20.996797613940668","-100.4281717880206","2026-01-12"
"MEX.11.32_1","San José Iturbide","GADM2","3.6","MX","Lifestyle Services","0.4644550881666899","20.996797613940668","-100.4281717880206","2026-01-12"
"MEX.11.32_1","San José Iturbide","GADM2","3.6","MX","Travel","0.4411010389894537","20.996797613940668","-100.4281717880206","2026-01-12"
"MEX.11.32_1","San José Iturbide","GADM2","3.6","MX","Local Events","0.6417853012016078","20.996797613940668","-100.4281717880206","2026-01-12"
"MEX.28.20_1","Llera","GADM2","3.6","MX","Restaurants","0.5940724084473484","23.257893233607454","-98.89932529680148","2026-01-12"
"MEX.28.20_1","Llera","GADM2","3.6","MX","All","0.42651715096119547","23.257893233607454","-98.89932529680148","2026-01-12"
"MEX.28.20_1","Llera","GADM2","3.6","MX","Retail","0.21991639973943927","23.257893233607454","-98.89932529680148","2026-01-12"
"MEX.28.20_1","Llera","GADM2","3.6","MX","Professional Services","0.534129076256544","23.257893233607454","-98.89932529680148","2026-01-12"
"MEX.21.168_1","Tepeyahualco de Cuauhtémoc","GADM2","3.6","MX","All","0.43009998592813214","18.85998070359844","-97.75440447615571","2026-01-12"
"MEX.29.6_1","Atlangatepec","GADM2","3.6","MX","All","0.42449911053548484","19.564158058108127","-98.11136023180057","2026-01-12"
"MEX.15.51_1","Joquicingo","GADM2","3.6","MX","All","0.3157130749403151","18.9569923547464","-99.47890686206665","2026-01-12"
"MEX.15.51_1","Joquicingo","GADM2","3.6","MX","Business & Utility Services","0.45566334673192277","18.9569923547464","-99.47890686206665","2026-01-12"
"MEX.15.51_1","Joquicingo","GADM2","3.6","MX","Retail","0.4626817302962999","18.9569923547464","-99.47890686206665","2026-01-12"
"MEX.15.51_1","Joquicingo","GADM2","3.6","MX","Grocery & Convenience Stores","0.34038144875675114","18.9569923547464","-99.47890686206665","2026-01-12"
"MEX.15.51_1","Joquicingo","GADM2","3.6","MX","Public Good","0.5236606831224068","18.9569923547464","-99.47890686206665","2026-01-12"
"MEX.15.51_1","Joquicingo","GADM2","3.6","MX","Travel","0.40652307574525576","18.9569923547464","-99.47890686206665","2026-01-12"
"MEX.15.51_1","Joquicingo","GADM2","3.6","MX","Restaurants","0.3749282698876008","18.9569923547464","-99.47890686206665","2026-01-12"
"MEX.15.51_1","Joquicingo","GADM2","3.6","MX","Local Events","0.4864292795858765","18.9569923547464","-99.47890686206665","2026-01-12"
"MEX.15.51_1","Joquicingo","GADM2","3.6","MX","Home Services","0.5899420054643286","18.9569923547464","-99.47890686206665","2026-01-12"
"MEX.15.51_1","Joquicingo","GADM2","3.6","MX","Professional Services","0.482431408913437","18.9569923547464","-99.47890686206665","2026-01-12"
"MEX.24.14_1","Ciudad Valles","GADM2","3.6","MX","Professional Services","0.5268762760165991","22.10995349870899","-99.05222342423514","2026-01-12"
"MEX.24.14_1","Ciudad Valles","GADM2","3.6","MX","Public Good","0.20162918327078483","22.10995349870899","-99.05222342423514","2026-01-12"
"MEX.24.14_1","Ciudad Valles","GADM2","3.6","MX","Lifestyle Services","0.24187409114423586","22.10995349870899","-99.05222342423514","2026-01-12"
"MEX.24.14_1","Ciudad Valles","GADM2","3.6","MX","Retail","0.3051955907407718","22.10995349870899","-99.05222342423514","2026-01-12"
"MEX.24.14_1","Ciudad Valles","GADM2","3.6","MX","All","0.4041898285138122","22.10995349870899","-99.05222342423514","2026-01-12"
"MEX.24.14_1","Ciudad Valles","GADM2","3.6","MX","","0.6342267323370147","22.10995349870899","-99.05222342423514","2026-01-12"
"MEX.24.14_1","Ciudad Valles","GADM2","3.6","MX","Manufacturing","0.3134471048151652","22.10995349870899","-99.05222342423514","2026-01-12"
"MEX.24.14_1","Ciudad Valles","GADM2","3.6","MX","Home Services","0.4750214169342912","22.10995349870899","-99.05222342423514","2026-01-12"
"MEX.24.14_1","Ciudad Valles","GADM2","3.6","MX","Travel","0.35246999326457323","22.10995349870899","-99.05222342423514","2026-01-12"
"MEX.24.14_1","Ciudad Valles","GADM2","3.6","MX","Restaurants","0.37369511576775655","22.10995349870899","-99.05222342423514","2026-01-12"
"MEX.24.14_1","Ciudad Valles","GADM2","3.6","MX","Grocery & Convenience Stores","0.7450703861452198","22.10995349870899","-99.05222342423514","2026-01-12"
"MEX.24.14_1","Ciudad Valles","GADM2","3.6","MX","Business & Utility Services","0.4816211425416708","22.10995349870899","-99.05222342423514","2026-01-12"
"MEX.24.14_1","Ciudad Valles","GADM2","3.6","MX","Local Events","0.45855040915886996","22.10995349870899","-99.05222342423514","2026-01-12"
"MEX.16.109_1","Zináparo","GADM2","3.6","MX","All","0.4352039536552123","20.17824855250612","-102.04186812824575","2026-01-12"
"MEX.30.121_1","Oteapan","GADM2","3.6","MX","All","0.3464600564660586","17.985067229850472","-94.73415981235038","2026-01-12"
"MEX.11.31_1","San Francisco del Rincón","GADM2","3.6","MX","Home Services","0.5817407382396901","20.89075816459848","-101.80709046517066","2026-01-12"
"MEX.11.31_1","San Francisco del Rincón","GADM2","3.6","MX","Restaurants","0.45272040259835855","20.89075816459848","-101.80709046517066","2026-01-12"
"MEX.11.31_1","San Francisco del Rincón","GADM2","3.6","MX","Business & Utility Services","0.38448460051511146","20.89075816459848","-101.80709046517066","2026-01-12"
"MEX.11.31_1","San Francisco del Rincón","GADM2","3.6","MX","All","0.4163993162916663","20.89075816459848","-101.80709046517066","2026-01-12"
"MEX.11.31_1","San Francisco del Rincón","GADM2","3.6","MX","Travel","0.5164749977969071","20.89075816459848","-101.80709046517066","2026-01-12"
"MEX.11.31_1","San Francisco del Rincón","GADM2","3.6","MX","Retail","0.32464140748221954","20.89075816459848","-101.80709046517066","2026-01-12"
"MEX.11.31_1","San Francisco del Rincón","GADM2","3.6","MX","Local Events","0.6026643063858979","20.89075816459848","-101.80709046517066","2026-01-12"
"MEX.11.31_1","San Francisco del Rincón","GADM2","3.6","MX","Grocery & Convenience Stores","0.3825646344371764","20.89075816459848","-101.80709046517066","2026-01-12"
"MEX.11.31_1","San Francisco del Rincón","GADM2","3.6","MX","Lifestyle Services","0.33530427083733605","20.89075816459848","-101.80709046517066","2026-01-12"
"MEX.11.31_1","San Francisco del Rincón","GADM2","3.6","MX","Public Good","0.42104821921908603","20.89075816459848","-101.80709046517066","2026-01-12"
"MEX.11.31_1","San Francisco del Rincón","GADM2","3.6","MX","Professional Services","0.5924235323909589","20.89075816459848","-101.80709046517066","2026-01-12"
"MEX.15.57_1","Metepec","GADM2","3.6","MX","Restaurants","0.583190814735732","19.167084194585392","-99.54892740853933","2026-01-12"
"MEX.15.57_1","Metepec","GADM2","3.6","MX","Lifestyle Services","0.3144476170435094","19.167084194585392","-99.54892740853933","2026-01-12"
"MEX.15.57_1","Metepec","GADM2","3.6","MX","Professional Services","0.3849726705781914","19.167084194585392","-99.54892740853933","2026-01-12"
"MEX.15.57_1","Metepec","GADM2","3.6","MX","Grocery & Convenience Stores","0.5796916231061301","19.167084194585392","-99.54892740853933","2026-01-12"
"MEX.15.57_1","Metepec","GADM2","3.6","MX","Retail","0.24381853546157475","19.167084194585392","-99.54892740853933","2026-01-12"
"MEX.15.57_1","Metepec","GADM2","3.6","MX","All","0.3007804868639763","19.167084194585392","-99.54892740853933","2026-01-12"
"MEX.15.57_1","Metepec","GADM2","3.6","MX","Home Services","0.43991552485770674","19.167084194585392","-99.54892740853933","2026-01-12"
"MEX.15.57_1","Metepec","GADM2","3.6","MX","Public Good","0.3749868651723922","19.167084194585392","-99.54892740853933","2026-01-12"
"MEX.24.49_1","Villa de Arriaga","GADM2","3.6","MX","Retail","0.6632422372774693","21.96599503600356","-101.3045753124814","2026-01-12"
"MEX.24.49_1","Villa de Arriaga","GADM2","3.6","MX","All","0.4899307427871995","21.96599503600356","-101.3045753124814","2026-01-12"
"MEX.15.68_1","Otzoloapan","GADM2","3.6","MX","Retail","0.2460178405072823","18.986183320560297","-100.32114935495956","2026-01-12"
"MEX.15.68_1","Otzoloapan","GADM2","3.6","MX","Restaurants","0.38948535761755104","18.986183320560297","-100.32114935495956","2026-01-12"
"MEX.15.68_1","Otzoloapan","GADM2","3.6","MX","All","0.4764099522611203","18.986183320560297","-100.32114935495956","2026-01-12"
"MEX.9.2_1","Azcapotzalco","GADM2","3.6","MX","Retail","0.3643187391675731","19.440273227839985","-99.15007568025196","2026-01-12"
"MEX.9.2_1","Azcapotzalco","GADM2","3.6","MX","Grocery & Convenience Stores","0.18875935623683654","19.440273227839985","-99.15007568025196","2026-01-12"
"MEX.9.2_1","Azcapotzalco","GADM2","3.6","MX","Public Good","0.21889531307725058","19.440273227839985","-99.15007568025196","2026-01-12"
"MEX.9.2_1","Azcapotzalco","GADM2","3.6","MX","Manufacturing","0.3710377252327497","19.440273227839985","-99.15007568025196","2026-01-12"
"MEX.9.2_1","Azcapotzalco","GADM2","3.6","MX","All","0.37030168305238653","19.440273227839985","-99.15007568025196","2026-01-12"
"MEX.9.2_1","Azcapotzalco","GADM2","3.6","MX","","0.28730352655275776","19.440273227839985","-99.15007568025196","2026-01-12"
"MEX.9.2_1","Azcapotzalco","GADM2","3.6","MX","Travel","0.3805467141540431","19.440273227839985","-99.15007568025196","2026-01-12"
"MEX.9.2_1","Azcapotzalco","GADM2","3.6","MX","Local Events","0.34105471713459173","19.440273227839985","-99.15007568025196","2026-01-12"
"MEX.9.2_1","Azcapotzalco","GADM2","3.6","MX","Restaurants","0.18701932523413037","19.440273227839985","-99.15007568025196","2026-01-12"
"MEX.9.2_1","Azcapotzalco","GADM2","3.6","MX","Professional Services","0.4354798669678331","19.440273227839985","-99.15007568025196","2026-01-12"
"MEX.9.2_1","Azcapotzalco","GADM2","3.6","MX","Business & Utility Services","0.4638605382237365","19.440273227839985","-99.15007568025196","2026-01-12"
"MEX.9.2_1","Azcapotzalco","GADM2","3.6","MX","Home Services","0.40417744346851464","19.440273227839985","-99.15007568025196","2026-01-12"
"MEX.9.2_1","Azcapotzalco","GADM2","3.6","MX","Lifestyle Services","0.4010519655392116","19.440273227839985","-99.15007568025196","2026-01-12"
"MEX.28.3_1","Altamira","GADM2","3.6","MX","Manufacturing","0.5764118006863767","22.506559414480712","-98.06762898640206","2026-01-12"
"MEX.28.3_1","Altamira","GADM2","3.6","MX","Restaurants","0.5552515321851225","22.506559414480712","-98.06762898640206","2026-01-12"
"MEX.28.3_1","Altamira","GADM2","3.6","MX","Business & Utility Services","0.5449031830787716","22.506559414480712","-98.06762898640206","2026-01-12"
"MEX.28.3_1","Altamira","GADM2","3.6","MX","Public Good","0.30038375576357934","22.506559414480712","-98.06762898640206","2026-01-12"
"MEX.28.3_1","Altamira","GADM2","3.6","MX","Lifestyle Services","0.39704112782103357","22.506559414480712","-98.06762898640206","2026-01-12"
"MEX.28.3_1","Altamira","GADM2","3.6","MX","Home Services","0.5721788171658436","22.506559414480712","-98.06762898640206","2026-01-12"
"MEX.28.3_1","Altamira","GADM2","3.6","MX","","0.5484520732347472","22.506559414480712","-98.06762898640206","2026-01-12"
"MEX.28.3_1","Altamira","GADM2","3.6","MX","Local Events","0.5427031394997377","22.506559414480712","-98.06762898640206","2026-01-12"
"MEX.28.3_1","Altamira","GADM2","3.6","MX","Grocery & Convenience Stores","0.5036588754923067","22.506559414480712","-98.06762898640206","2026-01-12"
"MEX.29.40_1","Xaltocan","GADM2","3.6","MX","All","0.2948204408044249","19.444483706481574","-98.16207768310254","2026-01-12"
"MEX.29.40_1","Xaltocan","GADM2","3.6","MX","Business & Utility Services","0.3765635919310584","19.444483706481574","-98.16207768310254","2026-01-12"
"MEX.29.40_1","Xaltocan","GADM2","3.6","MX","Restaurants","0.25654541631106437","19.444483706481574","-98.16207768310254","2026-01-12"
"MEX.29.40_1","Xaltocan","GADM2","3.6","MX","Home Services","0.21845862926259124","19.444483706481574","-98.16207768310254","2026-01-12"
"MEX.29.40_1","Xaltocan","GADM2","3.6","MX","Public Good","0.4437142500218948","19.444483706481574","-98.16207768310254","2026-01-12"
"MEX.29.40_1","Xaltocan","GADM2","3.6","MX","Local Events","0.5116246450876919","19.444483706481574","-98.16207768310254","2026-01-12"
"MEX.29.40_1","Xaltocan","GADM2","3.6","MX","Grocery & Convenience Stores","0.2410803344284618","19.444483706481574","-98.16207768310254","2026-01-12"
"MEX.29.40_1","Xaltocan","GADM2","3.6","MX","Manufacturing","0.29281709892019503","19.444483706481574","-98.16207768310254","2026-01-12"
"MEX.29.40_1","Xaltocan","GADM2","3.6","MX","Travel","0.4103147497372926","19.444483706481574","-98.16207768310254","2026-01-12"
"MEX.20.4_1","Del Centro","GADM2","3.6","MX","Local Events","0.4847457647359271","17.11162413788858","-96.7832159220046","2026-01-12"
"MEX.20.4_1","Del Centro","GADM2","3.6","MX","","0.43859564195317124","17.11162413788858","-96.7832159220046","2026-01-12"
"MEX.20.4_1","Del Centro","GADM2","3.6","MX","Travel","0.4883533104286446","17.11162413788858","-96.7832159220046","2026-01-12"
"MEX.20.4_1","Del Centro","GADM2","3.6","MX","Home Services","0.5133602836090442","17.11162413788858","-96.7832159220046","2026-01-12"
"MEX.20.4_1","Del Centro","GADM2","3.6","MX","Grocery & Convenience Stores","0.3481780188029583","17.11162413788858","-96.7832159220046","2026-01-12"
"MEX.20.4_1","Del Centro","GADM2","3.6","MX","Professional Services","0.4799162796321371","17.11162413788858","-96.7832159220046","2026-01-12"
"MEX.20.4_1","Del Centro","GADM2","3.6","MX","Restaurants","0.25879984687536167","17.11162413788858","-96.7832159220046","2026-01-12"
"MEX.20.4_1","Del Centro","GADM2","3.6","MX","Public Good","0.1939525537719685","17.11162413788858","-96.7832159220046","2026-01-12"
"MEX.20.4_1","Del Centro","GADM2","3.6","MX","All","0.41088624830389214","17.11162413788858","-96.7832159220046","2026-01-12"
"MEX.20.4_1","Del Centro","GADM2","3.6","MX","Manufacturing","0.3025687775890714","17.11162413788858","-96.7832159220046","2026-01-12"
"MEX.20.4_1","Del Centro","GADM2","3.6","MX","Retail","0.3866380949166909","17.11162413788858","-96.7832159220046","2026-01-12"
"MEX.20.4_1","Del Centro","GADM2","3.6","MX","Lifestyle Services","0.3622649212876058","17.11162413788858","-96.7832159220046","2026-01-12"
"MEX.20.4_1","Del Centro","GADM2","3.6","MX","Business & Utility Services","0.512289303163073","17.11162413788858","-96.7832159220046","2026-01-12"
"MEX.30.20_1","Atzacan","GADM2","3.6","MX","Local Events","0.2921371000276018","18.930793212714075","-97.00348152434509","2026-01-12"
"MEX.30.20_1","Atzacan","GADM2","3.6","MX","Retail","0.48392070300024026","18.930793212714075","-97.00348152434509","2026-01-12"
"MEX.30.20_1","Atzacan","GADM2","3.6","MX","Business & Utility Services","0.3957871794645334","18.930793212714075","-97.00348152434509","2026-01-12"
"MEX.30.20_1","Atzacan","GADM2","3.6","MX","Restaurants","0.5520709040886888","18.930793212714075","-97.00348152434509","2026-01-12"
"MEX.30.20_1","Atzacan","GADM2","3.6","MX","Home Services","0.5456461727801148","18.930793212714075","-97.00348152434509","2026-01-12"
"MEX.30.20_1","Atzacan","GADM2","3.6","MX","Public Good","0.4600007445694291","18.930793212714075","-97.00348152434509","2026-01-12"
"MEX.30.20_1","Atzacan","GADM2","3.6","MX","Professional Services","0.49482890214296177","18.930793212714075","-97.00348152434509","2026-01-12"
"MEX.30.20_1","Atzacan","GADM2","3.6","MX","Lifestyle Services","0.38265618008720453","18.930793212714075","-97.00348152434509","2026-01-12"
"MEX.30.20_1","Atzacan","GADM2","3.6","MX","Grocery & Convenience Stores","0.33164916132617167","18.930793212714075","-97.00348152434509","2026-01-12"
"MEX.30.20_1","Atzacan","GADM2","3.6","MX","All","0.42726160758760245","18.930793212714075","-97.00348152434509","2026-01-12"
"MEX.22.6_1","El Marqués","GADM2","3.6","MX","Business & Utility Services","0.4568634507501139","20.733092140617263","-100.29052006933843","2026-01-12"
"MEX.22.6_1","El Marqués","GADM2","3.6","MX","Travel","0.698874577954126","20.733092140617263","-100.29052006933843","2026-01-12"
"MEX.22.6_1","El Marqués","GADM2","3.6","MX","Restaurants","0.31369096325779283","20.733092140617263","-100.29052006933843","2026-01-12"
"MEX.22.6_1","El Marqués","GADM2","3.6","MX","","0.2808872918503664","20.733092140617263","-100.29052006933843","2026-01-12"
"MEX.22.6_1","El Marqués","GADM2","3.6","MX","Professional Services","0.4639979577629311","20.733092140617263","-100.29052006933843","2026-01-12"
"MEX.22.6_1","El Marqués","GADM2","3.6","MX","Manufacturing","0.38926353758491633","20.733092140617263","-100.29052006933843","2026-01-12"
"MEX.22.6_1","El Marqués","GADM2","3.6","MX","Retail","0.49116298981526374","20.733092140617263","-100.29052006933843","2026-01-12"
"MEX.22.6_1","El Marqués","GADM2","3.6","MX","Lifestyle Services","0.3793154882829572","20.733092140617263","-100.29052006933843","2026-01-12"
"MEX.22.6_1","El Marqués","GADM2","3.6","MX","Local Events","0.5495648396158556","20.733092140617263","-100.29052006933843","2026-01-12"
"MEX.22.6_1","El Marqués","GADM2","3.6","MX","All","0.44649182666041903","20.733092140617263","-100.29052006933843","2026-01-12"
"MEX.22.6_1","El Marqués","GADM2","3.6","MX","Home Services","0.5106425130284677","20.733092140617263","-100.29052006933843","2026-01-12"
"MEX.22.6_1","El Marqués","GADM2","3.6","MX","Grocery & Convenience Stores","0.419422830760887","20.733092140617263","-100.29052006933843","2026-01-12"
"MEX.22.6_1","El Marqués","GADM2","3.6","MX","Public Good","0.39215432467073563","20.733092140617263","-100.29052006933843","2026-01-12"
"MEX.20.30_1","Dist. Zimatlan","GADM2","3.6","MX","Lifestyle Services","0.4893388128023809","16.890384320398102","-96.97175181516579","2026-01-12"
"MEX.20.30_1","Dist. Zimatlan","GADM2","3.6","MX","Restaurants","0.5742034178947113","16.890384320398102","-96.97175181516579","2026-01-12"
"MEX.20.30_1","Dist. Zimatlan","GADM2","3.6","MX","Public Good","0.4010864466644052","16.890384320398102","-96.97175181516579","2026-01-12"
"MEX.20.30_1","Dist. Zimatlan","GADM2","3.6","MX","Retail","0.49970912921493305","16.890384320398102","-96.97175181516579","2026-01-12"
"MEX.20.30_1","Dist. Zimatlan","GADM2","3.6","MX","Home Services","0.505715835189204","16.890384320398102","-96.97175181516579","2026-01-12"
"MEX.20.30_1","Dist. Zimatlan","GADM2","3.6","MX","Local Events","0.6005391720182208","16.890384320398102","-96.97175181516579","2026-01-12"
"MEX.20.30_1","Dist. Zimatlan","GADM2","3.6","MX","Professional Services","0.5657837116408471","16.890384320398102","-96.97175181516579","2026-01-12"
"MEX.20.30_1","Dist. Zimatlan","GADM2","3.6","MX","Grocery & Convenience Stores","0.4738972704438904","16.890384320398102","-96.97175181516579","2026-01-12"
"MEX.20.30_1","Dist. Zimatlan","GADM2","3.6","MX","All","0.6337647839857746","16.890384320398102","-96.97175181516579","2026-01-12"
"MEX.17.30_1","Yautepec","GADM2","3.6","MX","Lifestyle Services","0.2876250862761077","18.85237013403744","-98.99848880866652","2026-01-12"
"MEX.17.30_1","Yautepec","GADM2","3.6","MX","Business & Utility Services","0.18114185322931783","18.85237013403744","-98.99848880866652","2026-01-12"
"MEX.17.30_1","Yautepec","GADM2","3.6","MX","Professional Services","0.4009187769047057","18.85237013403744","-98.99848880866652","2026-01-12"
"MEX.17.30_1","Yautepec","GADM2","3.6","MX","Home Services","0.5950878006942133","18.85237013403744","-98.99848880866652","2026-01-12"
"MEX.17.30_1","Yautepec","GADM2","3.6","MX","Retail","0.2857406021865447","18.85237013403744","-98.99848880866652","2026-01-12"
"MEX.17.30_1","Yautepec","GADM2","3.6","MX","Grocery & Convenience Stores","0.5592138932996951","18.85237013403744","-98.99848880866652","2026-01-12"
"MEX.17.30_1","Yautepec","GADM2","3.6","MX","Restaurants","0.5069612892493912","18.85237013403744","-98.99848880866652","2026-01-12"
"MEX.17.30_1","Yautepec","GADM2","3.6","MX","All","0.2926744354237075","18.85237013403744","-98.99848880866652","2026-01-12"
"MEX.17.30_1","Yautepec","GADM2","3.6","MX","Travel","0.5069616986577847","18.85237013403744","-98.99848880866652","2026-01-12"
"MEX.17.30_1","Yautepec","GADM2","3.6","MX","Local Events","0.32005329781852426","18.85237013403744","-98.99848880866652","2026-01-12"
"MEX.17.30_1","Yautepec","GADM2","3.6","MX","Public Good","0.3592571799597778","18.85237013403744","-98.99848880866652","2026-01-12"
"MEX.21.28_1","Cañada Morelos","GADM2","3.6","MX","Restaurants","0.4193211849941535","18.77832259964458","-97.30883029993785","2026-01-12"
"MEX.21.28_1","Cañada Morelos","GADM2","3.6","MX","Home Services","0.39680640419093866","18.77832259964458","-97.30883029993785","2026-01-12"
"MEX.21.28_1","Cañada Morelos","GADM2","3.6","MX","All","0.35111730280597364","18.77832259964458","-97.30883029993785","2026-01-12"
"MEX.21.28_1","Cañada Morelos","GADM2","3.6","MX","Retail","0.3084130132831758","18.77832259964458","-97.30883029993785","2026-01-12"
"MEX.15.104_1","Tlalmanalco","GADM2","3.6","MX","Professional Services","0.3533502722641078","19.218724394760073","-98.63702145249309","2026-01-12"
"MEX.15.104_1","Tlalmanalco","GADM2","3.6","MX","All","0.461821489356613","19.218724394760073","-98.63702145249309","2026-01-12"
"MEX.29.31_1","Terrenate","GADM2","3.6","MX","All","0.4065949918254896","19.53757360760041","-97.875104643003","2026-01-12"
"MEX.15.14_1","Atlacomulco","GADM2","3.6","MX","Business & Utility Services","0.6021915832956276","19.812998419564508","-99.83430082396225","2026-01-12"
"MEX.15.14_1","Atlacomulco","GADM2","3.6","MX","Restaurants","0.16014431377675226","19.812998419564508","-99.83430082396225","2026-01-12"
"MEX.15.14_1","Atlacomulco","GADM2","3.6","MX","Lifestyle Services","0.3161939168718352","19.812998419564508","-99.83430082396225","2026-01-12"
"MEX.15.14_1","Atlacomulco","GADM2","3.6","MX","Local Events","0.3563715602654079","19.812998419564508","-99.83430082396225","2026-01-12"
"MEX.15.14_1","Atlacomulco","GADM2","3.6","MX","Grocery & Convenience Stores","0.18569512944059843","19.812998419564508","-99.83430082396225","2026-01-12"
"MEX.15.14_1","Atlacomulco","GADM2","3.6","MX","Retail","0.4044981918494564","19.812998419564508","-99.83430082396225","2026-01-12"
"MEX.15.14_1","Atlacomulco","GADM2","3.6","MX","Public Good","0.4514005474177039","19.812998419564508","-99.83430082396225","2026-01-12"
"MEX.15.14_1","Atlacomulco","GADM2","3.6","MX","Professional Services","0.5227981094286308","19.812998419564508","-99.83430082396225","2026-01-12"
"MEX.15.14_1","Atlacomulco","GADM2","3.6","MX","All","0.3346372195291019","19.812998419564508","-99.83430082396225","2026-01-12"
"MEX.15.14_1","Atlacomulco","GADM2","3.6","MX","Home Services","0.5369208880790471","19.812998419564508","-99.83430082396225","2026-01-12"
"MEX.13.54_1","San Salvador","GADM2","3.6","MX","Professional Services","0.5008656593770964","20.29492666966118","-98.96510514788672","2026-01-12"
"MEX.13.54_1","San Salvador","GADM2","3.6","MX","","0.6300889423695056","20.29492666966118","-98.96510514788672","2026-01-12"
"MEX.13.54_1","San Salvador","GADM2","3.6","MX","Public Good","0.5798652323829703","20.29492666966118","-98.96510514788672","2026-01-12"
"MEX.13.54_1","San Salvador","GADM2","3.6","MX","Travel","0.40552879461193864","20.29492666966118","-98.96510514788672","2026-01-12"
"MEX.13.54_1","San Salvador","GADM2","3.6","MX","Lifestyle Services","0.17524623461120087","20.29492666966118","-98.96510514788672","2026-01-12"
"MEX.13.54_1","San Salvador","GADM2","3.6","MX","Home Services","0.7182575015336223","20.29492666966118","-98.96510514788672","2026-01-12"
"MEX.13.54_1","San Salvador","GADM2","3.6","MX","All","0.3240703414355419","20.29492666966118","-98.96510514788672","2026-01-12"
"MEX.13.54_1","San Salvador","GADM2","3.6","MX","Retail","0.23031320644470396","20.29492666966118","-98.96510514788672","2026-01-12"
"MEX.13.54_1","San Salvador","GADM2","3.6","MX","Grocery & Convenience Stores","0.42116459149831614","20.29492666966118","-98.96510514788672","2026-01-12"
"MEX.13.54_1","San Salvador","GADM2","3.6","MX","Manufacturing","0.5466998755965216","20.29492666966118","-98.96510514788672","2026-01-12"
"MEX.13.54_1","San Salvador","GADM2","3.6","MX","Local Events","0.5718445018266226","20.29492666966118","-98.96510514788672","2026-01-12"
"MEX.13.54_1","San Salvador","GADM2","3.6","MX","Business & Utility Services","0.5186436981581359","20.29492666966118","-98.96510514788672","2026-01-12"
"MEX.13.54_1","San Salvador","GADM2","3.6","MX","Restaurants","0.22608895728965323","20.29492666966118","-98.96510514788672","2026-01-12"
"MEX.29.29_1","Tepetitla de Lardizábal","GADM2","3.6","MX","All","0.3741397422110082","19.25821702037651","-98.28076607893642","2026-01-12"
"MEX.29.29_1","Tepetitla de Lardizábal","GADM2","3.6","MX","Restaurants","0.6012959471150182","19.25821702037651","-98.28076607893642","2026-01-12"
"MEX.29.29_1","Tepetitla de Lardizábal","GADM2","3.6","MX","Professional Services","0.19252766582045375","19.25821702037651","-98.28076607893642","2026-01-12"
"MEX.29.29_1","Tepetitla de Lardizábal","GADM2","3.6","MX","Retail","0.3367506933066649","19.25821702037651","-98.28076607893642","2026-01-12"
"MEX.13.77_1","Villa de Tezontepec","GADM2","3.6","MX","Restaurants","0.5265744435013101","19.862756381112774","-98.75192935605227","2026-01-12"
"MEX.13.77_1","Villa de Tezontepec","GADM2","3.6","MX","All","0.29106687082856214","19.862756381112774","-98.75192935605227","2026-01-12"
"MEX.13.77_1","Villa de Tezontepec","GADM2","3.6","MX","Professional Services","0.3984092050472853","19.862756381112774","-98.75192935605227","2026-01-12"
"MEX.13.77_1","Villa de Tezontepec","GADM2","3.6","MX","Retail","0.2677794796738239","19.862756381112774","-98.75192935605227","2026-01-12"
"MEX.28.11_1","El Mante","GADM2","3.6","MX","Professional Services","0.5087844512130736","22.59054758637724","-98.85334592909344","2026-01-12"
"MEX.28.11_1","El Mante","GADM2","3.6","MX","Restaurants","0.42985809219362403","22.59054758637724","-98.85334592909344","2026-01-12"
"MEX.28.11_1","El Mante","GADM2","3.6","MX","Public Good","0.4043083658650288","22.59054758637724","-98.85334592909344","2026-01-12"
"MEX.28.11_1","El Mante","GADM2","3.6","MX","Lifestyle Services","0.3038984434296182","22.59054758637724","-98.85334592909344","2026-01-12"
"MEX.28.11_1","El Mante","GADM2","3.6","MX","Grocery & Convenience Stores","0.3883380116982171","22.59054758637724","-98.85334592909344","2026-01-12"
"MEX.28.11_1","El Mante","GADM2","3.6","MX","Retail","0.6215225494993837","22.59054758637724","-98.85334592909344","2026-01-12"
"MEX.28.11_1","El Mante","GADM2","3.6","MX","Local Events","0.34660899281925567","22.59054758637724","-98.85334592909344","2026-01-12"
"MEX.28.11_1","El Mante","GADM2","3.6","MX","Business & Utility Services","0.3973896469297675","22.59054758637724","-98.85334592909344","2026-01-12"
"MEX.28.11_1","El Mante","GADM2","3.6","MX","","0.5358460991595887","22.59054758637724","-98.85334592909344","2026-01-12"
"MEX.28.11_1","El Mante","GADM2","3.6","MX","Home Services","0.4097488258652539","22.59054758637724","-98.85334592909344","2026-01-12"
"MEX.28.11_1","El Mante","GADM2","3.6","MX","All","0.4798579617026294","22.59054758637724","-98.85334592909344","2026-01-12"
"MEX.21.39_1","Chignautla","GADM2","3.6","MX","","0.31035744336197296","19.775267725704712","-97.36155406415027","2026-01-12"
"MEX.21.39_1","Chignautla","GADM2","3.6","MX","Public Good","0.4564823936150243","19.775267725704712","-97.36155406415027","2026-01-12"
"MEX.21.39_1","Chignautla","GADM2","3.6","MX","Retail","0.32738994426257706","19.775267725704712","-97.36155406415027","2026-01-12"
"MEX.21.39_1","Chignautla","GADM2","3.6","MX","Business & Utility Services","0.6401672522136469","19.775267725704712","-97.36155406415027","2026-01-12"
"MEX.21.39_1","Chignautla","GADM2","3.6","MX","Travel","0.3286619362678348","19.775267725704712","-97.36155406415027","2026-01-12"
"MEX.21.39_1","Chignautla","GADM2","3.6","MX","Restaurants","0.4177022810245022","19.775267725704712","-97.36155406415027","2026-01-12"
"MEX.21.39_1","Chignautla","GADM2","3.6","MX","Home Services","0.7091531639748576","19.775267725704712","-97.36155406415027","2026-01-12"
"MEX.21.39_1","Chignautla","GADM2","3.6","MX","Professional Services","0.37808049374368113","19.775267725704712","-97.36155406415027","2026-01-12"
"MEX.21.39_1","Chignautla","GADM2","3.6","MX","Lifestyle Services","0.37598857772741956","19.775267725704712","-97.36155406415027","2026-01-12"
"MEX.21.39_1","Chignautla","GADM2","3.6","MX","Manufacturing","0.30226566969416496","19.775267725704712","-97.36155406415027","2026-01-12"
"MEX.21.39_1","Chignautla","GADM2","3.6","MX","All","0.36440641559054526","19.775267725704712","-97.36155406415027","2026-01-12"
"MEX.21.39_1","Chignautla","GADM2","3.6","MX","Local Events","0.644634795859251","19.775267725704712","-97.36155406415027","2026-01-12"
"MEX.21.39_1","Chignautla","GADM2","3.6","MX","Grocery & Convenience Stores","0.156217114337607","19.775267725704712","-97.36155406415027","2026-01-12"
"MEX.20.22_1","Dist. Teotitlan","GADM2","3.6","MX","Business & Utility Services","0.38163078414763796","18.103669222105317","-96.88613514302007","2026-01-12"
"MEX.20.22_1","Dist. Teotitlan","GADM2","3.6","MX","Home Services","0.5248521670532557","18.103669222105317","-96.88613514302007","2026-01-12"
"MEX.20.22_1","Dist. Teotitlan","GADM2","3.6","MX","Restaurants","0.6228251742464581","18.103669222105317","-96.88613514302007","2026-01-12"
"MEX.20.22_1","Dist. Teotitlan","GADM2","3.6","MX","Retail","0.280431270031508","18.103669222105317","-96.88613514302007","2026-01-12"
"MEX.20.22_1","Dist. Teotitlan","GADM2","3.6","MX","Grocery & Convenience Stores","0.3955656597872798","18.103669222105317","-96.88613514302007","2026-01-12"
"MEX.20.22_1","Dist. Teotitlan","GADM2","3.6","MX","Professional Services","0.5736107070854083","18.103669222105317","-96.88613514302007","2026-01-12"
"MEX.20.22_1","Dist. Teotitlan","GADM2","3.6","MX","Lifestyle Services","0.27839076178286853","18.103669222105317","-96.88613514302007","2026-01-12"
"MEX.20.22_1","Dist. Teotitlan","GADM2","3.6","MX","Public Good","0.1990344685933496","18.103669222105317","-96.88613514302007","2026-01-12"
"MEX.20.22_1","Dist. Teotitlan","GADM2","3.6","MX","All","0.3158902526215569","18.103669222105317","-96.88613514302007","2026-01-12"
"MEX.12.73_1","Zapotitlán Tablas","GADM2","3.6","MX","All","0.6789576367572606","17.225290718106635","-98.85512372760547","2026-01-12"
"MEX.12.45_1","Metlatónoc","GADM2","3.6","MX","All","0.3779452097039441","17.164172198588638","-98.34599766113641","2026-01-12"
"MEX.15.86_1","Temascalcingo","GADM2","3.6","MX","Grocery & Convenience Stores","0.26982940575412","19.938174238005097","-100.03966611307597","2026-01-12"
"MEX.15.86_1","Temascalcingo","GADM2","3.6","MX","Professional Services","0.6359692275284258","19.938174238005097","-100.03966611307597","2026-01-12"
"MEX.15.86_1","Temascalcingo","GADM2","3.6","MX","All","0.2342914920404416","19.938174238005097","-100.03966611307597","2026-01-12"
"MEX.15.86_1","Temascalcingo","GADM2","3.6","MX","Home Services","0.5184018085202652","19.938174238005097","-100.03966611307597","2026-01-12"
"MEX.15.86_1","Temascalcingo","GADM2","3.6","MX","Retail","0.154996225496176","19.938174238005097","-100.03966611307597","2026-01-12"
"MEX.15.86_1","Temascalcingo","GADM2","3.6","MX","Lifestyle Services","0.4151927266802887","19.938174238005097","-100.03966611307597","2026-01-12"
"MEX.15.86_1","Temascalcingo","GADM2","3.6","MX","Restaurants","0.26975100508699024","19.938174238005097","-100.03966611307597","2026-01-12"
"MEX.15.86_1","Temascalcingo","GADM2","3.6","MX","Public Good","0.3309605157992567","19.938174238005097","-100.03966611307597","2026-01-12"
"MEX.29.34_1","Tlaxcala","GADM2","3.6","MX","Business & Utility Services","0.40170934983970497","19.323911014633886","-98.16207807124633","2026-01-12"
"MEX.29.34_1","Tlaxcala","GADM2","3.6","MX","Home Services","0.26832310604835985","19.323911014633886","-98.16207807124633","2026-01-12"
"MEX.29.34_1","Tlaxcala","GADM2","3.6","MX","Restaurants","0.3933792449856378","19.323911014633886","-98.16207807124633","2026-01-12"
"MEX.29.34_1","Tlaxcala","GADM2","3.6","MX","All","0.38280377338706373","19.323911014633886","-98.16207807124633","2026-01-12"
"MEX.29.34_1","Tlaxcala","GADM2","3.6","MX","Professional Services","0.33581406789392004","19.323911014633886","-98.16207807124633","2026-01-12"
"MEX.29.34_1","Tlaxcala","GADM2","3.6","MX","Grocery & Convenience Stores","0.4376676010596264","19.323911014633886","-98.16207807124633","2026-01-12"
"MEX.29.34_1","Tlaxcala","GADM2","3.6","MX","Retail","0.6336545458401774","19.323911014633886","-98.16207807124633","2026-01-12"
"MEX.29.34_1","Tlaxcala","GADM2","3.6","MX","Lifestyle Services","0.4189758858748987","19.323911014633886","-98.16207807124633","2026-01-12"
"MEX.13.27_1","Huehuetla","GADM2","3.6","MX","Retail","0.44641138796173063","20.529922296220487","-98.00746781591569","2026-01-12"
"MEX.13.27_1","Huehuetla","GADM2","3.6","MX","All","0.4068919761737413","20.529922296220487","-98.00746781591569","2026-01-12"
"MEX.30.77_1","Ixhuatlán de Madero","GADM2","3.6","MX","All","0.6363165487656265","20.758483978397898","-98.00982653683477","2026-01-12"
"MEX.30.77_1","Ixhuatlán de Madero","GADM2","3.6","MX","Professional Services","0.7147227203755723","20.758483978397898","-98.00982653683477","2026-01-12"
"MEX.24.6_1","Cárdenas","GADM2","3.6","MX","Retail","0.38335431967895567","21.994617968775902","-99.62665603850995","2026-01-12"
"MEX.24.6_1","Cárdenas","GADM2","3.6","MX","Grocery & Convenience Stores","0.465470151597226","21.994617968775902","-99.62665603850995","2026-01-12"
"MEX.24.6_1","Cárdenas","GADM2","3.6","MX","Professional Services","0.2769952713279888","21.994617968775902","-99.62665603850995","2026-01-12"
"MEX.24.6_1","Cárdenas","GADM2","3.6","MX","Lifestyle Services","0.2392540024108855","21.994617968775902","-99.62665603850995","2026-01-12"
"MEX.24.6_1","Cárdenas","GADM2","3.6","MX","Restaurants","0.4272215644892726","21.994617968775902","-99.62665603850995","2026-01-12"
"MEX.24.6_1","Cárdenas","GADM2","3.6","MX","All","0.28053255194435417","21.994617968775902","-99.62665603850995","2026-01-12"
"MEX.24.6_1","Cárdenas","GADM2","3.6","MX","Home Services","0.3588109159959671","21.994617968775902","-99.62665603850995","2026-01-12"
"MEX.21.12_1","Aljojuca","GADM2","3.6","MX","All","0.4168745767971134","19.131494677638997","-97.41902100067902","2026-01-12"
"MEX.21.12_1","Aljojuca","GADM2","3.6","MX","Restaurants","0.40183326114725215","19.131494677638997","-97.41902100067902","2026-01-12"
"MEX.21.12_1","Aljojuca","GADM2","3.6","MX","Professional Services","0.41412684091946705","19.131494677638997","-97.41902100067902","2026-01-12"
"MEX.21.12_1","Aljojuca","GADM2","3.6","MX","Retail","0.5676348191314554","19.131494677638997","-97.41902100067902","2026-01-12"
"MEX.15.7_1","Amanalco","GADM2","3.6","MX","All","0.3522424887630687","19.179579269152843","-99.95154968434598","2026-01-12"
"MEX.32.36_1","Ojocaliente","GADM2","3.6","MX","Retail","0.36439778127410566","22.551715455300027","-102.2483167039043","2026-01-12"
"MEX.32.36_1","Ojocaliente","GADM2","3.6","MX","Home Services","0.3064476202083938","22.551715455300027","-102.2483167039043","2026-01-12"
"MEX.32.36_1","Ojocaliente","GADM2","3.6","MX","All","0.3300304458998887","22.551715455300027","-102.2483167039043","2026-01-12"
"MEX.32.36_1","Ojocaliente","GADM2","3.6","MX","Professional Services","0.29652759865308786","22.551715455300027","-102.2483167039043","2026-01-12"
"MEX.32.36_1","Ojocaliente","GADM2","3.6","MX","Lifestyle Services","0.41028968353822837","22.551715455300027","-102.2483167039043","2026-01-12"
"MEX.32.36_1","Ojocaliente","GADM2","3.6","MX","Restaurants","0.41052769841255266","22.551715455300027","-102.2483167039043","2026-01-12"
"MEX.16.98_1","Tuxpan","GADM2","3.6","MX","Restaurants","0.33643077025267637","19.558164212051622","-100.48336709521847","2026-01-12"
"MEX.16.98_1","Tuxpan","GADM2","3.6","MX","Professional Services","0.7378461414572762","19.558164212051622","-100.48336709521847","2026-01-12"
"MEX.16.98_1","Tuxpan","GADM2","3.6","MX","Retail","0.16900380635007214","19.558164212051622","-100.48336709521847","2026-01-12"
"MEX.16.98_1","Tuxpan","GADM2","3.6","MX","All","0.3373818425987819","19.558164212051622","-100.48336709521847","2026-01-12"
"MEX.16.98_1","Tuxpan","GADM2","3.6","MX","Home Services","0.35303210997660966","19.558164212051622","-100.48336709521847","2026-01-12"
"MEX.16.98_1","Tuxpan","GADM2","3.6","MX","Lifestyle Services","0.4826689200469393","19.558164212051622","-100.48336709521847","2026-01-12"
"MEX.30.108_1","Mihuatlán","GADM2","3.6","MX","All","0.3377060568117904","19.730096742340987","-96.81907740020206","2026-01-12"
"MEX.16.76_1","Quiroga","GADM2","3.6","MX","Restaurants","0.4062979372027541","19.70481853288147","-101.56149281892725","2026-01-12"
"MEX.16.76_1","Quiroga","GADM2","3.6","MX","Business & Utility Services","0.22401657834807653","19.70481853288147","-101.56149281892725","2026-01-12"
"MEX.16.76_1","Quiroga","GADM2","3.6","MX","Home Services","0.4720989026944743","19.70481853288147","-101.56149281892725","2026-01-12"
"MEX.16.76_1","Quiroga","GADM2","3.6","MX","Retail","0.25607889624653773","19.70481853288147","-101.56149281892725","2026-01-12"
"MEX.16.76_1","Quiroga","GADM2","3.6","MX","Grocery & Convenience Stores","0.2998737392515337","19.70481853288147","-101.56149281892725","2026-01-12"
"MEX.16.76_1","Quiroga","GADM2","3.6","MX","Professional Services","0.329103211694563","19.70481853288147","-101.56149281892725","2026-01-12"
"MEX.16.76_1","Quiroga","GADM2","3.6","MX","All","0.14438848715482067","19.70481853288147","-101.56149281892725","2026-01-12"
"MEX.16.76_1","Quiroga","GADM2","3.6","MX","Local Events","0.38534823338295954","19.70481853288147","-101.56149281892725","2026-01-12"
"MEX.16.76_1","Quiroga","GADM2","3.6","MX","Lifestyle Services","0.4373815268175649","19.70481853288147","-101.56149281892725","2026-01-12"
"MEX.16.76_1","Quiroga","GADM2","3.6","MX","Public Good","0.45374217593957605","19.70481853288147","-101.56149281892725","2026-01-12"
"MEX.16.76_1","Quiroga","GADM2","3.6","MX","Travel","0.37583385804378866","19.70481853288147","-101.56149281892725","2026-01-12"
"MEX.11.17_1","Jaral del Progreso","GADM2","3.6","MX","All","0.23979644690530538","20.342013930921997","-101.04969813070394","2026-01-12"
"MEX.11.17_1","Jaral del Progreso","GADM2","3.6","MX","Restaurants","0.5306423107058132","20.342013930921997","-101.04969813070394","2026-01-12"
"MEX.11.17_1","Jaral del Progreso","GADM2","3.6","MX","Retail","0.2183701355427876","20.342013930921997","-101.04969813070394","2026-01-12"
"MEX.11.17_1","Jaral del Progreso","GADM2","3.6","MX","Professional Services","0.33224848733157275","20.342013930921997","-101.04969813070394","2026-01-12"
"MEX.11.17_1","Jaral del Progreso","GADM2","3.6","MX","Home Services","0.36539921410015314","20.342013930921997","-101.04969813070394","2026-01-12"
"MEX.11.17_1","Jaral del Progreso","GADM2","3.6","MX","Local Events","0.769926918054922","20.342013930921997","-101.04969813070394","2026-01-12"
"MEX.21.19_1","Atlixco","GADM2","3.6","MX","","0.5943906546991472","18.906273781340595","-98.3718668389404","2026-01-12"
"MEX.21.19_1","Atlixco","GADM2","3.6","MX","Lifestyle Services","0.386303275488359","18.906273781340595","-98.3718668389404","2026-01-12"
"MEX.21.19_1","Atlixco","GADM2","3.6","MX","Manufacturing","0.3387052819861748","18.906273781340595","-98.3718668389404","2026-01-12"
"MEX.21.19_1","Atlixco","GADM2","3.6","MX","Local Events","0.3458590800637368","18.906273781340595","-98.3718668389404","2026-01-12"
"MEX.21.19_1","Atlixco","GADM2","3.6","MX","Professional Services","0.5805603107234044","18.906273781340595","-98.3718668389404","2026-01-12"
"MEX.21.19_1","Atlixco","GADM2","3.6","MX","All","0.4120276957199421","18.906273781340595","-98.3718668389404","2026-01-12"
"MEX.21.19_1","Atlixco","GADM2","3.6","MX","Restaurants","0.2427312364683032","18.906273781340595","-98.3718668389404","2026-01-12"
"MEX.21.19_1","Atlixco","GADM2","3.6","MX","Grocery & Convenience Stores","0.21367876830424182","18.906273781340595","-98.3718668389404","2026-01-12"
"MEX.21.19_1","Atlixco","GADM2","3.6","MX","Travel","0.4647757776759606","18.906273781340595","-98.3718668389404","2026-01-12"
"MEX.21.19_1","Atlixco","GADM2","3.6","MX","Home Services","0.4960241441183878","18.906273781340595","-98.3718668389404","2026-01-12"
"MEX.21.19_1","Atlixco","GADM2","3.6","MX","Retail","0.40241677544214055","18.906273781340595","-98.3718668389404","2026-01-12"
"MEX.21.19_1","Atlixco","GADM2","3.6","MX","Public Good","0.37638981222489043","18.906273781340595","-98.3718668389404","2026-01-12"
"MEX.28.3_1","Altamira","GADM2","3.6","MX","All","0.4627976696410338","22.506559414480712","-98.06762898640206","2026-01-12"
"MEX.28.3_1","Altamira","GADM2","3.6","MX","Travel","0.5187212807692739","22.506559414480712","-98.06762898640206","2026-01-12"
"MEX.13.8_1","Apan","GADM2","3.6","MX","Retail","0.5194111554504429","19.747981679665816","-98.36957844528789","2026-01-12"
"MEX.13.8_1","Apan","GADM2","3.6","MX","Business & Utility Services","0.3993412997145957","19.747981679665816","-98.36957844528789","2026-01-12"
"MEX.13.8_1","Apan","GADM2","3.6","MX","Professional Services","0.4070207582315856","19.747981679665816","-98.36957844528789","2026-01-12"
"MEX.13.8_1","Apan","GADM2","3.6","MX","Grocery & Convenience Stores","0.5647998953276857","19.747981679665816","-98.36957844528789","2026-01-12"
"MEX.13.8_1","Apan","GADM2","3.6","MX","Public Good","0.1264845749444397","19.747981679665816","-98.36957844528789","2026-01-12"
"MEX.13.8_1","Apan","GADM2","3.6","MX","All","0.45652878685339215","19.747981679665816","-98.36957844528789","2026-01-12"
"MEX.13.8_1","Apan","GADM2","3.6","MX","Local Events","0.2729472308783339","19.747981679665816","-98.36957844528789","2026-01-12"
"MEX.13.8_1","Apan","GADM2","3.6","MX","Restaurants","0.4419788258227104","19.747981679665816","-98.36957844528789","2026-01-12"
"MEX.13.8_1","Apan","GADM2","3.6","MX","Home Services","0.4126813440011225","19.747981679665816","-98.36957844528789","2026-01-12"
"MEX.13.8_1","Apan","GADM2","3.6","MX","Lifestyle Services","0.651193677995353","19.747981679665816","-98.36957844528789","2026-01-12"
"MEX.21.119_1","San Diego la Mesa Tochimiltzingo","GADM2","3.6","MX","All","0.48032989483521815","18.821557727673078","-98.22849924444924","2026-01-12"
"MEX.16.8_1","Aquila","GADM2","3.6","MX","All","0.7545490515564743","18.37869488998602","-103.22408760037173","2026-01-12"
"MEX.16.8_1","Aquila","GADM2","3.6","MX","Travel","0.7054976136893266","18.37869488998602","-103.22408760037173","2026-01-12"
"MEX.15.23_1","Chiautla","GADM2","3.6","MX","Home Services","0.4167841684383721","19.539155897939676","-98.87557356899376","2026-01-12"
"MEX.15.23_1","Chiautla","GADM2","3.6","MX","","0.3093593139931213","19.539155897939676","-98.87557356899376","2026-01-12"
"MEX.15.23_1","Chiautla","GADM2","3.6","MX","Retail","0.30461625192961234","19.539155897939676","-98.87557356899376","2026-01-12"
"MEX.15.23_1","Chiautla","GADM2","3.6","MX","Business & Utility Services","0.38416761874597777","19.539155897939676","-98.87557356899376","2026-01-12"
"MEX.15.23_1","Chiautla","GADM2","3.6","MX","Travel","0.46188890947194067","19.539155897939676","-98.87557356899376","2026-01-12"
"MEX.15.23_1","Chiautla","GADM2","3.6","MX","Public Good","0.07476972543514673","19.539155897939676","-98.87557356899376","2026-01-12"
"MEX.15.23_1","Chiautla","GADM2","3.6","MX","Local Events","0.4110448166092589","19.539155897939676","-98.87557356899376","2026-01-12"
"MEX.15.23_1","Chiautla","GADM2","3.6","MX","Manufacturing","0.6016857454211049","19.539155897939676","-98.87557356899376","2026-01-12"
"MEX.15.23_1","Chiautla","GADM2","3.6","MX","Lifestyle Services","0.43178635202706145","19.539155897939676","-98.87557356899376","2026-01-12"
"MEX.15.23_1","Chiautla","GADM2","3.6","MX","Grocery & Convenience Stores","0.3518661753985641","19.539155897939676","-98.87557356899376","2026-01-12"
"MEX.15.23_1","Chiautla","GADM2","3.6","MX","Restaurants","0.21818492960226715","19.539155897939676","-98.87557356899376","2026-01-12"
"MEX.15.23_1","Chiautla","GADM2","3.6","MX","Professional Services","0.49780437919005716","19.539155897939676","-98.87557356899376","2026-01-12"
"MEX.15.23_1","Chiautla","GADM2","3.6","MX","All","0.35540583089998734","19.539155897939676","-98.87557356899376","2026-01-12"
"MEX.9.15_1","Venustiano Carranza","GADM2","3.6","MX","Business & Utility Services","0.6288364786115438","19.406945958693946","-99.0441260115573","2026-01-12"
"MEX.9.15_1","Venustiano Carranza","GADM2","3.6","MX","Manufacturing","0.33561411302499916","19.406945958693946","-99.0441260115573","2026-01-12"
"MEX.28.43_1","Xicoténcatl","GADM2","3.6","MX","Home Services","0.4475490287102203","22.99457281250501","-98.92598317898847","2026-01-12"
"MEX.28.43_1","Xicoténcatl","GADM2","3.6","MX","Restaurants","0.4436708627739874","22.99457281250501","-98.92598317898847","2026-01-12"
"MEX.28.43_1","Xicoténcatl","GADM2","3.6","MX","Grocery & Convenience Stores","0.5804251854593774","22.99457281250501","-98.92598317898847","2026-01-12"
"MEX.28.43_1","Xicoténcatl","GADM2","3.6","MX","Lifestyle Services","0.5675846989720855","22.99457281250501","-98.92598317898847","2026-01-12"
"MEX.28.43_1","Xicoténcatl","GADM2","3.6","MX","Retail","0.33409778511169125","22.99457281250501","-98.92598317898847","2026-01-12"
"MEX.28.43_1","Xicoténcatl","GADM2","3.6","MX","All","0.5371671636960876","22.99457281250501","-98.92598317898847","2026-01-12"
"MEX.28.43_1","Xicoténcatl","GADM2","3.6","MX","Professional Services","0.5279605831131196","22.99457281250501","-98.92598317898847","2026-01-12"
"MEX.22.5_1","Corregidora","GADM2","3.6","MX","Public Good","0.31892040961381934","20.47837528605651","-100.45325828485524","2026-01-12"
"MEX.22.5_1","Corregidora","GADM2","3.6","MX","All","0.42997152820825446","20.47837528605651","-100.45325828485524","2026-01-12"
"MEX.22.5_1","Corregidora","GADM2","3.6","MX","Grocery & Convenience Stores","0.4945209385854081","20.47837528605651","-100.45325828485524","2026-01-12"
"MEX.22.5_1","Corregidora","GADM2","3.6","MX","Retail","0.2680170873845931","20.47837528605651","-100.45325828485524","2026-01-12"
"MEX.22.5_1","Corregidora","GADM2","3.6","MX","Travel","0.4559393750483162","20.47837528605651","-100.45325828485524","2026-01-12"
"MEX.22.5_1","Corregidora","GADM2","3.6","MX","","0.21179923461455943","20.47837528605651","-100.45325828485524","2026-01-12"
"MEX.22.5_1","Corregidora","GADM2","3.6","MX","Manufacturing","0.4734954752719527","20.47837528605651","-100.45325828485524","2026-01-12"
"MEX.22.5_1","Corregidora","GADM2","3.6","MX","Home Services","0.46370437416801746","20.47837528605651","-100.45325828485524","2026-01-12"
"MEX.22.5_1","Corregidora","GADM2","3.6","MX","Professional Services","0.5090926950932493","20.47837528605651","-100.45325828485524","2026-01-12"
"MEX.22.5_1","Corregidora","GADM2","3.6","MX","Lifestyle Services","0.4052673241808654","20.47837528605651","-100.45325828485524","2026-01-12"
"MEX.22.5_1","Corregidora","GADM2","3.6","MX","Local Events","0.5511182851291156","20.47837528605651","-100.45325828485524","2026-01-12"
"MEX.22.5_1","Corregidora","GADM2","3.6","MX","Restaurants","0.5212089463931148","20.47837528605651","-100.45325828485524","2026-01-12"
"MEX.22.5_1","Corregidora","GADM2","3.6","MX","Business & Utility Services","0.4813311343996019","20.47837528605651","-100.45325828485524","2026-01-12"
"MEX.15.97_1","Tequixquiac","GADM2","3.6","MX","All","0.43806196387143387","19.87460090831708","-99.0961797119761","2026-01-12"
"MEX.15.97_1","Tequixquiac","GADM2","3.6","MX","Restaurants","0.34044835444256594","19.87460090831708","-99.0961797119761","2026-01-12"
"MEX.15.97_1","Tequixquiac","GADM2","3.6","MX","Lifestyle Services","0.47588177606677295","19.87460090831708","-99.0961797119761","2026-01-12"
"MEX.15.97_1","Tequixquiac","GADM2","3.6","MX","Local Events","0.7784143485610523","19.87460090831708","-99.0961797119761","2026-01-12"
"MEX.15.97_1","Tequixquiac","GADM2","3.6","MX","Retail","0.18906781863662606","19.87460090831708","-99.0961797119761","2026-01-12"
"MEX.15.97_1","Tequixquiac","GADM2","3.6","MX","Grocery & Convenience Stores","0.6025961268137167","19.87460090831708","-99.0961797119761","2026-01-12"
"MEX.15.97_1","Tequixquiac","GADM2","3.6","MX","","0.6532990882164683","19.87460090831708","-99.0961797119761","2026-01-12"
"MEX.15.97_1","Tequixquiac","GADM2","3.6","MX","Manufacturing","0.613009037137292","19.87460090831708","-99.0961797119761","2026-01-12"
"MEX.15.97_1","Tequixquiac","GADM2","3.6","MX","Public Good","0.4141998893339475","19.87460090831708","-99.0961797119761","2026-01-12"
"MEX.15.97_1","Tequixquiac","GADM2","3.6","MX","Business & Utility Services","0.7718329000907277","19.87460090831708","-99.0961797119761","2026-01-12"
"MEX.15.97_1","Tequixquiac","GADM2","3.6","MX","Home Services","0.6114457868324135","19.87460090831708","-99.0961797119761","2026-01-12"
"MEX.15.97_1","Tequixquiac","GADM2","3.6","MX","Professional Services","0.3843508189877827","19.87460090831708","-99.0961797119761","2026-01-12"
"MEX.16.56_1","Marcos Castellanos","GADM2","3.6","MX","Professional Services","0.4995126247189891","20.007978039949073","-102.98441719938482","2026-01-12"
"MEX.16.56_1","Marcos Castellanos","GADM2","3.6","MX","Restaurants","0.27657237341179935","20.007978039949073","-102.98441719938482","2026-01-12"
"MEX.16.56_1","Marcos Castellanos","GADM2","3.6","MX","All","0.3854720966450976","20.007978039949073","-102.98441719938482","2026-01-12"
"MEX.16.56_1","Marcos Castellanos","GADM2","3.6","MX","Home Services","0.7707140612375748","20.007978039949073","-102.98441719938482","2026-01-12"
"MEX.16.56_1","Marcos Castellanos","GADM2","3.6","MX","Travel","0.23264045491676688","20.007978039949073","-102.98441719938482","2026-01-12"
"MEX.16.56_1","Marcos Castellanos","GADM2","3.6","MX","Lifestyle Services","0.4559942218573762","20.007978039949073","-102.98441719938482","2026-01-12"
"MEX.16.56_1","Marcos Castellanos","GADM2","3.6","MX","Business & Utility Services","0.32427020500423925","20.007978039949073","-102.98441719938482","2026-01-12"
"MEX.16.56_1","Marcos Castellanos","GADM2","3.6","MX","Retail","0.4162871928338348","20.007978039949073","-102.98441719938482","2026-01-12"
"MEX.9.16_1","Xochimilco","GADM2","3.6","MX","Restaurants","0.252223045434379","19.192002082359423","-99.04257501342224","2026-01-12"
"MEX.9.16_1","Xochimilco","GADM2","3.6","MX","Retail","0.34712908506572376","19.192002082359423","-99.04257501342224","2026-01-12"
"MEX.9.16_1","Xochimilco","GADM2","3.6","MX","","0.3545232210474893","19.192002082359423","-99.04257501342224","2026-01-12"
"MEX.9.16_1","Xochimilco","GADM2","3.6","MX","Local Events","0.41570966003086646","19.192002082359423","-99.04257501342224","2026-01-12"
"MEX.9.16_1","Xochimilco","GADM2","3.6","MX","Grocery & Convenience Stores","0.3997750492334125","19.192002082359423","-99.04257501342224","2026-01-12"
"MEX.9.16_1","Xochimilco","GADM2","3.6","MX","All","0.28365997593037406","19.192002082359423","-99.04257501342224","2026-01-12"
"MEX.9.16_1","Xochimilco","GADM2","3.6","MX","Manufacturing","0.3671410590037378","19.192002082359423","-99.04257501342224","2026-01-12"
"MEX.9.16_1","Xochimilco","GADM2","3.6","MX","Public Good","0.3506620099229774","19.192002082359423","-99.04257501342224","2026-01-12"
"MEX.9.16_1","Xochimilco","GADM2","3.6","MX","Home Services","0.43037191904383426","19.192002082359423","-99.04257501342224","2026-01-12"
"MEX.9.16_1","Xochimilco","GADM2","3.6","MX","Business & Utility Services","0.48258886107541327","19.192002082359423","-99.04257501342224","2026-01-12"
"MEX.9.16_1","Xochimilco","GADM2","3.6","MX","Lifestyle Services","0.27031259062265117","19.192002082359423","-99.04257501342224","2026-01-12"
"MEX.9.16_1","Xochimilco","GADM2","3.6","MX","Travel","0.654996202856816","19.192002082359423","-99.04257501342224","2026-01-12"
"MEX.9.16_1","Xochimilco","GADM2","3.6","MX","Professional Services","0.41356505654755665","19.192002082359423","-99.04257501342224","2026-01-12"
"MEX.21.175_1","Tlacotepec de Benito Juárez","GADM2","3.6","MX","All","0.31929723233876267","18.726369376890926","-97.50155665240942","2026-01-12"
"MEX.21.175_1","Tlacotepec de Benito Juárez","GADM2","3.6","MX","Retail","0.5513759164897031","18.726369376890926","-97.50155665240942","2026-01-12"
"MEX.17.17_1","Puente de Ixtla","GADM2","3.6","MX","Professional Services","0.5392725751512327","18.579835560907622","-99.21705282003377","2026-01-12"
"MEX.17.17_1","Puente de Ixtla","GADM2","3.6","MX","Lifestyle Services","0.5432959700650715","18.579835560907622","-99.21705282003377","2026-01-12"
"MEX.17.17_1","Puente de Ixtla","GADM2","3.6","MX","Retail","0.3648018386066481","18.579835560907622","-99.21705282003377","2026-01-12"
"MEX.17.17_1","Puente de Ixtla","GADM2","3.6","MX","","0.45197552343503394","18.579835560907622","-99.21705282003377","2026-01-12"
"MEX.17.17_1","Puente de Ixtla","GADM2","3.6","MX","Business & Utility Services","0.6211686864876224","18.579835560907622","-99.21705282003377","2026-01-12"
"MEX.17.17_1","Puente de Ixtla","GADM2","3.6","MX","Restaurants","0.3160133532059136","18.579835560907622","-99.21705282003377","2026-01-12"
"MEX.17.17_1","Puente de Ixtla","GADM2","3.6","MX","Public Good","0.45417538339522473","18.579835560907622","-99.21705282003377","2026-01-12"
"MEX.17.17_1","Puente de Ixtla","GADM2","3.6","MX","All","0.30875854159211674","18.579835560907622","-99.21705282003377","2026-01-12"
"MEX.17.17_1","Puente de Ixtla","GADM2","3.6","MX","Local Events","0.3703761069128642","18.579835560907622","-99.21705282003377","2026-01-12"
"MEX.17.17_1","Puente de Ixtla","GADM2","3.6","MX","Grocery & Convenience Stores","0.32563520719627287","18.579835560907622","-99.21705282003377","2026-01-12"
"MEX.17.17_1","Puente de Ixtla","GADM2","3.6","MX","Home Services","0.5772201268787819","18.579835560907622","-99.21705282003377","2026-01-12"
"MEX.17.17_1","Puente de Ixtla","GADM2","3.6","MX","Travel","0.40761893388813925","18.579835560907622","-99.21705282003377","2026-01-12"
"MEX.15.60_1","Naucalpan de Juárez","GADM2","3.6","MX","Restaurants","0.2599457479943165","19.411144935323755","-99.27925719043655","2026-01-12"
"MEX.15.60_1","Naucalpan de Juárez","GADM2","3.6","MX","Travel","0.5259220874642908","19.411144935323755","-99.27925719043655","2026-01-12"
"MEX.15.60_1","Naucalpan de Juárez","GADM2","3.6","MX","All","0.4281326071098245","19.411144935323755","-99.27925719043655","2026-01-12"
"MEX.15.60_1","Naucalpan de Juárez","GADM2","3.6","MX","","0.46173157155517813","19.411144935323755","-99.27925719043655","2026-01-12"
"MEX.15.60_1","Naucalpan de Juárez","GADM2","3.6","MX","Lifestyle Services","0.37421680580104094","19.411144935323755","-99.27925719043655","2026-01-12"
"MEX.15.60_1","Naucalpan de Juárez","GADM2","3.6","MX","Local Events","0.45233492614856174","19.411144935323755","-99.27925719043655","2026-01-12"
"MEX.15.60_1","Naucalpan de Juárez","GADM2","3.6","MX","Business & Utility Services","0.45848885416923296","19.411144935323755","-99.27925719043655","2026-01-12"
"MEX.15.60_1","Naucalpan de Juárez","GADM2","3.6","MX","Grocery & Convenience Stores","0.5116627402972397","19.411144935323755","-99.27925719043655","2026-01-12"
"MEX.15.60_1","Naucalpan de Juárez","GADM2","3.6","MX","Home Services","0.5299408081104914","19.411144935323755","-99.27925719043655","2026-01-12"
"MEX.15.60_1","Naucalpan de Juárez","GADM2","3.6","MX","Retail","0.3783240946841961","19.411144935323755","-99.27925719043655","2026-01-12"
"MEX.15.60_1","Naucalpan de Juárez","GADM2","3.6","MX","Professional Services","0.44061621558801456","19.411144935323755","-99.27925719043655","2026-01-12"
"MEX.15.60_1","Naucalpan de Juárez","GADM2","3.6","MX","Public Good","0.19353200966876866","19.411144935323755","-99.27925719043655","2026-01-12"
"MEX.15.60_1","Naucalpan de Juárez","GADM2","3.6","MX","Manufacturing","0.44831025922772116","19.411144935323755","-99.27925719043655","2026-01-12"
"MEX.30.187_1","Tuxpan","GADM2","3.6","MX","Grocery & Convenience Stores","0.3862857732011364","20.89205100897235","-97.38272349434718","2026-01-12"
"MEX.30.187_1","Tuxpan","GADM2","3.6","MX","Professional Services","0.48336269266632614","20.89205100897235","-97.38272349434718","2026-01-12"
"MEX.30.187_1","Tuxpan","GADM2","3.6","MX","Restaurants","0.4122104863200647","20.89205100897235","-97.38272349434718","2026-01-12"
"MEX.30.187_1","Tuxpan","GADM2","3.6","MX","Public Good","0.4836769648724979","20.89205100897235","-97.38272349434718","2026-01-12"
"MEX.30.187_1","Tuxpan","GADM2","3.6","MX","Retail","0.4783215356834628","20.89205100897235","-97.38272349434718","2026-01-12"
"MEX.30.187_1","Tuxpan","GADM2","3.6","MX","Home Services","0.5313875587026907","20.89205100897235","-97.38272349434718","2026-01-12"
"MEX.30.187_1","Tuxpan","GADM2","3.6","MX","Lifestyle Services","0.3558293634076182","20.89205100897235","-97.38272349434718","2026-01-12"
"MEX.30.187_1","Tuxpan","GADM2","3.6","MX","All","0.4582696341704609","20.89205100897235","-97.38272349434718","2026-01-12"
"MEX.30.187_1","Tuxpan","GADM2","3.6","MX","","0.5692226773124058","20.89205100897235","-97.38272349434718","2026-01-12"
"MEX.30.187_1","Tuxpan","GADM2","3.6","MX","Business & Utility Services","0.566324283310481","20.89205100897235","-97.38272349434718","2026-01-12"
"MEX.30.187_1","Tuxpan","GADM2","3.6","MX","Local Events","0.46791227769777477","20.89205100897235","-97.38272349434718","2026-01-12"
"MEX.30.187_1","Tuxpan","GADM2","3.6","MX","Travel","0.35282558141015","20.89205100897235","-97.38272349434718","2026-01-12"
"MEX.9.15_1","Venustiano Carranza","GADM2","3.6","MX","Home Services","0.47964904166078126","19.406945958693946","-99.0441260115573","2026-01-12"
"MEX.9.15_1","Venustiano Carranza","GADM2","3.6","MX","Public Good","0.4341143926745005","19.406945958693946","-99.0441260115573","2026-01-12"
"MEX.9.15_1","Venustiano Carranza","GADM2","3.6","MX","Professional Services","0.4448217783981985","19.406945958693946","-99.0441260115573","2026-01-12"
"MEX.9.15_1","Venustiano Carranza","GADM2","3.6","MX","All","0.36243349032145644","19.406945958693946","-99.0441260115573","2026-01-12"
"MEX.9.15_1","Venustiano Carranza","GADM2","3.6","MX","Travel","0.6522888416184679","19.406945958693946","-99.0441260115573","2026-01-12"
"MEX.9.15_1","Venustiano Carranza","GADM2","3.6","MX","","0.31090306959611136","19.406945958693946","-99.0441260115573","2026-01-12"
"MEX.9.15_1","Venustiano Carranza","GADM2","3.6","MX","Restaurants","0.2893956296077879","19.406945958693946","-99.0441260115573","2026-01-12"
"MEX.9.15_1","Venustiano Carranza","GADM2","3.6","MX","Local Events","0.5298182780926985","19.406945958693946","-99.0441260115573","2026-01-12"
"MEX.9.15_1","Venustiano Carranza","GADM2","3.6","MX","Retail","0.3414297621493546","19.406945958693946","-99.0441260115573","2026-01-12"
"MEX.9.15_1","Venustiano Carranza","GADM2","3.6","MX","Lifestyle Services","0.20691368407839197","19.406945958693946","-99.0441260115573","2026-01-12"
"MEX.9.15_1","Venustiano Carranza","GADM2","3.6","MX","Grocery & Convenience Stores","0.39037591978527386","19.406945958693946","-99.0441260115573","2026-01-12"
"MEX.21.7_1","Ahuatlán","GADM2","3.6","MX","All","0.2636940996335005","18.66222734307947","-98.17178179831335","2026-01-12"
"MEX.16.32_1","Epitacio Huerta","GADM2","3.6","MX","Retail","0.3627201172081465","20.136748750278418","-100.30640520318087","2026-01-12"
"MEX.16.32_1","Epitacio Huerta","GADM2","3.6","MX","All","0.5192829705528581","20.136748750278418","-100.30640520318087","2026-01-12"
"MEX.13.84_1","Zimapán","GADM2","3.6","MX","Local Events","0.4306425656496394","20.77904556469558","-99.35539954518998","2026-01-12"
"MEX.13.84_1","Zimapán","GADM2","3.6","MX","Retail","0.2695755315095615","20.77904556469558","-99.35539954518998","2026-01-12"
"MEX.13.84_1","Zimapán","GADM2","3.6","MX","Home Services","0.4960451431764041","20.77904556469558","-99.35539954518998","2026-01-12"
"MEX.13.84_1","Zimapán","GADM2","3.6","MX","Grocery & Convenience Stores","0.5739624001027419","20.77904556469558","-99.35539954518998","2026-01-12"
"MEX.13.84_1","Zimapán","GADM2","3.6","MX","All","0.331769584766886","20.77904556469558","-99.35539954518998","2026-01-12"
"MEX.13.84_1","Zimapán","GADM2","3.6","MX","Restaurants","0.3523253977004165","20.77904556469558","-99.35539954518998","2026-01-12"
"MEX.13.84_1","Zimapán","GADM2","3.6","MX","Public Good","0.6521580503105034","20.77904556469558","-99.35539954518998","2026-01-12"
"MEX.13.84_1","Zimapán","GADM2","3.6","MX","Professional Services","0.5735874743658522","20.77904556469558","-99.35539954518998","2026-01-12"
"MEX.13.84_1","Zimapán","GADM2","3.6","MX","Lifestyle Services","0.37230227973137975","20.77904556469558","-99.35539954518998","2026-01-12"
"MEX.13.84_1","Zimapán","GADM2","3.6","MX","Business & Utility Services","0.36462759344580276","20.77904556469558","-99.35539954518998","2026-01-12"
"MEX.13.84_1","Zimapán","GADM2","3.6","MX","Travel","0.4917422158062191","20.77904556469558","-99.35539954518998","2026-01-12"
"MEX.17.29_1","Xochitepec","GADM2","3.6","MX","All","0.5652019727822978","18.759799762666553","-99.15856174553618","2026-01-12"
"MEX.17.29_1","Xochitepec","GADM2","3.6","MX","Travel","0.8063541644670433","18.759799762666553","-99.15856174553618","2026-01-12"
"MEX.17.29_1","Xochitepec","GADM2","3.6","MX","Restaurants","0.508520699981634","18.759799762666553","-99.15856174553618","2026-01-12"
"MEX.17.29_1","Xochitepec","GADM2","3.6","MX","Public Good","0.501058252089853","18.759799762666553","-99.15856174553618","2026-01-12"
"MEX.16.69_1","Parácuaro","GADM2","3.6","MX","All","0.4916767038843452","19.07261315981854","-102.21202051801795","2026-01-12"
"MEX.22.18_1","Tolimán","GADM2","3.6","MX","Restaurants","0.5103552505570473","20.923612412801187","-99.94629720789035","2026-01-12"
"MEX.22.18_1","Tolimán","GADM2","3.6","MX","All","0.3804801593732484","20.923612412801187","-99.94629720789035","2026-01-12"
"MEX.22.18_1","Tolimán","GADM2","3.6","MX","Retail","0.48040782198688975","20.923612412801187","-99.94629720789035","2026-01-12"
"MEX.1.7_1","Rincón de Romos","GADM2","3.6","MX","Grocery & Convenience Stores","0.36460850562658115","22.215991508637014","-102.34094977800024","2026-01-12"
"MEX.1.7_1","Rincón de Romos","GADM2","3.6","MX","Local Events","0.7584094880971538","22.215991508637014","-102.34094977800024","2026-01-12"
"MEX.1.7_1","Rincón de Romos","GADM2","3.6","MX","Travel","0.4912863363772241","22.215991508637014","-102.34094977800024","2026-01-12"
"MEX.1.7_1","Rincón de Romos","GADM2","3.6","MX","Manufacturing","0.594781571288342","22.215991508637014","-102.34094977800024","2026-01-12"
"MEX.1.7_1","Rincón de Romos","GADM2","3.6","MX","Restaurants","0.5353002006223679","22.215991508637014","-102.34094977800024","2026-01-12"
"MEX.1.7_1","Rincón de Romos","GADM2","3.6","MX","Professional Services","0.5603465274856511","22.215991508637014","-102.34094977800024","2026-01-12"
"MEX.1.7_1","Rincón de Romos","GADM2","3.6","MX","All","0.4923025974014337","22.215991508637014","-102.34094977800024","2026-01-12"
"MEX.1.7_1","Rincón de Romos","GADM2","3.6","MX","Public Good","0.7486085386466719","22.215991508637014","-102.34094977800024","2026-01-12"
"MEX.1.7_1","Rincón de Romos","GADM2","3.6","MX","Lifestyle Services","0.3175107082720569","22.215991508637014","-102.34094977800024","2026-01-12"
"MEX.1.7_1","Rincón de Romos","GADM2","3.6","MX","Retail","0.4725565250174549","22.215991508637014","-102.34094977800024","2026-01-12"
"MEX.1.7_1","Rincón de Romos","GADM2","3.6","MX","","0.5129836004935905","22.215991508637014","-102.34094977800024","2026-01-12"
"MEX.15.26_1","Chimalhuacán","GADM2","3.6","MX","Business & Utility Services","0.251126080941146","19.363726719632467","-98.88009464932912","2026-01-12"
"MEX.15.26_1","Chimalhuacán","GADM2","3.6","MX","Lifestyle Services","0.4166520611476846","19.363726719632467","-98.88009464932912","2026-01-12"
"MEX.15.26_1","Chimalhuacán","GADM2","3.6","MX","Restaurants","0.5301420126682906","19.363726719632467","-98.88009464932912","2026-01-12"
"MEX.15.26_1","Chimalhuacán","GADM2","3.6","MX","Public Good","0.5413876848995829","19.363726719632467","-98.88009464932912","2026-01-12"
"MEX.15.26_1","Chimalhuacán","GADM2","3.6","MX","Grocery & Convenience Stores","0.5249235430400871","19.363726719632467","-98.88009464932912","2026-01-12"
"MEX.15.26_1","Chimalhuacán","GADM2","3.6","MX","All","0.35669486439698245","19.363726719632467","-98.88009464932912","2026-01-12"
"MEX.15.26_1","Chimalhuacán","GADM2","3.6","MX","Home Services","0.5076229856938681","19.363726719632467","-98.88009464932912","2026-01-12"
"MEX.15.26_1","Chimalhuacán","GADM2","3.6","MX","Local Events","0.5959093561194052","19.363726719632467","-98.88009464932912","2026-01-12"
"MEX.15.26_1","Chimalhuacán","GADM2","3.6","MX","Professional Services","0.6004825444394635","19.363726719632467","-98.88009464932912","2026-01-12"
"MEX.15.26_1","Chimalhuacán","GADM2","3.6","MX","Retail","0.1624766283246461","19.363726719632467","-98.88009464932912","2026-01-12"
"MEX.13.59_1","Tecozautla","GADM2","3.6","MX","Public Good","0.32406991523846324","20.550126165473397","-99.63999016993337","2026-01-12"
"MEX.13.59_1","Tecozautla","GADM2","3.6","MX","Professional Services","0.20900462741259412","20.550126165473397","-99.63999016993337","2026-01-12"
"MEX.13.59_1","Tecozautla","GADM2","3.6","MX","Home Services","0.5308561645434241","20.550126165473397","-99.63999016993337","2026-01-12"
"MEX.13.59_1","Tecozautla","GADM2","3.6","MX","Business & Utility Services","0.44920541944050524","20.550126165473397","-99.63999016993337","2026-01-12"
"MEX.13.59_1","Tecozautla","GADM2","3.6","MX","Grocery & Convenience Stores","0.5732681173638118","20.550126165473397","-99.63999016993337","2026-01-12"
"MEX.13.59_1","Tecozautla","GADM2","3.6","MX","Local Events","0.44393875548896056","20.550126165473397","-99.63999016993337","2026-01-12"
"MEX.13.59_1","Tecozautla","GADM2","3.6","MX","Retail","0.28215499078467177","20.550126165473397","-99.63999016993337","2026-01-12"
"MEX.13.59_1","Tecozautla","GADM2","3.6","MX","Travel","0.31157662944333203","20.550126165473397","-99.63999016993337","2026-01-12"
"MEX.13.59_1","Tecozautla","GADM2","3.6","MX","All","0.1214312859140466","20.550126165473397","-99.63999016993337","2026-01-12"
"MEX.13.59_1","Tecozautla","GADM2","3.6","MX","Restaurants","0.19819597805907976","20.550126165473397","-99.63999016993337","2026-01-12"
"MEX.28.4_1","Antiguo Morelos","GADM2","3.6","MX","Restaurants","0.6832420977760156","22.533300384682345","-99.09065122325322","2026-01-12"
"MEX.28.4_1","Antiguo Morelos","GADM2","3.6","MX","All","0.6247054089077213","22.533300384682345","-99.09065122325322","2026-01-12"
"MEX.11.40_1","Tierra Blanca","GADM2","3.6","MX","Retail","0.4212401140094739","21.03344508803058","-100.20939531662867","2026-01-12"
"MEX.16.90_1","Tingambato","GADM2","3.6","MX","All","0.37677923660437634","19.507383432113254","-101.87378234549817","2026-01-12"
"MEX.16.90_1","Tingambato","GADM2","3.6","MX","Retail","0.48987259639146874","19.507383432113254","-101.87378234549817","2026-01-12"
"MEX.21.57_1","Cuetzalan del Progreso","GADM2","3.6","MX","All","0.28411505792009073","20.06607806870511","-97.40527185831786","2026-01-12"
"MEX.21.161_1","Tepeaca","GADM2","3.6","MX","Restaurants","0.7546050359946503","19.05302775701677","-97.76367759867551","2026-01-12"
"MEX.21.161_1","Tepeaca","GADM2","3.6","MX","All","0.6489733951127997","19.05302775701677","-97.76367759867551","2026-01-12"
"MEX.21.161_1","Tepeaca","GADM2","3.6","MX","Retail","0.37633840329410234","19.05302775701677","-97.76367759867551","2026-01-12"
"MEX.21.161_1","Tepeaca","GADM2","3.6","MX","Professional Services","0.4727139334004641","19.05302775701677","-97.76367759867551","2026-01-12"
"MEX.30.126_1","Paso de Ovejas","GADM2","3.6","MX","All","0.2949864677971156","19.244175848692475","-96.41343967846196","2026-01-12"
"MEX.30.126_1","Paso de Ovejas","GADM2","3.6","MX","Home Services","0.6393391151563373","19.244175848692475","-96.41343967846196","2026-01-12"
"MEX.30.126_1","Paso de Ovejas","GADM2","3.6","MX","Retail","0.27856880929376654","19.244175848692475","-96.41343967846196","2026-01-12"
"MEX.30.126_1","Paso de Ovejas","GADM2","3.6","MX","Restaurants","0.23640736687848224","19.244175848692475","-96.41343967846196","2026-01-12"
"MEX.30.48_1","Coatzintla","GADM2","3.6","MX","Professional Services","0.6303194424669707","20.46603521787295","-97.5025984206886","2026-01-12"
"MEX.30.48_1","Coatzintla","GADM2","3.6","MX","Home Services","0.6111350922143249","20.46603521787295","-97.5025984206886","2026-01-12"
"MEX.30.48_1","Coatzintla","GADM2","3.6","MX","Local Events","0.4569621012981587","20.46603521787295","-97.5025984206886","2026-01-12"
"MEX.30.48_1","Coatzintla","GADM2","3.6","MX","Grocery & Convenience Stores","0.8617637219045226","20.46603521787295","-97.5025984206886","2026-01-12"
"MEX.30.48_1","Coatzintla","GADM2","3.6","MX","Public Good","0.5111920248800444","20.46603521787295","-97.5025984206886","2026-01-12"
"MEX.30.48_1","Coatzintla","GADM2","3.6","MX","Lifestyle Services","0.2062627321163242","20.46603521787295","-97.5025984206886","2026-01-12"
"MEX.30.48_1","Coatzintla","GADM2","3.6","MX","Retail","0.5026280534754173","20.46603521787295","-97.5025984206886","2026-01-12"
"MEX.30.48_1","Coatzintla","GADM2","3.6","MX","All","0.5373458633238418","20.46603521787295","-97.5025984206886","2026-01-12"
"MEX.30.48_1","Coatzintla","GADM2","3.6","MX","Restaurants","0.5491076105380339","20.46603521787295","-97.5025984206886","2026-01-12"
"MEX.30.48_1","Coatzintla","GADM2","3.6","MX","Business & Utility Services","0.4291158292191381","20.46603521787295","-97.5025984206886","2026-01-12"
"MEX.24.31_1","San Nicolás Tolentino","GADM2","3.6","MX","All","0.46878995849790756","22.149182718031806","-100.47546980511203","2026-01-12"
"MEX.13.52_1","San Bartolo Tutotepec","GADM2","3.6","MX","All","0.5303995302089419","20.470600403991863","-98.1477317407718","2026-01-12"
"MEX.13.52_1","San Bartolo Tutotepec","GADM2","3.6","MX","Public Good","0.4237401443559059","20.470600403991863","-98.1477317407718","2026-01-12"
"MEX.13.52_1","San Bartolo Tutotepec","GADM2","3.6","MX","Retail","0.5846872878073885","20.470600403991863","-98.1477317407718","2026-01-12"
"MEX.13.52_1","San Bartolo Tutotepec","GADM2","3.6","MX","Restaurants","0.4727241440222448","20.470600403991863","-98.1477317407718","2026-01-12"
"MEX.11.11_1","Cuerámaro","GADM2","3.6","MX","All","0.2319804179156296","20.607590428680005","-101.6404004639872","2026-01-12"
"MEX.11.11_1","Cuerámaro","GADM2","3.6","MX","Retail","0.2811611880004637","20.607590428680005","-101.6404004639872","2026-01-12"
"MEX.11.11_1","Cuerámaro","GADM2","3.6","MX","Grocery & Convenience Stores","0.4012283526688199","20.607590428680005","-101.6404004639872","2026-01-12"
"MEX.11.11_1","Cuerámaro","GADM2","3.6","MX","Restaurants","0.27127056859459536","20.607590428680005","-101.6404004639872","2026-01-12"
"MEX.11.11_1","Cuerámaro","GADM2","3.6","MX","Home Services","0.6905210626171392","20.607590428680005","-101.6404004639872","2026-01-12"
"MEX.11.11_1","Cuerámaro","GADM2","3.6","MX","Lifestyle Services","0.27988661923707486","20.607590428680005","-101.6404004639872","2026-01-12"
"MEX.11.11_1","Cuerámaro","GADM2","3.6","MX","Professional Services","0.48840881300849726","20.607590428680005","-101.6404004639872","2026-01-12"
"MEX.11.11_1","Cuerámaro","GADM2","3.6","MX","Business & Utility Services","0.567468552398543","20.607590428680005","-101.6404004639872","2026-01-12"
"MEX.9.8_1","Iztacalco","GADM2","3.6","MX","Restaurants","0.4641838999721114","19.36956456267699","-99.05332089611473","2026-01-12"
"MEX.9.8_1","Iztacalco","GADM2","3.6","MX","Manufacturing","0.6182299319149297","19.36956456267699","-99.05332089611473","2026-01-12"
"MEX.9.8_1","Iztacalco","GADM2","3.6","MX","Local Events","0.2707141838824948","19.36956456267699","-99.05332089611473","2026-01-12"
"MEX.9.8_1","Iztacalco","GADM2","3.6","MX","Public Good","0.28884112905821296","19.36956456267699","-99.05332089611473","2026-01-12"
"MEX.9.8_1","Iztacalco","GADM2","3.6","MX","Home Services","0.473671696321011","19.36956456267699","-99.05332089611473","2026-01-12"
"MEX.9.8_1","Iztacalco","GADM2","3.6","MX","","0.3590596309203557","19.36956456267699","-99.05332089611473","2026-01-12"
"MEX.9.8_1","Iztacalco","GADM2","3.6","MX","Grocery & Convenience Stores","0.45320150393645114","19.36956456267699","-99.05332089611473","2026-01-12"
"MEX.9.8_1","Iztacalco","GADM2","3.6","MX","Business & Utility Services","0.3764633942039786","19.36956456267699","-99.05332089611473","2026-01-12"
"MEX.9.8_1","Iztacalco","GADM2","3.6","MX","Travel","0.21582994718029155","19.36956456267699","-99.05332089611473","2026-01-12"
"MEX.9.8_1","Iztacalco","GADM2","3.6","MX","Retail","0.3805744249996081","19.36956456267699","-99.05332089611473","2026-01-12"
"MEX.9.8_1","Iztacalco","GADM2","3.6","MX","Professional Services","0.4691227344527232","19.36956456267699","-99.05332089611473","2026-01-12"
"MEX.9.8_1","Iztacalco","GADM2","3.6","MX","All","0.35463660983726136","19.36956456267699","-99.05332089611473","2026-01-12"
"MEX.9.8_1","Iztacalco","GADM2","3.6","MX","Lifestyle Services","0.20177918345121357","19.36956456267699","-99.05332089611473","2026-01-12"
"MEX.30.90_1","Juan Rodríguez Clara","GADM2","3.6","MX","Professional Services","0.40916446785028643","17.920830714702745","-95.35510477599773","2026-01-12"
"MEX.30.90_1","Juan Rodríguez Clara","GADM2","3.6","MX","Retail","0.4794924240630575","17.920830714702745","-95.35510477599773","2026-01-12"
"MEX.30.90_1","Juan Rodríguez Clara","GADM2","3.6","MX","All","0.6301912472786267","17.920830714702745","-95.35510477599773","2026-01-12"
"MEX.30.90_1","Juan Rodríguez Clara","GADM2","3.6","MX","Restaurants","0.4929863933201815","17.920830714702745","-95.35510477599773","2026-01-12"
"MEX.30.83_1","Jalancingo","GADM2","3.6","MX","Lifestyle Services","0.4142330896681749","19.801101447874743","-97.2252786282395","2026-01-12"
"MEX.30.83_1","Jalancingo","GADM2","3.6","MX","Professional Services","0.4174476471213926","19.801101447874743","-97.2252786282395","2026-01-12"
"MEX.30.83_1","Jalancingo","GADM2","3.6","MX","Business & Utility Services","0.5469863294793907","19.801101447874743","-97.2252786282395","2026-01-12"
"MEX.30.83_1","Jalancingo","GADM2","3.6","MX","Home Services","0.43165682829240026","19.801101447874743","-97.2252786282395","2026-01-12"
"MEX.30.83_1","Jalancingo","GADM2","3.6","MX","Grocery & Convenience Stores","0.20703208519468316","19.801101447874743","-97.2252786282395","2026-01-12"
"MEX.30.83_1","Jalancingo","GADM2","3.6","MX","Public Good","0.4353901510887374","19.801101447874743","-97.2252786282395","2026-01-12"
"MEX.30.83_1","Jalancingo","GADM2","3.6","MX","Restaurants","0.12758241515338037","19.801101447874743","-97.2252786282395","2026-01-12"
"MEX.30.83_1","Jalancingo","GADM2","3.6","MX","Retail","0.3097913641221584","19.801101447874743","-97.2252786282395","2026-01-12"
"MEX.30.83_1","Jalancingo","GADM2","3.6","MX","All","0.22278597772305417","19.801101447874743","-97.2252786282395","2026-01-12"
"MEX.30.83_1","Jalancingo","GADM2","3.6","MX","Travel","0.5815825132200351","19.801101447874743","-97.2252786282395","2026-01-12"
"MEX.21.191_1","Vicente Guerrero","GADM2","3.6","MX","All","0.5636981496229481","18.54847705701428","-97.08326351815619","2026-01-12"
"MEX.12.47_1","Olinalá","GADM2","3.6","MX","Retail","0.3970450195879133","17.920868585703136","-98.68551354473009","2026-01-12"
"MEX.12.47_1","Olinalá","GADM2","3.6","MX","All","0.583593419262721","17.920868585703136","-98.68551354473009","2026-01-12"
"MEX.12.47_1","Olinalá","GADM2","3.6","MX","Restaurants","0.8287312495041598","17.920868585703136","-98.68551354473009","2026-01-12"
"MEX.16.40_1","Indoparapeo","GADM2","3.6","MX","All","0.36858216138957645","19.759752343351476","-100.94620369085753","2026-01-12"
"MEX.11.1_1","Abasolo","GADM2","3.6","MX","Home Services","0.5023579192939176","20.54880352276868","-101.53233690747449","2026-01-12"
"MEX.11.1_1","Abasolo","GADM2","3.6","MX","Restaurants","0.22046630362833838","20.54880352276868","-101.53233690747449","2026-01-12"
"MEX.11.1_1","Abasolo","GADM2","3.6","MX","Retail","0.46629721396004714","20.54880352276868","-101.53233690747449","2026-01-12"
"MEX.11.1_1","Abasolo","GADM2","3.6","MX","Professional Services","0.359361403984141","20.54880352276868","-101.53233690747449","2026-01-12"
"MEX.11.1_1","Abasolo","GADM2","3.6","MX","All","0.3368744122009005","20.54880352276868","-101.53233690747449","2026-01-12"
"MEX.11.1_1","Abasolo","GADM2","3.6","MX","Business & Utility Services","0.8046544232349654","20.54880352276868","-101.53233690747449","2026-01-12"
"MEX.11.1_1","Abasolo","GADM2","3.6","MX","Local Events","0.39687668426024747","20.54880352276868","-101.53233690747449","2026-01-12"
"MEX.11.1_1","Abasolo","GADM2","3.6","MX","Lifestyle Services","0.2746658696776113","20.54880352276868","-101.53233690747449","2026-01-12"
"MEX.11.1_1","Abasolo","GADM2","3.6","MX","Grocery & Convenience Stores","0.47894687918936557","20.54880352276868","-101.53233690747449","2026-01-12"
"MEX.11.1_1","Abasolo","GADM2","3.6","MX","Public Good","0.8137185191074952","20.54880352276868","-101.53233690747449","2026-01-12"
"MEX.24.30_1","San Martín Chalchicuautla","GADM2","3.6","MX","Restaurants","0.4822201918278747","21.439406613612107","-98.65371933733064","2026-01-12"
"MEX.24.30_1","San Martín Chalchicuautla","GADM2","3.6","MX","All","0.2586053015675342","21.439406613612107","-98.65371933733064","2026-01-12"
"MEX.24.30_1","San Martín Chalchicuautla","GADM2","3.6","MX","Professional Services","0.29765325861799063","21.439406613612107","-98.65371933733064","2026-01-12"
"MEX.30.62_1","Emiliano Zapata","GADM2","3.6","MX","All","0.3149532186481441","19.440573749437593","-96.6370680102048","2026-01-12"
"MEX.30.62_1","Emiliano Zapata","GADM2","3.6","MX","Local Events","0.5064934422813002","19.440573749437593","-96.6370680102048","2026-01-12"
"MEX.30.62_1","Emiliano Zapata","GADM2","3.6","MX","Restaurants","0.3964778032990888","19.440573749437593","-96.6370680102048","2026-01-12"
"MEX.30.62_1","Emiliano Zapata","GADM2","3.6","MX","Professional Services","0.35215523622840644","19.440573749437593","-96.6370680102048","2026-01-12"
"MEX.30.62_1","Emiliano Zapata","GADM2","3.6","MX","Retail","0.256587350104448","19.440573749437593","-96.6370680102048","2026-01-12"
"MEX.30.62_1","Emiliano Zapata","GADM2","3.6","MX","Home Services","0.4917966605775626","19.440573749437593","-96.6370680102048","2026-01-12"
"MEX.30.3_1","Acayucan","GADM2","3.6","MX","Professional Services","0.28541644850920156","18.019290652589802","-95.06809225412016","2026-01-12"
"MEX.30.3_1","Acayucan","GADM2","3.6","MX","All","0.33768045479754466","18.019290652589802","-95.06809225412016","2026-01-12"
"MEX.30.3_1","Acayucan","GADM2","3.6","MX","Retail","0.25384161935661714","18.019290652589802","-95.06809225412016","2026-01-12"
"MEX.16.77_1","Sahuayo","GADM2","3.6","MX","Restaurants","0.4970082753536756","20.03491425294533","-102.78312988914624","2026-01-12"
"MEX.16.77_1","Sahuayo","GADM2","3.6","MX","Lifestyle Services","0.8037314140456427","20.03491425294533","-102.78312988914624","2026-01-12"
"MEX.16.77_1","Sahuayo","GADM2","3.6","MX","All","0.6759530510751627","20.03491425294533","-102.78312988914624","2026-01-12"
"MEX.16.77_1","Sahuayo","GADM2","3.6","MX","Business & Utility Services","0.43194026832053367","20.03491425294533","-102.78312988914624","2026-01-12"
"MEX.16.77_1","Sahuayo","GADM2","3.6","MX","Professional Services","0.5133570365668753","20.03491425294533","-102.78312988914624","2026-01-12"
"MEX.16.77_1","Sahuayo","GADM2","3.6","MX","Retail","0.5660692846384919","20.03491425294533","-102.78312988914624","2026-01-12"
"MEX.16.12_1","Buenavista","GADM2","3.6","MX","Home Services","0.6575102972054417","19.21005998737226","-102.60415498937913","2026-01-12"
"MEX.16.12_1","Buenavista","GADM2","3.6","MX","Grocery & Convenience Stores","0.4945783975282323","19.21005998737226","-102.60415498937913","2026-01-12"
"MEX.16.12_1","Buenavista","GADM2","3.6","MX","Professional Services","0.5761768434211211","19.21005998737226","-102.60415498937913","2026-01-12"
"MEX.16.12_1","Buenavista","GADM2","3.6","MX","Restaurants","0.3963624863303511","19.21005998737226","-102.60415498937913","2026-01-12"
"MEX.16.12_1","Buenavista","GADM2","3.6","MX","All","0.4426732040646257","19.21005998737226","-102.60415498937913","2026-01-12"
"MEX.16.12_1","Buenavista","GADM2","3.6","MX","Lifestyle Services","0.47881548422696624","19.21005998737226","-102.60415498937913","2026-01-12"
"MEX.16.12_1","Buenavista","GADM2","3.6","MX","Retail","0.285612560286398","19.21005998737226","-102.60415498937913","2026-01-12"
"MEX.21.19_1","Atlixco","GADM2","3.6","MX","Business & Utility Services","0.6624430334493232","18.906273781340595","-98.3718668389404","2026-01-12"
"MEX.30.39_1","Chinameca","GADM2","3.6","MX","All","0.5504214659177287","18.052157391712687","-94.69886659946162","2026-01-12"
"MEX.29.35_1","Tlaxco","GADM2","3.6","MX","Public Good","0.3624822513962189","19.641442721431016","-98.09148141737923","2026-01-12"
"MEX.29.35_1","Tlaxco","GADM2","3.6","MX","Restaurants","0.3612818323133342","19.641442721431016","-98.09148141737923","2026-01-12"
"MEX.29.35_1","Tlaxco","GADM2","3.6","MX","All","0.5051054777437162","19.641442721431016","-98.09148141737923","2026-01-12"
"MEX.29.35_1","Tlaxco","GADM2","3.6","MX","Professional Services","0.7113076538973623","19.641442721431016","-98.09148141737923","2026-01-12"
"MEX.29.35_1","Tlaxco","GADM2","3.6","MX","Lifestyle Services","0.2880480900932479","19.641442721431016","-98.09148141737923","2026-01-12"
"MEX.29.35_1","Tlaxco","GADM2","3.6","MX","Home Services","0.4983208090157026","19.641442721431016","-98.09148141737923","2026-01-12"
"MEX.29.35_1","Tlaxco","GADM2","3.6","MX","Local Events","0.7031878912640225","19.641442721431016","-98.09148141737923","2026-01-12"
"MEX.29.35_1","Tlaxco","GADM2","3.6","MX","Retail","0.3725988202750391","19.641442721431016","-98.09148141737923","2026-01-12"
"MEX.29.35_1","Tlaxco","GADM2","3.6","MX","Business & Utility Services","0.43502236740286904","19.641442721431016","-98.09148141737923","2026-01-12"
"MEX.12.44_1","Mártir de Cuilapan","GADM2","3.6","MX","All","0.42166486712485346","17.820088868177717","-99.31762683543418","2026-01-12"
"MEX.13.17_1","Chilcuautla","GADM2","3.6","MX","All","0.25006412274068535","20.34513207815613","-99.23660456023326","2026-01-12"
"MEX.13.17_1","Chilcuautla","GADM2","3.6","MX","Professional Services","0.3045049519892678","20.34513207815613","-99.23660456023326","2026-01-12"
"MEX.13.17_1","Chilcuautla","GADM2","3.6","MX","Travel","0.3653091342761831","20.34513207815613","-99.23660456023326","2026-01-12"
"MEX.13.17_1","Chilcuautla","GADM2","3.6","MX","Retail","0.2669372067593489","20.34513207815613","-99.23660456023326","2026-01-12"
"MEX.13.17_1","Chilcuautla","GADM2","3.6","MX","Restaurants","0.39561048920829345","20.34513207815613","-99.23660456023326","2026-01-12"
"MEX.13.17_1","Chilcuautla","GADM2","3.6","MX","Home Services","0.5524512902024067","20.34513207815613","-99.23660456023326","2026-01-12"
"MEX.30.154_1","Tantoyuca","GADM2","3.6","MX","Restaurants","0.3656653459098266","21.413433384091622","-98.18286528045519","2026-01-12"
"MEX.30.154_1","Tantoyuca","GADM2","3.6","MX","Home Services","0.6874333317853739","21.413433384091622","-98.18286528045519","2026-01-12"
"MEX.30.154_1","Tantoyuca","GADM2","3.6","MX","Local Events","0.7162822501998846","21.413433384091622","-98.18286528045519","2026-01-12"
"MEX.30.154_1","Tantoyuca","GADM2","3.6","MX","All","0.4550426684965853","21.413433384091622","-98.18286528045519","2026-01-12"
"MEX.30.154_1","Tantoyuca","GADM2","3.6","MX","Business & Utility Services","0.3586326997039936","21.413433384091622","-98.18286528045519","2026-01-12"
"MEX.30.154_1","Tantoyuca","GADM2","3.6","MX","Grocery & Convenience Stores","0.5860837626790688","21.413433384091622","-98.18286528045519","2026-01-12"
"MEX.30.154_1","Tantoyuca","GADM2","3.6","MX","Public Good","0.33497215866253666","21.413433384091622","-98.18286528045519","2026-01-12"
"MEX.30.154_1","Tantoyuca","GADM2","3.6","MX","Retail","0.40409923175222007","21.413433384091622","-98.18286528045519","2026-01-12"
"MEX.30.154_1","Tantoyuca","GADM2","3.6","MX","Lifestyle Services","0.31770099185395834","21.413433384091622","-98.18286528045519","2026-01-12"
"MEX.30.154_1","Tantoyuca","GADM2","3.6","MX","Professional Services","0.5436870893259961","21.413433384091622","-98.18286528045519","2026-01-12"
"MEX.21.84_1","Ixtacamaxtitlán","GADM2","3.6","MX","All","0.340922687607703","19.63193132830351","-97.72197610972319","2026-01-12"
"MEX.13.55_1","Santiago de Anaya","GADM2","3.6","MX","All","0.49999534472921897","20.429791326520604","-98.93572509018684","2026-01-12"
"MEX.12.54_1","San Luis Acatlán","GADM2","3.6","MX","Professional Services","0.6881494706397577","16.91952791809008","-98.65486884126355","2026-01-12"
"MEX.12.54_1","San Luis Acatlán","GADM2","3.6","MX","Retail","0.6196508190769175","16.91952791809008","-98.65486884126355","2026-01-12"
"MEX.12.54_1","San Luis Acatlán","GADM2","3.6","MX","Restaurants","0.5163143939104251","16.91952791809008","-98.65486884126355","2026-01-12"
"MEX.12.54_1","San Luis Acatlán","GADM2","3.6","MX","Public Good","0.1761610522570838","16.91952791809008","-98.65486884126355","2026-01-12"
"MEX.12.54_1","San Luis Acatlán","GADM2","3.6","MX","All","0.7043758125305982","16.91952791809008","-98.65486884126355","2026-01-12"
"MEX.12.54_1","San Luis Acatlán","GADM2","3.6","MX","Grocery & Convenience Stores","0.5263641895696789","16.91952791809008","-98.65486884126355","2026-01-12"
"MEX.24.17_1","Guadalcazar","GADM2","3.6","MX","All","0.5976652742763788","22.879213155082812","-100.28649633239385","2026-01-12"
"MEX.24.17_1","Guadalcazar","GADM2","3.6","MX","Retail","0.6172867162334598","22.879213155082812","-100.28649633239385","2026-01-12"
"MEX.32.50_1","Vetagrande","GADM2","3.6","MX","All","0.335736953160042","22.805866329654307","-102.50687516442339","2026-01-12"
"MEX.32.50_1","Vetagrande","GADM2","3.6","MX","Travel","0.36665740704352673","22.805866329654307","-102.50687516442339","2026-01-12"
"MEX.32.50_1","Vetagrande","GADM2","3.6","MX","Grocery & Convenience Stores","0.37329838343110117","22.805866329654307","-102.50687516442339","2026-01-12"
"MEX.32.50_1","Vetagrande","GADM2","3.6","MX","Manufacturing","0.5765608821979354","22.805866329654307","-102.50687516442339","2026-01-12"
"MEX.32.50_1","Vetagrande","GADM2","3.6","MX","Business & Utility Services","0.2855652132992576","22.805866329654307","-102.50687516442339","2026-01-12"
"MEX.32.50_1","Vetagrande","GADM2","3.6","MX","Professional Services","0.4735852507836079","22.805866329654307","-102.50687516442339","2026-01-12"
"MEX.32.50_1","Vetagrande","GADM2","3.6","MX","Restaurants","0.14049615781427433","22.805866329654307","-102.50687516442339","2026-01-12"
"MEX.32.50_1","Vetagrande","GADM2","3.6","MX","Public Good","0.1797635127710753","22.805866329654307","-102.50687516442339","2026-01-12"
"MEX.32.50_1","Vetagrande","GADM2","3.6","MX","Lifestyle Services","0.3120682212362155","22.805866329654307","-102.50687516442339","2026-01-12"
"MEX.32.50_1","Vetagrande","GADM2","3.6","MX","Local Events","0.4355479117493487","22.805866329654307","-102.50687516442339","2026-01-12"
"MEX.32.50_1","Vetagrande","GADM2","3.6","MX","Home Services","0.48291085276941764","22.805866329654307","-102.50687516442339","2026-01-12"
"MEX.32.50_1","Vetagrande","GADM2","3.6","MX","","0.5126761393550472","22.805866329654307","-102.50687516442339","2026-01-12"
"MEX.32.50_1","Vetagrande","GADM2","3.6","MX","Retail","0.3504156180158478","22.805866329654307","-102.50687516442339","2026-01-12"
"MEX.21.187_1","Totoltepec de Guerrero","GADM2","3.6","MX","All","0.6450573099989235","18.34374470688241","-97.7189673808762","2026-01-12"
"MEX.15.2_1","Acolman","GADM2","3.6","MX","Professional Services","0.48916775943979773","19.586567663696993","-98.92017047036752","2026-01-12"
"MEX.15.2_1","Acolman","GADM2","3.6","MX","Lifestyle Services","0.4909048572066404","19.586567663696993","-98.92017047036752","2026-01-12"
"MEX.15.2_1","Acolman","GADM2","3.6","MX","Business & Utility Services","0.5754032734036387","19.586567663696993","-98.92017047036752","2026-01-12"
"MEX.15.2_1","Acolman","GADM2","3.6","MX","Local Events","0.7052347810499004","19.586567663696993","-98.92017047036752","2026-01-12"
"MEX.15.2_1","Acolman","GADM2","3.6","MX","Home Services","0.3647337484055896","19.586567663696993","-98.92017047036752","2026-01-12"
"MEX.15.2_1","Acolman","GADM2","3.6","MX","Restaurants","0.25455640106441196","19.586567663696993","-98.92017047036752","2026-01-12"
"MEX.15.2_1","Acolman","GADM2","3.6","MX","Public Good","0.325747042447336","19.586567663696993","-98.92017047036752","2026-01-12"
"MEX.15.2_1","Acolman","GADM2","3.6","MX","Grocery & Convenience Stores","0.7800190981444735","19.586567663696993","-98.92017047036752","2026-01-12"
"MEX.15.2_1","Acolman","GADM2","3.6","MX","Retail","0.7064599294426369","19.586567663696993","-98.92017047036752","2026-01-12"
"MEX.15.2_1","Acolman","GADM2","3.6","MX","All","0.5739226660290683","19.586567663696993","-98.92017047036752","2026-01-12"
"MEX.11.43_1","Victoria","GADM2","3.6","MX","All","0.5123078984154794","21.341253089713017","-100.24686363321926","2026-01-12"
"MEX.11.43_1","Victoria","GADM2","3.6","MX","Restaurants","0.3760696867010528","21.341253089713017","-100.24686363321926","2026-01-12"
"MEX.11.43_1","Victoria","GADM2","3.6","MX","Retail","0.7872675947019162","21.341253089713017","-100.24686363321926","2026-01-12"
"MEX.16.60_1","Nahuatzen","GADM2","3.6","MX","Retail","0.3777034193764096","19.658003219087394","-101.88841132103923","2026-01-12"
"MEX.16.60_1","Nahuatzen","GADM2","3.6","MX","All","0.45668876333010827","19.658003219087394","-101.88841132103923","2026-01-12"
"MEX.16.60_1","Nahuatzen","GADM2","3.6","MX","Professional Services","0.4708256513702507","19.658003219087394","-101.88841132103923","2026-01-12"
"MEX.30.57_1","Cotaxtla","GADM2","3.6","MX","All","0.41178348825485817","18.889789131677617","-96.35663578165945","2026-01-12"
"MEX.15.30_1","Coyotepec","GADM2","3.6","MX","Retail","0.41575417454136987","19.74482460501031","-99.1498184064452","2026-01-12"
"MEX.15.30_1","Coyotepec","GADM2","3.6","MX","Public Good","0.4197398452303445","19.74482460501031","-99.1498184064452","2026-01-12"
"MEX.15.30_1","Coyotepec","GADM2","3.6","MX","Grocery & Convenience Stores","0.6063264013537468","19.74482460501031","-99.1498184064452","2026-01-12"
"MEX.15.30_1","Coyotepec","GADM2","3.6","MX","All","0.3420644992365561","19.74482460501031","-99.1498184064452","2026-01-12"
"MEX.15.30_1","Coyotepec","GADM2","3.6","MX","Home Services","0.6081649345235665","19.74482460501031","-99.1498184064452","2026-01-12"
"MEX.15.30_1","Coyotepec","GADM2","3.6","MX","Business & Utility Services","0.5279082115148841","19.74482460501031","-99.1498184064452","2026-01-12"
"MEX.15.30_1","Coyotepec","GADM2","3.6","MX","Local Events","0.4872099888707944","19.74482460501031","-99.1498184064452","2026-01-12"
"MEX.15.30_1","Coyotepec","GADM2","3.6","MX","Professional Services","0.4247192660882165","19.74482460501031","-99.1498184064452","2026-01-12"
"MEX.15.30_1","Coyotepec","GADM2","3.6","MX","Lifestyle Services","0.40404884360628307","19.74482460501031","-99.1498184064452","2026-01-12"
"MEX.15.30_1","Coyotepec","GADM2","3.6","MX","Restaurants","0.211426657372334","19.74482460501031","-99.1498184064452","2026-01-12"
"MEX.21.52_1","Cuapiaxtla de Madero","GADM2","3.6","MX","All","0.5483620921076684","18.966684569550857","-97.72392896128032","2026-01-12"
"MEX.30.179_1","Tlalnelhuayocan","GADM2","3.6","MX","Travel","0.34466872098866225","19.586241196728334","-96.93008125150789","2026-01-12"
"MEX.30.179_1","Tlalnelhuayocan","GADM2","3.6","MX","Grocery & Convenience Stores","0.48445346754428853","19.586241196728334","-96.93008125150789","2026-01-12"
"MEX.30.179_1","Tlalnelhuayocan","GADM2","3.6","MX","Restaurants","0.34866309276897145","19.586241196728334","-96.93008125150789","2026-01-12"
"MEX.30.179_1","Tlalnelhuayocan","GADM2","3.6","MX","","0.44159611104532176","19.586241196728334","-96.93008125150789","2026-01-12"
"MEX.30.179_1","Tlalnelhuayocan","GADM2","3.6","MX","Manufacturing","0.6931065860080187","19.586241196728334","-96.93008125150789","2026-01-12"
"MEX.30.179_1","Tlalnelhuayocan","GADM2","3.6","MX","Lifestyle Services","0.3014035882595635","19.586241196728334","-96.93008125150789","2026-01-12"
"MEX.30.179_1","Tlalnelhuayocan","GADM2","3.6","MX","All","0.4474317953288236","19.586241196728334","-96.93008125150789","2026-01-12"
"MEX.30.179_1","Tlalnelhuayocan","GADM2","3.6","MX","Home Services","0.5248414259359043","19.586241196728334","-96.93008125150789","2026-01-12"
"MEX.30.179_1","Tlalnelhuayocan","GADM2","3.6","MX","Business & Utility Services","0.5462142690287488","19.586241196728334","-96.93008125150789","2026-01-12"
"MEX.30.179_1","Tlalnelhuayocan","GADM2","3.6","MX","Professional Services","0.4857319368865437","19.586241196728334","-96.93008125150789","2026-01-12"
"MEX.30.179_1","Tlalnelhuayocan","GADM2","3.6","MX","Local Events","0.4856749497832333","19.586241196728334","-96.93008125150789","2026-01-12"
"MEX.30.179_1","Tlalnelhuayocan","GADM2","3.6","MX","Retail","0.4139446097493714","19.586241196728334","-96.93008125150789","2026-01-12"
"MEX.30.179_1","Tlalnelhuayocan","GADM2","3.6","MX","Public Good","0.45698103156541664","19.586241196728334","-96.93008125150789","2026-01-12"
"MEX.30.170_1","Tezonapa","GADM2","3.6","MX","Restaurants","0.3942874275642928","18.60205657869642","-96.6960424781579","2026-01-12"
"MEX.30.170_1","Tezonapa","GADM2","3.6","MX","Lifestyle Services","0.2220890835103217","18.60205657869642","-96.6960424781579","2026-01-12"
"MEX.30.170_1","Tezonapa","GADM2","3.6","MX","Grocery & Convenience Stores","0.6359730243285636","18.60205657869642","-96.6960424781579","2026-01-12"
"MEX.30.170_1","Tezonapa","GADM2","3.6","MX","Retail","0.23097040008411993","18.60205657869642","-96.6960424781579","2026-01-12"
"MEX.30.170_1","Tezonapa","GADM2","3.6","MX","Professional Services","0.6375663682443181","18.60205657869642","-96.6960424781579","2026-01-12"
"MEX.30.170_1","Tezonapa","GADM2","3.6","MX","All","0.21560928304529212","18.60205657869642","-96.6960424781579","2026-01-12"
"MEX.17.7_1","Cuernavaca","GADM2","3.6","MX","Professional Services","0.4495049435606651","18.895584645580655","-99.23082458099567","2026-01-12"
"MEX.17.7_1","Cuernavaca","GADM2","3.6","MX","Public Good","0.23480613158683608","18.895584645580655","-99.23082458099567","2026-01-12"
"MEX.17.7_1","Cuernavaca","GADM2","3.6","MX","Business & Utility Services","0.4500427625809977","18.895584645580655","-99.23082458099567","2026-01-12"
"MEX.17.7_1","Cuernavaca","GADM2","3.6","MX","All","0.3970736451118113","18.895584645580655","-99.23082458099567","2026-01-12"
"MEX.17.7_1","Cuernavaca","GADM2","3.6","MX","Grocery & Convenience Stores","0.49756450699636634","18.895584645580655","-99.23082458099567","2026-01-12"
"MEX.17.7_1","Cuernavaca","GADM2","3.6","MX","Travel","0.5066934704077518","18.895584645580655","-99.23082458099567","2026-01-12"
"MEX.17.7_1","Cuernavaca","GADM2","3.6","MX","Home Services","0.41145340949810005","18.895584645580655","-99.23082458099567","2026-01-12"
"MEX.17.7_1","Cuernavaca","GADM2","3.6","MX","","0.4909250039720224","18.895584645580655","-99.23082458099567","2026-01-12"
"MEX.17.7_1","Cuernavaca","GADM2","3.6","MX","Manufacturing","0.32229801611041575","18.895584645580655","-99.23082458099567","2026-01-12"
"MEX.17.7_1","Cuernavaca","GADM2","3.6","MX","Restaurants","0.29904673699456724","18.895584645580655","-99.23082458099567","2026-01-12"
"MEX.17.7_1","Cuernavaca","GADM2","3.6","MX","Lifestyle Services","0.38472193630359836","18.895584645580655","-99.23082458099567","2026-01-12"
"MEX.17.7_1","Cuernavaca","GADM2","3.6","MX","Local Events","0.529740697075441","18.895584645580655","-99.23082458099567","2026-01-12"
"MEX.17.7_1","Cuernavaca","GADM2","3.6","MX","Retail","0.33889661062973264","18.895584645580655","-99.23082458099567","2026-01-12"
"MEX.16.15_1","Charo","GADM2","3.6","MX","Restaurants","0.37183492705795035","19.671431283020762","-101.01808607614494","2026-01-12"
"MEX.16.15_1","Charo","GADM2","3.6","MX","Retail","0.5316022934803797","19.671431283020762","-101.01808607614494","2026-01-12"
"MEX.16.15_1","Charo","GADM2","3.6","MX","All","0.39285830373832287","19.671431283020762","-101.01808607614494","2026-01-12"
"MEX.21.139_1","San Pedro Yeloixtlahuaca","GADM2","3.6","MX","All","0.2257404828683484","18.08747505166349","-97.96396166823409","2026-01-12"
"MEX.21.139_1","San Pedro Yeloixtlahuaca","GADM2","3.6","MX","Retail","0.32132532568193695","18.08747505166349","-97.96396166823409","2026-01-12"
"MEX.17.3_1","Axochiapan","GADM2","3.6","MX","All","0.43770340130572405","18.53175810704338","-98.6726035798173","2026-01-12"
"MEX.17.3_1","Axochiapan","GADM2","3.6","MX","Restaurants","0.7572478488021203","18.53175810704338","-98.6726035798173","2026-01-12"
"MEX.30.31_1","Catemaco","GADM2","3.6","MX","Restaurants","0.3198320880794387","18.400651061853964","-95.0400261884226","2026-01-12"
"MEX.30.31_1","Catemaco","GADM2","3.6","MX","Retail","0.37333125735762734","18.400651061853964","-95.0400261884226","2026-01-12"
"MEX.30.31_1","Catemaco","GADM2","3.6","MX","All","0.292068231132998","18.400651061853964","-95.0400261884226","2026-01-12"
"MEX.30.31_1","Catemaco","GADM2","3.6","MX","Lifestyle Services","0.5037619952283138","18.400651061853964","-95.0400261884226","2026-01-12"
"MEX.30.31_1","Catemaco","GADM2","3.6","MX","Travel","0.46506717252917623","18.400651061853964","-95.0400261884226","2026-01-12"
"MEX.30.31_1","Catemaco","GADM2","3.6","MX","Home Services","0.35012892390214256","18.400651061853964","-95.0400261884226","2026-01-12"
"MEX.30.31_1","Catemaco","GADM2","3.6","MX","Public Good","0.1727602889358689","18.400651061853964","-95.0400261884226","2026-01-12"
"MEX.30.31_1","Catemaco","GADM2","3.6","MX","Business & Utility Services","0.546038928687697","18.400651061853964","-95.0400261884226","2026-01-12"
"MEX.30.31_1","Catemaco","GADM2","3.6","MX","Grocery & Convenience Stores","0.3019554346885859","18.400651061853964","-95.0400261884226","2026-01-12"
"MEX.30.31_1","Catemaco","GADM2","3.6","MX","Professional Services","0.49706762730554005","18.400651061853964","-95.0400261884226","2026-01-12"
"MEX.30.31_1","Catemaco","GADM2","3.6","MX","Local Events","0.5215174031654052","18.400651061853964","-95.0400261884226","2026-01-12"
"MEX.9.14_1","Tlalpan","GADM2","3.6","MX","Professional Services","0.5685403515372551","19.145009695880116","-99.15909903336201","2026-01-12"
"MEX.9.14_1","Tlalpan","GADM2","3.6","MX","Grocery & Convenience Stores","0.38285532863358634","19.145009695880116","-99.15909903336201","2026-01-12"
"MEX.9.14_1","Tlalpan","GADM2","3.6","MX","Public Good","0.401985458099524","19.145009695880116","-99.15909903336201","2026-01-12"
"MEX.9.14_1","Tlalpan","GADM2","3.6","MX","Retail","0.22304308234032794","19.145009695880116","-99.15909903336201","2026-01-12"
"MEX.9.14_1","Tlalpan","GADM2","3.6","MX","Home Services","0.5705235097805698","19.145009695880116","-99.15909903336201","2026-01-12"
"MEX.9.14_1","Tlalpan","GADM2","3.6","MX","","0.3715910182863669","19.145009695880116","-99.15909903336201","2026-01-12"
"MEX.9.14_1","Tlalpan","GADM2","3.6","MX","All","0.25722702977011436","19.145009695880116","-99.15909903336201","2026-01-12"
"MEX.9.14_1","Tlalpan","GADM2","3.6","MX","Restaurants","0.23278845989698776","19.145009695880116","-99.15909903336201","2026-01-12"
"MEX.9.14_1","Tlalpan","GADM2","3.6","MX","Manufacturing","0.8108144308414637","19.145009695880116","-99.15909903336201","2026-01-12"
"MEX.9.14_1","Tlalpan","GADM2","3.6","MX","Local Events","0.37003246225303343","19.145009695880116","-99.15909903336201","2026-01-12"
"MEX.9.14_1","Tlalpan","GADM2","3.6","MX","Business & Utility Services","0.5408680436102197","19.145009695880116","-99.15909903336201","2026-01-12"
"MEX.9.14_1","Tlalpan","GADM2","3.6","MX","Lifestyle Services","0.29670862371902534","19.145009695880116","-99.15909903336201","2026-01-12"
"MEX.20.11_1","Dist. Juquila","GADM2","3.6","MX","All","0.26193485332533356","16.202035000083878","-97.50852984471413","2026-01-12"
"MEX.20.11_1","Dist. Juquila","GADM2","3.6","MX","Home Services","0.49025549039813276","16.202035000083878","-97.50852984471413","2026-01-12"
"MEX.20.11_1","Dist. Juquila","GADM2","3.6","MX","Local Events","0.41633243021218347","16.202035000083878","-97.50852984471413","2026-01-12"
"MEX.15.93_1","Teotihuacán","GADM2","3.6","MX","Public Good","0.3744118980746857","19.61224179601418","-98.88175025980453","2026-01-12"
"MEX.15.93_1","Teotihuacán","GADM2","3.6","MX","Retail","0.47920560497316744","19.61224179601418","-98.88175025980453","2026-01-12"
"MEX.15.93_1","Teotihuacán","GADM2","3.6","MX","Grocery & Convenience Stores","0.27296803268866526","19.61224179601418","-98.88175025980453","2026-01-12"
"MEX.15.93_1","Teotihuacán","GADM2","3.6","MX","All","0.33261534895406886","19.61224179601418","-98.88175025980453","2026-01-12"
"MEX.15.93_1","Teotihuacán","GADM2","3.6","MX","Home Services","0.6762122224729208","19.61224179601418","-98.88175025980453","2026-01-12"
"MEX.15.93_1","Teotihuacán","GADM2","3.6","MX","Local Events","0.5132993094074145","19.61224179601418","-98.88175025980453","2026-01-12"
"MEX.15.93_1","Teotihuacán","GADM2","3.6","MX","Professional Services","0.23888650118535715","19.61224179601418","-98.88175025980453","2026-01-12"
"MEX.15.93_1","Teotihuacán","GADM2","3.6","MX","Restaurants","0.4097929283602561","19.61224179601418","-98.88175025980453","2026-01-12"
"MEX.15.93_1","Teotihuacán","GADM2","3.6","MX","Lifestyle Services","0.3610605109570235","19.61224179601418","-98.88175025980453","2026-01-12"
"MEX.15.93_1","Teotihuacán","GADM2","3.6","MX","Business & Utility Services","0.4808424464580942","19.61224179601418","-98.88175025980453","2026-01-12"
"MEX.30.8_1","Alto Lucero de Gutiérrez Barrios","GADM2","3.6","MX","All","0.5300226537318493","19.71503580381889","-96.54088823833557","2026-01-12"
"MEX.30.52_1","Córdoba","GADM2","3.6","MX","All","0.4822970421313748","18.931223849585546","-96.85889243893905","2026-01-12"
"MEX.15.31_1","Cuautitlán","GADM2","3.6","MX","Restaurants","0.36000783154373683","19.633339648874724","-99.12858831160892","2026-01-12"
"MEX.15.31_1","Cuautitlán","GADM2","3.6","MX","","0.4537280668253093","19.633339648874724","-99.12858831160892","2026-01-12"
"MEX.15.31_1","Cuautitlán","GADM2","3.6","MX","Business & Utility Services","0.23779090105408343","19.633339648874724","-99.12858831160892","2026-01-12"
"MEX.15.31_1","Cuautitlán","GADM2","3.6","MX","Professional Services","0.5163306910364689","19.633339648874724","-99.12858831160892","2026-01-12"
"MEX.15.31_1","Cuautitlán","GADM2","3.6","MX","Lifestyle Services","0.15856578335540877","19.633339648874724","-99.12858831160892","2026-01-12"
"MEX.15.31_1","Cuautitlán","GADM2","3.6","MX","Retail","0.17754235803034926","19.633339648874724","-99.12858831160892","2026-01-12"
"MEX.15.31_1","Cuautitlán","GADM2","3.6","MX","Home Services","0.5578142978663172","19.633339648874724","-99.12858831160892","2026-01-12"
"MEX.15.31_1","Cuautitlán","GADM2","3.6","MX","Manufacturing","0.3963452432364886","19.633339648874724","-99.12858831160892","2026-01-12"
"MEX.15.31_1","Cuautitlán","GADM2","3.6","MX","Grocery & Convenience Stores","0.4245834529656568","19.633339648874724","-99.12858831160892","2026-01-12"
"MEX.15.31_1","Cuautitlán","GADM2","3.6","MX","Travel","0.7337516079792417","19.633339648874724","-99.12858831160892","2026-01-12"
"MEX.15.31_1","Cuautitlán","GADM2","3.6","MX","Local Events","0.7798162592927609","19.633339648874724","-99.12858831160892","2026-01-12"
"MEX.15.31_1","Cuautitlán","GADM2","3.6","MX","All","0.34375148565810604","19.633339648874724","-99.12858831160892","2026-01-12"
"MEX.15.31_1","Cuautitlán","GADM2","3.6","MX","Public Good","0.3526668538551804","19.633339648874724","-99.12858831160892","2026-01-12"
"MEX.13.64_1","Tepetitlán","GADM2","3.6","MX","All","0.6059924048660857","20.21975299934966","-99.38271192448178","2026-01-12"
"MEX.13.73_1","Tlaxcoapan","GADM2","3.6","MX","Home Services","0.5837821973750746","20.10388273533162","-99.16818357164102","2026-01-12"
"MEX.13.73_1","Tlaxcoapan","GADM2","3.6","MX","Restaurants","0.5882594611947584","20.10388273533162","-99.16818357164102","2026-01-12"
"MEX.13.73_1","Tlaxcoapan","GADM2","3.6","MX","Retail","0.33347981135203436","20.10388273533162","-99.16818357164102","2026-01-12"
"MEX.13.73_1","Tlaxcoapan","GADM2","3.6","MX","Professional Services","0.13260926858658098","20.10388273533162","-99.16818357164102","2026-01-12"
"MEX.13.73_1","Tlaxcoapan","GADM2","3.6","MX","All","0.3846388556171269","20.10388273533162","-99.16818357164102","2026-01-12"
"MEX.13.73_1","Tlaxcoapan","GADM2","3.6","MX","Lifestyle Services","0.41616818390927673","20.10388273533162","-99.16818357164102","2026-01-12"
"MEX.30.133_1","Pueblo Viejo","GADM2","3.6","MX","All","0.506293110228063","21.391497964262825","-97.5024250662362","2026-01-12"
"MEX.30.133_1","Pueblo Viejo","GADM2","3.6","MX","Restaurants","0.466365032647949","21.391497964262825","-97.5024250662362","2026-01-12"
"MEX.30.133_1","Pueblo Viejo","GADM2","3.6","MX","Professional Services","0.3424589340858236","21.391497964262825","-97.5024250662362","2026-01-12"
"MEX.30.133_1","Pueblo Viejo","GADM2","3.6","MX","Retail","0.680145029375306","21.391497964262825","-97.5024250662362","2026-01-12"
"MEX.21.109_1","Palmar de Bravo","GADM2","3.6","MX","All","0.24165488784601413","18.886781327918566","-97.42041028643833","2026-01-12"
"MEX.21.109_1","Palmar de Bravo","GADM2","3.6","MX","Professional Services","0.5676290984311838","18.886781327918566","-97.42041028643833","2026-01-12"
"MEX.21.109_1","Palmar de Bravo","GADM2","3.6","MX","Retail","0.14629337910026777","18.886781327918566","-97.42041028643833","2026-01-12"
"MEX.28.28_1","Nuevo Morelos","GADM2","3.6","MX","All","0.4723218084798007","22.4935954384548","-99.21684974326601","2026-01-12"
"MEX.15.67_1","Otumba","GADM2","3.6","MX","All","0.3304770250874071","19.63099559485052","-98.73086007860333","2026-01-12"
"MEX.11.19_1","León","GADM2","3.6","MX","All","0.40677358726321117","21.107632694879282","-101.66052730810225","2026-01-12"
"MEX.11.19_1","León","GADM2","3.6","MX","Local Events","0.4584324772703356","21.107632694879282","-101.66052730810225","2026-01-12"
"MEX.11.19_1","León","GADM2","3.6","MX","Grocery & Convenience Stores","0.245349446149106","21.107632694879282","-101.66052730810225","2026-01-12"
"MEX.11.19_1","León","GADM2","3.6","MX","Retail","0.3738145126347044","21.107632694879282","-101.66052730810225","2026-01-12"
"MEX.11.19_1","León","GADM2","3.6","MX","Lifestyle Services","0.2834496390956219","21.107632694879282","-101.66052730810225","2026-01-12"
"MEX.11.19_1","León","GADM2","3.6","MX","Business & Utility Services","0.5105544321814033","21.107632694879282","-101.66052730810225","2026-01-12"
"MEX.11.19_1","León","GADM2","3.6","MX","","0.42418898621717505","21.107632694879282","-101.66052730810225","2026-01-12"
"MEX.11.19_1","León","GADM2","3.6","MX","Home Services","0.5375318851409883","21.107632694879282","-101.66052730810225","2026-01-12"
"MEX.11.19_1","León","GADM2","3.6","MX","Travel","0.4213978617868382","21.107632694879282","-101.66052730810225","2026-01-12"
"MEX.11.19_1","León","GADM2","3.6","MX","Manufacturing","0.5441370454105746","21.107632694879282","-101.66052730810225","2026-01-12"
"MEX.11.19_1","León","GADM2","3.6","MX","Public Good","0.2996772901197414","21.107632694879282","-101.66052730810225","2026-01-12"
"MEX.11.19_1","León","GADM2","3.6","MX","Professional Services","0.48436247156939755","21.107632694879282","-101.66052730810225","2026-01-12"
"MEX.11.19_1","León","GADM2","3.6","MX","Restaurants","0.22319462194509215","21.107632694879282","-101.66052730810225","2026-01-12"
"MEX.13.16_1","Chapulhuacán","GADM2","3.6","MX","Restaurants","0.6225104314803034","21.14152177208235","-98.93992573954367","2026-01-12"
"MEX.13.16_1","Chapulhuacán","GADM2","3.6","MX","Professional Services","0.49929383447157477","21.14152177208235","-98.93992573954367","2026-01-12"
"MEX.13.16_1","Chapulhuacán","GADM2","3.6","MX","Retail","0.5200715385125131","21.14152177208235","-98.93992573954367","2026-01-12"
"MEX.13.16_1","Chapulhuacán","GADM2","3.6","MX","All","0.6443721139585804","21.14152177208235","-98.93992573954367","2026-01-12"
"MEX.32.9_1","Cuauhtémoc","GADM2","3.6","MX","All","0.42742562140665735","22.40692808444308","-102.4079221264884","2026-01-12"
"MEX.30.98_1","Lerdo de Tejada","GADM2","3.6","MX","Restaurants","0.7518006400806655","18.665951689177685","-95.54203346300154","2026-01-12"
"MEX.30.98_1","Lerdo de Tejada","GADM2","3.6","MX","Retail","0.536639253116957","18.665951689177685","-95.54203346300154","2026-01-12"
"MEX.30.98_1","Lerdo de Tejada","GADM2","3.6","MX","Public Good","0.25772882791175394","18.665951689177685","-95.54203346300154","2026-01-12"
"MEX.30.98_1","Lerdo de Tejada","GADM2","3.6","MX","Professional Services","0.5164532050404246","18.665951689177685","-95.54203346300154","2026-01-12"
"MEX.30.98_1","Lerdo de Tejada","GADM2","3.6","MX","Lifestyle Services","0.522613890534971","18.665951689177685","-95.54203346300154","2026-01-12"
"MEX.30.98_1","Lerdo de Tejada","GADM2","3.6","MX","All","0.5724449697949501","18.665951689177685","-95.54203346300154","2026-01-12"
"MEX.30.98_1","Lerdo de Tejada","GADM2","3.6","MX","Home Services","0.38138889003226123","18.665951689177685","-95.54203346300154","2026-01-12"
"MEX.30.98_1","Lerdo de Tejada","GADM2","3.6","MX","Grocery & Convenience Stores","0.22488809508595936","18.665951689177685","-95.54203346300154","2026-01-12"
"MEX.16.21_1","Churintzio","GADM2","3.6","MX","All","0.5103651976689046","20.134867561563503","-102.11115567275858","2026-01-12"
"MEX.15.47_1","Jilotepec","GADM2","3.6","MX","Grocery & Convenience Stores","0.4324494782937166","20.05260109266955","-99.60396933354114","2026-01-12"
"MEX.15.47_1","Jilotepec","GADM2","3.6","MX","Professional Services","0.3268545382093455","20.05260109266955","-99.60396933354114","2026-01-12"
"MEX.15.47_1","Jilotepec","GADM2","3.6","MX","Lifestyle Services","0.333304724747005","20.05260109266955","-99.60396933354114","2026-01-12"
"MEX.15.47_1","Jilotepec","GADM2","3.6","MX","Business & Utility Services","0.479375785240431","20.05260109266955","-99.60396933354114","2026-01-12"
"MEX.15.47_1","Jilotepec","GADM2","3.6","MX","Public Good","0.3690179019192533","20.05260109266955","-99.60396933354114","2026-01-12"
"MEX.15.47_1","Jilotepec","GADM2","3.6","MX","Retail","0.36863630031179817","20.05260109266955","-99.60396933354114","2026-01-12"
"MEX.15.47_1","Jilotepec","GADM2","3.6","MX","Manufacturing","0.36890979882913705","20.05260109266955","-99.60396933354114","2026-01-12"
"MEX.15.47_1","Jilotepec","GADM2","3.6","MX","Travel","0.3900263511577475","20.05260109266955","-99.60396933354114","2026-01-12"
"MEX.15.47_1","Jilotepec","GADM2","3.6","MX","All","0.32794088020179885","20.05260109266955","-99.60396933354114","2026-01-12"
"MEX.15.47_1","Jilotepec","GADM2","3.6","MX","Home Services","0.46331565410600073","20.05260109266955","-99.60396933354114","2026-01-12"
"MEX.15.47_1","Jilotepec","GADM2","3.6","MX","Local Events","0.24869493776335214","20.05260109266955","-99.60396933354114","2026-01-12"
"MEX.15.47_1","Jilotepec","GADM2","3.6","MX","Restaurants","0.4723623173074678","20.05260109266955","-99.60396933354114","2026-01-12"
"MEX.21.173_1","Tilapa","GADM2","3.6","MX","All","0.3486125969831352","18.6425758794747","-98.4618400125419","2026-01-12"
"MEX.21.173_1","Tilapa","GADM2","3.6","MX","Public Good","0.37776512854305194","18.6425758794747","-98.4618400125419","2026-01-12"
"MEX.21.173_1","Tilapa","GADM2","3.6","MX","Professional Services","0.605823055399991","18.6425758794747","-98.4618400125419","2026-01-12"
"MEX.21.173_1","Tilapa","GADM2","3.6","MX","Home Services","0.4155468402895003","18.6425758794747","-98.4618400125419","2026-01-12"
"MEX.21.173_1","Tilapa","GADM2","3.6","MX","Business & Utility Services","0.4683760288745972","18.6425758794747","-98.4618400125419","2026-01-12"
"MEX.21.173_1","Tilapa","GADM2","3.6","MX","Grocery & Convenience Stores","0.36737524357075796","18.6425758794747","-98.4618400125419","2026-01-12"
"MEX.21.173_1","Tilapa","GADM2","3.6","MX","Local Events","0.6803603254180942","18.6425758794747","-98.4618400125419","2026-01-12"
"MEX.21.173_1","Tilapa","GADM2","3.6","MX","Retail","0.43718839301426765","18.6425758794747","-98.4618400125419","2026-01-12"
"MEX.21.173_1","Tilapa","GADM2","3.6","MX","Lifestyle Services","0.433034737230194","18.6425758794747","-98.4618400125419","2026-01-12"
"MEX.21.173_1","Tilapa","GADM2","3.6","MX","Restaurants","0.157604136344641","18.6425758794747","-98.4618400125419","2026-01-12"
"MEX.29.26_1","Santa Cruz Tlaxcala","GADM2","3.6","MX","All","0.4129729548250304","19.375306056882366","-98.04119854687656","2026-01-12"
"MEX.28.13_1","González","GADM2","3.6","MX","Restaurants","0.310431837084011","22.815023338683456","-98.53691380147234","2026-01-12"
"MEX.28.13_1","González","GADM2","3.6","MX","Public Good","0.7876884817620831","22.815023338683456","-98.53691380147234","2026-01-12"
"MEX.28.13_1","González","GADM2","3.6","MX","Professional Services","0.6621548259353202","22.815023338683456","-98.53691380147234","2026-01-12"
"MEX.28.13_1","González","GADM2","3.6","MX","Grocery & Convenience Stores","0.21002760022326164","22.815023338683456","-98.53691380147234","2026-01-12"
"MEX.28.13_1","González","GADM2","3.6","MX","Retail","0.41867801263474336","22.815023338683456","-98.53691380147234","2026-01-12"
"MEX.28.13_1","González","GADM2","3.6","MX","Home Services","0.5039052390188505","22.815023338683456","-98.53691380147234","2026-01-12"
"MEX.15.75_1","San Felipe del Progreso","GADM2","3.6","MX","Lifestyle Services","0.5581702073465673","19.643398898489053","-100.04621416877046","2026-01-12"
"MEX.15.75_1","San Felipe del Progreso","GADM2","3.6","MX","Home Services","0.49151314322105316","19.643398898489053","-100.04621416877046","2026-01-12"
"MEX.15.75_1","San Felipe del Progreso","GADM2","3.6","MX","Restaurants","0.40734030286681566","19.643398898489053","-100.04621416877046","2026-01-12"
"MEX.15.75_1","San Felipe del Progreso","GADM2","3.6","MX","Grocery & Convenience Stores","0.42927307262599523","19.643398898489053","-100.04621416877046","2026-01-12"
"MEX.15.75_1","San Felipe del Progreso","GADM2","3.6","MX","All","0.5811451496988612","19.643398898489053","-100.04621416877046","2026-01-12"
"MEX.15.75_1","San Felipe del Progreso","GADM2","3.6","MX","Public Good","0.2572718342307963","19.643398898489053","-100.04621416877046","2026-01-12"
"MEX.15.75_1","San Felipe del Progreso","GADM2","3.6","MX","Business & Utility Services","0.5638569405912418","19.643398898489053","-100.04621416877046","2026-01-12"
"MEX.15.75_1","San Felipe del Progreso","GADM2","3.6","MX","Retail","0.6699943961840316","19.643398898489053","-100.04621416877046","2026-01-12"
"MEX.15.75_1","San Felipe del Progreso","GADM2","3.6","MX","Professional Services","0.4931127061369681","19.643398898489053","-100.04621416877046","2026-01-12"
"MEX.21.190_1","Venustiano Carranza","GADM2","3.6","MX","Retail","0.40217607978401304","20.071095806506158","-97.59687150577479","2026-01-12"
"MEX.21.190_1","Venustiano Carranza","GADM2","3.6","MX","All","0.331954998516602","20.071095806506158","-97.59687150577479","2026-01-12"
"MEX.21.190_1","Venustiano Carranza","GADM2","3.6","MX","Restaurants","0.5377989864817254","20.071095806506158","-97.59687150577479","2026-01-12"
"MEX.15.98_1","Texcaltitlán","GADM2","3.6","MX","All","0.7861262930784523","18.91372199742109","-99.8699971101673","2026-01-12"
"MEX.21.130_1","San Martín Texmelucan","GADM2","3.6","MX","Restaurants","0.4923973890274949","19.298983207764973","-98.36155473262599","2026-01-12"
"MEX.21.130_1","San Martín Texmelucan","GADM2","3.6","MX","Public Good","0.17314198689869834","19.298983207764973","-98.36155473262599","2026-01-12"
"MEX.21.130_1","San Martín Texmelucan","GADM2","3.6","MX","Lifestyle Services","0.44671853061582867","19.298983207764973","-98.36155473262599","2026-01-12"
"MEX.21.130_1","San Martín Texmelucan","GADM2","3.6","MX","Home Services","0.6123249888765484","19.298983207764973","-98.36155473262599","2026-01-12"
"MEX.21.130_1","San Martín Texmelucan","GADM2","3.6","MX","Professional Services","0.2552990277173954","19.298983207764973","-98.36155473262599","2026-01-12"
"MEX.21.130_1","San Martín Texmelucan","GADM2","3.6","MX","All","0.2555263699193353","19.298983207764973","-98.36155473262599","2026-01-12"
"MEX.21.130_1","San Martín Texmelucan","GADM2","3.6","MX","Grocery & Convenience Stores","0.40581954171168994","19.298983207764973","-98.36155473262599","2026-01-12"
"MEX.21.130_1","San Martín Texmelucan","GADM2","3.6","MX","Retail","0.2827143484751604","19.298983207764973","-98.36155473262599","2026-01-12"
"MEX.11.33_1","San Luis de la Paz","GADM2","3.6","MX","Local Events","0.2704912702012459","21.39577107066675","-100.5060504984848","2026-01-12"
"MEX.11.33_1","San Luis de la Paz","GADM2","3.6","MX","All","0.21660705121570265","21.39577107066675","-100.5060504984848","2026-01-12"
"MEX.11.33_1","San Luis de la Paz","GADM2","3.6","MX","Home Services","0.6869442146352095","21.39577107066675","-100.5060504984848","2026-01-12"
"MEX.11.33_1","San Luis de la Paz","GADM2","3.6","MX","Retail","0.32570194002895053","21.39577107066675","-100.5060504984848","2026-01-12"
"MEX.11.33_1","San Luis de la Paz","GADM2","3.6","MX","Public Good","0.1699306615187927","21.39577107066675","-100.5060504984848","2026-01-12"
"MEX.11.33_1","San Luis de la Paz","GADM2","3.6","MX","Grocery & Convenience Stores","0.6296019221098303","21.39577107066675","-100.5060504984848","2026-01-12"
"MEX.11.33_1","San Luis de la Paz","GADM2","3.6","MX","Business & Utility Services","0.256529199669259","21.39577107066675","-100.5060504984848","2026-01-12"
"MEX.11.33_1","San Luis de la Paz","GADM2","3.6","MX","Lifestyle Services","0.22797755104544087","21.39577107066675","-100.5060504984848","2026-01-12"
"MEX.11.33_1","San Luis de la Paz","GADM2","3.6","MX","Restaurants","0.33942106503750796","21.39577107066675","-100.5060504984848","2026-01-12"
"MEX.11.33_1","San Luis de la Paz","GADM2","3.6","MX","","0.4265340264785511","21.39577107066675","-100.5060504984848","2026-01-12"
"MEX.11.33_1","San Luis de la Paz","GADM2","3.6","MX","Professional Services","0.2315427141135024","21.39577107066675","-100.5060504984848","2026-01-12"
"MEX.11.33_1","San Luis de la Paz","GADM2","3.6","MX","Travel","0.21328886922961396","21.39577107066675","-100.5060504984848","2026-01-12"
"MEX.12.10_1","Atlixtac","GADM2","3.6","MX","Retail","0.4231023650580496","17.475551434686338","-98.8730361830896","2026-01-12"
"MEX.12.10_1","Atlixtac","GADM2","3.6","MX","All","0.4960044153772139","17.475551434686338","-98.8730361830896","2026-01-12"
"MEX.16.14_1","Charapan","GADM2","3.6","MX","All","0.8284096437221196","19.684395723522567","-102.23085100606343","2026-01-12"
"MEX.22.3_1","Cadereyta de Montes","GADM2","3.6","MX","Restaurants","0.24459777638436456","20.82523338546518","-99.64733454458306","2026-01-12"
"MEX.22.3_1","Cadereyta de Montes","GADM2","3.6","MX","Local Events","0.6227688843231042","20.82523338546518","-99.64733454458306","2026-01-12"
"MEX.22.3_1","Cadereyta de Montes","GADM2","3.6","MX","All","0.4869651648209622","20.82523338546518","-99.64733454458306","2026-01-12"
"MEX.22.3_1","Cadereyta de Montes","GADM2","3.6","MX","Grocery & Convenience Stores","0.5960356504483303","20.82523338546518","-99.64733454458306","2026-01-12"
"MEX.22.3_1","Cadereyta de Montes","GADM2","3.6","MX","Business & Utility Services","0.5661112542125007","20.82523338546518","-99.64733454458306","2026-01-12"
"MEX.22.3_1","Cadereyta de Montes","GADM2","3.6","MX","Public Good","0.1850981669368091","20.82523338546518","-99.64733454458306","2026-01-12"
"MEX.22.3_1","Cadereyta de Montes","GADM2","3.6","MX","Professional Services","0.5581453759317526","20.82523338546518","-99.64733454458306","2026-01-12"
"MEX.22.3_1","Cadereyta de Montes","GADM2","3.6","MX","Lifestyle Services","0.5211293699227167","20.82523338546518","-99.64733454458306","2026-01-12"
"MEX.22.3_1","Cadereyta de Montes","GADM2","3.6","MX","Home Services","0.5813790450906889","20.82523338546518","-99.64733454458306","2026-01-12"
"MEX.22.3_1","Cadereyta de Montes","GADM2","3.6","MX","Travel","0.4545827143882444","20.82523338546518","-99.64733454458306","2026-01-12"
"MEX.22.3_1","Cadereyta de Montes","GADM2","3.6","MX","Retail","0.46158982336181814","20.82523338546518","-99.64733454458306","2026-01-12"
"MEX.32.1_1","Apozol","GADM2","3.6","MX","Retail","0.5357813539532491","21.40842717548427","-103.11584794211532","2026-01-12"
"MEX.32.1_1","Apozol","GADM2","3.6","MX","Home Services","0.6699578821916875","21.40842717548427","-103.11584794211532","2026-01-12"
"MEX.32.1_1","Apozol","GADM2","3.6","MX","All","0.4173349545501516","21.40842717548427","-103.11584794211532","2026-01-12"
"MEX.32.1_1","Apozol","GADM2","3.6","MX","Restaurants","0.37292021948679405","21.40842717548427","-103.11584794211532","2026-01-12"
"MEX.32.1_1","Apozol","GADM2","3.6","MX","Professional Services","0.4894674812121403","21.40842717548427","-103.11584794211532","2026-01-12"
"MEX.32.1_1","Apozol","GADM2","3.6","MX","Lifestyle Services","0.16998240032700623","21.40842717548427","-103.11584794211532","2026-01-12"
"MEX.32.1_1","Apozol","GADM2","3.6","MX","Grocery & Convenience Stores","0.3760479600105932","21.40842717548427","-103.11584794211532","2026-01-12"
"MEX.1.2_1","Asientos","GADM2","3.6","MX","Restaurants","0.3680499482617992","22.10411578770698","-102.0895599666323","2026-01-12"
"MEX.1.2_1","Asientos","GADM2","3.6","MX","Retail","0.3232306225095269","22.10411578770698","-102.0895599666323","2026-01-12"
"MEX.1.2_1","Asientos","GADM2","3.6","MX","All","0.24410933489932748","22.10411578770698","-102.0895599666323","2026-01-12"
"MEX.28.12_1","Gómez Farias","GADM2","3.6","MX","All","0.635830686303852","22.972160639331086","-99.18730690095994","2026-01-12"
"MEX.28.12_1","Gómez Farias","GADM2","3.6","MX","Travel","0.4704202388533402","22.972160639331086","-99.18730690095994","2026-01-12"
"MEX.16.105_1","Vista Hermosa","GADM2","3.6","MX","Retail","0.627021115521363","20.25569981760095","-102.45868000191076","2026-01-12"
"MEX.16.105_1","Vista Hermosa","GADM2","3.6","MX","Professional Services","0.46156400546532783","20.25569981760095","-102.45868000191076","2026-01-12"
"MEX.16.105_1","Vista Hermosa","GADM2","3.6","MX","All","0.622703605479089","20.25569981760095","-102.45868000191076","2026-01-12"
"MEX.16.92_1","Tiquicheo de Nicolás Romero","GADM2","3.6","MX","All","0.3324363467074309","19.02192027773948","-100.76843617137996","2026-01-12"
"MEX.15.73_1","Rayón","GADM2","3.6","MX","All","0.3622369855057324","19.05488306722354","-99.5576375541909","2026-01-12"
"MEX.16.107_1","Zacapu","GADM2","3.6","MX","Professional Services","0.5665377018971284","19.81384833483468","-101.84805633982532","2026-01-12"
"MEX.16.107_1","Zacapu","GADM2","3.6","MX","Grocery & Convenience Stores","0.3941629529440652","19.81384833483468","-101.84805633982532","2026-01-12"
"MEX.16.107_1","Zacapu","GADM2","3.6","MX","Restaurants","0.30128323830699993","19.81384833483468","-101.84805633982532","2026-01-12"
"MEX.16.107_1","Zacapu","GADM2","3.6","MX","Home Services","0.5500911553764893","19.81384833483468","-101.84805633982532","2026-01-12"
"MEX.16.107_1","Zacapu","GADM2","3.6","MX","All","0.40690013138741266","19.81384833483468","-101.84805633982532","2026-01-12"
"MEX.16.107_1","Zacapu","GADM2","3.6","MX","Public Good","0.46721078114345643","19.81384833483468","-101.84805633982532","2026-01-12"
"MEX.16.107_1","Zacapu","GADM2","3.6","MX","Travel","0.4344692860889893","19.81384833483468","-101.84805633982532","2026-01-12"
"MEX.16.107_1","Zacapu","GADM2","3.6","MX","Retail","0.31990297584993893","19.81384833483468","-101.84805633982532","2026-01-12"
"MEX.16.107_1","Zacapu","GADM2","3.6","MX","Lifestyle Services","0.3915965220436309","19.81384833483468","-101.84805633982532","2026-01-12"
"MEX.16.107_1","Zacapu","GADM2","3.6","MX","Business & Utility Services","0.4831414645134942","19.81384833483468","-101.84805633982532","2026-01-12"
"MEX.16.107_1","Zacapu","GADM2","3.6","MX","Local Events","0.6630416207999554","19.81384833483468","-101.84805633982532","2026-01-12"
"MEX.14.124_1","Zapotlán del Rey","GADM2","3.6","MX","Restaurants","0.42032175087732965","20.430393509398847","-102.9484769801161","2026-01-12"
"MEX.14.124_1","Zapotlán del Rey","GADM2","3.6","MX","Retail","0.2837533537863967","20.430393509398847","-102.9484769801161","2026-01-12"
"MEX.14.124_1","Zapotlán del Rey","GADM2","3.6","MX","Business & Utility Services","0.6068064266227494","20.430393509398847","-102.9484769801161","2026-01-12"
"MEX.14.124_1","Zapotlán del Rey","GADM2","3.6","MX","Grocery & Convenience Stores","0.43422193429895906","20.430393509398847","-102.9484769801161","2026-01-12"
"MEX.14.124_1","Zapotlán del Rey","GADM2","3.6","MX","Home Services","0.546905579683839","20.430393509398847","-102.9484769801161","2026-01-12"
"MEX.14.124_1","Zapotlán del Rey","GADM2","3.6","MX","All","0.42391447031080187","20.430393509398847","-102.9484769801161","2026-01-12"
"MEX.14.124_1","Zapotlán del Rey","GADM2","3.6","MX","Lifestyle Services","0.4281160156176182","20.430393509398847","-102.9484769801161","2026-01-12"
"MEX.14.124_1","Zapotlán del Rey","GADM2","3.6","MX","Professional Services","0.5126489920411084","20.430393509398847","-102.9484769801161","2026-01-12"
"MEX.14.124_1","Zapotlán del Rey","GADM2","3.6","MX","Public Good","0.3359979431886751","20.430393509398847","-102.9484769801161","2026-01-12"
"MEX.13.18_1","Cuautepec de Hinojosa","GADM2","3.6","MX","All","0.6243054221692265","19.97864063434371","-98.24601152698926","2026-01-12"
"MEX.13.18_1","Cuautepec de Hinojosa","GADM2","3.6","MX","Retail","0.5490427559801294","19.97864063434371","-98.24601152698926","2026-01-12"
"MEX.13.18_1","Cuautepec de Hinojosa","GADM2","3.6","MX","Home Services","0.4452037166921495","19.97864063434371","-98.24601152698926","2026-01-12"
"MEX.21.205_1","Zacatlán","GADM2","3.6","MX","Retail","0.16229989397637093","19.988409839172252","-97.90143016420227","2026-01-12"
"MEX.21.205_1","Zacatlán","GADM2","3.6","MX","All","0.1678780904667921","19.988409839172252","-97.90143016420227","2026-01-12"
"MEX.16.94_1","Tlazazalca","GADM2","3.6","MX","All","0.3485515915354894","20.004033784274412","-102.09027973389198","2026-01-12"
"MEX.20.7_1","Dist. Huajuapam","GADM2","3.6","MX","Travel","0.48850441855845933","17.96015116746155","-97.73970625767971","2026-01-12"
"MEX.20.7_1","Dist. Huajuapam","GADM2","3.6","MX","Grocery & Convenience Stores","0.2643984710105541","17.96015116746155","-97.73970625767971","2026-01-12"
"MEX.20.7_1","Dist. Huajuapam","GADM2","3.6","MX","All","0.4124015971781569","17.96015116746155","-97.73970625767971","2026-01-12"
"MEX.20.7_1","Dist. Huajuapam","GADM2","3.6","MX","Retail","0.41602772421596435","17.96015116746155","-97.73970625767971","2026-01-12"
"MEX.20.7_1","Dist. Huajuapam","GADM2","3.6","MX","Professional Services","0.5229602064508766","17.96015116746155","-97.73970625767971","2026-01-12"
"MEX.20.7_1","Dist. Huajuapam","GADM2","3.6","MX","Lifestyle Services","0.417840659777525","17.96015116746155","-97.73970625767971","2026-01-12"
"MEX.20.7_1","Dist. Huajuapam","GADM2","3.6","MX","Public Good","0.4450780841775745","17.96015116746155","-97.73970625767971","2026-01-12"
"MEX.20.7_1","Dist. Huajuapam","GADM2","3.6","MX","Home Services","0.4839125389245204","17.96015116746155","-97.73970625767971","2026-01-12"
"MEX.20.7_1","Dist. Huajuapam","GADM2","3.6","MX","Restaurants","0.26918520898463777","17.96015116746155","-97.73970625767971","2026-01-12"
"MEX.20.7_1","Dist. Huajuapam","GADM2","3.6","MX","Local Events","0.48590418263002927","17.96015116746155","-97.73970625767971","2026-01-12"
"MEX.20.7_1","Dist. Huajuapam","GADM2","3.6","MX","","0.2747153083643458","17.96015116746155","-97.73970625767971","2026-01-12"
"MEX.20.7_1","Dist. Huajuapam","GADM2","3.6","MX","Business & Utility Services","0.7617678900471844","17.96015116746155","-97.73970625767971","2026-01-12"
"MEX.20.7_1","Dist. Huajuapam","GADM2","3.6","MX","Manufacturing","0.36701737957286135","17.96015116746155","-97.73970625767971","2026-01-12"
"MEX.12.21_1","Copanatoyac","GADM2","3.6","MX","All","0.5285785995322856","17.454499217810177","-98.67920473344675","2026-01-12"
"MEX.12.48_1","Ometepec","GADM2","3.6","MX","All","0.6217521476567234","16.69902592474354","-98.28628021345165","2026-01-12"
"MEX.12.48_1","Ometepec","GADM2","3.6","MX","Retail","0.7491056892451065","16.69902592474354","-98.28628021345165","2026-01-12"
"MEX.12.12_1","Ayutla de los Libres","GADM2","3.6","MX","Business & Utility Services","0.33722213361167314","16.99754531224649","-98.97366696954657","2026-01-12"
"MEX.12.12_1","Ayutla de los Libres","GADM2","3.6","MX","Home Services","0.7901104906592679","16.99754531224649","-98.97366696954657","2026-01-12"
"MEX.12.12_1","Ayutla de los Libres","GADM2","3.6","MX","Retail","0.4411946820532057","16.99754531224649","-98.97366696954657","2026-01-12"
"MEX.12.12_1","Ayutla de los Libres","GADM2","3.6","MX","Restaurants","0.5259835736293833","16.99754531224649","-98.97366696954657","2026-01-12"
"MEX.12.12_1","Ayutla de los Libres","GADM2","3.6","MX","Lifestyle Services","0.6818323943940626","16.99754531224649","-98.97366696954657","2026-01-12"
"MEX.12.12_1","Ayutla de los Libres","GADM2","3.6","MX","Grocery & Convenience Stores","0.35276837516575704","16.99754531224649","-98.97366696954657","2026-01-12"
"MEX.12.12_1","Ayutla de los Libres","GADM2","3.6","MX","Professional Services","0.38503658196155416","16.99754531224649","-98.97366696954657","2026-01-12"
"MEX.12.12_1","Ayutla de los Libres","GADM2","3.6","MX","All","0.4283351971863925","16.99754531224649","-98.97366696954657","2026-01-12"
"MEX.21.171_1","Teziutlán","GADM2","3.6","MX","All","0.6439197045626762","19.89885185506342","-97.27539280285762","2026-01-12"
"MEX.13.66_1","Tezontepec de Aldama","GADM2","3.6","MX","Manufacturing","0.5233321646336756","20.205267908967464","-99.25309724149974","2026-01-12"
"MEX.13.66_1","Tezontepec de Aldama","GADM2","3.6","MX","Local Events","0.6135341002852888","20.205267908967464","-99.25309724149974","2026-01-12"
"MEX.13.66_1","Tezontepec de Aldama","GADM2","3.6","MX","Lifestyle Services","0.39106709832147846","20.205267908967464","-99.25309724149974","2026-01-12"
"MEX.13.66_1","Tezontepec de Aldama","GADM2","3.6","MX","Business & Utility Services","0.6571704066514256","20.205267908967464","-99.25309724149974","2026-01-12"
"MEX.13.66_1","Tezontepec de Aldama","GADM2","3.6","MX","Grocery & Convenience Stores","0.34901526403740174","20.205267908967464","-99.25309724149974","2026-01-12"
"MEX.13.66_1","Tezontepec de Aldama","GADM2","3.6","MX","","0.2996606008885133","20.205267908967464","-99.25309724149974","2026-01-12"
"MEX.13.66_1","Tezontepec de Aldama","GADM2","3.6","MX","Restaurants","0.24619406732101776","20.205267908967464","-99.25309724149974","2026-01-12"
"MEX.13.66_1","Tezontepec de Aldama","GADM2","3.6","MX","All","0.3903667378734144","20.205267908967464","-99.25309724149974","2026-01-12"
"MEX.13.66_1","Tezontepec de Aldama","GADM2","3.6","MX","Home Services","0.5695608524532595","20.205267908967464","-99.25309724149974","2026-01-12"
"MEX.13.66_1","Tezontepec de Aldama","GADM2","3.6","MX","Travel","0.6111223178600007","20.205267908967464","-99.25309724149974","2026-01-12"
"MEX.13.66_1","Tezontepec de Aldama","GADM2","3.6","MX","Professional Services","0.3392077229109266","20.205267908967464","-99.25309724149974","2026-01-12"
"MEX.13.66_1","Tezontepec de Aldama","GADM2","3.6","MX","Retail","0.5573988901058453","20.205267908967464","-99.25309724149974","2026-01-12"
"MEX.13.66_1","Tezontepec de Aldama","GADM2","3.6","MX","Public Good","0.404151529737336","20.205267908967464","-99.25309724149974","2026-01-12"
"MEX.15.54_1","Lerma","GADM2","3.6","MX","Lifestyle Services","0.4705106508030079","19.281622673423808","-99.44276552237811","2026-01-12"
"MEX.15.54_1","Lerma","GADM2","3.6","MX","Home Services","0.3636137037415124","19.281622673423808","-99.44276552237811","2026-01-12"
"MEX.15.54_1","Lerma","GADM2","3.6","MX","Business & Utility Services","0.30885341215231094","19.281622673423808","-99.44276552237811","2026-01-12"
"MEX.15.54_1","Lerma","GADM2","3.6","MX","Local Events","0.4423293924987538","19.281622673423808","-99.44276552237811","2026-01-12"
"MEX.15.54_1","Lerma","GADM2","3.6","MX","Grocery & Convenience Stores","0.19071251649338525","19.281622673423808","-99.44276552237811","2026-01-12"
"MEX.15.54_1","Lerma","GADM2","3.6","MX","All","0.3729221951987914","19.281622673423808","-99.44276552237811","2026-01-12"
"MEX.15.54_1","Lerma","GADM2","3.6","MX","Professional Services","0.47621593340507645","19.281622673423808","-99.44276552237811","2026-01-12"
"MEX.15.54_1","Lerma","GADM2","3.6","MX","Retail","0.3795091359517887","19.281622673423808","-99.44276552237811","2026-01-12"
"MEX.15.54_1","Lerma","GADM2","3.6","MX","Travel","0.6446206300641687","19.281622673423808","-99.44276552237811","2026-01-12"
"MEX.15.54_1","Lerma","GADM2","3.6","MX","Public Good","0.42423045206647625","19.281622673423808","-99.44276552237811","2026-01-12"
"MEX.15.54_1","Lerma","GADM2","3.6","MX","","0.18653816197944312","19.281622673423808","-99.44276552237811","2026-01-12"
"MEX.15.54_1","Lerma","GADM2","3.6","MX","Manufacturing","0.4002966071944793","19.281622673423808","-99.44276552237811","2026-01-12"
"MEX.15.54_1","Lerma","GADM2","3.6","MX","Restaurants","0.3237983158520585","19.281622673423808","-99.44276552237811","2026-01-12"
"MEX.12.11_1","Atoyac de Alvarez","GADM2","3.6","MX","Home Services","0.6100343391460513","17.311790990692504","-100.29809466098953","2026-01-12"
"MEX.12.11_1","Atoyac de Alvarez","GADM2","3.6","MX","Retail","0.36343732949868734","17.311790990692504","-100.29809466098953","2026-01-12"
"MEX.12.11_1","Atoyac de Alvarez","GADM2","3.6","MX","All","0.5160306987435141","17.311790990692504","-100.29809466098953","2026-01-12"
"MEX.12.11_1","Atoyac de Alvarez","GADM2","3.6","MX","Restaurants","0.303190338161823","17.311790990692504","-100.29809466098953","2026-01-12"
"MEX.12.11_1","Atoyac de Alvarez","GADM2","3.6","MX","Lifestyle Services","0.6072199070145344","17.311790990692504","-100.29809466098953","2026-01-12"
"MEX.12.11_1","Atoyac de Alvarez","GADM2","3.6","MX","Public Good","0.45867346775795376","17.311790990692504","-100.29809466098953","2026-01-12"
"MEX.12.11_1","Atoyac de Alvarez","GADM2","3.6","MX","Grocery & Convenience Stores","0.5256062411186246","17.311790990692504","-100.29809466098953","2026-01-12"
"MEX.12.11_1","Atoyac de Alvarez","GADM2","3.6","MX","Professional Services","0.6236514131586441","17.311790990692504","-100.29809466098953","2026-01-12"
"MEX.17.21_1","Tepoztlán","GADM2","3.6","MX","Local Events","0.2865913450690544","18.970720267418937","-99.05905300814734","2026-01-12"
"MEX.17.21_1","Tepoztlán","GADM2","3.6","MX","Public Good","0.19877514317687034","18.970720267418937","-99.05905300814734","2026-01-12"
"MEX.17.21_1","Tepoztlán","GADM2","3.6","MX","Home Services","0.6341445072658294","18.970720267418937","-99.05905300814734","2026-01-12"
"MEX.17.21_1","Tepoztlán","GADM2","3.6","MX","Professional Services","0.5924273871192555","18.970720267418937","-99.05905300814734","2026-01-12"
"MEX.17.21_1","Tepoztlán","GADM2","3.6","MX","","0.49124555743488113","18.970720267418937","-99.05905300814734","2026-01-12"
"MEX.17.21_1","Tepoztlán","GADM2","3.6","MX","Grocery & Convenience Stores","0.34157446183142476","18.970720267418937","-99.05905300814734","2026-01-12"
"MEX.17.21_1","Tepoztlán","GADM2","3.6","MX","Business & Utility Services","0.44421611363257696","18.970720267418937","-99.05905300814734","2026-01-12"
"MEX.13.21_1","Emiliano Zapata","GADM2","3.6","MX","Grocery & Convenience Stores","0.31605421782402043","19.64305480231243","-98.58916958272512","2026-01-12"
"MEX.13.21_1","Emiliano Zapata","GADM2","3.6","MX","Retail","0.5233541432177925","19.64305480231243","-98.58916958272512","2026-01-12"
"MEX.13.21_1","Emiliano Zapata","GADM2","3.6","MX","Professional Services","0.4413258149296757","19.64305480231243","-98.58916958272512","2026-01-12"
"MEX.13.21_1","Emiliano Zapata","GADM2","3.6","MX","All","0.35407468010269755","19.64305480231243","-98.58916958272512","2026-01-12"
"MEX.13.21_1","Emiliano Zapata","GADM2","3.6","MX","Public Good","0.3908966763867826","19.64305480231243","-98.58916958272512","2026-01-12"
"MEX.13.21_1","Emiliano Zapata","GADM2","3.6","MX","Local Events","0.5529359205342849","19.64305480231243","-98.58916958272512","2026-01-12"
"MEX.13.21_1","Emiliano Zapata","GADM2","3.6","MX","Business & Utility Services","0.20133712716127317","19.64305480231243","-98.58916958272512","2026-01-12"
"MEX.13.21_1","Emiliano Zapata","GADM2","3.6","MX","Home Services","0.3153096557233611","19.64305480231243","-98.58916958272512","2026-01-12"
"MEX.13.21_1","Emiliano Zapata","GADM2","3.6","MX","Lifestyle Services","0.24041064999611803","19.64305480231243","-98.58916958272512","2026-01-12"
"MEX.13.21_1","Emiliano Zapata","GADM2","3.6","MX","Restaurants","0.6299368036617049","19.64305480231243","-98.58916958272512","2026-01-12"
"MEX.29.16_1","Ixtacuixtla de Mariano Matamoros","GADM2","3.6","MX","Grocery & Convenience Stores","0.43422668045010404","19.358490433946127","-98.28080562510709","2026-01-12"
"MEX.29.16_1","Ixtacuixtla de Mariano Matamoros","GADM2","3.6","MX","All","0.36504445249804945","19.358490433946127","-98.28080562510709","2026-01-12"
"MEX.29.16_1","Ixtacuixtla de Mariano Matamoros","GADM2","3.6","MX","Home Services","0.35862069513162576","19.358490433946127","-98.28080562510709","2026-01-12"
"MEX.29.16_1","Ixtacuixtla de Mariano Matamoros","GADM2","3.6","MX","Retail","0.2754451242960182","19.358490433946127","-98.28080562510709","2026-01-12"
"MEX.29.16_1","Ixtacuixtla de Mariano Matamoros","GADM2","3.6","MX","Lifestyle Services","0.33783273480592735","19.358490433946127","-98.28080562510709","2026-01-12"
"MEX.29.16_1","Ixtacuixtla de Mariano Matamoros","GADM2","3.6","MX","Manufacturing","0.3608251981843588","19.358490433946127","-98.28080562510709","2026-01-12"
"MEX.29.16_1","Ixtacuixtla de Mariano Matamoros","GADM2","3.6","MX","Business & Utility Services","0.496108534103087","19.358490433946127","-98.28080562510709","2026-01-12"
"MEX.29.16_1","Ixtacuixtla de Mariano Matamoros","GADM2","3.6","MX","","0.5170148487030632","19.358490433946127","-98.28080562510709","2026-01-12"
"MEX.29.16_1","Ixtacuixtla de Mariano Matamoros","GADM2","3.6","MX","Professional Services","0.4869341651079934","19.358490433946127","-98.28080562510709","2026-01-12"
"MEX.29.16_1","Ixtacuixtla de Mariano Matamoros","GADM2","3.6","MX","Travel","0.6938129824886659","19.358490433946127","-98.28080562510709","2026-01-12"
"MEX.29.16_1","Ixtacuixtla de Mariano Matamoros","GADM2","3.6","MX","Restaurants","0.33447173907550404","19.358490433946127","-98.28080562510709","2026-01-12"
"MEX.29.16_1","Ixtacuixtla de Mariano Matamoros","GADM2","3.6","MX","Local Events","0.28689008090989165","19.358490433946127","-98.28080562510709","2026-01-12"
"MEX.29.16_1","Ixtacuixtla de Mariano Matamoros","GADM2","3.6","MX","Public Good","0.3546147061634586","19.358490433946127","-98.28080562510709","2026-01-12"
"MEX.13.76_1","Tulancingo de Bravo","GADM2","3.6","MX","Restaurants","0.34624681700186627","20.121847621872348","-98.29580286598016","2026-01-12"
"MEX.13.76_1","Tulancingo de Bravo","GADM2","3.6","MX","Retail","0.3098652923465314","20.121847621872348","-98.29580286598016","2026-01-12"
"MEX.13.76_1","Tulancingo de Bravo","GADM2","3.6","MX","Professional Services","0.42669175378547786","20.121847621872348","-98.29580286598016","2026-01-12"
"MEX.13.76_1","Tulancingo de Bravo","GADM2","3.6","MX","Public Good","0.2973381265242993","20.121847621872348","-98.29580286598016","2026-01-12"
"MEX.13.76_1","Tulancingo de Bravo","GADM2","3.6","MX","Grocery & Convenience Stores","0.34236783489943473","20.121847621872348","-98.29580286598016","2026-01-12"
"MEX.13.76_1","Tulancingo de Bravo","GADM2","3.6","MX","Travel","0.692749574677383","20.121847621872348","-98.29580286598016","2026-01-12"
"MEX.13.76_1","Tulancingo de Bravo","GADM2","3.6","MX","Local Events","0.4641680481746664","20.121847621872348","-98.29580286598016","2026-01-12"
"MEX.13.76_1","Tulancingo de Bravo","GADM2","3.6","MX","Manufacturing","0.29652856904455327","20.121847621872348","-98.29580286598016","2026-01-12"
"MEX.13.76_1","Tulancingo de Bravo","GADM2","3.6","MX","Business & Utility Services","0.32290188485463195","20.121847621872348","-98.29580286598016","2026-01-12"
"MEX.13.76_1","Tulancingo de Bravo","GADM2","3.6","MX","Home Services","0.6147766733140829","20.121847621872348","-98.29580286598016","2026-01-12"
"MEX.13.76_1","Tulancingo de Bravo","GADM2","3.6","MX","","0.4483961987327708","20.121847621872348","-98.29580286598016","2026-01-12"
"MEX.13.76_1","Tulancingo de Bravo","GADM2","3.6","MX","Lifestyle Services","0.21023588874553906","20.121847621872348","-98.29580286598016","2026-01-12"
"MEX.13.76_1","Tulancingo de Bravo","GADM2","3.6","MX","All","0.35792200415677305","20.121847621872348","-98.29580286598016","2026-01-12"
"MEX.11.26_1","Romita","GADM2","3.6","MX","Business & Utility Services","0.4319663530358282","20.817949555928124","-101.62511053764175","2026-01-12"
"MEX.11.26_1","Romita","GADM2","3.6","MX","Grocery & Convenience Stores","0.50438232305126","20.817949555928124","-101.62511053764175","2026-01-12"
"MEX.11.26_1","Romita","GADM2","3.6","MX","Public Good","0.4745112249305069","20.817949555928124","-101.62511053764175","2026-01-12"
"MEX.11.26_1","Romita","GADM2","3.6","MX","All","0.3056335316121083","20.817949555928124","-101.62511053764175","2026-01-12"
"MEX.11.26_1","Romita","GADM2","3.6","MX","Retail","0.2167032141546517","20.817949555928124","-101.62511053764175","2026-01-12"
"MEX.11.26_1","Romita","GADM2","3.6","MX","Lifestyle Services","0.561030948164665","20.817949555928124","-101.62511053764175","2026-01-12"
"MEX.11.26_1","Romita","GADM2","3.6","MX","Home Services","0.7667575299919854","20.817949555928124","-101.62511053764175","2026-01-12"
"MEX.11.26_1","Romita","GADM2","3.6","MX","Restaurants","0.47117052212443383","20.817949555928124","-101.62511053764175","2026-01-12"
"MEX.11.26_1","Romita","GADM2","3.6","MX","Professional Services","0.25451108084329416","20.817949555928124","-101.62511053764175","2026-01-12"
"MEX.21.92_1","Juan N. Méndez","GADM2","3.6","MX","Retail","0.37214413106275374","18.594486978112315","-97.5714741870805","2026-01-12"
"MEX.21.92_1","Juan N. Méndez","GADM2","3.6","MX","All","0.2814929962608355","18.594486978112315","-97.5714741870805","2026-01-12"
"MEX.21.92_1","Juan N. Méndez","GADM2","3.6","MX","Grocery & Convenience Stores","0.25380824475672126","18.594486978112315","-97.5714741870805","2026-01-12"
"MEX.21.202_1","Yehualtepec","GADM2","3.6","MX","All","0.6348420807080724","18.80888153540578","-97.53335665125752","2026-01-12"
"MEX.21.202_1","Yehualtepec","GADM2","3.6","MX","Grocery & Convenience Stores","0.5327614598684268","18.80888153540578","-97.53335665125752","2026-01-12"
"MEX.21.202_1","Yehualtepec","GADM2","3.6","MX","Retail","0.5917922019105092","18.80888153540578","-97.53335665125752","2026-01-12"
"MEX.21.202_1","Yehualtepec","GADM2","3.6","MX","Home Services","0.6771524548589037","18.80888153540578","-97.53335665125752","2026-01-12"
"MEX.24.40_1","Tampamolón Corona","GADM2","3.6","MX","All","0.38659221485785417","21.592701554507634","-98.79678014548486","2026-01-12"
"MEX.12.59_1","Técpan de Galeana","GADM2","3.6","MX","Travel","0.6581789733790835","17.39356028136713","-100.67806733791862","2026-01-12"
"MEX.12.59_1","Técpan de Galeana","GADM2","3.6","MX","Lifestyle Services","0.43924039123247605","17.39356028136713","-100.67806733791862","2026-01-12"
"MEX.12.59_1","Técpan de Galeana","GADM2","3.6","MX","Business & Utility Services","0.3178475897482479","17.39356028136713","-100.67806733791862","2026-01-12"
"MEX.12.59_1","Técpan de Galeana","GADM2","3.6","MX","Retail","0.2965364626700357","17.39356028136713","-100.67806733791862","2026-01-12"
"MEX.12.59_1","Técpan de Galeana","GADM2","3.6","MX","Grocery & Convenience Stores","0.562635909533504","17.39356028136713","-100.67806733791862","2026-01-12"
"MEX.12.59_1","Técpan de Galeana","GADM2","3.6","MX","Professional Services","0.306012459743468","17.39356028136713","-100.67806733791862","2026-01-12"
"MEX.12.59_1","Técpan de Galeana","GADM2","3.6","MX","Home Services","0.5628587129580004","17.39356028136713","-100.67806733791862","2026-01-12"
"MEX.12.59_1","Técpan de Galeana","GADM2","3.6","MX","Restaurants","0.21937555118096277","17.39356028136713","-100.67806733791862","2026-01-12"
"MEX.12.59_1","Técpan de Galeana","GADM2","3.6","MX","All","0.27157021980761037","17.39356028136713","-100.67806733791862","2026-01-12"
"MEX.15.53_1","La Paz","GADM2","3.6","MX","Travel","0.3731386929157682","19.306055556349804","-98.88345408038758","2026-01-12"
"MEX.15.53_1","La Paz","GADM2","3.6","MX","Manufacturing","0.42233938206752963","19.306055556349804","-98.88345408038758","2026-01-12"
"MEX.15.53_1","La Paz","GADM2","3.6","MX","Retail","0.3490017268674873","19.306055556349804","-98.88345408038758","2026-01-12"
"MEX.15.53_1","La Paz","GADM2","3.6","MX","","0.33403952470450926","19.306055556349804","-98.88345408038758","2026-01-12"
"MEX.15.53_1","La Paz","GADM2","3.6","MX","Public Good","0.31334865674533724","19.306055556349804","-98.88345408038758","2026-01-12"
"MEX.15.53_1","La Paz","GADM2","3.6","MX","Business & Utility Services","0.5230009537634036","19.306055556349804","-98.88345408038758","2026-01-12"
"MEX.15.53_1","La Paz","GADM2","3.6","MX","Lifestyle Services","0.2781535056681999","19.306055556349804","-98.88345408038758","2026-01-12"
"MEX.15.53_1","La Paz","GADM2","3.6","MX","Professional Services","0.42741722429383583","19.306055556349804","-98.88345408038758","2026-01-12"
"MEX.15.53_1","La Paz","GADM2","3.6","MX","Local Events","0.47143051966499677","19.306055556349804","-98.88345408038758","2026-01-12"
"MEX.15.53_1","La Paz","GADM2","3.6","MX","Grocery & Convenience Stores","0.5936478550309751","19.306055556349804","-98.88345408038758","2026-01-12"
"MEX.15.53_1","La Paz","GADM2","3.6","MX","Restaurants","0.39483153670406973","19.306055556349804","-98.88345408038758","2026-01-12"
"MEX.15.53_1","La Paz","GADM2","3.6","MX","All","0.3790309393640972","19.306055556349804","-98.88345408038758","2026-01-12"
"MEX.15.53_1","La Paz","GADM2","3.6","MX","Home Services","0.5475240357272041","19.306055556349804","-98.88345408038758","2026-01-12"
"MEX.14.69_1","Ojuelos de Jalisco","GADM2","3.6","MX","Professional Services","0.2955249019233971","21.804474008626265","-101.76817755220345","2026-01-12"
"MEX.14.69_1","Ojuelos de Jalisco","GADM2","3.6","MX","All","0.2224407027352542","21.804474008626265","-101.76817755220345","2026-01-12"
"MEX.14.69_1","Ojuelos de Jalisco","GADM2","3.6","MX","Home Services","0.3137882816905286","21.804474008626265","-101.76817755220345","2026-01-12"
"MEX.14.69_1","Ojuelos de Jalisco","GADM2","3.6","MX","Lifestyle Services","0.35654144571755486","21.804474008626265","-101.76817755220345","2026-01-12"
"MEX.14.69_1","Ojuelos de Jalisco","GADM2","3.6","MX","Retail","0.15299262139287834","21.804474008626265","-101.76817755220345","2026-01-12"
"MEX.14.69_1","Ojuelos de Jalisco","GADM2","3.6","MX","Restaurants","0.46079006694850205","21.804474008626265","-101.76817755220345","2026-01-12"
"MEX.14.69_1","Ojuelos de Jalisco","GADM2","3.6","MX","Grocery & Convenience Stores","0.43009993714811473","21.804474008626265","-101.76817755220345","2026-01-12"
"MEX.11.41_1","Uriangato","GADM2","3.6","MX","Business & Utility Services","0.40142456930399517","20.09381851501619","-101.17079545151282","2026-01-12"
"MEX.11.41_1","Uriangato","GADM2","3.6","MX","All","0.2766070413702725","20.09381851501619","-101.17079545151282","2026-01-12"
"MEX.11.41_1","Uriangato","GADM2","3.6","MX","Public Good","0.3542848157848701","20.09381851501619","-101.17079545151282","2026-01-12"
"MEX.11.41_1","Uriangato","GADM2","3.6","MX","Restaurants","0.23093092982300414","20.09381851501619","-101.17079545151282","2026-01-12"
"MEX.11.41_1","Uriangato","GADM2","3.6","MX","Travel","0.6035866518341095","20.09381851501619","-101.17079545151282","2026-01-12"
"MEX.11.41_1","Uriangato","GADM2","3.6","MX","Grocery & Convenience Stores","0.3966836154818845","20.09381851501619","-101.17079545151282","2026-01-12"
"MEX.11.41_1","Uriangato","GADM2","3.6","MX","Home Services","0.5111985943027763","20.09381851501619","-101.17079545151282","2026-01-12"
"MEX.11.41_1","Uriangato","GADM2","3.6","MX","Local Events","0.5283444507440108","20.09381851501619","-101.17079545151282","2026-01-12"
"MEX.11.41_1","Uriangato","GADM2","3.6","MX","Lifestyle Services","0.33472958979756984","20.09381851501619","-101.17079545151282","2026-01-12"
"MEX.11.41_1","Uriangato","GADM2","3.6","MX","Retail","0.21731214388914846","20.09381851501619","-101.17079545151282","2026-01-12"
"MEX.11.41_1","Uriangato","GADM2","3.6","MX","","0.58092732398567","20.09381851501619","-101.17079545151282","2026-01-12"
"MEX.11.41_1","Uriangato","GADM2","3.6","MX","Manufacturing","0.27515649249404106","20.09381851501619","-101.17079545151282","2026-01-12"
"MEX.11.41_1","Uriangato","GADM2","3.6","MX","Professional Services","0.34747227351657817","20.09381851501619","-101.17079545151282","2026-01-12"
"MEX.32.55_1","Villanueva","GADM2","3.6","MX","Restaurants","0.4243721059952698","22.243544844256885","-102.86354390192685","2026-01-12"
"MEX.32.55_1","Villanueva","GADM2","3.6","MX","Lifestyle Services","0.3493277861440898","22.243544844256885","-102.86354390192685","2026-01-12"
"MEX.32.55_1","Villanueva","GADM2","3.6","MX","All","0.3113119804667625","22.243544844256885","-102.86354390192685","2026-01-12"
"MEX.32.55_1","Villanueva","GADM2","3.6","MX","Public Good","0.42127356726846077","22.243544844256885","-102.86354390192685","2026-01-12"
"MEX.32.55_1","Villanueva","GADM2","3.6","MX","Retail","0.23293554448818354","22.243544844256885","-102.86354390192685","2026-01-12"
"MEX.32.55_1","Villanueva","GADM2","3.6","MX","Home Services","0.4843222330892134","22.243544844256885","-102.86354390192685","2026-01-12"
"MEX.32.55_1","Villanueva","GADM2","3.6","MX","Professional Services","0.3949674823654199","22.243544844256885","-102.86354390192685","2026-01-12"
"MEX.30.158_1","Temapache","GADM2","3.6","MX","Home Services","0.6606198297518115","20.937859284248887","-97.72960932524535","2026-01-12"
"MEX.30.158_1","Temapache","GADM2","3.6","MX","Professional Services","0.4455406624557118","20.937859284248887","-97.72960932524535","2026-01-12"
"MEX.30.158_1","Temapache","GADM2","3.6","MX","All","0.671119597346545","20.937859284248887","-97.72960932524535","2026-01-12"
"MEX.30.158_1","Temapache","GADM2","3.6","MX","Public Good","0.2738899120923713","20.937859284248887","-97.72960932524535","2026-01-12"
"MEX.30.158_1","Temapache","GADM2","3.6","MX","Retail","0.6229777157412377","20.937859284248887","-97.72960932524535","2026-01-12"
"MEX.30.158_1","Temapache","GADM2","3.6","MX","Restaurants","0.7749902914263055","20.937859284248887","-97.72960932524535","2026-01-12"
"MEX.30.158_1","Temapache","GADM2","3.6","MX","Lifestyle Services","0.4648909508446813","20.937859284248887","-97.72960932524535","2026-01-12"
"MEX.30.158_1","Temapache","GADM2","3.6","MX","Grocery & Convenience Stores","0.1993875424396936","20.937859284248887","-97.72960932524535","2026-01-12"
"MEX.30.178_1","Tlalixcoyan","GADM2","3.6","MX","Professional Services","0.531392037750752","18.813801470131647","-96.12840805766092","2026-01-12"
"MEX.30.178_1","Tlalixcoyan","GADM2","3.6","MX","Retail","0.5795476366509824","18.813801470131647","-96.12840805766092","2026-01-12"
"MEX.30.178_1","Tlalixcoyan","GADM2","3.6","MX","Restaurants","0.43800584749854815","18.813801470131647","-96.12840805766092","2026-01-12"
"MEX.30.178_1","Tlalixcoyan","GADM2","3.6","MX","Home Services","0.6090895670138903","18.813801470131647","-96.12840805766092","2026-01-12"
"MEX.30.178_1","Tlalixcoyan","GADM2","3.6","MX","Public Good","0.5136563109669361","18.813801470131647","-96.12840805766092","2026-01-12"
"MEX.30.178_1","Tlalixcoyan","GADM2","3.6","MX","All","0.4718234422239393","18.813801470131647","-96.12840805766092","2026-01-12"
"MEX.30.178_1","Tlalixcoyan","GADM2","3.6","MX","Grocery & Convenience Stores","0.7195075836101765","18.813801470131647","-96.12840805766092","2026-01-12"
"MEX.12.19_1","Copala","GADM2","3.6","MX","Home Services","0.45860710401864174","16.60341140005912","-98.88485811547808","2026-01-12"
"MEX.12.19_1","Copala","GADM2","3.6","MX","Retail","0.36609379336425263","16.60341140005912","-98.88485811547808","2026-01-12"
"MEX.12.19_1","Copala","GADM2","3.6","MX","Professional Services","0.7182559325409462","16.60341140005912","-98.88485811547808","2026-01-12"
"MEX.12.19_1","Copala","GADM2","3.6","MX","Restaurants","0.7124290781451322","16.60341140005912","-98.88485811547808","2026-01-12"
"MEX.12.19_1","Copala","GADM2","3.6","MX","All","0.4889789483780537","16.60341140005912","-98.88485811547808","2026-01-12"
"MEX.12.19_1","Copala","GADM2","3.6","MX","Travel","0.3559781687959932","16.60341140005912","-98.88485811547808","2026-01-12"
"MEX.21.126_1","San José Chiapa","GADM2","3.6","MX","Retail","0.4813478117961205","19.285992891721758","-97.60705670633138","2026-01-12"
"MEX.21.126_1","San José Chiapa","GADM2","3.6","MX","All","0.5624894918396515","19.285992891721758","-97.60705670633138","2026-01-12"
"MEX.15.79_1","Santo Tomás","GADM2","3.6","MX","Restaurants","0.465103781806752","19.10627629937311","-100.31175761155396","2026-01-12"
"MEX.15.79_1","Santo Tomás","GADM2","3.6","MX","All","0.4363560950520263","19.10627629937311","-100.31175761155396","2026-01-12"
"MEX.15.79_1","Santo Tomás","GADM2","3.6","MX","Retail","0.3928674359172382","19.10627629937311","-100.31175761155396","2026-01-12"
"MEX.15.79_1","Santo Tomás","GADM2","3.6","MX","Professional Services","0.3769798898604019","19.10627629937311","-100.31175761155396","2026-01-12"
"MEX.21.4_1","Acatzingo","GADM2","3.6","MX","Retail","0.1439517034639299","19.077636546978745","-97.68653988109237","2026-01-12"
"MEX.21.4_1","Acatzingo","GADM2","3.6","MX","All","0.2431238638299568","19.077636546978745","-97.68653988109237","2026-01-12"
"MEX.16.31_1","Ecuandureo","GADM2","3.6","MX","Restaurants","0.5281059495473052","20.149521255855326","-102.26902823478952","2026-01-12"
"MEX.16.31_1","Ecuandureo","GADM2","3.6","MX","All","0.47923245847571666","20.149521255855326","-102.26902823478952","2026-01-12"
"MEX.30.18_1","Atlahuilco","GADM2","3.6","MX","Professional Services","0.4583284953572976","18.70234142303543","-97.00691997700548","2026-01-12"
"MEX.30.18_1","Atlahuilco","GADM2","3.6","MX","Restaurants","0.421550698298881","18.70234142303543","-97.00691997700548","2026-01-12"
"MEX.30.18_1","Atlahuilco","GADM2","3.6","MX","Grocery & Convenience Stores","0.41017466591390833","18.70234142303543","-97.00691997700548","2026-01-12"
"MEX.30.18_1","Atlahuilco","GADM2","3.6","MX","All","0.25201093549703246","18.70234142303543","-97.00691997700548","2026-01-12"
"MEX.30.18_1","Atlahuilco","GADM2","3.6","MX","Retail","0.34973433193687314","18.70234142303543","-97.00691997700548","2026-01-12"
"MEX.24.38_1","Tamazunchale","GADM2","3.6","MX","Manufacturing","0.42730301810838917","21.28354902971998","-98.84003523302297","2026-01-12"
"MEX.24.38_1","Tamazunchale","GADM2","3.6","MX","Retail","0.23657117389264584","21.28354902971998","-98.84003523302297","2026-01-12"
"MEX.24.38_1","Tamazunchale","GADM2","3.6","MX","Business & Utility Services","0.3042020024570275","21.28354902971998","-98.84003523302297","2026-01-12"
"MEX.24.38_1","Tamazunchale","GADM2","3.6","MX","Lifestyle Services","0.3551247431638983","21.28354902971998","-98.84003523302297","2026-01-12"
"MEX.24.38_1","Tamazunchale","GADM2","3.6","MX","Travel","0.32101957311520424","21.28354902971998","-98.84003523302297","2026-01-12"
"MEX.24.38_1","Tamazunchale","GADM2","3.6","MX","Grocery & Convenience Stores","0.5451086537829297","21.28354902971998","-98.84003523302297","2026-01-12"
"MEX.24.38_1","Tamazunchale","GADM2","3.6","MX","Restaurants","0.265767148819466","21.28354902971998","-98.84003523302297","2026-01-12"
"MEX.24.38_1","Tamazunchale","GADM2","3.6","MX","Professional Services","0.5304883970186205","21.28354902971998","-98.84003523302297","2026-01-12"
"MEX.24.38_1","Tamazunchale","GADM2","3.6","MX","All","0.33753315033096126","21.28354902971998","-98.84003523302297","2026-01-12"
"MEX.24.38_1","Tamazunchale","GADM2","3.6","MX","Home Services","0.4164988864049855","21.28354902971998","-98.84003523302297","2026-01-12"
"MEX.24.38_1","Tamazunchale","GADM2","3.6","MX","Public Good","0.2576690559188336","21.28354902971998","-98.84003523302297","2026-01-12"
"MEX.21.68_1","Honey","GADM2","3.6","MX","All","0.5455494916343138","20.29029914617105","-98.15913866057306","2026-01-12"
"MEX.16.99_1","Tuzantla","GADM2","3.6","MX","Retail","0.2135501377496265","19.197517749064787","-100.57569045871314","2026-01-12"
"MEX.16.99_1","Tuzantla","GADM2","3.6","MX","All","0.3139376064774351","19.197517749064787","-100.57569045871314","2026-01-12"
"MEX.29.42_1","Yauhquemecan","GADM2","3.6","MX","Restaurants","0.5870308804128687","19.433529056538443","-98.0946521376448","2026-01-12"
"MEX.29.42_1","Yauhquemecan","GADM2","3.6","MX","All","0.47441936529353246","19.433529056538443","-98.0946521376448","2026-01-12"
"MEX.29.42_1","Yauhquemecan","GADM2","3.6","MX","Retail","0.4454473306195133","19.433529056538443","-98.0946521376448","2026-01-12"
"MEX.29.10_1","Cuapiaxtla","GADM2","3.6","MX","Home Services","0.2802137086217455","19.38517234178047","-97.67989994690664","2026-01-12"
"MEX.29.10_1","Cuapiaxtla","GADM2","3.6","MX","All","0.12356134663470374","19.38517234178047","-97.67989994690664","2026-01-12"
"MEX.29.10_1","Cuapiaxtla","GADM2","3.6","MX","Professional Services","0.3890242404522587","19.38517234178047","-97.67989994690664","2026-01-12"
"MEX.29.10_1","Cuapiaxtla","GADM2","3.6","MX","Grocery & Convenience Stores","0.4394984391352818","19.38517234178047","-97.67989994690664","2026-01-12"
"MEX.29.10_1","Cuapiaxtla","GADM2","3.6","MX","Retail","0.16335599548629606","19.38517234178047","-97.67989994690664","2026-01-12"
"MEX.11.42_1","Valle de Santiago","GADM2","3.6","MX","Business & Utility Services","0.4325770536428439","20.3758348626488","-101.29027534098607","2026-01-12"
"MEX.11.42_1","Valle de Santiago","GADM2","3.6","MX","All","0.3033878279659336","20.3758348626488","-101.29027534098607","2026-01-12"
"MEX.11.42_1","Valle de Santiago","GADM2","3.6","MX","Restaurants","0.20293857098162293","20.3758348626488","-101.29027534098607","2026-01-12"
"MEX.11.42_1","Valle de Santiago","GADM2","3.6","MX","Professional Services","0.5934106418035974","20.3758348626488","-101.29027534098607","2026-01-12"
"MEX.11.42_1","Valle de Santiago","GADM2","3.6","MX","Grocery & Convenience Stores","0.5081190503709434","20.3758348626488","-101.29027534098607","2026-01-12"
"MEX.11.42_1","Valle de Santiago","GADM2","3.6","MX","Local Events","0.5023380043729897","20.3758348626488","-101.29027534098607","2026-01-12"
"MEX.11.42_1","Valle de Santiago","GADM2","3.6","MX","Retail","0.28076167844485017","20.3758348626488","-101.29027534098607","2026-01-12"
"MEX.11.42_1","Valle de Santiago","GADM2","3.6","MX","Public Good","0.4477593255760767","20.3758348626488","-101.29027534098607","2026-01-12"
"MEX.11.42_1","Valle de Santiago","GADM2","3.6","MX","Home Services","0.36193656417573905","20.3758348626488","-101.29027534098607","2026-01-12"
"MEX.11.42_1","Valle de Santiago","GADM2","3.6","MX","Lifestyle Services","0.2592667789258988","20.3758348626488","-101.29027534098607","2026-01-12"
"MEX.11.42_1","Valle de Santiago","GADM2","3.6","MX","","0.4870041610662703","20.3758348626488","-101.29027534098607","2026-01-12"
"MEX.11.42_1","Valle de Santiago","GADM2","3.6","MX","Travel","0.5776895656699509","20.3758348626488","-101.29027534098607","2026-01-12"
"MEX.15.115_1","Villa Victoria","GADM2","3.6","MX","Retail","0.36395512591522994","19.423611535741877","-99.9806289623987","2026-01-12"
"MEX.15.115_1","Villa Victoria","GADM2","3.6","MX","Home Services","0.36266532419976416","19.423611535741877","-99.9806289623987","2026-01-12"
"MEX.15.115_1","Villa Victoria","GADM2","3.6","MX","Public Good","0.34427269920811243","19.423611535741877","-99.9806289623987","2026-01-12"
"MEX.15.115_1","Villa Victoria","GADM2","3.6","MX","Lifestyle Services","0.18886518507033645","19.423611535741877","-99.9806289623987","2026-01-12"
"MEX.15.115_1","Villa Victoria","GADM2","3.6","MX","Restaurants","0.47032485428022264","19.423611535741877","-99.9806289623987","2026-01-12"
"MEX.15.115_1","Villa Victoria","GADM2","3.6","MX","Business & Utility Services","0.5885149610849721","19.423611535741877","-99.9806289623987","2026-01-12"
"MEX.15.115_1","Villa Victoria","GADM2","3.6","MX","Professional Services","0.4111700119536575","19.423611535741877","-99.9806289623987","2026-01-12"
"MEX.15.115_1","Villa Victoria","GADM2","3.6","MX","All","0.2783665429603566","19.423611535741877","-99.9806289623987","2026-01-12"
"MEX.32.20_1","Jerez","GADM2","3.6","MX","Restaurants","0.3206846462578324","22.67671804028851","-102.99673973651107","2026-01-12"
"MEX.32.20_1","Jerez","GADM2","3.6","MX","Travel","0.6408905672970792","22.67671804028851","-102.99673973651107","2026-01-12"
"MEX.32.20_1","Jerez","GADM2","3.6","MX","Local Events","0.6483787346357701","22.67671804028851","-102.99673973651107","2026-01-12"
"MEX.32.20_1","Jerez","GADM2","3.6","MX","Professional Services","0.21410789909009556","22.67671804028851","-102.99673973651107","2026-01-12"
"MEX.32.20_1","Jerez","GADM2","3.6","MX","Lifestyle Services","0.3479694285124501","22.67671804028851","-102.99673973651107","2026-01-12"
"MEX.32.20_1","Jerez","GADM2","3.6","MX","Retail","0.2713410675224483","22.67671804028851","-102.99673973651107","2026-01-12"
"MEX.32.20_1","Jerez","GADM2","3.6","MX","All","0.28742850375037626","22.67671804028851","-102.99673973651107","2026-01-12"
"MEX.32.20_1","Jerez","GADM2","3.6","MX","Grocery & Convenience Stores","0.21806157074498342","22.67671804028851","-102.99673973651107","2026-01-12"
"MEX.32.20_1","Jerez","GADM2","3.6","MX","Business & Utility Services","0.43921043304775037","22.67671804028851","-102.99673973651107","2026-01-12"
"MEX.32.20_1","Jerez","GADM2","3.6","MX","Public Good","0.46758655644270164","22.67671804028851","-102.99673973651107","2026-01-12"
"MEX.32.20_1","Jerez","GADM2","3.6","MX","Home Services","0.6420386248650136","22.67671804028851","-102.99673973651107","2026-01-12"
"MEX.32.20_1","Jerez","GADM2","3.6","MX","","0.5774523028486627","22.67671804028851","-102.99673973651107","2026-01-12"
"MEX.15.110_1","Tultitlán","GADM2","3.6","MX","Public Good","0.27687897956755436","19.53449083140662","-99.13711521537311","2026-01-12"
"MEX.15.110_1","Tultitlán","GADM2","3.6","MX","","0.5079332618971886","19.53449083140662","-99.13711521537311","2026-01-12"
"MEX.15.110_1","Tultitlán","GADM2","3.6","MX","Local Events","0.3806873583723363","19.53449083140662","-99.13711521537311","2026-01-12"
"MEX.15.110_1","Tultitlán","GADM2","3.6","MX","Restaurants","0.3982773442274835","19.53449083140662","-99.13711521537311","2026-01-12"
"MEX.15.110_1","Tultitlán","GADM2","3.6","MX","Grocery & Convenience Stores","0.41383122913914544","19.53449083140662","-99.13711521537311","2026-01-12"
"MEX.15.110_1","Tultitlán","GADM2","3.6","MX","Lifestyle Services","0.37265510321205336","19.53449083140662","-99.13711521537311","2026-01-12"
"MEX.15.110_1","Tultitlán","GADM2","3.6","MX","Business & Utility Services","0.48507819825244664","19.53449083140662","-99.13711521537311","2026-01-12"
"MEX.15.110_1","Tultitlán","GADM2","3.6","MX","All","0.4302801640414438","19.53449083140662","-99.13711521537311","2026-01-12"
"MEX.15.110_1","Tultitlán","GADM2","3.6","MX","Manufacturing","0.4236869067987983","19.53449083140662","-99.13711521537311","2026-01-12"
"MEX.15.110_1","Tultitlán","GADM2","3.6","MX","Professional Services","0.42351389776254195","19.53449083140662","-99.13711521537311","2026-01-12"
"MEX.15.110_1","Tultitlán","GADM2","3.6","MX","Retail","0.4276203649029776","19.53449083140662","-99.13711521537311","2026-01-12"
"MEX.15.110_1","Tultitlán","GADM2","3.6","MX","Travel","0.4773095027359083","19.53449083140662","-99.13711521537311","2026-01-12"
"MEX.15.110_1","Tultitlán","GADM2","3.6","MX","Home Services","0.46974785502806676","19.53449083140662","-99.13711521537311","2026-01-12"
"MEX.15.27_1","Coacalco de Berriozábal","GADM2","3.6","MX","Retail","0.6214390027149214","19.57331268543774","-99.0451816744085","2026-01-12"
"MEX.15.27_1","Coacalco de Berriozábal","GADM2","3.6","MX","Lifestyle Services","0.29111987965580105","19.57331268543774","-99.0451816744085","2026-01-12"
"MEX.15.27_1","Coacalco de Berriozábal","GADM2","3.6","MX","Grocery & Convenience Stores","0.44911112672701764","19.57331268543774","-99.0451816744085","2026-01-12"
"MEX.15.27_1","Coacalco de Berriozábal","GADM2","3.6","MX","Business & Utility Services","0.32674768268590343","19.57331268543774","-99.0451816744085","2026-01-12"
"MEX.15.27_1","Coacalco de Berriozábal","GADM2","3.6","MX","Professional Services","0.5411760903078333","19.57331268543774","-99.0451816744085","2026-01-12"
"MEX.15.27_1","Coacalco de Berriozábal","GADM2","3.6","MX","Manufacturing","0.5389772580452986","19.57331268543774","-99.0451816744085","2026-01-12"
"MEX.15.27_1","Coacalco de Berriozábal","GADM2","3.6","MX","Home Services","0.33741294916818587","19.57331268543774","-99.0451816744085","2026-01-12"
"MEX.15.27_1","Coacalco de Berriozábal","GADM2","3.6","MX","","0.4972568053476758","19.57331268543774","-99.0451816744085","2026-01-12"
"MEX.15.27_1","Coacalco de Berriozábal","GADM2","3.6","MX","Local Events","0.4343085156344661","19.57331268543774","-99.0451816744085","2026-01-12"
"MEX.15.27_1","Coacalco de Berriozábal","GADM2","3.6","MX","Public Good","0.5330167187679301","19.57331268543774","-99.0451816744085","2026-01-12"
"MEX.15.27_1","Coacalco de Berriozábal","GADM2","3.6","MX","Restaurants","0.45370452506837694","19.57331268543774","-99.0451816744085","2026-01-12"
"MEX.15.27_1","Coacalco de Berriozábal","GADM2","3.6","MX","Travel","0.685349583994137","19.57331268543774","-99.0451816744085","2026-01-12"
"MEX.15.27_1","Coacalco de Berriozábal","GADM2","3.6","MX","All","0.4757446829350181","19.57331268543774","-99.0451816744085","2026-01-12"
"MEX.30.102_1","Manlio Fabio Altamirano","GADM2","3.6","MX","Lifestyle Services","0.2411275949072455","19.151237645657773","-96.30698785230474","2026-01-12"
"MEX.30.102_1","Manlio Fabio Altamirano","GADM2","3.6","MX","Public Good","0.3797559805905896","19.151237645657773","-96.30698785230474","2026-01-12"
"MEX.30.102_1","Manlio Fabio Altamirano","GADM2","3.6","MX","Business & Utility Services","0.45569499464308966","19.151237645657773","-96.30698785230474","2026-01-12"
"MEX.30.102_1","Manlio Fabio Altamirano","GADM2","3.6","MX","All","0.418110044231356","19.151237645657773","-96.30698785230474","2026-01-12"
"MEX.30.102_1","Manlio Fabio Altamirano","GADM2","3.6","MX","Grocery & Convenience Stores","0.5313444122215151","19.151237645657773","-96.30698785230474","2026-01-12"
"MEX.30.102_1","Manlio Fabio Altamirano","GADM2","3.6","MX","Restaurants","0.3049804452112826","19.151237645657773","-96.30698785230474","2026-01-12"
"MEX.30.102_1","Manlio Fabio Altamirano","GADM2","3.6","MX","Retail","0.38881810922926874","19.151237645657773","-96.30698785230474","2026-01-12"
"MEX.30.102_1","Manlio Fabio Altamirano","GADM2","3.6","MX","","0.6556262662096204","19.151237645657773","-96.30698785230474","2026-01-12"
"MEX.30.102_1","Manlio Fabio Altamirano","GADM2","3.6","MX","Local Events","0.6424365205177536","19.151237645657773","-96.30698785230474","2026-01-12"
"MEX.30.102_1","Manlio Fabio Altamirano","GADM2","3.6","MX","Home Services","0.59903784468819","19.151237645657773","-96.30698785230474","2026-01-12"
"MEX.30.102_1","Manlio Fabio Altamirano","GADM2","3.6","MX","Professional Services","0.43724540479381097","19.151237645657773","-96.30698785230474","2026-01-12"
"MEX.21.178_1","Tlaltenango","GADM2","3.6","MX","All","0.5611351078702745","19.199443110093167","-98.27157605644612","2026-01-12"
"MEX.30.25_1","Boca del Río","GADM2","3.6","MX","","0.36403472209545074","19.07923728913489","-96.0702772501789","2026-01-12"
"MEX.30.25_1","Boca del Río","GADM2","3.6","MX","Retail","0.4726794067298448","19.07923728913489","-96.0702772501789","2026-01-12"
"MEX.30.25_1","Boca del Río","GADM2","3.6","MX","Restaurants","0.3849103815662696","19.07923728913489","-96.0702772501789","2026-01-12"
"MEX.30.25_1","Boca del Río","GADM2","3.6","MX","Lifestyle Services","0.44147676545743625","19.07923728913489","-96.0702772501789","2026-01-12"
"MEX.30.25_1","Boca del Río","GADM2","3.6","MX","All","0.4634395621244471","19.07923728913489","-96.0702772501789","2026-01-12"
"MEX.30.25_1","Boca del Río","GADM2","3.6","MX","Travel","0.5225352350196529","19.07923728913489","-96.0702772501789","2026-01-12"
"MEX.30.25_1","Boca del Río","GADM2","3.6","MX","Grocery & Convenience Stores","0.6879010228112288","19.07923728913489","-96.0702772501789","2026-01-12"
"MEX.30.25_1","Boca del Río","GADM2","3.6","MX","Manufacturing","0.4334550471718529","19.07923728913489","-96.0702772501789","2026-01-12"
"MEX.30.25_1","Boca del Río","GADM2","3.6","MX","Home Services","0.5048943303167593","19.07923728913489","-96.0702772501789","2026-01-12"
"MEX.30.25_1","Boca del Río","GADM2","3.6","MX","Local Events","0.4104137143722713","19.07923728913489","-96.0702772501789","2026-01-12"
"MEX.30.25_1","Boca del Río","GADM2","3.6","MX","Public Good","0.4187673539175103","19.07923728913489","-96.0702772501789","2026-01-12"
"MEX.30.25_1","Boca del Río","GADM2","3.6","MX","Business & Utility Services","0.6012736844033201","19.07923728913489","-96.0702772501789","2026-01-12"
"MEX.30.25_1","Boca del Río","GADM2","3.6","MX","Professional Services","0.4065219395295799","19.07923728913489","-96.0702772501789","2026-01-12"
"MEX.20.15_1","Dist. Nochixtlan","GADM2","3.6","MX","Business & Utility Services","0.30562637021721145","17.37647269518004","-97.18900316836142","2026-01-12"
"MEX.20.15_1","Dist. Nochixtlan","GADM2","3.6","MX","Lifestyle Services","0.572326097948195","17.37647269518004","-97.18900316836142","2026-01-12"
"MEX.20.15_1","Dist. Nochixtlan","GADM2","3.6","MX","Restaurants","0.5779669196223328","17.37647269518004","-97.18900316836142","2026-01-12"
"MEX.20.15_1","Dist. Nochixtlan","GADM2","3.6","MX","Local Events","0.36153604432412445","17.37647269518004","-97.18900316836142","2026-01-12"
"MEX.20.15_1","Dist. Nochixtlan","GADM2","3.6","MX","Public Good","0.5304059277918887","17.37647269518004","-97.18900316836142","2026-01-12"
"MEX.20.15_1","Dist. Nochixtlan","GADM2","3.6","MX","Grocery & Convenience Stores","0.4445662137372234","17.37647269518004","-97.18900316836142","2026-01-12"
"MEX.20.15_1","Dist. Nochixtlan","GADM2","3.6","MX","Professional Services","0.4146845683872912","17.37647269518004","-97.18900316836142","2026-01-12"
"MEX.20.15_1","Dist. Nochixtlan","GADM2","3.6","MX","Home Services","0.4521208328193068","17.37647269518004","-97.18900316836142","2026-01-12"
"MEX.20.15_1","Dist. Nochixtlan","GADM2","3.6","MX","Retail","0.2515550279323227","17.37647269518004","-97.18900316836142","2026-01-12"
"MEX.20.15_1","Dist. Nochixtlan","GADM2","3.6","MX","All","0.40145910742528473","17.37647269518004","-97.18900316836142","2026-01-12"
"MEX.21.197_1","Xochiapulco","GADM2","3.6","MX","Lifestyle Services","0.5785295552130812","19.86019173732999","-97.58853534326107","2026-01-12"
"MEX.21.197_1","Xochiapulco","GADM2","3.6","MX","Local Events","0.18723425826931545","19.86019173732999","-97.58853534326107","2026-01-12"
"MEX.21.197_1","Xochiapulco","GADM2","3.6","MX","Retail","0.3508138800255544","19.86019173732999","-97.58853534326107","2026-01-12"
"MEX.21.197_1","Xochiapulco","GADM2","3.6","MX","Business & Utility Services","0.7622008487699169","19.86019173732999","-97.58853534326107","2026-01-12"
"MEX.21.197_1","Xochiapulco","GADM2","3.6","MX","Restaurants","0.42465340794105016","19.86019173732999","-97.58853534326107","2026-01-12"
"MEX.21.197_1","Xochiapulco","GADM2","3.6","MX","Grocery & Convenience Stores","0.4579596286842723","19.86019173732999","-97.58853534326107","2026-01-12"
"MEX.21.197_1","Xochiapulco","GADM2","3.6","MX","Home Services","0.4088391453562159","19.86019173732999","-97.58853534326107","2026-01-12"
"MEX.21.197_1","Xochiapulco","GADM2","3.6","MX","Professional Services","0.7598258529820586","19.86019173732999","-97.58853534326107","2026-01-12"
"MEX.21.197_1","Xochiapulco","GADM2","3.6","MX","Public Good","0.2272054247336082","19.86019173732999","-97.58853534326107","2026-01-12"
