window_start_pt,hours_since_quake,r_bin_km,n_tiles,n_tiles_crisis,n_tiles_overlap,baseline_sum,crisis_sum,baseline_sum_overlap,crisis_sum_overlap,phi_aggregate,phi_overlap,tile_overlap_ratio
2024-09-25 08:00:00,24.0,80.0,23,20,20,13509.962996869399,13159.163905317426,13163.432210472472,13159.163905317426,0.9740340449760475,0.9996757452701697,0.8695652173913043
2024-09-25 08:00:00,24.0,90.0,79,68,65,18646.206179450983,20577.046462720766,18221.37428327574,20536.61213191172,1.1035513747240262,1.1270616481853946,0.8227848101265823
2024-09-25 08:00:00,24.0,100.0,38,37,35,1708.1828218882586,1730.6111059458538,1550.2012042128572,1708.473904910074,1.0131299084443446,1.102098166526443,0.9210526315789473
2024-09-25 08:00:00,24.0,110.0,49,49,43,17991.5182349817,19781.662723425758,17814.458667265062,19715.23667865572,1.0994993565892288,1.1066986118912179,0.8775510204081632
2024-09-25 08:00:00,24.0,120.0,64,60,56,25423.954531474832,26668.191188507375,25051.21990737247,26602.29985962574,1.048939540679723,1.061916344113717,0.875
2024-09-25 08:00:00,24.0,130.0,45,45,40,3539.1416866182226,3939.1588407193053,3427.8135308575024,3877.3249537143242,1.113026600662409,1.1311364865125473,0.8888888888888888
2024-09-25 08:00:00,24.0,140.0,24,24,22,3833.0863209777444,4197.9855442972585,3746.488086861742,4171.732094803235,1.095197236055575,1.1135047004240444,0.9166666666666666
2024-09-25 08:00:00,24.0,150.0,52,49,44,4297.775676934654,4679.94005857897,4164.330806667155,4618.453671019406,1.0889214352659957,1.1090506219211003,0.8461538461538461
2024-09-25 08:00:00,24.0,160.0,47,44,38,6904.597688206731,7309.72666761524,6390.9712988671845,7236.909566179868,1.0586752476687356,1.1323645855619204,0.8085106382978723
2024-09-25 08:00:00,24.0,170.0,38,36,33,1235.918791439219,1260.4091771827748,1162.5946568793106,1228.1918353025653,1.019815529882054,1.0564230860989277,0.868421052631579
2024-09-25 08:00:00,24.0,180.0,77,84,73,2323.3174006180943,2502.319061536703,2277.4289516209196,2367.1978676134477,1.0770457195693481,1.0394167800179392,0.948051948051948
2024-09-25 08:00:00,24.0,190.0,122,132,116,7839.118608896853,8428.991946453989,7762.346920112036,8213.216824148618,1.0752474056059913,1.058084224871268,0.9508196721311475
2024-09-25 08:00:00,24.0,200.0,151,154,142,19414.449640966668,21339.34071272093,19258.949908702707,21191.128243896164,1.0991473416631148,1.1003262558110891,0.9403973509933775
2024-09-25 08:00:00,24.0,210.0,191,182,168,63915.25435487821,62601.71490554166,62723.536769159895,61846.6209584742,0.9794487331296007,0.9860193500581291,0.8795811518324608
2024-09-25 08:00:00,24.0,220.0,249,242,224,85283.16949382394,93841.22356656028,84829.94393307861,93618.56723494786,1.100348686892507,1.1036028422794018,0.8995983935742972
2024-09-25 08:00:00,24.0,230.0,228,229,210,22519.911746243375,21771.03425066152,21646.34910661239,21519.75787989469,0.9667459844416674,0.9941518439855971,0.9210526315789473
2024-09-25 08:00:00,24.0,240.0,286,284,252,30927.31590749525,32190.4671849441,30325.521929210383,31720.677830942608,1.0408425768736926,1.0460059980167522,0.8811188811188811
2024-09-25 08:00:00,24.0,250.0,344,333,302,22869.723607630982,24204.13431977013,21955.106107850173,23699.691433112792,1.058348353265358,1.079461484571866,0.877906976744186
2024-09-25 08:00:00,24.0,260.0,426,407,388,85423.16624095877,94466.65547637848,84203.81743790285,94159.3729042737,1.1058669402385548,1.118231640432605,0.9107981220657277
2024-09-25 08:00:00,24.0,270.0,378,353,325,81875.39531718267,84492.23012529698,80102.15043526771,83999.09579363493,1.0319611868495628,1.048649697132868,0.8597883597883598
2024-09-25 08:00:00,24.0,280.0,388,346,322,36398.62190026753,36294.77987460118,34810.09101518216,35953.67059117794,0.9971470890862058,1.0328519559313136,0.8298969072164949
2024-09-25 08:00:00,24.0,290.0,527,477,447,62244.6191981132,61408.609499960534,60243.82288459243,60855.079411122555,0.9865689643711724,1.010146376794532,0.8481973434535104
2024-09-25 08:00:00,24.0,300.0,546,512,477,84939.00163924159,87233.89916552785,82621.60052108986,86389.40372742663,1.0270181834257166,1.0456031253639901,0.8736263736263736
2024-09-25 08:00:00,24.0,310.0,619,611,568,215412.3071785789,233858.56763460144,214250.6065147623,233025.69355215778,1.0856323424488945,1.0876314300473255,0.9176090468497576
2024-09-25 08:00:00,24.0,320.0,673,644,598,179210.86882264423,187805.61164594901,176947.75182009168,186865.43419971678,1.0479588257105688,1.0560486486977734,0.888558692421991
2024-09-25 08:00:00,24.0,330.0,706,670,633,89556.23291374856,89703.13850944085,87305.90967309855,88946.85042317014,1.001640372656516,1.0187952998395617,0.896600566572238
2024-09-25 08:00:00,24.0,340.0,813,749,723,197414.0387762749,204435.68225703103,194688.49345962936,203711.57491831976,1.035568106119918,1.046346249325523,0.8892988929889298
2024-09-25 08:00:00,24.0,350.0,864,848,802,404087.09084565804,424233.4827014358,401866.2709667884,423392.01272783126,1.0498565589254933,1.0535644400045254,0.9282407407407407
2024-09-25 08:00:00,24.0,360.0,966,935,900,400980.4836503868,420305.6991874897,399495.0475537884,419773.1183026545,1.0481949030565598,1.0507592543963535,0.9316770186335404
2024-09-25 08:00:00,24.0,370.0,975,949,905,196440.40975952725,203305.58969630173,195068.9811773039,202337.7168386496,1.0349479007154307,1.037262385938946,0.9282051282051282
2024-09-25 08:00:00,24.0,380.0,1036,1013,964,355615.81979336985,368187.12951387896,353271.70511921146,367071.7764106627,1.0353508168669596,1.0390636189977185,0.9305019305019305
2024-09-25 08:00:00,24.0,390.0,1001,1003,953,995745.3810376185,1060970.8956849584,993925.2379902392,1059944.6406048867,1.0655042101017547,1.0664229059603534,0.952047952047952
2024-09-25 08:00:00,24.0,400.0,923,892,859,1756605.30595128,1863861.6676228542,1754873.9160956766,1862919.542891457,1.0610588851736902,1.0615688829862862,0.9306608884073673
2024-09-25 08:00:00,24.0,410.0,832,828,786,1319101.3216355923,1377104.0372941084,1316264.6844066293,1376483.576051671,1.0439713877222083,1.045749834633137,0.9447115384615384
2024-09-25 08:00:00,24.0,420.0,757,749,715,717210.9733944612,748155.0357918573,711364.4748275231,747668.3646235475,1.0431449929592433,1.0510341619249775,0.9445178335535006
2024-09-25 08:00:00,24.0,430.0,676,662,630,369415.4717952725,385023.29272877425,367894.7305343037,384416.0472790363,1.0422500466958013,1.0449077286884165,0.9319526627218935
2024-09-25 08:00:00,24.0,440.0,673,639,621,236615.83020246553,244799.6684867901,234917.78857732753,244500.11170819655,1.0345870277458693,1.040790112953557,0.9227340267459139
2024-09-25 08:00:00,24.0,450.0,611,600,568,448910.8653982853,484513.7705462058,447873.6231745546,483904.97308537696,1.0793095197558489,1.0804498145155994,0.9296235679214403
2024-09-25 08:00:00,24.0,460.0,601,595,558,260487.64752735716,274994.3997880218,259629.3677208804,274266.19395812013,1.055690749248066,1.056375849795911,0.9284525790349417
2024-09-25 08:00:00,24.0,470.0,573,550,521,143731.6540577087,148672.3965459486,142206.0513375256,147939.4526489469,1.0343747695706345,1.040317562139554,0.9092495636998255
2024-09-25 08:00:00,24.0,480.0,542,525,514,235830.2062191178,248682.22041369887,235045.1395218377,248508.1933164564,1.0544968958838117,1.0572785883682052,0.948339483394834
2024-09-25 08:00:00,24.0,490.0,555,536,514,76063.26906902109,78427.32254610234,74909.36952904904,78122.01452856387,1.0310800930069948,1.0428870916911002,0.9261261261261261
2024-09-26 08:00:00,48.0,30.0,2,4,2,33.982604852439444,60.66770847010043,33.982604852439444,37.897594127511034,1.7852577438820258,1.1152056851460153,1.0
2024-09-26 08:00:00,48.0,40.0,22,21,19,1398.214012287347,1519.8615030629358,1333.0524667485747,1496.7521469097453,1.0870020538390863,1.1228006280656362,0.8636363636363636
2024-09-26 08:00:00,48.0,50.0,35,30,30,18619.39693403231,21703.992531204338,18226.44553224375,21703.992531204338,1.1656657091580684,1.1907967734470544,0.8571428571428571
2024-09-26 08:00:00,48.0,60.0,36,35,33,22663.64656480338,24856.732282296765,22553.464001115703,24829.652740530804,1.0967666748253675,1.1009241302933555,0.9166666666666666
2024-09-26 08:00:00,48.0,70.0,8,7,7,416.1374826226652,542.7253134236336,402.5882723638189,542.7253134236336,1.304197136973005,1.3480902218959148,0.875
2024-09-26 08:00:00,48.0,80.0,18,13,12,2064.937842599557,2145.548604749153,1839.603990574506,2020.3098382215603,1.0390378637490196,1.0982308412967836,0.6666666666666666
2024-09-26 08:00:00,48.0,90.0,20,22,19,1001.8609186644595,1107.539863337215,987.2835270622501,1073.8821588456535,1.1054826500405184,1.0877140450637168,0.95
2024-09-26 08:00:00,48.0,100.0,33,33,32,1560.6833818266678,1650.5202261259872,1549.592066104635,1635.2054887853906,1.0575625045703836,1.0552490068537654,0.9696969696969697
2024-09-26 08:00:00,48.0,110.0,46,44,40,12855.38810060354,13981.49313843882,12396.660577068587,13937.979116102122,1.0875979028421872,1.1243333661877195,0.8695652173913043
2024-09-26 08:00:00,48.0,120.0,70,67,60,16205.566449255151,17245.92196064794,15845.649602423477,17150.17446036567,1.0641974172671147,1.082327003983647,0.8571428571428571
2024-09-26 08:00:00,48.0,130.0,70,63,56,4514.932915920957,4746.836603562584,4260.609149645712,4640.956048866903,1.0513637061635772,1.0892705446245448,0.8
2024-09-26 08:00:00,48.0,140.0,101,102,88,3840.51145685191,4388.572062750653,3572.2747519152035,4175.74582293411,1.142705108956501,1.1689318747656148,0.8712871287128713
2024-09-26 08:00:00,48.0,150.0,184,162,156,27324.87982319492,29841.80254859893,26468.01879835328,29772.591688227614,1.0921110263499678,1.124851539325638,0.8478260869565217
2024-09-26 08:00:00,48.0,160.0,151,153,141,18451.451437295567,20200.09900882839,18195.677494826356,20047.642263327558,1.094770190706966,1.101780478854265,0.9337748344370861
2024-09-26 08:00:00,48.0,170.0,185,180,168,7975.139744616417,8566.501072135696,7678.113649208653,8414.628966694501,1.074150591269385,1.095923992680384,0.9081081081081082
2024-09-26 08:00:00,48.0,180.0,189,203,179,22421.73504263366,24338.13811039395,22232.680472274544,24021.01586300374,1.0854707748582506,1.0804372371095494,0.9470899470899471
2024-09-26 08:00:00,48.0,190.0,255,274,238,33173.19329235906,36348.13832008946,32663.685515422432,35821.38637822345,1.0957081520536556,1.0966731344909038,0.9333333333333333
2024-09-26 08:00:00,48.0,200.0,360,346,327,140980.8282469126,151462.96013228496,139933.57544555553,151185.5790043504,1.0743514704496844,1.0804096052213912,0.9083333333333333
2024-09-26 08:00:00,48.0,210.0,357,338,317,42582.95193294417,44291.719290576315,41373.043390297564,43881.197761508934,1.040127968589941,1.0606229120625814,0.8879551820728291
2024-09-26 08:00:00,48.0,220.0,377,339,325,64525.60349028831,68218.77476344863,62955.593662759726,67940.47119539484,1.057235749429545,1.0791808518133923,0.8620689655172413
2024-09-26 08:00:00,48.0,230.0,392,385,351,87429.91617298976,91989.6487439172,86118.06965836938,91339.4924463568,1.0521530017471996,1.0606309780131025,0.8954081632653061
2024-09-26 08:00:00,48.0,240.0,448,440,405,36380.337351448514,38253.12033821916,35133.516118155036,37525.76746576027,1.0514778895170438,1.0680902913206871,0.9040178571428571
2024-09-26 08:00:00,48.0,250.0,433,410,382,78453.59344583105,82652.58503937855,77230.3725537703,82177.78885490271,1.0535219791614354,1.0640605002609285,0.8822170900692841
2024-09-26 08:00:00,48.0,260.0,452,437,414,95439.34842901252,101035.99199749301,94576.50911413004,100551.27761629774,1.0586408400791132,1.063173916632487,0.915929203539823
2024-09-26 08:00:00,48.0,270.0,481,475,433,168033.89412584805,188128.1211586013,166969.1468755381,187384.3859428835,1.1195843680067534,1.1222695297267302,0.9002079002079002
2024-09-26 08:00:00,48.0,280.0,493,494,448,64350.1919344402,67116.11581906516,63533.26080963171,66420.46657798758,1.0429823719475908,1.0454440041572393,0.9087221095334685
2024-09-26 08:00:00,48.0,290.0,653,632,595,93261.7938949409,98443.42903522315,91820.07136950012,97811.2985972795,1.055560105846981,1.0652496468192627,0.9111791730474732
2024-09-26 08:00:00,48.0,300.0,739,702,665,93151.16459467777,99133.92520702482,91498.96918089635,98441.80852885998,1.0642263640865837,1.0758788804957728,0.8998646820027063
2024-09-26 08:00:00,48.0,310.0,753,708,686,227558.56663506466,242687.00200281158,225025.46105372644,242279.55177948918,1.0664815022851166,1.0766761709762398,0.9110225763612217
2024-09-26 08:00:00,48.0,320.0,648,614,594,85577.71282116509,86328.10794530474,83502.05794054015,85980.51323371856,1.0087685812041716,1.0296813677926748,0.9166666666666666
2024-09-26 08:00:00,48.0,330.0,610,565,544,109607.72798828692,116933.59312028035,107274.79816473395,116590.48632549128,1.0668371224041455,1.0868394843908438,0.8918032786885246
2024-09-26 08:00:00,48.0,340.0,629,576,555,102106.58722213034,110935.52646048009,98433.8576207122,109132.77541741934,1.086467871256363,1.1086914406822548,0.8823529411764706
2024-09-26 08:00:00,48.0,350.0,533,492,477,91313.66522005129,97016.94554786815,89683.55567650263,96692.07525532192,1.0624581251236918,1.0781472091059783,0.8949343339587242
2024-09-26 08:00:00,48.0,360.0,564,529,512,260441.12785610725,279525.36512283434,258774.7182866049,279244.7622391597,1.0732765881634143,1.079103724228127,0.9078014184397163
2024-09-26 08:00:00,48.0,370.0,586,572,550,265464.3112886461,283788.63788383163,264492.04247275204,283371.9496148685,1.0690274579894887,1.0713817586555991,0.9385665529010239
2024-09-26 08:00:00,48.0,380.0,566,543,526,198002.47745663644,210319.54380375147,196785.11019269397,210089.76056475102,1.0622066274388537,1.067610046100688,0.9293286219081273
2024-09-26 08:00:00,48.0,390.0,440,407,393,182947.14502548106,194065.92486948826,181054.098420333,193825.4892511795,1.060775913406348,1.0705390871693863,0.8931818181818182
2024-09-26 08:00:00,48.0,400.0,498,454,447,361497.4761161829,389882.911733698,359706.6643121637,389755.7215788226,1.0785218085682904,1.0835376717974328,0.8975903614457831
2024-09-26 08:00:00,48.0,410.0,496,458,451,1524710.7685106322,1655302.535275356,1523097.081026712,1655189.1527901895,1.0856501898338977,1.0867259700047713,0.9092741935483871
2024-09-26 08:00:00,48.0,420.0,558,496,480,1623811.3380387947,1744003.0094824727,1621397.933028677,1743705.5207827562,1.0740182486894339,1.0754334178319913,0.8602150537634409
2024-09-26 08:00:00,48.0,430.0,558,497,484,1122862.2758204038,1190070.0591120084,1117464.6257391672,1189872.2111741793,1.0598539863159087,1.0647963110126344,0.8673835125448028
2024-09-26 08:00:00,48.0,440.0,465,431,425,517689.7022814641,547814.767625984,514464.2317257124,547646.2702323191,1.0581913551916493,1.0644982419774864,0.9139784946236559
2024-09-26 08:00:00,48.0,450.0,398,372,361,188810.5096485233,200248.264244337,186879.8205849849,200113.43673145553,1.0605779552054886,1.0708135105494312,0.907035175879397
2024-09-26 08:00:00,48.0,460.0,413,400,377,91651.03263026926,96766.3189324924,90677.64204792475,96154.64214439443,1.0558126423175045,1.0604007776644102,0.9128329297820823
2024-09-26 08:00:00,48.0,470.0,448,440,414,82273.24836041359,86421.33400896568,81451.709777336,85809.95234594023,1.0504184012569993,1.0535070728474372,0.9241071428571429
2024-09-26 08:00:00,48.0,480.0,478,480,456,220051.49281694563,233921.2493692948,219470.83241982467,233507.6430461934,1.0630295953678761,1.0639575221527287,0.9539748953974896
2024-09-26 08:00:00,48.0,490.0,481,482,459,499362.7177871847,548058.7704714197,498567.34048114007,547771.6218257346,1.0975163962981072,1.0986913448785278,0.9542619542619543
2024-09-27 08:00:00,72.0,0.0,4,6,4,67.96962108585589,107.98236120230914,67.96962108585589,83.97187183026247,1.5886856433392664,1.2354323959551476,1.0
2024-09-27 08:00:00,72.0,10.0,32,32,30,1273.033724140859,1387.081688770148,1227.273930098348,1360.0331964167826,1.0895875438855773,1.1081741109809087,0.9375
2024-09-27 08:00:00,72.0,20.0,12,12,10,363.3988647834629,350.6058286571971,335.1152297256668,329.5233665758264,0.9647961582546805,0.9833136108006252,0.8333333333333334
2024-09-27 08:00:00,72.0,30.0,33,31,30,2053.013632795922,2513.7023127831685,1998.551335308184,2436.873066383665,1.2243963082504483,1.2193197259093123,0.9090909090909091
2024-09-27 08:00:00,72.0,40.0,33,34,31,3296.3027601174663,3578.893242082656,3267.679478564335,3521.0367962988535,1.085729528665965,1.0775343234844537,0.9393939393939394
2024-09-27 08:00:00,72.0,50.0,29,33,26,688.2103675349503,792.0754856740912,640.4301575113492,705.634532729561,1.1509205949790726,1.1018134053392954,0.896551724137931
2024-09-27 08:00:00,72.0,60.0,49,48,44,11890.372104661259,12876.659552686475,11773.358058544849,12833.162738597293,1.0829484089601007,1.0900171960100424,0.8979591836734694
2024-09-27 08:00:00,72.0,70.0,59,59,50,8202.503512820205,9126.819920773405,7977.783120682489,8995.398532794603,1.112687109064754,1.127556164001743,0.847457627118644
2024-09-27 08:00:00,72.0,80.0,86,85,74,7759.051566358333,8635.86285264212,7537.878812973374,8485.503257471903,1.113004956699278,1.1257150012636952,0.8604651162790697
2024-09-27 08:00:00,72.0,90.0,117,118,109,70458.31619409888,77628.81784823288,69957.39450779192,77515.53551359911,1.1017694154708533,1.1080392009877578,0.9316239316239316
2024-09-27 08:00:00,72.0,100.0,121,114,111,14645.946364426198,16452.349478842836,14438.079574419704,16332.0378028481,1.1233380943415334,1.1311779879495862,0.9173553719008265
2024-09-27 08:00:00,72.0,110.0,145,145,128,41145.51013510641,44193.201253895764,40813.522786824295,43922.97205272616,1.0740710495211234,1.0761867404130496,0.8827586206896552
2024-09-27 08:00:00,72.0,120.0,204,200,183,30173.32055895855,33997.89768098151,29496.084873708074,33770.266681348236,1.1267536038849204,1.1449067503684205,0.8970588235294118
2024-09-27 08:00:00,72.0,130.0,208,202,188,60135.001366180506,69146.53646139339,59377.029258859446,68958.97622117787,1.1498550742576503,1.161374644065554,0.9038461538461539
2024-09-27 08:00:00,72.0,140.0,247,232,217,47443.2889168025,50978.935854044495,46650.643001233715,50530.38848101806,1.0745236474529027,1.0831659593562675,0.8785425101214575
2024-09-27 08:00:00,72.0,150.0,227,229,209,26305.81688694331,29102.15317392648,25803.05594434605,28729.917758519307,1.1063010625749132,1.1134308207712345,0.920704845814978
2024-09-27 08:00:00,72.0,160.0,273,264,244,33822.02963553,36178.7028475316,33012.65928200469,35849.358594912,1.069678645468571,1.0859276221486829,0.8937728937728938
2024-09-27 08:00:00,72.0,170.0,354,334,311,46312.590074462074,50050.35848497682,45220.00780641382,49661.117822289234,1.0807073930545692,1.0982111731357442,0.8785310734463276
2024-09-27 08:00:00,72.0,180.0,323,321,291,71994.69494359299,78847.9146562045,71146.2837877888,78342.43818835806,1.0951906208920108,1.1011458929047309,0.9009287925696594
2024-09-27 08:00:00,72.0,190.0,350,347,321,40733.566601042694,43890.55865941581,40095.69860265187,43408.46415300634,1.077503452847468,1.08262146977869,0.9171428571428571
2024-09-27 08:00:00,72.0,200.0,394,368,352,69395.5386570834,73998.02445578336,68206.2371094263,73785.64008602258,1.0663225026819527,1.0818019467581095,0.8934010152284264
2024-09-27 08:00:00,72.0,210.0,454,419,392,77971.58943750008,83350.50244779742,76307.79761301364,82751.80973629741,1.068985550366508,1.0844476229803388,0.8634361233480177
2024-09-27 08:00:00,72.0,220.0,505,490,465,128841.68438642452,140920.70666208817,127423.76278920902,140503.54070492933,1.0937508876353712,1.102647870612309,0.9207920792079208
2024-09-27 08:00:00,72.0,230.0,323,309,292,26712.525361881937,28164.032647285407,26032.459001506504,27864.137772687023,1.0543380779518035,1.0703613427788177,0.9040247678018576
2024-09-27 08:00:00,72.0,240.0,273,254,235,21475.573432063175,23252.04292152162,20416.832281199175,22874.478201939935,1.0827204682137226,1.1203735176393588,0.8608058608058609
2024-09-27 08:00:00,72.0,250.0,319,302,285,33920.48909657508,35711.21262270996,33059.905052838265,35455.151265662906,1.0527917955733628,1.0724516966699214,0.8934169278996865
2024-09-27 08:00:00,72.0,260.0,255,247,235,47102.36891881624,51373.35748583061,46604.85037276418,51085.28755293372,1.0906746022556886,1.0961367141903302,0.9215686274509803
2024-09-27 08:00:00,72.0,270.0,231,227,217,163949.2862859529,182583.13556097675,163162.855180621,182426.08267012515,1.1136561780605958,1.1180613532913468,0.9393939393939394
2024-09-27 08:00:00,72.0,280.0,253,246,235,46878.39561043587,50077.59507306076,46400.757584910156,49943.319315009445,1.0682446449151235,1.0763470666102088,0.9288537549407114
2024-09-27 08:00:00,72.0,290.0,270,252,245,28936.757828593763,29866.323638273778,28022.348090899723,29765.364381394662,1.0321240484226422,1.0622009363683904,0.9074074074074074
2024-09-27 08:00:00,72.0,300.0,249,225,220,32512.74154329278,34212.5297518314,31619.836043210955,34120.752194310335,1.0522806791385229,1.0790932675198468,0.8835341365461847
2024-09-27 08:00:00,72.0,310.0,225,206,196,20423.910719831918,20465.771249396614,19661.020187130925,20284.933364706216,1.0020495844375215,1.0317335098401288,0.8711111111111111
2024-09-27 08:00:00,72.0,320.0,280,271,255,28037.29064049558,25747.47527750018,26907.598099533425,25495.1448587562,0.918329649167737,0.9475072715315412,0.9107142857142857
2024-09-27 08:00:00,72.0,330.0,359,336,325,51337.948697593616,52804.39327527008,49882.47840985252,52579.29280420161,1.0285645339340408,1.054063360128001,0.9052924791086351
2024-09-27 08:00:00,72.0,340.0,365,347,331,49163.42584807318,46785.365004754785,47862.60746586946,46399.700753935234,0.9516294724727448,0.9694352901066366,0.9068493150684932
2024-09-27 08:00:00,72.0,350.0,338,312,296,45892.800276758164,46915.424750877726,44414.735240099806,46700.877508838865,1.0222828955294205,1.0514726082769714,0.8757396449704142
2024-09-27 08:00:00,72.0,360.0,347,331,315,23535.58758694338,23797.440295902372,22930.72016484428,23545.81603813721,1.0111258199096018,1.0268240974932812,0.9077809798270894
2024-09-27 08:00:00,72.0,370.0,407,383,372,30787.642158804556,32139.975930871544,29891.446045626333,32001.759884308027,1.0439245644434727,1.0705992555683157,0.914004914004914
2024-09-27 08:00:00,72.0,380.0,391,356,344,22694.534971200123,20451.483158109586,21556.01726412688,20254.083664371763,0.9011633498577072,0.9396023122545104,0.8797953964194374
2024-09-27 08:00:00,72.0,390.0,434,403,399,60998.79984713237,61146.7035932418,59792.67543911936,61055.08471814803,1.002424699280643,1.0211131090849757,0.9193548387096774
2024-09-27 08:00:00,72.0,400.0,494,453,440,198650.96499219266,209747.8398760428,196432.14250509336,209332.95904644678,1.0558611677737697,1.0656756902247753,0.8906882591093117
2024-09-27 08:00:00,72.0,410.0,497,464,453,367381.1095484344,387261.2559441555,365165.20521457266,386996.5527769816,1.0541131426712624,1.0597848514881936,0.9114688128772636
2024-09-27 08:00:00,72.0,420.0,511,453,448,303043.20399468264,282208.9373439774,298268.458442589,282094.9609863207,0.9312498469654815,0.9457753677988,0.8767123287671232
2024-09-27 08:00:00,72.0,430.0,454,397,391,90670.61780335863,75678.30759063113,87514.61372233764,75518.96243951091,0.8346508430631631,0.8629297351310264,0.8612334801762115
2024-09-27 08:00:00,72.0,440.0,459,395,386,268719.5926594767,285188.9812524029,265684.78896058816,284985.0239765373,1.0612883803147035,1.0726433571581402,0.840958605664488
2024-09-27 08:00:00,72.0,450.0,454,393,379,988826.6403897587,1065605.3985749325,986269.3643452519,1065222.1236498524,1.0776463285363251,1.080051923094067,0.8348017621145375
2024-09-27 08:00:00,72.0,460.0,427,368,361,1853152.4987414652,1999483.2744482765,1850560.1683745407,1999131.4826033614,1.0789631591605058,1.0802845088572937,0.8454332552693209
2024-09-27 08:00:00,72.0,470.0,421,379,372,1300989.607408123,1387820.1144536836,1293719.360663176,1387606.106943966,1.0667418913657176,1.0725711843971033,0.8836104513064132
2024-09-27 08:00:00,72.0,480.0,476,420,413,763489.0077644642,812059.4252060147,760048.5467026479,811922.1819372751,1.0636163938807282,1.068250423554749,0.8676470588235294
2024-09-27 08:00:00,72.0,490.0,498,417,413,342943.49717055267,359773.1791956681,339046.0306091479,359269.82079369854,1.04907421241099,1.0596490988206395,0.8293172690763052
2024-09-28 08:00:00,96.0,0.0,17,17,15,708.2246589499771,773.4694340414926,668.9384827216294,751.3400916911982,1.0921244046885465,1.1231826410020713,0.8823529411764706
2024-09-28 08:00:00,96.0,10.0,43,40,38,2658.4980468618232,2979.1007836844856,2507.175326718316,2955.037871257579,1.1205954381652121,1.1786323197131483,0.8837209302325582
2024-09-28 08:00:00,96.0,20.0,24,21,17,1094.064127585491,1218.6915235027454,988.6245007562495,1167.6552417579694,1.1139123318048063,1.181090738561274,0.7083333333333334
2024-09-28 08:00:00,96.0,30.0,27,25,24,865.9614351810492,821.6415429138708,759.7571087864719,810.9983546308104,0.9488200161501277,1.0674442466569136,0.8888888888888888
2024-09-28 08:00:00,96.0,40.0,60,58,56,16034.641881743843,17524.572096549844,15845.799151991487,17483.970227736012,1.0929194568730813,1.1033820421445037,0.9333333333333333
2024-09-28 08:00:00,96.0,50.0,71,74,65,5884.126050664407,6727.343572383179,5793.428996629147,6596.229153527512,1.1433037828317019,1.138570811408143,0.9154929577464789
2024-09-28 08:00:00,96.0,60.0,57,51,46,9323.29614673704,10132.154904811185,9059.376367111883,10059.438121143186,1.086756737675573,1.1103896905819932,0.8070175438596491
2024-09-28 08:00:00,96.0,70.0,91,91,83,66058.42671927418,73373.70151830262,65836.50098472688,73217.852278351,1.1107394644761353,1.112116397184238,0.9120879120879121
2024-09-28 08:00:00,96.0,80.0,110,107,99,21122.93889965459,22947.489366243197,20859.82551732372,22798.754117584984,1.0863776804570715,1.0929503748078342,0.9
2024-09-28 08:00:00,96.0,90.0,110,114,100,36882.07223179676,40097.05368203259,36566.7526874743,39836.78466551868,1.08716921950671,1.0894263706157454,0.9090909090909091
2024-09-28 08:00:00,96.0,100.0,127,127,114,15334.83584699731,16476.26859580059,14877.513028274745,16203.28054910211,1.0744339724397365,1.0891121734061158,0.8976377952755905
2024-09-28 08:00:00,96.0,110.0,158,153,142,13511.320965468854,15241.486118464381,13225.99127090354,15052.41123315823,1.128052997735554,1.1380932381433453,0.8987341772151899
2024-09-28 08:00:00,96.0,120.0,192,172,164,39815.79441833234,44254.45628138476,38973.692037357425,44077.17672045648,1.111479927197151,1.1309469135797352,0.8541666666666666
2024-09-28 08:00:00,96.0,130.0,154,153,139,15018.353867352609,16349.243163731091,14583.593340160693,16121.360212795973,1.0886175214762792,1.105444991283495,0.9025974025974026
2024-09-28 08:00:00,96.0,140.0,286,259,246,40249.87705715216,43559.48601980899,39346.78425294923,43316.54012072964,1.0822265607906678,1.1008914945185857,0.8601398601398601
2024-09-28 08:00:00,96.0,150.0,276,250,232,42037.85324484606,46156.40859692559,40490.85257791307,45903.3400689453,1.0979725422250117,1.1336718578749962,0.8405797101449275
2024-09-28 08:00:00,96.0,160.0,329,305,289,65460.38122508176,72448.0198452415,64335.83931183808,72173.36220402224,1.1067460728059795,1.1218220353696704,0.878419452887538
2024-09-28 08:00:00,96.0,170.0,288,276,242,19740.17078498452,21372.618911058562,18675.514965815764,20739.917067759685,1.082696757989337,1.110540571744483,0.8402777777777778
2024-09-28 08:00:00,96.0,180.0,325,313,292,96091.3608101997,105792.62256002404,95261.11297914552,105488.93782232086,1.1009587299839196,1.1073662119128758,0.8984615384615384
2024-09-28 08:00:00,96.0,190.0,360,347,322,47730.707793087626,51652.19898647819,46640.95262543067,50979.81968698564,1.0821586641955994,1.093026982025861,0.8944444444444445
2024-09-28 08:00:00,96.0,200.0,489,460,439,112302.07955802292,122219.5791840319,110943.27844959032,121743.78850162576,1.0883109169931704,1.0973516395312124,0.8977505112474438
2024-09-28 08:00:00,96.0,210.0,369,355,335,70087.79191835743,76853.71898333298,69077.55745421018,76543.36538902423,1.0965350295648766,1.1080786323367462,0.907859078590786
2024-09-28 08:00:00,96.0,220.0,303,283,264,24860.75007934071,26652.766279464995,23929.6778935779,26308.28641800668,1.0720821453256735,1.0993999390634144,0.8712871287128713
2024-09-28 08:00:00,96.0,230.0,356,338,324,60936.11840626964,64334.189340524434,59864.90151426234,64062.15456038209,1.0557644796407835,1.070112084709933,0.9101123595505618
2024-09-28 08:00:00,96.0,240.0,247,244,227,28138.18911599999,29486.451579340956,27381.941298859943,29198.703733029368,1.0479157510024095,1.066348927358378,0.9190283400809717
2024-09-28 08:00:00,96.0,250.0,261,264,248,34039.7213664181,36881.03688718763,33795.63101871073,36655.86893307163,1.0834705869118137,1.0846333631935248,0.9501915708812261
2024-09-28 08:00:00,96.0,260.0,237,233,219,20704.830891668928,22836.300543724643,20207.81780556703,22571.277661915803,1.1029455233519132,1.1169576982081493,0.9240506329113924
2024-09-28 08:00:00,96.0,270.0,206,200,189,88856.52764590409,98713.1527957383,88150.45532984461,98559.42704467717,1.1109274176131791,1.1180818825709282,0.9174757281553398
2024-09-28 08:00:00,96.0,280.0,237,231,218,131510.62979180532,146026.2357583413,131006.91347360735,145758.21672694903,1.1103759140193887,1.112599425955589,0.919831223628692
2024-09-28 08:00:00,96.0,290.0,226,229,215,24299.91105052585,26168.639101461842,24087.82242947916,25988.459408968014,1.0769026704274933,1.0789044748670522,0.9513274336283186
2024-09-28 08:00:00,96.0,300.0,230,221,211,33353.79489850464,35405.76103897789,32823.64252177575,35235.00302482464,1.0615212196008692,1.0734641349280218,0.9173913043478261
2024-09-28 08:00:00,96.0,310.0,228,229,217,24189.562729987556,25495.414826144315,23920.78666088242,25138.75308830898,1.0539841133439716,1.0509166544016002,0.9517543859649122
2024-09-28 08:00:00,96.0,320.0,225,207,198,26081.250777111156,26955.259990891806,25284.004303554153,26802.059486294755,1.033511016064754,1.0600401409727338,0.88
2024-09-28 08:00:00,96.0,330.0,239,229,209,28062.75529611201,30116.73309163838,27276.640194429412,29788.575055788875,1.073192306808553,1.092091065595112,0.8744769874476988
2024-09-28 08:00:00,96.0,340.0,345,340,322,47393.10673759304,50061.14574133119,46724.63877533425,49744.58593771486,1.0562959296699115,1.0646328626937365,0.9333333333333333
2024-09-28 08:00:00,96.0,350.0,355,353,339,44812.492809298696,47813.07361913128,44445.20809946697,47482.053777730434,1.066958578327737,1.0683278537354826,0.9549295774647887
2024-09-28 08:00:00,96.0,360.0,351,338,321,42266.219394228756,41590.79775598773,41245.13782648563,41355.3922396069,0.9840198236813854,1.0026731493439325,0.9145299145299145
2024-09-28 08:00:00,96.0,370.0,342,331,313,30182.060801931497,29629.81241815621,29203.831796188366,29128.893897321934,0.9817027608750974,0.9974339703300095,0.9152046783625731
2024-09-28 08:00:00,96.0,380.0,397,382,366,25401.087401876517,26648.499833974376,24864.248412821195,26433.783260155935,1.0491086232790847,1.0631241621011722,0.9219143576826196
2024-09-28 08:00:00,96.0,390.0,399,388,372,26855.80086549188,27974.35271985911,26087.629156777617,27689.56148287621,1.0416502885156742,1.0614058225249805,0.9323308270676691
2024-09-28 08:00:00,96.0,400.0,400,384,375,51348.08734595809,52332.78640233417,50792.908774986805,52197.48093038412,1.0191769373947983,1.0276529182768324,0.9375
2024-09-28 08:00:00,96.0,410.0,469,447,441,158229.72115383632,166771.95422545326,157346.6516533305,166667.29107710675,1.0539862739397228,1.0592363378936824,0.9402985074626866
2024-09-28 08:00:00,96.0,420.0,489,453,448,332603.909559078,358106.6991378579,331243.0901852269,357880.9413920928,1.0766761569717809,1.080417832088121,0.9161554192229039
2024-09-28 08:00:00,96.0,430.0,480,438,431,250808.5046029083,265020.71654722706,247170.2443355575,264797.71595500136,1.056665590215213,1.0713171266502162,0.8979166666666667
2024-09-28 08:00:00,96.0,440.0,451,423,410,182832.23356143304,185232.35822404138,180079.02578561526,184711.17849386687,1.0131274700081914,1.025722888537648,0.9090909090909091
2024-09-28 08:00:00,96.0,450.0,473,430,419,179881.67053149772,184534.99180731323,177553.02957071154,184220.2388752288,1.025868790644796,1.0375505240357614,0.8858350951374208
2024-09-28 08:00:00,96.0,460.0,467,419,405,835070.7992691334,902903.5914351377,832981.9581021088,902675.1763533205,1.081229989391765,1.0836671401743236,0.867237687366167
2024-09-28 08:00:00,96.0,470.0,437,386,373,1647661.0822341577,1791291.504442437,1644879.2570065176,1790536.1636216,1.0871723097407402,1.0885517316816071,0.8535469107551488
2024-09-28 08:00:00,96.0,480.0,456,395,390,1437121.5618970073,1542031.6062623665,1432778.5244380585,1541867.651185121,1.073000118533381,1.0761381643334218,0.8552631578947368
2024-09-28 08:00:00,96.0,490.0,441,390,386,894292.8638319711,949727.8913156322,884445.9972473419,949656.5446027627,1.061987554329939,1.0737303889195895,0.8752834467120182
2024-09-29 08:00:00,120.0,0.0,16,16,15,737.85665907597,736.9087513641509,707.0014530649378,726.8443825904809,0.9987153226847527,1.0280663207119611,0.9375
2024-09-29 08:00:00,120.0,10.0,42,40,38,2649.4485994326983,2987.129435430387,2572.3287084356803,2950.6494575812926,1.1274532504876649,1.1470732523044,0.9047619047619048
2024-09-29 08:00:00,120.0,20.0,23,24,22,1139.800950794619,1226.096339650347,1088.9852702483215,1197.8154050098162,1.0757109289964768,1.0999371963375393,0.9565217391304348
2024-09-29 08:00:00,120.0,30.0,25,24,23,868.3426142555409,896.3212547171232,842.0907778045822,884.1178576585702,1.0322207386833933,1.0499080158122107,0.92
2024-09-29 08:00:00,120.0,40.0,61,59,55,16271.794431485998,17346.471251072282,15693.750346505058,17140.860560952737,1.0660453783454134,1.0922093306250373,0.9016393442622951
2024-09-29 08:00:00,120.0,50.0,64,67,59,6145.244809072012,6797.858096082098,6030.314376802047,6645.920153479335,1.1061980941827827,1.10208518797054,0.921875
2024-09-29 08:00:00,120.0,60.0,59,55,49,9456.241638531395,10386.134756276655,9229.691933367136,10315.510002455414,1.098336437803812,1.1176440207243359,0.8305084745762712
2024-09-29 08:00:00,120.0,70.0,89,87,82,64057.96941456911,70307.89886945774,63946.100982510485,70237.80674928812,1.097566774470175,1.0983907645674666,0.9213483146067416
2024-09-29 08:00:00,120.0,80.0,114,106,100,19490.959812901696,21352.18331370278,18970.270622764765,21271.373015621997,1.0954916288714052,1.1213004515652958,0.8771929824561403
2024-09-29 08:00:00,120.0,90.0,110,109,100,36699.263502633126,39394.89842649108,36213.48111576247,39199.14443265303,1.0734520169230248,1.082446183711154,0.9090909090909091
2024-09-29 08:00:00,120.0,100.0,133,128,116,16721.329440056234,17390.851440152175,16139.045551239067,17189.011228620926,1.040039998164984,1.0650574827395074,0.8721804511278195
2024-09-29 08:00:00,120.0,110.0,150,153,140,13758.509209156295,15032.60020415171,13549.977427113387,14753.734981327541,1.092603855230733,1.0888383438783777,0.9333333333333333
2024-09-29 08:00:00,120.0,120.0,182,168,155,39811.59218698092,43311.69471880285,37612.83217817855,43073.975071924666,1.0879166679740713,1.1451936101986613,0.8516483516483516
2024-09-29 08:00:00,120.0,130.0,150,135,125,15432.299195098887,16489.180882326727,14784.858658376776,15971.311288928793,1.0684850438594071,1.0802478169028555,0.8333333333333334
2024-09-29 08:00:00,120.0,140.0,283,273,253,41086.81437606184,43892.000254469785,40395.03402074209,43259.75134607747,1.0682746014994609,1.0709175618929891,0.8939929328621908
2024-09-29 08:00:00,120.0,150.0,272,261,241,44816.81649386274,47764.758130999246,43533.77995294536,47319.62608703343,1.065777577877273,1.0869634141161209,0.8860294117647058
2024-09-29 08:00:00,120.0,160.0,321,316,294,63837.09923654203,71099.5863040866,63004.655840202446,70730.38390873343,1.1137659316353667,1.1226215422575374,0.9158878504672897
2024-09-29 08:00:00,120.0,170.0,269,285,247,20186.05942774642,21766.37339476801,19442.485815276326,21057.730249847784,1.078287392974252,1.083078082191647,0.9182156133828996
2024-09-29 08:00:00,120.0,180.0,317,308,279,97332.32910661289,105704.4474395154,96340.17755189119,104948.82818113605,1.0860158018383812,1.0893568067653605,0.8801261829652997
2024-09-29 08:00:00,120.0,190.0,349,339,312,49312.85574155607,53451.29498199341,47939.57078805957,52231.83815345852,1.0839221168233797,1.0895349560882601,0.8939828080229226
2024-09-29 08:00:00,120.0,200.0,467,441,416,115560.09168953677,124400.82348142573,113623.86438781286,123662.20689094644,1.0765033296757884,1.0883471316278368,0.8907922912205567
2024-09-29 08:00:00,120.0,210.0,352,340,318,72018.05720110414,79394.6013066966,70979.25142030226,78965.50957603824,1.1024263135145969,1.112515390003841,0.9034090909090909
2024-09-29 08:00:00,120.0,220.0,282,278,255,25406.87083306073,28146.347104251505,24822.275080962205,27542.720631491713,1.107824229484649,1.1095969463579103,0.9042553191489362
2024-09-29 08:00:00,120.0,230.0,347,336,316,63482.15301194686,66633.82506978854,62470.43697340678,66180.2963823063,1.0496465842494118,1.0593858405453251,0.9106628242074928
2024-09-29 08:00:00,120.0,240.0,252,253,233,28653.513668952695,30814.595882071553,27963.155578089547,30378.49234852577,1.0754211939968983,1.0863756868816605,0.9246031746031746
2024-09-29 08:00:00,120.0,250.0,251,254,237,34584.27169010682,36895.68497439019,34259.10537340864,36680.07029512085,1.0668342333473102,1.0706663205394535,0.9442231075697212
2024-09-29 08:00:00,120.0,260.0,243,245,228,22674.39738289583,24771.881244428238,22390.678500646813,24355.794211851444,1.0925045030354201,1.0877649023073537,0.9382716049382716
2024-09-29 08:00:00,120.0,270.0,210,214,201,89538.76283075038,98437.72425879595,89172.66008931492,98013.30955195113,1.0993866918271669,1.0991408067650046,0.9571428571428572
2024-09-29 08:00:00,120.0,280.0,240,235,224,124778.74199468011,137760.24381572992,124390.71898182486,137571.74430727318,1.104036165243622,1.1059647008501836,0.9333333333333333
2024-09-29 08:00:00,120.0,290.0,226,228,210,26065.090240363963,28283.398737820215,25636.49346721539,28044.53020422729,1.0851064959683514,1.093930035326062,0.9292035398230089
2024-09-29 08:00:00,120.0,300.0,231,220,213,33426.673620604815,35954.3967862397,32804.1645604968,35810.8648493521,1.0756199433519686,1.0916560543192741,0.922077922077922
2024-09-29 08:00:00,120.0,310.0,232,226,217,24764.633486208368,26732.99138110941,24407.22996860893,26493.045796049475,1.0794826176610786,1.0854589328704318,0.9353448275862069
2024-09-29 08:00:00,120.0,320.0,226,219,202,27266.13789203344,28791.27451656792,26437.613759263622,28457.611392772465,1.0559351907693568,1.0764062011005455,0.8938053097345132
2024-09-29 08:00:00,120.0,330.0,244,228,216,29525.858041844207,31480.682436135117,28646.803930630984,31286.185884789807,1.0662072001945049,1.092135302791549,0.8852459016393442
2024-09-29 08:00:00,120.0,340.0,343,339,322,48801.62908530393,52440.73934940616,48267.63813574147,52021.21944526138,1.074569442297534,1.0777660033615863,0.9387755102040817
2024-09-29 08:00:00,120.0,350.0,367,346,332,45665.90714950944,49725.7526918541,45075.736907041915,49446.066682432036,1.0889032058216381,1.0969552596422971,0.9046321525885559
2024-09-29 08:00:00,120.0,360.0,355,343,327,43035.966230887025,45370.259701697665,42206.67922584909,45053.764524335675,1.0542405265932036,1.0674557996674354,0.9211267605633803
2024-09-29 08:00:00,120.0,370.0,348,339,324,31687.04981410118,33338.09938445723,31199.413852835987,32888.61350275377,1.0521048687095291,1.054142031574232,0.9310344827586207
2024-09-29 08:00:00,120.0,380.0,398,390,384,28385.933688919737,31386.225668116662,28195.585948921904,31312.317124090412,1.1056964344409805,1.1105396845029099,0.964824120603015
2024-09-29 08:00:00,120.0,390.0,413,402,393,30198.5116694522,32781.12362214571,29769.932780312563,32645.02098280078,1.0855211667701488,1.0965769128101481,0.9515738498789347
2024-09-29 08:00:00,120.0,400.0,404,384,377,56141.964179726834,60178.22447598267,55600.94268283547,60050.22375379465,1.071893820517832,1.080021684098761,0.9331683168316832
2024-09-29 08:00:00,120.0,410.0,475,447,442,161326.5653185763,171793.18530537377,160359.30544214792,171629.8572048694,1.0648784654041865,1.0702831166027187,0.9305263157894736
2024-09-29 08:00:00,120.0,420.0,490,471,463,320766.6046887871,348854.49026106065,320046.5891191042,348684.47417438385,1.087564868542113,1.0894803632624317,0.9448979591836735
2024-09-29 08:00:00,120.0,430.0,482,444,440,249561.88166401978,272021.86616916675,246754.45836321265,271888.9779097979,1.0899976565146452,1.1018604474800948,0.9128630705394191
2024-09-29 08:00:00,120.0,440.0,456,434,420,186776.15662473848,208530.1259925347,185173.3349795065,208228.06889579247,1.1164708052725554,1.1245035302671278,0.9210526315789473
2024-09-29 08:00:00,120.0,450.0,482,436,428,187804.604510609,196828.92997834104,185264.24745065652,196528.2114215766,1.0480516731272276,1.0607994479556566,0.8879668049792531
2024-09-29 08:00:00,120.0,460.0,472,441,429,837154.9357317423,913798.1590881192,835468.5293328702,913584.970086209,1.091552017535899,1.0935001595041713,0.9088983050847458
2024-09-29 08:00:00,120.0,470.0,443,410,395,1518485.485108328,1663741.2217513833,1516505.917794109,1663310.4747795372,1.095658297736506,1.0968044735354334,0.891647855530474
2024-09-29 08:00:00,120.0,480.0,455,418,411,1462897.2912024963,1592731.4794611575,1459456.975221883,1592603.3438015988,1.0887514038336472,1.091230074500465,0.9032967032967033
2024-09-29 08:00:00,120.0,490.0,442,398,392,943340.1436508591,1021663.9054465519,937270.4877988817,1021501.9179235571,1.0830281233369004,1.0898688598661497,0.8868778280542986
2024-09-30 08:00:00,144.0,0.0,17,18,15,671.3581811016938,704.3484362486985,635.8360104778033,658.1518992986071,1.0491395741880554,1.0350969250766946,0.8823529411764706
2024-09-30 08:00:00,144.0,10.0,44,44,42,2724.2031736880026,3143.0603030109355,2691.961280642744,3117.397775497515,1.1537539980015101,1.1580396040292198,0.9545454545454546
2024-09-30 08:00:00,144.0,20.0,23,25,22,1055.2613420316104,1216.0927709076432,1024.4254007000843,1171.4877818564298,1.152409097604577,1.1435559690884707,0.9565217391304348
2024-09-30 08:00:00,144.0,30.0,28,29,25,892.8470890194603,979.5649908098846,848.2442294992583,929.2594234781495,1.097125143663356,1.0955092780610094,0.8928571428571429
2024-09-30 08:00:00,144.0,40.0,58,56,53,15872.856649389554,16837.71476480922,15795.6003159119,16801.953725850526,1.0607866710279132,1.0637109948220747,0.9137931034482759
2024-09-30 08:00:00,144.0,50.0,68,73,64,5954.828832522807,6541.452249425299,5843.521667437716,6387.259003273701,1.0985122214930172,1.0930495969349943,0.9411764705882353
2024-09-30 08:00:00,144.0,60.0,56,60,49,9460.662394196435,10222.978255488488,9338.912664074152,10092.76475364402,1.0805774299439845,1.080721612535243,0.875
2024-09-30 08:00:00,144.0,70.0,92,91,86,67101.22357785804,72872.62259811698,67024.3503512015,72806.46530460483,1.0860103394919818,1.086268869792927,0.9347826086956522
2024-09-30 08:00:00,144.0,80.0,107,103,99,21575.557110395777,23290.51307913137,21247.474651815173,23191.14321781815,1.0794860572990383,1.0914776272406062,0.9252336448598131
2024-09-30 08:00:00,144.0,90.0,107,110,99,36216.36978214187,38621.41649961694,35685.200233362535,38389.92070084478,1.0664077247924775,1.0757938991457183,0.9252336448598131
2024-09-30 08:00:00,144.0,100.0,127,127,118,14729.568833506768,15840.88186914444,14510.747726765436,15413.778571605155,1.0754477641673843,1.0622318616410136,0.9291338582677166
2024-09-30 08:00:00,144.0,110.0,159,163,141,13410.679492849773,14476.369131884785,13090.128614485559,14059.764687275134,1.0794657451625185,1.074073838488995,0.8867924528301887
2024-09-30 08:00:00,144.0,120.0,186,181,170,40370.864421117214,43980.02838567019,39919.936683292435,43757.06352682221,1.0894002151379523,1.096120564367922,0.9139784946236559
2024-09-30 08:00:00,144.0,130.0,154,143,129,14791.623309478939,15378.684006745681,14177.982038435432,15120.34155513303,1.0396887268546473,1.066466406442252,0.8376623376623377
2024-09-30 08:00:00,144.0,140.0,277,269,252,39291.95279098948,42284.689690820924,38710.95970143001,42014.71963134981,1.076166662312537,1.0853443044399067,0.9097472924187726
2024-09-30 08:00:00,144.0,150.0,277,268,245,39385.15765809636,42623.49822307851,38102.371886140376,42243.780656361174,1.082222358815833,1.1086916264057363,0.8844765342960289
2024-09-30 08:00:00,144.0,160.0,322,324,301,65548.08313829324,71918.19433614364,64971.46830640432,71528.38362677826,1.0971822651840293,1.1009199190243268,0.9347826086956522
2024-09-30 08:00:00,144.0,170.0,279,296,249,19225.987647234713,21029.278727431003,18611.899484070585,20245.08646645914,1.0937944574439409,1.087749613293708,0.8924731182795699
2024-09-30 08:00:00,144.0,180.0,318,328,290,95497.09376356343,103182.0105364178,94879.00094021214,102544.60210867642,1.0804727816312514,1.0807934431486559,0.9119496855345912
2024-09-30 08:00:00,144.0,190.0,354,353,329,47422.05724308361,51362.86172083253,46898.40563829091,50757.42233624877,1.0831006646874999,1.082284603185041,0.9293785310734464
2024-09-30 08:00:00,144.0,200.0,492,483,455,111570.51273782352,121380.30466492748,110670.89679475728,120825.69682620927,1.0879245930343238,1.0917567339341652,0.9247967479674797
2024-09-30 08:00:00,144.0,210.0,373,366,338,69417.22199142496,75869.57265541797,68620.70313923844,75294.42570303472,1.0929502863826799,1.0972552343314614,0.9061662198391421
2024-09-30 08:00:00,144.0,220.0,299,298,269,24493.680690527377,27456.41312011601,23728.99989799328,26917.930389061545,1.1209590533583804,1.1343895867831306,0.8996655518394648
2024-09-30 08:00:00,144.0,230.0,352,347,328,59672.16899139701,63962.046855284556,59212.605983952104,63625.876007784726,1.0718907647634865,1.0745326092391325,0.9318181818181818
2024-09-30 08:00:00,144.0,240.0,248,260,235,27314.123908820708,30140.47558083728,26712.857643732892,29701.976373019665,1.1034758310920543,1.1118981267055885,0.9475806451612904
2024-09-30 08:00:00,144.0,250.0,260,258,243,33769.359415982166,36506.267256412124,33440.369132308595,36252.68710225816,1.0810470760406148,1.0840994894171916,0.9346153846153846
2024-09-30 08:00:00,144.0,260.0,240,243,224,20093.35078136577,23377.31656778708,19693.60143707168,23080.634062841098,1.163435447982464,1.1719864513655482,0.9333333333333333
2024-09-30 08:00:00,144.0,270.0,201,201,190,88294.53727441677,96999.82492392404,87844.5798720792,96862.80468333821,1.0985937286522212,1.1026611411243756,0.945273631840796
2024-09-30 08:00:00,144.0,280.0,233,233,225,137047.24034382036,143045.58538641536,136855.98056469564,142673.90823807096,1.0437684482193623,1.0425113148096954,0.9656652360515021
2024-09-30 08:00:00,144.0,290.0,222,234,214,24406.436811520878,26971.360604533962,24262.893301682703,26644.5634613219,1.1050921038913115,1.098161011962824,0.963963963963964
2024-09-30 08:00:00,144.0,300.0,225,229,214,32632.298118508163,35432.31273440209,32324.89659337656,35109.742089941625,1.0858050084528321,1.086151721739326,0.9511111111111111
2024-09-30 08:00:00,144.0,310.0,231,229,216,24010.583938200623,26213.77128504678,23686.06397542683,26024.220288987366,1.0917590072993146,1.0987144303919074,0.935064935064935
2024-09-30 08:00:00,144.0,320.0,227,220,206,25687.44876066746,27302.961665432624,25170.18797854722,27073.8132705828,1.0628911387743118,1.0756301579335863,0.9074889867841409
2024-09-30 08:00:00,144.0,330.0,237,235,215,27070.47814519434,29033.410463766893,26412.497717650564,28734.344363861797,1.072511919000626,1.087907121508604,0.9071729957805907
2024-09-30 08:00:00,144.0,340.0,340,337,326,46636.76175512611,50334.26932134994,46328.329879469915,50048.88538082269,1.0792831111567778,1.080308431385987,0.9588235294117647
2024-09-30 08:00:00,144.0,350.0,355,354,337,44966.345970204755,49307.018941329865,44514.44068765721,49022.609687458986,1.0965315921823244,1.1012743040271824,0.9492957746478873
2024-09-30 08:00:00,144.0,360.0,350,352,332,42179.59556345949,46290.43602480387,41589.952190862125,46021.67499075104,1.0974604048813033,1.106557535328512,0.9485714285714286
2024-09-30 08:00:00,144.0,370.0,342,333,313,29523.209065727795,31788.772082122785,28967.924491916354,31530.395733877907,1.076738372558049,1.0884589174718617,0.9152046783625731
2024-09-30 08:00:00,144.0,380.0,389,382,366,24855.5210896711,26545.437594395455,24407.785044264634,26314.24359143185,1.0679895826214085,1.0781086257400974,0.9408740359897172
2024-09-30 08:00:00,144.0,390.0,388,390,372,25470.170266297362,27603.73225919713,25210.028608105218,27378.048995124496,1.0837670879539796,1.085998331089646,0.9587628865979382
2024-09-30 08:00:00,144.0,400.0,390,391,376,48663.7527533009,51505.8072792756,48362.87965611609,51163.30315964774,1.058401877479166,1.057904399478361,0.9641025641025641
2024-09-30 08:00:00,144.0,410.0,463,448,442,155827.8885604295,167245.04315147223,154951.69551943452,167010.56073153758,1.0732677231047458,1.0778233834207422,0.9546436285097192
2024-09-30 08:00:00,144.0,420.0,479,463,450,336935.79276746116,367320.5602964439,335757.0225875222,367075.3177355206,1.0901796964917676,1.09327666449578,0.9394572025052192
2024-09-30 08:00:00,144.0,430.0,474,457,446,255144.03827553775,274181.7179826729,254237.7362236941,272093.98276685993,1.0746154205122982,1.0702344459496556,0.9409282700421941
2024-09-30 08:00:00,144.0,440.0,443,424,415,181277.18236992214,199889.83034063067,179983.84663396823,199692.92245563766,1.1026750732076513,1.1095046927280736,0.9367945823927766
2024-09-30 08:00:00,144.0,450.0,465,430,419,173588.81912927766,180438.7037998018,171775.5068777359,180033.00557722495,1.0394604024895335,1.0480714558762236,0.9010752688172043
2024-09-30 08:00:00,144.0,460.0,461,438,426,876363.5187460968,941169.5442903816,875375.3115003518,940986.8145794237,1.073948794259498,1.0749524257962189,0.9240780911062907
2024-09-30 08:00:00,144.0,470.0,430,409,396,1837882.211890981,1999842.271477528,1836602.4179759847,1999583.9247564077,1.0881231988310651,1.088740766746913,0.9209302325581395
2024-09-30 08:00:00,144.0,480.0,454,429,419,1388323.6400554006,1487020.6670257023,1385869.7341701486,1486854.424839917,1.0710907918893922,1.0728673757568115,0.9229074889867841
2024-09-30 08:00:00,144.0,490.0,441,410,404,856060.3216270003,908813.5162332791,852440.7840682587,908661.5791814539,1.0616232212538688,1.0659527279359893,0.9160997732426304
2024-10-01 08:00:00,168.0,0.0,17,19,15,668.5907186973736,751.5034822534851,624.5025757678478,698.5913280894486,1.1240112392191919,1.1186364239258837,0.8823529411764706
2024-10-01 08:00:00,168.0,10.0,44,41,39,2738.504432125814,2988.2610714923903,2631.013881175137,2964.075804647941,1.0912018386520186,1.1265907131299673,0.8863636363636364
2024-10-01 08:00:00,168.0,20.0,23,27,22,1058.3335575545468,1187.0752219061872,1044.4279489396254,1110.726858549413,1.1216456413317546,1.063478681968535,0.9565217391304348
2024-10-01 08:00:00,168.0,30.0,30,27,23,921.2910443833189,913.8192688635114,836.3717596232013,867.9342173948909,0.9918898858668393,1.0377373547211934,0.7666666666666667
2024-10-01 08:00:00,168.0,40.0,57,61,53,15824.22334052109,16793.312103805147,15668.913376772962,16672.245849478182,1.061240842120985,1.0640333154303172,0.9298245614035088
2024-10-01 08:00:00,168.0,50.0,69,75,67,5898.9964943702225,6402.743972474786,5836.5117955319665,6228.546425868171,1.0853954530377024,1.067169337451921,0.9710144927536232
2024-10-01 08:00:00,168.0,60.0,60,63,52,9536.300674312872,10152.723397923111,9327.816615433938,9997.77810774448,1.0646396065584054,1.0718240419952096,0.8666666666666667
2024-10-01 08:00:00,168.0,70.0,96,92,87,67217.8365220685,73298.16770834509,67046.92207552968,73234.16916017586,1.0904571093162208,1.0922823433665774,0.90625
2024-10-01 08:00:00,168.0,80.0,111,105,99,21857.804033213786,20838.483941431805,21685.25146822218,20677.0088913372,0.9533658509229433,0.9535056082534956,0.8918918918918919
2024-10-01 08:00:00,168.0,90.0,108,109,97,36292.29149537861,40120.31770305765,35818.23782428504,39905.01896219022,1.1054776661916343,1.114097772144846,0.8981481481481481
2024-10-01 08:00:00,168.0,100.0,128,129,119,14536.212020461047,16870.85248827733,14250.362632946544,16744.571615882647,1.1606085866476124,1.1750277552354733,0.9296875
2024-10-01 08:00:00,168.0,110.0,155,163,147,13292.1532177196,14785.627789692899,13109.957797981728,14563.554024937483,1.1123576103518251,1.110877262105263,0.9483870967741935
2024-10-01 08:00:00,168.0,120.0,191,191,176,40453.4891875005,44126.3963994381,40107.22426212156,43843.007411738115,1.0907933354009045,1.09314489392737,0.9214659685863874
2024-10-01 08:00:00,168.0,130.0,152,154,134,14583.850456860644,15934.767470446537,14022.974119714974,15604.165548395616,1.092631024816247,1.112757209361004,0.881578947368421
2024-10-01 08:00:00,168.0,140.0,282,273,260,39209.81472973137,43131.81618749992,38713.75482149664,42939.46032581187,1.1000260135071396,1.1091525615068685,0.9219858156028369
2024-10-01 08:00:00,168.0,150.0,287,275,253,39010.08274186801,43906.570630366325,38034.96934345452,43537.63463123953,1.1255185209654297,1.1446738457469527,0.8815331010452961
2024-10-01 08:00:00,168.0,160.0,329,328,299,65599.51905722814,71158.56670533596,64596.05368444503,70298.35303723787,1.0847422012844055,1.0882762804775794,0.9088145896656535
2024-10-01 08:00:00,168.0,170.0,276,290,247,18991.057470835356,20810.765768393085,18257.17648562822,20067.848283536703,1.0958192191431289,1.099175893892126,0.894927536231884
2024-10-01 08:00:00,168.0,180.0,315,334,288,94854.15081724351,104127.87260348527,94165.59840172678,103046.68901968736,1.0977682231757,1.0943135366704972,0.9142857142857143
2024-10-01 08:00:00,168.0,190.0,354,352,317,47017.06292188843,52053.70918905547,45904.8872193702,51245.92931664476,1.107123796217017,1.1163501844967139,0.8954802259887006
2024-10-01 08:00:00,168.0,200.0,494,479,445,110601.15126947696,125347.19098787238,109268.50686790046,124610.12062105341,1.1333262768889907,1.1404028863659692,0.9008097165991903
2024-10-01 08:00:00,168.0,210.0,377,376,347,69029.98985316789,78745.9887185721,68500.01636825094,78005.01239743165,1.140750402630377,1.138759032962599,0.9204244031830239
2024-10-01 08:00:00,168.0,220.0,311,296,278,24316.679333955388,27150.481278384083,23424.297963108096,26789.744698018676,1.1165373736072435,1.143673323324821,0.8938906752411575
2024-10-01 08:00:00,168.0,230.0,354,359,332,58987.01775048523,64139.04000440944,58235.26313494991,63233.75101624256,1.0873416295720735,1.0858326658490327,0.9378531073446328
2024-10-01 08:00:00,168.0,240.0,255,258,241,27171.65423918808,30365.783674025297,26877.249102087302,29835.97195447059,1.1175537347384066,1.1100828005554153,0.9450980392156862
2024-10-01 08:00:00,168.0,250.0,262,255,239,33752.279299509355,36790.72681628573,33269.54117287112,36472.89328332977,1.090021994953702,1.0962848298332035,0.9122137404580153
2024-10-01 08:00:00,168.0,260.0,238,241,220,19763.086445688787,24461.420905464693,19272.73009163714,24084.839986761446,1.2377328294690946,1.249684910868564,0.9243697478991597
2024-10-01 08:00:00,168.0,270.0,207,211,194,87964.00317324235,100373.2075052635,87567.45556755076,99822.61721487303,1.1410713915279824,1.1399510990457917,0.9371980676328503
2024-10-01 08:00:00,168.0,280.0,234,234,225,138050.2701705157,141343.33161141694,137864.50974127144,141115.85180679074,1.0238540745833655,1.0235836044506381,0.9615384615384616
2024-10-01 08:00:00,168.0,290.0,224,232,215,24283.450343196717,27298.527098258724,24079.149984808995,27025.869884320073,1.1241617938328403,1.1223764086925867,0.9598214285714286
2024-10-01 08:00:00,168.0,300.0,229,226,217,34214.46191420651,37605.03346023182,33878.47226884781,37310.0683063397,1.0990976141763455,1.1012913454378916,0.9475982532751092
2024-10-01 08:00:00,168.0,310.0,233,235,220,23870.260812170098,26432.33917533271,23630.75705639129,26129.46181777802,1.1073334884492068,1.105739513779603,0.944206008583691
2024-10-01 08:00:00,168.0,320.0,229,225,211,25597.134055015445,27907.288989366585,25186.40028283497,27704.24977365534,1.0902505307580905,1.09996861252683,0.9213973799126638
2024-10-01 08:00:00,168.0,330.0,244,238,220,26857.60039579344,29621.92147790672,26141.14106033387,29301.883940049203,1.102925095368767,1.1209106699826272,0.9016393442622951
2024-10-01 08:00:00,168.0,340.0,344,347,323,46024.02174542907,51246.33840035029,45610.9609970235,50712.60959291152,1.1134693678837373,1.1118513726606405,0.938953488372093
2024-10-01 08:00:00,168.0,350.0,355,360,339,44700.216012579025,48475.756626837436,44333.88585380068,48003.9691462408,1.0844635876747428,1.0827828019529555,0.9549295774647887
2024-10-01 08:00:00,168.0,360.0,348,359,336,41821.569738900485,45246.69836662766,41579.18506081223,44886.7053671305,1.0818986147366265,1.079547501988815,0.9655172413793104
2024-10-01 08:00:00,168.0,370.0,337,346,316,28730.810196962906,32050.658507528806,28276.008121238396,31520.919593704682,1.115550111110923,1.1147584715124268,0.9376854599406528
2024-10-01 08:00:00,168.0,380.0,389,390,369,24110.769120981582,26951.82925228146,23752.939409834893,26647.538113510964,1.1178336583559063,1.1218627578562999,0.9485861182519281
2024-10-01 08:00:00,168.0,390.0,390,398,375,24917.206464587533,28438.147913471963,24662.917110370312,28147.93728409199,1.1413056256482208,1.1413060814390155,0.9615384615384616
2024-10-01 08:00:00,168.0,400.0,395,391,380,47543.609403517374,55663.21447284518,47225.049379993696,55365.356803737,1.170782260143823,1.1723726609207494,0.9620253164556962
2024-10-01 08:00:00,168.0,410.0,461,455,440,152832.5552588472,174738.01238564774,152115.47854050086,174517.37851250923,1.1433297839566972,1.1472690365697653,0.9544468546637744
2024-10-01 08:00:00,168.0,420.0,477,469,452,337468.9639322782,359379.1132575639,336438.41439141345,358864.01695585274,1.0649249313773415,1.0666558918517233,0.9475890985324947
2024-10-01 08:00:00,168.0,430.0,476,451,438,254054.92613951117,273220.71828271926,252342.4905788499,272967.2989125554,1.0754395611785281,1.081733394508369,0.9201680672268907
2024-10-01 08:00:00,168.0,440.0,445,431,418,180152.938764487,209732.1295375888,179108.48251284345,209385.39626017574,1.1641893325524406,1.1690423218518486,0.9393258426966292
2024-10-01 08:00:00,168.0,450.0,465,440,426,170967.5319287123,194132.38033251863,169031.31548999675,193822.3512827843,1.1354926759629735,1.14666534257822,0.9161290322580645
2024-10-01 08:00:00,168.0,460.0,457,456,430,876960.4660608876,951550.412719013,876083.5929766155,950839.5876788909,1.0850550846301739,1.0853297508383664,0.9409190371991247
2024-10-01 08:00:00,168.0,470.0,427,415,396,1872282.237878103,1772096.5639312062,1871160.5855090446,1771355.3869299819,0.9464900793694228,0.9466613398379643,0.927400468384075
2024-10-01 08:00:00,168.0,480.0,455,429,421,1375914.5931965825,1624921.0973311078,1374931.70103939,1624577.7177406494,1.1809752621025866,1.181569758346933,0.9252747252747253
2024-10-01 08:00:00,168.0,490.0,443,415,400,837101.1306125268,1017048.4309127523,834504.7828612985,1016552.6579952987,1.2149648276888048,1.2181507869970567,0.9029345372460497
2024-10-02 08:00:00,192.0,0.0,17,17,14,669.2326014935236,673.5235812905227,604.1740037340187,636.3060892399814,1.0064117913374557,1.0531834956608104,0.8235294117647058
2024-10-02 08:00:00,192.0,10.0,44,44,40,2716.281859057675,3059.8138843487604,2623.2657821434896,3001.622164972204,1.1264714205359612,1.1442310517692023,0.9090909090909091
2024-10-02 08:00:00,192.0,20.0,24,26,22,1059.218405416923,1260.061658125632,1035.9723067653674,1210.813391053566,1.1896145796575868,1.1687700367533063,0.9166666666666666
2024-10-02 08:00:00,192.0,30.0,29,33,28,892.7861006332771,1035.8556258849508,881.4358909227096,978.3514123971821,1.1602506189894652,1.1099518665765002,0.9655172413793104
2024-10-02 08:00:00,192.0,40.0,60,55,53,15779.898381869378,16746.504198583076,15689.268470171099,16724.668779758955,1.0612555159305905,1.065994173760006,0.8833333333333333
2024-10-02 08:00:00,192.0,50.0,70,71,65,5871.469949039822,6243.256189303087,5603.0418713134095,6146.042571152903,1.0633208112261674,1.0969117690552272,0.9285714285714286
2024-10-02 08:00:00,192.0,60.0,58,62,51,9468.444836921555,10304.076874184773,9305.226753459234,10134.302100640247,1.0882544125942126,1.0890978123529127,0.8793103448275862
2024-10-02 08:00:00,192.0,70.0,93,91,88,66730.66239254967,72651.62772353188,66613.78329691103,72608.99691836443,1.0887293055200256,1.0899995965509348,0.946236559139785
2024-10-02 08:00:00,192.0,80.0,110,99,99,21767.39907720189,23303.871726796046,21270.104608013382,23303.871726796046,1.0705859549018597,1.0956162255081932,0.9
2024-10-02 08:00:00,192.0,90.0,107,104,95,36159.15294937902,38780.92571359764,35478.69314539927,38651.565404841676,1.072506476240994,1.0894303588477539,0.8878504672897196
2024-10-02 08:00:00,192.0,100.0,129,124,115,14461.437687466398,15380.912342751519,14055.467651110752,15089.120711161062,1.0635811373085002,1.0735409938472324,0.8914728682170543
2024-10-02 08:00:00,192.0,110.0,160,156,142,13237.382219053794,14310.729820135053,12856.059885085535,14058.996558650491,1.0810845817790387,1.093569622755141,0.8875
2024-10-02 08:00:00,192.0,120.0,192,184,175,40175.14971516483,43889.89853492458,39803.950486780624,43705.73548644703,1.0924638450907265,1.0980250691690072,0.9114583333333334
2024-10-02 08:00:00,192.0,130.0,155,157,137,14728.938955892687,15718.005283161696,14307.01310881693,15366.842519913158,1.067151227269722,1.074077615155262,0.8838709677419355
2024-10-02 08:00:00,192.0,140.0,282,272,255,38898.39139512845,41398.79440432601,38261.594860822595,41097.80532888111,1.0642803704605301,1.0741268229506715,0.9042553191489362
2024-10-02 08:00:00,192.0,150.0,283,271,253,38839.98906639099,41409.72757152848,38030.10785662387,41103.82879636949,1.0661621840506936,1.080823355835165,0.8939929328621908
2024-10-02 08:00:00,192.0,160.0,326,331,302,65160.25333841276,70758.4436430985,64585.53190669064,70089.55767728339,1.0859141887557016,1.0852207237147886,0.9263803680981595
2024-10-02 08:00:00,192.0,170.0,278,284,249,19015.509373893354,20451.548910495243,18320.322931915973,19808.439274326964,1.0755193830659855,1.0812276261691072,0.89568345323741
2024-10-02 08:00:00,192.0,180.0,326,326,295,94349.12998449922,100895.36943416782,93691.25080991568,100457.44815249585,1.0693831458832117,1.0722180276609572,0.9049079754601227
2024-10-02 08:00:00,192.0,190.0,355,349,323,46947.99366738969,50051.326997763186,46047.09877270079,49389.14558421253,1.0661015112245167,1.0725788790301178,0.9098591549295775
2024-10-02 08:00:00,192.0,200.0,496,479,449,109776.55218804706,117390.00051686657,108639.85818553614,116689.6969962539,1.0693540485383224,1.074096551166057,0.905241935483871
2024-10-02 08:00:00,192.0,210.0,377,376,342,68742.95760772529,75377.8803132002,67922.30402555801,74799.51225383855,1.096517853411784,1.1012511034032761,0.9071618037135278
2024-10-02 08:00:00,192.0,220.0,309,296,276,24300.519975394505,25303.83030016209,23299.039225122822,24937.93920868399,1.0412876072521695,1.0703419556371225,0.8932038834951457
2024-10-02 08:00:00,192.0,230.0,357,352,333,58737.37616563908,61246.24149945211,58170.18240138289,60887.39650383477,1.0427132687496636,1.0467114592095088,0.9327731092436975
2024-10-02 08:00:00,192.0,240.0,253,252,233,27076.731508819248,29226.36732433782,26660.92462860442,28874.113380825867,1.0793905207804868,1.0830124529832292,0.9209486166007905
2024-10-02 08:00:00,192.0,250.0,261,253,237,33594.82652924633,36042.170780017346,33052.71819785636,35808.01460461233,1.0728488432181797,1.0833606600904206,0.9080459770114943
2024-10-02 08:00:00,192.0,260.0,237,237,221,19646.580546064484,21522.947777384747,19251.063377180035,21163.14607733803,1.0955060463026034,1.0993234847704338,0.9324894514767933
2024-10-02 08:00:00,192.0,270.0,209,203,195,87455.83337702558,97777.06510650637,87135.61245118972,97678.34743926303,1.118016504227746,1.1209922635705232,0.9330143540669856
2024-10-02 08:00:00,192.0,280.0,237,235,226,137319.98803586254,154878.04311420996,137053.59024650784,154742.22786101064,1.1278623405775563,1.129063657381668,0.9535864978902954
2024-10-02 08:00:00,192.0,290.0,223,228,211,24100.53475540557,26026.747153263957,23693.249607640053,25791.07826774007,1.0799240522008067,1.0885411961145068,0.9461883408071748
2024-10-02 08:00:00,192.0,300.0,229,227,221,32423.236320137337,34919.56372054119,32258.268050531937,34793.27580311728,1.076991925659606,1.0785847444944752,0.9650655021834061
2024-10-02 08:00:00,192.0,310.0,235,233,220,23734.95124318998,25410.373769474238,23484.268283708352,25228.791860505895,1.0705888337042602,1.0742847746296513,0.9361702127659575
2024-10-02 08:00:00,192.0,320.0,231,224,212,25288.88397431085,26509.80588814807,24770.407635391286,26320.957669096257,1.0482789954304612,1.0625968719016794,0.9177489177489178
2024-10-02 08:00:00,192.0,330.0,245,235,220,26725.014901047587,27580.09641430369,26275.841061027524,27345.140991604727,1.031995548605759,1.0406951742512704,0.8979591836734694
2024-10-02 08:00:00,192.0,340.0,343,346,325,45704.446632309075,48793.83289034455,45361.9725119887,48318.50310137536,1.0675948728334794,1.0651764115549711,0.9475218658892128
2024-10-02 08:00:00,192.0,350.0,355,358,339,44386.53639134903,47818.51637238708,44040.42799589672,47481.76743116818,1.0773202925945569,1.0781404630216602,0.9549295774647887
2024-10-02 08:00:00,192.0,360.0,350,356,334,41529.26502590967,44154.41444303744,41254.33938582885,43829.116726077824,1.0632120365118423,1.062412279013088,0.9542857142857143
2024-10-02 08:00:00,192.0,370.0,343,337,320,28722.35498830951,29127.47357044423,28255.638542000095,28880.495751970237,1.01410464365821,1.0221144253753576,0.9329446064139941
2024-10-02 08:00:00,192.0,380.0,395,400,373,23767.959930279387,25197.055379488782,23316.70866867798,24826.878044168734,1.0601269714944608,1.0647676907126866,0.9443037974683545
2024-10-02 08:00:00,192.0,390.0,385,398,374,24625.068154444998,26923.099635364597,24455.388657715226,26585.116335899867,1.0933208170839026,1.08708623314039,0.9714285714285714
2024-10-02 08:00:00,192.0,400.0,396,389,382,47239.88835081332,49928.202276495846,46876.63772726069,49826.89989189388,1.0569077112485648,1.0629367272840367,0.9646464646464646
2024-10-02 08:00:00,192.0,410.0,463,445,439,151812.44132327562,163831.66031027917,151030.11717321235,163763.85415979236,1.0791715019022015,1.0843125677508152,0.9481641468682506
2024-10-02 08:00:00,192.0,420.0,483,462,452,335516.5367726214,365254.8971914591,334351.8901049808,365116.13015063945,1.088634559431541,1.0920115631348732,0.9358178053830227
2024-10-02 08:00:00,192.0,430.0,475,459,448,253180.0497464061,273907.6780818815,252085.9283392828,273667.52357518085,1.081869121821553,1.0856120584678226,0.9431578947368421
2024-10-02 08:00:00,192.0,440.0,444,421,410,177905.77055216715,198435.10902739456,176282.260205322,198021.58992416674,1.1153944496095343,1.1233211424310319,0.9234234234234234
2024-10-02 08:00:00,192.0,450.0,471,432,422,169613.54443991592,180143.83355908364,167098.7724087339,179864.4178548358,1.062084010766593,1.0763958062772379,0.8959660297239915
2024-10-02 08:00:00,192.0,460.0,457,449,428,873734.2090383109,949714.5582477857,872545.2724011043,949247.0640983949,1.0869604834324889,1.087905801708397,0.936542669584245
2024-10-02 08:00:00,192.0,470.0,427,409,396,1870692.336811996,2032031.5167267257,1869042.1808588116,2031844.006121635,1.0862457052610166,1.0871044147264868,0.927400468384075
2024-10-02 08:00:00,192.0,480.0,456,442,430,1366589.5483123488,1475275.744558195,1364323.994066365,1475089.2078984596,1.0795309728367721,1.0811868839907735,0.9429824561403509
2024-10-02 08:00:00,192.0,490.0,440,418,407,832566.4624185252,898073.574490135,827149.9356479608,897838.3314316624,1.0786809402354713,1.0854601961956594,0.925
2024-10-03 08:00:00,216.0,0.0,17,18,14,680.9988724149896,721.3564643499983,611.4650782362131,608.764084252244,1.059262347662766,0.9955827502172974,0.8235294117647058
2024-10-03 08:00:00,216.0,10.0,44,43,40,2756.5775472853907,3005.554188743483,2673.540934996905,2961.758956584809,1.0903209277400079,1.1078038558583871,0.9090909090909091
2024-10-03 08:00:00,216.0,20.0,25,29,23,1088.7024113300183,1278.6202631762867,1063.6367505070632,1141.3353777698524,1.174444228165394,1.0730499648735794,0.92
2024-10-03 08:00:00,216.0,30.0,32,33,28,920.5964049796721,1008.3945447534277,873.7297889843658,944.7627808223508,1.0953709348622693,1.0812985807895537,0.875
2024-10-03 08:00:00,216.0,40.0,60,56,53,15844.185771857841,16640.227094730886,15671.192730662417,16591.020530368878,1.0502418574444488,1.058695455764941,0.8833333333333333
2024-10-03 08:00:00,216.0,50.0,69,76,64,5944.423087451812,6352.0044750578245,5771.955038354581,6187.012637257242,1.0685653395812933,1.0719093610647705,0.927536231884058
2024-10-03 08:00:00,216.0,60.0,57,60,48,9533.261353416412,10233.926000079668,9297.105066825816,10084.291113681396,1.073496846534283,1.084670017300809,0.8421052631578947
2024-10-03 08:00:00,216.0,70.0,94,92,86,67124.59434961576,72752.88446825455,66831.219971628,72659.08716935397,1.0838484041977827,1.0872027654171221,0.9148936170212766
2024-10-03 08:00:00,216.0,80.0,110,102,99,21931.230767742483,23640.479643990915,21639.368261651773,23607.59660925517,1.0779367512179243,1.0909559060969167,0.9
2024-10-03 08:00:00,216.0,90.0,110,110,100,36505.35553353776,38899.036536659,35961.82968056078,38739.27046785543,1.065570680469668,1.077233022122787,0.9090909090909091
2024-10-03 08:00:00,216.0,100.0,125,130,114,14529.678620287417,15984.763731682528,14355.135706006418,15260.836971457904,1.1001457189399504,1.063092490659808,0.912
2024-10-03 08:00:00,216.0,110.0,156,162,144,13373.835645778372,14226.230222269902,13111.613817692563,13940.246349885252,1.0637359841311194,1.0631983632003064,0.9230769230769231
2024-10-03 08:00:00,216.0,120.0,191,186,172,40592.44732739893,44164.20504893971,39564.27178950995,43938.13472325937,1.08799069671096,1.1105508261852832,0.900523560209424
2024-10-03 08:00:00,216.0,130.0,155,156,138,14678.408684168402,15757.925778782454,14289.006566973132,15497.729201106356,1.0735445590759698,1.0845910895532096,0.8903225806451613
2024-10-03 08:00:00,216.0,140.0,279,280,263,39224.574898614825,41377.65706198267,38889.255666939425,41045.595466305225,1.0548911535417016,1.0554482147417121,0.942652329749104
2024-10-03 08:00:00,216.0,150.0,284,276,258,39009.88268615221,41215.860837443266,38048.13594320675,40790.075614219124,1.056549212645393,1.072065019823972,0.9084507042253521
2024-10-03 08:00:00,216.0,160.0,327,327,301,65575.06178764996,71001.20897918665,64820.21130487998,70407.9343163395,1.0827471151930903,1.0862034062983508,0.9204892966360856
2024-10-03 08:00:00,216.0,170.0,280,306,260,19128.4414585012,20635.855540593428,18535.625959524696,19918.313722468538,1.0788048563895045,1.0745962270690586,0.9285714285714286
2024-10-03 08:00:00,216.0,180.0,322,327,293,95112.70028609931,101485.80004826053,94273.1361846112,100806.38310009014,1.0670057704490663,1.0693012578120362,0.9099378881987578
2024-10-03 08:00:00,216.0,190.0,356,350,324,47182.384933182926,50089.88126904339,46349.0057461371,49218.23639154619,1.0616224961917016,1.0619049017172977,0.9101123595505618
2024-10-03 08:00:00,216.0,200.0,495,475,446,110763.28057768513,118359.12107823705,109434.70901986002,117746.68265396707,1.0685772438387149,1.075953723535726,0.901010101010101
2024-10-03 08:00:00,216.0,210.0,380,383,347,69152.42073125606,76055.8470107043,68420.58667958376,75454.61164659532,1.0998291340555773,1.1028056804007274,0.9131578947368421
2024-10-03 08:00:00,216.0,220.0,306,297,273,24428.335751002865,25286.874481685292,23230.571460605614,24810.615011038622,1.0351451993878535,1.068015698757667,0.8921568627450981
2024-10-03 08:00:00,216.0,230.0,360,366,342,59097.49227375557,61624.80286320932,58726.47314244996,61079.18773090679,1.0427651071511894,1.040062248975006,0.95
2024-10-03 08:00:00,216.0,240.0,258,252,239,27405.512826749502,28976.935259074304,26763.446898438702,28760.81958139468,1.0573396470359422,1.0746306217781125,0.9263565891472868
2024-10-03 08:00:00,216.0,250.0,264,265,247,33755.74883512441,36571.8216594302,33384.449716888106,36217.48040352251,1.0834249845281327,1.0848607873024567,0.9356060606060606
2024-10-03 08:00:00,216.0,260.0,238,246,225,19781.677322662115,21795.123600771687,19477.97254354455,21347.940550165138,1.1017833950715061,1.09600424286666,0.9453781512605042
2024-10-03 08:00:00,216.0,270.0,205,205,190,87860.99754451857,97392.73775108912,87389.95422785523,97029.09467950839,1.1084865921507536,1.1103003261281115,0.926829268292683
2024-10-03 08:00:00,216.0,280.0,234,229,223,137963.42364293552,155661.2471517622,137525.34199181542,155569.434435873,1.1282790977602193,1.131205581333013,0.9529914529914529
2024-10-03 08:00:00,216.0,290.0,225,230,216,24290.35435316216,26121.920449609675,24021.216500853912,25906.10781975908,1.075403020878906,1.07846777114049,0.96
2024-10-03 08:00:00,216.0,300.0,228,239,219,32394.0775087056,34756.534424332924,32191.081231547854,34265.89811798769,1.0729286677477523,1.0644531592932789,0.9605263157894737
2024-10-03 08:00:00,216.0,310.0,232,230,216,23894.311766606494,25359.166247288995,23544.656262257628,25135.396879209886,1.0613055732674297,1.0675627029434376,0.9310344827586207
2024-10-03 08:00:00,216.0,320.0,228,220,208,25525.29767925071,26974.930686224136,25012.831282240375,26755.296114647957,1.0567920117990168,1.0696628387544744,0.9122807017543859
2024-10-03 08:00:00,216.0,330.0,242,249,229,26800.095251375235,28261.13375948329,26432.995277454775,27931.726746657976,1.054516168483882,1.056699267467486,0.9462809917355371
2024-10-03 08:00:00,216.0,340.0,341,342,320,45674.913889903924,48456.320772628605,45048.05806823922,48122.387051674195,1.060895722527886,1.0682455385485865,0.9384164222873901
2024-10-03 08:00:00,216.0,350.0,359,354,340,44691.52037935826,47858.08073769417,44231.869996981724,47523.053202131385,1.0708537174716135,1.0744075076494446,0.947075208913649
2024-10-03 08:00:00,216.0,360.0,351,362,338,41684.83824013597,44867.33122591473,41441.98973576461,44465.65236426926,1.0763465355783608,1.0729613285410189,0.9629629629629629
2024-10-03 08:00:00,216.0,370.0,342,349,324,28726.959354953935,30324.64227504278,28396.467650123388,30022.370081346955,1.0556161513770976,1.057257207172967,0.9473684210526315
2024-10-03 08:00:00,216.0,380.0,390,392,375,23537.997011924992,25792.850271694413,23226.117823888766,25563.1790389784,1.09579631005251,1.1006221200120623,0.9615384615384616
2024-10-03 08:00:00,216.0,390.0,390,403,380,24794.76851925269,26756.52699402278,24639.91656869219,26457.72390598076,1.079119854385687,1.0737748982315265,0.9743589743589743
2024-10-03 08:00:00,216.0,400.0,395,393,380,47713.84519763231,50095.64862231024,47343.92076364426,49883.624350864775,1.0499184967133213,1.0536437106656105,0.9620253164556962
2024-10-03 08:00:00,216.0,410.0,466,453,445,152175.12787951072,163582.3957227282,151358.36076024326,163475.8007195547,1.0749614473940152,1.0800579492169968,0.9549356223175965
2024-10-03 08:00:00,216.0,420.0,481,469,453,337351.7143612712,364712.03289519757,336295.170607114,364184.87428009487,1.0811032443861428,1.0829322158347727,0.9417879417879418
2024-10-03 08:00:00,216.0,430.0,480,460,445,254490.13112951486,274928.36735517206,253257.15259404053,274581.5614061897,1.0803105257360874,1.0842006182006287,0.9270833333333334
2024-10-03 08:00:00,216.0,440.0,444,428,413,179128.45197445227,198782.0563551726,177886.30797912818,198449.06863378518,1.1097179379606505,1.1155949599958512,0.9301801801801802
2024-10-03 08:00:00,216.0,450.0,470,434,421,170335.42538186052,179357.85507450852,167820.1166046257,178989.78574704594,1.0529686039907518,1.0665573911424178,0.8957446808510638
2024-10-03 08:00:00,216.0,460.0,459,449,429,874995.9327891096,940934.2543181146,873063.372386684,940350.1494880742,1.075358432031589,1.0770697514402066,0.934640522875817
2024-10-03 08:00:00,216.0,470.0,427,418,406,1876351.723079156,2048856.6269993521,1874889.2722118353,2048553.5393802621,1.0919363367743815,1.0926264125259795,0.9508196721311475
2024-10-03 08:00:00,216.0,480.0,457,446,435,1375352.1834695037,1467486.9263437805,1374680.1807982577,1467303.8735884954,1.0669899273667163,1.0673783575874736,0.9518599562363238
2024-10-03 08:00:00,216.0,490.0,447,427,414,835810.9424279903,883797.8371099727,833577.138751737,883452.431423594,1.0574135755420753,1.0598328461197295,0.9261744966442953
2024-10-04 08:00:00,240.0,0.0,17,19,16,704.0814974603229,751.4120040187473,670.4384722957751,716.733788258215,1.0672230512080623,1.0690522961844826,0.9411764705882353
2024-10-04 08:00:00,240.0,10.0,44,46,43,2724.2341935185536,3028.384392614518,2712.4561730706814,2986.927391626206,1.1116461278621321,1.1011891809646475,0.9772727272727273
2024-10-04 08:00:00,240.0,20.0,25,26,23,1098.3171960446487,1209.2161925965074,1051.5245089938428,1172.9538524483507,1.1009717383568585,1.1154793277911308,0.92
2024-10-04 08:00:00,240.0,30.0,29,34,26,922.3869531544502,1052.4989205128638,872.6763593872823,959.1056982403013,1.1410600691103086,1.0990393952160022,0.896551724137931
2024-10-04 08:00:00,240.0,40.0,60,56,54,15851.656307421856,16495.741334529244,15779.059486445707,16465.41390640695,1.0406320333103503,1.0434978029299418,0.9
2024-10-04 08:00:00,240.0,50.0,70,73,65,5876.892429272301,6260.609287292986,5768.896760177301,6155.642020886367,1.0652924760217533,1.0670397264480047,0.9285714285714286
2024-10-04 08:00:00,240.0,60.0,57,64,52,9486.209256184091,10204.183238900278,9252.341003213114,10052.884130622568,1.0756860789517306,1.086523305521429,0.9122807017543859
2024-10-04 08:00:00,240.0,70.0,96,93,89,66830.83323313364,72589.86871392487,66637.98637984684,72536.36805107353,1.0861733305149932,1.0885138040877316,0.9270833333333334
2024-10-04 08:00:00,240.0,80.0,107,107,102,21741.521755403122,23459.526340889923,21525.664208838363,23392.977129490588,1.0790195187261833,1.0867482137849902,0.9532710280373832
2024-10-04 08:00:00,240.0,90.0,110,107,96,36451.70389113755,38660.56080568022,35810.47884346237,38517.00355383683,1.0605968083450747,1.0755791264955,0.8727272727272727
2024-10-04 08:00:00,240.0,100.0,129,128,114,14703.265088053535,16041.264127730377,14412.811425931915,15818.36262986366,1.0910001303563501,1.0975209598179325,0.8837209302325582
2024-10-04 08:00:00,240.0,110.0,157,165,144,13368.219305632632,14540.139992377266,13052.997712627144,14196.166670216751,1.0876646814322422,1.0875790360771866,0.9171974522292994
2024-10-04 08:00:00,240.0,120.0,191,191,177,40226.00056696172,43866.409554539074,39197.18925975389,43668.75217676991,1.0904989045957327,1.11407866230876,0.9267015706806283
2024-10-04 08:00:00,240.0,130.0,153,154,138,14801.229342411305,15769.644535609677,14249.285178588369,15506.083085350405,1.0654280243076488,1.0882007687410564,0.9019607843137255
2024-10-04 08:00:00,240.0,140.0,283,281,263,39391.510701415245,41614.50474045651,39047.9420735529,41305.38866330784,1.056433327878471,1.0578121783089793,0.9293286219081273
2024-10-04 08:00:00,240.0,150.0,276,266,244,39124.07635106936,41526.07483565979,38261.413227039506,41131.00419999721,1.0613943818899838,1.0749996074616959,0.8840579710144928
2024-10-04 08:00:00,240.0,160.0,321,328,297,65653.28850490744,71005.09002127583,64812.32468248217,70368.2771329164,1.0815161226229872,1.085723702670025,0.9252336448598131
2024-10-04 08:00:00,240.0,170.0,278,295,255,19213.094449601987,20413.052140615568,18552.68175253089,19569.888409428386,1.062455201797982,1.0548280119535134,0.9172661870503597
2024-10-04 08:00:00,240.0,180.0,323,321,293,95026.87140665343,101711.28655308284,94329.09067099678,101124.01160363082,1.0703423678742874,1.0720342037042796,0.9071207430340558
2024-10-04 08:00:00,240.0,190.0,349,359,324,47398.29137397996,51060.75048801801,46810.1749162144,50088.29796383508,1.0772698552599855,1.0700301388210618,0.9283667621776505
2024-10-04 08:00:00,240.0,200.0,494,473,446,110952.22174979979,117255.453571728,109374.3658243561,116644.37988800122,1.056810325404228,1.066469085410013,0.902834008097166
2024-10-04 08:00:00,240.0,210.0,373,376,348,69112.42920359246,76265.22534157439,68590.93757733962,75681.35001731846,1.103495076361896,1.1033724379694339,0.9329758713136729
2024-10-04 08:00:00,240.0,220.0,304,305,276,24532.211227381078,26202.213916464287,23748.908765742257,25672.686698080845,1.068073875347171,1.0810048980066669,0.9078947368421053
2024-10-04 08:00:00,240.0,230.0,354,356,334,59811.92928187293,61988.430426072846,59166.04644999911,61478.95981127235,1.0363890810801775,1.0390919032122228,0.943502824858757
2024-10-04 08:00:00,240.0,240.0,254,257,238,27651.624433090445,29079.19100699533,27138.459075903324,28761.267976115265,1.0516268611039188,1.0597973855358966,0.937007874015748
2024-10-04 08:00:00,240.0,250.0,262,264,250,33619.55548835323,35908.47272919661,33362.52533550587,35704.01313389778,1.0680829120907422,1.0701831703339315,0.9541984732824428
2024-10-04 08:00:00,240.0,260.0,239,241,226,19702.06891647911,21695.906794532108,19389.711310865896,21434.47530142532,1.101199416493022,1.1054561338112108,0.9456066945606695
2024-10-04 08:00:00,240.0,270.0,204,203,191,88016.50576021231,96359.94189377537,87586.36634316256,96052.80618941835,1.094793994166202,1.09666390101268,0.9362745098039216
2024-10-04 08:00:00,240.0,280.0,236,225,219,137711.69183790314,155109.91542692884,137291.78203122888,154997.00793927305,1.1263380280703015,1.1289605659282425,0.9279661016949152
2024-10-04 08:00:00,240.0,290.0,222,223,213,24231.78021383813,26123.400763092606,24043.14710491812,25971.867721232775,1.0780636227533222,1.080219141358584,0.9594594594594594
2024-10-04 08:00:00,240.0,300.0,230,232,221,32593.9734528575,35251.66655872658,32412.213638654608,35058.59319422437,1.0815394020527462,1.0816476031249438,0.9608695652173913
2024-10-04 08:00:00,240.0,310.0,228,234,219,23839.801017512356,25341.076084795397,23635.834612656527,25083.527522154574,1.0629734730663325,1.0612499170527634,0.9605263157894737
2024-10-04 08:00:00,240.0,320.0,225,222,207,25812.16211352619,27008.16098949974,25297.86433978218,26812.478044880456,1.0463347034128079,1.0598712082867987,0.92
2024-10-04 08:00:00,240.0,330.0,245,244,228,27072.81331246883,28200.072264863484,26561.35866147854,27885.178451948825,1.0416380425404654,1.0498400630533329,0.9306122448979591
2024-10-04 08:00:00,240.0,340.0,343,342,325,46257.14590462,48588.15413578228,45616.00538448851,48215.149044051825,1.0503923920418414,1.056978765186816,0.9475218658892128
2024-10-04 08:00:00,240.0,350.0,354,350,332,44647.154854266366,47596.33833520404,44087.24987318248,47300.67515292326,1.0660553509078945,1.07288785961892,0.9378531073446328
2024-10-04 08:00:00,240.0,360.0,347,361,336,42047.04135161269,45185.34401521063,41845.945855982696,44749.09199283667,1.0746378951459226,1.0693769988339006,0.968299711815562
2024-10-04 08:00:00,240.0,370.0,341,342,323,29025.7719431551,30967.49572227962,28700.04527180636,30739.67368001316,1.0668965422496686,1.0710670798213144,0.9472140762463344
2024-10-04 08:00:00,240.0,380.0,389,398,375,23812.626413087295,25773.261368497784,23561.098451856757,25484.870124707933,1.0823359389845773,1.0816503388745686,0.9640102827763496
2024-10-04 08:00:00,240.0,390.0,391,396,375,24878.318779611065,26880.84173471186,24603.2177138114,26616.716778017588,1.0804926961841954,1.0818388508213654,0.959079283887468
2024-10-04 08:00:00,240.0,400.0,399,399,386,47697.801957397605,50512.24546965891,47450.81588201683,50302.97244727036,1.059005727659633,1.0601076401372154,0.9674185463659147
2024-10-04 08:00:00,240.0,410.0,465,456,447,153581.82636780222,165907.64544396676,152850.14157877312,165786.74855450098,1.0802557136327204,1.0846358848091797,0.9612903225806452
2024-10-04 08:00:00,240.0,420.0,482,462,455,339530.1904089424,369224.86181761057,338338.7473348016,368991.03966730804,1.0874581178566267,1.0905964586496935,0.9439834024896265
2024-10-04 08:00:00,240.0,430.0,477,460,448,255225.16738848435,274800.12542160146,254110.332055191,274405.1250749417,1.0766968172982785,1.0798660678438798,0.939203354297694
2024-10-04 08:00:00,240.0,440.0,444,432,416,180358.01401168067,197163.51105798295,179102.17986271926,196421.89200495725,1.0931785434564272,1.0967029667395083,0.9369369369369369
2024-10-04 08:00:00,240.0,450.0,471,437,424,172633.5250612874,183001.4103511539,170561.58551137085,182142.67739136945,1.060057195067909,1.0678997667926025,0.9002123142250531
2024-10-04 08:00:00,240.0,460.0,458,443,427,868661.0364858896,934573.2521122086,867613.7413937086,934354.0977232862,1.0758779464691572,1.0769240425150113,0.9323144104803494
2024-10-04 08:00:00,240.0,470.0,430,418,405,1864411.720602544,2039266.294760226,1862495.3613172504,2039013.566329756,1.0937853866854967,1.0947751112183512,0.9418604651162791
2024-10-04 08:00:00,240.0,480.0,451,448,432,1384208.152867359,1483189.499180188,1381684.921899368,1482819.3165519815,1.0715075591108107,1.0731964234751774,0.9578713968957872
2024-10-04 08:00:00,240.0,490.0,442,422,411,837874.0465251054,889950.3408118978,834766.989340846,889725.4563085823,1.0621528910016573,1.0658368954085415,0.9298642533936652
2024-10-05 08:00:00,264.0,0.0,17,16,15,708.2246589499772,737.3978711052598,668.9384827216295,725.6624780672637,1.0411920310689764,1.0847970281435269,0.8823529411764706
2024-10-05 08:00:00,264.0,10.0,43,42,39,2658.4980468618232,2930.1331548491135,2559.3618423575567,2887.189912439922,1.1021761548058826,1.1280897701359751,0.9069767441860465
2024-10-05 08:00:00,264.0,20.0,24,27,22,1094.064127585491,1293.9995251167175,1054.559707547513,1221.1258080901443,1.182745592776602,1.157948477786998,0.9166666666666666
2024-10-05 08:00:00,264.0,30.0,27,27,25,865.9614351810492,952.1219615076574,841.0207953042682,925.7865378374798,1.0994969554372758,1.1007891160438485,0.9259259259259259
2024-10-05 08:00:00,264.0,40.0,60,57,54,16034.641881743846,16832.285131130135,15647.253443005215,16789.8976184638,1.049744999312672,1.0730252232202055,0.9
2024-10-05 08:00:00,264.0,50.0,71,67,63,5884.126050664406,6240.707665948023,5723.012879692352,6183.9302687566205,1.0606006078410495,1.080537541807707,0.8873239436619719
2024-10-05 08:00:00,264.0,60.0,57,59,49,9323.296146737039,10095.061257882002,9076.192366896697,9960.71530473407,1.082778139726374,1.0974552876450112,0.8596491228070176
2024-10-05 08:00:00,264.0,70.0,91,97,85,66058.42671927418,72272.02752959932,65924.47843195086,72061.26872857421,1.0940621979498668,1.093088188827431,0.9340659340659341
2024-10-05 08:00:00,264.0,80.0,110,108,101,21122.938899654582,22895.22598333457,20696.875265494702,22776.366571924034,1.0839034327609105,1.1004736840587819,0.9181818181818182
2024-10-05 08:00:00,264.0,90.0,110,116,101,36882.07223179676,39772.531444759654,36564.92980915003,39431.1571335854,1.0783703040001904,1.0783873328732092,0.9181818181818182
2024-10-05 08:00:00,264.0,100.0,127,132,116,15334.83584699731,16683.134626200168,14859.135372061366,16431.75128171076,1.087923913412276,1.1058349540718417,0.9133858267716536
2024-10-05 08:00:00,264.0,110.0,158,159,147,13511.320965468854,14877.937766626219,13285.194714741388,14698.951084076538,1.1011460540867954,1.1064159313951516,0.930379746835443
2024-10-05 08:00:00,264.0,120.0,192,183,174,39815.79441833234,43458.41191459087,38717.24265668352,43292.2934570784,1.0914867466409601,1.1181657185911487,0.90625
2024-10-05 08:00:00,264.0,130.0,154,158,142,15018.353867352609,16543.88122185714,14811.16067846002,16310.540663413562,1.10157753426098,1.1012331185586353,0.922077922077922
2024-10-05 08:00:00,264.0,140.0,286,278,260,40249.87705715216,42599.11117390902,39706.33790465136,42260.27875771332,1.058366243291156,1.0643207353746613,0.9090909090909091
2024-10-05 08:00:00,264.0,150.0,276,270,247,42037.853244846054,43652.82580118163,41100.975651997964,43214.9775776068,1.0384171034360223,1.0514343489922986,0.894927536231884
2024-10-05 08:00:00,264.0,160.0,329,334,304,65460.381225081765,71547.30753239983,64722.239987229725,70831.7329861476,1.0929864170266366,1.0943955740735076,0.9240121580547113
2024-10-05 08:00:00,264.0,170.0,288,293,254,19740.17078498452,21024.463198584537,18810.05076827056,20287.503309040723,1.0650598430777976,1.07854590925732,0.8819444444444444
2024-10-05 08:00:00,264.0,180.0,325,324,289,96091.3608101997,104169.59458166052,95183.48171132225,103576.74094654951,1.084068262779804,1.0881797879666013,0.8892307692307693
2024-10-05 08:00:00,264.0,190.0,360,357,328,47730.70779308762,51275.00750307247,46679.16017158925,50459.778187690084,1.0742561733077451,1.0809915603066456,0.9111111111111111
2024-10-05 08:00:00,264.0,200.0,489,485,452,112302.07955802292,121437.80747418758,111087.64146475114,120602.80150539102,1.0813495881119861,1.0856545329001255,0.9243353783231084
2024-10-05 08:00:00,264.0,210.0,369,367,338,70087.79191835743,77577.18668210505,69145.21737170608,76938.18754912437,1.1068573364741143,1.1127043991419592,0.9159891598915989
2024-10-05 08:00:00,264.0,220.0,303,304,280,24860.75007934071,26436.388725622208,24057.002745590395,25965.19934238753,1.0633785642530091,1.0793197979389557,0.9240924092409241
2024-10-05 08:00:00,264.0,230.0,356,340,325,60936.118406269656,64083.5911731206,59580.54156553519,63798.98707600372,1.0516520062184844,1.0708024029259366,0.9129213483146067
2024-10-05 08:00:00,264.0,240.0,247,261,233,28138.189115999987,29858.980426586848,27519.344547589844,29316.77630644608,1.0611550126233384,1.0653152096608949,0.9433198380566802
2024-10-05 08:00:00,264.0,250.0,261,267,250,34039.72136641811,37153.673233773035,33815.08409963778,36815.96995954016,1.0914799458501736,1.0887440010812963,0.9578544061302682
2024-10-05 08:00:00,264.0,260.0,237,236,218,20704.830891668928,23431.652087438153,20253.261603742656,22998.626662293525,1.1316997569328822,1.1355517502446888,0.919831223628692
2024-10-05 08:00:00,264.0,270.0,206,213,195,88856.52764590409,99126.07468886438,88519.81536811433,98838.94711493538,1.1155744807391612,1.1165742574575916,0.9466019417475728
2024-10-05 08:00:00,264.0,280.0,237,226,218,131510.62979180532,147965.67277216708,131140.71842450876,147853.3293400915,1.125123292363604,1.1274402879316494,0.919831223628692
2024-10-05 08:00:00,264.0,290.0,226,235,214,24299.91105052585,26473.93224277588,24035.143165654852,26137.500259665132,1.089466220173797,1.0874701298644418,0.9469026548672567
2024-10-05 08:00:00,264.0,300.0,230,232,219,33353.79489850464,36151.71353605336,33037.34763431463,35908.15434626616,1.0838860659203178,1.0868957987707744,0.9521739130434783
2024-10-05 08:00:00,264.0,310.0,228,232,219,24189.562729987556,25542.54803581507,23958.89337889882,25317.760064670154,1.055932607006171,1.056716588044426,0.9605263157894737
2024-10-05 08:00:00,264.0,320.0,225,232,212,26081.250777111156,27648.342380440077,25780.920469720946,27336.225298930138,1.0600849865952058,1.060327746289581,0.9422222222222222
2024-10-05 08:00:00,264.0,330.0,239,248,226,28062.75529611201,29779.542651486605,27546.500439056,29283.97327519724,1.0611767211472798,1.063074176699332,0.9456066945606695
2024-10-05 08:00:00,264.0,340.0,345,341,323,47393.10673759304,51168.03208703229,46964.90261748676,50807.55742391571,1.0796513588007708,1.081819712003367,0.936231884057971
2024-10-05 08:00:00,264.0,350.0,355,366,340,44812.49280929871,48618.98296085492,44405.73652455767,48054.5204819366,1.084942611154324,1.0821692025164595,0.9577464788732394
2024-10-05 08:00:00,264.0,360.0,351,354,335,42266.219394228756,45717.91044345113,41738.48976588072,45427.87215085662,1.0816654789260307,1.0883928097463604,0.9544159544159544
2024-10-05 08:00:00,264.0,370.0,342,351,331,30182.060801931497,32715.52227386658,29954.89376845074,32471.806568661796,1.0839393137718731,1.0840234260106751,0.9678362573099415
2024-10-05 08:00:00,264.0,380.0,397,406,381,25401.087401876517,28832.35082804917,25104.556596558894,28455.34554543446,1.1350833282011055,1.1334733372400954,0.9596977329974811
2024-10-05 08:00:00,264.0,390.0,399,409,387,26855.80086549188,29753.959008765134,26593.18119692387,29454.069122649416,1.107915535931651,1.1075797552966877,0.9699248120300752
2024-10-05 08:00:00,264.0,400.0,400,404,390,51348.08734595809,56272.97947199546,51133.544531175445,55983.85924847089,1.0959118904051064,1.0948558282389025,0.975
2024-10-05 08:00:00,264.0,410.0,469,459,453,158229.72115383632,173701.6196716557,157645.48242055762,173593.4420038645,1.0977812411283787,1.1011634417836462,0.9658848614072495
2024-10-05 08:00:00,264.0,420.0,489,473,464,332603.90955907793,362958.1103073155,331450.08785390283,362753.0424594629,1.0912623089382116,1.0944424387039469,0.9488752556237219
2024-10-05 08:00:00,264.0,430.0,480,468,453,250808.50460290833,272722.1283040495,249462.90452709293,272305.69224262016,1.0873719323666309,1.091567873623657,0.94375
2024-10-05 08:00:00,264.0,440.0,451,434,422,182832.23356143304,204560.3465685085,181672.9240494183,204307.11420968527,1.118841806960558,1.1245875811087296,0.9356984478935698
2024-10-05 08:00:00,264.0,450.0,473,441,429,179881.67053149772,192243.93674924638,177139.97898595937,191970.39556918252,1.0687244352424667,1.0837214538926792,0.9069767441860465
2024-10-05 08:00:00,264.0,460.0,467,451,436,835070.7992691335,911098.8717445873,834133.7770741314,910850.0938100765,1.0910438642352178,1.0919712387202936,0.9336188436830836
2024-10-05 08:00:00,264.0,470.0,437,421,411,1647661.0822341577,1818150.8218535162,1646098.6675080848,1818011.0540857986,1.1034737917024668,1.1044362588774586,0.9405034324942791
2024-10-05 08:00:00,264.0,480.0,456,444,437,1437121.5618970073,1559209.1286969995,1436342.047909914,1559076.5820486993,1.0849528460479265,1.0854493776864513,0.9583333333333334
2024-10-05 08:00:00,264.0,490.0,441,423,409,894292.863831971,964934.1189615706,891743.9564178482,964508.3653269846,1.0789911873241476,1.0815978716597445,0.927437641723356
2024-10-06 08:00:00,288.0,0.0,16,16,15,737.8566590759701,769.2299275456097,707.0014530649378,756.5864145688807,1.0425194623965701,1.0701341719864734,0.9375
2024-10-06 08:00:00,288.0,10.0,42,41,39,2649.4485994326983,2874.5486578411965,2589.3345383472274,2851.540621160225,1.084961096605798,1.1012638880491525,0.9285714285714286
2024-10-06 08:00:00,288.0,20.0,23,24,21,1139.800950794619,1319.460179837302,1090.0274228860064,1280.578880088163,1.157623336704038,1.1748134525805267,0.9130434782608695
2024-10-06 08:00:00,288.0,30.0,25,23,22,868.3426142555412,918.8420395908497,821.9970467773443,906.9114149874824,1.0581561062491485,1.1033025222451183,0.88
2024-10-06 08:00:00,288.0,40.0,61,59,55,16271.794431486,17169.149683047923,15959.180206305002,17121.032149699186,1.0551478975069606,1.0728014803000452,0.9016393442622951
2024-10-06 08:00:00,288.0,50.0,64,66,59,6145.244809072012,6436.901377251791,6033.191318194686,6314.250864726099,1.0474605287895475,1.0465855517765208,0.921875
2024-10-06 08:00:00,288.0,60.0,59,53,51,9456.241638531395,10111.809491465994,9212.268357589022,10089.14398751074,1.0693264700706624,1.0951856367926314,0.864406779661017
2024-10-06 08:00:00,288.0,70.0,89,90,85,64057.96941456912,70080.12389221175,64003.54852973253,70014.27516227949,1.0940110111619143,1.0939123965877409,0.9550561797752809
2024-10-06 08:00:00,288.0,80.0,114,113,105,19490.959812901696,22429.995703658085,19268.405563581273,22223.32117661321,1.1507896952725205,1.1533554815047566,0.9210526315789473
2024-10-06 08:00:00,288.0,90.0,110,109,100,36699.26350263312,39586.119978043214,36206.41207030403,39440.675918179935,1.0786625179876694,1.0893284825239173,0.9090909090909091
2024-10-06 08:00:00,288.0,100.0,133,131,119,16721.329440056234,18231.796399485953,16323.596555295448,17998.579985464257,1.0903317505252526,1.102611175453576,0.8947368421052632
2024-10-06 08:00:00,288.0,110.0,150,149,137,13758.509209156293,15178.241840471113,13209.322297673156,14987.953816434612,1.1031894233402837,1.1346497177281203,0.9133333333333333
2024-10-06 08:00:00,288.0,120.0,182,169,161,39811.59218698091,44199.47698587143,39192.450051382155,43972.26311177991,1.1102162600853083,1.1219574957455152,0.8846153846153846
2024-10-06 08:00:00,288.0,130.0,150,156,137,15432.29919509889,16966.779270075305,15035.267551017432,16294.5136445467,1.099433017438111,1.0837528224394022,0.9133333333333333
2024-10-06 08:00:00,288.0,140.0,283,273,257,41086.81437606185,43597.548091485034,40502.60594227289,43035.33942463485,1.061108016125144,1.0625326055802875,0.9081272084805654
2024-10-06 08:00:00,288.0,150.0,272,272,249,44816.81649386274,46352.9145278035,43501.21113407903,45954.6286257585,1.0342750367856028,1.0563988318421198,0.9154411764705882
2024-10-06 08:00:00,288.0,160.0,321,316,296,63837.099236542024,69909.78636064664,63275.901209401556,69449.7637943725,1.0951278675994172,1.0975705200079178,0.9221183800623053
2024-10-06 08:00:00,288.0,170.0,269,291,253,20186.059427746415,21501.602428586753,19731.31648427403,20795.95795860552,1.0651708673279778,1.0539569407434124,0.9405204460966543
2024-10-06 08:00:00,288.0,180.0,317,313,286,97332.32910661287,106642.21065304737,96658.99479839866,105828.80671204152,1.0956504548066135,1.094867652335598,0.9022082018927445
2024-10-06 08:00:00,288.0,190.0,349,341,312,49312.85574155608,53176.19919497653,48107.81730721684,52400.16862357813,1.078343535277451,1.0892235723136285,0.8939828080229226
2024-10-06 08:00:00,288.0,200.0,467,458,425,115560.09168953678,124957.9732066274,114102.19453940913,123971.62843929807,1.0813246284222318,1.0864964424192578,0.9100642398286938
2024-10-06 08:00:00,288.0,210.0,352,347,319,72018.05720110412,80033.92134065775,71196.60255078736,79323.4349216474,1.1113035320734914,1.1141463508046308,0.90625
2024-10-06 08:00:00,288.0,220.0,282,291,265,25406.87083306073,28156.564366366765,25039.782808978525,27325.240638681928,1.1082263751161356,1.0912730692250217,0.9397163120567376
2024-10-06 08:00:00,288.0,230.0,347,351,328,63482.15301194686,66531.80565134907,62561.80610005553,65883.19629811298,1.048039527563413,1.0530897428495833,0.9452449567723343
2024-10-06 08:00:00,288.0,240.0,252,255,240,28653.51366895269,30536.413527026594,28175.303380501537,30199.96267441295,1.0657127038529346,1.0718593608937876,0.9523809523809523
2024-10-06 08:00:00,288.0,250.0,251,258,240,34584.27169010682,37596.747428929055,34333.62369747569,37304.90805579092,1.0871053687588275,1.0865415309638198,0.9561752988047809
2024-10-06 08:00:00,288.0,260.0,243,250,229,22674.397382895826,25415.837154918263,22370.09640934109,25033.11803618006,1.1209046364376771,1.1190438153734095,0.9423868312757202
2024-10-06 08:00:00,288.0,270.0,210,218,199,89538.76283075038,100631.41177208466,89199.95501000248,100227.7489474274,1.123886555840648,1.1236300392325123,0.9476190476190476
2024-10-06 08:00:00,288.0,280.0,240,233,226,124778.74199468011,139495.96458090382,124343.60484433915,139420.64159635117,1.1179465536433375,1.1212530131395688,0.9416666666666667
2024-10-06 08:00:00,288.0,290.0,226,230,214,26065.09024036396,28478.05701424065,25751.29278412611,28231.923536340855,1.0925746564322272,1.0963303385585317,0.9469026548672567
2024-10-06 08:00:00,288.0,300.0,231,230,220,33426.67362060481,36660.33228725577,33011.20260376982,36422.08554727653,1.0967388709793031,1.1033250131613561,0.9523809523809523
2024-10-06 08:00:00,288.0,310.0,232,228,219,24764.633486208364,26406.746030864408,24587.16061292825,26265.62723104768,1.0663087764077166,1.0682659801407435,0.9439655172413793
2024-10-06 08:00:00,288.0,320.0,226,219,207,27266.137892033435,28626.456639724325,26580.367024777563,28373.94894312194,1.0498904081347122,1.067477695724534,0.915929203539823
2024-10-06 08:00:00,288.0,330.0,244,242,229,29525.85804184421,31127.202666869056,29173.636758867415,30801.7047564278,1.054235329004001,1.055806137953148,0.9385245901639344
2024-10-06 08:00:00,288.0,340.0,343,346,326,48801.629085303925,52458.22732419068,48422.338455854755,52021.33534135093,1.0749277904738614,1.074325135882838,0.9504373177842566
2024-10-06 08:00:00,288.0,350.0,367,363,345,45665.90714950944,49374.77705697959,45296.38478838742,49020.48082781938,1.0812174801505063,1.0822161869391993,0.9400544959128065
2024-10-06 08:00:00,288.0,360.0,355,361,338,43035.96623088703,46497.83220286179,42669.84506163286,46191.95747413671,1.0804412280045468,1.0825433607133201,0.952112676056338
2024-10-06 08:00:00,288.0,370.0,348,357,335,31687.04981410118,33677.72319565034,31434.248068600937,33399.964201958144,1.0628229321829539,1.0625342183807707,0.9626436781609196
2024-10-06 08:00:00,288.0,380.0,398,407,389,28385.933688919737,30819.376823489394,28231.454273957344,30574.264988549956,1.0857270774052268,1.0829858317555316,0.9773869346733668
2024-10-06 08:00:00,288.0,390.0,413,412,402,30198.5116694522,32871.10871018318,30019.00983483497,32723.858193706918,1.0885009522980726,1.0901045162300176,0.9733656174334141
2024-10-06 08:00:00,288.0,400.0,404,400,391,56141.964179726834,61754.71374553653,55862.328715712596,61557.80974569336,1.0999742286864358,1.1019556678162394,0.9678217821782178
2024-10-06 08:00:00,288.0,410.0,475,460,454,161326.5653185763,177005.0725628534,160407.8005125756,176925.77165369113,1.0971849069824073,1.102974862122248,0.9557894736842105
2024-10-06 08:00:00,288.0,420.0,490,468,458,320766.604688787,348621.5375827207,319652.77835566946,348398.15183994605,1.0868386312252143,1.0899268688736137,0.9346938775510204
2024-10-06 08:00:00,288.0,430.0,482,465,456,249561.88166401978,271884.63862089475,247859.70587144184,271122.7774400561,1.0894477826823235,1.0938558023653921,0.946058091286307
2024-10-06 08:00:00,288.0,440.0,456,444,426,186776.15662473848,208297.7685369262,185469.3389272389,207916.71163623082,1.1152267628861636,1.1210301003865561,0.9342105263157895
2024-10-06 08:00:00,288.0,450.0,482,446,434,187804.60451060903,203417.05635808647,185199.3258550436,203126.80345831558,1.0831313581909303,1.096800987371325,0.9004149377593361
2024-10-06 08:00:00,288.0,460.0,472,451,437,837154.9357317423,915981.6568259513,836025.8336795875,915704.8729627582,1.094160253651623,1.0953069104724678,0.9258474576271186
2024-10-06 08:00:00,288.0,470.0,443,426,412,1518485.485108328,1667006.155159582,1516611.34933822,1666754.6813803334,1.097808422607779,1.0989992143390126,0.9300225733634312
2024-10-06 08:00:00,288.0,480.0,455,448,435,1462897.2912024963,1599168.313678398,1461501.6422301643,1598942.4069715147,1.093151462714028,1.0940407870713194,0.9560439560439561
2024-10-06 08:00:00,288.0,490.0,442,420,410,943340.143650859,1022278.0879574752,940354.9282730897,1022094.6297284198,1.0836791955032417,1.0869243080433901,0.9276018099547512
2024-10-07 08:00:00,312.0,0.0,17,16,14,671.358181101694,717.1789504706005,606.8603473463239,633.8115206240424,1.0682508542514741,1.0444108325672792,0.8235294117647058
2024-10-07 08:00:00,312.0,10.0,44,44,41,2724.203173688003,2960.4557029121147,2633.0378056808945,2914.3385743119925,1.086723534979322,1.1068350663344746,0.9318181818181818
2024-10-07 08:00:00,312.0,20.0,23,28,22,1055.2613420316106,1276.5807454149094,1024.4254007000843,1181.02180760876,1.209729471333812,1.1528626748240125,0.9565217391304348
2024-10-07 08:00:00,312.0,30.0,28,27,23,892.8470890194604,962.3086778611012,819.6442292603491,918.2206730819844,1.0777978555296905,1.1202673553995386,0.8214285714285714
2024-10-07 08:00:00,312.0,40.0,58,55,52,15872.85664938956,16832.35080591838,15666.106624083784,16762.78659724175,1.060448738227956,1.0700033517882497,0.896551724137931
2024-10-07 08:00:00,312.0,50.0,68,72,64,5954.828832522806,6340.87033654741,5877.871971509989,6201.496358391396,1.064828312430444,1.05505808708492,0.9411764705882353
2024-10-07 08:00:00,312.0,60.0,56,59,51,9460.662394196434,10322.677363518846,9317.272746122888,10207.424329263093,1.0911157098102569,1.095537783146964,0.9107142857142857
2024-10-07 08:00:00,312.0,70.0,92,94,86,67101.22357785804,73665.39797353136,67017.08383579669,73530.40148394024,1.0978249582596191,1.0971889147564566,0.9347826086956522
2024-10-07 08:00:00,312.0,80.0,107,111,101,21575.557110395774,23904.44295520825,21358.5186835098,23599.488617684492,1.1079409367228041,1.1049215990762913,0.9439252336448598
2024-10-07 08:00:00,312.0,90.0,107,110,99,36216.36978214187,39053.85410698615,36056.5259995614,38840.4945125715,1.0783481155597057,1.0772112242051262,0.9252336448598131
2024-10-07 08:00:00,312.0,100.0,127,128,112,14729.568833506766,15714.788872686915,14401.026939222374,15194.948637308542,1.0668872286973516,1.055129519681951,0.8818897637795275
2024-10-07 08:00:00,312.0,110.0,159,158,144,13410.679492849773,14338.482790967608,13172.412491496929,14081.457594239988,1.0691839141046147,1.0690112842525898,0.9056603773584906
2024-10-07 08:00:00,312.0,120.0,186,187,176,40370.864421117214,44670.96457984297,40137.806149837175,44487.10248859499,1.1065149389388962,1.1083590947278381,0.946236559139785
2024-10-07 08:00:00,312.0,130.0,154,154,140,14791.623309478939,15897.466133238227,14389.535527380638,15600.616959877629,1.074761424126494,1.0841640392208995,0.9090909090909091
2024-10-07 08:00:00,312.0,140.0,277,271,256,39291.95279098948,42064.67200595902,38777.00515601818,41783.839455168294,1.0705671013532672,1.0775416844867776,0.924187725631769
2024-10-07 08:00:00,312.0,150.0,277,265,248,39385.15765809636,42123.64306078512,38539.876563390266,41899.936472306836,1.0695308985801613,1.087183982112396,0.8953068592057761
2024-10-07 08:00:00,312.0,160.0,322,325,298,65548.08313829322,71428.38751356446,64682.74676809715,70821.14943360584,1.089709783928616,1.0949001545576953,0.9254658385093167
2024-10-07 08:00:00,312.0,170.0,279,289,254,19225.987647234717,20712.70188306865,18651.616626853916,20141.756162704518,1.0773283673698693,1.0798933178642087,0.910394265232975
2024-10-07 08:00:00,312.0,180.0,318,317,290,95497.09376356342,103526.60674984561,94913.70769982263,103055.33313220617,1.0840812287561554,1.0857792370532244,0.9119496855345912
2024-10-07 08:00:00,312.0,190.0,354,347,321,47422.057243083604,50148.545594158546,46401.700258101744,49437.58036224173,1.0574940968313347,1.0654260530811028,0.9067796610169492
2024-10-07 08:00:00,312.0,200.0,492,460,437,111570.5127378235,119668.95263275134,110253.13581501108,119245.89778699922,1.0725858445587513,1.0815646820882874,0.8882113821138211
2024-10-07 08:00:00,312.0,210.0,373,374,346,69417.22199142496,76438.65084288611,68788.25972542976,75859.49759300244,1.1011482259017582,1.1027971618383388,0.9276139410187667
2024-10-07 08:00:00,312.0,220.0,299,295,273,24493.680690527377,26125.834336091793,23650.241809221312,25747.08079544339,1.0666357035590666,1.0886603614092654,0.9130434782608695
2024-10-07 08:00:00,312.0,230.0,352,353,332,59672.16899139701,63279.34423632506,59190.11056988126,62502.610931025556,1.0604498764817498,1.0559637468024912,0.9431818181818182
2024-10-07 08:00:00,312.0,240.0,248,258,236,27314.123908820708,28811.12452435757,26926.14941045278,28335.74407644838,1.0548068325579143,1.0523503990306313,0.9516129032258065
2024-10-07 08:00:00,312.0,250.0,260,266,247,33769.359415982166,36872.47469152899,33527.09112586059,36430.6313558443,1.091891446246333,1.0866028078333378,0.95
2024-10-07 08:00:00,312.0,260.0,240,237,225,20093.35078136577,21703.043413456246,19778.314257975733,21534.48923225233,1.0801107117277462,1.0887929553231974,0.9375
2024-10-07 08:00:00,312.0,270.0,201,203,193,88294.53727441675,98670.18933104169,87791.47564936685,98464.26459828223,1.1175118232329337,1.1215697636925681,0.9601990049751243
2024-10-07 08:00:00,312.0,280.0,233,231,224,137047.24034382036,155718.1568142572,136844.09361914522,155603.65628891354,1.1362370845527117,1.1370871199014156,0.9613733905579399
2024-10-07 08:00:00,312.0,290.0,222,223,214,24406.436811520874,26310.529712775824,24255.431330165105,26183.26536484499,1.0780160133967667,1.0794805092697874,0.963963963963964
2024-10-07 08:00:00,312.0,300.0,225,224,216,32632.298118508166,35427.932215685425,32460.699690974725,35285.478295278015,1.0856707697087276,1.087021494644143,0.96
2024-10-07 08:00:00,312.0,310.0,231,223,215,24010.58393820062,25425.948936354987,23741.46267416345,25225.50369025767,1.0589475458738233,1.0625084071887965,0.9307359307359307
2024-10-07 08:00:00,312.0,320.0,227,219,207,25687.44876066746,26449.14554184158,25137.47650003192,26261.3401494149,1.029652488585804,1.0447086902053018,0.9118942731277533
2024-10-07 08:00:00,312.0,330.0,237,249,227,27070.47814519434,28228.097120305967,26822.9863381902,27694.844906049868,1.0427631521284055,1.032504157324881,0.9578059071729957
2024-10-07 08:00:00,312.0,340.0,340,342,327,46636.76175512609,49263.05831127112,46290.217800918144,48914.81318186538,1.05631387037408,1.0566987045132281,0.961764705882353
2024-10-07 08:00:00,312.0,350.0,355,349,335,44966.34597020475,47310.68433550811,44497.5552366702,47026.45768522274,1.052135398479048,1.056832390793202,0.9436619718309859
2024-10-07 08:00:00,312.0,360.0,350,362,340,42179.59556345949,45404.98231550253,41994.341722218815,45078.86479871681,1.0764679392714998,1.0734509210050553,0.9714285714285714
2024-10-07 08:00:00,312.0,370.0,342,340,323,29523.20906572779,31433.249869918247,29164.561747805506,31212.99011805567,1.0646962462630032,1.0702368987390767,0.9444444444444444
2024-10-07 08:00:00,312.0,380.0,389,400,379,24855.5210896711,26686.21820291934,24668.719002691083,26413.97791334204,1.0736535398571467,1.0707478532006696,0.974293059125964
2024-10-07 08:00:00,312.0,390.0,388,400,378,25470.17026629737,27413.756253706764,25310.72864371215,27151.79352050375,1.0763083233087447,1.0727385174369117,0.9742268041237113
2024-10-07 08:00:00,312.0,400.0,390,399,382,48663.7527533009,52541.8956198636,48538.81327327047,52215.4301060027,1.079692638712489,1.0757459151717021,0.9794871794871794
2024-10-07 08:00:00,312.0,410.0,463,455,447,155827.88856042948,169551.8102500689,155313.56134168233,169318.87072981306,1.088071023848323,1.0901744140508098,0.9654427645788337
2024-10-07 08:00:00,312.0,420.0,479,474,462,336935.7927674612,365182.20735574706,336062.44672425033,364858.35190246976,1.0838332263731336,1.0856861736826173,0.964509394572025
2024-10-07 08:00:00,312.0,430.0,474,464,451,255144.03827553772,275047.04122924036,253981.96419705302,274522.75354516867,1.078006929294616,1.0808749921005374,0.9514767932489452
2024-10-07 08:00:00,312.0,440.0,443,430,417,181277.18236992217,201621.11629446986,179875.71141655883,201378.34704191453,1.1122255634083773,1.1195416293618408,0.9413092550790068
2024-10-07 08:00:00,312.0,450.0,465,434,426,173588.8191292777,185679.99911738327,171944.4133911853,185442.13664794044,1.0696541404495692,1.0785005048465686,0.9161290322580645
2024-10-07 08:00:00,312.0,460.0,461,451,433,876363.5187460966,948527.9025737472,875666.7462880431,948247.5392546365,1.0823452623072485,1.0828863186529165,0.9392624728850325
2024-10-07 08:00:00,312.0,470.0,430,414,407,1837882.211890981,2033931.874082575,1836329.7312043633,2033840.4720886683,1.1066715053462977,1.1075573398001712,0.9465116279069767
2024-10-07 08:00:00,312.0,480.0,454,438,423,1388323.6400554008,1488040.8017190355,1384993.2134276403,1487812.5820828017,1.0718255879152612,1.0742381750743022,0.9317180616740088
2024-10-07 08:00:00,312.0,490.0,441,413,399,856060.3216270003,901408.474004119,851589.877047115,901053.366731361,1.0529730805545705,1.0580836985237079,0.9047619047619048
2024-10-08 08:00:00,336.0,0.0,17,17,14,668.5907186973735,740.1401862133279,600.5836131595997,704.7688644534485,1.107015346631427,1.1734733499399732,0.8235294117647058
2024-10-08 08:00:00,336.0,10.0,44,44,41,2738.5044321258147,3012.33873963599,2699.442735090351,2964.7088509572577,1.0999941078414126,1.098266991338132,0.9318181818181818
2024-10-08 08:00:00,336.0,20.0,23,26,20,1058.3335575545468,1132.9154865311978,998.7230373857537,1068.3225772904163,1.0704710990634982,1.0696885295515417,0.8695652173913043
2024-10-08 08:00:00,336.0,30.0,30,34,29,921.2910443833189,1042.6422937423515,907.6567651116941,984.272277416573,1.1317186898742309,1.0844102255938683,0.9666666666666667
2024-10-08 08:00:00,336.0,40.0,57,58,54,15824.223340521092,16740.03811966311,15785.965308296076,16673.96723008274,1.057874232398938,1.0562526208847038,0.9473684210526315
2024-10-08 08:00:00,336.0,50.0,69,72,66,5898.996494370221,6262.746628460696,5831.311841999209,6176.381911589018,1.0616630531036295,1.0591753757884272,0.9565217391304348
2024-10-08 08:00:00,336.0,60.0,60,60,53,9536.300674312872,10169.399860498057,9419.195481692434,10064.14198779764,1.066388341539032,1.0684715066545496,0.8833333333333333
2024-10-08 08:00:00,336.0,70.0,96,93,88,67217.83652206851,72941.34363727456,67083.25274904871,72861.19203613655,1.085148636304695,1.0861308754467003,0.9166666666666666
2024-10-08 08:00:00,336.0,80.0,111,112,102,21857.804033213786,23664.74814762687,21417.832291627892,23539.54695156572,1.0826681450555309,1.0990629971814279,0.918918918918919
2024-10-08 08:00:00,336.0,90.0,108,107,99,36292.29149537862,39414.31903573261,35685.33851760491,39254.66442350115,1.0860245361126217,1.1000221955057357,0.9166666666666666
2024-10-08 08:00:00,336.0,100.0,128,129,117,14536.212020461047,15696.42042667488,14235.572072584597,15529.300120682103,1.079815044289443,1.0908799478869569,0.9140625
2024-10-08 08:00:00,336.0,110.0,155,163,147,13292.153217719599,14521.751815191084,13135.157478060417,14276.762362650428,1.092505599155472,1.0869121581904768,0.9483870967741935
2024-10-08 08:00:00,336.0,120.0,191,190,177,40453.48918750049,44682.399241603365,40105.895885350415,44435.243689161165,1.1045375847433587,1.1079479140968933,0.9267015706806283
2024-10-08 08:00:00,336.0,130.0,152,151,138,14583.850456860644,15662.320962607704,14148.670818624387,15430.69671100162,1.0739496410044247,1.090611048119775,0.9078947368421053
2024-10-08 08:00:00,336.0,140.0,282,278,262,39209.81472973137,41905.31994969266,38813.40415869784,41555.33248283193,1.0687456760135463,1.0706438505863352,0.9290780141843972
2024-10-08 08:00:00,336.0,150.0,287,272,252,39010.08274186802,41537.13955792268,38174.285542393336,41217.11042197288,1.064779581032328,1.0797087577762372,0.8780487804878049
2024-10-08 08:00:00,336.0,160.0,329,324,301,65599.51905722814,71033.14688009211,64511.87364933057,70555.43353508881,1.082830299687468,1.0936813573050046,0.9148936170212766
2024-10-08 08:00:00,336.0,170.0,276,297,256,18991.057470835356,20724.61464760383,18512.389434523448,20047.14600368508,1.0912828145262952,1.0829042936132,0.927536231884058
2024-10-08 08:00:00,336.0,180.0,315,321,284,94854.15081724351,100794.2651683354,94089.90262185814,100025.48499848248,1.0626236627486843,1.063084158992906,0.9015873015873016
2024-10-08 08:00:00,336.0,190.0,354,348,325,47017.06292188843,50121.91427780542,46098.900826610516,49450.736787296526,1.0660366931272425,1.0727096720438758,0.9180790960451978
2024-10-08 08:00:00,336.0,200.0,494,468,446,110601.15126947696,119040.57674309114,109300.8964870502,118627.22150173609,1.0763050418259366,1.0853270678872324,0.902834008097166
2024-10-08 08:00:00,336.0,210.0,377,363,338,69029.9898531679,75027.71114201861,68023.15809573547,74555.0458580101,1.0868857333111062,1.0960244708586107,0.896551724137931
2024-10-08 08:00:00,336.0,220.0,311,301,286,24316.679333955384,25957.378786055688,23676.491793548095,25704.72624403559,1.0674721835809735,1.0856644839181875,0.9196141479099679
2024-10-08 08:00:00,336.0,230.0,354,349,334,58987.01775048523,61631.425669511016,58414.00139052686,61362.38861166588,1.0448303375873589,1.0504739814248913,0.943502824858757
2024-10-08 08:00:00,336.0,240.0,255,256,235,27171.65423918808,28672.56790862722,26770.31949111365,28345.91158014154,1.0552382146565984,1.0588559314561377,0.9215686274509803
2024-10-08 08:00:00,336.0,250.0,262,264,249,33752.27929950936,36264.45275520043,33458.075171891105,36071.08095353674,1.0744297424597213,1.0780979111386801,0.950381679389313
2024-10-08 08:00:00,336.0,260.0,238,243,225,19763.086445688787,21300.665581943053,19490.236977089724,21042.32507637527,1.077800557138669,1.0796341317506803,0.9453781512605042
2024-10-08 08:00:00,336.0,270.0,207,207,191,87964.00317324237,97720.72840606872,87217.29596287098,97345.43232438882,1.1109172488843055,1.1161253195218235,0.9227053140096618
2024-10-08 08:00:00,336.0,280.0,234,227,222,138050.2701705157,155161.2372612901,137713.89363685995,155091.36064339068,1.1239473640264481,1.1261852856499261,0.9487179487179487
2024-10-08 08:00:00,336.0,290.0,224,227,214,24283.450343196717,25983.482199495065,24007.76308017441,25801.03075235209,1.0700078379419682,1.0746953252657911,0.9553571428571429
2024-10-08 08:00:00,336.0,300.0,229,237,225,34214.461914206506,36688.467625071484,33981.44634633002,36449.44798872624,1.0723087715676662,1.0726279163412586,0.982532751091703
2024-10-08 08:00:00,336.0,310.0,233,230,221,23870.260812170098,25058.921581768893,23637.508375882986,24877.788086972185,1.0497967231674639,1.0524708311623334,0.9484978540772532
2024-10-08 08:00:00,336.0,320.0,229,221,212,25597.13405501545,26485.621149672348,25220.16738785483,26344.670584928554,1.0347104129996463,1.0445874597016054,0.925764192139738
2024-10-08 08:00:00,336.0,330.0,244,250,227,26857.600395793444,28004.700714241582,26458.722493426787,27634.425677214454,1.0427104544539951,1.044435372270137,0.930327868852459
2024-10-08 08:00:00,336.0,340.0,344,343,324,46024.02174542907,48783.30201025079,45636.612987968096,48432.3485018644,1.0599530453919046,1.0612608020370264,0.9418604651162791
2024-10-08 08:00:00,336.0,350.0,355,349,335,44700.21601257902,47098.925449132694,44143.063789483145,46690.451039295585,1.053662144180213,1.057707531628544,0.9436619718309859
2024-10-08 08:00:00,336.0,360.0,348,357,334,41821.569738900485,44517.08860030821,41070.46855590067,44173.418058185096,1.0644528380507077,1.0755518408089508,0.9597701149425287
2024-10-08 08:00:00,336.0,370.0,337,343,320,28730.810196962906,30764.565937024836,28345.414880202778,30432.946406854768,1.0707865781062071,1.073646180007405,0.9495548961424333
2024-10-08 08:00:00,336.0,380.0,389,399,380,24110.769120981582,25586.136494145703,23921.53305504057,25331.469132488695,1.0611912198138977,1.0589400384249634,0.9768637532133676
2024-10-08 08:00:00,336.0,390.0,390,402,380,24917.206464587536,26368.197832037957,24770.148591771154,26094.04633373672,1.0582325056989264,1.0534473072319548,0.9743589743589743
2024-10-08 08:00:00,336.0,400.0,395,394,384,47543.609403517374,51019.51540696404,47323.78314668785,50831.69260432302,1.073109846876487,1.0741257191286213,0.9721518987341772
2024-10-08 08:00:00,336.0,410.0,461,456,445,152832.5552588472,165481.6115205696,152349.8849070237,165237.5290629008,1.0827641482555803,1.0845924114989796,0.96529284164859
2024-10-08 08:00:00,336.0,420.0,477,476,462,337468.9639322782,363820.8609474805,336826.6383548526,363526.4552851112,1.078086875628926,1.079268721324024,0.9685534591194969
2024-10-08 08:00:00,336.0,430.0,476,462,448,254054.92613951123,273577.690103896,252779.0324477972,272420.4732805365,1.0768446582045967,1.0777020176180774,0.9411764705882353
2024-10-08 08:00:00,336.0,440.0,445,438,419,180152.93876448696,199889.26327590863,178781.03083741458,199492.44256320747,1.1095531643656553,1.115847926532139,0.9415730337078652
2024-10-08 08:00:00,336.0,450.0,465,438,424,170967.53192871227,182892.33002956962,169158.33308673045,182429.19388702002,1.0697489047559603,1.078452302988144,0.9118279569892473
2024-10-08 08:00:00,336.0,460.0,457,447,429,876960.4660608876,947376.8850586269,875955.1820630932,947047.2727257991,1.08029600161343,1.0811595069227928,0.9387308533916849
2024-10-08 08:00:00,336.0,470.0,427,417,406,1872282.237878103,2048846.3685937123,1871296.7430989046,2048666.1160535957,1.094304227826096,1.0947842043806286,0.9508196721311475
2024-10-08 08:00:00,336.0,480.0,455,439,426,1375914.5931965825,1474827.0078484365,1371926.650258387,1474598.0346561153,1.071888484315045,1.0748373715011597,0.9362637362637363
2024-10-08 08:00:00,336.0,490.0,443,420,410,837101.1306125268,886997.415304953,832618.8483583566,886796.9840882169,1.059606041453935,1.0650695523368001,0.9255079006772009
2024-10-09 08:00:00,360.0,0.0,17,20,17,669.2326014935237,728.6918683981862,669.2326014935237,695.6339169422438,1.0888469371814335,1.0394501334660033,1.0
2024-10-09 08:00:00,360.0,10.0,44,45,41,2716.2818590576753,3008.5351944948998,2676.8151427459593,2952.0596408704305,1.1075931551295681,1.1028253665070487,0.9318181818181818
2024-10-09 08:00:00,360.0,20.0,24,24,19,1059.218405416923,1145.2161553567691,978.7049985558036,1082.1341981316837,1.0811898183604507,1.1056796478290212,0.7916666666666666
2024-10-09 08:00:00,360.0,30.0,29,32,28,892.7861006332771,1014.2383955735856,882.3025638028671,965.5359126965502,1.1360373944600606,1.0943365148288065,0.9655172413793104
2024-10-09 08:00:00,360.0,40.0,60,58,56,15779.898381869381,16754.112024422673,15729.296202942847,16732.975037360793,1.0617376372760825,1.0638095196039454,0.9333333333333333
2024-10-09 08:00:00,360.0,50.0,70,72,64,5871.469949039822,6371.900323461216,5718.230295766432,6268.426893642203,1.0852308499855698,1.0962179851838278,0.9142857142857143
2024-10-09 08:00:00,360.0,60.0,58,63,52,9468.444836921557,10302.97480741023,9297.093736439649,10136.378907684575,1.0881380189526457,1.0902739280723153,0.896551724137931
2024-10-09 08:00:00,360.0,70.0,93,96,86,66730.66239254965,73170.23613454825,66502.9233112568,73007.66687724115,1.0965009713842966,1.0978113929750108,0.9247311827956989
2024-10-09 08:00:00,360.0,80.0,110,106,102,21767.39907720189,23750.14252903699,21330.963225334664,23697.724281300223,1.0910877521380922,1.1109542513839492,0.9272727272727272
2024-10-09 08:00:00,360.0,90.0,107,107,95,36159.15294937904,38659.74099135016,35597.07410172553,38485.10292511182,1.069155050326312,1.0811310731644177,0.8878504672897196
2024-10-09 08:00:00,360.0,100.0,129,127,116,14461.437687466401,15504.576982111383,14036.187466467738,15332.924922465547,1.07213247515142,1.0923853047058325,0.8992248062015504
2024-10-09 08:00:00,360.0,110.0,160,156,147,13237.382219053794,14460.152109563754,12973.665411795795,14254.086912800458,1.0923724850031085,1.0986938895341396,0.91875
2024-10-09 08:00:00,360.0,120.0,192,192,174,40175.14971516482,44536.98751631792,39085.286294628175,44025.0087486205,1.1085705425388033,1.126383171834953,0.90625
2024-10-09 08:00:00,360.0,130.0,155,156,140,14728.938955892689,15960.756022487178,14358.195799717629,15719.690707458107,1.0836324374948725,1.094823536796124,0.9032258064516129
2024-10-09 08:00:00,360.0,140.0,282,275,257,38898.39139512845,41366.62356754031,38437.82998307993,41084.606368413006,1.0634533224610665,1.06885863188682,0.9113475177304965
2024-10-09 08:00:00,360.0,150.0,283,281,251,38839.989066391,41154.612372076794,37814.445696708164,40623.33170101438,1.0595938197029175,1.0742807663197014,0.8869257950530035
2024-10-09 08:00:00,360.0,160.0,326,335,305,65160.25333841276,70961.29707312431,64476.74949867302,70262.70508798808,1.0890273354921376,1.089737085605318,0.9355828220858896
2024-10-09 08:00:00,360.0,170.0,278,295,248,19015.509373893354,20533.980576173002,18240.39746473142,19774.675628843055,1.0798543532241307,1.084114294498145,0.8920863309352518
2024-10-09 08:00:00,360.0,180.0,326,324,294,94349.12998449922,101124.96960498422,93611.36155174876,100489.31168871814,1.0718166624493328,1.07347345474905,0.901840490797546
2024-10-09 08:00:00,360.0,190.0,355,339,318,46947.99366738969,49789.739541035175,45722.73061926909,49363.32087665688,1.0605296552985475,1.07962320290323,0.895774647887324
2024-10-09 08:00:00,360.0,200.0,496,476,452,109776.55218804708,119086.47819029022,108658.38183769524,118577.67468437462,1.0848079650588338,1.091288795939332,0.9112903225806451
2024-10-09 08:00:00,360.0,210.0,377,381,345,68742.95760772529,74807.8254445872,68005.6274495089,74046.70974671825,1.0882252967856063,1.0888320941041911,0.9151193633952255
2024-10-09 08:00:00,360.0,220.0,309,298,275,24300.519975394505,25896.99337644768,23306.277112863278,25493.02431519918,1.065697088073411,1.0938265340168374,0.889967637540453
2024-10-09 08:00:00,360.0,230.0,357,353,336,58737.376165639085,61012.75759663098,58324.581742104725,60518.80674254488,1.038738220525468,1.0376209298875458,0.9411764705882353
2024-10-09 08:00:00,360.0,240.0,253,256,233,27076.731508819248,28553.511128920658,26533.567890914583,28143.841667006447,1.0545405422962666,1.0606881736640945,0.9209486166007905
2024-10-09 08:00:00,360.0,250.0,261,257,245,33594.82652924633,36086.54812996506,33213.04750413086,35866.47419798078,1.074169801071886,1.0798910938094404,0.9386973180076629
2024-10-09 08:00:00,360.0,260.0,237,242,223,19646.580546064484,21348.437209984273,19260.928250476907,20966.482343961237,1.0866235556833679,1.0885499427288559,0.9409282700421941
2024-10-09 08:00:00,360.0,270.0,209,207,193,87455.83337702558,97145.59542803801,86924.93194411436,96823.5873107381,1.110796063302484,1.1138759058561907,0.9234449760765551
2024-10-09 08:00:00,360.0,280.0,237,228,225,137319.9880358625,154454.0186986311,137021.58702913357,154420.4277214203,1.1247744840925404,1.1269788291722778,0.9493670886075949
2024-10-09 08:00:00,360.0,290.0,223,232,212,24100.53475540557,26036.83415208955,23873.161557482847,25755.04279145421,1.0803425905829613,1.0788283206411553,0.9506726457399103
2024-10-09 08:00:00,360.0,300.0,229,227,216,32423.23632013733,34664.614313385384,32117.647529174956,34413.85389509722,1.0691287560290823,1.0714936037527794,0.9432314410480349
2024-10-09 08:00:00,360.0,310.0,235,229,221,23734.95124318998,24902.025203888206,23470.055424071856,24782.696376556632,1.049171112623755,1.0559283277677511,0.9404255319148936
2024-10-09 08:00:00,360.0,320.0,231,224,215,25288.883974310847,26320.192676809344,24854.121328165027,26140.372740095096,1.040781107760474,1.051752037215352,0.9307359307359307
2024-10-09 08:00:00,360.0,330.0,245,253,231,26725.014901047583,27861.126733194727,26507.99728235819,27509.703151854883,1.0425111767515838,1.037788817420898,0.9428571428571428
2024-10-09 08:00:00,360.0,340.0,343,345,326,45704.446632309075,48629.81208169949,45278.174514039885,48278.90982456941,1.0640061452428229,1.066273327993801,0.9504373177842566
2024-10-09 08:00:00,360.0,350.0,355,353,339,44386.53639134903,47329.02777174391,44049.78383318968,47133.42648572654,1.0662924305345973,1.0700035819520517,0.9549295774647887
2024-10-09 08:00:00,360.0,360.0,350,360,334,41529.26502590967,44307.563477435586,41164.82638435139,43896.915422537386,1.0668997741663033,1.0663695022706225,0.9542857142857143
2024-10-09 08:00:00,360.0,370.0,343,346,326,28722.35498830951,30557.57285116466,28430.623676352694,30300.312164384304,1.0638951041306366,1.0657631893452528,0.9504373177842566
2024-10-09 08:00:00,360.0,380.0,395,394,376,23767.959930279387,24911.531079225628,23387.909617468053,24675.560342237393,1.0481139800092552,1.0550562553828076,0.9518987341772152
2024-10-09 08:00:00,360.0,390.0,385,393,373,24625.068154444998,25014.400874450275,24405.9893126601,24724.88374303572,1.0158104220286188,1.0130662365819443,0.9688311688311688
2024-10-09 08:00:00,360.0,400.0,396,396,385,47239.888350813315,49631.223138781024,47110.44954115202,49472.56777690706,1.0506210931365705,1.0501400062780484,0.9722222222222222
2024-10-09 08:00:00,360.0,410.0,463,448,440,151812.44132327562,162737.85849379556,151096.1593307386,162629.5555611592,1.0719665468474675,1.076331498308801,0.9503239740820735
2024-10-09 08:00:00,360.0,420.0,483,464,458,335516.5367726214,363145.4005790793,334305.6403150847,363022.0003831413,1.0823472490274955,1.085898521009072,0.94824016563147
2024-10-09 08:00:00,360.0,430.0,475,462,452,253180.04974640606,273825.05008538143,252142.26887081531,273632.25678140344,1.0815427612075048,1.0852296126580763,0.9515789473684211
2024-10-09 08:00:00,360.0,440.0,444,435,418,177905.77055216715,199207.79948840052,176511.5164817518,198859.32573328607,1.1197377064842706,1.1266082219278006,0.9414414414414415
2024-10-09 08:00:00,360.0,450.0,471,437,428,169613.54443991592,181584.84416132883,167325.76204054971,181401.04992549564,1.0705798570564844,1.0841190723609848,0.9087048832271762
2024-10-09 08:00:00,360.0,460.0,457,452,431,873734.2090383109,946266.0327300797,872430.997731064,945790.3925497768,1.083013601781258,1.0840861856232746,0.9431072210065645
2024-10-09 08:00:00,360.0,470.0,427,422,407,1870692.3368119963,2048066.2333889161,1869607.450683598,2047841.1881310488,1.0948172465811228,1.0953321711369315,0.9531615925058547
2024-10-09 08:00:00,360.0,480.0,456,449,435,1366589.5483123485,1467758.5197063142,1363374.3506800327,1467426.3385966253,1.0740302540136524,1.0763194553753288,0.9539473684210527
2024-10-09 08:00:00,360.0,490.0,440,430,414,832566.4624185252,884085.0349466656,829525.5198869053,883616.9685958696,1.0618792310928353,1.0652076969450426,0.9409090909090909
