day_idx,hours_since_quake,D,near_delta,n_r_bins,t_hours,D_peak,t_peak_hours,D_norm,short_name,slug,name,disaster_type,event_type
-1.0,-8.0,0.041940831529092504,0.0384843282020422,17,-8.0,0.28085469732704244,536.0,0.1493328469427532,cambodia_monsoon_seaso,cambodia_monsoon_season_study_2024_05_09,Cambodia Monsoon Season Study 9 May 2024,monsoon,EVAC
0.0,8.0,0.045169661756478324,0.02879372911050142,17,8.0,0.28085469732704244,536.0,0.1608292906843581,cambodia_monsoon_seaso,cambodia_monsoon_season_study_2024_05_09,Cambodia Monsoon Season Study 9 May 2024,monsoon,EVAC
1.0,32.0,0.05323757643565086,0.05271494413842496,17,32.0,0.28085469732704244,536.0,0.18955558494240934,cambodia_monsoon_seaso,cambodia_monsoon_season_study_2024_05_09,Cambodia Monsoon Season Study 9 May 2024,monsoon,EVAC
2.0,56.0,0.03991603839399568,0.045280581594546065,17,56.0,0.28085469732704244,536.0,0.1421234495056897,cambodia_monsoon_seaso,cambodia_monsoon_season_study_2024_05_09,Cambodia Monsoon Season Study 9 May 2024,monsoon,EVAC
3.0,80.0,0.04922931833871013,0.04592679296848342,17,80.0,0.28085469732704244,536.0,0.1752839415086757,cambodia_monsoon_seaso,cambodia_monsoon_season_study_2024_05_09,Cambodia Monsoon Season Study 9 May 2024,monsoon,EVAC
4.0,104.0,0.040676100938999114,0.0272750882538244,17,104.0,0.28085469732704244,536.0,0.14482969779791027,cambodia_monsoon_seaso,cambodia_monsoon_season_study_2024_05_09,Cambodia Monsoon Season Study 9 May 2024,monsoon,EVAC
5.0,128.0,0.05670424532799001,0.047988526593856974,17,128.0,0.28085469732704244,536.0,0.20189886751995645,cambodia_monsoon_seaso,cambodia_monsoon_season_study_2024_05_09,Cambodia Monsoon Season Study 9 May 2024,monsoon,EVAC
6.0,152.0,0.04623451763468652,0.03315472132800349,17,152.0,0.28085469732704244,536.0,0.16462077392584445,cambodia_monsoon_seaso,cambodia_monsoon_season_study_2024_05_09,Cambodia Monsoon Season Study 9 May 2024,monsoon,EVAC
7.0,176.0,0.046347093513740396,0.027923387135598565,17,176.0,0.28085469732704244,536.0,0.16502160709732167,cambodia_monsoon_seaso,cambodia_monsoon_season_study_2024_05_09,Cambodia Monsoon Season Study 9 May 2024,monsoon,EVAC
8.0,200.0,0.039616649923553314,0.015268953429976051,17,200.0,0.28085469732704244,536.0,0.14105745889455976,cambodia_monsoon_seaso,cambodia_monsoon_season_study_2024_05_09,Cambodia Monsoon Season Study 9 May 2024,monsoon,EVAC
9.0,224.0,0.045745623415243554,0.01642891546530169,17,224.0,0.28085469732704244,536.0,0.16288003672580512,cambodia_monsoon_seaso,cambodia_monsoon_season_study_2024_05_09,Cambodia Monsoon Season Study 9 May 2024,monsoon,EVAC
10.0,248.0,0.0588002763169641,0.00566894964935967,17,248.0,0.28085469732704244,536.0,0.20936191160973844,cambodia_monsoon_seaso,cambodia_monsoon_season_study_2024_05_09,Cambodia Monsoon Season Study 9 May 2024,monsoon,EVAC
11.0,272.0,0.07475739716933366,-0.020568513779549144,17,272.0,0.28085469732704244,536.0,0.2661781977685141,cambodia_monsoon_seaso,cambodia_monsoon_season_study_2024_05_09,Cambodia Monsoon Season Study 9 May 2024,monsoon,EVAC
12.0,296.0,0.04849455377241727,0.006589258531419985,17,296.0,0.28085469732704244,536.0,0.17266776818743246,cambodia_monsoon_seaso,cambodia_monsoon_season_study_2024_05_09,Cambodia Monsoon Season Study 9 May 2024,monsoon,EVAC
13.0,320.0,0.03520132536723793,-0.010443101474868105,17,320.0,0.28085469732704244,536.0,0.1253364309098509,cambodia_monsoon_seaso,cambodia_monsoon_season_study_2024_05_09,Cambodia Monsoon Season Study 9 May 2024,monsoon,EVAC
14.0,344.0,0.04967012929881811,-0.015454784856844504,17,344.0,0.28085469732704244,536.0,0.1768534753790481,cambodia_monsoon_seaso,cambodia_monsoon_season_study_2024_05_09,Cambodia Monsoon Season Study 9 May 2024,monsoon,EVAC
15.0,368.0,0.04807045620531989,-0.011909708481406324,17,368.0,0.28085469732704244,536.0,0.17115774335561154,cambodia_monsoon_seaso,cambodia_monsoon_season_study_2024_05_09,Cambodia Monsoon Season Study 9 May 2024,monsoon,EVAC
16.0,392.0,0.06992212435487784,-0.017360317844653986,17,392.0,0.28085469732704244,536.0,0.2489619188154675,cambodia_monsoon_seaso,cambodia_monsoon_season_study_2024_05_09,Cambodia Monsoon Season Study 9 May 2024,monsoon,EVAC
17.0,416.0,0.04900910757042811,-0.008409840143269011,17,416.0,0.28085469732704244,536.0,0.17449986785643556,cambodia_monsoon_seaso,cambodia_monsoon_season_study_2024_05_09,Cambodia Monsoon Season Study 9 May 2024,monsoon,EVAC
18.0,440.0,0.05508458592441807,-0.029913720196443196,17,440.0,0.28085469732704244,536.0,0.19613197304040314,cambodia_monsoon_seaso,cambodia_monsoon_season_study_2024_05_09,Cambodia Monsoon Season Study 9 May 2024,monsoon,EVAC
19.0,464.0,0.04489041369653862,-0.015144348630495868,17,464.0,0.28085469732704244,536.0,0.15983501121316762,cambodia_monsoon_seaso,cambodia_monsoon_season_study_2024_05_09,Cambodia Monsoon Season Study 9 May 2024,monsoon,EVAC
20.0,488.0,0.06091779826451832,-0.037344179168865295,17,488.0,0.28085469732704244,536.0,0.2169014755469172,cambodia_monsoon_seaso,cambodia_monsoon_season_study_2024_05_09,Cambodia Monsoon Season Study 9 May 2024,monsoon,EVAC
21.0,512.0,0.10141803152251637,-0.06652530524543467,17,512.0,0.28085469732704244,536.0,0.36110498591526036,cambodia_monsoon_seaso,cambodia_monsoon_season_study_2024_05_09,Cambodia Monsoon Season Study 9 May 2024,monsoon,EVAC
22.0,536.0,0.28085469732704244,-0.25164780189960007,16,536.0,0.28085469732704244,536.0,1.0,cambodia_monsoon_seaso,cambodia_monsoon_season_study_2024_05_09,Cambodia Monsoon Season Study 9 May 2024,monsoon,EVAC
23.0,560.0,0.08370794821564272,-0.03247128910811425,17,560.0,0.28085469732704244,536.0,0.2980471717664335,cambodia_monsoon_seaso,cambodia_monsoon_season_study_2024_05_09,Cambodia Monsoon Season Study 9 May 2024,monsoon,EVAC
24.0,584.0,0.06942899441077906,-0.03478428032212518,17,584.0,0.28085469732704244,536.0,0.2472061000636645,cambodia_monsoon_seaso,cambodia_monsoon_season_study_2024_05_09,Cambodia Monsoon Season Study 9 May 2024,monsoon,EVAC
25.0,608.0,0.06514258200803992,-0.03588881320464151,17,608.0,0.28085469732704244,536.0,0.23194407153598134,cambodia_monsoon_seaso,cambodia_monsoon_season_study_2024_05_09,Cambodia Monsoon Season Study 9 May 2024,monsoon,EVAC
26.0,632.0,0.06547963259505964,-0.03027943908297737,17,632.0,0.28085469732704244,536.0,0.23314416037276245,cambodia_monsoon_seaso,cambodia_monsoon_season_study_2024_05_09,Cambodia Monsoon Season Study 9 May 2024,monsoon,EVAC
27.0,656.0,0.07967696894549288,-0.05848477358023646,17,656.0,0.28085469732704244,536.0,0.2836946282323087,cambodia_monsoon_seaso,cambodia_monsoon_season_study_2024_05_09,Cambodia Monsoon Season Study 9 May 2024,monsoon,EVAC
28.0,680.0,0.07808275039277308,-0.0622037039242924,17,680.0,0.28085469732704244,536.0,0.2780183174285645,cambodia_monsoon_seaso,cambodia_monsoon_season_study_2024_05_09,Cambodia Monsoon Season Study 9 May 2024,monsoon,EVAC
29.0,704.0,0.10512046061553831,-0.08258831680007409,17,704.0,0.28085469732704244,536.0,0.3742877068320148,cambodia_monsoon_seaso,cambodia_monsoon_season_study_2024_05_09,Cambodia Monsoon Season Study 9 May 2024,monsoon,EVAC
30.0,728.0,0.11195445044196696,-0.08046848272856015,17,728.0,0.28085469732704244,536.0,0.39862053762127797,cambodia_monsoon_seaso,cambodia_monsoon_season_study_2024_05_09,Cambodia Monsoon Season Study 9 May 2024,monsoon,EVAC
31.0,752.0,0.10783256479112541,-0.07594013957352398,17,752.0,0.28085469732704244,536.0,0.38394431646467825,cambodia_monsoon_seaso,cambodia_monsoon_season_study_2024_05_09,Cambodia Monsoon Season Study 9 May 2024,monsoon,EVAC
32.0,776.0,0.08633855132666983,-0.06421731177126742,17,776.0,0.28085469732704244,536.0,0.30741359196899076,cambodia_monsoon_seaso,cambodia_monsoon_season_study_2024_05_09,Cambodia Monsoon Season Study 9 May 2024,monsoon,EVAC
33.0,800.0,0.0713127833568523,-0.045902192001222385,17,800.0,0.28085469732704244,536.0,0.25391344362601787,cambodia_monsoon_seaso,cambodia_monsoon_season_study_2024_05_09,Cambodia Monsoon Season Study 9 May 2024,monsoon,EVAC
34.0,824.0,0.07994903280359782,-0.06488563128659454,17,824.0,0.28085469732704244,536.0,0.2846633279218429,cambodia_monsoon_seaso,cambodia_monsoon_season_study_2024_05_09,Cambodia Monsoon Season Study 9 May 2024,monsoon,EVAC
-1.0,-8.0,0.07657847430190719,-0.07509514517134128,21,-8.0,0.10059199886783282,416.0,0.7612779859611215,flooding_in_central_an,flooding_in_central_and_eastern_europe_sept_16_2024,Flooding In Central And Eastern Europe Sept 16 2024,flood,INFL
0.0,8.0,0.03423621909358954,-0.025421700797677627,21,8.0,0.10059199886783282,416.0,0.34034733854500976,flooding_in_central_an,flooding_in_central_and_eastern_europe_sept_16_2024,Flooding In Central And Eastern Europe Sept 16 2024,flood,INFL
1.0,32.0,0.023719992837197102,-0.0028919102954828957,21,32.0,0.10059199886783282,416.0,0.23580397153020735,flooding_in_central_an,flooding_in_central_and_eastern_europe_sept_16_2024,Flooding In Central And Eastern Europe Sept 16 2024,flood,INFL
2.0,56.0,0.025456972578504117,-0.001158574187707015,21,56.0,0.10059199886783282,416.0,0.25307154510322305,flooding_in_central_an,flooding_in_central_and_eastern_europe_sept_16_2024,Flooding In Central And Eastern Europe Sept 16 2024,flood,INFL
3.0,80.0,0.046561406751981955,0.03870531949733532,21,80.0,0.10059199886783282,416.0,0.4628738595120143,flooding_in_central_an,flooding_in_central_and_eastern_europe_sept_16_2024,Flooding In Central And Eastern Europe Sept 16 2024,flood,INFL
4.0,104.0,0.05943596612003118,0.06080156588538536,21,104.0,0.10059199886783282,416.0,0.590861766233751,flooding_in_central_an,flooding_in_central_and_eastern_europe_sept_16_2024,Flooding In Central And Eastern Europe Sept 16 2024,flood,INFL
5.0,128.0,0.06361236092157645,0.06513948776574653,21,128.0,0.10059199886783282,416.0,0.6323799272063011,flooding_in_central_an,flooding_in_central_and_eastern_europe_sept_16_2024,Flooding In Central And Eastern Europe Sept 16 2024,flood,INFL
6.0,152.0,0.06340684145222454,0.059633986953231265,21,152.0,0.10059199886783282,416.0,0.6303368276390887,flooding_in_central_an,flooding_in_central_and_eastern_europe_sept_16_2024,Flooding In Central And Eastern Europe Sept 16 2024,flood,INFL
7.0,176.0,0.06138948827100498,0.05963789429184125,21,176.0,0.10059199886783282,416.0,0.6102820200607032,flooding_in_central_an,flooding_in_central_and_eastern_europe_sept_16_2024,Flooding In Central And Eastern Europe Sept 16 2024,flood,INFL
8.0,200.0,0.06429263736140274,0.06154679119429022,21,200.0,0.10059199886783282,416.0,0.6391426563247483,flooding_in_central_an,flooding_in_central_and_eastern_europe_sept_16_2024,Flooding In Central And Eastern Europe Sept 16 2024,flood,INFL
9.0,224.0,0.07017329283950244,0.0710047881306369,21,224.0,0.10059199886783282,416.0,0.6976031257883908,flooding_in_central_an,flooding_in_central_and_eastern_europe_sept_16_2024,Flooding In Central And Eastern Europe Sept 16 2024,flood,INFL
10.0,248.0,0.08030381636888041,0.07830228735755722,21,248.0,0.10059199886783282,416.0,0.7983121647119378,flooding_in_central_an,flooding_in_central_and_eastern_europe_sept_16_2024,Flooding In Central And Eastern Europe Sept 16 2024,flood,INFL
11.0,272.0,0.09560435636407184,0.10290536900385573,21,272.0,0.10059199886783282,416.0,0.9504171051386084,flooding_in_central_an,flooding_in_central_and_eastern_europe_sept_16_2024,Flooding In Central And Eastern Europe Sept 16 2024,flood,INFL
12.0,296.0,0.09863999752324633,0.10042032923892695,21,296.0,0.10059199886783282,416.0,0.9805948647352041,flooding_in_central_an,flooding_in_central_and_eastern_europe_sept_16_2024,Flooding In Central And Eastern Europe Sept 16 2024,flood,INFL
13.0,320.0,0.08864824912333376,0.08799346502229656,21,320.0,0.10059199886783282,416.0,0.8812654099836322,flooding_in_central_an,flooding_in_central_and_eastern_europe_sept_16_2024,Flooding In Central And Eastern Europe Sept 16 2024,flood,INFL
14.0,344.0,0.07863621890300916,0.0765573343640889,21,344.0,0.10059199886783282,416.0,0.7817343306432233,flooding_in_central_an,flooding_in_central_and_eastern_europe_sept_16_2024,Flooding In Central And Eastern Europe Sept 16 2024,flood,INFL
15.0,368.0,0.08451673127355468,0.08510734368279815,21,368.0,0.10059199886783282,416.0,0.8401933774534162,flooding_in_central_an,flooding_in_central_and_eastern_europe_sept_16_2024,Flooding In Central And Eastern Europe Sept 16 2024,flood,INFL
16.0,392.0,0.09508662859131949,0.09607149129548169,21,392.0,0.10059199886783282,416.0,0.9452702964601906,flooding_in_central_an,flooding_in_central_and_eastern_europe_sept_16_2024,Flooding In Central And Eastern Europe Sept 16 2024,flood,INFL
17.0,416.0,0.10059199886783282,0.10189926512452101,21,416.0,0.10059199886783282,416.0,1.0,flooding_in_central_an,flooding_in_central_and_eastern_europe_sept_16_2024,Flooding In Central And Eastern Europe Sept 16 2024,flood,INFL
18.0,440.0,0.09166668388612771,0.09774764183986462,21,440.0,0.10059199886783282,416.0,0.9112721182384295,flooding_in_central_an,flooding_in_central_and_eastern_europe_sept_16_2024,Flooding In Central And Eastern Europe Sept 16 2024,flood,INFL
19.0,464.0,0.09134136066557667,0.09553197368627364,21,464.0,0.10059199886783282,416.0,0.9080380317880898,flooding_in_central_an,flooding_in_central_and_eastern_europe_sept_16_2024,Flooding In Central And Eastern Europe Sept 16 2024,flood,INFL
20.0,488.0,0.08733383222506526,0.08492674666534498,21,488.0,0.10059199886783282,416.0,0.8681985963894864,flooding_in_central_an,flooding_in_central_and_eastern_europe_sept_16_2024,Flooding In Central And Eastern Europe Sept 16 2024,flood,INFL
21.0,512.0,0.07850579261823935,0.07668140989873704,21,512.0,0.10059199886783282,416.0,0.7804377435762819,flooding_in_central_an,flooding_in_central_and_eastern_europe_sept_16_2024,Flooding In Central And Eastern Europe Sept 16 2024,flood,INFL
22.0,536.0,0.08582640037791199,0.0867442148686065,21,536.0,0.10059199886783282,416.0,0.8532129925231802,flooding_in_central_an,flooding_in_central_and_eastern_europe_sept_16_2024,Flooding In Central And Eastern Europe Sept 16 2024,flood,INFL
23.0,560.0,0.08430577866904372,0.08457622983482609,21,560.0,0.10059199886783282,416.0,0.8380962662826945,flooding_in_central_an,flooding_in_central_and_eastern_europe_sept_16_2024,Flooding In Central And Eastern Europe Sept 16 2024,flood,INFL
24.0,584.0,0.09093801030314598,0.08907508316632322,21,584.0,0.10059199886783282,416.0,0.9040282659322522,flooding_in_central_an,flooding_in_central_and_eastern_europe_sept_16_2024,Flooding In Central And Eastern Europe Sept 16 2024,flood,INFL
25.0,608.0,0.08095316207430496,0.0788311998340906,21,608.0,0.10059199886783282,416.0,0.8047674068060701,flooding_in_central_an,flooding_in_central_and_eastern_europe_sept_16_2024,Flooding In Central And Eastern Europe Sept 16 2024,flood,INFL
26.0,628.0,0.08960183287390036,0.09050458002458212,21,628.0,0.10059199886783282,416.0,0.8907451276679335,flooding_in_central_an,flooding_in_central_and_eastern_europe_sept_16_2024,Flooding In Central And Eastern Europe Sept 16 2024,flood,INFL
1.0,36.0,0.05385056901479478,0.03131591867125656,8,36.0,0.05385056901479478,36.0,1.0,global_earthquake_mode,global_earthquake_model_research_2025_sep_18,Global Earthquake Model Research 2025 Sep 18,earthquake,INFL
2.0,56.0,0.052139221469873355,0.025805977817139007,8,56.0,0.05385056901479478,36.0,0.9682204371052932,global_earthquake_mode,global_earthquake_model_research_2025_sep_18,Global Earthquake Model Research 2025 Sep 18,earthquake,INFL
3.0,72.0,0.04292504958983595,0.03915421165609689,8,72.0,0.05385056901479478,36.0,0.7971141322210138,global_earthquake_mode,global_earthquake_model_research_2025_sep_18,Global Earthquake Model Research 2025 Sep 18,earthquake,INFL
-1.0,-8.0,0.19079406695737255,-0.37951516137992175,18,-8.0,0.19079406695737255,-8.0,1.0,beryl_qr,hurricane_beryl_across_quintana_roo_and_yucatan_mexico,"Hurricane Beryl Across Quintana Roo and Yucatan, Mexico",hurricane,EVAC
0.0,8.0,0.12901189669543786,-0.16262697086261318,16,8.0,0.19079406695737255,-8.0,0.6761840069390724,beryl_qr,hurricane_beryl_across_quintana_roo_and_yucatan_mexico,"Hurricane Beryl Across Quintana Roo and Yucatan, Mexico",hurricane,EVAC
-1.0,-8.0,0.18947501908185185,-0.3640016121340131,18,-8.0,0.18947501908185185,-8.0,1.0,beryl_tx,hurricane_beryl_across_southeastern_texas_us,"Hurricane Beryl Across Southeastern Texas, US",hurricane,EVAC
0.0,8.0,0.09322379507836692,-0.1191290517937238,16,8.0,0.18947501908185185,-8.0,0.4920110077312878,beryl_tx,hurricane_beryl_across_southeastern_texas_us,"Hurricane Beryl Across Southeastern Texas, US",hurricane,EVAC
-1.0,-12.0,0.17340074202151531,-0.3795151613799219,14,-12.0,0.3024854345941024,56.0,0.5732531956594784,beryl_pre,hurricane_beryl_jamaica_western_caribbean_pre_landfall_2024_07_03,Hurricane Beryl Jamaica And Western Caribbean Pre Landfall July 3 2024,hurricane,EVAC
0.0,8.0,0.1290118966954379,-0.16262697086261313,16,8.0,0.3024854345941024,56.0,0.4265061452249948,beryl_pre,hurricane_beryl_jamaica_western_caribbean_pre_landfall_2024_07_03,Hurricane Beryl Jamaica And Western Caribbean Pre Landfall July 3 2024,hurricane,EVAC
2.0,56.0,0.3024854345941024,-0.36245625462357095,8,56.0,0.3024854345941024,56.0,1.0,beryl_pre,hurricane_beryl_jamaica_western_caribbean_pre_landfall_2024_07_03,Hurricane Beryl Jamaica And Western Caribbean Pre Landfall July 3 2024,hurricane,EVAC
3.0,76.0,0.24832938260525803,-0.1959404865980154,11,76.0,0.3024854345941024,56.0,0.8209631083178766,beryl_pre,hurricane_beryl_jamaica_western_caribbean_pre_landfall_2024_07_03,Hurricane Beryl Jamaica And Western Caribbean Pre Landfall July 3 2024,hurricane,EVAC
-1.0,-8.0,0.11680248197862153,,1,-8.0,0.3585428490212088,0.0,0.325769938788299,beryl_pre,hurricane_beryl_pre_landfall_2024,Hurricane Beryl Pre Landfall Disaster Maps June 30 2024,hurricane,EVAC
0.0,0.0,0.3585428490212088,-0.6885140280604218,15,0.0,0.3585428490212088,0.0,1.0,beryl_pre,hurricane_beryl_pre_landfall_2024,Hurricane Beryl Pre Landfall Disaster Maps June 30 2024,hurricane,EVAC
-1.0,-8.0,0.04574380792854782,-0.012168353371189794,20,-8.0,0.05224842952977174,172.0,0.8755058925260613,debby_pre,hurricane_debby_across_florida_and_georgia_us,"Hurricane Debby Across Florida and Georgia, US",hurricane,NEUTRAL
0.0,8.0,0.04340603419081459,0.007149179018409238,20,8.0,0.05224842952977174,172.0,0.8307624665748344,debby_pre,hurricane_debby_across_florida_and_georgia_us,"Hurricane Debby Across Florida and Georgia, US",hurricane,NEUTRAL
1.0,32.0,0.04514145688141674,-0.005744834225209383,20,32.0,0.05224842952977174,172.0,0.8639772963069566,debby_pre,hurricane_debby_across_florida_and_georgia_us,"Hurricane Debby Across Florida and Georgia, US",hurricane,NEUTRAL
2.0,56.0,0.039875809523906104,-0.017718876530583048,20,56.0,0.05224842952977174,172.0,0.7631963272921806,debby_pre,hurricane_debby_across_florida_and_georgia_us,"Hurricane Debby Across Florida and Georgia, US",hurricane,NEUTRAL
3.0,80.0,0.0355186698609762,-0.022930954136415087,20,80.0,0.05224842952977174,172.0,0.6798035879860708,debby_pre,hurricane_debby_across_florida_and_georgia_us,"Hurricane Debby Across Florida and Georgia, US",hurricane,NEUTRAL
4.0,104.0,0.03576465586795221,-0.026742367863882597,20,104.0,0.05224842952977174,172.0,0.6845115956561547,debby_pre,hurricane_debby_across_florida_and_georgia_us,"Hurricane Debby Across Florida and Georgia, US",hurricane,NEUTRAL
5.0,128.0,0.03917807195464063,-0.0051421438439588725,20,128.0,0.05224842952977174,172.0,0.7498420968292746,debby_pre,hurricane_debby_across_florida_and_georgia_us,"Hurricane Debby Across Florida and Georgia, US",hurricane,NEUTRAL
6.0,152.0,0.04586704248079319,0.00281116918536016,20,152.0,0.05224842952977174,172.0,0.8778645194427831,debby_pre,hurricane_debby_across_florida_and_georgia_us,"Hurricane Debby Across Florida and Georgia, US",hurricane,NEUTRAL
7.0,172.0,0.05224842952977174,0.0007598480899791357,20,172.0,0.05224842952977174,172.0,1.0,debby_pre,hurricane_debby_across_florida_and_georgia_us,"Hurricane Debby Across Florida and Georgia, US",hurricane,NEUTRAL
-1.0,-12.0,0.12476695593380707,-0.24030610332786756,14,-12.0,0.12476695593380707,-12.0,1.0,helene_pre,hurricane_helene_pre_landfall_gulf_of_mexico_24_september_2024,Hurricane Helene Pre Landfall Gulf Of Mexico 24 September 2024,hurricane,EVAC
0.0,0.0,0.10395241812937901,,6,0.0,0.12476695593380707,-12.0,0.8331726726147679,helene_pre,hurricane_helene_pre_landfall_gulf_of_mexico_24_september_2024,Hurricane Helene Pre Landfall Gulf Of Mexico 24 September 2024,hurricane,EVAC
2.0,64.0,0.06494119857397684,0.059603237914691944,21,64.0,0.10899116369719182,80.0,0.5958391154938193,john_gue,hurricane_john_across_southeastern_guerrero_mexico,"Hurricane John Across Southeastern Guerrero, Mexico",hurricane,INFL
3.0,80.0,0.10899116369719182,0.09677105698892303,21,80.0,0.10899116369719182,80.0,1.0,john_gue,hurricane_john_across_southeastern_guerrero_mexico,"Hurricane John Across Southeastern Guerrero, Mexico",hurricane,INFL
4.0,104.0,0.10063875029754127,0.11212405618007204,21,104.0,0.10899116369719182,80.0,0.9233661416547867,john_gue,hurricane_john_across_southeastern_guerrero_mexico,"Hurricane John Across Southeastern Guerrero, Mexico",hurricane,INFL
5.0,128.0,0.0882354936404983,0.09165747258228768,21,128.0,0.10899116369719182,80.0,0.8095655707066436,john_gue,hurricane_john_across_southeastern_guerrero_mexico,"Hurricane John Across Southeastern Guerrero, Mexico",hurricane,INFL
6.0,152.0,0.09231536464340272,0.10346253078373074,21,152.0,0.10899116369719182,80.0,0.8469986144920961,john_gue,hurricane_john_across_southeastern_guerrero_mexico,"Hurricane John Across Southeastern Guerrero, Mexico",hurricane,INFL
7.0,176.0,0.08961996300679631,0.09683654752704518,21,176.0,0.10899116369719182,80.0,0.822268154286212,john_gue,hurricane_john_across_southeastern_guerrero_mexico,"Hurricane John Across Southeastern Guerrero, Mexico",hurricane,INFL
8.0,200.0,0.10586447299418307,0.11403707988527795,21,200.0,0.10899116369719182,80.0,0.971312438578089,john_gue,hurricane_john_across_southeastern_guerrero_mexico,"Hurricane John Across Southeastern Guerrero, Mexico",hurricane,INFL
9.0,220.0,0.08781849978987875,0.09948388772683639,21,220.0,0.10899116369719182,80.0,0.805739628891965,john_gue,hurricane_john_across_southeastern_guerrero_mexico,"Hurricane John Across Southeastern Guerrero, Mexico",hurricane,INFL
0.0,16.0,0.06778626098151389,0.05482905641503384,17,16.0,0.11053039671451696,80.0,0.6132816220373785,john_sm,hurricane_john_southern_mexico_25_september_2024,Hurricane John Southern Mexico 25 September 2024,hurricane,INFL
1.0,32.0,0.09105282883348843,0.0683877735438687,13,32.0,0.11053039671451696,80.0,0.8237808923156578,john_sm,hurricane_john_southern_mexico_25_september_2024,Hurricane John Southern Mexico 25 September 2024,hurricane,INFL
2.0,56.0,0.10924900861420106,0.11244929302364799,19,56.0,0.11053039671451696,80.0,0.9884069166636077,john_sm,hurricane_john_southern_mexico_25_september_2024,Hurricane John Southern Mexico 25 September 2024,hurricane,INFL
3.0,80.0,0.11053039671451696,0.12665516821043865,21,80.0,0.11053039671451696,80.0,1.0,john_sm,hurricane_john_southern_mexico_25_september_2024,Hurricane John Southern Mexico 25 September 2024,hurricane,INFL
4.0,104.0,0.10508873122005515,0.11483560111434571,21,104.0,0.11053039671451696,80.0,0.9507677014087192,john_sm,hurricane_john_southern_mexico_25_september_2024,Hurricane John Southern Mexico 25 September 2024,hurricane,INFL
5.0,128.0,0.10075192570791476,0.109509351289508,21,128.0,0.11053039671451696,80.0,0.9115313859602034,john_sm,hurricane_john_southern_mexico_25_september_2024,Hurricane John Southern Mexico 25 September 2024,hurricane,INFL
6.0,152.0,0.08354108530297462,0.0849406101473119,21,152.0,0.11053039671451696,80.0,0.755820007764456,john_sm,hurricane_john_southern_mexico_25_september_2024,Hurricane John Southern Mexico 25 September 2024,hurricane,INFL
7.0,176.0,0.10331342835433117,0.09826082337619535,21,176.0,0.11053039671451696,80.0,0.9347060304250413,john_sm,hurricane_john_southern_mexico_25_september_2024,Hurricane John Southern Mexico 25 September 2024,hurricane,INFL
8.0,200.0,0.09967148054797165,0.1094439635354106,21,200.0,0.11053039671451696,80.0,0.9017562906736667,john_sm,hurricane_john_southern_mexico_25_september_2024,Hurricane John Southern Mexico 25 September 2024,hurricane,INFL
9.0,224.0,0.08942836640036556,0.09087670749694425,21,224.0,0.11053039671451696,80.0,0.8090839177149186,john_sm,hurricane_john_southern_mexico_25_september_2024,Hurricane John Southern Mexico 25 September 2024,hurricane,INFL
10.0,248.0,0.09257174995594446,0.10257357800060263,21,248.0,0.11053039671451696,80.0,0.8375230045997488,john_sm,hurricane_john_southern_mexico_25_september_2024,Hurricane John Southern Mexico 25 September 2024,hurricane,INFL
11.0,272.0,0.0885527708047743,0.0960172365697065,21,272.0,0.11053039671451696,80.0,0.8011621548187555,john_sm,hurricane_john_southern_mexico_25_september_2024,Hurricane John Southern Mexico 25 September 2024,hurricane,INFL
12.0,296.0,0.1050904130051965,0.11011168558105987,21,296.0,0.11053039671451696,80.0,0.9507829169981983,john_sm,hurricane_john_southern_mexico_25_september_2024,Hurricane John Southern Mexico 25 September 2024,hurricane,INFL
13.0,320.0,0.09364042935236945,0.09605341372092761,21,320.0,0.11053039671451696,80.0,0.84719165167052,john_sm,hurricane_john_southern_mexico_25_september_2024,Hurricane John Southern Mexico 25 September 2024,hurricane,INFL
14.0,344.0,0.09699128897982458,0.10612976818711313,21,344.0,0.11053039671451696,80.0,0.8775078337078458,john_sm,hurricane_john_southern_mexico_25_september_2024,Hurricane John Southern Mexico 25 September 2024,hurricane,INFL
15.0,364.0,0.08855409507461157,0.09060850730956785,21,364.0,0.11053039671451696,80.0,0.8011741358653872,john_sm,hurricane_john_southern_mexico_25_september_2024,Hurricane John Southern Mexico 25 September 2024,hurricane,INFL
1.0,32.0,0.49012512168004213,,4,32.0,0.49012512168004213,32.0,1.0,melissa,hurricane_melissa_10_27_2025,Hurricane Melissa 10 27 2025,hurricane,NEUTRAL
2.0,56.0,0.47813017737844105,,5,56.0,0.49012512168004213,32.0,0.9755267710814638,melissa,hurricane_melissa_10_27_2025,Hurricane Melissa 10 27 2025,hurricane,NEUTRAL
3.0,72.0,0.4657173435333705,,5,72.0,0.49012512168004213,32.0,0.9502009240762704,melissa,hurricane_melissa_10_27_2025,Hurricane Melissa 10 27 2025,hurricane,NEUTRAL
12.0,300.0,0.15909850510090587,,5,300.0,0.49012512168004213,32.0,0.3246079379803077,melissa,hurricane_melissa_10_27_2025,Hurricane Melissa 10 27 2025,hurricane,NEUTRAL
13.0,320.0,0.16423122827716766,,5,320.0,0.49012512168004213,32.0,0.3350802091396964,melissa,hurricane_melissa_10_27_2025,Hurricane Melissa 10 27 2025,hurricane,NEUTRAL
14.0,340.0,0.16233674359284592,,5,340.0,0.49012512168004213,32.0,0.3312149008734564,melissa,hurricane_melissa_10_27_2025,Hurricane Melissa 10 27 2025,hurricane,NEUTRAL
1.0,36.0,0.35486624043123477,-0.5953436877448071,19,36.0,0.35486624043123477,36.0,1.0,melissa_aft,hurricane_melissa_aftermath_2025_11_03,Hurricane Melissa Aftermath 2025 11 03,hurricane,EVAC
2.0,56.0,0.34407629708766385,-0.5773643181722834,19,56.0,0.35486624043123477,36.0,0.9695943369240789,melissa_aft,hurricane_melissa_aftermath_2025_11_03,Hurricane Melissa Aftermath 2025 11 03,hurricane,EVAC
3.0,72.0,0.330558669875947,-0.5598073550468131,19,72.0,0.35486624043123477,36.0,0.9315021611361253,melissa_aft,hurricane_melissa_aftermath_2025_11_03,Hurricane Melissa Aftermath 2025 11 03,hurricane,EVAC
18.0,440.0,0.22102474815368697,-0.37647817530970223,19,440.0,0.35486624043123477,36.0,0.6228396025643265,melissa_aft,hurricane_melissa_aftermath_2025_11_03,Hurricane Melissa Aftermath 2025 11 03,hurricane,EVAC
19.0,464.0,0.21495100655003394,-0.35810455522679985,19,464.0,0.35486624043123477,36.0,0.6057240223494482,melissa_aft,hurricane_melissa_aftermath_2025_11_03,Hurricane Melissa Aftermath 2025 11 03,hurricane,EVAC
20.0,480.0,0.220352223377129,-0.38851738813761166,19,480.0,0.35486624043123477,36.0,0.620944452505136,melissa_aft,hurricane_melissa_aftermath_2025_11_03,Hurricane Melissa Aftermath 2025 11 03,hurricane,EVAC
,-8.0,0.1384303841586922,0.14604731477300467,20,-8.0,0.1384303841586922,-8.0,1.0,milton_fl,hurricane_milton_across_florida_us,"Hurricane Milton Across Florida, US",hurricane,INFL
-1.0,-8.0,0.06581783231085275,0.05858893847786279,21,-8.0,0.18148306873830664,536.0,0.3626665163225787,india_monsoon_season_s,india_monsoon_season_study_2024_05_09_nct_delhi_up_bihar,"India Monsoon Season Study (NCT Delhi, UP, Bihar) 9 May 2024",monsoon,INFL
0.0,8.0,0.11823417576777999,0.10993994607838803,21,8.0,0.18148306873830664,536.0,0.6514887399125384,india_monsoon_season_s,india_monsoon_season_study_2024_05_09_nct_delhi_up_bihar,"India Monsoon Season Study (NCT Delhi, UP, Bihar) 9 May 2024",monsoon,INFL
1.0,32.0,0.11869038574652062,0.1112622469825998,21,32.0,0.18148306873830664,536.0,0.6540025280136118,india_monsoon_season_s,india_monsoon_season_study_2024_05_09_nct_delhi_up_bihar,"India Monsoon Season Study (NCT Delhi, UP, Bihar) 9 May 2024",monsoon,INFL
2.0,56.0,0.11778537584835645,0.11076670862236476,21,56.0,0.18148306873830664,536.0,0.6490157823934506,india_monsoon_season_s,india_monsoon_season_study_2024_05_09_nct_delhi_up_bihar,"India Monsoon Season Study (NCT Delhi, UP, Bihar) 9 May 2024",monsoon,INFL
3.0,80.0,0.12269512537336087,0.10508244888938034,21,80.0,0.18148306873830664,536.0,0.676069267653192,india_monsoon_season_s,india_monsoon_season_study_2024_05_09_nct_delhi_up_bihar,"India Monsoon Season Study (NCT Delhi, UP, Bihar) 9 May 2024",monsoon,INFL
4.0,104.0,0.11729048032050006,0.10907772412946552,21,104.0,0.18148306873830664,536.0,0.6462888308860898,india_monsoon_season_s,india_monsoon_season_study_2024_05_09_nct_delhi_up_bihar,"India Monsoon Season Study (NCT Delhi, UP, Bihar) 9 May 2024",monsoon,INFL
5.0,128.0,0.09983891683801605,0.09391825360626876,21,128.0,0.18148306873830664,536.0,0.5501279955871855,india_monsoon_season_s,india_monsoon_season_study_2024_05_09_nct_delhi_up_bihar,"India Monsoon Season Study (NCT Delhi, UP, Bihar) 9 May 2024",monsoon,INFL
6.0,152.0,0.11327442626622285,0.10066169976616814,21,152.0,0.18148306873830664,536.0,0.6241597469875347,india_monsoon_season_s,india_monsoon_season_study_2024_05_09_nct_delhi_up_bihar,"India Monsoon Season Study (NCT Delhi, UP, Bihar) 9 May 2024",monsoon,INFL
7.0,176.0,0.1125497128791349,0.09926305969207888,21,176.0,0.18148306873830664,536.0,0.6201664632496839,india_monsoon_season_s,india_monsoon_season_study_2024_05_09_nct_delhi_up_bihar,"India Monsoon Season Study (NCT Delhi, UP, Bihar) 9 May 2024",monsoon,INFL
8.0,200.0,0.10096455451150249,0.08371025156423716,21,200.0,0.18148306873830664,536.0,0.5563304346428618,india_monsoon_season_s,india_monsoon_season_study_2024_05_09_nct_delhi_up_bihar,"India Monsoon Season Study (NCT Delhi, UP, Bihar) 9 May 2024",monsoon,INFL
9.0,224.0,0.0823401884711588,0.06388621800046582,21,224.0,0.18148306873830664,536.0,0.4537072744228884,india_monsoon_season_s,india_monsoon_season_study_2024_05_09_nct_delhi_up_bihar,"India Monsoon Season Study (NCT Delhi, UP, Bihar) 9 May 2024",monsoon,INFL
10.0,248.0,0.09183124956141199,0.07632505061361668,21,248.0,0.18148306873830664,536.0,0.506004500584184,india_monsoon_season_s,india_monsoon_season_study_2024_05_09_nct_delhi_up_bihar,"India Monsoon Season Study (NCT Delhi, UP, Bihar) 9 May 2024",monsoon,INFL
11.0,272.0,0.07018545823733846,0.05511520862291978,21,272.0,0.18148306873830664,536.0,0.38673281604326337,india_monsoon_season_s,india_monsoon_season_study_2024_05_09_nct_delhi_up_bihar,"India Monsoon Season Study (NCT Delhi, UP, Bihar) 9 May 2024",monsoon,INFL
12.0,296.0,0.0497394268593763,0.03285321396716017,21,296.0,0.18148306873830664,536.0,0.27407199583504466,india_monsoon_season_s,india_monsoon_season_study_2024_05_09_nct_delhi_up_bihar,"India Monsoon Season Study (NCT Delhi, UP, Bihar) 9 May 2024",monsoon,INFL
13.0,320.0,0.04878546141199933,0.014834340922516327,21,320.0,0.18148306873830664,536.0,0.2688154975070791,india_monsoon_season_s,india_monsoon_season_study_2024_05_09_nct_delhi_up_bihar,"India Monsoon Season Study (NCT Delhi, UP, Bihar) 9 May 2024",monsoon,INFL
14.0,344.0,0.05038710055064157,0.03102715606409513,21,344.0,0.18148306873830664,536.0,0.27764077883925536,india_monsoon_season_s,india_monsoon_season_study_2024_05_09_nct_delhi_up_bihar,"India Monsoon Season Study (NCT Delhi, UP, Bihar) 9 May 2024",monsoon,INFL
15.0,368.0,0.0638247368768571,0.040084477798456516,21,368.0,0.18148306873830664,536.0,0.35168424977919305,india_monsoon_season_s,india_monsoon_season_study_2024_05_09_nct_delhi_up_bihar,"India Monsoon Season Study (NCT Delhi, UP, Bihar) 9 May 2024",monsoon,INFL
16.0,392.0,0.05919193553776677,0.03513745464733259,21,392.0,0.18148306873830664,536.0,0.3261567921970718,india_monsoon_season_s,india_monsoon_season_study_2024_05_09_nct_delhi_up_bihar,"India Monsoon Season Study (NCT Delhi, UP, Bihar) 9 May 2024",monsoon,INFL
17.0,416.0,0.044281492425525794,0.024132015553487613,21,416.0,0.18148306873830664,536.0,0.24399792627144978,india_monsoon_season_s,india_monsoon_season_study_2024_05_09_nct_delhi_up_bihar,"India Monsoon Season Study (NCT Delhi, UP, Bihar) 9 May 2024",monsoon,INFL
18.0,440.0,0.05816368703317218,0.03614268165685814,21,440.0,0.18148306873830664,536.0,0.3204909826439101,india_monsoon_season_s,india_monsoon_season_study_2024_05_09_nct_delhi_up_bihar,"India Monsoon Season Study (NCT Delhi, UP, Bihar) 9 May 2024",monsoon,INFL
19.0,464.0,0.06016818205148152,0.03681705713901861,21,464.0,0.18148306873830664,536.0,0.3315360626739363,india_monsoon_season_s,india_monsoon_season_study_2024_05_09_nct_delhi_up_bihar,"India Monsoon Season Study (NCT Delhi, UP, Bihar) 9 May 2024",monsoon,INFL
20.0,488.0,0.07399839811213248,0.054285944120825845,21,488.0,0.18148306873830664,536.0,0.4077427091495573,india_monsoon_season_s,india_monsoon_season_study_2024_05_09_nct_delhi_up_bihar,"India Monsoon Season Study (NCT Delhi, UP, Bihar) 9 May 2024",monsoon,INFL
21.0,512.0,0.05976960392061525,0.03873209160747594,21,512.0,0.18148306873830664,536.0,0.32933983503883385,india_monsoon_season_s,india_monsoon_season_study_2024_05_09_nct_delhi_up_bihar,"India Monsoon Season Study (NCT Delhi, UP, Bihar) 9 May 2024",monsoon,INFL
22.0,536.0,0.18148306873830664,-0.07784470771412781,21,536.0,0.18148306873830664,536.0,1.0,india_monsoon_season_s,india_monsoon_season_study_2024_05_09_nct_delhi_up_bihar,"India Monsoon Season Study (NCT Delhi, UP, Bihar) 9 May 2024",monsoon,INFL
23.0,560.0,0.04600267979100864,0.03208659879013325,21,560.0,0.18148306873830664,536.0,0.2534819369697962,india_monsoon_season_s,india_monsoon_season_study_2024_05_09_nct_delhi_up_bihar,"India Monsoon Season Study (NCT Delhi, UP, Bihar) 9 May 2024",monsoon,INFL
24.0,584.0,0.06592310783825435,0.043738467186757855,21,584.0,0.18148306873830664,536.0,0.36324660088988014,india_monsoon_season_s,india_monsoon_season_study_2024_05_09_nct_delhi_up_bihar,"India Monsoon Season Study (NCT Delhi, UP, Bihar) 9 May 2024",monsoon,INFL
25.0,608.0,0.09519929609911237,-0.0139063094013045,21,608.0,0.18148306873830664,536.0,0.5245629620490219,india_monsoon_season_s,india_monsoon_season_study_2024_05_09_nct_delhi_up_bihar,"India Monsoon Season Study (NCT Delhi, UP, Bihar) 9 May 2024",monsoon,INFL
26.0,632.0,0.06120704189083634,0.024658377242065516,21,632.0,0.18148306873830664,536.0,0.3372603423358194,india_monsoon_season_s,india_monsoon_season_study_2024_05_09_nct_delhi_up_bihar,"India Monsoon Season Study (NCT Delhi, UP, Bihar) 9 May 2024",monsoon,INFL
27.0,656.0,0.10945424600716418,-0.0015928951161528575,21,656.0,0.18148306873830664,536.0,0.6031099582352448,india_monsoon_season_s,india_monsoon_season_study_2024_05_09_nct_delhi_up_bihar,"India Monsoon Season Study (NCT Delhi, UP, Bihar) 9 May 2024",monsoon,INFL
28.0,680.0,0.061311566217972714,-0.0054793203125516445,21,680.0,0.18148306873830664,536.0,0.33783628767255547,india_monsoon_season_s,india_monsoon_season_study_2024_05_09_nct_delhi_up_bihar,"India Monsoon Season Study (NCT Delhi, UP, Bihar) 9 May 2024",monsoon,INFL
29.0,704.0,0.07016069746128077,0.017819548241815825,21,704.0,0.18148306873830664,536.0,0.38659638030724774,india_monsoon_season_s,india_monsoon_season_study_2024_05_09_nct_delhi_up_bihar,"India Monsoon Season Study (NCT Delhi, UP, Bihar) 9 May 2024",monsoon,INFL
30.0,728.0,0.06324032824186636,0.023407658346175822,21,728.0,0.18148306873830664,536.0,0.3484640670973946,india_monsoon_season_s,india_monsoon_season_study_2024_05_09_nct_delhi_up_bihar,"India Monsoon Season Study (NCT Delhi, UP, Bihar) 9 May 2024",monsoon,INFL
31.0,752.0,0.04116879782263633,0.006133303079888422,21,752.0,0.18148306873830664,536.0,0.22684649377403107,india_monsoon_season_s,india_monsoon_season_study_2024_05_09_nct_delhi_up_bihar,"India Monsoon Season Study (NCT Delhi, UP, Bihar) 9 May 2024",monsoon,INFL
32.0,776.0,0.05962261805100997,0.00657956078770668,21,776.0,0.18148306873830664,536.0,0.3285299199837979,india_monsoon_season_s,india_monsoon_season_study_2024_05_09_nct_delhi_up_bihar,"India Monsoon Season Study (NCT Delhi, UP, Bihar) 9 May 2024",monsoon,INFL
33.0,800.0,0.06237701446045579,0.01669272823391608,21,800.0,0.18148306873830664,536.0,0.3437070735805204,india_monsoon_season_s,india_monsoon_season_study_2024_05_09_nct_delhi_up_bihar,"India Monsoon Season Study (NCT Delhi, UP, Bihar) 9 May 2024",monsoon,INFL
34.0,824.0,0.06966301104807794,0.011694249606167864,21,824.0,0.18148306873830664,536.0,0.38385405058655914,india_monsoon_season_s,india_monsoon_season_study_2024_05_09_nct_delhi_up_bihar,"India Monsoon Season Study (NCT Delhi, UP, Bihar) 9 May 2024",monsoon,INFL
-1.0,-12.0,0.0684108975119779,0.0682210401253184,21,-12.0,0.1202653175000561,336.0,0.5688331343901036,line_fire,line_fire_southern_california_9_september_2024,Line Fire Southern California 9 September 2024,wildfire,INFL
0.0,8.0,0.06383575908841393,0.0694947156548196,21,8.0,0.1202653175000561,336.0,0.5307910910257577,line_fire,line_fire_southern_california_9_september_2024,Line Fire Southern California 9 September 2024,wildfire,INFL
1.0,32.0,0.06436816634647664,0.07277113903933866,21,32.0,0.1202653175000561,336.0,0.5352180303057581,line_fire,line_fire_southern_california_9_september_2024,Line Fire Southern California 9 September 2024,wildfire,INFL
2.0,56.0,0.07533195034360027,0.06685059153428732,21,56.0,0.1202653175000561,336.0,0.6263813367770399,line_fire,line_fire_southern_california_9_september_2024,Line Fire Southern California 9 September 2024,wildfire,INFL
3.0,80.0,0.05634981028199523,0.05492522961391899,21,80.0,0.1202653175000561,336.0,0.4685458073311031,line_fire,line_fire_southern_california_9_september_2024,Line Fire Southern California 9 September 2024,wildfire,INFL
4.0,104.0,0.02656070072483867,0.012089622141564109,21,104.0,0.1202653175000561,336.0,0.22085087602106301,line_fire,line_fire_southern_california_9_september_2024,Line Fire Southern California 9 September 2024,wildfire,INFL
5.0,128.0,0.022393704657817277,0.014773894977249416,21,128.0,0.1202653175000561,336.0,0.18620251559895337,line_fire,line_fire_southern_california_9_september_2024,Line Fire Southern California 9 September 2024,wildfire,INFL
6.0,152.0,0.04280020429806592,0.04098396179884264,21,152.0,0.1202653175000561,336.0,0.3558815225182934,line_fire,line_fire_southern_california_9_september_2024,Line Fire Southern California 9 September 2024,wildfire,INFL
7.0,176.0,0.05126018584484401,0.052211430169009275,21,176.0,0.1202653175000561,336.0,0.42622583892334626,line_fire,line_fire_southern_california_9_september_2024,Line Fire Southern California 9 September 2024,wildfire,INFL
8.0,200.0,0.051990286574230514,0.05387424381047018,21,200.0,0.1202653175000561,336.0,0.4322965893654774,line_fire,line_fire_southern_california_9_september_2024,Line Fire Southern California 9 September 2024,wildfire,INFL
9.0,224.0,0.06627370834581847,0.06682264916525801,21,224.0,0.1202653175000561,336.0,0.5510625151410552,line_fire,line_fire_southern_california_9_september_2024,Line Fire Southern California 9 September 2024,wildfire,INFL
10.0,248.0,0.11084098896985932,0.11165460868739106,21,248.0,0.1202653175000561,336.0,0.9216371874610285,line_fire,line_fire_southern_california_9_september_2024,Line Fire Southern California 9 September 2024,wildfire,INFL
11.0,272.0,0.10723088196244905,0.11101437544504635,21,272.0,0.1202653175000561,336.0,0.8916193312539921,line_fire,line_fire_southern_california_9_september_2024,Line Fire Southern California 9 September 2024,wildfire,INFL
12.0,296.0,0.1065096587804934,0.11011513353860496,21,296.0,0.1202653175000561,336.0,0.8856223971673605,line_fire,line_fire_southern_california_9_september_2024,Line Fire Southern California 9 September 2024,wildfire,INFL
13.0,320.0,0.11730695292488047,0.12088273352012491,21,320.0,0.1202653175000561,336.0,0.9754013489784845,line_fire,line_fire_southern_california_9_september_2024,Line Fire Southern California 9 September 2024,wildfire,INFL
14.0,336.0,0.1202653175000561,0.12335408838918555,21,336.0,0.1202653175000561,336.0,1.0,line_fire,line_fire_southern_california_9_september_2024,Line Fire Southern California 9 September 2024,wildfire,INFL
-1.0,-8.0,0.0349542915216816,0.014536936891737259,20,-8.0,0.0631527023112268,344.0,0.5534884532639817,moldova,moldova_flooding_2024,Moldova Flooding Sept 16 2024,flood,INFL
0.0,8.0,0.04006318120753032,-0.003650902679798035,20,8.0,0.0631527023112268,344.0,0.6343858574743555,moldova,moldova_flooding_2024,Moldova Flooding Sept 16 2024,flood,INFL
1.0,32.0,0.047995149517755575,-0.026173776298665494,20,32.0,0.0631527023112268,344.0,0.7599856817088787,moldova,moldova_flooding_2024,Moldova Flooding Sept 16 2024,flood,INFL
2.0,56.0,0.04684652187014768,-0.0008614179487855764,20,56.0,0.0631527023112268,344.0,0.7417975819828009,moldova,moldova_flooding_2024,Moldova Flooding Sept 16 2024,flood,INFL
3.0,80.0,0.04437743742917355,0.005068536841802505,20,80.0,0.0631527023112268,344.0,0.7027005306989764,moldova,moldova_flooding_2024,Moldova Flooding Sept 16 2024,flood,INFL
4.0,104.0,0.041607650283524256,0.04194843875423001,20,104.0,0.0631527023112268,344.0,0.6588419617972162,moldova,moldova_flooding_2024,Moldova Flooding Sept 16 2024,flood,INFL
5.0,128.0,0.03498435604480992,0.02801832021977878,20,128.0,0.0631527023112268,344.0,0.553964514018756,moldova,moldova_flooding_2024,Moldova Flooding Sept 16 2024,flood,INFL
6.0,152.0,0.045219565046052984,0.003877754165916817,20,152.0,0.0631527023112268,344.0,0.7160353142642036,moldova,moldova_flooding_2024,Moldova Flooding Sept 16 2024,flood,INFL
7.0,176.0,0.04022486532457494,0.012059731603082212,20,176.0,0.0631527023112268,344.0,0.6369460664777298,moldova,moldova_flooding_2024,Moldova Flooding Sept 16 2024,flood,INFL
8.0,200.0,0.043891569964220285,0.013604789990858174,20,200.0,0.0631527023112268,344.0,0.6950069966589154,moldova,moldova_flooding_2024,Moldova Flooding Sept 16 2024,flood,INFL
9.0,224.0,0.043423171513467716,0.017084791790051613,20,224.0,0.0631527023112268,344.0,0.6875900780851982,moldova,moldova_flooding_2024,Moldova Flooding Sept 16 2024,flood,INFL
10.0,248.0,0.04860393673969395,0.05498510542469626,20,248.0,0.0631527023112268,344.0,0.769625605253847,moldova,moldova_flooding_2024,Moldova Flooding Sept 16 2024,flood,INFL
11.0,272.0,0.04673176425319462,0.030416909572269505,20,272.0,0.0631527023112268,344.0,0.7399804369873656,moldova,moldova_flooding_2024,Moldova Flooding Sept 16 2024,flood,INFL
12.0,296.0,0.049895884947411595,0.05357447780444035,20,296.0,0.0631527023112268,344.0,0.7900831337591312,moldova,moldova_flooding_2024,Moldova Flooding Sept 16 2024,flood,INFL
13.0,320.0,0.05796870742813406,0.04582932313404142,20,320.0,0.0631527023112268,344.0,0.9179133323932019,moldova,moldova_flooding_2024,Moldova Flooding Sept 16 2024,flood,INFL
14.0,344.0,0.0631527023112268,0.06494985196699657,20,344.0,0.0631527023112268,344.0,1.0,moldova,moldova_flooding_2024,Moldova Flooding Sept 16 2024,flood,INFL
15.0,368.0,0.047292855913120234,0.0376673765067957,20,368.0,0.0631527023112268,344.0,0.7488651187094629,moldova,moldova_flooding_2024,Moldova Flooding Sept 16 2024,flood,INFL
16.0,392.0,0.046380981720373665,0.038268763799084615,20,392.0,0.0631527023112268,344.0,0.7344259235622355,moldova,moldova_flooding_2024,Moldova Flooding Sept 16 2024,flood,INFL
17.0,416.0,0.04754116520783893,0.04759647398914185,20,416.0,0.0631527023112268,344.0,0.7527970057963368,moldova,moldova_flooding_2024,Moldova Flooding Sept 16 2024,flood,INFL
18.0,440.0,0.05781076381473454,0.06254324882094431,20,440.0,0.0631527023112268,344.0,0.9154123529003348,moldova,moldova_flooding_2024,Moldova Flooding Sept 16 2024,flood,INFL
19.0,464.0,0.05456705919316779,0.07495873017105747,20,464.0,0.0631527023112268,344.0,0.8640494736749733,moldova,moldova_flooding_2024,Moldova Flooding Sept 16 2024,flood,INFL
20.0,488.0,0.057359476274338815,0.054982446243859846,20,488.0,0.0631527023112268,344.0,0.9082663793492475,moldova,moldova_flooding_2024,Moldova Flooding Sept 16 2024,flood,INFL
21.0,512.0,0.046503278929977986,0.03543008048410989,20,512.0,0.0631527023112268,344.0,0.7363624552565028,moldova,moldova_flooding_2024,Moldova Flooding Sept 16 2024,flood,INFL
22.0,536.0,0.04537093673073442,0.04101307538495832,20,536.0,0.0631527023112268,344.0,0.7184322296635709,moldova,moldova_flooding_2024,Moldova Flooding Sept 16 2024,flood,INFL
23.0,560.0,0.04721002819654869,0.03539858140660947,20,560.0,0.0631527023112268,344.0,0.7475535720370283,moldova,moldova_flooding_2024,Moldova Flooding Sept 16 2024,flood,INFL
24.0,584.0,0.05050922642700762,0.033351262609669995,20,584.0,0.0631527023112268,344.0,0.7997951723124994,moldova,moldova_flooding_2024,Moldova Flooding Sept 16 2024,flood,INFL
25.0,608.0,0.046599805777675384,0.0568395537509551,20,608.0,0.0631527023112268,344.0,0.7378909226722231,moldova,moldova_flooding_2024,Moldova Flooding Sept 16 2024,flood,INFL
26.0,632.0,0.044393670075013575,0.034352620033167656,20,632.0,0.0631527023112268,344.0,0.7029575687234149,moldova,moldova_flooding_2024,Moldova Flooding Sept 16 2024,flood,INFL
27.0,652.0,0.054029110200216224,0.047367825885762514,20,652.0,0.0631527023112268,344.0,0.8555312476408685,moldova,moldova_flooding_2024,Moldova Flooding Sept 16 2024,flood,INFL
-1.0,-8.0,0.07026450922991515,0.06523644281370274,21,-8.0,0.07026450922991515,-8.0,1.0,mountain_fire_in_calif,mountain_fire_in_california,Mountain fire in California (Ventura County),wildfire,INFL
0.0,4.0,0.03607672844854549,0.029400524576288008,21,4.0,0.07026450922991515,-8.0,0.5134416911743803,mountain_fire_in_calif,mountain_fire_in_california,Mountain fire in California (Ventura County),wildfire,INFL
-1.0,-8.0,0.0641206299723793,0.00281924309615243,19,-8.0,0.17079223687390535,392.0,0.375430588333585,pakistan_monsoon_seaso,pakistan_monsoon_season_study_sindh_2024_05_09,Pakistan Monsoon Season Study (Sindh Province) 9 May 2024,monsoon,INFL
0.0,8.0,0.05617148164737663,0.030077716625362877,19,8.0,0.17079223687390535,392.0,0.3288877918312389,pakistan_monsoon_seaso,pakistan_monsoon_season_study_sindh_2024_05_09,Pakistan Monsoon Season Study (Sindh Province) 9 May 2024,monsoon,INFL
1.0,32.0,0.06450096098576966,0.016794158862031394,19,32.0,0.17079223687390535,392.0,0.37765745192148426,pakistan_monsoon_seaso,pakistan_monsoon_season_study_sindh_2024_05_09,Pakistan Monsoon Season Study (Sindh Province) 9 May 2024,monsoon,INFL
2.0,56.0,0.07723420459181386,0.09809077895612188,20,56.0,0.17079223687390535,392.0,0.4522114471094802,pakistan_monsoon_seaso,pakistan_monsoon_season_study_sindh_2024_05_09,Pakistan Monsoon Season Study (Sindh Province) 9 May 2024,monsoon,INFL
3.0,80.0,0.05993387288159652,0.03464595131536702,19,80.0,0.17079223687390535,392.0,0.35091684480861535,pakistan_monsoon_seaso,pakistan_monsoon_season_study_sindh_2024_05_09,Pakistan Monsoon Season Study (Sindh Province) 9 May 2024,monsoon,INFL
4.0,104.0,0.0707819202760007,0.07717746276089983,19,104.0,0.17079223687390535,392.0,0.4144328897586749,pakistan_monsoon_seaso,pakistan_monsoon_season_study_sindh_2024_05_09,Pakistan Monsoon Season Study (Sindh Province) 9 May 2024,monsoon,INFL
5.0,128.0,0.07397410324614574,0.07243452359906853,19,128.0,0.17079223687390535,392.0,0.43312333511247514,pakistan_monsoon_seaso,pakistan_monsoon_season_study_sindh_2024_05_09,Pakistan Monsoon Season Study (Sindh Province) 9 May 2024,monsoon,INFL
6.0,152.0,0.07186996157018258,0.07768872122811453,19,152.0,0.17079223687390535,392.0,0.4208034444987312,pakistan_monsoon_seaso,pakistan_monsoon_season_study_sindh_2024_05_09,Pakistan Monsoon Season Study (Sindh Province) 9 May 2024,monsoon,INFL
7.0,176.0,0.06640260309673462,0.08993034292706663,19,176.0,0.17079223687390535,392.0,0.38879169400280866,pakistan_monsoon_seaso,pakistan_monsoon_season_study_sindh_2024_05_09,Pakistan Monsoon Season Study (Sindh Province) 9 May 2024,monsoon,INFL
8.0,200.0,0.06274705718457495,0.05026635119190517,19,200.0,0.17079223687390535,392.0,0.36738822755100187,pakistan_monsoon_seaso,pakistan_monsoon_season_study_sindh_2024_05_09,Pakistan Monsoon Season Study (Sindh Province) 9 May 2024,monsoon,INFL
9.0,224.0,0.06770549745081593,0.07599387975651037,19,224.0,0.17079223687390535,392.0,0.3964202278163404,pakistan_monsoon_seaso,pakistan_monsoon_season_study_sindh_2024_05_09,Pakistan Monsoon Season Study (Sindh Province) 9 May 2024,monsoon,INFL
10.0,248.0,0.05701643512771507,0.03382833011309726,19,248.0,0.17079223687390535,392.0,0.3338350511200921,pakistan_monsoon_seaso,pakistan_monsoon_season_study_sindh_2024_05_09,Pakistan Monsoon Season Study (Sindh Province) 9 May 2024,monsoon,INFL
11.0,272.0,0.0499825820161603,0.04898345672673073,19,272.0,0.17079223687390535,392.0,0.29265136947097936,pakistan_monsoon_seaso,pakistan_monsoon_season_study_sindh_2024_05_09,Pakistan Monsoon Season Study (Sindh Province) 9 May 2024,monsoon,INFL
12.0,296.0,0.06277903196078605,0.02117149641070779,19,296.0,0.17079223687390535,392.0,0.3675754420099044,pakistan_monsoon_seaso,pakistan_monsoon_season_study_sindh_2024_05_09,Pakistan Monsoon Season Study (Sindh Province) 9 May 2024,monsoon,INFL
13.0,320.0,0.05072319594460011,0.02958249253346547,19,320.0,0.17079223687390535,392.0,0.29698771368659266,pakistan_monsoon_seaso,pakistan_monsoon_season_study_sindh_2024_05_09,Pakistan Monsoon Season Study (Sindh Province) 9 May 2024,monsoon,INFL
14.0,344.0,0.04224361631036474,0.03860375799523252,19,344.0,0.17079223687390535,392.0,0.24733920629866152,pakistan_monsoon_seaso,pakistan_monsoon_season_study_sindh_2024_05_09,Pakistan Monsoon Season Study (Sindh Province) 9 May 2024,monsoon,INFL
15.0,368.0,0.08518433042406674,0.16552778901360202,19,368.0,0.17079223687390535,392.0,0.49875996698232666,pakistan_monsoon_seaso,pakistan_monsoon_season_study_sindh_2024_05_09,Pakistan Monsoon Season Study (Sindh Province) 9 May 2024,monsoon,INFL
16.0,392.0,0.17079223687390535,0.38833082969219196,19,392.0,0.17079223687390535,392.0,1.0,pakistan_monsoon_seaso,pakistan_monsoon_season_study_sindh_2024_05_09,Pakistan Monsoon Season Study (Sindh Province) 9 May 2024,monsoon,INFL
17.0,416.0,0.043784449426464346,0.028992649049221858,19,416.0,0.17079223687390535,392.0,0.2563608875196715,pakistan_monsoon_seaso,pakistan_monsoon_season_study_sindh_2024_05_09,Pakistan Monsoon Season Study (Sindh Province) 9 May 2024,monsoon,INFL
18.0,440.0,0.05609210146789661,0.018446777605086537,19,440.0,0.17079223687390535,392.0,0.32842301555725273,pakistan_monsoon_seaso,pakistan_monsoon_season_study_sindh_2024_05_09,Pakistan Monsoon Season Study (Sindh Province) 9 May 2024,monsoon,INFL
19.0,464.0,0.05010235155773767,0.02355936270545632,19,464.0,0.17079223687390535,392.0,0.29335262816850316,pakistan_monsoon_seaso,pakistan_monsoon_season_study_sindh_2024_05_09,Pakistan Monsoon Season Study (Sindh Province) 9 May 2024,monsoon,INFL
20.0,488.0,0.03521314267332757,-0.002009741141468468,19,488.0,0.17079223687390535,392.0,0.20617531169947245,pakistan_monsoon_seaso,pakistan_monsoon_season_study_sindh_2024_05_09,Pakistan Monsoon Season Study (Sindh Province) 9 May 2024,monsoon,INFL
21.0,512.0,0.04597039398660687,0.03296343087952438,19,512.0,0.17079223687390535,392.0,0.26915973950587974,pakistan_monsoon_seaso,pakistan_monsoon_season_study_sindh_2024_05_09,Pakistan Monsoon Season Study (Sindh Province) 9 May 2024,monsoon,INFL
22.0,536.0,0.0455983580027256,-0.014158369857539333,19,536.0,0.17079223687390535,392.0,0.26698144387201,pakistan_monsoon_seaso,pakistan_monsoon_season_study_sindh_2024_05_09,Pakistan Monsoon Season Study (Sindh Province) 9 May 2024,monsoon,INFL
23.0,560.0,0.046765199594085316,-0.003701234569774829,20,560.0,0.17079223687390535,392.0,0.2738133796362871,pakistan_monsoon_seaso,pakistan_monsoon_season_study_sindh_2024_05_09,Pakistan Monsoon Season Study (Sindh Province) 9 May 2024,monsoon,INFL
24.0,584.0,0.0456777324723223,-0.049899701832907435,19,584.0,0.17079223687390535,392.0,0.26744618671424647,pakistan_monsoon_seaso,pakistan_monsoon_season_study_sindh_2024_05_09,Pakistan Monsoon Season Study (Sindh Province) 9 May 2024,monsoon,INFL
25.0,608.0,0.04854427390035857,-0.02927723651614061,19,608.0,0.17079223687390535,392.0,0.2842299790019054,pakistan_monsoon_seaso,pakistan_monsoon_season_study_sindh_2024_05_09,Pakistan Monsoon Season Study (Sindh Province) 9 May 2024,monsoon,INFL
26.0,632.0,0.0473428928387007,-0.061925123121075516,19,632.0,0.17079223687390535,392.0,0.27719581232286106,pakistan_monsoon_seaso,pakistan_monsoon_season_study_sindh_2024_05_09,Pakistan Monsoon Season Study (Sindh Province) 9 May 2024,monsoon,INFL
27.0,656.0,0.05213342919650362,-0.04375905226986385,19,656.0,0.17079223687390535,392.0,0.305244723944879,pakistan_monsoon_seaso,pakistan_monsoon_season_study_sindh_2024_05_09,Pakistan Monsoon Season Study (Sindh Province) 9 May 2024,monsoon,INFL
28.0,680.0,0.06494180212449337,-0.054001123458110534,19,680.0,0.17079223687390535,392.0,0.3802386063509398,pakistan_monsoon_seaso,pakistan_monsoon_season_study_sindh_2024_05_09,Pakistan Monsoon Season Study (Sindh Province) 9 May 2024,monsoon,INFL
29.0,704.0,0.07296763924456225,-0.06578457373285991,19,704.0,0.17079223687390535,392.0,0.42723042089104857,pakistan_monsoon_seaso,pakistan_monsoon_season_study_sindh_2024_05_09,Pakistan Monsoon Season Study (Sindh Province) 9 May 2024,monsoon,INFL
30.0,728.0,0.07468444797125014,-0.06092831324586151,20,728.0,0.17079223687390535,392.0,0.4372824511127465,pakistan_monsoon_seaso,pakistan_monsoon_season_study_sindh_2024_05_09,Pakistan Monsoon Season Study (Sindh Province) 9 May 2024,monsoon,INFL
31.0,752.0,0.08243153280444969,-0.11894115534253313,19,752.0,0.17079223687390535,392.0,0.48264215232047275,pakistan_monsoon_seaso,pakistan_monsoon_season_study_sindh_2024_05_09,Pakistan Monsoon Season Study (Sindh Province) 9 May 2024,monsoon,INFL
32.0,776.0,0.0747400474847524,-0.10043564771469121,18,776.0,0.17079223687390535,392.0,0.43760798999273265,pakistan_monsoon_seaso,pakistan_monsoon_season_study_sindh_2024_05_09,Pakistan Monsoon Season Study (Sindh Province) 9 May 2024,monsoon,INFL
33.0,800.0,0.08365912660979298,-0.0848987691454575,19,800.0,0.17079223687390535,392.0,0.4898297963715874,pakistan_monsoon_seaso,pakistan_monsoon_season_study_sindh_2024_05_09,Pakistan Monsoon Season Study (Sindh Province) 9 May 2024,monsoon,INFL
34.0,824.0,0.09307710232730104,-0.13190483019336638,19,824.0,0.17079223687390535,392.0,0.5449726757546901,pakistan_monsoon_seaso,pakistan_monsoon_season_study_sindh_2024_05_09,Pakistan Monsoon Season Study (Sindh Province) 9 May 2024,monsoon,INFL
-1.0,-8.0,0.014076712588118262,0.005317382480860605,21,-8.0,0.06267427957325017,388.0,0.22460110724792925,park_fire1,park_fire_2024,"The Park Fire in Northern California, US",wildfire,INFL
0.0,8.0,0.01907279935727643,0.01270605405724864,21,8.0,0.06267427957325017,388.0,0.30431621212311205,park_fire1,park_fire_2024,"The Park Fire in Northern California, US",wildfire,INFL
1.0,32.0,0.017283132429134738,0.009203284821083619,21,32.0,0.06267427957325017,388.0,0.27576116625218144,park_fire1,park_fire_2024,"The Park Fire in Northern California, US",wildfire,INFL
2.0,56.0,0.022018794543869614,0.015957430572671957,21,56.0,0.06267427957325017,388.0,0.3513210633420251,park_fire1,park_fire_2024,"The Park Fire in Northern California, US",wildfire,INFL
3.0,80.0,0.020857294222293387,0.015084519180887795,21,80.0,0.06267427957325017,388.0,0.3327887350969317,park_fire1,park_fire_2024,"The Park Fire in Northern California, US",wildfire,INFL
4.0,104.0,0.025217040671436552,0.01978234049245016,21,104.0,0.06267427957325017,388.0,0.40235070659191696,park_fire1,park_fire_2024,"The Park Fire in Northern California, US",wildfire,INFL
5.0,128.0,0.01686470534241316,0.01074470770992253,21,128.0,0.06267427957325017,388.0,0.26908494931645194,park_fire1,park_fire_2024,"The Park Fire in Northern California, US",wildfire,INFL
6.0,152.0,0.021672579174215927,0.016813870752409688,21,152.0,0.06267427957325017,388.0,0.3457970210712392,park_fire1,park_fire_2024,"The Park Fire in Northern California, US",wildfire,INFL
7.0,176.0,0.018160819235116924,0.013158732326353076,21,176.0,0.06267427957325017,388.0,0.28976510553889306,park_fire1,park_fire_2024,"The Park Fire in Northern California, US",wildfire,INFL
8.0,200.0,0.024143343129546996,0.02261730380996288,21,200.0,0.06267427957325017,388.0,0.38521931634379003,park_fire1,park_fire_2024,"The Park Fire in Northern California, US",wildfire,INFL
9.0,224.0,0.023798927264375255,0.02301632351098345,21,224.0,0.06267427957325017,388.0,0.3797239860820484,park_fire1,park_fire_2024,"The Park Fire in Northern California, US",wildfire,INFL
10.0,248.0,0.023441310845541966,0.022431231711492094,21,248.0,0.06267427957325017,388.0,0.3740180342742525,park_fire1,park_fire_2024,"The Park Fire in Northern California, US",wildfire,INFL
11.0,272.0,0.027979359797731765,0.02476804673708563,21,272.0,0.06267427957325017,388.0,0.44642491287085423,park_fire1,park_fire_2024,"The Park Fire in Northern California, US",wildfire,INFL
12.0,296.0,0.023571826899308156,0.01701701678712256,21,296.0,0.06267427957325017,388.0,0.37610048427854254,park_fire1,park_fire_2024,"The Park Fire in Northern California, US",wildfire,INFL
13.0,320.0,0.028958683301410163,0.025461150155267995,21,320.0,0.06267427957325017,388.0,0.46205051735081987,park_fire1,park_fire_2024,"The Park Fire in Northern California, US",wildfire,INFL
14.0,344.0,0.028354191562706382,0.02571415428804509,21,344.0,0.06267427957325017,388.0,0.45240554428021146,park_fire1,park_fire_2024,"The Park Fire in Northern California, US",wildfire,INFL
15.0,368.0,0.043939235399416805,0.04247695546394636,21,368.0,0.06267427957325017,388.0,0.7010728435747411,park_fire1,park_fire_2024,"The Park Fire in Northern California, US",wildfire,INFL
16.0,388.0,0.06267427957325017,0.06253082148427883,21,388.0,0.06267427957325017,388.0,1.0,park_fire1,park_fire_2024,"The Park Fire in Northern California, US",wildfire,INFL
-1.0,-8.0,0.0167441372760591,0.004225114208889614,21,-8.0,0.03133960305118296,272.0,0.5342804517566174,park_fire2,park_fire_california_29_july_2024,Park Fire California 29 July 2024,wildfire,NEUTRAL
0.0,8.0,0.020058367350484527,0.007908585690966854,21,8.0,0.03133960305118296,272.0,0.6400325912783823,park_fire2,park_fire_california_29_july_2024,Park Fire California 29 July 2024,wildfire,NEUTRAL
1.0,32.0,0.018901804558149903,0.006507217607343144,21,32.0,0.03133960305118296,272.0,0.6031283972320902,park_fire2,park_fire_california_29_july_2024,Park Fire California 29 July 2024,wildfire,NEUTRAL
2.0,56.0,0.023409009358792966,0.016063403480632354,21,56.0,0.03133960305118296,272.0,0.7469465813131719,park_fire2,park_fire_california_29_july_2024,Park Fire California 29 July 2024,wildfire,NEUTRAL
3.0,80.0,0.02261349951388628,0.01633758815092689,21,80.0,0.03133960305118296,272.0,0.7215630484200628,park_fire2,park_fire_california_29_july_2024,Park Fire California 29 July 2024,wildfire,NEUTRAL
4.0,104.0,0.030854586329901554,0.0235592018151356,21,104.0,0.03133960305118296,272.0,0.9845238396769324,park_fire2,park_fire_california_29_july_2024,Park Fire California 29 July 2024,wildfire,NEUTRAL
5.0,128.0,0.02359980759059299,0.012560657235773216,21,128.0,0.03133960305118296,272.0,0.7530346683731267,park_fire2,park_fire_california_29_july_2024,Park Fire California 29 July 2024,wildfire,NEUTRAL
6.0,152.0,0.02427706211137187,0.01770027071069577,21,152.0,0.03133960305118296,272.0,0.7746448502147029,park_fire2,park_fire_california_29_july_2024,Park Fire California 29 July 2024,wildfire,NEUTRAL
7.0,176.0,0.019325298307794333,0.01066446020541371,21,176.0,0.03133960305118296,272.0,0.6166414512727809,park_fire2,park_fire_california_29_july_2024,Park Fire California 29 July 2024,wildfire,NEUTRAL
8.0,200.0,0.025073662650227688,0.01807744696691514,21,200.0,0.03133960305118296,272.0,0.8000631855252948,park_fire2,park_fire_california_29_july_2024,Park Fire California 29 July 2024,wildfire,NEUTRAL
9.0,224.0,0.02631726396828653,0.019287607851567752,21,224.0,0.03133960305118296,272.0,0.8397446491362993,park_fire2,park_fire_california_29_july_2024,Park Fire California 29 July 2024,wildfire,NEUTRAL
10.0,248.0,0.026890539385057366,0.01914657797181389,21,248.0,0.03133960305118296,272.0,0.8580370128217799,park_fire2,park_fire_california_29_july_2024,Park Fire California 29 July 2024,wildfire,NEUTRAL
11.0,272.0,0.03133960305118296,0.021226691259467207,21,272.0,0.03133960305118296,272.0,1.0,park_fire2,park_fire_california_29_july_2024,Park Fire California 29 July 2024,wildfire,NEUTRAL
12.0,296.0,0.025548864570332137,0.014606713380478845,21,296.0,0.03133960305118296,272.0,0.815226170178558,park_fire2,park_fire_california_29_july_2024,Park Fire California 29 July 2024,wildfire,NEUTRAL
13.0,320.0,0.029828183990202064,0.022719416519530824,21,320.0,0.03133960305118296,272.0,0.9517728715800104,park_fire2,park_fire_california_29_july_2024,Park Fire California 29 July 2024,wildfire,NEUTRAL
14.0,340.0,0.031217316175906777,0.02680116901620053,21,340.0,0.03133960305118296,272.0,0.9960980081631389,park_fire2,park_fire_california_29_july_2024,Park Fire California 29 July 2024,wildfire,NEUTRAL
-1.0,-8.0,0.05447515445779612,0.013606039652855192,21,-8.0,0.12910513786241298,104.0,0.42194412522799946,spain_flood,spain_flood,Spain Flood (Valencia and Castilla-La Mancha Regions),flood,INFL
0.0,8.0,0.07729039235675829,0.0692476057518709,21,8.0,0.12910513786241298,104.0,0.5986624052028546,spain_flood,spain_flood,Spain Flood (Valencia and Castilla-La Mancha Regions),flood,INFL
1.0,32.0,0.08520726750803403,0.08940052784037561,21,32.0,0.12910513786241298,104.0,0.6599835523109793,spain_flood,spain_flood,Spain Flood (Valencia and Castilla-La Mancha Regions),flood,INFL
2.0,56.0,0.09096890339806248,0.11910669836881878,21,56.0,0.12910513786241298,104.0,0.7046110240400177,spain_flood,spain_flood,Spain Flood (Valencia and Castilla-La Mancha Regions),flood,INFL
3.0,80.0,0.11522234933359364,0.16380315964532208,21,80.0,0.12910513786241298,104.0,0.8924691243224248,spain_flood,spain_flood,Spain Flood (Valencia and Castilla-La Mancha Regions),flood,INFL
4.0,104.0,0.12910513786241298,0.1867867202989949,21,104.0,0.12910513786241298,104.0,1.0,spain_flood,spain_flood,Spain Flood (Valencia and Castilla-La Mancha Regions),flood,INFL
5.0,128.0,0.1179302916525468,0.17512788735524534,21,128.0,0.12910513786241298,104.0,0.9134438303936813,spain_flood,spain_flood,Spain Flood (Valencia and Castilla-La Mancha Regions),flood,INFL
6.0,152.0,0.10101307065173133,0.14875851302233853,21,152.0,0.12910513786241298,104.0,0.7824093783113474,spain_flood,spain_flood,Spain Flood (Valencia and Castilla-La Mancha Regions),flood,INFL
7.0,176.0,0.09138289844238918,0.11087935366394452,21,176.0,0.12910513786241298,104.0,0.707817674458283,spain_flood,spain_flood,Spain Flood (Valencia and Castilla-La Mancha Regions),flood,INFL
8.0,200.0,0.08024348080599979,0.12499183323914498,21,200.0,0.12910513786241298,104.0,0.6215359213009405,spain_flood,spain_flood,Spain Flood (Valencia and Castilla-La Mancha Regions),flood,INFL
9.0,220.0,0.10135658463191155,0.16823695968679414,21,220.0,0.12910513786241298,104.0,0.785070108828101,spain_flood,spain_flood,Spain Flood (Valencia and Castilla-La Mancha Regions),flood,INFL
1.0,32.0,0.24759529687456974,0.31319156381568863,21,32.0,0.24759529687456974,32.0,1.0,the_earthquake_across_,the_earthquake_across_central_mexico,The Earthquake Across Central Mexico,earthquake,INFL
2.0,56.0,0.16647016466095624,0.21702725771546647,21,56.0,0.24759529687456974,32.0,0.6723478465153924,the_earthquake_across_,the_earthquake_across_central_mexico,The Earthquake Across Central Mexico,earthquake,INFL
3.0,72.0,0.13395170943528992,0.17205552687168965,21,72.0,0.24759529687456974,32.0,0.5410107184028985,the_earthquake_across_,the_earthquake_across_central_mexico,The Earthquake Across Central Mexico,earthquake,INFL
4.0,104.0,0.12562999807660763,0.15235778741630554,21,104.0,0.24759529687456974,32.0,0.5074005833812385,the_earthquake_across_,the_earthquake_across_central_mexico,The Earthquake Across Central Mexico,earthquake,INFL
5.0,128.0,0.0958056917886682,0.11946150927721162,21,128.0,0.24759529687456974,32.0,0.3869447158247225,the_earthquake_across_,the_earthquake_across_central_mexico,The Earthquake Across Central Mexico,earthquake,INFL
1.0,36.0,0.08969968990619899,0.05198197252489732,21,36.0,0.09190257647023503,296.0,0.9760301979700264,the_earthquake_across_,the_earthquake_across_dhaka_division_bangladesh,"The Earthquake Across Dhaka Division, Bangladesh",earthquake,INFL
2.0,56.0,0.0790110312507689,0.04900067515389076,21,56.0,0.09190257647023503,296.0,0.8597259650969482,the_earthquake_across_,the_earthquake_across_dhaka_division_bangladesh,"The Earthquake Across Dhaka Division, Bangladesh",earthquake,INFL
3.0,72.0,0.07776127640253849,0.08884190756692908,21,72.0,0.09190257647023503,296.0,0.8461272729140891,the_earthquake_across_,the_earthquake_across_dhaka_division_bangladesh,"The Earthquake Across Dhaka Division, Bangladesh",earthquake,INFL
11.0,272.0,0.07738314246167904,0.030739272335149354,21,272.0,0.09190257647023503,296.0,0.8420127643183272,the_earthquake_across_,the_earthquake_across_dhaka_division_bangladesh,"The Earthquake Across Dhaka Division, Bangladesh",earthquake,INFL
12.0,296.0,0.09190257647023503,0.0432635514314396,21,296.0,0.09190257647023503,296.0,1.0,the_earthquake_across_,the_earthquake_across_dhaka_division_bangladesh,"The Earthquake Across Dhaka Division, Bangladesh",earthquake,INFL
13.0,312.0,0.06567908191947482,0.07399496118589867,21,312.0,0.09190257647023503,296.0,0.7146598544029573,the_earthquake_across_,the_earthquake_across_dhaka_division_bangladesh,"The Earthquake Across Dhaka Division, Bangladesh",earthquake,INFL
-1.0,-8.0,0.17777533817214874,0.1890356195740827,21,-8.0,0.17777533817214874,-8.0,1.0,the_flooding_across_an,the_flooding_across_antioquia_and_choc_departments_colombia,"The Flooding Across Antioquia and Chocó Departments, Colombia",flood,INFL
0.0,4.0,0.10239348544003976,0.10302477901243606,21,4.0,0.17777533817214874,-8.0,0.5759712595280625,the_flooding_across_an,the_flooding_across_antioquia_and_choc_departments_colombia,"The Flooding Across Antioquia and Chocó Departments, Colombia",flood,INFL
-1.0,-8.0,0.04381559241296778,-0.06738317712951371,21,-8.0,0.1316684230424645,320.0,0.33277221220183345,nepal_fld,the_flooding_across_bagmati_and_koshi_provinces_nepal,"The Flooding Across Bagmati and Koshi Provinces, Nepal",flood,NEUTRAL
0.0,8.0,0.12689015949098856,-0.18533436625590774,21,8.0,0.1316684230424645,320.0,0.9637098748426955,nepal_fld,the_flooding_across_bagmati_and_koshi_provinces_nepal,"The Flooding Across Bagmati and Koshi Provinces, Nepal",flood,NEUTRAL
1.0,32.0,0.04550816545609385,-0.04196248395931892,21,32.0,0.1316684230424645,320.0,0.3456270258619029,nepal_fld,the_flooding_across_bagmati_and_koshi_provinces_nepal,"The Flooding Across Bagmati and Koshi Provinces, Nepal",flood,NEUTRAL
2.0,56.0,0.029245223343176554,-0.018186748048311264,21,56.0,0.1316684230424645,320.0,0.22211265744213135,nepal_fld,the_flooding_across_bagmati_and_koshi_provinces_nepal,"The Flooding Across Bagmati and Koshi Provinces, Nepal",flood,NEUTRAL
3.0,80.0,0.0266204583200043,0.0053002932728401205,21,80.0,0.1316684230424645,320.0,0.20217799913513745,nepal_fld,the_flooding_across_bagmati_and_koshi_provinces_nepal,"The Flooding Across Bagmati and Koshi Provinces, Nepal",flood,NEUTRAL
4.0,104.0,0.025755391790270473,0.02008606293756192,21,104.0,0.1316684230424645,320.0,0.19560796123428983,nepal_fld,the_flooding_across_bagmati_and_koshi_provinces_nepal,"The Flooding Across Bagmati and Koshi Provinces, Nepal",flood,NEUTRAL
5.0,128.0,0.027439650019068867,0.02813298477179889,21,128.0,0.1316684230424645,320.0,0.2083996252481833,nepal_fld,the_flooding_across_bagmati_and_koshi_provinces_nepal,"The Flooding Across Bagmati and Koshi Provinces, Nepal",flood,NEUTRAL
6.0,152.0,0.02628713132809529,0.02905687481193327,21,152.0,0.1316684230424645,320.0,0.19964643549818623,nepal_fld,the_flooding_across_bagmati_and_koshi_provinces_nepal,"The Flooding Across Bagmati and Koshi Provinces, Nepal",flood,NEUTRAL
7.0,176.0,0.03682964752417414,0.037004774825031624,21,176.0,0.1316684230424645,320.0,0.279715110678406,nepal_fld,the_flooding_across_bagmati_and_koshi_provinces_nepal,"The Flooding Across Bagmati and Koshi Provinces, Nepal",flood,NEUTRAL
8.0,200.0,0.03786372391679841,0.037007196120182884,21,200.0,0.1316684230424645,320.0,0.2875687506683888,nepal_fld,the_flooding_across_bagmati_and_koshi_provinces_nepal,"The Flooding Across Bagmati and Koshi Provinces, Nepal",flood,NEUTRAL
9.0,224.0,0.0468138856941764,0.043426371932633344,21,224.0,0.1316684230424645,320.0,0.3555437561447699,nepal_fld,the_flooding_across_bagmati_and_koshi_provinces_nepal,"The Flooding Across Bagmati and Koshi Provinces, Nepal",flood,NEUTRAL
10.0,248.0,0.051465771576362,0.03006173514365323,21,248.0,0.1316684230424645,320.0,0.3908740637059481,nepal_fld,the_flooding_across_bagmati_and_koshi_provinces_nepal,"The Flooding Across Bagmati and Koshi Provinces, Nepal",flood,NEUTRAL
11.0,272.0,0.07687715899913744,0.031344637955110215,21,272.0,0.1316684230424645,320.0,0.5838693683932382,nepal_fld,the_flooding_across_bagmati_and_koshi_provinces_nepal,"The Flooding Across Bagmati and Koshi Provinces, Nepal",flood,NEUTRAL
12.0,296.0,0.10695250189225308,0.05526639603524244,21,296.0,0.1316684230424645,320.0,0.8122866471770511,nepal_fld,the_flooding_across_bagmati_and_koshi_provinces_nepal,"The Flooding Across Bagmati and Koshi Provinces, Nepal",flood,NEUTRAL
13.0,320.0,0.1316684230424645,0.05474839465049989,21,320.0,0.1316684230424645,320.0,1.0,nepal_fld,the_flooding_across_bagmati_and_koshi_provinces_nepal,"The Flooding Across Bagmati and Koshi Provinces, Nepal",flood,NEUTRAL
14.0,340.0,0.13155156495062142,0.028146819430553548,21,340.0,0.1316684230424645,320.0,0.9991124820276355,nepal_fld,the_flooding_across_bagmati_and_koshi_provinces_nepal,"The Flooding Across Bagmati and Koshi Provinces, Nepal",flood,NEUTRAL
-1.0,-8.0,0.0504401158707624,0.06691839776308764,21,-8.0,0.08402106945945663,8.0,0.6003269917327305,bangladesh_fld,the_flooding_across_eastern_bangladesh,The Flooding Across Eastern Bangladesh,flood,INFL
0.0,8.0,0.08402106945945663,0.1126251817751383,21,8.0,0.08402106945945663,8.0,1.0,bangladesh_fld,the_flooding_across_eastern_bangladesh,The Flooding Across Eastern Bangladesh,flood,INFL
1.0,32.0,0.05524451471438451,0.06925992332406454,21,32.0,0.08402106945945663,8.0,0.6575078735583353,bangladesh_fld,the_flooding_across_eastern_bangladesh,The Flooding Across Eastern Bangladesh,flood,INFL
2.0,56.0,0.03338985873250759,0.02695006466098344,21,56.0,0.08402106945945663,8.0,0.39739863997588687,bangladesh_fld,the_flooding_across_eastern_bangladesh,The Flooding Across Eastern Bangladesh,flood,INFL
3.0,80.0,0.03665556591512237,-0.016688645036538167,21,80.0,0.08402106945945663,8.0,0.43626635736658975,bangladesh_fld,the_flooding_across_eastern_bangladesh,The Flooding Across Eastern Bangladesh,flood,INFL
4.0,104.0,0.027612356958562873,0.036661029518855665,21,104.0,0.08402106945945663,8.0,0.32863610444624114,bangladesh_fld,the_flooding_across_eastern_bangladesh,The Flooding Across Eastern Bangladesh,flood,INFL
5.0,128.0,0.026786398598506077,0.01705247481612161,21,128.0,0.08402106945945663,8.0,0.31880573254820965,bangladesh_fld,the_flooding_across_eastern_bangladesh,The Flooding Across Eastern Bangladesh,flood,INFL
6.0,152.0,0.02806869499702523,0.02560511990463402,21,152.0,0.08402106945945663,8.0,0.33406733784279485,bangladesh_fld,the_flooding_across_eastern_bangladesh,The Flooding Across Eastern Bangladesh,flood,INFL
7.0,176.0,0.05820681489133204,0.07443053438659217,21,176.0,0.08402106945945663,8.0,0.6927645085429321,bangladesh_fld,the_flooding_across_eastern_bangladesh,The Flooding Across Eastern Bangladesh,flood,INFL
8.0,200.0,0.02377688303623089,0.025551996909788433,21,200.0,0.08402106945945663,8.0,0.2829871505944606,bangladesh_fld,the_flooding_across_eastern_bangladesh,The Flooding Across Eastern Bangladesh,flood,INFL
9.0,224.0,0.03796260085856614,-0.0029838059979929443,21,224.0,0.08402106945945663,8.0,0.45182239529674806,bangladesh_fld,the_flooding_across_eastern_bangladesh,The Flooding Across Eastern Bangladesh,flood,INFL
10.0,248.0,0.0635793139696504,-0.04879906833549839,21,248.0,0.08402106945945663,8.0,0.7567067924591205,bangladesh_fld,the_flooding_across_eastern_bangladesh,The Flooding Across Eastern Bangladesh,flood,INFL
11.0,268.0,0.030758139664155,0.009294963058835568,21,268.0,0.08402106945945663,8.0,0.36607650750026427,bangladesh_fld,the_flooding_across_eastern_bangladesh,The Flooding Across Eastern Bangladesh,flood,INFL
-1.0,-8.0,0.06727696980064175,-0.05210638336617411,21,-8.0,0.10868525430476639,128.0,0.6190073366529476,gujarat_fld,the_flooding_across_gujarat_india,"The Flooding Across Gujarat, India",flood,EVAC
0.0,8.0,0.08911302531525724,-0.07645699427304332,21,8.0,0.10868525430476639,128.0,0.8199182666065602,gujarat_fld,the_flooding_across_gujarat_india,"The Flooding Across Gujarat, India",flood,EVAC
1.0,32.0,0.10285045361082308,-0.09611457889521886,21,32.0,0.10868525430476639,128.0,0.9463146980584705,gujarat_fld,the_flooding_across_gujarat_india,"The Flooding Across Gujarat, India",flood,EVAC
2.0,56.0,0.09588852594508046,-0.08329582294997272,21,56.0,0.10868525430476639,128.0,0.882258835924491,gujarat_fld,the_flooding_across_gujarat_india,"The Flooding Across Gujarat, India",flood,EVAC
3.0,80.0,0.09939754966974156,-0.08832897713612521,21,80.0,0.10868525430476639,128.0,0.9145449426931366,gujarat_fld,the_flooding_across_gujarat_india,"The Flooding Across Gujarat, India",flood,EVAC
4.0,104.0,0.09991141178996336,-0.08701951681025492,21,104.0,0.10868525430476639,128.0,0.9192729264799793,gujarat_fld,the_flooding_across_gujarat_india,"The Flooding Across Gujarat, India",flood,EVAC
5.0,128.0,0.10868525430476639,-0.09922901479032041,21,128.0,0.10868525430476639,128.0,1.0,gujarat_fld,the_flooding_across_gujarat_india,"The Flooding Across Gujarat, India",flood,EVAC
6.0,152.0,0.08790029806069506,-0.08069532477258527,21,152.0,0.10868525430476639,128.0,0.8087601084707606,gujarat_fld,the_flooding_across_gujarat_india,"The Flooding Across Gujarat, India",flood,EVAC
7.0,172.0,0.08332955803956679,-0.06631915508108774,21,172.0,0.10868525430476639,128.0,0.7667052772945702,gujarat_fld,the_flooding_across_gujarat_india,"The Flooding Across Gujarat, India",flood,EVAC
-1.0,-8.0,0.03476284456928441,-0.008052837336681348,21,-8.0,0.10380220992425243,272.0,0.33489503349352484,the_flooding_across_ri,the_flooding_across_rio_grande_do_sul_state_brazil,"The Flooding Across Rio Grande do Sul State, Brazil",flood,INFL
0.0,8.0,0.046354273631810515,0.04504548322870308,21,8.0,0.10380220992425243,272.0,0.44656345626587923,the_flooding_across_ri,the_flooding_across_rio_grande_do_sul_state_brazil,"The Flooding Across Rio Grande do Sul State, Brazil",flood,INFL
1.0,32.0,0.0770350202822363,0.09002793506854107,21,32.0,0.10380220992425243,272.0,0.7421327574668309,the_flooding_across_ri,the_flooding_across_rio_grande_do_sul_state_brazil,"The Flooding Across Rio Grande do Sul State, Brazil",flood,INFL
2.0,56.0,0.0709527490398217,0.07764426405579149,21,56.0,0.10380220992425243,272.0,0.6835379428973433,the_flooding_across_ri,the_flooding_across_rio_grande_do_sul_state_brazil,"The Flooding Across Rio Grande do Sul State, Brazil",flood,INFL
3.0,80.0,0.07873445350512358,0.09625560243743936,21,80.0,0.10380220992425243,272.0,0.7585045979519941,the_flooding_across_ri,the_flooding_across_rio_grande_do_sul_state_brazil,"The Flooding Across Rio Grande do Sul State, Brazil",flood,INFL
4.0,104.0,0.08465396733210585,0.10257011059153069,21,104.0,0.10380220992425243,272.0,0.8155314553888628,the_flooding_across_ri,the_flooding_across_rio_grande_do_sul_state_brazil,"The Flooding Across Rio Grande do Sul State, Brazil",flood,INFL
5.0,128.0,0.06858623279352645,0.06533626966986274,21,128.0,0.10380220992425243,272.0,0.6607396205107374,the_flooding_across_ri,the_flooding_across_rio_grande_do_sul_state_brazil,"The Flooding Across Rio Grande do Sul State, Brazil",flood,INFL
6.0,152.0,0.06365466801148607,0.051507447509642944,21,152.0,0.10380220992425243,272.0,0.6132303739769778,the_flooding_across_ri,the_flooding_across_rio_grande_do_sul_state_brazil,"The Flooding Across Rio Grande do Sul State, Brazil",flood,INFL
7.0,176.0,0.06376411871866058,0.05350188704053177,21,176.0,0.10380220992425243,272.0,0.6142847899403218,the_flooding_across_ri,the_flooding_across_rio_grande_do_sul_state_brazil,"The Flooding Across Rio Grande do Sul State, Brazil",flood,INFL
8.0,200.0,0.07244488627586053,0.06031504926902718,21,200.0,0.10380220992425243,272.0,0.6979127547354312,the_flooding_across_ri,the_flooding_across_rio_grande_do_sul_state_brazil,"The Flooding Across Rio Grande do Sul State, Brazil",flood,INFL
9.0,224.0,0.06971010404096094,0.06730524840726199,21,224.0,0.10380220992425243,272.0,0.6715666659874628,the_flooding_across_ri,the_flooding_across_rio_grande_do_sul_state_brazil,"The Flooding Across Rio Grande do Sul State, Brazil",flood,INFL
10.0,248.0,0.07723243968950487,0.0766341443860388,21,248.0,0.10380220992425243,272.0,0.7440346380473372,the_flooding_across_ri,the_flooding_across_rio_grande_do_sul_state_brazil,"The Flooding Across Rio Grande do Sul State, Brazil",flood,INFL
11.0,272.0,0.10380220992425243,0.12155992465356803,21,272.0,0.10380220992425243,272.0,1.0,the_flooding_across_ri,the_flooding_across_rio_grande_do_sul_state_brazil,"The Flooding Across Rio Grande do Sul State, Brazil",flood,INFL
12.0,296.0,0.10098829366145425,0.11064031564067077,21,296.0,0.10380220992425243,272.0,0.9728915572717423,the_flooding_across_ri,the_flooding_across_rio_grande_do_sul_state_brazil,"The Flooding Across Rio Grande do Sul State, Brazil",flood,INFL
13.0,320.0,0.06450689419437956,0.05273108643706186,21,320.0,0.10380220992425243,272.0,0.6214404706937566,the_flooding_across_ri,the_flooding_across_rio_grande_do_sul_state_brazil,"The Flooding Across Rio Grande do Sul State, Brazil",flood,INFL
14.0,344.0,0.04800301932885672,0.011244564753173014,21,344.0,0.10380220992425243,272.0,0.4624469880158231,the_flooding_across_ri,the_flooding_across_rio_grande_do_sul_state_brazil,"The Flooding Across Rio Grande do Sul State, Brazil",flood,INFL
15.0,368.0,0.044258020766378615,0.039152532355519805,21,368.0,0.10380220992425243,272.0,0.42636877190451933,the_flooding_across_ri,the_flooding_across_rio_grande_do_sul_state_brazil,"The Flooding Across Rio Grande do Sul State, Brazil",flood,INFL
16.0,392.0,0.060822330651355484,0.06391972645240941,21,392.0,0.10380220992425243,272.0,0.5859444678079527,the_flooding_across_ri,the_flooding_across_rio_grande_do_sul_state_brazil,"The Flooding Across Rio Grande do Sul State, Brazil",flood,INFL
17.0,416.0,0.05478467647553029,0.05073608109953027,21,416.0,0.10380220992425243,272.0,0.5277794809523642,the_flooding_across_ri,the_flooding_across_rio_grande_do_sul_state_brazil,"The Flooding Across Rio Grande do Sul State, Brazil",flood,INFL
18.0,440.0,0.05061554988358417,0.04486971786910274,21,440.0,0.10380220992425243,272.0,0.4876153399866905,the_flooding_across_ri,the_flooding_across_rio_grande_do_sul_state_brazil,"The Flooding Across Rio Grande do Sul State, Brazil",flood,INFL
19.0,464.0,0.049296864163508404,0.03735237218699725,21,464.0,0.10380220992425243,272.0,0.4749115091044959,the_flooding_across_ri,the_flooding_across_rio_grande_do_sul_state_brazil,"The Flooding Across Rio Grande do Sul State, Brazil",flood,INFL
20.0,488.0,0.04481667303489212,0.022884748474841066,21,488.0,0.10380220992425243,272.0,0.4317506637632877,the_flooding_across_ri,the_flooding_across_rio_grande_do_sul_state_brazil,"The Flooding Across Rio Grande do Sul State, Brazil",flood,INFL
21.0,512.0,0.044860431005966754,0.03417332922278656,21,512.0,0.10380220992425243,272.0,0.4321722152033444,the_flooding_across_ri,the_flooding_across_rio_grande_do_sul_state_brazil,"The Flooding Across Rio Grande do Sul State, Brazil",flood,INFL
22.0,532.0,0.06615328553206822,0.0711165219588742,21,532.0,0.10380220992425243,272.0,0.6373013212372092,the_flooding_across_ri,the_flooding_across_rio_grande_do_sul_state_brazil,"The Flooding Across Rio Grande do Sul State, Brazil",flood,INFL
28.0,688.0,0.03974341041142308,-0.016362488369626022,21,688.0,0.10380220992425243,272.0,0.3828763418469128,the_flooding_across_ri,the_flooding_across_rio_grande_do_sul_state_brazil,"The Flooding Across Rio Grande do Sul State, Brazil",flood,INFL
29.0,704.0,0.05075815558580421,-0.0026917395042320943,21,704.0,0.10380220992425243,272.0,0.48898916143349885,the_flooding_across_ri,the_flooding_across_rio_grande_do_sul_state_brazil,"The Flooding Across Rio Grande do Sul State, Brazil",flood,INFL
30.0,728.0,0.04484189987611371,-0.016801049999446895,21,728.0,0.10380220992425243,272.0,0.43199369174159374,the_flooding_across_ri,the_flooding_across_rio_grande_do_sul_state_brazil,"The Flooding Across Rio Grande do Sul State, Brazil",flood,INFL
31.0,752.0,0.045976981937222494,-0.04007301287045011,21,752.0,0.10380220992425243,272.0,0.4429287389042417,the_flooding_across_ri,the_flooding_across_rio_grande_do_sul_state_brazil,"The Flooding Across Rio Grande do Sul State, Brazil",flood,INFL
32.0,776.0,0.03878108749872961,0.0005947288270757115,21,776.0,0.10380220992425243,272.0,0.37360560557457617,the_flooding_across_ri,the_flooding_across_rio_grande_do_sul_state_brazil,"The Flooding Across Rio Grande do Sul State, Brazil",flood,INFL
33.0,800.0,0.029111753714177794,0.016919582112532375,21,800.0,0.10380220992425243,272.0,0.28045408412230827,the_flooding_across_ri,the_flooding_across_rio_grande_do_sul_state_brazil,"The Flooding Across Rio Grande do Sul State, Brazil",flood,INFL
34.0,824.0,0.03604788185630437,-0.000686680749750789,21,824.0,0.10380220992425243,272.0,0.3472747052554043,the_flooding_across_ri,the_flooding_across_rio_grande_do_sul_state_brazil,"The Flooding Across Rio Grande do Sul State, Brazil",flood,INFL
-1.0,-8.0,0.11190065303451795,0.10740555875562623,20,-8.0,0.22298910884392092,148.0,0.5018211589555333,the_flooding_in_benue_,the_flooding_in_benue_and_kogi_states_nigeria,"The Flooding in Benue and Kogi States, Nigeria",flood,INFL
0.0,8.0,0.1383238714287959,0.12084419904201188,19,8.0,0.22298910884392092,148.0,0.6203167147755829,the_flooding_in_benue_,the_flooding_in_benue_and_kogi_states_nigeria,"The Flooding in Benue and Kogi States, Nigeria",flood,INFL
1.0,32.0,0.1697017943585575,0.1969926285387229,19,32.0,0.22298910884392092,148.0,0.7610317617679644,the_flooding_in_benue_,the_flooding_in_benue_and_kogi_states_nigeria,"The Flooding in Benue and Kogi States, Nigeria",flood,INFL
2.0,56.0,0.15852337366033478,0.15842351837605562,19,56.0,0.22298910884392092,148.0,0.710901866383491,the_flooding_in_benue_,the_flooding_in_benue_and_kogi_states_nigeria,"The Flooding in Benue and Kogi States, Nigeria",flood,INFL
3.0,80.0,0.15032376329310906,0.14183980165354382,19,80.0,0.22298910884392092,148.0,0.6741305172815715,the_flooding_in_benue_,the_flooding_in_benue_and_kogi_states_nigeria,"The Flooding in Benue and Kogi States, Nigeria",flood,INFL
4.0,104.0,0.19091394712027943,0.2072147819026088,20,104.0,0.22298910884392092,148.0,0.8561581689350927,the_flooding_in_benue_,the_flooding_in_benue_and_kogi_states_nigeria,"The Flooding in Benue and Kogi States, Nigeria",flood,INFL
5.0,128.0,0.21569106259513923,0.2349787782160987,19,128.0,0.22298910884392092,148.0,0.9672717367829391,the_flooding_in_benue_,the_flooding_in_benue_and_kogi_states_nigeria,"The Flooding in Benue and Kogi States, Nigeria",flood,INFL
6.0,148.0,0.22298910884392092,0.24320144839175406,18,148.0,0.22298910884392092,148.0,1.0,the_flooding_in_benue_,the_flooding_in_benue_and_kogi_states_nigeria,"The Flooding in Benue and Kogi States, Nigeria",flood,INFL
-1.0,-8.0,0.11811496475145274,0.016580118374605688,19,-8.0,0.13228651489031373,292.0,0.8928722995642342,the_flooding_in_conakr,the_flooding_in_conakry_city_conakry_guinea,"The Flooding in Conakry City, Conakry, Guinea",flood,INFL
0.0,8.0,0.12235802600583863,-0.03699501331621699,18,8.0,0.13228651489031373,292.0,0.9249470825298605,the_flooding_in_conakr,the_flooding_in_conakry_city_conakry_guinea,"The Flooding in Conakry City, Conakry, Guinea",flood,INFL
1.0,32.0,0.10088882498043196,-0.047381461958323545,18,32.0,0.13228651489031373,292.0,0.762653888524349,the_flooding_in_conakr,the_flooding_in_conakry_city_conakry_guinea,"The Flooding in Conakry City, Conakry, Guinea",flood,INFL
2.0,56.0,0.09875219207431563,0.07174883841911713,18,56.0,0.13228651489031373,292.0,0.7465023336369295,the_flooding_in_conakr,the_flooding_in_conakry_city_conakry_guinea,"The Flooding in Conakry City, Conakry, Guinea",flood,INFL
3.0,80.0,0.11348480954668977,0.11483174284376645,18,80.0,0.13228651489031373,292.0,0.8578713381389363,the_flooding_in_conakr,the_flooding_in_conakry_city_conakry_guinea,"The Flooding in Conakry City, Conakry, Guinea",flood,INFL
4.0,104.0,0.10850272833473856,-0.05304755954010452,19,104.0,0.13228651489031373,292.0,0.820210045027676,the_flooding_in_conakr,the_flooding_in_conakry_city_conakry_guinea,"The Flooding in Conakry City, Conakry, Guinea",flood,INFL
5.0,128.0,0.10911745922490575,0.04687449392541373,18,128.0,0.13228651489031373,292.0,0.8248570106739997,the_flooding_in_conakr,the_flooding_in_conakry_city_conakry_guinea,"The Flooding in Conakry City, Conakry, Guinea",flood,INFL
6.0,152.0,0.10028376729842281,0.035737988434633446,18,152.0,0.13228651489031373,292.0,0.7580800460392639,the_flooding_in_conakr,the_flooding_in_conakry_city_conakry_guinea,"The Flooding in Conakry City, Conakry, Guinea",flood,INFL
7.0,176.0,0.11998864214292797,0.021648352109521596,18,176.0,0.13228651489031373,292.0,0.9070360818139126,the_flooding_in_conakr,the_flooding_in_conakry_city_conakry_guinea,"The Flooding in Conakry City, Conakry, Guinea",flood,INFL
8.0,200.0,0.1076463980424021,0.0035150994169912872,18,200.0,0.13228651489031373,292.0,0.8137367450617158,the_flooding_in_conakr,the_flooding_in_conakry_city_conakry_guinea,"The Flooding in Conakry City, Conakry, Guinea",flood,INFL
9.0,224.0,0.11087308222644914,0.010952488213220347,19,224.0,0.13228651489031373,292.0,0.838128378530346,the_flooding_in_conakr,the_flooding_in_conakry_city_conakry_guinea,"The Flooding in Conakry City, Conakry, Guinea",flood,INFL
10.0,248.0,0.0933003375471786,0.02878123117967415,18,248.0,0.13228651489031373,292.0,0.7052898598510907,the_flooding_in_conakr,the_flooding_in_conakry_city_conakry_guinea,"The Flooding in Conakry City, Conakry, Guinea",flood,INFL
11.0,272.0,0.10511077161585274,0.05823406785240845,19,272.0,0.13228651489031373,292.0,0.7945690587056893,the_flooding_in_conakr,the_flooding_in_conakry_city_conakry_guinea,"The Flooding in Conakry City, Conakry, Guinea",flood,INFL
12.0,292.0,0.13228651489031373,0.011234133300638745,17,292.0,0.13228651489031373,292.0,1.0,the_flooding_in_conakr,the_flooding_in_conakry_city_conakry_guinea,"The Flooding in Conakry City, Conakry, Guinea",flood,INFL
-1.0,-12.0,0.06626450838972459,-0.04245002780353646,21,-12.0,0.10126979022728698,8.0,0.6543363844341185,quito_fire,the_wildfires_in_quito_pichincha_province_ecuador,"The Wildfires in Quito, Pichincha Province, Ecuador",wildfire,EVAC
0.0,8.0,0.10126979022728698,-0.04195199556522492,21,8.0,0.10126979022728698,8.0,1.0,quito_fire,the_wildfires_in_quito_pichincha_province_ecuador,"The Wildfires in Quito, Pichincha Province, Ecuador",wildfire,EVAC
1.0,32.0,0.09690272347092203,-0.024483020222160996,21,32.0,0.10126979022728698,8.0,0.9568769052788237,quito_fire,the_wildfires_in_quito_pichincha_province_ecuador,"The Wildfires in Quito, Pichincha Province, Ecuador",wildfire,EVAC
2.0,56.0,0.09351640838301527,-0.02477975791378377,21,56.0,0.10126979022728698,8.0,0.923438353857846,quito_fire,the_wildfires_in_quito_pichincha_province_ecuador,"The Wildfires in Quito, Pichincha Province, Ecuador",wildfire,EVAC
3.0,80.0,0.07505179219087262,-0.028685094103512415,21,80.0,0.10126979022728698,8.0,0.7411074124122164,quito_fire,the_wildfires_in_quito_pichincha_province_ecuador,"The Wildfires in Quito, Pichincha Province, Ecuador",wildfire,EVAC
4.0,104.0,0.06462613591553218,0.016462316521556036,21,104.0,0.10126979022728698,8.0,0.6381580900926836,quito_fire,the_wildfires_in_quito_pichincha_province_ecuador,"The Wildfires in Quito, Pichincha Province, Ecuador",wildfire,EVAC
5.0,128.0,0.06883984870660421,-0.034182947885666996,21,128.0,0.10126979022728698,8.0,0.6797668737350206,quito_fire,the_wildfires_in_quito_pichincha_province_ecuador,"The Wildfires in Quito, Pichincha Province, Ecuador",wildfire,EVAC
6.0,152.0,0.05582882573314011,0.004693256758599691,21,152.0,0.10126979022728698,8.0,0.5512880554787317,quito_fire,the_wildfires_in_quito_pichincha_province_ecuador,"The Wildfires in Quito, Pichincha Province, Ecuador",wildfire,EVAC
7.0,176.0,0.07543035241090654,-0.03552332838274089,21,176.0,0.10126979022728698,8.0,0.7448455481305218,quito_fire,the_wildfires_in_quito_pichincha_province_ecuador,"The Wildfires in Quito, Pichincha Province, Ecuador",wildfire,EVAC
8.0,200.0,0.08518498408108566,-0.04951743312246182,21,200.0,0.10126979022728698,8.0,0.8411687620750369,quito_fire,the_wildfires_in_quito_pichincha_province_ecuador,"The Wildfires in Quito, Pichincha Province, Ecuador",wildfire,EVAC
9.0,224.0,0.05244395705736298,-0.010197772837718307,21,224.0,0.10126979022728698,8.0,0.5178637868179571,quito_fire,the_wildfires_in_quito_pichincha_province_ecuador,"The Wildfires in Quito, Pichincha Province, Ecuador",wildfire,EVAC
10.0,248.0,0.04081957007216629,0.02871022320850214,21,248.0,0.10126979022728698,8.0,0.40307746249451126,quito_fire,the_wildfires_in_quito_pichincha_province_ecuador,"The Wildfires in Quito, Pichincha Province, Ecuador",wildfire,EVAC
11.0,272.0,0.04126761751115099,0.03321234898146813,21,272.0,0.10126979022728698,8.0,0.4075017576172632,quito_fire,the_wildfires_in_quito_pichincha_province_ecuador,"The Wildfires in Quito, Pichincha Province, Ecuador",wildfire,EVAC
12.0,296.0,0.04020368275643311,0.049144644132850634,21,296.0,0.10126979022728698,8.0,0.39699581352149665,quito_fire,the_wildfires_in_quito_pichincha_province_ecuador,"The Wildfires in Quito, Pichincha Province, Ecuador",wildfire,EVAC
13.0,320.0,0.03881718293051654,0.036485729886175065,21,320.0,0.10126979022728698,8.0,0.38330466413919073,quito_fire,the_wildfires_in_quito_pichincha_province_ecuador,"The Wildfires in Quito, Pichincha Province, Ecuador",wildfire,EVAC
14.0,336.0,0.03511795216395096,0.008939614221608346,21,336.0,0.10126979022728698,8.0,0.3467761914499205,quito_fire,the_wildfires_in_quito_pichincha_province_ecuador,"The Wildfires in Quito, Pichincha Province, Ecuador",wildfire,EVAC
-1.0,-12.0,0.057440781692465984,-0.21417746836911605,13,-12.0,0.08081681258528617,296.0,0.7107528725145971,debby_pre,tropical_storm_debby_united_states_pre_landfall_4_august_2024,Tropical Storm Debby United States Pre-landfall 4 August 2024,tropical_storm,EVAC
0.0,8.0,0.06567187701157279,-0.10679457018317982,20,8.0,0.08081681258528617,296.0,0.8126016717408783,debby_pre,tropical_storm_debby_united_states_pre_landfall_4_august_2024,Tropical Storm Debby United States Pre-landfall 4 August 2024,tropical_storm,EVAC
1.0,32.0,0.044120793915404,-0.0007008412763317984,20,32.0,0.08081681258528617,296.0,0.5459358332010833,debby_pre,tropical_storm_debby_united_states_pre_landfall_4_august_2024,Tropical Storm Debby United States Pre-landfall 4 August 2024,tropical_storm,EVAC
2.0,56.0,0.04340603419081462,0.007149179018409261,20,56.0,0.08081681258528617,296.0,0.537091637275451,debby_pre,tropical_storm_debby_united_states_pre_landfall_4_august_2024,Tropical Storm Debby United States Pre-landfall 4 August 2024,tropical_storm,EVAC
3.0,80.0,0.04522378829523845,-0.005857362298131603,20,80.0,0.08081681258528617,296.0,0.5595839138980355,debby_pre,tropical_storm_debby_united_states_pre_landfall_4_august_2024,Tropical Storm Debby United States Pre-landfall 4 August 2024,tropical_storm,EVAC
4.0,104.0,0.04042878345968281,-0.01823448826139977,20,104.0,0.08081681258528617,296.0,0.5002521401969203,debby_pre,tropical_storm_debby_united_states_pre_landfall_4_august_2024,Tropical Storm Debby United States Pre-landfall 4 August 2024,tropical_storm,EVAC
5.0,128.0,0.038406217759399223,-0.026920070092529336,20,128.0,0.08081681258528617,296.0,0.4752255939179617,debby_pre,tropical_storm_debby_united_states_pre_landfall_4_august_2024,Tropical Storm Debby United States Pre-landfall 4 August 2024,tropical_storm,EVAC
6.0,152.0,0.03843830123598858,-0.028761775703196598,20,152.0,0.08081681258528617,296.0,0.475622584043692,debby_pre,tropical_storm_debby_united_states_pre_landfall_4_august_2024,Tropical Storm Debby United States Pre-landfall 4 August 2024,tropical_storm,EVAC
7.0,176.0,0.03917807195464065,-0.005142143843958895,20,176.0,0.08081681258528617,296.0,0.4847762575800171,debby_pre,tropical_storm_debby_united_states_pre_landfall_4_august_2024,Tropical Storm Debby United States Pre-landfall 4 August 2024,tropical_storm,EVAC
8.0,200.0,0.04586704248079319,0.002811169185360146,20,200.0,0.08081681258528617,296.0,0.5675433243842621,debby_pre,tropical_storm_debby_united_states_pre_landfall_4_august_2024,Tropical Storm Debby United States Pre-landfall 4 August 2024,tropical_storm,EVAC
9.0,224.0,0.056004505783399584,-0.001739597716368178,20,224.0,0.08081681258528617,296.0,0.692980878505916,debby_pre,tropical_storm_debby_united_states_pre_landfall_4_august_2024,Tropical Storm Debby United States Pre-landfall 4 August 2024,tropical_storm,EVAC
10.0,248.0,0.06029830415864549,-0.010618824061399338,20,248.0,0.08081681258528617,296.0,0.7461108923964621,debby_pre,tropical_storm_debby_united_states_pre_landfall_4_august_2024,Tropical Storm Debby United States Pre-landfall 4 August 2024,tropical_storm,EVAC
11.0,272.0,0.05709834428371358,-0.013126452377980677,20,272.0,0.08081681258528617,296.0,0.7065156674356288,debby_pre,tropical_storm_debby_united_states_pre_landfall_4_august_2024,Tropical Storm Debby United States Pre-landfall 4 August 2024,tropical_storm,EVAC
12.0,296.0,0.08081681258528617,0.048003519288224585,20,296.0,0.08081681258528617,296.0,1.0,debby_pre,tropical_storm_debby_united_states_pre_landfall_4_august_2024,Tropical Storm Debby United States Pre-landfall 4 August 2024,tropical_storm,EVAC
13.0,316.0,0.05806586381202769,-0.005347490896763729,20,316.0,0.08081681258528617,296.0,0.7184874279810362,debby_pre,tropical_storm_debby_united_states_pre_landfall_4_august_2024,Tropical Storm Debby United States Pre-landfall 4 August 2024,tropical_storm,EVAC
-1.0,-8.0,0.01865446020674458,0.012627330345115921,21,-8.0,0.10072307092707469,268.0,0.18520543540864381,enteng_ph,tropical_storm_enteng_across_luzon_and_visayas_islands_philippines,"Tropical Storm Enteng Across Luzon and Visayas Islands, Philippines",tropical_storm,EVAC
0.0,8.0,0.018770213520803262,0.024080100055237794,21,8.0,0.10072307092707469,268.0,0.18635465884864882,enteng_ph,tropical_storm_enteng_across_luzon_and_visayas_islands_philippines,"Tropical Storm Enteng Across Luzon and Visayas Islands, Philippines",tropical_storm,EVAC
1.0,32.0,0.022220619292476814,0.00733711621300992,21,32.0,0.10072307092707469,268.0,0.22061101878600325,enteng_ph,tropical_storm_enteng_across_luzon_and_visayas_islands_philippines,"Tropical Storm Enteng Across Luzon and Visayas Islands, Philippines",tropical_storm,EVAC
2.0,56.0,0.025069594198821415,-0.00014817314842148518,21,56.0,0.10072307092707469,268.0,0.24889624559771664,enteng_ph,tropical_storm_enteng_across_luzon_and_visayas_islands_philippines,"Tropical Storm Enteng Across Luzon and Visayas Islands, Philippines",tropical_storm,EVAC
3.0,80.0,0.02627535348825503,-0.001467450512225291,21,80.0,0.10072307092707469,268.0,0.2608672794267647,enteng_ph,tropical_storm_enteng_across_luzon_and_visayas_islands_philippines,"Tropical Storm Enteng Across Luzon and Visayas Islands, Philippines",tropical_storm,EVAC
4.0,104.0,0.03708601645524366,-0.01306532114076091,21,104.0,0.10072307092707469,268.0,0.36819783306740717,enteng_ph,tropical_storm_enteng_across_luzon_and_visayas_islands_philippines,"Tropical Storm Enteng Across Luzon and Visayas Islands, Philippines",tropical_storm,EVAC
5.0,128.0,0.037106696430466934,-0.015880012822089465,21,128.0,0.10072307092707469,268.0,0.36840314824527987,enteng_ph,tropical_storm_enteng_across_luzon_and_visayas_islands_philippines,"Tropical Storm Enteng Across Luzon and Visayas Islands, Philippines",tropical_storm,EVAC
6.0,152.0,0.03714319954762846,-0.01602271876869628,21,152.0,0.10072307092707469,268.0,0.368765558930593,enteng_ph,tropical_storm_enteng_across_luzon_and_visayas_islands_philippines,"Tropical Storm Enteng Across Luzon and Visayas Islands, Philippines",tropical_storm,EVAC
7.0,176.0,0.03495428034544627,-0.015822986549504505,21,176.0,0.10072307092707469,268.0,0.34703350507207825,enteng_ph,tropical_storm_enteng_across_luzon_and_visayas_islands_philippines,"Tropical Storm Enteng Across Luzon and Visayas Islands, Philippines",tropical_storm,EVAC
8.0,200.0,0.03407926356398222,-0.009106115465248308,21,200.0,0.10072307092707469,268.0,0.3383461529747859,enteng_ph,tropical_storm_enteng_across_luzon_and_visayas_islands_philippines,"Tropical Storm Enteng Across Luzon and Visayas Islands, Philippines",tropical_storm,EVAC
9.0,224.0,0.03858683748084473,-0.020104699520026453,21,224.0,0.10072307092707469,268.0,0.38309830236195136,enteng_ph,tropical_storm_enteng_across_luzon_and_visayas_islands_philippines,"Tropical Storm Enteng Across Luzon and Visayas Islands, Philippines",tropical_storm,EVAC
10.0,248.0,0.08907709847713734,-0.07461650122948131,21,248.0,0.10072307092707469,268.0,0.884376316739099,enteng_ph,tropical_storm_enteng_across_luzon_and_visayas_islands_philippines,"Tropical Storm Enteng Across Luzon and Visayas Islands, Philippines",tropical_storm,EVAC
11.0,268.0,0.10072307092707469,-0.08297666845661367,21,268.0,0.10072307092707469,268.0,1.0,enteng_ph,tropical_storm_enteng_across_luzon_and_visayas_islands_philippines,"Tropical Storm Enteng Across Luzon and Visayas Islands, Philippines",tropical_storm,EVAC
-1.0,-8.0,0.07688001356584775,0.0085236621427216,13,-8.0,0.5020992795598377,24.0,0.1531171557012473,kristine_ph,tropical_storm_kristine_in_bicol_and_calabarzon_philippines,"Tropical Storm Kristine in Bicol and Calabarzon, Philippines",tropical_storm,NEUTRAL
0.0,8.0,0.07891492824827648,-0.0889173211270663,12,8.0,0.5020992795598377,24.0,0.15716996908949316,kristine_ph,tropical_storm_kristine_in_bicol_and_calabarzon_philippines,"Tropical Storm Kristine in Bicol and Calabarzon, Philippines",tropical_storm,NEUTRAL
1.0,24.0,0.5020992795598377,,6,24.0,0.5020992795598377,24.0,1.0,kristine_ph,tropical_storm_kristine_in_bicol_and_calabarzon_philippines,"Tropical Storm Kristine in Bicol and Calabarzon, Philippines",tropical_storm,NEUTRAL
-1.0,-8.0,0.04001373517321098,-0.029242637994287366,21,-8.0,0.04001373517321098,-8.0,1.0,yagi_ph,tropical_storm_yagi_philippines_2_september_2024,Tropical Storm Yagi Philippines 2 September 2024,tropical_storm,EVAC
0.0,4.0,0.0399289365786617,-0.042299644394498105,14,4.0,0.04001373517321098,-8.0,0.9978807628385051,yagi_ph,tropical_storm_yagi_philippines_2_september_2024,Tropical Storm Yagi Philippines 2 September 2024,tropical_storm,EVAC
-1.0,-12.0,0.05271648956459704,0.045930558912422856,21,-12.0,0.3630642342587065,8.0,0.1451987956682981,turkiye,turkiye_earthquake_2023,Turkiye Turkey Earthquake Full Country Version Feb 8 2023,earthquake,INFL
0.0,8.0,0.3630642342587065,-0.2864892908092016,21,8.0,0.3630642342587065,8.0,1.0,turkiye,turkiye_earthquake_2023,Turkiye Turkey Earthquake Full Country Version Feb 8 2023,earthquake,INFL
1.0,32.0,0.3135339775559061,-0.1832871899242887,21,32.0,0.3630642342587065,8.0,0.8635771523903208,turkiye,turkiye_earthquake_2023,Turkiye Turkey Earthquake Full Country Version Feb 8 2023,earthquake,INFL
2.0,56.0,0.27294919827775727,-0.14339991784806227,21,56.0,0.3630642342587065,8.0,0.7517931333419736,turkiye,turkiye_earthquake_2023,Turkiye Turkey Earthquake Full Country Version Feb 8 2023,earthquake,INFL
3.0,80.0,0.23835324752540035,-0.07818680064480314,21,80.0,0.3630642342587065,8.0,0.656504345607225,turkiye,turkiye_earthquake_2023,Turkiye Turkey Earthquake Full Country Version Feb 8 2023,earthquake,INFL
4.0,104.0,0.22683577595077306,-0.028879139371931175,21,104.0,0.3630642342587065,8.0,0.6247813872768808,turkiye,turkiye_earthquake_2023,Turkiye Turkey Earthquake Full Country Version Feb 8 2023,earthquake,INFL
5.0,128.0,0.2409628539776155,0.027956004130247736,21,128.0,0.3630642342587065,8.0,0.6636920722020612,turkiye,turkiye_earthquake_2023,Turkiye Turkey Earthquake Full Country Version Feb 8 2023,earthquake,INFL
6.0,152.0,0.2463465774915863,0.06014659436637116,21,152.0,0.3630642342587065,8.0,0.6785206424823675,turkiye,turkiye_earthquake_2023,Turkiye Turkey Earthquake Full Country Version Feb 8 2023,earthquake,INFL
7.0,176.0,0.22094602273187092,-0.004437107486627606,21,176.0,0.3630642342587065,8.0,0.6085590424046913,turkiye,turkiye_earthquake_2023,Turkiye Turkey Earthquake Full Country Version Feb 8 2023,earthquake,INFL
8.0,200.0,0.2138575097691553,-0.004665688408570384,21,200.0,0.3630642342587065,8.0,0.5890349133557676,turkiye,turkiye_earthquake_2023,Turkiye Turkey Earthquake Full Country Version Feb 8 2023,earthquake,INFL
9.0,224.0,0.21279789994156037,0.015695336468890358,21,224.0,0.3630642342587065,8.0,0.5861163944612849,turkiye,turkiye_earthquake_2023,Turkiye Turkey Earthquake Full Country Version Feb 8 2023,earthquake,INFL
10.0,248.0,0.20534537264719957,0.010334794373730293,21,248.0,0.3630642342587065,8.0,0.5655896485272572,turkiye,turkiye_earthquake_2023,Turkiye Turkey Earthquake Full Country Version Feb 8 2023,earthquake,INFL
11.0,272.0,0.21216261283303817,0.027754089919079294,21,272.0,0.3630642342587065,8.0,0.5843666018665412,turkiye,turkiye_earthquake_2023,Turkiye Turkey Earthquake Full Country Version Feb 8 2023,earthquake,INFL
12.0,296.0,0.20838801112455205,0.07485257807658069,21,296.0,0.3630642342587065,8.0,0.573970089755694,turkiye,turkiye_earthquake_2023,Turkiye Turkey Earthquake Full Country Version Feb 8 2023,earthquake,INFL
13.0,320.0,0.23023148947487415,0.11600688050434767,21,320.0,0.3630642342587065,8.0,0.6341343149510549,turkiye,turkiye_earthquake_2023,Turkiye Turkey Earthquake Full Country Version Feb 8 2023,earthquake,INFL
14.0,344.0,0.22403287606016228,0.08405507292338206,21,344.0,0.3630642342587065,8.0,0.6170612660803282,turkiye,turkiye_earthquake_2023,Turkiye Turkey Earthquake Full Country Version Feb 8 2023,earthquake,INFL
15.0,368.0,0.22355274162207053,0.10231930362623486,21,368.0,0.3630642342587065,8.0,0.6157388156906001,turkiye,turkiye_earthquake_2023,Turkiye Turkey Earthquake Full Country Version Feb 8 2023,earthquake,INFL
16.0,392.0,0.21755624478569316,0.0932420267745826,21,392.0,0.3630642342587065,8.0,0.59922246329191,turkiye,turkiye_earthquake_2023,Turkiye Turkey Earthquake Full Country Version Feb 8 2023,earthquake,INFL
17.0,416.0,0.20879637800694048,0.08659892051851564,21,416.0,0.3630642342587065,8.0,0.5750948683591888,turkiye,turkiye_earthquake_2023,Turkiye Turkey Earthquake Full Country Version Feb 8 2023,earthquake,INFL
18.0,440.0,0.22139171424369988,0.11385479020505902,21,440.0,0.3630642342587065,8.0,0.6097866254871697,turkiye,turkiye_earthquake_2023,Turkiye Turkey Earthquake Full Country Version Feb 8 2023,earthquake,INFL
19.0,464.0,0.22388418935383422,0.12265390861794513,21,464.0,0.3630642342587065,8.0,0.616651733297151,turkiye,turkiye_earthquake_2023,Turkiye Turkey Earthquake Full Country Version Feb 8 2023,earthquake,INFL
20.0,488.0,0.2279329919319448,0.13857159762346163,21,488.0,0.3630642342587065,8.0,0.6278034860617198,turkiye,turkiye_earthquake_2023,Turkiye Turkey Earthquake Full Country Version Feb 8 2023,earthquake,INFL
21.0,512.0,0.21329127887464303,0.11175956629667531,21,512.0,0.3630642342587065,8.0,0.5874753246078747,turkiye,turkiye_earthquake_2023,Turkiye Turkey Earthquake Full Country Version Feb 8 2023,earthquake,INFL
22.0,536.0,0.22416980506229467,0.13143991085098583,21,536.0,0.3630642342587065,8.0,0.6174384142244078,turkiye,turkiye_earthquake_2023,Turkiye Turkey Earthquake Full Country Version Feb 8 2023,earthquake,INFL
23.0,560.0,0.22812807129516297,0.14588869804866778,21,560.0,0.3630642342587065,8.0,0.6283407996960866,turkiye,turkiye_earthquake_2023,Turkiye Turkey Earthquake Full Country Version Feb 8 2023,earthquake,INFL
24.0,584.0,0.21822076926458125,0.12864805721682335,21,584.0,0.3630642342587065,8.0,0.6010527853566677,turkiye,turkiye_earthquake_2023,Turkiye Turkey Earthquake Full Country Version Feb 8 2023,earthquake,INFL
25.0,608.0,0.23833935296545442,0.16478462940457028,21,608.0,0.3630642342587065,8.0,0.6564660753546503,turkiye,turkiye_earthquake_2023,Turkiye Turkey Earthquake Full Country Version Feb 8 2023,earthquake,INFL
26.0,632.0,0.22508731460084544,0.14046002797551033,21,632.0,0.3630642342587065,8.0,0.6199655415257905,turkiye,turkiye_earthquake_2023,Turkiye Turkey Earthquake Full Country Version Feb 8 2023,earthquake,INFL
27.0,656.0,0.23342805374861894,0.14416286968738073,21,656.0,0.3630642342587065,8.0,0.6429387191641865,turkiye,turkiye_earthquake_2023,Turkiye Turkey Earthquake Full Country Version Feb 8 2023,earthquake,INFL
28.0,680.0,0.2227365690625549,0.11865922779544513,21,680.0,0.3630642342587065,8.0,0.613490804230088,turkiye,turkiye_earthquake_2023,Turkiye Turkey Earthquake Full Country Version Feb 8 2023,earthquake,INFL
29.0,704.0,0.20653797906981416,0.10642345620986526,21,704.0,0.3630642342587065,8.0,0.56887448440499,turkiye,turkiye_earthquake_2023,Turkiye Turkey Earthquake Full Country Version Feb 8 2023,earthquake,INFL
30.0,728.0,0.21505751727512865,0.1186356646403431,21,728.0,0.3630642342587065,8.0,0.5923401342856769,turkiye,turkiye_earthquake_2023,Turkiye Turkey Earthquake Full Country Version Feb 8 2023,earthquake,INFL
31.0,752.0,0.20959090888123388,0.11511119542324892,21,752.0,0.3630642342587065,8.0,0.5772832714000877,turkiye,turkiye_earthquake_2023,Turkiye Turkey Earthquake Full Country Version Feb 8 2023,earthquake,INFL
32.0,776.0,0.21975252175144297,0.12777816235571934,21,776.0,0.3630642342587065,8.0,0.6052717426163637,turkiye,turkiye_earthquake_2023,Turkiye Turkey Earthquake Full Country Version Feb 8 2023,earthquake,INFL
33.0,800.0,0.2157160190011922,0.12239710053955759,21,800.0,0.3630642342587065,8.0,0.5941538676802869,turkiye,turkiye_earthquake_2023,Turkiye Turkey Earthquake Full Country Version Feb 8 2023,earthquake,INFL
34.0,824.0,0.24223268945425502,0.14481629635555696,21,824.0,0.3630642342587065,8.0,0.6671896226540693,turkiye,turkiye_earthquake_2023,Turkiye Turkey Earthquake Full Country Version Feb 8 2023,earthquake,INFL
-1.0,-12.0,0.13379767512240004,0.07248312956021707,20,-12.0,0.13379767512240004,-12.0,1.0,krathon_tw,typhoon_krathon_across_taiwan,Typhoon Krathon Across Taiwan,typhoon,INFL
0.0,8.0,0.08282601252514377,0.07319312900281695,21,8.0,0.13379767512240004,-12.0,0.6190392504905137,krathon_tw,typhoon_krathon_across_taiwan,Typhoon Krathon Across Taiwan,typhoon,INFL
1.0,32.0,0.07326943818144623,0.07430672020001595,21,32.0,0.13379767512240004,-12.0,0.5476136869674177,krathon_tw,typhoon_krathon_across_taiwan,Typhoon Krathon Across Taiwan,typhoon,INFL
2.0,56.0,0.084094685080897,0.0936116557369747,21,56.0,0.13379767512240004,-12.0,0.6285212729142414,krathon_tw,typhoon_krathon_across_taiwan,Typhoon Krathon Across Taiwan,typhoon,INFL
3.0,80.0,0.07740863742391568,0.078213414664762,21,80.0,0.13379767512240004,-12.0,0.5785499438095703,krathon_tw,typhoon_krathon_across_taiwan,Typhoon Krathon Across Taiwan,typhoon,INFL
4.0,104.0,0.07656443596480667,0.07929038891948052,21,104.0,0.13379767512240004,-12.0,0.5722404062310082,krathon_tw,typhoon_krathon_across_taiwan,Typhoon Krathon Across Taiwan,typhoon,INFL
5.0,128.0,0.07654887416289693,0.08141858413434465,21,128.0,0.13379767512240004,-12.0,0.5721240977682828,krathon_tw,typhoon_krathon_across_taiwan,Typhoon Krathon Across Taiwan,typhoon,INFL
6.0,152.0,0.13138418342702196,0.15287939986663154,21,152.0,0.13379767512240004,-12.0,0.9819616320450248,krathon_tw,typhoon_krathon_across_taiwan,Typhoon Krathon Across Taiwan,typhoon,INFL
7.0,176.0,0.10457725188880151,0.1209985383962456,21,176.0,0.13379767512240004,-12.0,0.7816073918558955,krathon_tw,typhoon_krathon_across_taiwan,Typhoon Krathon Across Taiwan,typhoon,INFL
8.0,200.0,0.10391865403892168,0.12542798222018514,21,200.0,0.13379767512240004,-12.0,0.7766850503482621,krathon_tw,typhoon_krathon_across_taiwan,Typhoon Krathon Across Taiwan,typhoon,INFL
9.0,224.0,0.09038111536132275,0.1029785311437063,21,224.0,0.13379767512240004,-12.0,0.6755058731673835,krathon_tw,typhoon_krathon_across_taiwan,Typhoon Krathon Across Taiwan,typhoon,INFL
10.0,244.0,0.07085674708114541,0.07474138955250273,21,244.0,0.13379767512240004,-12.0,0.5295813026371694,krathon_tw,typhoon_krathon_across_taiwan,Typhoon Krathon Across Taiwan,typhoon,INFL
-1.0,-8.0,0.06400771664649756,0.06579036739136417,21,-8.0,0.10164156332374108,28.0,0.6297395922829815,nika_ph,typhoon_nika_across_northern_luzon_philippines,"Typhoon Nika Across Northern Luzon, Philippines",typhoon,INFL
0.0,8.0,0.08531327914838527,0.07762896566067137,21,8.0,0.10164156332374108,28.0,0.8393542597987381,nika_ph,typhoon_nika_across_northern_luzon_philippines,"Typhoon Nika Across Northern Luzon, Philippines",typhoon,INFL
1.0,28.0,0.10164156332374108,0.08833018086589337,21,28.0,0.10164156332374108,28.0,1.0,nika_ph,typhoon_nika_across_northern_luzon_philippines,"Typhoon Nika Across Northern Luzon, Philippines",typhoon,INFL
0.0,21.0,0.2914427860091868,-0.531769476000747,18,21.0,0.2914427860091868,21.0,1.0,yagi_vn,typhoon_yagi_across_northeastern_vietnam,Typhoon Yagi Across Northeastern Vietnam,typhoon,EVAC
1.0,37.0,0.2541889644103274,-0.4533836153866533,18,37.0,0.2914427860091868,21.0,0.8721744939753454,yagi_vn,typhoon_yagi_across_northeastern_vietnam,Typhoon Yagi Across Northeastern Vietnam,typhoon,EVAC
2.0,61.0,0.1835992101455615,-0.3234083609452861,18,61.0,0.2914427860091868,21.0,0.6299665627673972,yagi_vn,typhoon_yagi_across_northeastern_vietnam,Typhoon Yagi Across Northeastern Vietnam,typhoon,EVAC
3.0,85.0,0.14769012991559513,-0.24072111279942424,18,85.0,0.2914427860091868,21.0,0.5067551403071602,yagi_vn,typhoon_yagi_across_northeastern_vietnam,Typhoon Yagi Across Northeastern Vietnam,typhoon,EVAC
4.0,109.0,0.11125705631493894,-0.18619871908877808,18,109.0,0.2914427860091868,21.0,0.3817457890737838,yagi_vn,typhoon_yagi_across_northeastern_vietnam,Typhoon Yagi Across Northeastern Vietnam,typhoon,EVAC
5.0,133.0,0.09738723103356955,-0.15060678154379356,18,133.0,0.2914427860091868,21.0,0.3341555725812329,yagi_vn,typhoon_yagi_across_northeastern_vietnam,Typhoon Yagi Across Northeastern Vietnam,typhoon,EVAC
6.0,157.0,0.09047247513069316,-0.1321575603585805,18,157.0,0.2914427860091868,21.0,0.3104296262383427,yagi_vn,typhoon_yagi_across_northeastern_vietnam,Typhoon Yagi Across Northeastern Vietnam,typhoon,EVAC
7.0,181.0,0.11371494034958457,-0.15256207012845294,18,181.0,0.2914427860091868,21.0,0.39017929353036057,yagi_vn,typhoon_yagi_across_northeastern_vietnam,Typhoon Yagi Across Northeastern Vietnam,typhoon,EVAC
8.0,205.0,0.11609182009214712,-0.14912032095863462,18,205.0,0.2914427860091868,21.0,0.3983348556395137,yagi_vn,typhoon_yagi_across_northeastern_vietnam,Typhoon Yagi Across Northeastern Vietnam,typhoon,EVAC
9.0,229.0,0.0841407690661113,-0.11736850864346748,18,229.0,0.2914427860091868,21.0,0.28870424352675184,yagi_vn,typhoon_yagi_across_northeastern_vietnam,Typhoon Yagi Across Northeastern Vietnam,typhoon,EVAC
10.0,253.0,0.06562621673187555,-0.07695124795985231,18,253.0,0.2914427860091868,21.0,0.22517701546336058,yagi_vn,typhoon_yagi_across_northeastern_vietnam,Typhoon Yagi Across Northeastern Vietnam,typhoon,EVAC
11.0,273.0,0.07607230277940873,-0.09328168707081724,18,273.0,0.2914427860091868,21.0,0.26101968012689386,yagi_vn,typhoon_yagi_across_northeastern_vietnam,Typhoon Yagi Across Northeastern Vietnam,typhoon,EVAC
-1.0,-8.0,0.06410050288283584,0.0793354614740956,21,-8.0,0.08464018342954686,152.0,0.7573294419451734,boise_fire,wildfires_in_boise_county_idaho_27_august_2024,Wildfires In Boise County Idaho 27 August 2024,wildfire,INFL
0.0,8.0,0.05277074445574387,0.06412330646396903,21,8.0,0.08464018342954686,152.0,0.6234715275595946,boise_fire,wildfires_in_boise_county_idaho_27_august_2024,Wildfires In Boise County Idaho 27 August 2024,wildfire,INFL
1.0,32.0,0.04875118502422185,0.05700646324367988,21,32.0,0.08464018342954686,152.0,0.5759815615806357,boise_fire,wildfires_in_boise_county_idaho_27_august_2024,Wildfires In Boise County Idaho 27 August 2024,wildfire,INFL
2.0,56.0,0.04657029290732675,0.06040778580724293,21,56.0,0.08464018342954686,152.0,0.5502149336206379,boise_fire,wildfires_in_boise_county_idaho_27_august_2024,Wildfires In Boise County Idaho 27 August 2024,wildfire,INFL
3.0,80.0,0.043569733136098014,0.03535764672292584,21,80.0,0.08464018342954686,152.0,0.5147641624898505,boise_fire,wildfires_in_boise_county_idaho_27_august_2024,Wildfires In Boise County Idaho 27 August 2024,wildfire,INFL
4.0,104.0,0.05737438825268067,0.030084503347796707,21,104.0,0.08464018342954686,152.0,0.6778622863032687,boise_fire,wildfires_in_boise_county_idaho_27_august_2024,Wildfires In Boise County Idaho 27 August 2024,wildfire,INFL
5.0,128.0,0.06856166906293538,-0.023519661225709292,21,128.0,0.08464018342954686,152.0,0.810036867654062,boise_fire,wildfires_in_boise_county_idaho_27_august_2024,Wildfires In Boise County Idaho 27 August 2024,wildfire,INFL
6.0,152.0,0.08464018342954686,0.0728831984297105,21,152.0,0.08464018342954686,152.0,1.0,boise_fire,wildfires_in_boise_county_idaho_27_august_2024,Wildfires In Boise County Idaho 27 August 2024,wildfire,INFL
7.0,176.0,0.05808689785068182,0.0683847658070492,21,176.0,0.08464018342954686,152.0,0.6862803871287971,boise_fire,wildfires_in_boise_county_idaho_27_august_2024,Wildfires In Boise County Idaho 27 August 2024,wildfire,INFL
8.0,200.0,0.056692409586843885,0.07272474938065328,21,200.0,0.08464018342954686,152.0,0.6698048998680838,boise_fire,wildfires_in_boise_county_idaho_27_august_2024,Wildfires In Boise County Idaho 27 August 2024,wildfire,INFL
9.0,224.0,0.05446003437192585,0.07187637756127004,21,224.0,0.08464018342954686,152.0,0.643430013561555,boise_fire,wildfires_in_boise_county_idaho_27_august_2024,Wildfires In Boise County Idaho 27 August 2024,wildfire,INFL
10.0,248.0,0.05557061083230485,0.06886797656857985,21,248.0,0.08464018342954686,152.0,0.6565511625876962,boise_fire,wildfires_in_boise_county_idaho_27_august_2024,Wildfires In Boise County Idaho 27 August 2024,wildfire,INFL
11.0,272.0,0.05300345501429669,0.06263706566032655,21,272.0,0.08464018342954686,152.0,0.6262209374630658,boise_fire,wildfires_in_boise_county_idaho_27_august_2024,Wildfires In Boise County Idaho 27 August 2024,wildfire,INFL
12.0,296.0,0.05371059601576589,0.0681989607711261,21,296.0,0.08464018342954686,152.0,0.6345756098280875,boise_fire,wildfires_in_boise_county_idaho_27_august_2024,Wildfires In Boise County Idaho 27 August 2024,wildfire,INFL
13.0,320.0,0.05179554306741976,0.06614503371553758,21,320.0,0.08464018342954686,152.0,0.6119497969960513,boise_fire,wildfires_in_boise_county_idaho_27_august_2024,Wildfires In Boise County Idaho 27 August 2024,wildfire,INFL
14.0,340.0,0.05068199385358667,0.06215086116771789,21,340.0,0.08464018342954686,152.0,0.5987935257226085,boise_fire,wildfires_in_boise_county_idaho_27_august_2024,Wildfires In Boise County Idaho 27 August 2024,wildfire,INFL
