slug,event_type,r_bin_km,phi_aggregate_mean,phi_overlap_mean,n_rows,mean_n_tiles_overlap,frac_phi_overlap_zero,frac_phi_overlap_nan,time_min_hours,time_max_hours
hurricane_beryl_across_quintana_roo_and_yucatan_mexico,hurricane,0.0,0.6893669680780895,0.8108266113182917,2,2.0,0.0,0.0,24.0,72.0
hurricane_beryl_across_quintana_roo_and_yucatan_mexico,hurricane,10.0,0.9083600864204515,0.8641919619146099,2,14.5,0.0,0.0,24.0,72.0
hurricane_beryl_across_quintana_roo_and_yucatan_mexico,hurricane,20.0,0.91484677791695,0.928348167833257,2,27.0,0.0,0.0,24.0,72.0
hurricane_beryl_across_quintana_roo_and_yucatan_mexico,hurricane,30.0,0.9838696181779807,1.003357486774178,2,36.0,0.0,0.0,24.0,72.0
hurricane_beryl_across_quintana_roo_and_yucatan_mexico,hurricane,40.0,0.9707916777028269,0.9892213694336967,2,66.0,0.0,0.0,24.0,72.0
hurricane_beryl_across_quintana_roo_and_yucatan_mexico,hurricane,50.0,0.9859506523507828,0.9998828273932135,2,79.0,0.0,0.0,24.0,72.0
hurricane_beryl_across_quintana_roo_and_yucatan_mexico,hurricane,60.0,0.9475593920528647,0.9718014277929479,2,93.0,0.0,0.0,24.0,72.0
hurricane_beryl_across_quintana_roo_and_yucatan_mexico,hurricane,70.0,0.978412507100356,0.9951576337585251,2,130.0,0.0,0.0,24.0,72.0
hurricane_beryl_across_quintana_roo_and_yucatan_mexico,hurricane,80.0,0.9665756621208066,0.9859434380990391,2,153.5,0.0,0.0,24.0,72.0
hurricane_beryl_across_quintana_roo_and_yucatan_mexico,hurricane,90.0,0.9930031890857609,1.0178743697275277,2,152.0,0.0,0.0,24.0,72.0
hurricane_beryl_across_quintana_roo_and_yucatan_mexico,hurricane,100.0,0.9890930801314519,1.0217607499567825,2,174.0,0.0,0.0,24.0,72.0
hurricane_beryl_across_quintana_roo_and_yucatan_mexico,hurricane,110.0,0.9825676540782711,0.9873497566449256,2,189.5,0.0,0.0,24.0,72.0
hurricane_beryl_across_quintana_roo_and_yucatan_mexico,hurricane,120.0,0.9678028490996,0.9689182555456626,2,187.0,0.0,0.0,24.0,72.0
hurricane_beryl_across_quintana_roo_and_yucatan_mexico,hurricane,130.0,0.9603222571556611,0.9727392900295955,2,165.5,0.0,0.0,24.0,72.0
hurricane_beryl_across_quintana_roo_and_yucatan_mexico,hurricane,140.0,0.9599247829124706,0.971568669625468,2,137.0,0.0,0.0,24.0,72.0
hurricane_beryl_across_quintana_roo_and_yucatan_mexico,hurricane,150.0,0.9879058915247224,0.9949556874556442,2,142.0,0.0,0.0,24.0,72.0
hurricane_beryl_across_quintana_roo_and_yucatan_mexico,hurricane,160.0,0.9669512080418539,0.9759201527241756,2,137.0,0.0,0.0,24.0,72.0
hurricane_beryl_across_quintana_roo_and_yucatan_mexico,hurricane,170.0,0.984989841097144,1.0117011180626383,2,103.0,0.0,0.0,24.0,72.0
hurricane_beryl_across_quintana_roo_and_yucatan_mexico,hurricane,180.0,0.9594600301113816,0.9846591097162631,2,74.5,0.0,0.0,24.0,72.0
hurricane_beryl_across_quintana_roo_and_yucatan_mexico,hurricane,190.0,1.032316611137638,1.0320338674919989,2,110.0,0.0,0.0,24.0,72.0
hurricane_beryl_across_quintana_roo_and_yucatan_mexico,hurricane,200.0,0.9799038608890632,0.9874928934184254,2,94.5,0.0,0.0,24.0,72.0
hurricane_beryl_across_quintana_roo_and_yucatan_mexico,hurricane,210.0,0.9884622144461908,0.9958211436936968,2,102.5,0.0,0.0,24.0,72.0
hurricane_beryl_across_quintana_roo_and_yucatan_mexico,hurricane,220.0,0.974363832904953,0.9668151749359417,2,47.5,0.0,0.0,24.0,72.0
hurricane_beryl_across_quintana_roo_and_yucatan_mexico,hurricane,230.0,0.9508109844230398,0.9902968176074882,2,47.0,0.0,0.0,24.0,72.0
hurricane_beryl_across_quintana_roo_and_yucatan_mexico,hurricane,240.0,0.9429439914015951,1.0287227347061079,2,39.5,0.0,0.0,24.0,72.0
hurricane_beryl_across_quintana_roo_and_yucatan_mexico,hurricane,250.0,0.9993855479396235,1.0197271079555426,2,48.0,0.0,0.0,24.0,72.0
hurricane_beryl_across_quintana_roo_and_yucatan_mexico,hurricane,260.0,1.0535656217447338,1.0225560799303577,2,26.0,0.0,0.0,24.0,72.0
hurricane_beryl_across_quintana_roo_and_yucatan_mexico,hurricane,270.0,0.9307474073328985,0.9357244516674894,2,32.0,0.0,0.0,24.0,72.0
hurricane_beryl_across_quintana_roo_and_yucatan_mexico,hurricane,280.0,1.0175613394264496,1.0403939514237364,2,15.5,0.0,0.0,24.0,72.0
hurricane_beryl_across_quintana_roo_and_yucatan_mexico,hurricane,290.0,0.9619620370463826,0.9729857179903646,2,25.5,0.0,0.0,24.0,72.0
hurricane_beryl_across_quintana_roo_and_yucatan_mexico,hurricane,300.0,0.9647368035945174,1.004496663187263,2,31.0,0.0,0.0,24.0,72.0
hurricane_beryl_across_quintana_roo_and_yucatan_mexico,hurricane,310.0,1.0034644112452666,0.9873394706830514,2,28.0,0.0,0.0,24.0,72.0
hurricane_beryl_across_quintana_roo_and_yucatan_mexico,hurricane,320.0,0.9499269367860304,0.9498718373857595,2,13.0,0.0,0.0,24.0,72.0
hurricane_beryl_across_quintana_roo_and_yucatan_mexico,hurricane,330.0,0.9557523334418554,0.9892405288069049,2,23.0,0.0,0.0,24.0,72.0
hurricane_beryl_across_quintana_roo_and_yucatan_mexico,hurricane,340.0,1.097528152256879,1.061412986530693,2,14.5,0.0,0.0,24.0,72.0
hurricane_beryl_across_quintana_roo_and_yucatan_mexico,hurricane,350.0,0.9948822331330442,0.9923438023676807,2,31.5,0.0,0.0,24.0,72.0
hurricane_beryl_across_quintana_roo_and_yucatan_mexico,hurricane,360.0,0.9691887850529939,1.041269848541392,2,17.0,0.0,0.0,24.0,72.0
hurricane_beryl_across_quintana_roo_and_yucatan_mexico,hurricane,370.0,0.9533689093781033,0.9319893647657138,2,14.5,0.0,0.0,24.0,72.0
hurricane_beryl_across_quintana_roo_and_yucatan_mexico,hurricane,380.0,0.9714656289604677,0.9760405615103123,2,29.0,0.0,0.0,24.0,72.0
hurricane_beryl_across_quintana_roo_and_yucatan_mexico,hurricane,390.0,0.9744269434401349,0.9761317591693905,2,23.5,0.0,0.0,24.0,72.0
hurricane_beryl_across_quintana_roo_and_yucatan_mexico,hurricane,400.0,0.9292270841042604,0.9385770204595931,2,28.0,0.0,0.0,24.0,72.0
hurricane_beryl_across_quintana_roo_and_yucatan_mexico,hurricane,410.0,0.9375166496263483,0.943120365671186,2,25.5,0.0,0.0,24.0,72.0
hurricane_beryl_across_quintana_roo_and_yucatan_mexico,hurricane,420.0,0.9711368597602525,1.011497588923031,2,38.5,0.0,0.0,24.0,72.0
hurricane_beryl_across_quintana_roo_and_yucatan_mexico,hurricane,430.0,1.0037579826153291,1.013961820100898,2,64.0,0.0,0.0,24.0,72.0
hurricane_beryl_across_quintana_roo_and_yucatan_mexico,hurricane,440.0,0.9613540365955571,0.97916958226037,2,83.5,0.0,0.0,24.0,72.0
hurricane_beryl_across_quintana_roo_and_yucatan_mexico,hurricane,450.0,0.9847489698296465,0.9792658449893012,2,63.5,0.0,0.0,24.0,72.0
hurricane_beryl_across_quintana_roo_and_yucatan_mexico,hurricane,460.0,0.9106166142037286,0.9405724569910268,2,72.5,0.0,0.0,24.0,72.0
hurricane_beryl_across_quintana_roo_and_yucatan_mexico,hurricane,470.0,0.89697592443024,0.9083317917295901,2,127.0,0.0,0.0,24.0,72.0
hurricane_beryl_across_quintana_roo_and_yucatan_mexico,hurricane,480.0,0.9844524038282658,0.9799061461233686,2,129.5,0.0,0.0,24.0,72.0
hurricane_beryl_across_quintana_roo_and_yucatan_mexico,hurricane,490.0,0.9578097474217098,0.9704364014110141,2,126.5,0.0,0.0,24.0,72.0
hurricane_beryl_across_southeastern_texas_us,hurricane,0.0,1.0959628803563413,1.0959628803563413,2,72.0,0.0,0.0,24.0,72.0
hurricane_beryl_across_southeastern_texas_us,hurricane,10.0,0.9662921743222167,0.9670963708101616,2,186.5,0.0,0.0,24.0,72.0
hurricane_beryl_across_southeastern_texas_us,hurricane,20.0,0.9038399555177554,0.9040247957594642,2,338.0,0.0,0.0,24.0,72.0
hurricane_beryl_across_southeastern_texas_us,hurricane,30.0,0.8779545692186503,0.8789155952897844,2,435.0,0.0,0.0,24.0,72.0
hurricane_beryl_across_southeastern_texas_us,hurricane,40.0,0.8964562619102994,0.897709237166372,2,521.5,0.0,0.0,24.0,72.0
hurricane_beryl_across_southeastern_texas_us,hurricane,50.0,0.9434319504632077,0.9433853487692346,2,499.5,0.0,0.0,24.0,72.0
hurricane_beryl_across_southeastern_texas_us,hurricane,60.0,0.9648907878481202,0.9647337359282697,2,522.0,0.0,0.0,24.0,72.0
hurricane_beryl_across_southeastern_texas_us,hurricane,70.0,0.9891688012087423,0.9900984907681831,2,516.0,0.0,0.0,24.0,72.0
hurricane_beryl_across_southeastern_texas_us,hurricane,80.0,1.019470830372995,1.0285456288483674,2,442.5,0.0,0.0,24.0,72.0
hurricane_beryl_across_southeastern_texas_us,hurricane,90.0,0.9915423354167522,0.9929158364548142,2,469.5,0.0,0.0,24.0,72.0
hurricane_beryl_across_southeastern_texas_us,hurricane,100.0,0.8896782674884659,0.8916002685032106,2,469.0,0.0,0.0,24.0,72.0
hurricane_beryl_across_southeastern_texas_us,hurricane,110.0,0.8805213228262164,0.8851540423189211,2,354.0,0.0,0.0,24.0,72.0
hurricane_beryl_across_southeastern_texas_us,hurricane,120.0,0.9259049566231472,0.9309942313565289,2,280.5,0.0,0.0,24.0,72.0
hurricane_beryl_across_southeastern_texas_us,hurricane,130.0,0.9748978273282876,0.975503173095958,2,207.0,0.0,0.0,24.0,72.0
hurricane_beryl_across_southeastern_texas_us,hurricane,140.0,0.9796875719677196,0.9794744184121256,2,315.5,0.0,0.0,24.0,72.0
hurricane_beryl_across_southeastern_texas_us,hurricane,150.0,0.9931400886403564,0.9951570983586056,2,379.0,0.0,0.0,24.0,72.0
hurricane_beryl_across_southeastern_texas_us,hurricane,160.0,0.997268286362113,0.9954961914358674,2,421.0,0.0,0.0,24.0,72.0
hurricane_beryl_across_southeastern_texas_us,hurricane,170.0,0.9782979415492115,0.9822275808320495,2,558.0,0.0,0.0,24.0,72.0
hurricane_beryl_across_southeastern_texas_us,hurricane,180.0,0.9862523965549772,0.986602466237227,2,516.0,0.0,0.0,24.0,72.0
hurricane_beryl_across_southeastern_texas_us,hurricane,190.0,0.9742189061310982,0.9731250267105207,2,600.5,0.0,0.0,24.0,72.0
hurricane_beryl_across_southeastern_texas_us,hurricane,200.0,0.9710390743092661,0.971082887228221,2,609.0,0.0,0.0,24.0,72.0
hurricane_beryl_across_southeastern_texas_us,hurricane,210.0,0.9631051374585837,0.9634254056229291,2,732.5,0.0,0.0,24.0,72.0
hurricane_beryl_across_southeastern_texas_us,hurricane,220.0,0.975179323339739,0.9746527416357188,2,781.0,0.0,0.0,24.0,72.0
hurricane_beryl_across_southeastern_texas_us,hurricane,230.0,0.9796480137725407,0.981786886659798,2,791.0,0.0,0.0,24.0,72.0
hurricane_beryl_across_southeastern_texas_us,hurricane,240.0,0.9715247926818074,0.9719367385240099,2,841.5,0.0,0.0,24.0,72.0
hurricane_beryl_across_southeastern_texas_us,hurricane,250.0,0.9690734368944115,0.9705444250092129,2,911.5,0.0,0.0,24.0,72.0
hurricane_beryl_across_southeastern_texas_us,hurricane,260.0,0.9762572570615534,0.9775010569017624,2,835.0,0.0,0.0,24.0,72.0
hurricane_beryl_across_southeastern_texas_us,hurricane,270.0,0.9690692656260833,0.9704626265860499,2,633.0,0.0,0.0,24.0,72.0
hurricane_beryl_across_southeastern_texas_us,hurricane,280.0,0.9701550858080655,0.9724012241975857,2,609.0,0.0,0.0,24.0,72.0
hurricane_beryl_across_southeastern_texas_us,hurricane,290.0,0.9699792790372717,0.9724317167607588,2,581.5,0.0,0.0,24.0,72.0
hurricane_beryl_across_southeastern_texas_us,hurricane,300.0,0.9733071959776896,0.9771798838879978,2,413.0,0.0,0.0,24.0,72.0
hurricane_beryl_across_southeastern_texas_us,hurricane,310.0,0.9609010135441094,0.9659041492409088,2,237.5,0.0,0.0,24.0,72.0
hurricane_beryl_across_southeastern_texas_us,hurricane,320.0,0.9513354978705898,0.9509641544219185,2,298.0,0.0,0.0,24.0,72.0
hurricane_beryl_across_southeastern_texas_us,hurricane,330.0,0.9654480845718219,0.9673852296210036,2,220.5,0.0,0.0,24.0,72.0
hurricane_beryl_across_southeastern_texas_us,hurricane,340.0,0.9623110229163128,0.9659550981606031,2,155.5,0.0,0.0,24.0,72.0
hurricane_beryl_across_southeastern_texas_us,hurricane,350.0,0.9397839994972945,0.9396444423692755,2,171.5,0.0,0.0,24.0,72.0
hurricane_beryl_across_southeastern_texas_us,hurricane,360.0,0.9700089037767177,0.9703658414613154,2,89.0,0.0,0.0,24.0,72.0
hurricane_beryl_across_southeastern_texas_us,hurricane,370.0,0.9788256229317298,0.9948691699374609,2,22.0,0.0,0.0,24.0,72.0
hurricane_beryl_across_southeastern_texas_us,hurricane,380.0,0.9883274803845228,0.9565219007830357,2,20.5,0.0,0.0,24.0,72.0
hurricane_beryl_across_southeastern_texas_us,hurricane,390.0,1.7097893180331192,0.9402926720263052,2,3.0,0.0,0.0,24.0,72.0
hurricane_beryl_across_southeastern_texas_us,hurricane,400.0,1.0012789754294869,0.9992985421287692,2,3.5,0.0,0.0,24.0,72.0
hurricane_beryl_across_southeastern_texas_us,hurricane,410.0,1.1584137738636517,0.9760482088711302,2,1.0,0.0,0.0,24.0,72.0
hurricane_beryl_pre_landfall_2024,hurricane,40.0,0.9971135369726469,1.0010264303318444,2,16.5,0.0,0.0,24.0,72.0
hurricane_beryl_pre_landfall_2024,hurricane,50.0,1.0077943805274656,1.0192110658565734,2,23.5,0.0,0.0,24.0,72.0
hurricane_beryl_pre_landfall_2024,hurricane,60.0,0.920056402150625,0.934393558235862,2,30.0,0.0,0.0,24.0,72.0
hurricane_beryl_pre_landfall_2024,hurricane,70.0,0.9749248793809867,0.9746109959565705,2,99.0,0.0,0.0,24.0,72.0
hurricane_beryl_pre_landfall_2024,hurricane,80.0,1.0002656945560509,1.0053851662031983,2,90.0,0.0,0.0,24.0,72.0
hurricane_beryl_pre_landfall_2024,hurricane,90.0,0.9507583301333926,0.9573095628194216,2,77.0,0.0,0.0,24.0,72.0
hurricane_beryl_pre_landfall_2024,hurricane,100.0,0.89154749880118,0.9041620905988224,2,87.0,0.0,0.0,24.0,72.0
hurricane_beryl_pre_landfall_2024,hurricane,110.0,0.9552929811973749,0.9583793253616979,2,86.5,0.0,0.0,24.0,72.0
hurricane_beryl_pre_landfall_2024,hurricane,120.0,0.973577802864527,0.9854864591836453,2,57.5,0.0,0.0,24.0,72.0
hurricane_beryl_pre_landfall_2024,hurricane,130.0,0.91995676994508,0.9745720252254687,2,74.0,0.0,0.0,24.0,72.0
hurricane_beryl_pre_landfall_2024,hurricane,140.0,0.8077229941170044,0.9770761721940788,2,25.0,0.0,0.0,24.0,72.0
hurricane_beryl_pre_landfall_2024,hurricane,150.0,0.4189016839836691,0.8680871373330716,2,6.0,0.0,0.0,24.0,72.0
hurricane_beryl_pre_landfall_2024,hurricane,160.0,0.8755035386850194,0.8755035386850194,2,2.0,0.0,0.0,24.0,72.0
hurricane_beryl_pre_landfall_2024,hurricane,170.0,0.4793060601981154,0.4793060601981154,2,3.0,0.0,0.0,24.0,72.0
hurricane_beryl_pre_landfall_2024,hurricane,180.0,0.21911976729180038,0.244404620127542,2,4.0,0.0,0.0,24.0,72.0
hurricane_beryl_pre_landfall_2024,hurricane,190.0,0.130170579615506,0.3906832845360968,2,0.5,0.0,0.5,24.0,72.0
hurricane_beryl_pre_landfall_2024,hurricane,200.0,0.5677915721911974,0.5773267101217081,2,20.5,0.0,0.0,24.0,72.0
hurricane_beryl_pre_landfall_2024,hurricane,210.0,0.4395959567509779,0.4664741922445652,2,17.0,0.0,0.0,24.0,72.0
hurricane_beryl_pre_landfall_2024,hurricane,220.0,0.11749758575415414,0.2215409665120157,2,3.5,0.0,0.0,24.0,72.0
hurricane_beryl_pre_landfall_2024,hurricane,260.0,0.9582021177995186,0.9582021177995186,2,36.0,0.0,0.0,24.0,72.0
hurricane_beryl_pre_landfall_2024,hurricane,270.0,1.0231859931087006,1.0253763162094653,2,84.5,0.0,0.0,24.0,72.0
hurricane_beryl_pre_landfall_2024,hurricane,280.0,1.0183990256694948,1.012779610136009,2,31.0,0.0,0.0,24.0,72.0
hurricane_beryl_pre_landfall_2024,hurricane,290.0,1.0029380030945365,0.997006480905275,2,27.0,0.0,0.0,24.0,72.0
hurricane_beryl_pre_landfall_2024,hurricane,300.0,0.9538254660712149,0.9538254660712149,2,17.0,0.0,0.0,24.0,72.0
hurricane_beryl_pre_landfall_2024,hurricane,310.0,0.8647707607266483,0.9608253339789836,2,2.5,0.0,0.0,24.0,72.0
hurricane_ernesto_puerto_rico_14_august_2024,hurricane,0.0,1.020552149539813,1.020552149539813,2,60.0,0.0,0.0,24.0,72.0
hurricane_ernesto_puerto_rico_14_august_2024,hurricane,10.0,1.0434057573930537,1.0439521755748862,2,171.0,0.0,0.0,24.0,72.0
hurricane_ernesto_puerto_rico_14_august_2024,hurricane,20.0,1.0576529035312423,1.0566731802301774,2,240.0,0.0,0.0,24.0,72.0
hurricane_ernesto_puerto_rico_14_august_2024,hurricane,30.0,1.0636856414175258,1.0639998507259865,2,281.5,0.0,0.0,24.0,72.0
hurricane_ernesto_puerto_rico_14_august_2024,hurricane,40.0,1.0307172311449597,1.0326367011211386,2,239.0,0.0,0.0,24.0,72.0
hurricane_ernesto_puerto_rico_14_august_2024,hurricane,50.0,0.9966069549113644,0.9977480910306592,2,208.5,0.0,0.0,24.0,72.0
hurricane_ernesto_puerto_rico_14_august_2024,hurricane,60.0,0.9610294156778254,0.972087514751923,2,171.5,0.0,0.0,24.0,72.0
hurricane_ernesto_puerto_rico_14_august_2024,hurricane,70.0,0.9619732650005821,0.9683695437624051,2,146.5,0.0,0.0,24.0,72.0
hurricane_ernesto_puerto_rico_14_august_2024,hurricane,80.0,1.0140151984491812,1.0143414883781596,2,114.5,0.0,0.0,24.0,72.0
hurricane_ernesto_puerto_rico_14_august_2024,hurricane,90.0,0.8217241774175591,0.8368966463299279,2,49.0,0.0,0.0,24.0,72.0
hurricane_ernesto_puerto_rico_14_august_2024,hurricane,100.0,0.8514480125262691,0.9347392576571327,2,4.5,0.0,0.0,24.0,72.0
hurricane_ernesto_puerto_rico_14_august_2024,hurricane,110.0,0.8018056769824493,0.8155024812056884,2,6.5,0.0,0.0,24.0,72.0
hurricane_helene_pre_landfall_gulf_of_mexico_24_september_2024,hurricane,10.0,0.8912247688136166,0.9815417038699036,2,33.5,0.0,0.0,24.0,72.0
hurricane_helene_pre_landfall_gulf_of_mexico_24_september_2024,hurricane,20.0,1.0265460821875707,1.0180237273210333,2,94.5,0.0,0.0,24.0,72.0
hurricane_helene_pre_landfall_gulf_of_mexico_24_september_2024,hurricane,30.0,0.8979134604390963,0.8687304577178354,2,94.5,0.0,0.0,24.0,72.0
hurricane_helene_pre_landfall_gulf_of_mexico_24_september_2024,hurricane,40.0,1.29296531777945,1.2351901720700793,2,62.5,0.0,0.0,24.0,72.0
hurricane_helene_pre_landfall_gulf_of_mexico_24_september_2024,hurricane,50.0,1.2156875370819815,1.215508969119762,2,148.5,0.0,0.0,24.0,72.0
hurricane_helene_pre_landfall_gulf_of_mexico_24_september_2024,hurricane,60.0,1.1025576009938594,1.1077718407062616,2,305.0,0.0,0.0,24.0,72.0
hurricane_helene_pre_landfall_gulf_of_mexico_24_september_2024,hurricane,70.0,1.0735392341251895,1.0759492877499512,2,349.5,0.0,0.0,24.0,72.0
hurricane_helene_pre_landfall_gulf_of_mexico_24_september_2024,hurricane,80.0,1.0193062332461043,1.0201245004746906,2,433.0,0.0,0.0,24.0,72.0
hurricane_helene_pre_landfall_gulf_of_mexico_24_september_2024,hurricane,90.0,1.0741074518152447,1.0714957009334076,2,398.0,0.0,0.0,24.0,72.0
hurricane_helene_pre_landfall_gulf_of_mexico_24_september_2024,hurricane,100.0,1.1283831427639508,1.1308284155398733,2,399.0,0.0,0.0,24.0,72.0
hurricane_helene_pre_landfall_gulf_of_mexico_24_september_2024,hurricane,110.0,1.1884709003431269,1.1980321489066963,2,422.0,0.0,0.0,24.0,72.0
hurricane_helene_pre_landfall_gulf_of_mexico_24_september_2024,hurricane,120.0,1.1554729760814604,1.1603007445298381,2,418.5,0.0,0.0,24.0,72.0
hurricane_helene_pre_landfall_gulf_of_mexico_24_september_2024,hurricane,130.0,1.1626273875452826,1.1677833189291826,2,577.5,0.0,0.0,24.0,72.0
hurricane_helene_pre_landfall_gulf_of_mexico_24_september_2024,hurricane,140.0,1.1408422897589237,1.142485068865143,2,658.5,0.0,0.0,24.0,72.0
hurricane_helene_pre_landfall_gulf_of_mexico_24_september_2024,hurricane,150.0,1.0769806194029445,1.0775946479905136,2,673.0,0.0,0.0,24.0,72.0
hurricane_helene_pre_landfall_gulf_of_mexico_24_september_2024,hurricane,160.0,1.148161022849084,1.1519499040742316,2,736.5,0.0,0.0,24.0,72.0
hurricane_helene_pre_landfall_gulf_of_mexico_24_september_2024,hurricane,170.0,1.0647906410915455,1.0692438679277054,2,795.5,0.0,0.0,24.0,72.0
hurricane_helene_pre_landfall_gulf_of_mexico_24_september_2024,hurricane,180.0,1.0765108497671212,1.078802726198808,2,918.5,0.0,0.0,24.0,72.0
hurricane_helene_pre_landfall_gulf_of_mexico_24_september_2024,hurricane,190.0,1.091010490077831,1.0925201329245195,2,823.0,0.0,0.0,24.0,72.0
hurricane_helene_pre_landfall_gulf_of_mexico_24_september_2024,hurricane,200.0,1.1133396548643821,1.1163446919506335,2,816.5,0.0,0.0,24.0,72.0
hurricane_helene_pre_landfall_gulf_of_mexico_24_september_2024,hurricane,210.0,1.1275196031919845,1.1350363637167529,2,785.5,0.0,0.0,24.0,72.0
hurricane_helene_pre_landfall_gulf_of_mexico_24_september_2024,hurricane,220.0,1.1116996991683634,1.1181294796215604,2,614.0,0.0,0.0,24.0,72.0
hurricane_helene_pre_landfall_gulf_of_mexico_24_september_2024,hurricane,230.0,1.1417121888391066,1.147687664517512,2,562.5,0.0,0.0,24.0,72.0
hurricane_helene_pre_landfall_gulf_of_mexico_24_september_2024,hurricane,240.0,1.036898769000587,1.042959712733166,2,602.0,0.0,0.0,24.0,72.0
hurricane_helene_pre_landfall_gulf_of_mexico_24_september_2024,hurricane,250.0,1.0372374746244608,1.0429748819806326,2,528.0,0.0,0.0,24.0,72.0
hurricane_helene_pre_landfall_gulf_of_mexico_24_september_2024,hurricane,260.0,1.0122449256575752,1.0130198711730878,2,483.5,0.0,0.0,24.0,72.0
hurricane_helene_pre_landfall_gulf_of_mexico_24_september_2024,hurricane,270.0,1.0445188630092468,1.0405742784940892,2,549.5,0.0,0.0,24.0,72.0
hurricane_helene_pre_landfall_gulf_of_mexico_24_september_2024,hurricane,280.0,1.12547643892115,1.128524746875759,2,548.5,0.0,0.0,24.0,72.0
hurricane_helene_pre_landfall_gulf_of_mexico_24_september_2024,hurricane,290.0,1.1065099153509035,1.1091868136249698,2,559.0,0.0,0.0,24.0,72.0
hurricane_helene_pre_landfall_gulf_of_mexico_24_september_2024,hurricane,300.0,1.0590831636018847,1.0730083671194572,2,575.5,0.0,0.0,24.0,72.0
hurricane_helene_pre_landfall_gulf_of_mexico_24_september_2024,hurricane,310.0,1.0269763864562484,1.0245342940564848,2,480.0,0.0,0.0,24.0,72.0
hurricane_helene_pre_landfall_gulf_of_mexico_24_september_2024,hurricane,320.0,1.0802809225347274,1.0849618164274801,2,593.0,0.0,0.0,24.0,72.0
hurricane_helene_pre_landfall_gulf_of_mexico_24_september_2024,hurricane,330.0,1.1045339262552383,1.1035865249449754,2,677.5,0.0,0.0,24.0,72.0
hurricane_helene_pre_landfall_gulf_of_mexico_24_september_2024,hurricane,340.0,1.0836103862326976,1.0838609901421088,2,833.0,0.0,0.0,24.0,72.0
hurricane_helene_pre_landfall_gulf_of_mexico_24_september_2024,hurricane,350.0,1.0869771434545354,1.0917723960369552,2,745.5,0.0,0.0,24.0,72.0
hurricane_helene_pre_landfall_gulf_of_mexico_24_september_2024,hurricane,360.0,1.126656063603098,1.1279015224992475,2,593.5,0.0,0.0,24.0,72.0
hurricane_helene_pre_landfall_gulf_of_mexico_24_september_2024,hurricane,370.0,1.1001909019566374,1.1008711413152446,2,663.0,0.0,0.0,24.0,72.0
hurricane_helene_pre_landfall_gulf_of_mexico_24_september_2024,hurricane,380.0,1.113680002499687,1.1131554170529698,2,708.5,0.0,0.0,24.0,72.0
hurricane_helene_pre_landfall_gulf_of_mexico_24_september_2024,hurricane,390.0,1.1044236361838884,1.1081359865400406,2,699.5,0.0,0.0,24.0,72.0
hurricane_helene_pre_landfall_gulf_of_mexico_24_september_2024,hurricane,400.0,1.1151332918074632,1.1139511008558074,2,713.5,0.0,0.0,24.0,72.0
hurricane_helene_pre_landfall_gulf_of_mexico_24_september_2024,hurricane,410.0,1.129702714132356,1.1316170613213434,2,791.0,0.0,0.0,24.0,72.0
hurricane_helene_pre_landfall_gulf_of_mexico_24_september_2024,hurricane,420.0,1.1026970346162348,1.1038254801831298,2,884.5,0.0,0.0,24.0,72.0
hurricane_helene_pre_landfall_gulf_of_mexico_24_september_2024,hurricane,430.0,1.1004894868635335,1.0992798351127946,2,818.0,0.0,0.0,24.0,72.0
hurricane_helene_pre_landfall_gulf_of_mexico_24_september_2024,hurricane,440.0,1.0890766300163621,1.0938492057759701,2,1026.5,0.0,0.0,24.0,72.0
hurricane_helene_pre_landfall_gulf_of_mexico_24_september_2024,hurricane,450.0,1.0774983823979245,1.0770815666474578,2,1217.0,0.0,0.0,24.0,72.0
hurricane_helene_pre_landfall_gulf_of_mexico_24_september_2024,hurricane,460.0,1.0925866590871807,1.0924037177410846,2,1217.5,0.0,0.0,24.0,72.0
hurricane_helene_pre_landfall_gulf_of_mexico_24_september_2024,hurricane,470.0,1.1109874367463652,1.1111715345679218,2,1065.0,0.0,0.0,24.0,72.0
hurricane_helene_pre_landfall_gulf_of_mexico_24_september_2024,hurricane,480.0,1.1085383464031162,1.1106227987805508,2,1105.0,0.0,0.0,24.0,72.0
hurricane_helene_pre_landfall_gulf_of_mexico_24_september_2024,hurricane,490.0,1.0905122670496636,1.0914984958034966,2,1346.0,0.0,0.0,24.0,72.0
hurricane_john_across_southeastern_guerrero_mexico,hurricane,0.0,1.055516528851805,1.0620290517065194,2,49.5,0.0,0.0,24.0,72.0
hurricane_john_across_southeastern_guerrero_mexico,hurricane,10.0,1.0654367423010171,1.0701701741457006,2,100.5,0.0,0.0,24.0,72.0
hurricane_john_across_southeastern_guerrero_mexico,hurricane,20.0,1.0432974578619065,1.053305823050981,2,184.5,0.0,0.0,24.0,72.0
hurricane_john_across_southeastern_guerrero_mexico,hurricane,30.0,1.059306125156915,1.0656272338281867,2,249.0,0.0,0.0,24.0,72.0
hurricane_john_across_southeastern_guerrero_mexico,hurricane,40.0,1.0808977855418327,1.0867910277620467,2,249.0,0.0,0.0,24.0,72.0
hurricane_john_across_southeastern_guerrero_mexico,hurricane,50.0,1.0540738420347737,1.0605672400662582,2,247.5,0.0,0.0,24.0,72.0
hurricane_john_across_southeastern_guerrero_mexico,hurricane,60.0,1.057793489658232,1.0583605249210444,2,307.0,0.0,0.0,24.0,72.0
hurricane_john_across_southeastern_guerrero_mexico,hurricane,70.0,1.0823708123101667,1.0849316171701362,2,406.0,0.0,0.0,24.0,72.0
hurricane_john_across_southeastern_guerrero_mexico,hurricane,80.0,1.0907120597273277,1.0923977027620864,2,406.5,0.0,0.0,24.0,72.0
hurricane_john_across_southeastern_guerrero_mexico,hurricane,90.0,1.0787444878229053,1.0805297214765905,2,340.0,0.0,0.0,24.0,72.0
hurricane_john_across_southeastern_guerrero_mexico,hurricane,100.0,1.0827235016764718,1.083611797822571,2,369.5,0.0,0.0,24.0,72.0
hurricane_john_across_southeastern_guerrero_mexico,hurricane,110.0,1.0713240871655847,1.0701996969221383,2,378.5,0.0,0.0,24.0,72.0
hurricane_john_across_southeastern_guerrero_mexico,hurricane,120.0,1.0695564685508185,1.0731918698147591,2,395.5,0.0,0.0,24.0,72.0
hurricane_john_across_southeastern_guerrero_mexico,hurricane,130.0,1.0946560901242253,1.1027443151515763,2,462.5,0.0,0.0,24.0,72.0
hurricane_john_across_southeastern_guerrero_mexico,hurricane,140.0,1.1023916982986424,1.115187029818781,2,429.0,0.0,0.0,24.0,72.0
hurricane_john_across_southeastern_guerrero_mexico,hurricane,150.0,1.0633047058229024,1.0764992973371115,2,379.0,0.0,0.0,24.0,72.0
hurricane_john_across_southeastern_guerrero_mexico,hurricane,160.0,1.0787082283599116,1.0898767999822763,2,269.5,0.0,0.0,24.0,72.0
hurricane_john_across_southeastern_guerrero_mexico,hurricane,170.0,1.0489116781673469,1.0603936019952238,2,309.5,0.0,0.0,24.0,72.0
hurricane_john_across_southeastern_guerrero_mexico,hurricane,180.0,1.0674453442730374,1.0766582466426897,2,360.0,0.0,0.0,24.0,72.0
hurricane_john_across_southeastern_guerrero_mexico,hurricane,190.0,1.0474764959207816,1.0551498523942777,2,422.0,0.0,0.0,24.0,72.0
hurricane_john_across_southeastern_guerrero_mexico,hurricane,200.0,1.0735166821925832,1.0767370220555568,2,429.0,0.0,0.0,24.0,72.0
hurricane_john_across_southeastern_guerrero_mexico,hurricane,210.0,1.0360916666367541,1.0615040096622441,2,447.0,0.0,0.0,24.0,72.0
hurricane_john_across_southeastern_guerrero_mexico,hurricane,220.0,1.091400977722873,1.0980850348568478,2,560.5,0.0,0.0,24.0,72.0
hurricane_john_across_southeastern_guerrero_mexico,hurricane,230.0,0.9816735810760124,0.9888505728988057,2,430.5,0.0,0.0,24.0,72.0
hurricane_john_across_southeastern_guerrero_mexico,hurricane,240.0,1.0524640227938988,1.0725039934541476,2,307.5,0.0,0.0,24.0,72.0
hurricane_john_across_southeastern_guerrero_mexico,hurricane,250.0,1.0610946682231202,1.0500011266081737,2,258.5,0.0,0.0,24.0,72.0
hurricane_john_across_southeastern_guerrero_mexico,hurricane,260.0,1.0645053636781956,1.064297497361002,2,338.0,0.0,0.0,24.0,72.0
hurricane_john_across_southeastern_guerrero_mexico,hurricane,270.0,1.0724091630847263,1.0747468639690854,2,434.5,0.0,0.0,24.0,72.0
hurricane_john_across_southeastern_guerrero_mexico,hurricane,280.0,1.0548336148768818,1.0551160439149658,2,412.0,0.0,0.0,24.0,72.0
hurricane_john_across_southeastern_guerrero_mexico,hurricane,290.0,1.092678870858748,1.0930111594179959,2,443.5,0.0,0.0,24.0,72.0
hurricane_john_across_southeastern_guerrero_mexico,hurricane,300.0,1.0514466355867036,1.062201241106334,2,294.0,0.0,0.0,24.0,72.0
hurricane_john_across_southeastern_guerrero_mexico,hurricane,310.0,1.0508965135988408,1.0503800576385225,2,228.0,0.0,0.0,24.0,72.0
hurricane_john_across_southeastern_guerrero_mexico,hurricane,320.0,1.0667159560005364,1.0671644730575327,2,203.5,0.0,0.0,24.0,72.0
hurricane_john_across_southeastern_guerrero_mexico,hurricane,330.0,1.067714873419702,1.0713809185365235,2,176.0,0.0,0.0,24.0,72.0
hurricane_john_across_southeastern_guerrero_mexico,hurricane,340.0,1.1243729902374526,1.1234849117617922,2,145.0,0.0,0.0,24.0,72.0
hurricane_john_across_southeastern_guerrero_mexico,hurricane,350.0,1.1009216053374904,1.1031456723719735,2,173.5,0.0,0.0,24.0,72.0
hurricane_john_across_southeastern_guerrero_mexico,hurricane,360.0,1.0783399477835296,1.0860706883521565,2,159.0,0.0,0.0,24.0,72.0
hurricane_john_across_southeastern_guerrero_mexico,hurricane,370.0,1.004005710685154,1.0125342918172826,2,115.0,0.0,0.0,24.0,72.0
hurricane_john_across_southeastern_guerrero_mexico,hurricane,380.0,1.0404447631542997,1.0444269412669724,2,88.5,0.0,0.0,24.0,72.0
hurricane_john_across_southeastern_guerrero_mexico,hurricane,390.0,1.0957478690530442,1.069344305503974,2,89.0,0.0,0.0,24.0,72.0
hurricane_john_across_southeastern_guerrero_mexico,hurricane,400.0,1.126948881292422,1.10750782351111,2,74.5,0.0,0.0,24.0,72.0
hurricane_john_across_southeastern_guerrero_mexico,hurricane,410.0,1.0830345562133508,1.0794731929607126,2,81.5,0.0,0.0,24.0,72.0
hurricane_john_across_southeastern_guerrero_mexico,hurricane,420.0,1.0553106542507749,1.0503421910065867,2,53.0,0.0,0.0,24.0,72.0
hurricane_john_across_southeastern_guerrero_mexico,hurricane,430.0,1.052355004392683,1.089761038319994,2,34.5,0.0,0.0,24.0,72.0
hurricane_john_across_southeastern_guerrero_mexico,hurricane,440.0,0.9702342409629467,0.9792540666110743,2,25.5,0.0,0.0,24.0,72.0
hurricane_john_across_southeastern_guerrero_mexico,hurricane,450.0,1.2179746743925697,1.0655532769060825,2,3.5,0.0,0.0,24.0,72.0
hurricane_john_across_southeastern_guerrero_mexico,hurricane,460.0,1.0578656475616453,1.0156728986029127,2,16.0,0.0,0.0,24.0,72.0
hurricane_john_across_southeastern_guerrero_mexico,hurricane,470.0,1.1099758091033542,1.103030757261326,2,23.0,0.0,0.0,24.0,72.0
hurricane_john_across_southeastern_guerrero_mexico,hurricane,480.0,1.0888553582701117,1.079429140773926,2,30.5,0.0,0.0,24.0,72.0
hurricane_john_across_southeastern_guerrero_mexico,hurricane,490.0,1.0871438723257163,1.091113767685992,2,50.0,0.0,0.0,24.0,72.0
hurricane_john_southern_mexico_25_september_2024,hurricane,0.0,1.0631543114550284,1.07031919056856,2,19.0,0.0,0.0,24.0,72.0
hurricane_john_southern_mexico_25_september_2024,hurricane,10.0,1.0821139065341665,1.084044650552992,2,122.5,0.0,0.0,24.0,72.0
hurricane_john_southern_mexico_25_september_2024,hurricane,20.0,1.0844419183722196,1.0854500873855057,2,232.5,0.0,0.0,24.0,72.0
hurricane_john_southern_mexico_25_september_2024,hurricane,30.0,1.0840054762974627,1.084433703328892,2,348.5,0.0,0.0,24.0,72.0
hurricane_john_southern_mexico_25_september_2024,hurricane,40.0,1.0687736551929174,1.0757730469713602,2,440.5,0.0,0.0,24.0,72.0
hurricane_john_southern_mexico_25_september_2024,hurricane,50.0,1.0692405471274204,1.0726920934250443,2,475.0,0.0,0.0,24.0,72.0
hurricane_john_southern_mexico_25_september_2024,hurricane,60.0,1.059947915291621,1.0655352418649324,2,504.0,0.0,0.0,24.0,72.0
hurricane_john_southern_mexico_25_september_2024,hurricane,70.0,1.0579827500994121,1.0664542567142674,2,562.0,0.0,0.0,24.0,72.0
hurricane_john_southern_mexico_25_september_2024,hurricane,80.0,1.061720804774862,1.0715830814467169,2,622.0,0.0,0.0,24.0,72.0
hurricane_john_southern_mexico_25_september_2024,hurricane,90.0,1.0811678543435916,1.0868416308722417,2,759.5,0.0,0.0,24.0,72.0
hurricane_john_southern_mexico_25_september_2024,hurricane,100.0,1.0821548272393766,1.0842432528046158,2,768.0,0.0,0.0,24.0,72.0
hurricane_john_southern_mexico_25_september_2024,hurricane,110.0,1.0910025217163817,1.092044020634456,2,765.0,0.0,0.0,24.0,72.0
hurricane_john_southern_mexico_25_september_2024,hurricane,120.0,1.0727703040348138,1.0761551341837405,2,714.0,0.0,0.0,24.0,72.0
hurricane_john_southern_mexico_25_september_2024,hurricane,130.0,1.057431303539879,1.0596704704206066,2,714.0,0.0,0.0,24.0,72.0
hurricane_john_southern_mexico_25_september_2024,hurricane,140.0,1.056288929895688,1.0632345961792287,2,693.0,0.0,0.0,24.0,72.0
hurricane_john_southern_mexico_25_september_2024,hurricane,150.0,1.0672055409196974,1.075749791448146,2,694.0,0.0,0.0,24.0,72.0
hurricane_john_southern_mexico_25_september_2024,hurricane,160.0,1.0252117273203716,1.0513932393314978,2,665.0,0.0,0.0,24.0,72.0
hurricane_john_southern_mexico_25_september_2024,hurricane,170.0,0.9596258841077357,0.9772032615769777,2,663.5,0.0,0.0,24.0,72.0
hurricane_john_southern_mexico_25_september_2024,hurricane,180.0,0.9736285101617188,1.0028125637419778,2,610.0,0.0,0.0,24.0,72.0
hurricane_john_southern_mexico_25_september_2024,hurricane,190.0,0.8909943871520971,0.9267402061468066,2,594.0,0.0,0.0,24.0,72.0
hurricane_john_southern_mexico_25_september_2024,hurricane,200.0,1.0865855882357751,1.0955748300729182,2,551.0,0.0,0.0,24.0,72.0
hurricane_john_southern_mexico_25_september_2024,hurricane,210.0,1.0896724659209893,1.0982234177819161,2,589.0,0.0,0.0,24.0,72.0
hurricane_john_southern_mexico_25_september_2024,hurricane,220.0,1.0487551134076247,1.066868807686989,2,649.5,0.0,0.0,24.0,72.0
hurricane_john_southern_mexico_25_september_2024,hurricane,230.0,1.0407429774308314,1.0674767084778085,2,682.0,0.0,0.0,24.0,72.0
hurricane_john_southern_mexico_25_september_2024,hurricane,240.0,1.0396574865715293,1.0550700640540307,2,766.5,0.0,0.0,24.0,72.0
hurricane_john_southern_mexico_25_september_2024,hurricane,250.0,1.0158764327338108,1.043217557987191,2,775.5,0.0,0.0,24.0,72.0
hurricane_john_southern_mexico_25_september_2024,hurricane,260.0,0.8766908454762053,0.8986281715523412,2,759.0,0.0,0.0,24.0,72.0
hurricane_john_southern_mexico_25_september_2024,hurricane,270.0,0.9003538810017968,0.9429799247563808,2,725.0,0.0,0.0,24.0,72.0
hurricane_john_southern_mexico_25_september_2024,hurricane,280.0,0.957923505705012,0.998368230104614,2,577.5,0.0,0.0,24.0,72.0
hurricane_john_southern_mexico_25_september_2024,hurricane,290.0,1.0321029159568544,1.0484681358870562,2,607.0,0.0,0.0,24.0,72.0
hurricane_john_southern_mexico_25_september_2024,hurricane,300.0,1.0460282907065181,1.0698555837249277,2,504.0,0.0,0.0,24.0,72.0
hurricane_john_southern_mexico_25_september_2024,hurricane,310.0,1.0425554864198956,1.0497311032837535,2,453.5,0.0,0.0,24.0,72.0
hurricane_john_southern_mexico_25_september_2024,hurricane,320.0,1.0794213142854223,1.082052387111959,2,471.5,0.0,0.0,24.0,72.0
hurricane_john_southern_mexico_25_september_2024,hurricane,330.0,1.0911528867710123,1.1001704246842272,2,536.0,0.0,0.0,24.0,72.0
hurricane_john_southern_mexico_25_september_2024,hurricane,340.0,1.0890109770763443,1.1026997359321216,2,425.5,0.0,0.0,24.0,72.0
hurricane_john_southern_mexico_25_september_2024,hurricane,350.0,1.078128025999908,1.080728351962892,2,353.5,0.0,0.0,24.0,72.0
hurricane_john_southern_mexico_25_september_2024,hurricane,360.0,1.073146946534535,1.0790088251615697,2,274.5,0.0,0.0,24.0,72.0
hurricane_john_southern_mexico_25_september_2024,hurricane,370.0,1.0657882387858297,1.0736129028613397,2,258.5,0.0,0.0,24.0,72.0
hurricane_john_southern_mexico_25_september_2024,hurricane,380.0,1.066084920088476,1.069817061463957,2,251.0,0.0,0.0,24.0,72.0
hurricane_john_southern_mexico_25_september_2024,hurricane,390.0,1.0902879133548948,1.0935141301561826,2,172.0,0.0,0.0,24.0,72.0
hurricane_john_southern_mexico_25_september_2024,hurricane,400.0,1.0338375245781994,1.046280677555313,2,199.5,0.0,0.0,24.0,72.0
hurricane_john_southern_mexico_25_september_2024,hurricane,410.0,1.0629027222426155,1.0767055046153033,2,182.0,0.0,0.0,24.0,72.0
hurricane_john_southern_mexico_25_september_2024,hurricane,420.0,1.0733454834454692,1.081488913466852,2,176.5,0.0,0.0,24.0,72.0
hurricane_john_southern_mexico_25_september_2024,hurricane,430.0,1.0468997711518337,1.0592195054134437,2,208.5,0.0,0.0,24.0,72.0
hurricane_john_southern_mexico_25_september_2024,hurricane,440.0,1.1107416456565702,1.117090311124659,2,209.0,0.0,0.0,24.0,72.0
hurricane_john_southern_mexico_25_september_2024,hurricane,450.0,1.1171097079432761,1.115416267814322,2,217.5,0.0,0.0,24.0,72.0
hurricane_john_southern_mexico_25_september_2024,hurricane,460.0,1.0860622088686105,1.0873733287937637,2,234.5,0.0,0.0,24.0,72.0
hurricane_john_southern_mexico_25_september_2024,hurricane,470.0,1.1264659243043003,1.1385407165990529,2,256.0,0.0,0.0,24.0,72.0
hurricane_john_southern_mexico_25_september_2024,hurricane,480.0,1.0665174516411087,1.0764282770013036,2,186.0,0.0,0.0,24.0,72.0
hurricane_john_southern_mexico_25_september_2024,hurricane,490.0,1.108505172947233,1.122997003223457,2,133.0,0.0,0.0,24.0,72.0
hurricane_milton_across_florida_us,hurricane,0.0,1.170573847286493,1.1710443697857587,2,55.5,0.0,0.0,24.0,72.0
hurricane_milton_across_florida_us,hurricane,10.0,1.1751078032808848,1.1664109371266747,2,85.5,0.0,0.0,24.0,72.0
hurricane_milton_across_florida_us,hurricane,20.0,1.158154597051376,1.134605386397161,2,120.0,0.0,0.0,24.0,72.0
hurricane_milton_across_florida_us,hurricane,30.0,1.1749823987948171,1.163266119867798,2,183.5,0.0,0.0,24.0,72.0
hurricane_milton_across_florida_us,hurricane,40.0,1.1897032815225688,1.1922371900405146,2,147.5,0.0,0.0,24.0,72.0
hurricane_milton_across_florida_us,hurricane,50.0,1.1667618982414698,1.1681014213663317,2,193.5,0.0,0.0,24.0,72.0
hurricane_milton_across_florida_us,hurricane,60.0,1.1492175336358448,1.1443276298052178,2,282.5,0.0,0.0,24.0,72.0
hurricane_milton_across_florida_us,hurricane,70.0,1.154793480038566,1.1541517495903681,2,441.5,0.0,0.0,24.0,72.0
hurricane_milton_across_florida_us,hurricane,80.0,1.112526198525452,1.1120731454315655,2,546.0,0.0,0.0,24.0,72.0
hurricane_milton_across_florida_us,hurricane,90.0,1.0996145100089716,1.1008134558410352,2,686.5,0.0,0.0,24.0,72.0
hurricane_milton_across_florida_us,hurricane,100.0,1.0841950383118326,1.0843876824619891,2,875.5,0.0,0.0,24.0,72.0
hurricane_milton_across_florida_us,hurricane,110.0,1.0959137130355305,1.097602707856746,2,778.5,0.0,0.0,24.0,72.0
hurricane_milton_across_florida_us,hurricane,120.0,1.0946819547411581,1.0973886040204412,2,708.0,0.0,0.0,24.0,72.0
hurricane_milton_across_florida_us,hurricane,130.0,1.1117419632444197,1.1146367854703125,2,642.0,0.0,0.0,24.0,72.0
hurricane_milton_across_florida_us,hurricane,140.0,1.1580117450926668,1.1631999984916794,2,554.5,0.0,0.0,24.0,72.0
hurricane_milton_across_florida_us,hurricane,150.0,1.164592421461209,1.1661138684770562,2,465.5,0.0,0.0,24.0,72.0
hurricane_milton_across_florida_us,hurricane,160.0,1.145490195302487,1.1457220857259074,2,381.5,0.0,0.0,24.0,72.0
hurricane_milton_across_florida_us,hurricane,170.0,1.1298311138049781,1.130520016958867,2,365.0,0.0,0.0,24.0,72.0
hurricane_milton_across_florida_us,hurricane,180.0,1.1178221564311865,1.1194975148544009,2,367.5,0.0,0.0,24.0,72.0
hurricane_milton_across_florida_us,hurricane,190.0,1.1181458041676051,1.1176872471109358,2,313.5,0.0,0.0,24.0,72.0
hurricane_milton_across_florida_us,hurricane,200.0,1.1364959864956383,1.1349518105936311,2,332.0,0.0,0.0,24.0,72.0
hurricane_milton_across_florida_us,hurricane,210.0,1.118310850115554,1.1176972295718093,2,304.0,0.0,0.0,24.0,72.0
hurricane_milton_across_florida_us,hurricane,220.0,1.1178093823795274,1.1174385279907084,2,281.5,0.0,0.0,24.0,72.0
hurricane_milton_across_florida_us,hurricane,230.0,1.1136191791582268,1.1159516554292521,2,325.5,0.0,0.0,24.0,72.0
hurricane_milton_across_florida_us,hurricane,240.0,1.1041668077918112,1.1025172072073266,2,344.5,0.0,0.0,24.0,72.0
hurricane_milton_across_florida_us,hurricane,250.0,1.1259308612660353,1.1254244821524009,2,332.0,0.0,0.0,24.0,72.0
hurricane_milton_across_florida_us,hurricane,260.0,1.124528919286253,1.122442446340632,2,276.5,0.0,0.0,24.0,72.0
hurricane_milton_across_florida_us,hurricane,270.0,1.123277250180355,1.1118970342735222,2,211.0,0.0,0.0,24.0,72.0
hurricane_milton_across_florida_us,hurricane,280.0,1.1201111810181572,1.1103536366494935,2,141.0,0.0,0.0,24.0,72.0
hurricane_milton_across_florida_us,hurricane,290.0,0.9764655014042136,0.9877001225881494,2,84.5,0.0,0.0,24.0,72.0
hurricane_milton_across_florida_us,hurricane,300.0,1.0196732626133187,1.048741161187778,2,23.5,0.0,0.0,24.0,72.0
hurricane_milton_across_florida_us,hurricane,310.0,1.3821450884947986,1.3821450884947986,2,1.0,0.0,0.0,24.0,72.0
hurricane_milton_across_florida_us,hurricane,320.0,0.5239936710666022,0.7486865587744602,2,7.0,0.0,0.0,24.0,72.0
hurricane_milton_across_florida_us,hurricane,330.0,1.2938518638059435,1.1573632514569812,2,12.5,0.0,0.0,24.0,72.0
hurricane_milton_across_florida_us,hurricane,340.0,,,2,0.0,0.0,1.0,24.0,72.0
hurricane_milton_across_florida_us,hurricane,370.0,1.4566527148978303,1.172616707701407,2,1.0,0.0,0.0,24.0,72.0
hurricane_milton_across_florida_us,hurricane,380.0,1.1174180622358945,1.0936668469578503,2,10.0,0.0,0.0,24.0,72.0
hurricane_milton_across_florida_us,hurricane,390.0,1.1168488693494794,1.1168488693494794,2,3.0,0.0,0.0,24.0,72.0
line_fire_southern_california_9_september_2024,wildfire,0.0,1.0587747789673343,1.0589427500496649,2,77.5,0.0,0.0,24.0,72.0
line_fire_southern_california_9_september_2024,wildfire,10.0,1.0524240556615112,1.0522987790231808,2,219.0,0.0,0.0,24.0,72.0
line_fire_southern_california_9_september_2024,wildfire,20.0,1.0515436362850505,1.05189459126357,2,297.5,0.0,0.0,24.0,72.0
line_fire_southern_california_9_september_2024,wildfire,30.0,1.0546754871218007,1.0546693865783927,2,352.5,0.0,0.0,24.0,72.0
line_fire_southern_california_9_september_2024,wildfire,40.0,1.0572740656534538,1.058366574684348,2,381.0,0.0,0.0,24.0,72.0
line_fire_southern_california_9_september_2024,wildfire,50.0,1.0562605226522788,1.0563280381956783,2,418.5,0.0,0.0,24.0,72.0
line_fire_southern_california_9_september_2024,wildfire,60.0,1.0607481401675036,1.0623875042034858,2,499.5,0.0,0.0,24.0,72.0
line_fire_southern_california_9_september_2024,wildfire,70.0,1.0562922310615668,1.0574591691438409,2,466.0,0.0,0.0,24.0,72.0
line_fire_southern_california_9_september_2024,wildfire,80.0,1.0563980229946752,1.0615311325354158,2,434.0,0.0,0.0,24.0,72.0
line_fire_southern_california_9_september_2024,wildfire,90.0,1.034209571137962,1.0390915563499938,2,358.0,0.0,0.0,24.0,72.0
line_fire_southern_california_9_september_2024,wildfire,100.0,1.0314921691528478,1.030245216487737,2,268.0,0.0,0.0,24.0,72.0
line_fire_southern_california_9_september_2024,wildfire,110.0,1.0570275042407093,1.0575033016883686,2,284.0,0.0,0.0,24.0,72.0
line_fire_southern_california_9_september_2024,wildfire,120.0,1.0482267644186674,1.0497350043385782,2,283.5,0.0,0.0,24.0,72.0
line_fire_southern_california_9_september_2024,wildfire,130.0,1.0436912885311145,1.04372056040626,2,259.5,0.0,0.0,24.0,72.0
line_fire_southern_california_9_september_2024,wildfire,140.0,1.0658710347295104,1.0555325931888568,2,189.0,0.0,0.0,24.0,72.0
line_fire_southern_california_9_september_2024,wildfire,150.0,1.0472639377831012,1.0455114398067535,2,128.0,0.0,0.0,24.0,72.0
line_fire_southern_california_9_september_2024,wildfire,160.0,1.0326022938898336,1.0269567496395777,2,164.5,0.0,0.0,24.0,72.0
line_fire_southern_california_9_september_2024,wildfire,170.0,1.040917820826311,1.0391459873101372,2,169.0,0.0,0.0,24.0,72.0
line_fire_southern_california_9_september_2024,wildfire,180.0,1.0407259184316324,1.0394098886082561,2,102.0,0.0,0.0,24.0,72.0
line_fire_southern_california_9_september_2024,wildfire,190.0,0.9859820507212635,0.9847754420491908,2,55.5,0.0,0.0,24.0,72.0
line_fire_southern_california_9_september_2024,wildfire,200.0,1.1369948947324517,0.9852008218341162,2,5.0,0.0,0.0,24.0,72.0
line_fire_southern_california_9_september_2024,wildfire,210.0,0.9276315900989414,0.9531945654425689,2,7.0,0.0,0.0,24.0,72.0
line_fire_southern_california_9_september_2024,wildfire,220.0,1.0173963473532863,0.9463963929126598,2,3.0,0.0,0.0,24.0,72.0
line_fire_southern_california_9_september_2024,wildfire,230.0,1.023818232151527,1.0205768503194448,2,5.0,0.0,0.0,24.0,72.0
moldova_flooding_2024,flood,0.0,0.9814198675811414,0.9887382264500708,2,63.5,0.0,0.0,24.0,72.0
moldova_flooding_2024,flood,10.0,0.9648443303689098,0.9785543851145685,2,156.0,0.0,0.0,24.0,72.0
moldova_flooding_2024,flood,20.0,1.0453866138351378,1.04893098346424,2,279.5,0.0,0.0,24.0,72.0
moldova_flooding_2024,flood,30.0,1.019852015309573,1.0238488811367468,2,357.0,0.0,0.0,24.0,72.0
moldova_flooding_2024,flood,40.0,0.9442745133215815,0.9576175089465429,2,407.0,0.0,0.0,24.0,72.0
moldova_flooding_2024,flood,50.0,0.9561676214564843,0.9691984455890063,2,297.5,0.0,0.0,24.0,72.0
moldova_flooding_2024,flood,60.0,0.9385914869278142,0.943878394916585,2,252.5,0.0,0.0,24.0,72.0
moldova_flooding_2024,flood,70.0,0.9630796531973553,0.9753869375109385,2,313.5,0.0,0.0,24.0,72.0
moldova_flooding_2024,flood,80.0,0.9985251787379882,1.0027311361875213,2,274.5,0.0,0.0,24.0,72.0
moldova_flooding_2024,flood,90.0,0.9487894936914735,0.9609340250623732,2,238.0,0.0,0.0,24.0,72.0
moldova_flooding_2024,flood,100.0,0.9475967822873166,0.958417974702148,2,199.5,0.0,0.0,24.0,72.0
moldova_flooding_2024,flood,110.0,0.9731751442488372,0.9824074549796852,2,217.5,0.0,0.0,24.0,72.0
moldova_flooding_2024,flood,120.0,0.9308538180255126,0.9242703253543656,2,166.5,0.0,0.0,24.0,72.0
moldova_flooding_2024,flood,130.0,0.9479515491110302,0.9513698863248504,2,136.0,0.0,0.0,24.0,72.0
moldova_flooding_2024,flood,140.0,0.9895073396610292,0.9904384231490511,2,147.5,0.0,0.0,24.0,72.0
moldova_flooding_2024,flood,150.0,0.931424126241486,0.937459385969843,2,121.5,0.0,0.0,24.0,72.0
moldova_flooding_2024,flood,160.0,0.9280078266258163,0.9248194499268239,2,87.5,0.0,0.0,24.0,72.0
moldova_flooding_2024,flood,170.0,0.9656310307279132,0.963989635822721,2,54.5,0.0,0.0,24.0,72.0
moldova_flooding_2024,flood,180.0,0.9905149041199321,0.9779511994871348,2,40.0,0.0,0.0,24.0,72.0
moldova_flooding_2024,flood,190.0,0.9263584950276892,0.9263584950276892,2,6.0,0.0,0.0,24.0,72.0
park_fire_2024,wildfire,0.0,0.9835820333375334,0.9992218223596816,2,25.5,0.0,0.0,24.0,72.0
park_fire_2024,wildfire,10.0,1.0264685777053004,1.0274876103536195,2,129.5,0.0,0.0,24.0,72.0
park_fire_2024,wildfire,20.0,1.0141304923712244,1.0155134777555466,2,247.5,0.0,0.0,24.0,72.0
park_fire_2024,wildfire,30.0,1.0134254195544015,1.013230130483917,2,353.0,0.0,0.0,24.0,72.0
park_fire_2024,wildfire,40.0,1.0159816164175224,1.018159120919497,2,434.0,0.0,0.0,24.0,72.0
park_fire_2024,wildfire,50.0,1.019394462518778,1.0207320302407186,2,390.0,0.0,0.0,24.0,72.0
park_fire_2024,wildfire,60.0,1.0480901932320839,1.0393959081945368,2,294.0,0.0,0.0,24.0,72.0
park_fire_2024,wildfire,70.0,1.0239329198474951,1.022997451674715,2,221.0,0.0,0.0,24.0,72.0
park_fire_2024,wildfire,80.0,1.0234849979431186,1.0204510140106966,2,274.5,0.0,0.0,24.0,72.0
park_fire_2024,wildfire,90.0,1.0399471005627596,1.0363673791586927,2,408.5,0.0,0.0,24.0,72.0
park_fire_2024,wildfire,100.0,1.0258730126439621,1.028012639972388,2,483.0,0.0,0.0,24.0,72.0
park_fire_2024,wildfire,110.0,1.033991614581534,1.0337001369169057,2,464.0,0.0,0.0,24.0,72.0
park_fire_2024,wildfire,120.0,1.036739248526725,1.0365055660456668,2,683.5,0.0,0.0,24.0,72.0
park_fire_2024,wildfire,130.0,1.023355811418835,1.023809470663413,2,635.0,0.0,0.0,24.0,72.0
park_fire_2024,wildfire,140.0,1.0229866882109167,1.023595204196175,2,447.5,0.0,0.0,24.0,72.0
park_fire_2024,wildfire,150.0,1.0196025597286487,1.0193615813954486,2,367.0,0.0,0.0,24.0,72.0
park_fire_2024,wildfire,160.0,1.0176611412891612,1.0138483229261466,2,182.0,0.0,0.0,24.0,72.0
park_fire_2024,wildfire,170.0,1.087058231497508,1.068968872829851,2,174.5,0.0,0.0,24.0,72.0
park_fire_2024,wildfire,180.0,1.0315694794981354,1.0274798843798696,2,148.0,0.0,0.0,24.0,72.0
park_fire_2024,wildfire,190.0,1.0348419968436167,1.0282834221944421,2,138.5,0.0,0.0,24.0,72.0
park_fire_2024,wildfire,200.0,1.0284884767038136,1.0274070132352402,2,132.5,0.0,0.0,24.0,72.0
park_fire_2024,wildfire,210.0,1.0680108098599623,1.043957423504426,2,54.5,0.0,0.0,24.0,72.0
park_fire_2024,wildfire,220.0,1.0905497053781892,1.0861535093649874,2,26.5,0.0,0.0,24.0,72.0
park_fire_2024,wildfire,230.0,1.0220875170040373,1.006810908958197,2,84.5,0.0,0.0,24.0,72.0
park_fire_2024,wildfire,240.0,1.0335500477803632,1.0304276378907131,2,41.0,0.0,0.0,24.0,72.0
park_fire_2024,wildfire,250.0,1.3257133530861513,1.0304651424017939,2,6.5,0.0,0.0,24.0,72.0
park_fire_2024,wildfire,260.0,1.1930688221394319,1.1040805120507518,2,16.5,0.0,0.0,24.0,72.0
park_fire_2024,wildfire,270.0,1.1055029407536883,1.0780102221672374,2,17.5,0.0,0.0,24.0,72.0
park_fire_2024,wildfire,280.0,1.1025928121725639,1.0429451884715126,2,23.5,0.0,0.0,24.0,72.0
park_fire_2024,wildfire,290.0,1.0286461945039662,0.9874903672342508,2,34.5,0.0,0.0,24.0,72.0
park_fire_2024,wildfire,300.0,1.0725610181257441,1.0192449744700602,2,17.0,0.0,0.0,24.0,72.0
park_fire_2024,wildfire,310.0,1.1260010624029948,1.052438460745413,2,10.0,0.0,0.0,24.0,72.0
park_fire_2024,wildfire,320.0,1.041738545558231,1.0240836839128649,2,35.5,0.0,0.0,24.0,72.0
park_fire_2024,wildfire,330.0,1.0495282956861187,0.999022838254369,2,16.5,0.0,0.0,24.0,72.0
park_fire_2024,wildfire,340.0,1.0291827489497494,0.9721592455505886,2,28.5,0.0,0.0,24.0,72.0
park_fire_2024,wildfire,350.0,1.132433504033159,1.0301010825673047,2,12.0,0.0,0.0,24.0,72.0
park_fire_2024,wildfire,360.0,1.0286099582157118,1.0240553014172464,2,60.5,0.0,0.0,24.0,72.0
park_fire_2024,wildfire,370.0,1.0079197807698321,0.9963601221376072,2,53.5,0.0,0.0,24.0,72.0
park_fire_2024,wildfire,380.0,1.0270257031639005,1.0149135510186729,2,64.5,0.0,0.0,24.0,72.0
park_fire_2024,wildfire,390.0,1.0212982157297366,1.0206231954311975,2,89.0,0.0,0.0,24.0,72.0
park_fire_2024,wildfire,400.0,1.0282293632023305,1.024155828438222,2,99.0,0.0,0.0,24.0,72.0
park_fire_2024,wildfire,410.0,1.031026726420749,1.0243109245176023,2,134.5,0.0,0.0,24.0,72.0
park_fire_2024,wildfire,420.0,1.0244492884723693,1.020884816939776,2,102.0,0.0,0.0,24.0,72.0
park_fire_2024,wildfire,430.0,1.0643675569392084,1.0382492570166924,2,55.5,0.0,0.0,24.0,72.0
park_fire_2024,wildfire,440.0,1.0378517834289922,1.0378517834289922,2,6.0,0.0,0.0,24.0,72.0
park_fire_2024,wildfire,460.0,0.995760864341532,0.7636773641687795,2,1.0,0.0,0.0,24.0,72.0
park_fire_2024,wildfire,480.0,,,2,0.0,0.0,1.0,24.0,72.0
park_fire_california_29_july_2024,wildfire,0.0,1.0121299776120045,1.0156232896096964,2,49.0,0.0,0.0,24.0,72.0
park_fire_california_29_july_2024,wildfire,10.0,1.008692634576143,1.0104882988839337,2,158.5,0.0,0.0,24.0,72.0
park_fire_california_29_july_2024,wildfire,20.0,1.0150688636224752,1.015655653033577,2,239.0,0.0,0.0,24.0,72.0
park_fire_california_29_july_2024,wildfire,30.0,1.020172351743901,1.0207410184378674,2,304.0,0.0,0.0,24.0,72.0
park_fire_california_29_july_2024,wildfire,40.0,1.0207702878438134,1.0196519961104502,2,274.5,0.0,0.0,24.0,72.0
park_fire_california_29_july_2024,wildfire,50.0,1.0276913196016122,1.02706882445003,2,389.0,0.0,0.0,24.0,72.0
park_fire_california_29_july_2024,wildfire,60.0,1.02158224934379,1.0257529107853989,2,548.5,0.0,0.0,24.0,72.0
park_fire_california_29_july_2024,wildfire,70.0,1.016614843713944,1.0170840442627602,2,613.5,0.0,0.0,24.0,72.0
park_fire_california_29_july_2024,wildfire,80.0,1.023605672390199,1.023750525300134,2,648.0,0.0,0.0,24.0,72.0
park_fire_california_29_july_2024,wildfire,90.0,1.0173170363532913,1.0175618554605106,2,678.0,0.0,0.0,24.0,72.0
park_fire_california_29_july_2024,wildfire,100.0,1.016258566951171,1.018082523589369,2,612.5,0.0,0.0,24.0,72.0
park_fire_california_29_july_2024,wildfire,110.0,1.0119723738822173,1.013703785838891,2,485.0,0.0,0.0,24.0,72.0
park_fire_california_29_july_2024,wildfire,120.0,1.0202819197311812,1.0218344475724628,2,445.0,0.0,0.0,24.0,72.0
park_fire_california_29_july_2024,wildfire,130.0,1.0202226237107672,1.0183742966749119,2,409.5,0.0,0.0,24.0,72.0
park_fire_california_29_july_2024,wildfire,140.0,1.0395976372632865,1.0376814449563285,2,416.5,0.0,0.0,24.0,72.0
park_fire_california_29_july_2024,wildfire,150.0,1.0633165556196857,1.0678209948115858,2,297.5,0.0,0.0,24.0,72.0
park_fire_california_29_july_2024,wildfire,160.0,1.0456117204124709,1.0392777689141148,2,372.5,0.0,0.0,24.0,72.0
park_fire_california_29_july_2024,wildfire,170.0,1.0415933969140905,1.0336821207815259,2,267.5,0.0,0.0,24.0,72.0
park_fire_california_29_july_2024,wildfire,180.0,1.044343148693681,1.040641565770517,2,245.0,0.0,0.0,24.0,72.0
park_fire_california_29_july_2024,wildfire,190.0,1.0211511266691726,1.0210964624702616,2,238.5,0.0,0.0,24.0,72.0
park_fire_california_29_july_2024,wildfire,200.0,1.041899901500509,1.036527837718277,2,176.5,0.0,0.0,24.0,72.0
park_fire_california_29_july_2024,wildfire,210.0,1.0497570298876995,1.0479913856963212,2,207.5,0.0,0.0,24.0,72.0
park_fire_california_29_july_2024,wildfire,220.0,1.0267927906919923,1.0286606576382449,2,151.0,0.0,0.0,24.0,72.0
park_fire_california_29_july_2024,wildfire,230.0,1.0277011280217503,1.0215691969873482,2,94.0,0.0,0.0,24.0,72.0
park_fire_california_29_july_2024,wildfire,240.0,1.0228860213261373,1.0204323122702148,2,88.0,0.0,0.0,24.0,72.0
park_fire_california_29_july_2024,wildfire,250.0,1.0946074865647097,1.0428200184426182,2,38.5,0.0,0.0,24.0,72.0
park_fire_california_29_july_2024,wildfire,260.0,1.0372684287863052,1.0190360757586554,2,41.0,0.0,0.0,24.0,72.0
park_fire_california_29_july_2024,wildfire,270.0,1.0644781209332081,1.0434203578370296,2,33.0,0.0,0.0,24.0,72.0
park_fire_california_29_july_2024,wildfire,280.0,1.2073549889338224,1.0820895184985915,2,8.0,0.0,0.0,24.0,72.0
park_fire_california_29_july_2024,wildfire,290.0,1.606832658374591,1.1155010899150781,2,3.5,0.0,0.0,24.0,72.0
park_fire_california_29_july_2024,wildfire,300.0,1.0941774670217959,1.0423379825577552,2,21.0,0.0,0.0,24.0,72.0
park_fire_california_29_july_2024,wildfire,310.0,1.0279670949929098,1.0194066099063959,2,46.0,0.0,0.0,24.0,72.0
park_fire_california_29_july_2024,wildfire,320.0,1.0710295374309342,1.041467930224774,2,52.0,0.0,0.0,24.0,72.0
park_fire_california_29_july_2024,wildfire,330.0,1.0224768735159606,1.0206917162166378,2,95.0,0.0,0.0,24.0,72.0
park_fire_california_29_july_2024,wildfire,340.0,0.9955408322943213,0.9997853569894407,2,59.5,0.0,0.0,24.0,72.0
park_fire_california_29_july_2024,wildfire,350.0,1.1342306910029962,1.1094796715695405,2,21.0,0.0,0.0,24.0,72.0
park_fire_california_29_july_2024,wildfire,360.0,1.0415296967661818,1.025600899769616,2,35.5,0.0,0.0,24.0,72.0
park_fire_california_29_july_2024,wildfire,370.0,1.0373303939059757,1.0042766311416185,2,13.5,0.0,0.0,24.0,72.0
park_fire_california_29_july_2024,wildfire,380.0,1.1579109435734405,1.019727816266331,2,15.0,0.0,0.0,24.0,72.0
park_fire_california_29_july_2024,wildfire,390.0,1.0903746138227912,1.0403432153875984,2,15.0,0.0,0.0,24.0,72.0
park_fire_california_29_july_2024,wildfire,400.0,1.23408526160935,1.1221585517773418,2,3.5,0.0,0.0,24.0,72.0
park_fire_california_29_july_2024,wildfire,410.0,0.8887983998766628,1.441919458159913,2,1.0,0.0,0.0,24.0,72.0
park_fire_california_29_july_2024,wildfire,420.0,1.0682118198291,1.0903678508051287,2,33.5,0.0,0.0,24.0,72.0
park_fire_california_29_july_2024,wildfire,430.0,1.0710778826466958,1.0717765620434858,2,16.5,0.0,0.0,24.0,72.0
park_fire_california_29_july_2024,wildfire,440.0,1.1437457352158167,1.09889871653737,2,4.0,0.0,0.0,24.0,72.0
the_flooding_across_bagmati_and_koshi_provinces_nepal,flood,0.0,0.0,,2,0.0,0.0,1.0,24.0,72.0
the_flooding_across_bagmati_and_koshi_provinces_nepal,flood,10.0,0.9270181637383672,0.9647821171347748,2,46.5,0.0,0.0,24.0,72.0
the_flooding_across_bagmati_and_koshi_provinces_nepal,flood,20.0,1.0143827576391284,1.0166003910852117,2,129.5,0.0,0.0,24.0,72.0
the_flooding_across_bagmati_and_koshi_provinces_nepal,flood,30.0,1.016112079504894,1.0214701912464492,2,200.5,0.0,0.0,24.0,72.0
the_flooding_across_bagmati_and_koshi_provinces_nepal,flood,40.0,0.9100970636330092,0.9381781071295684,2,224.0,0.0,0.0,24.0,72.0
the_flooding_across_bagmati_and_koshi_provinces_nepal,flood,50.0,0.9304303717946336,0.9353276003438786,2,335.5,0.0,0.0,24.0,72.0
the_flooding_across_bagmati_and_koshi_provinces_nepal,flood,60.0,0.9213034133156102,0.9288251400812493,2,371.5,0.0,0.0,24.0,72.0
the_flooding_across_bagmati_and_koshi_provinces_nepal,flood,70.0,0.9085850392708625,0.9202301782094129,2,336.0,0.0,0.0,24.0,72.0
the_flooding_across_bagmati_and_koshi_provinces_nepal,flood,80.0,0.9261311253308815,0.9331699139493022,2,208.0,0.0,0.0,24.0,72.0
the_flooding_across_bagmati_and_koshi_provinces_nepal,flood,90.0,0.9766385547674976,0.9794115938535448,2,230.5,0.0,0.0,24.0,72.0
the_flooding_across_bagmati_and_koshi_provinces_nepal,flood,100.0,0.9323951472117451,0.93702642946326,2,248.0,0.0,0.0,24.0,72.0
the_flooding_across_bagmati_and_koshi_provinces_nepal,flood,110.0,0.9308786508404228,0.9385190891648487,2,203.0,0.0,0.0,24.0,72.0
the_flooding_across_bagmati_and_koshi_provinces_nepal,flood,120.0,0.9297175898403054,0.9380933945335432,2,205.0,0.0,0.0,24.0,72.0
the_flooding_across_bagmati_and_koshi_provinces_nepal,flood,130.0,1.0022831653551358,0.999876051488122,2,187.5,0.0,0.0,24.0,72.0
the_flooding_across_bagmati_and_koshi_provinces_nepal,flood,140.0,0.9509180401828686,0.9463253692460362,2,183.5,0.0,0.0,24.0,72.0
the_flooding_across_bagmati_and_koshi_provinces_nepal,flood,150.0,0.9377891815883138,0.9359005987136604,2,196.0,0.0,0.0,24.0,72.0
the_flooding_across_bagmati_and_koshi_provinces_nepal,flood,160.0,0.9530246842622265,0.9523099319524936,2,274.5,0.0,0.0,24.0,72.0
the_flooding_across_bagmati_and_koshi_provinces_nepal,flood,170.0,0.928383229332471,0.926656150889895,2,291.5,0.0,0.0,24.0,72.0
the_flooding_across_bagmati_and_koshi_provinces_nepal,flood,180.0,0.9669524082781458,0.962343803406135,2,261.0,0.0,0.0,24.0,72.0
the_flooding_across_bagmati_and_koshi_provinces_nepal,flood,190.0,0.9677895358987688,0.9646701148869212,2,277.5,0.0,0.0,24.0,72.0
the_flooding_across_bagmati_and_koshi_provinces_nepal,flood,200.0,0.9559809065092777,0.9564606659402953,2,363.0,0.0,0.0,24.0,72.0
the_flooding_across_bagmati_and_koshi_provinces_nepal,flood,210.0,0.9819465710631623,0.9826610728907537,2,316.5,0.0,0.0,24.0,72.0
the_flooding_across_bagmati_and_koshi_provinces_nepal,flood,220.0,0.9150847728447642,0.9391678078269623,2,241.5,0.0,0.0,24.0,72.0
the_flooding_across_bagmati_and_koshi_provinces_nepal,flood,230.0,0.8302839524325386,0.8759578591457108,2,215.5,0.0,0.0,24.0,72.0
the_flooding_across_bagmati_and_koshi_provinces_nepal,flood,240.0,0.9028597551777627,0.9476706068926606,2,159.0,0.0,0.0,24.0,72.0
the_flooding_across_bagmati_and_koshi_provinces_nepal,flood,250.0,0.8518410829023344,0.9094433113746043,2,186.0,0.0,0.0,24.0,72.0
the_flooding_across_bagmati_and_koshi_provinces_nepal,flood,260.0,0.8474833035360643,0.9005035869584179,2,110.5,0.0,0.0,24.0,72.0
the_flooding_across_bagmati_and_koshi_provinces_nepal,flood,270.0,0.9052588704212094,0.9190776531815152,2,132.5,0.0,0.0,24.0,72.0
the_flooding_across_bagmati_and_koshi_provinces_nepal,flood,280.0,0.9359764029896571,0.9355269372720495,2,114.0,0.0,0.0,24.0,72.0
the_flooding_across_bagmati_and_koshi_provinces_nepal,flood,290.0,1.0017693046182847,1.0369329513569334,2,15.0,0.0,0.0,24.0,72.0
the_flooding_across_bagmati_and_koshi_provinces_nepal,flood,300.0,1.4277101501140002,1.093915268645604,2,2.0,0.0,0.0,24.0,72.0
the_flooding_across_eastern_bangladesh,flood,0.0,1.0211023631692433,1.0211023631692433,2,64.0,0.0,0.0,24.0,72.0
the_flooding_across_eastern_bangladesh,flood,10.0,1.0223531929904797,1.0223531929904797,2,185.0,0.0,0.0,24.0,72.0
the_flooding_across_eastern_bangladesh,flood,20.0,1.0307957346664967,1.0313683370891393,2,306.0,0.0,0.0,24.0,72.0
the_flooding_across_eastern_bangladesh,flood,30.0,1.0219602922874838,1.0230915398575107,2,368.0,0.0,0.0,24.0,72.0
the_flooding_across_eastern_bangladesh,flood,40.0,1.0187677526188312,1.0188712564367168,2,537.5,0.0,0.0,24.0,72.0
the_flooding_across_eastern_bangladesh,flood,50.0,1.0228478317135796,1.0243282728374323,2,660.0,0.0,0.0,24.0,72.0
the_flooding_across_eastern_bangladesh,flood,60.0,1.014454208919916,1.0146718447214624,2,798.0,0.0,0.0,24.0,72.0
the_flooding_across_eastern_bangladesh,flood,70.0,0.9996888117278206,0.999835077922336,2,837.0,0.0,0.0,24.0,72.0
the_flooding_across_eastern_bangladesh,flood,80.0,1.002088043413596,1.0055195575568103,2,932.0,0.0,0.0,24.0,72.0
the_flooding_across_eastern_bangladesh,flood,90.0,0.9802381324774492,0.9814543659554604,2,963.5,0.0,0.0,24.0,72.0
the_flooding_across_eastern_bangladesh,flood,100.0,0.9506030646175831,0.9496718990417636,2,1031.0,0.0,0.0,24.0,72.0
the_flooding_across_eastern_bangladesh,flood,110.0,0.9647995497161854,0.9648225013781215,2,1031.5,0.0,0.0,24.0,72.0
the_flooding_across_eastern_bangladesh,flood,120.0,0.9466298168597773,0.9470168824475507,2,1179.5,0.0,0.0,24.0,72.0
the_flooding_across_eastern_bangladesh,flood,130.0,0.9430192319718884,0.9451075837916094,2,1160.5,0.0,0.0,24.0,72.0
the_flooding_across_eastern_bangladesh,flood,140.0,0.9622429291722838,0.9630349408920795,2,1181.5,0.0,0.0,24.0,72.0
the_flooding_across_eastern_bangladesh,flood,150.0,0.9763236545456059,0.977543821242707,2,1202.0,0.0,0.0,24.0,72.0
the_flooding_across_eastern_bangladesh,flood,160.0,0.9951837555905254,0.9939994877492861,2,1235.0,0.0,0.0,24.0,72.0
the_flooding_across_eastern_bangladesh,flood,170.0,0.9828452383890917,0.9825444565383614,2,1148.5,0.0,0.0,24.0,72.0
the_flooding_across_eastern_bangladesh,flood,180.0,0.993440707540718,0.9927922038564625,2,910.0,0.0,0.0,24.0,72.0
the_flooding_across_eastern_bangladesh,flood,190.0,1.009075216850718,1.0136804794430145,2,746.5,0.0,0.0,24.0,72.0
the_flooding_across_eastern_bangladesh,flood,200.0,1.0111463101519307,1.011650790421268,2,701.0,0.0,0.0,24.0,72.0
the_flooding_across_eastern_bangladesh,flood,210.0,0.9975586409905277,0.9989822148808746,2,623.0,0.0,0.0,24.0,72.0
the_flooding_across_eastern_bangladesh,flood,220.0,0.9574341512427714,0.9596043755148698,2,589.0,0.0,0.0,24.0,72.0
the_flooding_across_eastern_bangladesh,flood,230.0,0.9408961631881028,0.9460567135042912,2,520.0,0.0,0.0,24.0,72.0
the_flooding_across_eastern_bangladesh,flood,240.0,0.9517030626138098,0.9560563729172453,2,503.0,0.0,0.0,24.0,72.0
the_flooding_across_eastern_bangladesh,flood,250.0,0.9854721559961516,0.9865812097376379,2,390.5,0.0,0.0,24.0,72.0
the_flooding_across_eastern_bangladesh,flood,260.0,0.9485073900183498,0.951429836540149,2,336.5,0.0,0.0,24.0,72.0
the_flooding_across_eastern_bangladesh,flood,270.0,0.986031736712765,0.9894326869127188,2,303.5,0.0,0.0,24.0,72.0
the_flooding_across_eastern_bangladesh,flood,280.0,1.0098091329210421,1.010882537696768,2,252.0,0.0,0.0,24.0,72.0
the_flooding_across_eastern_bangladesh,flood,290.0,0.9403808452494862,0.9421070605784484,2,224.0,0.0,0.0,24.0,72.0
the_flooding_across_eastern_bangladesh,flood,300.0,0.9476179055952475,0.9518779337227221,2,191.0,0.0,0.0,24.0,72.0
the_flooding_across_eastern_bangladesh,flood,310.0,0.9658467202113097,0.965521086403665,2,152.5,0.0,0.0,24.0,72.0
the_flooding_across_eastern_bangladesh,flood,320.0,0.9508560598607079,0.9519145355637748,2,125.0,0.0,0.0,24.0,72.0
the_flooding_across_eastern_bangladesh,flood,330.0,0.9548756424195104,0.970726167294959,2,85.5,0.0,0.0,24.0,72.0
the_flooding_across_eastern_bangladesh,flood,340.0,0.9281115743923452,0.9328779575738434,2,34.5,0.0,0.0,24.0,72.0
the_flooding_across_eastern_bangladesh,flood,350.0,0.996540278000769,1.0133767501925666,2,12.0,0.0,0.0,24.0,72.0
the_flooding_across_eastern_bangladesh,flood,360.0,0.9626716974800344,0.9670528502928447,2,12.0,0.0,0.0,24.0,72.0
the_flooding_across_eastern_bangladesh,flood,370.0,1.011691155067742,1.0425747100885976,2,11.0,0.0,0.0,24.0,72.0
the_flooding_across_eastern_bangladesh,flood,380.0,1.2350117098348545,1.0506248031280903,2,1.0,0.0,0.0,24.0,72.0
the_flooding_across_gujarat_india,flood,0.0,0.888430181992891,0.9064121343350263,2,6.5,0.0,0.0,24.0,72.0
the_flooding_across_gujarat_india,flood,10.0,0.9798858564238483,0.9771407067917921,2,7.0,0.0,0.0,24.0,72.0
the_flooding_across_gujarat_india,flood,20.0,0.8725613476720817,0.9109666435866167,2,26.5,0.0,0.0,24.0,72.0
the_flooding_across_gujarat_india,flood,30.0,0.8713438279164762,0.9533205811668088,2,48.5,0.0,0.0,24.0,72.0
the_flooding_across_gujarat_india,flood,40.0,0.8481659192063595,0.8912671226644575,2,53.0,0.0,0.0,24.0,72.0
the_flooding_across_gujarat_india,flood,50.0,0.8679777627298737,0.8899826328129483,2,86.0,0.0,0.0,24.0,72.0
the_flooding_across_gujarat_india,flood,60.0,0.826485141060622,0.8773554726681654,2,83.5,0.0,0.0,24.0,72.0
the_flooding_across_gujarat_india,flood,70.0,0.8712794713779137,0.9134636158976833,2,114.0,0.0,0.0,24.0,72.0
the_flooding_across_gujarat_india,flood,80.0,0.8518218299763987,0.9015623594875832,2,152.5,0.0,0.0,24.0,72.0
the_flooding_across_gujarat_india,flood,90.0,0.8516210621901841,0.8917066399894156,2,219.5,0.0,0.0,24.0,72.0
the_flooding_across_gujarat_india,flood,100.0,0.8453325481923148,0.8669828410051355,2,295.0,0.0,0.0,24.0,72.0
the_flooding_across_gujarat_india,flood,110.0,0.8143412783590015,0.8417942514002457,2,330.5,0.0,0.0,24.0,72.0
the_flooding_across_gujarat_india,flood,120.0,0.8663848477313598,0.8908354775249314,2,433.5,0.0,0.0,24.0,72.0
the_flooding_across_gujarat_india,flood,130.0,0.9042075027693872,0.9100969903502927,2,477.5,0.0,0.0,24.0,72.0
the_flooding_across_gujarat_india,flood,140.0,0.9104128297006582,0.9141865625282356,2,529.0,0.0,0.0,24.0,72.0
the_flooding_across_gujarat_india,flood,150.0,0.8457292007777004,0.8655647451376102,2,537.0,0.0,0.0,24.0,72.0
the_flooding_across_gujarat_india,flood,160.0,0.8678867286875634,0.8868689598572038,2,538.5,0.0,0.0,24.0,72.0
the_flooding_across_gujarat_india,flood,170.0,0.8672784705297025,0.8833561338333593,2,590.5,0.0,0.0,24.0,72.0
the_flooding_across_gujarat_india,flood,180.0,0.8556440553634928,0.872162928459828,2,696.0,0.0,0.0,24.0,72.0
the_flooding_across_gujarat_india,flood,190.0,0.8456978081461425,0.8609600183835817,2,718.5,0.0,0.0,24.0,72.0
the_flooding_across_gujarat_india,flood,200.0,0.8941310176091546,0.8993583111214678,2,737.0,0.0,0.0,24.0,72.0
the_flooding_across_gujarat_india,flood,210.0,0.9140569825571406,0.9182669705122097,2,744.0,0.0,0.0,24.0,72.0
the_flooding_across_gujarat_india,flood,220.0,0.921301508458974,0.924424708494159,2,800.0,0.0,0.0,24.0,72.0
the_flooding_across_gujarat_india,flood,230.0,0.9106939997477187,0.920503434849312,2,649.5,0.0,0.0,24.0,72.0
the_flooding_across_gujarat_india,flood,240.0,0.871395860969964,0.8903513318171801,2,692.0,0.0,0.0,24.0,72.0
the_flooding_across_gujarat_india,flood,250.0,0.89415545463268,0.905029173308556,2,688.5,0.0,0.0,24.0,72.0
the_flooding_across_gujarat_india,flood,260.0,0.8700369134679008,0.894637352163147,2,695.0,0.0,0.0,24.0,72.0
the_flooding_across_gujarat_india,flood,270.0,0.8759381251253326,0.8980506077244588,2,680.0,0.0,0.0,24.0,72.0
the_flooding_across_gujarat_india,flood,280.0,0.8946019529602203,0.901218301926765,2,819.5,0.0,0.0,24.0,72.0
the_flooding_across_gujarat_india,flood,290.0,0.8859074978853422,0.897847482779702,2,897.5,0.0,0.0,24.0,72.0
the_flooding_across_gujarat_india,flood,300.0,0.8853995496387432,0.8973541513942207,2,766.0,0.0,0.0,24.0,72.0
the_flooding_across_gujarat_india,flood,310.0,0.873370469275216,0.8911917503531226,2,725.0,0.0,0.0,24.0,72.0
the_flooding_across_gujarat_india,flood,320.0,0.8727542060797865,0.8894979833118002,2,770.0,0.0,0.0,24.0,72.0
the_flooding_across_gujarat_india,flood,330.0,0.860064910617574,0.8793301069877383,2,600.5,0.0,0.0,24.0,72.0
the_flooding_across_gujarat_india,flood,340.0,0.8499067733951507,0.8736293365951979,2,721.0,0.0,0.0,24.0,72.0
the_flooding_across_gujarat_india,flood,350.0,0.8579679738031206,0.8879118803520731,2,654.5,0.0,0.0,24.0,72.0
the_flooding_across_gujarat_india,flood,360.0,0.8577641977961157,0.889765674193626,2,697.5,0.0,0.0,24.0,72.0
the_flooding_across_gujarat_india,flood,370.0,0.8773914919930493,0.8925358002963497,2,824.0,0.0,0.0,24.0,72.0
the_flooding_across_gujarat_india,flood,380.0,0.9070997348626224,0.9105501038961199,2,778.5,0.0,0.0,24.0,72.0
the_flooding_across_gujarat_india,flood,390.0,0.9230564987574206,0.9352864925396764,2,778.5,0.0,0.0,24.0,72.0
the_flooding_across_gujarat_india,flood,400.0,0.9383095583701759,0.9427340583277903,2,798.0,0.0,0.0,24.0,72.0
the_flooding_across_gujarat_india,flood,410.0,0.9478319742647856,0.9506743728593414,2,799.0,0.0,0.0,24.0,72.0
the_flooding_across_gujarat_india,flood,420.0,0.9341933171828085,0.9406037812139714,2,850.0,0.0,0.0,24.0,72.0
the_flooding_across_gujarat_india,flood,430.0,0.9245568769694786,0.9293021172815077,2,882.5,0.0,0.0,24.0,72.0
the_flooding_across_gujarat_india,flood,440.0,0.9129978138458725,0.9184569706962455,2,962.5,0.0,0.0,24.0,72.0
the_flooding_across_gujarat_india,flood,450.0,0.886532225743051,0.8965900607322004,2,943.5,0.0,0.0,24.0,72.0
the_flooding_across_gujarat_india,flood,460.0,0.8568009914635708,0.8766612838591549,2,878.0,0.0,0.0,24.0,72.0
the_flooding_across_gujarat_india,flood,470.0,0.8356518637213372,0.8769672219297573,2,605.5,0.0,0.0,24.0,72.0
the_flooding_across_gujarat_india,flood,480.0,0.8648062209213836,0.8811222676707966,2,765.5,0.0,0.0,24.0,72.0
the_flooding_across_gujarat_india,flood,490.0,0.851916756388905,0.8610190327338041,2,743.0,0.0,0.0,24.0,72.0
the_flooding_in_benue_and_kogi_states_nigeria,flood,0.0,1.479524957072679,1.075989405777387,2,1.0,0.0,0.0,24.0,72.0
the_flooding_in_benue_and_kogi_states_nigeria,flood,10.0,,,1,0.0,0.0,1.0,24.0,72.0
the_flooding_in_benue_and_kogi_states_nigeria,flood,20.0,0.9288638184757295,0.9376192727402988,2,12.5,0.0,0.0,24.0,72.0
the_flooding_in_benue_and_kogi_states_nigeria,flood,30.0,1.274732655711129,1.2593381447687328,2,17.0,0.0,0.0,24.0,72.0
the_flooding_in_benue_and_kogi_states_nigeria,flood,40.0,1.238104123844033,1.2401435129382397,2,25.5,0.0,0.0,24.0,72.0
the_flooding_in_benue_and_kogi_states_nigeria,flood,50.0,1.3311616515435103,1.2384772534043655,2,12.0,0.0,0.0,24.0,72.0
the_flooding_in_benue_and_kogi_states_nigeria,flood,60.0,1.048288318575084,1.0488064131818833,2,7.5,0.0,0.0,24.0,72.0
the_flooding_in_benue_and_kogi_states_nigeria,flood,70.0,1.2276735227250826,1.1787623941888263,2,25.0,0.0,0.0,24.0,72.0
the_flooding_in_benue_and_kogi_states_nigeria,flood,80.0,1.2064641897986865,1.1621669735278923,2,32.0,0.0,0.0,24.0,72.0
the_flooding_in_benue_and_kogi_states_nigeria,flood,90.0,1.1135939517824247,1.1182095856305088,2,50.0,0.0,0.0,24.0,72.0
the_flooding_in_benue_and_kogi_states_nigeria,flood,100.0,1.3146143968635364,1.2120071749069559,2,17.5,0.0,0.0,24.0,72.0
the_flooding_in_benue_and_kogi_states_nigeria,flood,110.0,1.1676401699816288,1.0997506816521616,2,16.0,0.0,0.0,24.0,72.0
the_flooding_in_benue_and_kogi_states_nigeria,flood,120.0,1.140308157875659,1.1439053722979935,2,30.0,0.0,0.0,24.0,72.0
the_flooding_in_benue_and_kogi_states_nigeria,flood,130.0,1.1137127383728753,1.115040932822435,2,98.5,0.0,0.0,24.0,72.0
the_flooding_in_benue_and_kogi_states_nigeria,flood,140.0,1.0696911506194406,1.065001640855278,2,110.5,0.0,0.0,24.0,72.0
the_flooding_in_benue_and_kogi_states_nigeria,flood,150.0,1.11445560011838,1.109413471638228,2,170.5,0.0,0.0,24.0,72.0
the_flooding_in_benue_and_kogi_states_nigeria,flood,160.0,1.136259533735378,1.1328642357719354,2,179.5,0.0,0.0,24.0,72.0
the_flooding_in_benue_and_kogi_states_nigeria,flood,170.0,1.1195686074767341,1.1205955580358955,2,234.0,0.0,0.0,24.0,72.0
the_flooding_in_benue_and_kogi_states_nigeria,flood,180.0,1.1352728163065762,1.1386838005481343,2,175.0,0.0,0.0,24.0,72.0
the_flooding_in_benue_and_kogi_states_nigeria,flood,190.0,1.134788473442263,1.134317898314693,2,214.5,0.0,0.0,24.0,72.0
the_flooding_in_benue_and_kogi_states_nigeria,flood,200.0,1.1016317729855625,1.0989084037673102,2,150.0,0.0,0.0,24.0,72.0
the_flooding_in_benue_and_kogi_states_nigeria,flood,210.0,1.1047777702667942,1.0645698467886695,2,105.5,0.0,0.0,24.0,72.0
the_flooding_in_benue_and_kogi_states_nigeria,flood,220.0,1.094590725295559,1.08984113032538,2,128.0,0.0,0.0,24.0,72.0
the_flooding_in_benue_and_kogi_states_nigeria,flood,230.0,1.102567087394484,1.1018642892269919,2,169.5,0.0,0.0,24.0,72.0
the_flooding_in_benue_and_kogi_states_nigeria,flood,240.0,1.152794668230792,1.116948685610306,2,121.0,0.0,0.0,24.0,72.0
the_flooding_in_benue_and_kogi_states_nigeria,flood,250.0,1.14284643284871,1.1262731714417966,2,98.5,0.0,0.0,24.0,72.0
the_flooding_in_benue_and_kogi_states_nigeria,flood,260.0,1.1468152652780694,1.1489744268951645,2,92.0,0.0,0.0,24.0,72.0
the_flooding_in_benue_and_kogi_states_nigeria,flood,270.0,1.168435546188924,1.1725898934895986,2,74.0,0.0,0.0,24.0,72.0
the_flooding_in_benue_and_kogi_states_nigeria,flood,280.0,1.3271657245170796,1.1584602292718693,2,24.0,0.0,0.0,24.0,72.0
the_flooding_in_benue_and_kogi_states_nigeria,flood,290.0,1.1628465207605172,1.1823334156194485,2,33.0,0.0,0.0,24.0,72.0
the_flooding_in_benue_and_kogi_states_nigeria,flood,300.0,1.3715997647737934,1.0055390134248452,2,5.5,0.0,0.0,24.0,72.0
the_flooding_in_benue_and_kogi_states_nigeria,flood,310.0,1.213132019682705,1.213794605802578,2,30.0,0.0,0.0,24.0,72.0
the_flooding_in_benue_and_kogi_states_nigeria,flood,320.0,1.0313372022666762,1.0083667070889857,2,26.5,0.0,0.0,24.0,72.0
the_flooding_in_benue_and_kogi_states_nigeria,flood,330.0,0.9908078026035683,0.992311771102059,2,43.5,0.0,0.0,24.0,72.0
the_flooding_in_benue_and_kogi_states_nigeria,flood,340.0,1.0365864537249894,1.0314525390240108,2,9.0,0.0,0.0,24.0,72.0
the_flooding_in_benue_and_kogi_states_nigeria,flood,350.0,1.5516366382603703,1.190103485506373,2,3.0,0.0,0.0,24.0,72.0
the_flooding_in_benue_and_kogi_states_nigeria,flood,360.0,,,2,0.0,0.0,1.0,24.0,72.0
the_flooding_in_benue_and_kogi_states_nigeria,flood,370.0,1.2685617899206179,1.1758086221124133,2,2.0,0.0,0.0,24.0,72.0
the_flooding_in_benue_and_kogi_states_nigeria,flood,380.0,1.4046419407635602,1.4046419407635602,2,1.0,0.0,0.0,24.0,72.0
the_flooding_in_conakry_city_conakry_guinea,flood,0.0,1.1132780007588805,1.137084831295236,2,13.0,0.0,0.0,24.0,72.0
the_flooding_in_conakry_city_conakry_guinea,flood,10.0,1.1068453168849726,1.106901309981843,2,50.0,0.0,0.0,24.0,72.0
the_flooding_in_conakry_city_conakry_guinea,flood,20.0,1.0734544697001231,1.0734212392227815,2,28.0,0.0,0.0,24.0,72.0
the_flooding_in_conakry_city_conakry_guinea,flood,30.0,1.0066254979405154,1.1924844478744197,2,10.0,0.0,0.0,24.0,72.0
the_flooding_in_conakry_city_conakry_guinea,flood,40.0,1.5307415828585573,1.1576463371945607,2,6.5,0.0,0.0,24.0,72.0
the_flooding_in_conakry_city_conakry_guinea,flood,50.0,1.2794791045478173,0.9712165964023005,2,1.0,0.0,0.0,24.0,72.0
the_flooding_in_conakry_city_conakry_guinea,flood,60.0,1.0119345613626467,0.9630193292468807,2,11.0,0.0,0.0,24.0,72.0
the_flooding_in_conakry_city_conakry_guinea,flood,70.0,0.9418870879694625,0.9622402930883847,2,10.0,0.0,0.0,24.0,72.0
the_flooding_in_conakry_city_conakry_guinea,flood,80.0,1.0687289282600494,1.0376923626031047,2,13.5,0.0,0.0,24.0,72.0
the_flooding_in_conakry_city_conakry_guinea,flood,90.0,1.0543617695570466,0.9817739630769491,2,6.0,0.0,0.0,24.0,72.0
the_flooding_in_conakry_city_conakry_guinea,flood,100.0,0.52750435064458,0.7686151703464692,2,1.0,0.0,0.0,24.0,72.0
the_flooding_in_conakry_city_conakry_guinea,flood,110.0,0.0,,2,0.0,0.0,1.0,24.0,72.0
the_flooding_in_conakry_city_conakry_guinea,flood,130.0,1.1650021331312936,1.0991585018624488,2,5.0,0.0,0.0,24.0,72.0
the_flooding_in_conakry_city_conakry_guinea,flood,140.0,1.1308627469419559,1.0849356295501758,2,17.5,0.0,0.0,24.0,72.0
the_flooding_in_conakry_city_conakry_guinea,flood,150.0,1.0112300127810796,0.9992845759958429,2,35.0,0.0,0.0,24.0,72.0
the_flooding_in_conakry_city_conakry_guinea,flood,160.0,0.9298093775678771,0.9298093775678771,2,4.0,0.0,0.0,24.0,72.0
the_flooding_in_conakry_city_conakry_guinea,flood,170.0,0.9518172437034276,0.9606039069290744,2,4.0,0.0,0.0,24.0,72.0
the_flooding_in_conakry_city_conakry_guinea,flood,180.0,0.838894912511027,0.8744084567790811,2,10.5,0.0,0.0,24.0,72.0
the_flooding_in_conakry_city_conakry_guinea,flood,190.0,1.0506667787322141,0.9742395029765674,2,5.5,0.0,0.0,24.0,72.0
the_flooding_in_conakry_city_conakry_guinea,flood,200.0,1.3384624227165278,1.0348598050560223,2,2.0,0.0,0.0,24.0,72.0
the_flooding_in_conakry_city_conakry_guinea,flood,220.0,1.4791449701821513,1.0552169753398402,2,2.0,0.0,0.0,24.0,72.0
the_wildfires_in_quito_pichincha_province_ecuador,wildfire,0.0,0.6083746867112995,0.8286893905081952,2,3.0,0.0,0.0,24.0,72.0
the_wildfires_in_quito_pichincha_province_ecuador,wildfire,10.0,0.701414384621514,0.7915752273627862,2,8.5,0.0,0.0,24.0,72.0
the_wildfires_in_quito_pichincha_province_ecuador,wildfire,20.0,0.8769216919898709,0.9019240877842288,2,62.0,0.0,0.0,24.0,72.0
the_wildfires_in_quito_pichincha_province_ecuador,wildfire,30.0,0.8994740784193826,0.9031086089038725,2,151.5,0.0,0.0,24.0,72.0
the_wildfires_in_quito_pichincha_province_ecuador,wildfire,40.0,0.9585391495393013,0.9609099393426287,2,233.5,0.0,0.0,24.0,72.0
the_wildfires_in_quito_pichincha_province_ecuador,wildfire,50.0,0.9290373489769477,0.9313579365352849,2,244.0,0.0,0.0,24.0,72.0
the_wildfires_in_quito_pichincha_province_ecuador,wildfire,60.0,0.9620358674418918,0.9707918231738155,2,275.5,0.0,0.0,24.0,72.0
the_wildfires_in_quito_pichincha_province_ecuador,wildfire,70.0,0.9037544945602037,0.9188838156857058,2,354.0,0.0,0.0,24.0,72.0
the_wildfires_in_quito_pichincha_province_ecuador,wildfire,80.0,1.014841066234066,1.0175495124228453,2,381.0,0.0,0.0,24.0,72.0
the_wildfires_in_quito_pichincha_province_ecuador,wildfire,90.0,1.0643554474939332,1.066920983324764,2,299.5,0.0,0.0,24.0,72.0
the_wildfires_in_quito_pichincha_province_ecuador,wildfire,100.0,1.0716202603753264,1.0776834664921697,2,290.5,0.0,0.0,24.0,72.0
the_wildfires_in_quito_pichincha_province_ecuador,wildfire,110.0,1.0716404196176326,1.078258461516384,2,365.0,0.0,0.0,24.0,72.0
the_wildfires_in_quito_pichincha_province_ecuador,wildfire,120.0,0.9750673587906805,0.9893888631076254,2,458.0,0.0,0.0,24.0,72.0
the_wildfires_in_quito_pichincha_province_ecuador,wildfire,130.0,0.876602206023327,0.890993871710202,2,457.0,0.0,0.0,24.0,72.0
the_wildfires_in_quito_pichincha_province_ecuador,wildfire,140.0,0.9131994779749033,0.9320361852114434,2,359.0,0.0,0.0,24.0,72.0
the_wildfires_in_quito_pichincha_province_ecuador,wildfire,150.0,0.9107300293507288,0.9138336942100982,2,349.5,0.0,0.0,24.0,72.0
the_wildfires_in_quito_pichincha_province_ecuador,wildfire,160.0,0.9202942256741684,0.9224014503935304,2,298.0,0.0,0.0,24.0,72.0
the_wildfires_in_quito_pichincha_province_ecuador,wildfire,170.0,0.8554681162249063,0.8641946125593776,2,253.0,0.0,0.0,24.0,72.0
the_wildfires_in_quito_pichincha_province_ecuador,wildfire,180.0,0.8642654079152393,0.886701439152249,2,196.0,0.0,0.0,24.0,72.0
the_wildfires_in_quito_pichincha_province_ecuador,wildfire,190.0,0.9815683922078517,0.9896925342635755,2,210.0,0.0,0.0,24.0,72.0
the_wildfires_in_quito_pichincha_province_ecuador,wildfire,200.0,0.931588029631587,0.9445790745793068,2,151.0,0.0,0.0,24.0,72.0
the_wildfires_in_quito_pichincha_province_ecuador,wildfire,210.0,1.004864653276806,0.9991767534012431,2,115.5,0.0,0.0,24.0,72.0
the_wildfires_in_quito_pichincha_province_ecuador,wildfire,220.0,0.9080798266782182,0.9175589963014847,2,188.0,0.0,0.0,24.0,72.0
the_wildfires_in_quito_pichincha_province_ecuador,wildfire,230.0,0.9007169046614076,0.932014674226813,2,142.0,0.0,0.0,24.0,72.0
the_wildfires_in_quito_pichincha_province_ecuador,wildfire,240.0,0.9757091736288261,0.9808678452273019,2,117.5,0.0,0.0,24.0,72.0
the_wildfires_in_quito_pichincha_province_ecuador,wildfire,250.0,0.9872920787062525,0.9893541014217389,2,84.5,0.0,0.0,24.0,72.0
the_wildfires_in_quito_pichincha_province_ecuador,wildfire,260.0,0.9448129148414279,0.9639219254347497,2,61.5,0.0,0.0,24.0,72.0
the_wildfires_in_quito_pichincha_province_ecuador,wildfire,270.0,0.9227960217346224,0.9392989281536152,2,53.5,0.0,0.0,24.0,72.0
the_wildfires_in_quito_pichincha_province_ecuador,wildfire,280.0,0.894580829017443,0.9455930762795074,2,29.5,0.0,0.0,24.0,72.0
the_wildfires_in_quito_pichincha_province_ecuador,wildfire,290.0,0.8113712651204423,0.9723678495507686,2,7.0,0.0,0.0,24.0,72.0
the_wildfires_in_quito_pichincha_province_ecuador,wildfire,300.0,1.0139853152920262,1.03353356889801,2,13.5,0.0,0.0,24.0,72.0
the_wildfires_in_quito_pichincha_province_ecuador,wildfire,310.0,0.9333815884989813,0.9709560512119466,2,9.0,0.0,0.0,24.0,72.0
the_wildfires_in_quito_pichincha_province_ecuador,wildfire,320.0,1.2173558263326685,0.9200203542980034,2,8.5,0.0,0.0,24.0,72.0
the_wildfires_in_quito_pichincha_province_ecuador,wildfire,330.0,1.0152051210258193,0.9715207687114974,2,7.0,0.0,0.0,24.0,72.0
the_wildfires_in_quito_pichincha_province_ecuador,wildfire,340.0,1.2573830494334395,1.1080104185102289,2,2.0,0.0,0.0,24.0,72.0
the_wildfires_in_quito_pichincha_province_ecuador,wildfire,350.0,1.6313234732211663,0.9918839504140244,2,0.5,0.0,0.5,24.0,72.0
the_wildfires_in_quito_pichincha_province_ecuador,wildfire,360.0,1.0762651174903224,1.0310031646027698,2,5.0,0.0,0.0,24.0,72.0
the_wildfires_in_quito_pichincha_province_ecuador,wildfire,370.0,1.0773541180735544,1.4577813466190794,2,2.5,0.0,0.0,24.0,72.0
the_wildfires_in_quito_pichincha_province_ecuador,wildfire,380.0,1.1413869274011283,1.1413869274011283,2,3.0,0.0,0.0,24.0,72.0
the_wildfires_in_quito_pichincha_province_ecuador,wildfire,390.0,1.2543491733504735,1.2543491733504735,2,2.0,0.0,0.0,24.0,72.0
the_wildfires_in_quito_pichincha_province_ecuador,wildfire,420.0,0.9181221671521713,0.6687779674473704,2,1.0,0.0,0.0,24.0,72.0
tropical_storm_debby_united_states_pre_landfall_4_august_2024,tropical_storm,0.0,1.510686415960191,1.293774358645594,2,25.5,0.0,0.0,24.0,72.0
tropical_storm_debby_united_states_pre_landfall_4_august_2024,tropical_storm,10.0,1.1134759949735558,1.1053846024464766,2,105.0,0.0,0.0,24.0,72.0
tropical_storm_debby_united_states_pre_landfall_4_august_2024,tropical_storm,20.0,1.1480759960611122,1.1248937565212527,2,117.5,0.0,0.0,24.0,72.0
tropical_storm_debby_united_states_pre_landfall_4_august_2024,tropical_storm,30.0,1.0116701580369787,1.0014853746560686,2,82.5,0.0,0.0,24.0,72.0
tropical_storm_debby_united_states_pre_landfall_4_august_2024,tropical_storm,40.0,1.0859986464182776,1.05963054061277,2,210.5,0.0,0.0,24.0,72.0
tropical_storm_debby_united_states_pre_landfall_4_august_2024,tropical_storm,50.0,1.1324146619283464,1.0999188227939465,2,350.0,0.0,0.0,24.0,72.0
tropical_storm_debby_united_states_pre_landfall_4_august_2024,tropical_storm,60.0,1.1175936495367544,1.105005037160427,2,503.0,0.0,0.0,24.0,72.0
tropical_storm_debby_united_states_pre_landfall_4_august_2024,tropical_storm,70.0,1.0350677073107089,1.0297081106387935,2,436.0,0.0,0.0,24.0,72.0
tropical_storm_debby_united_states_pre_landfall_4_august_2024,tropical_storm,80.0,0.9248114305375668,0.9211088124703672,2,312.5,0.0,0.0,24.0,72.0
tropical_storm_debby_united_states_pre_landfall_4_august_2024,tropical_storm,90.0,1.0757514974128912,1.0545404284337883,2,290.0,0.0,0.0,24.0,72.0
tropical_storm_debby_united_states_pre_landfall_4_august_2024,tropical_storm,100.0,1.0331455547900772,1.0213025264315343,2,236.0,0.0,0.0,24.0,72.0
tropical_storm_debby_united_states_pre_landfall_4_august_2024,tropical_storm,110.0,0.9729759578250924,0.9704179323147946,2,268.5,0.0,0.0,24.0,72.0
tropical_storm_debby_united_states_pre_landfall_4_august_2024,tropical_storm,120.0,0.9826664238007154,0.9789989467280136,2,331.0,0.0,0.0,24.0,72.0
tropical_storm_debby_united_states_pre_landfall_4_august_2024,tropical_storm,130.0,1.0078826789206463,1.0033174462423586,2,371.5,0.0,0.0,24.0,72.0
tropical_storm_debby_united_states_pre_landfall_4_august_2024,tropical_storm,140.0,1.0171252412967937,1.0119536539434573,2,434.0,0.0,0.0,24.0,72.0
tropical_storm_debby_united_states_pre_landfall_4_august_2024,tropical_storm,150.0,1.0131948920959393,1.0146237904553697,2,449.5,0.0,0.0,24.0,72.0
tropical_storm_debby_united_states_pre_landfall_4_august_2024,tropical_storm,160.0,1.0173166244578913,1.0172058035580633,2,595.5,0.0,0.0,24.0,72.0
tropical_storm_debby_united_states_pre_landfall_4_august_2024,tropical_storm,170.0,1.0136756259307904,1.0125641473771037,2,682.0,0.0,0.0,24.0,72.0
tropical_storm_debby_united_states_pre_landfall_4_august_2024,tropical_storm,180.0,1.0309276261158635,1.0288635914488298,2,912.5,0.0,0.0,24.0,72.0
tropical_storm_debby_united_states_pre_landfall_4_august_2024,tropical_storm,190.0,1.035058806420531,1.0314984184909024,2,1127.0,0.0,0.0,24.0,72.0
tropical_storm_debby_united_states_pre_landfall_4_august_2024,tropical_storm,200.0,1.0699719456672825,1.069760752922394,2,1061.0,0.0,0.0,24.0,72.0
tropical_storm_debby_united_states_pre_landfall_4_august_2024,tropical_storm,210.0,0.9764031922454086,0.9771183340669014,2,1051.0,0.0,0.0,24.0,72.0
tropical_storm_debby_united_states_pre_landfall_4_august_2024,tropical_storm,220.0,1.0077633876844332,1.0141023868698378,2,1043.0,0.0,0.0,24.0,72.0
tropical_storm_debby_united_states_pre_landfall_4_august_2024,tropical_storm,230.0,1.0367267236054394,1.0397884362074397,2,966.5,0.0,0.0,24.0,72.0
tropical_storm_debby_united_states_pre_landfall_4_august_2024,tropical_storm,240.0,1.0460649294325042,1.0470146223960883,2,765.5,0.0,0.0,24.0,72.0
tropical_storm_debby_united_states_pre_landfall_4_august_2024,tropical_storm,250.0,1.0367124052833745,1.0328463927368368,2,903.5,0.0,0.0,24.0,72.0
tropical_storm_debby_united_states_pre_landfall_4_august_2024,tropical_storm,260.0,1.0176706388058097,1.0171488665866488,2,1246.0,0.0,0.0,24.0,72.0
tropical_storm_debby_united_states_pre_landfall_4_august_2024,tropical_storm,270.0,1.0268962980721934,1.0258895406580977,2,1243.0,0.0,0.0,24.0,72.0
tropical_storm_debby_united_states_pre_landfall_4_august_2024,tropical_storm,280.0,1.0300159878103696,1.0286614628909616,2,1310.5,0.0,0.0,24.0,72.0
tropical_storm_debby_united_states_pre_landfall_4_august_2024,tropical_storm,290.0,1.0174721149710444,1.0151244985289303,2,1399.0,0.0,0.0,24.0,72.0
tropical_storm_debby_united_states_pre_landfall_4_august_2024,tropical_storm,300.0,1.024052752129188,1.0236560195988043,2,1497.5,0.0,0.0,24.0,72.0
tropical_storm_debby_united_states_pre_landfall_4_august_2024,tropical_storm,310.0,1.0240563797973525,1.0229593396827914,2,1596.0,0.0,0.0,24.0,72.0
tropical_storm_debby_united_states_pre_landfall_4_august_2024,tropical_storm,320.0,1.0240780578778166,1.0234601096517038,2,1776.5,0.0,0.0,24.0,72.0
tropical_storm_debby_united_states_pre_landfall_4_august_2024,tropical_storm,330.0,1.0239151781094378,1.0231820676019496,2,1907.5,0.0,0.0,24.0,72.0
tropical_storm_debby_united_states_pre_landfall_4_august_2024,tropical_storm,340.0,1.0281188247317883,1.0275822851309313,2,1799.0,0.0,0.0,24.0,72.0
tropical_storm_debby_united_states_pre_landfall_4_august_2024,tropical_storm,350.0,1.0140441533456328,1.0138711223137933,2,1890.5,0.0,0.0,24.0,72.0
tropical_storm_debby_united_states_pre_landfall_4_august_2024,tropical_storm,360.0,1.0128800682305137,1.012651511851511,2,1945.5,0.0,0.0,24.0,72.0
tropical_storm_debby_united_states_pre_landfall_4_august_2024,tropical_storm,370.0,1.0100910620482182,1.0093633502747519,2,1660.5,0.0,0.0,24.0,72.0
tropical_storm_debby_united_states_pre_landfall_4_august_2024,tropical_storm,380.0,1.0134413191691003,1.0134439044774082,2,1714.5,0.0,0.0,24.0,72.0
tropical_storm_debby_united_states_pre_landfall_4_august_2024,tropical_storm,390.0,1.0171811781199065,1.0179271031018,2,1784.5,0.0,0.0,24.0,72.0
tropical_storm_debby_united_states_pre_landfall_4_august_2024,tropical_storm,400.0,1.01295158929168,1.0139068813263756,2,1813.0,0.0,0.0,24.0,72.0
tropical_storm_debby_united_states_pre_landfall_4_august_2024,tropical_storm,410.0,1.011792169130307,1.0112850911473674,2,1630.5,0.0,0.0,24.0,72.0
tropical_storm_debby_united_states_pre_landfall_4_august_2024,tropical_storm,420.0,1.0154079285705664,1.0162349829922979,2,1669.0,0.0,0.0,24.0,72.0
tropical_storm_debby_united_states_pre_landfall_4_august_2024,tropical_storm,430.0,1.0161634041631662,1.0163782549513114,2,1630.5,0.0,0.0,24.0,72.0
tropical_storm_debby_united_states_pre_landfall_4_august_2024,tropical_storm,440.0,1.0134860079931518,1.0145232729881375,2,1414.0,0.0,0.0,24.0,72.0
tropical_storm_debby_united_states_pre_landfall_4_august_2024,tropical_storm,450.0,1.0151475026432246,1.0175889675165914,2,1299.0,0.0,0.0,24.0,72.0
tropical_storm_debby_united_states_pre_landfall_4_august_2024,tropical_storm,460.0,1.0170115841735243,1.0178799027841134,2,1608.5,0.0,0.0,24.0,72.0
tropical_storm_debby_united_states_pre_landfall_4_august_2024,tropical_storm,470.0,1.0245297034903946,1.025647187046434,2,1720.0,0.0,0.0,24.0,72.0
tropical_storm_debby_united_states_pre_landfall_4_august_2024,tropical_storm,480.0,1.0206468399178616,1.0206520154852854,2,1866.5,0.0,0.0,24.0,72.0
tropical_storm_debby_united_states_pre_landfall_4_august_2024,tropical_storm,490.0,1.0225911763971909,1.021577011329176,2,1904.0,0.0,0.0,24.0,72.0
tropical_storm_enteng_across_luzon_and_visayas_islands_philippines,tropical_storm,0.0,0.9745668505995683,0.9799652185751724,2,43.0,0.0,0.0,24.0,72.0
tropical_storm_enteng_across_luzon_and_visayas_islands_philippines,tropical_storm,10.0,0.9726186042437316,0.978421653844409,2,115.5,0.0,0.0,24.0,72.0
tropical_storm_enteng_across_luzon_and_visayas_islands_philippines,tropical_storm,20.0,0.9919039833919934,0.99678598207478,2,159.5,0.0,0.0,24.0,72.0
tropical_storm_enteng_across_luzon_and_visayas_islands_philippines,tropical_storm,30.0,0.9950258830509242,1.0028709855206652,2,274.0,0.0,0.0,24.0,72.0
tropical_storm_enteng_across_luzon_and_visayas_islands_philippines,tropical_storm,40.0,1.0190185755589178,1.0217765754618124,2,299.0,0.0,0.0,24.0,72.0
tropical_storm_enteng_across_luzon_and_visayas_islands_philippines,tropical_storm,50.0,1.0233992595400827,1.0241575117635544,2,312.0,0.0,0.0,24.0,72.0
tropical_storm_enteng_across_luzon_and_visayas_islands_philippines,tropical_storm,60.0,1.017394974466636,1.0183498354305636,2,338.5,0.0,0.0,24.0,72.0
tropical_storm_enteng_across_luzon_and_visayas_islands_philippines,tropical_storm,70.0,1.0086657182517826,1.0119155146920003,2,256.5,0.0,0.0,24.0,72.0
tropical_storm_enteng_across_luzon_and_visayas_islands_philippines,tropical_storm,80.0,1.0024937393602829,1.0045188971236938,2,244.0,0.0,0.0,24.0,72.0
tropical_storm_enteng_across_luzon_and_visayas_islands_philippines,tropical_storm,90.0,1.000637641710557,1.0049506326236517,2,258.5,0.0,0.0,24.0,72.0
tropical_storm_enteng_across_luzon_and_visayas_islands_philippines,tropical_storm,100.0,0.983793468175172,0.9878993025582665,2,398.5,0.0,0.0,24.0,72.0
tropical_storm_enteng_across_luzon_and_visayas_islands_philippines,tropical_storm,110.0,0.9960986797521743,0.9981644486927157,2,397.0,0.0,0.0,24.0,72.0
tropical_storm_enteng_across_luzon_and_visayas_islands_philippines,tropical_storm,120.0,0.9935427727271878,0.9940677976662301,2,416.5,0.0,0.0,24.0,72.0
tropical_storm_enteng_across_luzon_and_visayas_islands_philippines,tropical_storm,130.0,0.9921407493119115,0.9938871019780138,2,342.5,0.0,0.0,24.0,72.0
tropical_storm_enteng_across_luzon_and_visayas_islands_philippines,tropical_storm,140.0,0.9863662855625466,0.9871615202091277,2,359.5,0.0,0.0,24.0,72.0
tropical_storm_enteng_across_luzon_and_visayas_islands_philippines,tropical_storm,150.0,0.9660022333885455,0.9713456179560838,2,334.5,0.0,0.0,24.0,72.0
tropical_storm_enteng_across_luzon_and_visayas_islands_philippines,tropical_storm,160.0,0.9673740739541952,0.9718466526906229,2,372.0,0.0,0.0,24.0,72.0
tropical_storm_enteng_across_luzon_and_visayas_islands_philippines,tropical_storm,170.0,0.9549742640874829,0.9572954653183937,2,353.5,0.0,0.0,24.0,72.0
tropical_storm_enteng_across_luzon_and_visayas_islands_philippines,tropical_storm,180.0,0.954608618526402,0.9603294425743825,2,273.5,0.0,0.0,24.0,72.0
tropical_storm_enteng_across_luzon_and_visayas_islands_philippines,tropical_storm,190.0,0.9602699696256708,0.9645311404391744,2,277.0,0.0,0.0,24.0,72.0
tropical_storm_enteng_across_luzon_and_visayas_islands_philippines,tropical_storm,200.0,0.9949941003268232,0.997586581708751,2,328.0,0.0,0.0,24.0,72.0
tropical_storm_enteng_across_luzon_and_visayas_islands_philippines,tropical_storm,210.0,0.9858757699918343,0.9877136661181771,2,362.5,0.0,0.0,24.0,72.0
tropical_storm_enteng_across_luzon_and_visayas_islands_philippines,tropical_storm,220.0,0.9642385849507413,0.965207891014729,2,265.0,0.0,0.0,24.0,72.0
tropical_storm_enteng_across_luzon_and_visayas_islands_philippines,tropical_storm,230.0,0.9569376505901978,0.9586283381905594,2,196.5,0.0,0.0,24.0,72.0
tropical_storm_enteng_across_luzon_and_visayas_islands_philippines,tropical_storm,240.0,0.9389689343420835,0.9465921001045781,2,173.5,0.0,0.0,24.0,72.0
tropical_storm_enteng_across_luzon_and_visayas_islands_philippines,tropical_storm,250.0,0.9434165267299828,0.9482791533594498,2,194.0,0.0,0.0,24.0,72.0
tropical_storm_enteng_across_luzon_and_visayas_islands_philippines,tropical_storm,260.0,0.9148833916706463,0.9240518858288045,2,148.5,0.0,0.0,24.0,72.0
tropical_storm_enteng_across_luzon_and_visayas_islands_philippines,tropical_storm,270.0,1.0030772355145319,1.0066547032599853,2,125.0,0.0,0.0,24.0,72.0
tropical_storm_enteng_across_luzon_and_visayas_islands_philippines,tropical_storm,280.0,1.0036989018401326,1.0066181516275345,2,155.0,0.0,0.0,24.0,72.0
tropical_storm_enteng_across_luzon_and_visayas_islands_philippines,tropical_storm,290.0,0.9606293466650884,0.9672596641152336,2,170.5,0.0,0.0,24.0,72.0
tropical_storm_enteng_across_luzon_and_visayas_islands_philippines,tropical_storm,300.0,1.0058411604864403,1.0090913668263344,2,182.5,0.0,0.0,24.0,72.0
tropical_storm_enteng_across_luzon_and_visayas_islands_philippines,tropical_storm,310.0,0.961847033542105,0.9729621671936133,2,223.5,0.0,0.0,24.0,72.0
tropical_storm_enteng_across_luzon_and_visayas_islands_philippines,tropical_storm,320.0,0.9277934727515897,0.9385816613799689,2,241.5,0.0,0.0,24.0,72.0
tropical_storm_enteng_across_luzon_and_visayas_islands_philippines,tropical_storm,330.0,0.9623645610323306,0.9657875853304472,2,147.5,0.0,0.0,24.0,72.0
tropical_storm_enteng_across_luzon_and_visayas_islands_philippines,tropical_storm,340.0,0.8990259650745988,0.9040747497787192,2,132.5,0.0,0.0,24.0,72.0
tropical_storm_enteng_across_luzon_and_visayas_islands_philippines,tropical_storm,350.0,0.9396185640468282,0.9457995987399923,2,102.5,0.0,0.0,24.0,72.0
tropical_storm_enteng_across_luzon_and_visayas_islands_philippines,tropical_storm,360.0,0.920777830094436,0.9455099585356781,2,116.0,0.0,0.0,24.0,72.0
tropical_storm_enteng_across_luzon_and_visayas_islands_philippines,tropical_storm,370.0,0.914114929411965,0.9266127085544924,2,81.0,0.0,0.0,24.0,72.0
tropical_storm_enteng_across_luzon_and_visayas_islands_philippines,tropical_storm,380.0,0.9153354752984505,0.93988319440569,2,52.0,0.0,0.0,24.0,72.0
tropical_storm_enteng_across_luzon_and_visayas_islands_philippines,tropical_storm,390.0,0.9120420564273024,0.924102752506254,2,40.5,0.0,0.0,24.0,72.0
tropical_storm_enteng_across_luzon_and_visayas_islands_philippines,tropical_storm,400.0,0.9749005196649791,0.9884145244360202,2,50.0,0.0,0.0,24.0,72.0
tropical_storm_enteng_across_luzon_and_visayas_islands_philippines,tropical_storm,410.0,0.9909088842821172,1.010143013538555,2,56.0,0.0,0.0,24.0,72.0
tropical_storm_enteng_across_luzon_and_visayas_islands_philippines,tropical_storm,420.0,1.1280959843551737,1.1348549090729918,2,48.5,0.0,0.0,24.0,72.0
tropical_storm_enteng_across_luzon_and_visayas_islands_philippines,tropical_storm,430.0,0.9636291364235784,0.9884604154422567,2,68.5,0.0,0.0,24.0,72.0
tropical_storm_enteng_across_luzon_and_visayas_islands_philippines,tropical_storm,440.0,1.018981444169337,1.024888339833423,2,130.0,0.0,0.0,24.0,72.0
tropical_storm_enteng_across_luzon_and_visayas_islands_philippines,tropical_storm,450.0,0.915555248709001,0.9377649221625932,2,84.0,0.0,0.0,24.0,72.0
tropical_storm_enteng_across_luzon_and_visayas_islands_philippines,tropical_storm,460.0,0.9251401334993528,0.9297957893261519,2,73.5,0.0,0.0,24.0,72.0
tropical_storm_enteng_across_luzon_and_visayas_islands_philippines,tropical_storm,470.0,0.950684323173155,0.9239469629282844,2,69.0,0.0,0.0,24.0,72.0
tropical_storm_enteng_across_luzon_and_visayas_islands_philippines,tropical_storm,480.0,0.926974866791342,0.9364317091655647,2,79.5,0.0,0.0,24.0,72.0
tropical_storm_enteng_across_luzon_and_visayas_islands_philippines,tropical_storm,490.0,0.8695770345058045,0.8590384149055065,2,66.5,0.0,0.0,24.0,72.0
tropical_storm_kristine_in_bicol_and_calabarzon_philippines,tropical_storm,10.0,1.0507329644740315,1.0509801396081904,2,28.0,0.0,0.0,24.0,72.0
tropical_storm_kristine_in_bicol_and_calabarzon_philippines,tropical_storm,20.0,1.0378688195583368,1.0386375108975567,2,127.0,0.0,0.0,24.0,72.0
tropical_storm_kristine_in_bicol_and_calabarzon_philippines,tropical_storm,30.0,1.009774415070022,1.0169593233772223,2,173.0,0.0,0.0,24.0,72.0
tropical_storm_kristine_in_bicol_and_calabarzon_philippines,tropical_storm,40.0,1.0027452025466066,1.0058291793529366,2,240.5,0.0,0.0,24.0,72.0
tropical_storm_kristine_in_bicol_and_calabarzon_philippines,tropical_storm,50.0,1.0046355859895917,1.0103616443743593,2,270.0,0.0,0.0,24.0,72.0
tropical_storm_kristine_in_bicol_and_calabarzon_philippines,tropical_storm,60.0,0.9800023409582221,0.9862964996389791,2,317.5,0.0,0.0,24.0,72.0
tropical_storm_kristine_in_bicol_and_calabarzon_philippines,tropical_storm,70.0,0.9287099125719227,0.9298130742276289,2,322.0,0.0,0.0,24.0,72.0
tropical_storm_kristine_in_bicol_and_calabarzon_philippines,tropical_storm,80.0,0.9820087853626402,0.9898262233359556,2,370.0,0.0,0.0,24.0,72.0
tropical_storm_kristine_in_bicol_and_calabarzon_philippines,tropical_storm,90.0,1.0233321821223615,1.0308882302985092,2,281.5,0.0,0.0,24.0,72.0
tropical_storm_kristine_in_bicol_and_calabarzon_philippines,tropical_storm,100.0,1.0434330305048154,1.0443987407516837,2,365.0,0.0,0.0,24.0,72.0
tropical_storm_kristine_in_bicol_and_calabarzon_philippines,tropical_storm,110.0,1.0476547444520792,1.0484817782464684,2,276.5,0.0,0.0,24.0,72.0
tropical_storm_kristine_in_bicol_and_calabarzon_philippines,tropical_storm,120.0,1.0497080620574377,1.0504017720420813,2,272.5,0.0,0.0,24.0,72.0
tropical_storm_kristine_in_bicol_and_calabarzon_philippines,tropical_storm,130.0,1.0450096989503472,1.050068732503231,2,251.0,0.0,0.0,24.0,72.0
tropical_storm_kristine_in_bicol_and_calabarzon_philippines,tropical_storm,140.0,1.0422398521577128,1.0448856277913452,2,284.5,0.0,0.0,24.0,72.0
tropical_storm_kristine_in_bicol_and_calabarzon_philippines,tropical_storm,150.0,1.027619436840642,1.0325044730877706,2,311.5,0.0,0.0,24.0,72.0
tropical_storm_kristine_in_bicol_and_calabarzon_philippines,tropical_storm,160.0,0.933646475721092,0.9416488658289329,2,325.0,0.0,0.0,24.0,72.0
tropical_storm_kristine_in_bicol_and_calabarzon_philippines,tropical_storm,170.0,1.0182880787912971,1.0279118038501722,2,295.5,0.0,0.0,24.0,72.0
tropical_storm_kristine_in_bicol_and_calabarzon_philippines,tropical_storm,180.0,1.0104017582085032,1.0173312112282364,2,310.0,0.0,0.0,24.0,72.0
tropical_storm_kristine_in_bicol_and_calabarzon_philippines,tropical_storm,190.0,1.0167548801827886,1.0270508790577626,2,294.5,0.0,0.0,24.0,72.0
tropical_storm_kristine_in_bicol_and_calabarzon_philippines,tropical_storm,200.0,1.0124050979541799,1.0231449669130175,2,301.5,0.0,0.0,24.0,72.0
tropical_storm_kristine_in_bicol_and_calabarzon_philippines,tropical_storm,210.0,1.0136942580659034,1.0249022003720287,2,292.0,0.0,0.0,24.0,72.0
tropical_storm_kristine_in_bicol_and_calabarzon_philippines,tropical_storm,220.0,0.9941901243171096,0.9981881839638163,2,346.5,0.0,0.0,24.0,72.0
tropical_storm_kristine_in_bicol_and_calabarzon_philippines,tropical_storm,230.0,1.005720854314,1.0098730301962817,2,354.5,0.0,0.0,24.0,72.0
tropical_storm_kristine_in_bicol_and_calabarzon_philippines,tropical_storm,240.0,1.0422942460598055,1.0552432072171904,2,302.5,0.0,0.0,24.0,72.0
tropical_storm_kristine_in_bicol_and_calabarzon_philippines,tropical_storm,250.0,1.0381706633893333,1.0471667056283085,2,351.0,0.0,0.0,24.0,72.0
tropical_storm_kristine_in_bicol_and_calabarzon_philippines,tropical_storm,260.0,1.0544951440140444,1.0676070792071268,2,382.5,0.0,0.0,24.0,72.0
tropical_storm_kristine_in_bicol_and_calabarzon_philippines,tropical_storm,270.0,1.0292166623758592,1.0336537014854366,2,432.5,0.0,0.0,24.0,72.0
tropical_storm_kristine_in_bicol_and_calabarzon_philippines,tropical_storm,280.0,1.023011465055212,1.0303040535523666,2,434.0,0.0,0.0,24.0,72.0
tropical_storm_kristine_in_bicol_and_calabarzon_philippines,tropical_storm,290.0,1.015201028701939,1.024802320170397,2,430.0,0.0,0.0,24.0,72.0
tropical_storm_kristine_in_bicol_and_calabarzon_philippines,tropical_storm,300.0,1.009399844051185,1.0196392720076997,2,287.5,0.0,0.0,24.0,72.0
tropical_storm_kristine_in_bicol_and_calabarzon_philippines,tropical_storm,310.0,1.0049454778443125,1.0123408381308387,2,350.5,0.0,0.0,24.0,72.0
tropical_storm_kristine_in_bicol_and_calabarzon_philippines,tropical_storm,320.0,0.9072084831143936,0.9316101386255271,2,304.5,0.0,0.0,24.0,72.0
tropical_storm_kristine_in_bicol_and_calabarzon_philippines,tropical_storm,330.0,0.960136958862498,0.9787927113709398,2,256.5,0.0,0.0,24.0,72.0
tropical_storm_kristine_in_bicol_and_calabarzon_philippines,tropical_storm,340.0,1.0207961773247403,1.0292982013168674,2,201.0,0.0,0.0,24.0,72.0
tropical_storm_kristine_in_bicol_and_calabarzon_philippines,tropical_storm,350.0,1.0390781736551602,1.047845498957447,2,223.5,0.0,0.0,24.0,72.0
tropical_storm_kristine_in_bicol_and_calabarzon_philippines,tropical_storm,360.0,1.0650168574807206,1.0768024795958517,2,251.5,0.0,0.0,24.0,72.0
tropical_storm_kristine_in_bicol_and_calabarzon_philippines,tropical_storm,370.0,1.1326867345790066,1.135193210014059,2,228.0,0.0,0.0,24.0,72.0
tropical_storm_kristine_in_bicol_and_calabarzon_philippines,tropical_storm,380.0,1.0186018260810352,1.0239704752673444,2,268.5,0.0,0.0,24.0,72.0
tropical_storm_kristine_in_bicol_and_calabarzon_philippines,tropical_storm,390.0,0.9938954072773449,1.007734818279445,2,284.5,0.0,0.0,24.0,72.0
tropical_storm_kristine_in_bicol_and_calabarzon_philippines,tropical_storm,400.0,0.9754238985515808,0.9866786245850419,2,266.5,0.0,0.0,24.0,72.0
tropical_storm_kristine_in_bicol_and_calabarzon_philippines,tropical_storm,410.0,1.0018113866052458,1.0067195487239051,2,283.5,0.0,0.0,24.0,72.0
tropical_storm_kristine_in_bicol_and_calabarzon_philippines,tropical_storm,420.0,1.021518065018739,1.0304956989874026,2,262.5,0.0,0.0,24.0,72.0
tropical_storm_kristine_in_bicol_and_calabarzon_philippines,tropical_storm,430.0,1.0246730701914417,1.0279560984802347,2,364.0,0.0,0.0,24.0,72.0
tropical_storm_kristine_in_bicol_and_calabarzon_philippines,tropical_storm,440.0,1.0523441342340438,1.0560272741390564,2,364.5,0.0,0.0,24.0,72.0
tropical_storm_kristine_in_bicol_and_calabarzon_philippines,tropical_storm,450.0,1.0664811453532128,1.0668850378273338,2,408.0,0.0,0.0,24.0,72.0
tropical_storm_kristine_in_bicol_and_calabarzon_philippines,tropical_storm,460.0,1.0589960385560482,1.0701786730620324,2,294.5,0.0,0.0,24.0,72.0
tropical_storm_kristine_in_bicol_and_calabarzon_philippines,tropical_storm,470.0,1.0029402815542376,1.006871502285633,2,204.0,0.0,0.0,24.0,72.0
tropical_storm_kristine_in_bicol_and_calabarzon_philippines,tropical_storm,480.0,1.002185138152709,1.0084142009682653,2,210.0,0.0,0.0,24.0,72.0
tropical_storm_kristine_in_bicol_and_calabarzon_philippines,tropical_storm,490.0,1.0253976513639538,1.0350873972604466,2,284.0,0.0,0.0,24.0,72.0
tropical_storm_yagi_philippines_2_september_2024,tropical_storm,0.0,1.006409206378723,1.0066494039934042,2,52.5,0.0,0.0,24.0,72.0
tropical_storm_yagi_philippines_2_september_2024,tropical_storm,10.0,1.0270061103373762,1.0270567427079393,2,128.0,0.0,0.0,24.0,72.0
tropical_storm_yagi_philippines_2_september_2024,tropical_storm,20.0,1.054369674345307,1.0556271571504556,2,174.5,0.0,0.0,24.0,72.0
tropical_storm_yagi_philippines_2_september_2024,tropical_storm,30.0,1.0616830489569693,1.0634225677853786,2,212.5,0.0,0.0,24.0,72.0
tropical_storm_yagi_philippines_2_september_2024,tropical_storm,40.0,1.0495524527255136,1.049824037774893,2,248.0,0.0,0.0,24.0,72.0
tropical_storm_yagi_philippines_2_september_2024,tropical_storm,50.0,1.0327013476293903,1.040974065914888,2,315.5,0.0,0.0,24.0,72.0
tropical_storm_yagi_philippines_2_september_2024,tropical_storm,60.0,1.0117049930616844,1.018060916256013,2,385.0,0.0,0.0,24.0,72.0
tropical_storm_yagi_philippines_2_september_2024,tropical_storm,70.0,1.0127932988003887,1.0150014706695052,2,376.5,0.0,0.0,24.0,72.0
tropical_storm_yagi_philippines_2_september_2024,tropical_storm,80.0,0.9976593888531856,1.00015782458092,2,406.0,0.0,0.0,24.0,72.0
tropical_storm_yagi_philippines_2_september_2024,tropical_storm,90.0,0.9953980467783382,0.9976681884903431,2,434.0,0.0,0.0,24.0,72.0
tropical_storm_yagi_philippines_2_september_2024,tropical_storm,100.0,0.9970868999828615,1.0013557092022118,2,405.5,0.0,0.0,24.0,72.0
tropical_storm_yagi_philippines_2_september_2024,tropical_storm,110.0,0.9993226300963551,1.001175943750554,2,383.0,0.0,0.0,24.0,72.0
tropical_storm_yagi_philippines_2_september_2024,tropical_storm,120.0,0.9971585359473779,0.9976802591381198,2,382.0,0.0,0.0,24.0,72.0
tropical_storm_yagi_philippines_2_september_2024,tropical_storm,130.0,1.0071981427040742,1.008834553213116,2,358.0,0.0,0.0,24.0,72.0
tropical_storm_yagi_philippines_2_september_2024,tropical_storm,140.0,0.959597559701274,0.9624670431999149,2,310.0,0.0,0.0,24.0,72.0
tropical_storm_yagi_philippines_2_september_2024,tropical_storm,150.0,0.9573433315798432,0.9618092338717371,2,258.5,0.0,0.0,24.0,72.0
tropical_storm_yagi_philippines_2_september_2024,tropical_storm,160.0,1.0270634049555167,1.0296476080317833,2,298.0,0.0,0.0,24.0,72.0
tropical_storm_yagi_philippines_2_september_2024,tropical_storm,170.0,1.0099186502236877,1.0122094775190364,2,376.0,0.0,0.0,24.0,72.0
tropical_storm_yagi_philippines_2_september_2024,tropical_storm,180.0,0.9633249597404434,0.9717364690626034,2,375.5,0.0,0.0,24.0,72.0
tropical_storm_yagi_philippines_2_september_2024,tropical_storm,190.0,1.0049514519062308,1.0088795401407011,2,385.0,0.0,0.0,24.0,72.0
tropical_storm_yagi_philippines_2_september_2024,tropical_storm,200.0,1.0052841015337326,1.0125061439642806,2,287.5,0.0,0.0,24.0,72.0
tropical_storm_yagi_philippines_2_september_2024,tropical_storm,210.0,0.9938192912582433,0.9982872440403188,2,274.0,0.0,0.0,24.0,72.0
tropical_storm_yagi_philippines_2_september_2024,tropical_storm,220.0,1.0115700962881526,1.0165827195347223,2,272.0,0.0,0.0,24.0,72.0
tropical_storm_yagi_philippines_2_september_2024,tropical_storm,230.0,0.9998763587428605,1.0086994166391512,2,252.5,0.0,0.0,24.0,72.0
tropical_storm_yagi_philippines_2_september_2024,tropical_storm,240.0,0.9486457966456114,0.9523235072316405,2,232.5,0.0,0.0,24.0,72.0
tropical_storm_yagi_philippines_2_september_2024,tropical_storm,250.0,0.9762781037459458,0.9774983182126857,2,175.5,0.0,0.0,24.0,72.0
tropical_storm_yagi_philippines_2_september_2024,tropical_storm,260.0,0.9607574236295864,0.9640119065514656,2,184.5,0.0,0.0,24.0,72.0
tropical_storm_yagi_philippines_2_september_2024,tropical_storm,270.0,1.0131231090087773,1.0166225257955002,2,242.5,0.0,0.0,24.0,72.0
tropical_storm_yagi_philippines_2_september_2024,tropical_storm,280.0,0.9937745844684925,0.9933182455632352,2,228.5,0.0,0.0,24.0,72.0
tropical_storm_yagi_philippines_2_september_2024,tropical_storm,290.0,1.020711463123254,1.0280018882246522,2,206.0,0.0,0.0,24.0,72.0
tropical_storm_yagi_philippines_2_september_2024,tropical_storm,300.0,1.0710421949820066,1.07198747988832,2,204.5,0.0,0.0,24.0,72.0
tropical_storm_yagi_philippines_2_september_2024,tropical_storm,310.0,0.9769225069234966,0.9827097661856009,2,144.5,0.0,0.0,24.0,72.0
tropical_storm_yagi_philippines_2_september_2024,tropical_storm,320.0,0.9599454918074776,0.9632108383654219,2,104.5,0.0,0.0,24.0,72.0
tropical_storm_yagi_philippines_2_september_2024,tropical_storm,330.0,0.9586982197257783,0.9609989994920658,2,137.5,0.0,0.0,24.0,72.0
tropical_storm_yagi_philippines_2_september_2024,tropical_storm,340.0,1.016527626209226,1.019773046191454,2,131.5,0.0,0.0,24.0,72.0
tropical_storm_yagi_philippines_2_september_2024,tropical_storm,350.0,1.0122726805857347,1.0128388805031587,2,163.5,0.0,0.0,24.0,72.0
tropical_storm_yagi_philippines_2_september_2024,tropical_storm,360.0,1.0066425486930561,1.0102261999605888,2,142.5,0.0,0.0,24.0,72.0
tropical_storm_yagi_philippines_2_september_2024,tropical_storm,370.0,0.9847603742840279,0.9848409961256862,2,191.0,0.0,0.0,24.0,72.0
tropical_storm_yagi_philippines_2_september_2024,tropical_storm,380.0,0.9432004770699074,0.9485420141175841,2,114.5,0.0,0.0,24.0,72.0
tropical_storm_yagi_philippines_2_september_2024,tropical_storm,390.0,0.935706938953933,0.9442309136406182,2,79.0,0.0,0.0,24.0,72.0
tropical_storm_yagi_philippines_2_september_2024,tropical_storm,400.0,0.9356119332583555,0.9390250017004291,2,50.0,0.0,0.0,24.0,72.0
tropical_storm_yagi_philippines_2_september_2024,tropical_storm,410.0,0.8820688980175356,0.9510456582943663,2,4.5,0.0,0.0,24.0,72.0
tropical_storm_yagi_philippines_2_september_2024,tropical_storm,440.0,1.027317793404801,1.027317793404801,1,1.0,0.0,0.0,24.0,72.0
tropical_storm_yagi_philippines_2_september_2024,tropical_storm,470.0,0.8747279519529425,0.8747279519529425,2,3.0,0.0,0.0,24.0,72.0
tropical_storm_yagi_philippines_2_september_2024,tropical_storm,480.0,0.948093899990867,0.948093899990867,2,2.0,0.0,0.0,24.0,72.0
tropical_storm_yagi_philippines_2_september_2024,tropical_storm,490.0,0.8440343392023124,0.8440343392023124,2,1.0,0.0,0.0,24.0,72.0
turkiye_earthquake_2023,earthquake,0.0,0.49626203136611646,0.32371765199112523,2,2.5,0.0,0.0,24.0,72.0
turkiye_earthquake_2023,earthquake,10.0,1.796668733380969,1.5925987354941649,2,12.5,0.0,0.0,24.0,72.0
turkiye_earthquake_2023,earthquake,20.0,0.8252015467127529,0.810774101946159,2,107.0,0.0,0.0,24.0,72.0
turkiye_earthquake_2023,earthquake,30.0,0.7763137176738529,0.7719205181730733,2,120.0,0.0,0.0,24.0,72.0
turkiye_earthquake_2023,earthquake,40.0,0.5014847472019264,0.47738236558516534,2,153.5,0.0,0.0,24.0,72.0
turkiye_earthquake_2023,earthquake,50.0,1.140901046956542,1.0970114893705776,2,100.0,0.0,0.0,24.0,72.0
turkiye_earthquake_2023,earthquake,60.0,1.136241645904947,1.0230014811305073,2,82.0,0.0,0.0,24.0,72.0
turkiye_earthquake_2023,earthquake,70.0,0.8914689389346939,0.8251915866434137,2,107.5,0.0,0.0,24.0,72.0
turkiye_earthquake_2023,earthquake,80.0,0.9690334306104488,0.9080718145327586,2,174.5,0.0,0.0,24.0,72.0
turkiye_earthquake_2023,earthquake,90.0,0.5573538373299161,0.5227521987235684,2,101.5,0.0,0.0,24.0,72.0
turkiye_earthquake_2023,earthquake,100.0,0.8474900340785432,0.8327469284084128,2,145.0,0.0,0.0,24.0,72.0
turkiye_earthquake_2023,earthquake,110.0,0.8058815228156363,0.7772892622422651,2,154.5,0.0,0.0,24.0,72.0
turkiye_earthquake_2023,earthquake,120.0,0.5320927649802099,0.5254720075161674,2,188.5,0.0,0.0,24.0,72.0
turkiye_earthquake_2023,earthquake,130.0,0.2388816383774786,0.23199742310951746,2,137.0,0.0,0.0,24.0,72.0
turkiye_earthquake_2023,earthquake,140.0,1.154068018800684,1.185970974733797,2,112.5,0.0,0.0,24.0,72.0
turkiye_earthquake_2023,earthquake,150.0,0.8976243996098031,0.8895431372400976,2,216.0,0.0,0.0,24.0,72.0
turkiye_earthquake_2023,earthquake,160.0,0.936298723706053,0.8660055753603491,2,156.5,0.0,0.0,24.0,72.0
turkiye_earthquake_2023,earthquake,170.0,0.8073529669271028,0.7313333037784406,2,187.0,0.0,0.0,24.0,72.0
turkiye_earthquake_2023,earthquake,180.0,1.7561081213806573,1.4204907675822893,2,121.0,0.0,0.0,24.0,72.0
turkiye_earthquake_2023,earthquake,190.0,1.2343689226706662,1.1683329205148782,2,121.5,0.0,0.0,24.0,72.0
turkiye_earthquake_2023,earthquake,200.0,1.4848821312396026,1.358932858654512,2,97.5,0.0,0.0,24.0,72.0
turkiye_earthquake_2023,earthquake,210.0,1.0358786499451926,1.028244302252912,2,193.5,0.0,0.0,24.0,72.0
turkiye_earthquake_2023,earthquake,220.0,1.0072352427438576,0.9890318339835831,2,214.5,0.0,0.0,24.0,72.0
turkiye_earthquake_2023,earthquake,230.0,1.237734428944163,1.1779809677573754,2,150.0,0.0,0.0,24.0,72.0
turkiye_earthquake_2023,earthquake,240.0,1.1884064763466222,1.1484531099801008,2,202.5,0.0,0.0,24.0,72.0
turkiye_earthquake_2023,earthquake,250.0,1.023398477172376,0.9947972616370504,2,188.5,0.0,0.0,24.0,72.0
turkiye_earthquake_2023,earthquake,260.0,1.1692076542661747,1.1527275244905455,2,183.5,0.0,0.0,24.0,72.0
turkiye_earthquake_2023,earthquake,270.0,1.3045316162454712,1.2511281842808186,2,150.5,0.0,0.0,24.0,72.0
turkiye_earthquake_2023,earthquake,280.0,1.0062771936702677,0.9925354433640147,2,174.0,0.0,0.0,24.0,72.0
turkiye_earthquake_2023,earthquake,290.0,1.0100431693793372,0.9954996515506233,2,210.0,0.0,0.0,24.0,72.0
turkiye_earthquake_2023,earthquake,300.0,1.2057760709318175,1.1188410615404645,2,133.5,0.0,0.0,24.0,72.0
turkiye_earthquake_2023,earthquake,310.0,1.0692410925086013,1.03983433864764,2,143.0,0.0,0.0,24.0,72.0
turkiye_earthquake_2023,earthquake,320.0,1.053329176776911,1.020782022999242,2,197.5,0.0,0.0,24.0,72.0
turkiye_earthquake_2023,earthquake,330.0,1.0866908167180533,1.0836261176718893,2,180.5,0.0,0.0,24.0,72.0
turkiye_earthquake_2023,earthquake,340.0,1.1124344514617164,1.1108750402371232,2,133.5,0.0,0.0,24.0,72.0
turkiye_earthquake_2023,earthquake,350.0,1.0638664168855945,1.0591257168757757,2,215.5,0.0,0.0,24.0,72.0
turkiye_earthquake_2023,earthquake,360.0,1.0880707860111216,1.0742225449692833,2,185.5,0.0,0.0,24.0,72.0
turkiye_earthquake_2023,earthquake,370.0,1.062387442859177,1.0501838471840832,2,176.5,0.0,0.0,24.0,72.0
turkiye_earthquake_2023,earthquake,380.0,1.1235702322485013,1.1149025426553234,2,184.0,0.0,0.0,24.0,72.0
turkiye_earthquake_2023,earthquake,390.0,1.1037561224832384,1.0887113348491992,2,225.0,0.0,0.0,24.0,72.0
turkiye_earthquake_2023,earthquake,400.0,1.0615020635963384,1.061203686958552,2,275.0,0.0,0.0,24.0,72.0
turkiye_earthquake_2023,earthquake,410.0,1.0609464741850483,1.0562165063070101,2,243.5,0.0,0.0,24.0,72.0
turkiye_earthquake_2023,earthquake,420.0,1.074775663632317,1.0731193434583175,2,365.5,0.0,0.0,24.0,72.0
turkiye_earthquake_2023,earthquake,430.0,1.0639559074346823,1.063455135392541,2,387.0,0.0,0.0,24.0,72.0
turkiye_earthquake_2023,earthquake,440.0,1.0529161229592152,1.0473308501825338,2,328.5,0.0,0.0,24.0,72.0
turkiye_earthquake_2023,earthquake,450.0,1.06302692982669,1.0564359484036836,2,327.5,0.0,0.0,24.0,72.0
turkiye_earthquake_2023,earthquake,460.0,1.0631687137450276,1.0684364499539716,2,375.0,0.0,0.0,24.0,72.0
turkiye_earthquake_2023,earthquake,470.0,1.048653653767611,1.0512378901608725,2,429.0,0.0,0.0,24.0,72.0
turkiye_earthquake_2023,earthquake,480.0,1.0593944036261265,1.0596876029195346,2,453.0,0.0,0.0,24.0,72.0
turkiye_earthquake_2023,earthquake,490.0,1.0651388178750856,1.0645527065650533,2,318.5,0.0,0.0,24.0,72.0
typhoon_krathon_across_taiwan,typhoon,0.0,0.9827900065720502,0.9709939126219596,2,14.5,0.0,0.0,24.0,72.0
typhoon_krathon_across_taiwan,typhoon,10.0,1.0766418281919292,1.0718577157547302,2,81.0,0.0,0.0,24.0,72.0
typhoon_krathon_across_taiwan,typhoon,20.0,1.0842279709237324,1.0846341071866714,2,184.5,0.0,0.0,24.0,72.0
typhoon_krathon_across_taiwan,typhoon,30.0,1.0946445045050948,1.0949105448128602,2,284.5,0.0,0.0,24.0,72.0
typhoon_krathon_across_taiwan,typhoon,40.0,1.1019637211275266,1.1025518898827256,2,286.5,0.0,0.0,24.0,72.0
typhoon_krathon_across_taiwan,typhoon,50.0,1.1025445123055269,1.1029923277481117,2,247.0,0.0,0.0,24.0,72.0
typhoon_krathon_across_taiwan,typhoon,60.0,1.0892220912178623,1.090716280071317,2,268.0,0.0,0.0,24.0,72.0
typhoon_krathon_across_taiwan,typhoon,70.0,1.1018495109453794,1.1021254328106844,2,331.0,0.0,0.0,24.0,72.0
typhoon_krathon_across_taiwan,typhoon,80.0,1.1089464756883087,1.109685260200017,2,306.0,0.0,0.0,24.0,72.0
typhoon_krathon_across_taiwan,typhoon,90.0,1.1114864740369153,1.1120126883181345,2,312.0,0.0,0.0,24.0,72.0
typhoon_krathon_across_taiwan,typhoon,100.0,1.1150468900697068,1.1152198801729396,2,262.5,0.0,0.0,24.0,72.0
typhoon_krathon_across_taiwan,typhoon,110.0,1.096830959268928,1.0984996370499163,2,247.5,0.0,0.0,24.0,72.0
typhoon_krathon_across_taiwan,typhoon,120.0,1.0878570334029332,1.0884540044851736,2,203.0,0.0,0.0,24.0,72.0
typhoon_krathon_across_taiwan,typhoon,130.0,1.093029545801726,1.093407084697409,2,134.0,0.0,0.0,24.0,72.0
typhoon_krathon_across_taiwan,typhoon,140.0,1.0920898138412276,1.0972336678604409,2,156.0,0.0,0.0,24.0,72.0
typhoon_krathon_across_taiwan,typhoon,150.0,1.0946152614129692,1.0950986842079415,2,169.5,0.0,0.0,24.0,72.0
typhoon_krathon_across_taiwan,typhoon,160.0,1.1145550770820893,1.1150828341307557,2,192.5,0.0,0.0,24.0,72.0
typhoon_krathon_across_taiwan,typhoon,170.0,1.1047754862741823,1.105822151886883,2,148.5,0.0,0.0,24.0,72.0
typhoon_krathon_across_taiwan,typhoon,180.0,1.118078760839224,1.1188168664481597,2,125.0,0.0,0.0,24.0,72.0
typhoon_krathon_across_taiwan,typhoon,190.0,1.1187681608162618,1.1197911271488352,2,102.0,0.0,0.0,24.0,72.0
typhoon_krathon_across_taiwan,typhoon,200.0,1.113076574424367,1.1132732958663658,2,90.0,0.0,0.0,24.0,72.0
typhoon_krathon_across_taiwan,typhoon,210.0,1.254179114874456,1.2557868287251859,2,53.0,0.0,0.0,24.0,72.0
typhoon_krathon_across_taiwan,typhoon,220.0,0.691523738685793,0.6939127700958916,2,20.5,0.0,0.0,24.0,72.0
typhoon_krathon_across_taiwan,typhoon,230.0,0.9472346029432056,0.9319541525503827,2,34.5,0.0,0.0,24.0,72.0
typhoon_krathon_across_taiwan,typhoon,240.0,1.0476285471319478,1.0274290160820763,2,25.0,0.0,0.0,24.0,72.0
typhoon_krathon_across_taiwan,typhoon,250.0,0.9320172874482864,0.9358143784944339,2,46.5,0.0,0.0,24.0,72.0
typhoon_krathon_across_taiwan,typhoon,260.0,0.966565349902709,0.978587318929353,2,28.0,0.0,0.0,24.0,72.0
typhoon_yagi_across_northeastern_vietnam,typhoon,0.0,0.9618492820034653,0.9618492820034653,2,59.0,0.0,0.0,24.0,72.0
typhoon_yagi_across_northeastern_vietnam,typhoon,10.0,0.7833112216890135,0.7833112216890135,2,186.0,0.0,0.0,24.0,72.0
typhoon_yagi_across_northeastern_vietnam,typhoon,20.0,0.8023900371499764,0.8025505901383677,2,298.5,0.0,0.0,24.0,72.0
typhoon_yagi_across_northeastern_vietnam,typhoon,30.0,0.9257140353516582,0.9276355041864104,2,382.5,0.0,0.0,24.0,72.0
typhoon_yagi_across_northeastern_vietnam,typhoon,40.0,0.97905793636755,0.9807516350297605,2,509.0,0.0,0.0,24.0,72.0
typhoon_yagi_across_northeastern_vietnam,typhoon,50.0,1.0628492589969152,1.0648313428130975,2,510.0,0.0,0.0,24.0,72.0
typhoon_yagi_across_northeastern_vietnam,typhoon,60.0,1.0552825699273445,1.0577227191335083,2,575.0,0.0,0.0,24.0,72.0
typhoon_yagi_across_northeastern_vietnam,typhoon,70.0,0.9398231471432607,0.9464389639355161,2,519.0,0.0,0.0,24.0,72.0
typhoon_yagi_across_northeastern_vietnam,typhoon,80.0,0.9753658404489371,0.9845982814251022,2,368.5,0.0,0.0,24.0,72.0
typhoon_yagi_across_northeastern_vietnam,typhoon,90.0,0.9200759478283267,0.9358022346625212,2,243.5,0.0,0.0,24.0,72.0
typhoon_yagi_across_northeastern_vietnam,typhoon,100.0,0.7892009980576968,0.8112330644966383,2,192.5,0.0,0.0,24.0,72.0
typhoon_yagi_across_northeastern_vietnam,typhoon,110.0,0.8856420303465442,0.9224343727163808,2,154.5,0.0,0.0,24.0,72.0
typhoon_yagi_across_northeastern_vietnam,typhoon,120.0,0.7650937868149907,0.8256804181573885,2,80.0,0.0,0.0,24.0,72.0
typhoon_yagi_across_northeastern_vietnam,typhoon,130.0,0.8447606316577094,0.8898332727133131,2,35.5,0.0,0.0,24.0,72.0
typhoon_yagi_across_northeastern_vietnam,typhoon,140.0,0.8721479911850549,0.8834034711065664,2,23.5,0.0,0.0,24.0,72.0
typhoon_yagi_across_northeastern_vietnam,typhoon,150.0,0.894193366299771,0.9097542484369885,2,15.0,0.0,0.0,24.0,72.0
typhoon_yagi_across_northeastern_vietnam,typhoon,160.0,0.04717872111541535,0.114555905876519,2,0.5,0.0,0.5,24.0,72.0
wildfires_in_boise_county_idaho_27_august_2024,wildfire,0.0,1.0756847140388497,1.0775196605493047,2,31.5,0.0,0.0,24.0,72.0
wildfires_in_boise_county_idaho_27_august_2024,wildfire,10.0,1.0694015453816168,1.0693791411639784,2,78.5,0.0,0.0,24.0,72.0
wildfires_in_boise_county_idaho_27_august_2024,wildfire,20.0,1.055532969780404,1.0553881030448884,2,122.5,0.0,0.0,24.0,72.0
wildfires_in_boise_county_idaho_27_august_2024,wildfire,30.0,1.059217836189867,1.0577306152614552,2,129.0,0.0,0.0,24.0,72.0
wildfires_in_boise_county_idaho_27_august_2024,wildfire,40.0,1.0408068946351705,1.0426985846005008,2,142.0,0.0,0.0,24.0,72.0
wildfires_in_boise_county_idaho_27_august_2024,wildfire,50.0,1.047061400680835,1.0439431924275016,2,164.0,0.0,0.0,24.0,72.0
wildfires_in_boise_county_idaho_27_august_2024,wildfire,60.0,1.0707417662124117,1.0392327213425014,2,101.0,0.0,0.0,24.0,72.0
wildfires_in_boise_county_idaho_27_august_2024,wildfire,70.0,1.0914407437952982,1.0736163000204955,2,72.5,0.0,0.0,24.0,72.0
wildfires_in_boise_county_idaho_27_august_2024,wildfire,80.0,1.0400548858307521,1.035243525936101,2,64.5,0.0,0.0,24.0,72.0
wildfires_in_boise_county_idaho_27_august_2024,wildfire,90.0,1.04838937372126,1.0235587030875877,2,42.5,0.0,0.0,24.0,72.0
wildfires_in_boise_county_idaho_27_august_2024,wildfire,100.0,1.0440945088608773,1.0346644116872197,2,60.5,0.0,0.0,24.0,72.0
wildfires_in_boise_county_idaho_27_august_2024,wildfire,110.0,1.0983296273315113,0.9241586072344526,2,17.5,0.0,0.0,24.0,72.0
wildfires_in_boise_county_idaho_27_august_2024,wildfire,120.0,1.0194957243007319,0.993184669246026,2,48.0,0.0,0.0,24.0,72.0
wildfires_in_boise_county_idaho_27_august_2024,wildfire,130.0,1.0756861130964066,1.0742442291368663,2,71.0,0.0,0.0,24.0,72.0
wildfires_in_boise_county_idaho_27_august_2024,wildfire,140.0,1.0422643143452341,1.0432048848775768,2,97.5,0.0,0.0,24.0,72.0
wildfires_in_boise_county_idaho_27_august_2024,wildfire,150.0,1.0445957053771342,1.0367683981215166,2,94.0,0.0,0.0,24.0,72.0
wildfires_in_boise_county_idaho_27_august_2024,wildfire,160.0,1.1031447621866497,1.101318878769845,2,81.5,0.0,0.0,24.0,72.0
wildfires_in_boise_county_idaho_27_august_2024,wildfire,170.0,1.0584820118138714,1.049390927835749,2,54.5,0.0,0.0,24.0,72.0
wildfires_in_boise_county_idaho_27_august_2024,wildfire,180.0,1.0664698038109952,1.0441393321713026,2,36.0,0.0,0.0,24.0,72.0
wildfires_in_boise_county_idaho_27_august_2024,wildfire,190.0,1.0287366645779494,1.0185300110157312,2,31.0,0.0,0.0,24.0,72.0
wildfires_in_boise_county_idaho_27_august_2024,wildfire,200.0,1.055982134177512,0.9810140142733412,2,14.0,0.0,0.0,24.0,72.0
wildfires_in_boise_county_idaho_27_august_2024,wildfire,210.0,1.056181829335588,1.044102173904036,2,76.0,0.0,0.0,24.0,72.0
wildfires_in_boise_county_idaho_27_august_2024,wildfire,220.0,1.062458027016596,1.0373328360862013,2,77.5,0.0,0.0,24.0,72.0
wildfires_in_boise_county_idaho_27_august_2024,wildfire,230.0,1.0244464782257143,0.9913227702632522,2,23.0,0.0,0.0,24.0,72.0
wildfires_in_boise_county_idaho_27_august_2024,wildfire,240.0,1.039874337162801,1.0188494823699683,2,21.5,0.0,0.0,24.0,72.0
wildfires_in_boise_county_idaho_27_august_2024,wildfire,250.0,1.0575613770624122,1.0651438223631688,2,38.0,0.0,0.0,24.0,72.0
wildfires_in_boise_county_idaho_27_august_2024,wildfire,260.0,0.8485266395732769,0.9422947662742066,2,3.0,0.0,0.0,24.0,72.0
wildfires_in_boise_county_idaho_27_august_2024,wildfire,290.0,1.088493049780847,1.088493049780847,1,1.0,0.0,0.0,24.0,72.0
