window_start_pt,hours_since_quake,r_bin_km,n_tiles,n_tiles_crisis,n_tiles_overlap,baseline_sum,crisis_sum,baseline_sum_overlap,crisis_sum_overlap,phi_aggregate,phi_overlap,tile_overlap_ratio
2024-10-10 00:00:00,-8.0,0.0,27,19,19,17624.610729118584,7824.514646722822,16134.269364129756,7824.514646722822,0.443953898726144,0.4849624405130203,0.7037037037037037
2024-10-10 00:00:00,-8.0,10.0,98,88,88,65233.180440153934,34969.55136704727,63908.06782567725,34969.55136704727,0.5360700050356881,0.5471852389972751,0.8979591836734694
2024-10-10 00:00:00,-8.0,20.0,145,129,129,52236.45985445109,26967.92962632814,50006.086445911715,26967.92962632814,0.5162664105008293,0.539292944979759,0.8896551724137931
2024-10-10 00:00:00,-8.0,30.0,138,124,122,27212.956103088698,14118.325153897003,26436.126222660445,14092.867910947061,0.5188089489584911,0.533091262776124,0.8840579710144928
2024-10-10 00:00:00,-8.0,40.0,146,132,129,33737.15143565342,16232.413523481126,32983.869716879104,16163.285766259658,0.481143571188607,0.49003606626508983,0.8835616438356164
2024-10-10 00:00:00,-8.0,50.0,179,158,158,96394.09572629698,45146.1483638238,95230.53469783688,45146.1483638238,0.46834972643980743,0.4740721923600548,0.88268156424581
2024-10-10 00:00:00,-8.0,60.0,223,198,194,111672.22541447314,58742.06765379169,109466.95277034052,58695.48040970328,0.5260221817535168,0.5361936084294338,0.8699551569506726
2024-10-10 00:00:00,-8.0,70.0,287,269,266,167049.97004126664,106746.07659757523,166227.21594038082,106708.94893307953,0.6390068586735188,0.6419463162479473,0.926829268292683
2024-10-10 00:00:00,-8.0,80.0,307,283,280,139266.99740472581,106756.45792988483,138459.6221032198,106724.20807505964,0.7665596294837775,0.77079661531575,0.9120521172638436
2024-10-10 00:00:00,-8.0,90.0,353,317,314,124707.79087114605,112931.267913262,123547.69434858243,112896.04887353498,0.9055670630068966,0.9137851537318498,0.8895184135977338
2024-10-10 00:00:00,-8.0,100.0,378,344,341,153831.32352256446,133717.9375972184,152133.26886172613,133682.21215709383,0.8692503876013538,0.8787178054959007,0.9021164021164021
2024-10-10 00:00:00,-8.0,110.0,499,489,475,138936.3821937289,136156.0611266973,137457.1424324207,135927.2974066639,0.9799885312750206,0.9888703853529554,0.9519038076152304
2024-10-10 00:00:00,-8.0,120.0,451,434,421,74712.82985210523,78843.30614678642,73849.36607284468,78664.04599714145,1.0552846987974822,1.0651959546890029,0.9334811529933481
2024-10-10 00:00:00,-8.0,130.0,325,312,299,64573.51660287199,66307.2498665252,63458.38236887831,66046.18990799089,1.026848983218859,1.040779601409785,0.92
2024-10-10 00:00:00,-8.0,140.0,296,274,261,76408.30852431642,87977.22434044251,75301.41939383771,87660.99169375785,1.1514091338960128,1.1641346524330136,0.8817567567567568
2024-10-10 00:00:00,-8.0,150.0,425,406,393,109491.09743842689,120712.88293092558,108731.29075925707,120473.22648044719,1.1024903919591211,1.1079904012837303,0.9247058823529412
2024-10-10 00:00:00,-8.0,160.0,397,396,378,144264.53207276535,166881.4070118643,143484.36570134008,166637.79731632612,1.1567736339219628,1.1613655362506843,0.9521410579345088
2024-10-10 00:00:00,-8.0,170.0,436,424,411,146982.69797691368,151512.73239335069,145960.10753541725,151148.83688021015,1.0308201882179937,1.0355489553440747,0.9426605504587156
2024-10-10 00:00:00,-8.0,180.0,360,344,339,147628.50441802136,157023.3246187659,145927.71413456972,156954.29275903467,1.0636382535864646,1.0755619224892168,0.9416666666666667
2024-10-10 00:00:00,-8.0,190.0,383,377,367,127465.04640446523,148733.91774226265,126882.97375860557,148541.43336425762,1.1668604212507654,1.1706963429692088,0.95822454308094
2024-10-10 00:00:00,-8.0,200.0,504,491,478,111013.24865480492,134275.41691534338,110336.39673227855,134054.26179036306,1.2095440728238847,1.2149595759922611,0.9484126984126984
2024-10-10 00:00:00,-8.0,210.0,619,609,590,158338.6959309457,187764.78198887932,157544.27159693767,187456.4998413013,1.185842670264045,1.18986554027741,0.9531502423263328
2024-10-10 00:00:00,-8.0,220.0,502,485,469,121382.27145526766,148645.85806939198,120330.19892283343,148431.97452092043,1.2246092966234499,1.2335388443603288,0.9342629482071713
2024-10-10 00:00:00,-8.0,230.0,431,413,387,52931.98470682041,61360.773689789545,50890.68008592517,61009.56139080822,1.1592381058381713,1.1988356470732573,0.8979118329466357
2024-10-10 00:00:00,-8.0,240.0,389,397,360,50905.31545071403,64070.01878137808,50317.824384337604,63572.46826577186,1.2586115656902268,1.2634184614221917,0.9254498714652957
2024-10-10 00:00:00,-8.0,250.0,480,502,476,194553.50650561703,232169.66190535936,194379.12114060053,231846.29047089498,1.1933460674925245,1.1927530544970066,0.9916666666666667
2024-10-10 00:00:00,-8.0,260.0,541,562,535,265397.8041990961,311238.0546458578,265035.22024808265,310871.81688305584,1.1727227946934076,1.172945303616887,0.988909426987061
2024-10-10 00:00:00,-8.0,270.0,501,513,495,274448.6740143748,324473.6842510453,274113.3344804881,324222.65546185366,1.1822745561308499,1.1828051199199594,0.9880239520958084
2024-10-10 00:00:00,-8.0,280.0,434,461,426,265177.3613664039,313553.46816520963,264673.623932968,313106.5720001204,1.1824292486716579,1.182991215170797,0.9815668202764977
2024-10-10 00:00:00,-8.0,290.0,359,369,344,155557.32074874203,185266.73274616725,154370.21599095865,184946.64582512644,1.190986909869785,1.1980720804067453,0.958217270194986
2024-10-10 00:00:00,-8.0,300.0,136,140,128,13270.288109534384,15834.927120450899,12924.033000830557,15672.848715350134,1.1932617430569488,1.21269024261567,0.9411764705882353
2024-10-10 00:00:00,-8.0,310.0,79,82,78,20613.394829084315,22039.56981145599,20597.619806387534,21982.25975837759,1.06918680761693,1.0672232988571166,0.9873417721518988
2024-10-10 00:00:00,-8.0,320.0,40,38,37,5287.474993669503,5969.858921121968,5192.759245362449,5913.25154416102,1.1290566722810902,1.1387494133185605,0.925
2024-10-10 00:00:00,-8.0,330.0,8,7,7,245.16733030464985,270.7498489894815,233.15031481522726,270.7498489894815,1.104347176489797,1.1612673532268316,0.875
2024-10-10 00:00:00,-8.0,340.0,3,8,3,57.44380557564892,184.1918040981737,57.44380557564892,112.95294502102658,3.206469387819505,1.9663207179454107,1.0
2024-10-10 08:00:00,0.0,0.0,27,21,21,22533.787604085333,11534.050918641526,21061.008311124213,11534.050918641526,0.5118558460429627,0.5476495117543521,0.7777777777777778
2024-10-10 08:00:00,0.0,10.0,99,93,93,74545.99472953417,53818.746532069,73898.01527195542,53818.746532069,0.7219535633984464,0.7282840592404033,0.9393939393939394
2024-10-10 08:00:00,0.0,20.0,144,134,134,59666.45060510126,40245.12808007445,57502.86673264284,40245.12808007445,0.6745017957651672,0.699880377567826,0.9305555555555556
2024-10-10 08:00:00,0.0,30.0,140,135,129,29185.776414976237,21485.589628121,28855.36987991546,21415.10212374159,0.7361664573396786,0.7421530970790777,0.9214285714285714
2024-10-10 08:00:00,0.0,40.0,149,140,137,37709.794985305554,27207.558987260083,37331.071534906725,27158.22813492319,0.721498459428435,0.7274966139005323,0.9194630872483222
2024-10-10 08:00:00,0.0,50.0,180,166,164,110132.61177509461,69488.13996382391,109445.73362354148,69465.99473144568,0.6309497145652725,0.6347071962657458,0.9111111111111111
2024-10-10 08:00:00,0.0,60.0,225,211,201,125932.61470137602,82996.62524219087,124770.0236860217,82873.12959649759,0.6590558406096844,0.6642070518880736,0.8933333333333333
2024-10-10 08:00:00,0.0,70.0,293,284,277,198726.8752241989,139240.6418019715,198308.48390157984,139160.02974421566,0.7006633684793944,0.7017351300677612,0.9453924914675768
2024-10-10 08:00:00,0.0,80.0,309,290,285,159411.70004734705,135959.3086418296,158711.5858914424,135884.35199818717,0.8528816178577115,0.8561715972716137,0.9223300970873787
2024-10-10 08:00:00,0.0,90.0,352,336,329,137996.66887010442,142957.22309599607,137143.97647690808,142849.8830049592,1.0359469128241132,1.0416052288597004,0.9346590909090909
2024-10-10 08:00:00,0.0,100.0,383,365,354,174638.55989454515,174690.16599065706,172967.76227663038,174405.63416651107,1.0002955022999678,1.0083129472854084,0.9242819843342036
2024-10-10 08:00:00,0.0,110.0,507,502,486,155893.776737637,165328.52038882335,154983.25118625513,165095.73615198734,1.060520335375957,1.0652488890788545,0.9585798816568047
2024-10-10 08:00:00,0.0,120.0,455,445,431,83972.34940896094,92616.44905956039,83435.6093171662,92406.5303859096,1.102939833307522,1.1075190933722552,0.9472527472527472
2024-10-10 08:00:00,0.0,130.0,334,332,317,72361.03102899872,80242.74072140898,71623.4454716368,79999.30759298158,1.1089220203240562,1.1169430214672045,0.9491017964071856
2024-10-10 08:00:00,0.0,140.0,302,297,280,83535.2466471115,102345.12519937166,82920.39989721116,102081.25812984136,1.2251729576105892,1.2310753235196907,0.9271523178807947
2024-10-10 08:00:00,0.0,150.0,442,429,415,127424.5418142479,140456.4552958819,126840.92076604083,140265.0224999447,1.1022716134277426,1.1058341555140927,0.9389140271493213
2024-10-10 08:00:00,0.0,160.0,408,418,392,165320.97845026542,197435.9548078474,164908.71875048627,197028.44779024526,1.1942583249786616,1.194772776619273,0.9607843137254902
2024-10-10 08:00:00,0.0,170.0,445,451,426,173933.36388227777,180096.68270948154,173460.30109706047,179637.3888724603,1.035434942955368,1.0356109596047767,0.9573033707865168
2024-10-10 08:00:00,0.0,180.0,365,358,342,170130.6285969587,186063.9037978183,168703.1338314867,185851.2875945127,1.0936531848042816,1.1016469189016658,0.936986301369863
2024-10-10 08:00:00,0.0,190.0,393,393,379,145980.53921273048,172891.01191691885,145636.7994839631,172560.08217576996,1.1843428778199883,1.184865932149048,0.9643765903307888
2024-10-10 08:00:00,0.0,200.0,517,513,489,123648.10451907889,152864.24304742715,122763.86626896892,152465.10611581203,1.2362845645065283,1.2419379639100752,0.9458413926499033
2024-10-10 08:00:00,0.0,210.0,618,620,598,179881.83086983446,208669.9921882351,179174.17291648226,208212.78323740012,1.1600392945701794,1.1620691746374268,0.9676375404530745
2024-10-10 08:00:00,0.0,220.0,510,503,483,136443.54158620912,166582.37216755873,135791.25016980834,166339.50967116543,1.2208886564433465,1.224964859393784,0.9470588235294117
2024-10-10 08:00:00,0.0,230.0,440,435,401,59351.65456524829,68050.42553861754,57313.83359920448,67505.47611241665,1.1465632430483677,1.177821685851313,0.9113636363636364
2024-10-10 08:00:00,0.0,240.0,404,410,375,56724.62478004895,71281.25193942433,56069.61232507694,70797.51257862643,1.2566191881536288,1.2626716976062002,0.9282178217821783
2024-10-10 08:00:00,0.0,250.0,486,509,480,223037.51253457135,260254.5644157388,222851.39882969463,259886.76870951557,1.166864539772872,1.1661886354508537,0.9876543209876543
2024-10-10 08:00:00,0.0,260.0,545,574,541,310991.82001453097,354703.408369215,310748.95485858654,354230.3803467203,1.1405554279615508,1.1399246073343061,0.9926605504587156
2024-10-10 08:00:00,0.0,270.0,507,517,499,322808.72315735056,376522.9668670968,322348.12671748793,376202.5504520844,1.166396506216976,1.1670691382109242,0.9842209072978304
2024-10-10 08:00:00,0.0,280.0,440,471,435,315221.19543362316,366383.8131090543,315025.0188542381,365941.39914291946,1.1623070352393374,1.1616264653323942,0.9886363636363636
2024-10-10 08:00:00,0.0,290.0,364,383,352,186395.55113593012,214339.47772346297,185036.62665986727,213909.8685586088,1.149917347368203,1.1560406845927649,0.967032967032967
2024-10-10 08:00:00,0.0,300.0,138,146,133,15071.861313843663,17894.617135007,14909.121088150303,17713.934243180178,1.1872864779196586,1.1881273308095355,0.9637681159420289
2024-10-10 08:00:00,0.0,310.0,81,83,79,24537.414710875604,24747.760211865116,24502.276322934533,24534.37498173171,1.0085724394141768,1.0013100276225002,0.9753086419753086
2024-10-10 08:00:00,0.0,320.0,41,36,36,6138.3985101131475,6538.043418924284,5935.726649825559,6538.043418924284,1.0651057288236847,1.1014731311989283,0.8780487804878049
2024-10-10 08:00:00,0.0,330.0,7,7,7,263.33495365218914,308.0768419485164,263.33495365218914,308.0768419485164,1.1699048594795434,1.1699048594795434,1.0
2024-10-10 08:00:00,0.0,340.0,5,8,5,88.40912499824394,170.36643810643028,88.40912499824394,129.69778523633732,1.9270232355519212,1.467018084829066,1.0
2024-10-10 16:00:00,8.0,0.0,27,21,21,15316.00254446453,10231.026710047105,14526.325650990431,10231.026710047105,0.6679958873305865,0.7043093316133618,0.7777777777777778
2024-10-10 16:00:00,8.0,10.0,98,91,91,66214.78148916576,52655.18573227352,65334.94608562957,52655.18573227352,0.7952179943520482,0.8059268261010326,0.9285714285714286
2024-10-10 16:00:00,8.0,20.0,140,134,134,51725.80436107435,39094.749997819716,50862.89296752466,39094.749997819716,0.7558074829521648,0.7686300899711158,0.9571428571428572
2024-10-10 16:00:00,8.0,30.0,138,132,131,28496.226664878715,22851.6168116571,28342.12460942429,22839.323598309755,0.8019172882219338,0.8058437365953592,0.9492753623188406
2024-10-10 16:00:00,8.0,40.0,145,132,131,36481.979508973294,26039.632847733752,36026.3633016564,26026.92523963005,0.7137669939573567,0.722441091866561,0.903448275862069
2024-10-10 16:00:00,8.0,50.0,176,164,164,99541.21897536359,66615.48378016523,99203.06912057352,66615.48378016523,0.6692251156443296,0.6715062786938513,0.9318181818181818
2024-10-10 16:00:00,8.0,60.0,213,201,195,112494.27227942135,77283.03119664453,111743.04039212945,77204.59142606391,0.6869952543422245,0.690911855943216,0.9154929577464789
2024-10-10 16:00:00,8.0,70.0,291,280,276,164138.9420980056,128727.03172563454,163395.5874030891,128684.09630760492,0.784256496845051,0.7875616370847728,0.9484536082474226
2024-10-10 16:00:00,8.0,80.0,298,286,282,146989.83057404513,125949.6350614173,146058.07865681165,125907.1438768228,0.8568595158559015,0.8620347811959316,0.9463087248322147
2024-10-10 16:00:00,8.0,90.0,337,327,322,130953.17956334983,132318.10494628793,130496.0938062162,132251.14387977612,1.0104230029961037,1.0134490621318224,0.9554896142433235
2024-10-10 16:00:00,8.0,100.0,378,353,351,157452.95041616153,162167.30669024118,156629.24254242855,162124.7173652933,1.0299413650974416,1.0350858800927683,0.9285714285714286
2024-10-10 16:00:00,8.0,110.0,498,491,478,145092.31966518657,150039.23186623992,144433.65012294464,149823.88521770187,1.0340949280600709,1.0373198011001519,0.9598393574297188
2024-10-10 16:00:00,8.0,120.0,446,424,418,81646.9681332839,83267.21081530314,81077.87258706286,83187.00989804714,1.0198444929317436,1.0260137229022561,0.9372197309417041
2024-10-10 16:00:00,8.0,130.0,328,319,307,69383.1491810084,73267.10717117661,68524.14523011305,73039.79059446897,1.0559784044975482,1.065898601860582,0.9359756097560976
2024-10-10 16:00:00,8.0,140.0,298,284,276,80929.88699175973,92254.59887961565,80300.0279249074,92092.5884971589,1.1399323823226022,1.1468562449726583,0.9261744966442953
2024-10-10 16:00:00,8.0,150.0,415,405,396,119307.20694626673,129287.02579401367,118877.65561236814,129133.86472738607,1.083648080473811,1.0862753312402207,0.9542168674698795
2024-10-10 16:00:00,8.0,160.0,401,399,388,157527.58786954643,177770.36814440752,157234.71827616633,177596.02805673963,1.1285030803088585,1.1294962715855845,0.9675810473815462
2024-10-10 16:00:00,8.0,170.0,425,421,410,148420.33370572928,160619.23568681226,147836.0876904854,160426.06267654806,1.0821915816822616,1.0851617164844178,0.9647058823529412
2024-10-10 16:00:00,8.0,180.0,346,347,341,148296.56345748008,164598.44392196217,147444.7886985381,164496.8525478116,1.1099275673313644,1.1156505021288867,0.9855491329479769
2024-10-10 16:00:00,8.0,190.0,380,377,370,134889.3913403864,151300.5515819088,134623.2565449615,151095.96205422608,1.121663831962216,1.1223615141397432,0.9736842105263158
2024-10-10 16:00:00,8.0,200.0,498,490,477,118037.62686245271,135307.83317463147,117678.2107285384,135132.93283717294,1.1463110261637455,1.1483258625413613,0.9578313253012049
2024-10-10 16:00:00,8.0,210.0,610,607,590,159591.91357198288,181020.40480346294,158939.04612668106,180655.2997797422,1.13427053258444,1.1366325908093873,0.9672131147540983
2024-10-10 16:00:00,8.0,220.0,494,488,477,128271.94848083353,144276.0732608897,127892.95155561375,144074.85281012236,1.1247671448792838,1.1265269200349324,0.9655870445344129
2024-10-10 16:00:00,8.0,230.0,410,409,391,53103.22639092709,59151.25061406876,52671.936457766176,58893.41081202273,1.1138918411212582,1.1181174411395547,0.9536585365853658
2024-10-10 16:00:00,8.0,240.0,384,388,369,52788.456656654176,60867.878383136995,52461.901725455085,60504.389955805746,1.1530528118871302,1.1533015000569138,0.9609375
2024-10-10 16:00:00,8.0,250.0,490,493,481,202723.6153831522,228667.5766233767,202453.25124891597,228521.1626300769,1.127977005496818,1.1287601518886474,0.9816326530612245
2024-10-10 16:00:00,8.0,260.0,556,560,549,274772.84579810326,310912.05800473853,274550.2867229398,310774.6481674706,1.131523957913911,1.1319407161322192,0.987410071942446
2024-10-10 16:00:00,8.0,270.0,505,511,498,289513.1747167915,331011.8249608347,288981.7285516676,330776.45062740694,1.1433394189561086,1.1446275592758344,0.9861386138613861
2024-10-10 16:00:00,8.0,280.0,448,461,443,283701.7646627797,321437.4380879427,283560.014587878,321210.7936138552,1.1330117684323089,1.1327788725102808,0.9888392857142857
2024-10-10 16:00:00,8.0,290.0,375,367,357,166185.30102674235,190037.72638994813,165368.6767736976,189900.30337917345,1.1435290920185983,1.1483450619795832,0.952
2024-10-10 16:00:00,8.0,300.0,130,134,126,13217.468800196777,14900.244406378592,13076.79263511068,14793.144702802241,1.1273145132112408,1.1312517614665865,0.9692307692307692
2024-10-10 16:00:00,8.0,310.0,78,79,76,20240.212329817565,21322.62985912346,19996.333942994304,21271.54991085576,1.053478565919553,1.0637724880719062,0.9743589743589743
2024-10-10 16:00:00,8.0,320.0,39,37,36,5312.070850113327,5566.219720489274,5243.569725083831,5505.950765848809,1.0478436522303773,1.050038629125082,0.9230769230769231
2024-10-10 16:00:00,8.0,330.0,7,7,7,227.48296706806101,270.89713798417927,227.48296706806101,270.89713798417927,1.1908458091419614,1.1908458091419614,1.0
2024-10-10 16:00:00,8.0,340.0,5,6,5,93.66512247571512,151.50658246171042,93.66512247571512,137.2597708074979,1.6175346645277922,1.4654309649046335,1.0
2024-10-11 00:00:00,16.0,0.0,27,24,24,17648.06567679725,10964.74701889311,17283.40111099343,10964.74701889311,0.621300216108612,0.634409104346874,0.8888888888888888
2024-10-11 00:00:00,16.0,10.0,99,96,96,65419.56868510668,53554.66113880157,65186.527087975286,53554.66113880157,0.8186336629118398,0.8215602752778127,0.9696969696969697
2024-10-11 00:00:00,16.0,20.0,144,137,136,52509.543909624095,40986.33309035158,51510.46260194578,40976.20298227561,0.7805501636215791,0.7954928166521213,0.9444444444444444
2024-10-11 00:00:00,16.0,30.0,137,133,130,27417.4155502266,24513.035497979316,27198.45436478024,24465.068225950898,0.8940680587881566,0.8995021517704752,0.948905109489051
2024-10-11 00:00:00,16.0,40.0,148,137,133,34129.90515277215,26852.2399719948,33694.693507404314,26808.558715060215,0.7867657367285056,0.7956314755962719,0.8986486486486487
2024-10-11 00:00:00,16.0,50.0,181,165,164,97089.39574789863,69362.94069467332,96523.04509910443,69339.49085004802,0.7144234461483359,0.718372392612087,0.9060773480662984
2024-10-11 00:00:00,16.0,60.0,221,202,199,111724.41394315095,80820.66654877251,110913.91665066316,80774.32715338629,0.7233930677846,0.7282614264519648,0.9004524886877828
2024-10-11 00:00:00,16.0,70.0,288,281,276,166964.61714250717,131009.37171994358,166572.0549244586,130941.03152339313,0.7846535030121072,0.7860924305867251,0.9583333333333334
2024-10-11 00:00:00,16.0,80.0,303,288,284,139659.7338509311,121996.62181782423,139038.04401644747,121944.690867382,0.8735275261804524,0.8770598847963985,0.9372937293729373
2024-10-11 00:00:00,16.0,90.0,345,327,322,124995.48397636396,128101.45215724214,124397.56408332713,128033.7131535233,1.0248486431835049,1.0292300664968046,0.9333333333333333
2024-10-11 00:00:00,16.0,100.0,379,353,350,154485.5289243109,160098.4130420784,153484.19625604598,160065.0564910278,1.0363327501083774,1.0428764680371616,0.9234828496042217
2024-10-11 00:00:00,16.0,110.0,501,494,483,140039.20317129028,147636.71161868394,139524.49835439076,147496.0527472899,1.0542527254893095,1.057133725524327,0.9640718562874252
2024-10-11 00:00:00,16.0,120.0,452,446,434,75277.52740660644,78589.8658741013,74819.38016423947,78428.5166658604,1.0440016905656782,1.0482379898590224,0.9601769911504425
2024-10-11 00:00:00,16.0,130.0,328,333,321,65284.736886674014,69029.47920673116,65164.726226865736,68882.5691938491,1.057360150299105,1.057052997568654,0.9786585365853658
2024-10-11 00:00:00,16.0,140.0,296,282,268,78112.47737452443,83474.77052051363,77453.90941741949,83229.8673027148,1.0686483558865854,1.07457283859188,0.9054054054054054
2024-10-11 00:00:00,16.0,150.0,428,426,412,111677.56542991757,120339.38205056565,111284.96533658562,120138.69602369764,1.0775609370360402,1.0795590910266593,0.9626168224299065
2024-10-11 00:00:00,16.0,160.0,400,399,388,146498.58836552576,162093.84373086254,146061.86970715888,161901.72656838995,1.106453280808586,1.1084462145595464,0.97
2024-10-11 00:00:00,16.0,170.0,436,439,424,148094.38639530243,161727.4027829623,147336.47563712613,161312.47344158276,1.0920562670840865,1.0948576904939549,0.9724770642201835
2024-10-11 00:00:00,16.0,180.0,361,361,352,148049.20336079548,161534.30739794986,147831.6374597086,161409.43925859695,1.0910852860470395,1.0918463870941628,0.9750692520775623
2024-10-11 00:00:00,16.0,190.0,384,384,376,127998.8933178102,142167.39504308876,127877.61332539658,142020.6287856797,1.1106923767700037,1.1105980561608926,0.9791666666666666
2024-10-11 00:00:00,16.0,200.0,506,518,488,111915.82529516268,127184.6098400465,111614.88399056067,126654.97189199275,1.1364309694774128,1.1347498412729975,0.9644268774703557
2024-10-11 00:00:00,16.0,210.0,617,620,601,158747.78075281635,180606.94769374357,158298.52490082567,180269.11151575038,1.1376974647284284,1.1387921121102633,0.9740680713128039
2024-10-11 00:00:00,16.0,220.0,500,508,490,122846.51505021489,137373.725658687,122440.20115213771,137130.65566924008,1.1182549672046778,1.1199806467064586,0.98
2024-10-11 00:00:00,16.0,230.0,436,435,416,53835.45861415834,58322.802945082105,53256.74407938776,58031.19435801787,1.083352950758436,1.0896496840196055,0.9541284403669725
2024-10-11 00:00:00,16.0,240.0,389,395,369,51072.39089693688,59319.227987562204,50676.25019685844,58964.534748553706,1.1614734878433102,1.1635536275769882,0.9485861182519281
2024-10-11 00:00:00,16.0,250.0,481,492,475,195548.63583568152,219449.59131594046,195368.62196612253,219189.79116342758,1.1222251199969648,1.121929350566007,0.9875259875259875
2024-10-11 00:00:00,16.0,260.0,542,560,537,265950.50379001413,299014.38632021425,265721.28250861255,298696.79729563755,1.124323443870241,1.1240981319814163,0.9907749077490775
2024-10-11 00:00:00,16.0,270.0,503,510,500,275780.28585331235,315897.90671860904,275716.21350869007,315717.5232588288,1.145469502075414,1.145081456186754,0.9940357852882704
2024-10-11 00:00:00,16.0,280.0,436,452,434,267842.24201490474,304216.57626000454,267821.39066484396,303987.31723327714,1.1358050693253816,1.1350374832968133,0.9954128440366973
2024-10-11 00:00:00,16.0,290.0,361,375,353,159036.25918191,182880.0496509571,158480.75374597893,182598.30891185752,1.1499267562736994,1.1521797101276754,0.9778393351800554
2024-10-11 00:00:00,16.0,300.0,135,146,131,13474.930396968488,15073.986079531569,13355.663942848056,14872.961164819426,1.1186689382026662,1.1136070230925421,0.9703703703703703
2024-10-11 00:00:00,16.0,310.0,78,82,77,21057.514425897087,22124.915051797925,21031.600357557356,22040.395117206728,1.050689772986128,1.0479656679710005,0.9871794871794872
2024-10-11 00:00:00,16.0,320.0,41,38,38,5510.656021006055,5705.820797081645,5380.85219591929,5705.820797081645,1.0354158879326965,1.06039351934045,0.926829268292683
2024-10-11 00:00:00,16.0,330.0,7,7,7,246.14354484445144,288.84034933665134,246.14354484445144,288.84034933665134,1.1734630275158418,1.1734630275158418,1.0
2024-10-11 00:00:00,16.0,340.0,3,7,3,62.388523253330604,129.7508442842112,62.388523253330604,86.57000499933287,2.0797229605412157,1.3875950332693816,1.0
2024-10-11 08:00:00,24.0,0.0,27,26,26,22481.085174140004,14361.20443933052,22378.97650256304,14361.20443933052,0.6388127765224704,0.6417274908745602,0.9629629629629629
2024-10-11 08:00:00,24.0,10.0,99,96,96,73929.437792255,68598.18399683079,73600.3548888806,68598.18399683079,0.92788726717488,0.9320360492880514,0.9696969696969697
2024-10-11 08:00:00,24.0,20.0,144,139,137,59748.49316704928,52582.24345022928,58790.52255282278,52523.21601806846,0.8800597414769262,0.8933959716190105,0.9513888888888888
2024-10-11 08:00:00,24.0,30.0,143,139,136,29197.126154140267,29892.4410490062,29043.10910854453,29860.291632374458,1.023814497741838,1.0281368816532632,0.951048951048951
2024-10-11 08:00:00,24.0,40.0,148,143,139,37866.13801012268,33910.46918179141,37465.11960972307,33856.88246500932,0.8955354563152491,0.9036907613721503,0.9391891891891891
2024-10-11 08:00:00,24.0,50.0,181,171,168,110491.8887302521,90312.31119967825,110075.14822610201,90276.31029265163,0.8173659825850295,0.8201334429022781,0.9281767955801105
2024-10-11 08:00:00,24.0,60.0,225,215,209,124652.86806654191,105657.60169289085,124135.3324674849,105585.9700092853,0.8476146865428635,0.8505714522248669,0.9288888888888889
2024-10-11 08:00:00,24.0,70.0,294,291,281,197512.30224535044,167989.10097569798,196909.21125983578,167873.14885238948,0.8505247474003992,0.8525408627576536,0.95578231292517
2024-10-11 08:00:00,24.0,80.0,307,300,291,159000.68713998614,151416.03434773334,158515.27649406047,151286.70284535387,0.9522979873314938,0.9543982522783698,0.9478827361563518
2024-10-11 08:00:00,24.0,90.0,352,346,334,137830.63000310888,152695.8570374058,137373.6921964251,152347.36809770582,1.1078514045387562,1.1089995883627446,0.9488636363636364
2024-10-11 08:00:00,24.0,100.0,387,374,364,174532.61635072887,193054.1784135312,173627.03686786405,192897.50791649875,1.1061209214075072,1.110987732073664,0.9405684754521964
2024-10-11 08:00:00,24.0,110.0,503,503,494,155782.09826114145,175170.05184080836,155459.52602526895,174991.06855159832,1.1244555940385808,1.125637476362527,0.9821073558648111
2024-10-11 08:00:00,24.0,120.0,453,452,439,84081.51984207291,94410.93240404004,83700.87600741012,94224.92448577628,1.1228499744220664,1.125734030279856,0.9690949227373068
2024-10-11 08:00:00,24.0,130.0,337,344,329,72942.19182260426,79518.99875995275,72488.89633380607,79330.48970070858,1.090164646455145,1.0943812599297618,0.9762611275964391
2024-10-11 08:00:00,24.0,140.0,299,303,285,84347.80319786932,90929.04044831247,84004.32267164873,90517.38924336049,1.0780249988847297,1.0775325169535581,0.9531772575250836
2024-10-11 08:00:00,24.0,150.0,438,445,428,129329.11288224102,140974.7594052586,129105.16386168463,140698.2309403314,1.0900465971155417,1.0897955335935818,0.9771689497716894
2024-10-11 08:00:00,24.0,160.0,409,417,399,167757.11682908612,183693.98100585956,167366.93157261726,182945.34176128954,1.0949996308830832,1.0930793797932126,0.9755501222493888
2024-10-11 08:00:00,24.0,170.0,450,461,441,174130.57232786942,194661.48017304167,173859.74423844373,194107.36968959944,1.1179052453035916,1.1164595377719333,0.98
2024-10-11 08:00:00,24.0,180.0,369,369,356,168563.76957478188,185347.37572452571,168322.13819997825,185183.005796068,1.0995682891530136,1.1001702317734219,0.964769647696477
2024-10-11 08:00:00,24.0,190.0,396,397,388,145365.81991929203,162760.41023675658,145233.84686291634,162611.66675372064,1.1196608000912602,1.1196540631964869,0.9797979797979798
2024-10-11 08:00:00,24.0,200.0,521,534,505,123827.80389049844,141974.65106304424,123529.68307337837,141542.49467578693,1.146549051201725,1.145817678425587,0.9692898272552783
2024-10-11 08:00:00,24.0,210.0,621,636,609,178952.30809712922,205921.03481971193,178567.59232730547,205313.89482988426,1.1507034304801758,1.1497825117872125,0.9806763285024155
2024-10-11 08:00:00,24.0,220.0,505,523,495,137373.62839983817,156301.04112376526,136848.0760087166,155939.7627876927,1.1377805401546006,1.139510085459733,0.9801980198019802
2024-10-11 08:00:00,24.0,230.0,444,448,419,60159.833353057635,66903.63589091072,59370.43708391879,66521.40509531886,1.1120980920654484,1.1204466121967795,0.9436936936936937
2024-10-11 08:00:00,24.0,240.0,403,404,384,56791.344577321615,66466.60290204565,56357.57127051047,66193.94519977807,1.1703650159497656,1.1745350927571743,0.9528535980148883
2024-10-11 08:00:00,24.0,250.0,483,502,479,222967.01402173797,251305.05846172274,222812.31885878363,251011.58060753415,1.1270952322894812,1.126560604427904,0.9917184265010351
2024-10-11 08:00:00,24.0,260.0,549,566,546,308588.9380059611,345096.7008901434,308457.8557091481,344805.18252137926,1.1183054814605087,1.1178356334244373,0.994535519125683
2024-10-11 08:00:00,24.0,270.0,506,513,502,321631.6294828624,364214.72036772955,321498.4593911619,364017.985475775,1.132397087168742,1.1322542141108063,0.9920948616600791
2024-10-11 08:00:00,24.0,280.0,442,456,437,315133.7296494086,354163.7987911566,315077.8994623305,353929.7323747084,1.1238524012810993,1.1233086578864375,0.9886877828054299
2024-10-11 08:00:00,24.0,290.0,370,376,361,188730.909118543,212099.96082858508,188009.29461328834,211920.39372250572,1.1238220693112004,1.12718040966219,0.9756756756756757
2024-10-11 08:00:00,24.0,300.0,137,143,133,15178.858534911858,17037.083671461693,15113.970533119496,16911.27275579818,1.122421928650027,1.1189166155075019,0.9708029197080292
2024-10-11 08:00:00,24.0,310.0,81,81,78,25280.939599090314,25946.020058194943,25214.35585839848,25886.2534205785,1.0263075846725476,1.0266474212529297,0.9629629629629629
2024-10-11 08:00:00,24.0,320.0,43,39,39,6381.635374206277,6538.413734123969,6289.390376639891,6538.413734123969,1.0245671134003314,1.0395941963483462,0.9069767441860465
2024-10-11 08:00:00,24.0,330.0,8,7,7,301.2414722986963,299.24765505541814,276.462947948933,299.24765505541814,0.9933813321649776,1.082415047931464,0.875
2024-10-11 08:00:00,24.0,340.0,8,9,8,137.43477041916444,155.9411958471529,137.43477041916444,144.8800594874722,1.134656065357736,1.0541732564881527,1.0
2024-10-11 16:00:00,32.0,0.0,27,26,26,15972.823362843348,12541.853294509176,15914.929752552676,12541.853294509176,0.7851995235660442,0.7880558374753445,0.9629629629629629
2024-10-11 16:00:00,32.0,10.0,98,95,95,65401.922645730476,65287.748234103594,65070.311313228,65287.748234103594,0.9982542652110498,1.0033415687813283,0.9693877551020408
2024-10-11 16:00:00,32.0,20.0,141,136,134,51333.78610390691,49328.35707350224,50515.273408873065,49269.74921349768,0.96093354528058,0.9753436117173107,0.950354609929078
2024-10-11 16:00:00,32.0,30.0,139,137,133,27569.440898826477,29657.11156681666,27374.480690904034,29611.5014204151,1.0757240843458327,1.0817192024488114,0.9568345323741008
2024-10-11 16:00:00,32.0,40.0,146,142,138,35942.82104663526,32763.63291055151,35657.3514098451,32716.950946338402,0.9115487309146156,0.9175373282858345,0.9452054794520548
2024-10-11 16:00:00,32.0,50.0,177,171,170,99471.01737833419,85667.02216958028,99249.18239768155,85655.25994072514,0.8612259573434244,0.8630323985694217,0.96045197740113
2024-10-11 16:00:00,32.0,60.0,213,210,203,109964.20322429942,100656.81792783731,109620.04108042759,100573.4339438546,0.9153598623592318,0.9174730546767854,0.9530516431924883
2024-10-11 16:00:00,32.0,70.0,289,288,281,166792.5405941212,154238.47175856453,166631.18005734897,154158.85417666478,0.9247324323327732,0.9251501077025823,0.972318339100346
2024-10-11 16:00:00,32.0,80.0,301,297,291,145490.24888630718,142247.33681829984,145254.2443464097,142176.04046147713,0.9777104507495791,0.9788081656492494,0.9667774086378738
2024-10-11 16:00:00,32.0,90.0,337,332,326,127916.48400716459,143200.2379154567,127585.76636468028,143106.62477679137,1.1194822858595463,1.1216503913747524,0.9673590504451038
2024-10-11 16:00:00,32.0,100.0,379,358,353,156604.11718852096,176402.2911806429,155929.6661693279,176252.23841779924,1.1264217975079722,1.1303316600857887,0.9313984168865436
2024-10-11 16:00:00,32.0,110.0,498,499,486,142934.3109596541,164525.81588025414,142627.71395806439,164319.55546734983,1.151058935924032,1.152087142865259,0.9759036144578314
2024-10-11 16:00:00,32.0,120.0,445,446,437,80275.01420002442,91384.24942755407,80126.21052964719,91237.21690594548,1.138389701182093,1.138668811402071,0.9820224719101124
2024-10-11 16:00:00,32.0,130.0,332,330,321,69007.45104697564,78205.28513196802,68479.57225716286,78084.25508976812,1.1332875500463149,1.140256174447711,0.9668674698795181
2024-10-11 16:00:00,32.0,140.0,297,296,284,82037.21703209556,90539.71149813777,81744.51034624301,90253.31443879382,1.1036419173351013,1.1040902203280722,0.9562289562289562
2024-10-11 16:00:00,32.0,150.0,414,423,406,123077.4912740886,133560.5947508341,122857.54986405044,133242.22569121374,1.0851748225303037,1.0845261511291295,0.9806763285024155
2024-10-11 16:00:00,32.0,160.0,401,406,390,161343.92857039816,177474.8296697535,161007.09038565587,177236.70683647273,1.0999783582951312,1.1008006318972816,0.972568578553616
2024-10-11 16:00:00,32.0,170.0,435,433,422,149409.37650272253,169854.28120063798,149137.44287118898,169528.439123809,1.136838163550886,1.1367262027566871,0.9701149425287356
2024-10-11 16:00:00,32.0,180.0,344,350,342,147130.1450468857,166587.15281145336,146991.5070294963,166466.9287851112,1.132243516502803,1.1324935171370603,0.9941860465116279
2024-10-11 16:00:00,32.0,190.0,380,387,376,132222.70081626874,151218.4276339764,132074.57636865054,151049.45134502466,1.143664640794952,1.143667884448941,0.9894736842105263
2024-10-11 16:00:00,32.0,200.0,498,498,482,115357.85511978656,133022.32803357625,115046.80069250977,132766.1190657782,1.1531276122934764,1.1540183496334468,0.9678714859437751
2024-10-11 16:00:00,32.0,210.0,612,611,596,157991.8411170802,182588.36325744004,157655.74308160687,182326.25602087897,1.1556822299585237,1.1564834395312955,0.9738562091503268
2024-10-11 16:00:00,32.0,220.0,496,487,480,127097.81526438975,143691.40453475434,126627.64379586418,143598.48655976696,1.1305576278856289,1.1340216263619451,0.967741935483871
2024-10-11 16:00:00,32.0,230.0,420,415,398,52545.67102318224,59919.26011089189,52014.82717986079,59655.47002079955,1.1403272418855694,1.146893554303629,0.9476190476190476
2024-10-11 16:00:00,32.0,240.0,378,392,367,51544.60897407633,59352.51696030972,51287.92014398408,58953.17998297595,1.1514786539589479,1.1494554627575588,0.9708994708994709
2024-10-11 16:00:00,32.0,250.0,493,508,489,199637.71586767875,224718.57152190097,199516.57473638115,224473.0971049487,1.1256318504006828,1.1250849579867854,0.9918864097363083
2024-10-11 16:00:00,32.0,260.0,552,559,544,270987.7640604795,300995.2767718176,270652.454562301,300709.72035518475,1.110733828943808,1.1110548427927334,0.9855072463768116
2024-10-11 16:00:00,32.0,270.0,505,509,501,287101.6044822497,320241.6249538322,286994.4368385001,320072.836121534,1.1154295899228643,1.1152579807728051,0.9920792079207921
2024-10-11 16:00:00,32.0,280.0,441,462,438,281851.01042127644,312053.21109579556,281624.749639113,311753.64106620767,1.107156616644292,1.1069823993299708,0.9931972789115646
2024-10-11 16:00:00,32.0,290.0,376,372,359,167727.45345771202,183158.1685716664,166770.22832400116,182979.91806449712,1.0919987443668238,1.0971977426870447,0.9547872340425532
2024-10-11 16:00:00,32.0,300.0,132,137,126,13234.068149109271,14487.791837059236,13047.866274875612,14308.524639270669,1.094734564899029,1.0966179709262136,0.9545454545454546
2024-10-11 16:00:00,32.0,310.0,80,81,79,21357.436022109378,22153.992561884574,21096.312079908053,22121.09648094356,1.0372964497681554,1.0485764714303552,0.9875
2024-10-11 16:00:00,32.0,320.0,39,36,35,5785.0654776892525,5550.77100131409,5694.04401681476,5443.734781806972,0.9595001167612113,0.9560401650797546,0.8974358974358975
2024-10-11 16:00:00,32.0,330.0,8,7,7,281.5699466185664,271.9617819987229,257.4801627120815,271.9617819987229,0.9658764554412501,1.0562436310980392,0.875
2024-10-11 16:00:00,32.0,340.0,8,9,8,160.98383055739808,184.33766794554788,160.98383055739808,171.42788227835473,1.1450694601270721,1.0648764020883008,1.0
2024-10-12 00:00:00,40.0,0.0,27,26,26,15485.722303150553,12866.30648093043,15414.142515362204,12866.30648093043,0.8308496193498701,0.8347078968620848,0.9629629629629629
2024-10-12 00:00:00,40.0,10.0,99,96,96,62233.02066068116,64573.30562910794,61987.21669153578,64573.30562910794,1.0376051964629345,1.041719713766811,0.9696969696969697
2024-10-12 00:00:00,40.0,20.0,143,140,138,49924.318267468596,50116.70852932651,49363.03736548885,50057.19063909093,1.0038536382375256,1.0140622074865955,0.965034965034965
2024-10-12 00:00:00,40.0,30.0,142,139,133,27535.964694955142,30297.802172002084,27252.66541148543,30195.69166001917,1.100299281599273,1.107990400355241,0.9366197183098591
2024-10-12 00:00:00,40.0,40.0,149,147,140,34782.27581823429,32758.326307562707,34475.836850954576,32675.440979867504,0.9418108946853172,0.947778037154819,0.9395973154362416
2024-10-12 00:00:00,40.0,50.0,178,171,171,94417.87852697838,88634.19919142031,94167.02419902786,88634.19919142031,0.9387438118099055,0.9412445592852804,0.9606741573033708
2024-10-12 00:00:00,40.0,60.0,220,214,208,105653.17526137369,101006.78664271298,105275.36435696433,100941.46477947495,0.956022252931196,0.9588327278280022,0.9454545454545454
2024-10-12 00:00:00,40.0,70.0,287,285,277,153585.29534075368,149418.5499869851,153169.03167237173,149314.03068860024,0.9728701543691146,0.974831720605133,0.9651567944250871
2024-10-12 00:00:00,40.0,80.0,305,303,290,133144.05646472127,134048.57630617695,132758.31503549326,133862.40861091297,1.0067935427646773,1.0083165681571398,0.9508196721311475
2024-10-12 00:00:00,40.0,90.0,339,335,328,121648.1490844221,137899.55576983123,121044.34209437364,137811.33711871802,1.133593538477358,1.1385194444798732,0.967551622418879
2024-10-12 00:00:00,40.0,100.0,381,364,357,146949.73755518484,168542.12240068094,146164.49942910092,168438.45272433254,1.1469372127145678,1.152389625266263,0.937007874015748
2024-10-12 00:00:00,40.0,110.0,506,500,490,135903.76345590764,158508.12804010548,135493.51429152468,158325.31153748478,1.1663262591806853,1.1685084143351374,0.9683794466403162
2024-10-12 00:00:00,40.0,120.0,454,447,439,75890.36641712883,86478.24912805464,75632.61184597225,86352.0213847163,1.1395155038879359,1.1417299928842124,0.9669603524229075
2024-10-12 00:00:00,40.0,130.0,332,342,324,64713.509471641766,74200.67897008755,64289.286532375925,73730.23265441011,1.1466026116633834,1.146851001640526,0.9759036144578314
2024-10-12 00:00:00,40.0,140.0,297,308,290,77675.74050357973,86093.00775933592,77521.32213156653,85613.3023452,1.1083641713768828,1.1043839293646212,0.9764309764309764
2024-10-12 00:00:00,40.0,150.0,421,434,413,112608.07632737904,122928.97519328752,112483.61118258785,122572.83892626969,1.0916532739259583,1.0896950910235679,0.9809976247030879
2024-10-12 00:00:00,40.0,160.0,404,409,397,146564.83977124054,162386.26608348056,146440.2192520197,162188.83171905513,1.107948306953661,1.1075429451517855,0.9826732673267327
2024-10-12 00:00:00,40.0,170.0,436,449,427,139129.44316428038,159553.09725909898,138938.23644084076,159004.09535716678,1.1467960600597165,1.1444228704088235,0.9793577981651376
2024-10-12 00:00:00,40.0,180.0,356,361,347,136612.1128882838,157004.99453625572,136364.01942264236,156755.40952422848,1.1492757941943879,1.1495364406822424,0.9747191011235955
2024-10-12 00:00:00,40.0,190.0,388,386,378,124132.64483100818,142366.59445476223,123905.89523894386,142215.17638331372,1.146890849289302,1.1477676353418187,0.9742268041237113
2024-10-12 00:00:00,40.0,200.0,505,517,494,109634.64179027354,127071.71549108972,109354.90986351375,126666.72023467053,1.1590471170067995,1.1583084874082354,0.9782178217821782
2024-10-12 00:00:00,40.0,210.0,624,623,605,151750.45063486212,175885.4241012975,151281.12721223562,175588.22488102686,1.1590438339093194,1.1606750168822466,0.969551282051282
2024-10-12 00:00:00,40.0,220.0,501,504,485,123055.15012874956,141337.21228891477,122574.94658614219,141062.81505406223,1.1485680375103127,1.150829096669663,0.9680638722554891
2024-10-12 00:00:00,40.0,230.0,432,436,418,52255.2018169097,61527.28457667785,51916.07758497978,61216.5368021092,1.1774384642557771,1.1791441042884219,0.9675925925925926
2024-10-12 00:00:00,40.0,240.0,391,405,376,50209.42461892327,58611.969325873004,49949.74334736108,58199.63992825605,1.167349950148262,1.1651639433564942,0.9616368286445013
2024-10-12 00:00:00,40.0,250.0,489,509,482,186994.62942737632,211664.20239959098,186744.23956440788,211297.49060060945,1.1319266390043339,1.1314806341200858,0.9856850715746421
2024-10-12 00:00:00,40.0,260.0,550,570,543,250592.04655746615,280054.88991396094,250502.9750365025,279666.41743048996,1.1175729388112816,1.1164195450762127,0.9872727272727273
2024-10-12 00:00:00,40.0,270.0,505,512,501,258485.15968392446,291341.4540457367,258396.7303097202,291082.7012226836,1.127110950593794,1.1264952961045027,0.9920792079207921
2024-10-12 00:00:00,40.0,280.0,442,464,440,254432.74469663348,282604.8169750409,254411.25420024083,282291.50058659737,1.1107250260260237,1.1095873155218703,0.995475113122172
2024-10-12 00:00:00,40.0,290.0,373,374,360,151279.17034018043,167036.02741541946,150108.3399446359,166744.30828347,1.104157479445496,1.110826409411828,0.9651474530831099
2024-10-12 00:00:00,40.0,300.0,138,139,132,13351.308934913035,14851.937325570198,13222.185729013758,14755.101466384484,1.1123956009086937,1.11593512364654,0.9565217391304348
2024-10-12 00:00:00,40.0,310.0,81,79,78,20478.10219278078,21713.317318947487,20427.253615392066,21688.212634054857,1.0603188281090892,1.0617292486990346,0.9629629629629629
2024-10-12 00:00:00,40.0,320.0,40,37,37,5911.2548594110785,5893.966016599544,5812.083162727167,5893.966016599544,0.9970752668895658,1.014088383042674,0.925
2024-10-12 00:00:00,40.0,330.0,8,8,7,288.30379672872954,303.1153183325149,261.2412152833906,293.0236522619033,1.0513747018660382,1.121659352043802,0.875
2024-10-12 00:00:00,40.0,340.0,8,8,8,139.43511675546034,155.0147301376137,139.43511675546034,155.0147301376137,1.1117337851803624,1.1117337851803624,1.0
2024-10-12 08:00:00,48.0,0.0,27,27,27,19727.083720204217,16611.701036763105,19727.083720204217,16611.701036763105,0.8420758624220579,0.8420758624220579,1.0
2024-10-12 08:00:00,48.0,10.0,100,99,99,71951.66811754323,76089.7100186279,71925.13213956455,76089.7100186279,1.0575114102194905,1.057901567298929,0.99
2024-10-12 08:00:00,48.0,20.0,143,144,141,57782.16099021018,60110.518803779916,57635.10265082419,60050.26472956369,1.0402954436744625,1.0419043598025928,0.986013986013986
2024-10-12 08:00:00,48.0,30.0,146,141,135,29768.301079341225,34696.80763799689,29203.759103676526,34614.10129551789,1.1655622383527953,1.1852618415538239,0.9246575342465754
2024-10-12 08:00:00,48.0,40.0,150,155,143,39755.91148546408,38665.43597556294,39373.67765842406,38509.129863083464,0.9725707330267136,0.9780424931894666,0.9533333333333334
2024-10-12 08:00:00,48.0,50.0,183,183,173,110484.15833927291,107967.55587217127,110119.2561774368,107744.43772007179,0.977222051514628,0.9784341218802057,0.9453551912568307
2024-10-12 08:00:00,48.0,60.0,229,223,215,119531.95586765348,121317.42187139185,119214.10473115128,121216.6192530595,1.014937143718415,1.0167976308375946,0.9388646288209607
2024-10-12 08:00:00,48.0,70.0,294,292,282,185819.25236477278,181592.0747005418,185158.64810666168,181470.35463998912,0.9772511318906137,0.980080360791207,0.9591836734693877
2024-10-12 08:00:00,48.0,80.0,315,313,299,157676.69776376477,159906.1739729391,157028.36946205987,159712.04488638073,1.0141395414845293,1.0170903858552085,0.9492063492063492
2024-10-12 08:00:00,48.0,90.0,349,349,336,138121.13596812292,158415.98970884358,137558.7392955781,158245.27191954956,1.146935178301781,1.1503832670312677,0.9627507163323782
2024-10-12 08:00:00,48.0,100.0,393,383,375,170113.9580854843,197850.19852841325,169280.0557983215,197748.84929053596,1.163045059647552,1.16817570952441,0.9541984732824428
2024-10-12 08:00:00,48.0,110.0,510,504,493,155248.49453128237,181901.95313981455,154667.0712838514,181740.37653052836,1.171682557624812,1.1750424639320345,0.9666666666666667
2024-10-12 08:00:00,48.0,120.0,454,465,445,86802.249832585,99794.28056157212,86637.05413444969,99456.94280713933,1.1496738938684743,1.1479723520238212,0.9801762114537445
2024-10-12 08:00:00,48.0,130.0,341,349,334,73736.22571264916,84625.37159216765,73415.46932211074,84403.46153352583,1.1476770172907087,1.1496686231508677,0.9794721407624634
2024-10-12 08:00:00,48.0,140.0,304,305,292,85039.27733235218,95771.91590171616,84818.72229365646,95437.53858952952,1.1262080171191773,1.1251942496741338,0.9605263157894737
2024-10-12 08:00:00,48.0,150.0,443,453,432,134589.55845958466,146567.13835119674,134387.77758425428,146263.2884398987,1.0889933812748838,1.0883674919633155,0.9751693002257337
2024-10-12 08:00:00,48.0,160.0,417,423,406,173364.2863539046,189654.61827897799,173172.3128316473,189049.03113904293,1.0939659042106193,1.091681620738244,0.973621103117506
2024-10-12 08:00:00,48.0,170.0,451,464,443,168167.02700590462,191346.78149861388,167997.11961025852,190700.67607699355,1.1378376897386393,1.1351425341065708,0.9822616407982262
2024-10-12 08:00:00,48.0,180.0,364,378,358,158902.12011899415,182869.3219900874,158780.27586667647,182469.53609070936,1.1508299691227868,1.1491952328129478,0.9835164835164835
2024-10-12 08:00:00,48.0,190.0,393,398,384,144752.53862408275,167887.899488172,144433.4006665607,167616.12192148453,1.159826978400503,1.1605080344846517,0.9770992366412213
2024-10-12 08:00:00,48.0,200.0,515,533,502,124370.79317070349,143864.3814283341,124013.71614464762,143327.62983994035,1.1567376693567835,1.1557401414595567,0.974757281553398
2024-10-12 08:00:00,48.0,210.0,630,636,611,173966.03680808158,201360.49386246706,173371.39319891564,200752.8792031504,1.157470145075541,1.1579354327090106,0.9698412698412698
2024-10-12 08:00:00,48.0,220.0,506,515,496,139889.01195483963,159553.3632115047,139606.41914755577,159289.41650071857,1.1405710926245824,1.140989200019227,0.9802371541501976
2024-10-12 08:00:00,48.0,230.0,444,452,434,59262.64538996552,69758.25041706195,58959.91093665106,69474.95465699563,1.1771032149852962,1.1783422592283486,0.9774774774774775
2024-10-12 08:00:00,48.0,240.0,405,415,389,57484.90825604564,67013.02724670019,57145.232399260756,66673.02218166838,1.1657499208003432,1.1667293907537049,0.9604938271604938
2024-10-12 08:00:00,48.0,250.0,496,506,484,220873.23004760887,248230.11257096834,220496.1231108608,247962.40157108213,1.123857846047992,1.124565811283729,0.9758064516129032
2024-10-12 08:00:00,48.0,260.0,559,572,556,300657.2681782146,335701.76498063345,300621.0333520676,335407.8039187974,1.1165596195786833,1.115716356167234,0.9946332737030411
2024-10-12 08:00:00,48.0,270.0,515,522,507,312312.55929362297,354619.01738987636,312109.7086815423,354418.68927941844,1.1354619173559353,1.1355580407178094,0.9844660194174757
2024-10-12 08:00:00,48.0,280.0,453,468,450,309575.67264822556,345095.3768877489,309532.25500846247,344787.4625488291,1.1147367425084618,1.1138983319828906,0.9933774834437086
2024-10-12 08:00:00,48.0,290.0,382,387,371,184782.1277225215,204244.72023139038,184512.8121309109,204045.15141521758,1.1053272453821668,1.1058589864775819,0.9712041884816754
2024-10-12 08:00:00,48.0,300.0,142,151,138,15201.180426269355,16981.384990486913,15141.520203607142,16687.597907370673,1.1171096266406497,1.1021084860022978,0.971830985915493
2024-10-12 08:00:00,48.0,310.0,87,84,80,25204.81183301196,26522.96703837455,25054.469232339405,26459.70027211504,1.0522977602092685,1.0560870408686132,0.9195402298850575
2024-10-12 08:00:00,48.0,320.0,45,39,39,7046.7199385597305,6951.306194543553,6757.236682396296,6951.306194543553,0.9864598359452215,1.0287202478274646,0.8666666666666667
2024-10-12 08:00:00,48.0,330.0,8,9,7,355.71951726573496,357.53357971835055,297.81021383769536,335.75042627198764,1.0050996989610228,1.1273972841474451,0.875
2024-10-12 08:00:00,48.0,340.0,8,8,8,171.94819970164272,180.51154497354418,171.94819970164272,180.51154497354418,1.0498018896781718,1.0498018896781718,1.0
2024-10-12 16:00:00,56.0,0.0,27,27,27,16238.977343352952,13960.188960860092,16238.977343352952,13960.188960860092,0.8596716816391379,0.8596716816391379,1.0
2024-10-12 16:00:00,56.0,10.0,98,98,98,64540.54653520783,70119.57339544091,64540.54653520783,70119.57339544091,1.0864422004420065,1.0864422004420065,1.0
2024-10-12 16:00:00,56.0,20.0,139,138,136,50781.00295529905,54607.48025357284,50651.53680013091,54581.419684301014,1.0753525349162976,1.0775866465745605,0.9784172661870504
2024-10-12 16:00:00,56.0,30.0,140,136,132,27351.993267646772,32795.55364011314,27079.186802183925,32740.552677680804,1.1990187815271682,1.209067056439091,0.9428571428571428
2024-10-12 16:00:00,56.0,40.0,145,147,140,36167.93418104634,35313.515742619995,35900.195441107106,35153.475473780534,0.9763763549737353,0.9792001141455752,0.9655172413793104
2024-10-12 16:00:00,56.0,50.0,178,174,171,99314.30646854843,98501.40689997612,99010.63181888105,98469.31719152548,0.9918148794722769,0.9945327626194145,0.9606741573033708
2024-10-12 16:00:00,56.0,60.0,216,212,206,108945.57412484218,111319.88897493636,108590.96890792891,111248.11987794444,1.021793587019638,1.0244693550185417,0.9537037037037037
2024-10-12 16:00:00,56.0,70.0,287,290,281,165214.14633410604,165515.46874762347,165086.0085768513,165416.8316925828,1.0018238293766206,1.002003943996123,0.9790940766550522
2024-10-12 16:00:00,56.0,80.0,298,297,289,143747.65446587387,150637.18146701704,143304.82812156662,150539.8977574615,1.0479279263842094,1.0504872706016388,0.9697986577181208
2024-10-12 16:00:00,56.0,90.0,335,332,326,126258.18577706226,145622.4655984825,125919.60531475575,145398.32573498617,1.1533704900180675,1.154691720733561,0.9731343283582089
2024-10-12 16:00:00,56.0,100.0,378,368,360,154216.29297044085,181334.6306065406,153609.69808314735,181135.51663636958,1.1758461256833455,1.1791932338694058,0.9523809523809523
2024-10-12 16:00:00,56.0,110.0,498,501,487,141383.4905266181,167292.64340941573,140807.70568832458,167095.8348177927,1.1832544435442394,1.186695245128533,0.9779116465863453
2024-10-12 16:00:00,56.0,120.0,443,453,439,79858.66946536879,92935.09932667406,79733.14444596446,92727.12053055491,1.1637446497524724,1.1629683135524216,0.9909706546275395
2024-10-12 16:00:00,56.0,130.0,335,337,326,68745.13928313566,79884.32768030038,68413.2623468772,79755.25533303953,1.162036014666965,1.1657864659143833,0.9731343283582089
2024-10-12 16:00:00,56.0,140.0,299,299,287,82596.76490688139,92767.34476723404,82376.7634391065,92484.05353150098,1.1231353294746935,1.1226958874132735,0.959866220735786
2024-10-12 16:00:00,56.0,150.0,417,425,410,124538.86182466017,137183.6038018214,124316.98838993051,137007.10101375464,1.101532499911264,1.1020786683153918,0.9832134292565947
2024-10-12 16:00:00,56.0,160.0,407,403,395,163181.39506334657,181296.59238292425,162854.9286250295,181188.28194440092,1.111012639109657,1.1125747527210774,0.9705159705159705
2024-10-12 16:00:00,56.0,170.0,437,437,421,147775.61512160997,168571.21227543592,147254.81006269026,168137.89612614855,1.14072414543301,1.1418159858721615,0.9633867276887872
2024-10-12 16:00:00,56.0,180.0,346,352,345,145895.12263335532,167079.12297045402,145884.51041114557,166978.76611245557,1.1452001955564723,1.1445955820933982,0.9971098265895953
2024-10-12 16:00:00,56.0,190.0,382,379,371,130798.73841385765,151616.65108464245,130445.1014416664,151460.42196277506,1.1591598888738153,1.1611047121651132,0.9712041884816754
2024-10-12 16:00:00,56.0,200.0,495,500,480,113810.01718298222,131933.6389694782,113412.36125885954,131626.1222604956,1.159244522012127,1.1605976703021272,0.9696969696969697
2024-10-12 16:00:00,56.0,210.0,613,618,595,155598.4791933128,180364.63362655608,154784.90323690948,179864.76370787423,1.1591670725937766,1.162030404428901,0.9706362153344209
2024-10-12 16:00:00,56.0,220.0,491,488,475,125878.31011634559,143188.67656771245,125475.24053837232,143022.47363943455,1.1375166733281326,1.139846180216694,0.9674134419551935
2024-10-12 16:00:00,56.0,230.0,420,416,407,52082.07602709861,60052.72020542045,51688.51669284146,59815.720362386055,1.1530400626536983,1.1572342212457059,0.969047619047619
2024-10-12 16:00:00,56.0,240.0,382,398,372,52017.633594685154,58411.66181733007,51760.62804988143,57980.11690277622,1.122920397964782,1.1201586821338625,0.9738219895287958
2024-10-12 16:00:00,56.0,250.0,494,505,484,197734.66482724948,222843.966486711,197394.39958500513,222569.87735623776,1.1269848242411022,1.1275389667800133,0.979757085020243
2024-10-12 16:00:00,56.0,260.0,553,564,548,269473.9988521151,298871.8638103099,269383.3859724874,298620.2902440062,1.1090935121140502,1.1085326927864245,0.9909584086799277
2024-10-12 16:00:00,56.0,270.0,501,516,500,284905.911362475,318677.4282934136,284862.68494332,318166.14111091907,1.1185356834803346,1.1169105605187482,0.998003992015968
2024-10-12 16:00:00,56.0,280.0,448,463,445,279280.0581379158,311790.1196445625,278925.2103902702,311501.3548780464,1.1164066697901944,1.1167916820505248,0.9933035714285714
2024-10-12 16:00:00,56.0,290.0,376,371,362,168374.25086761473,185495.72268839166,167399.47427248792,185382.70884055187,1.1016869962749756,1.1074270671769935,0.9627659574468085
2024-10-12 16:00:00,56.0,300.0,134,136,127,13314.258115313962,14702.58365689102,13047.967456945778,14581.602635205287,1.1042735937333388,1.117538243662856,0.9477611940298507
2024-10-12 16:00:00,56.0,310.0,79,81,79,21784.835249315583,22754.594726784613,21784.835249315583,22720.175703542547,1.044515345944583,1.042935392603272,1.0
2024-10-12 16:00:00,56.0,320.0,41,38,38,6206.42389904086,6022.200487297714,6124.865845280792,6022.200487297714,0.9703173011157655,0.9832379417645234,0.926829268292683
2024-10-12 16:00:00,56.0,330.0,8,9,7,290.6801070216588,317.68539670683936,274.6197481841112,295.82899282503035,1.0929038108657652,1.0772313163243454,0.875
2024-10-12 16:00:00,56.0,340.0,8,10,8,177.83397307322113,195.89321678133987,177.83397307322113,173.63866010010906,1.101551145689598,0.9764088216631999,1.0
2024-10-13 00:00:00,64.0,0.0,27,27,27,14930.215647911351,13620.85916369875,14930.215647911351,13620.85916369875,0.9123015691742019,0.9123015691742019,1.0
2024-10-13 00:00:00,64.0,10.0,98,97,97,61048.32906140169,67814.87262143553,61002.13568952426,67814.87262143553,1.110839128016561,1.11168030192558,0.9897959183673469
2024-10-13 00:00:00,64.0,20.0,141,142,139,49212.20935531828,53708.82641471851,49122.17750041277,53656.40355155921,1.0913719810247513,1.092305070374951,0.9858156028368794
2024-10-13 00:00:00,64.0,30.0,140,138,131,27364.1084966309,32822.371867358415,27071.211242267393,32690.776728136487,1.1994679772373926,1.2075845604239177,0.9357142857142857
2024-10-13 00:00:00,64.0,40.0,150,144,140,34839.29887151509,35089.69075566152,34511.10294128513,35039.98505214542,1.0071870529045333,1.0153249843031704,0.9333333333333333
2024-10-13 00:00:00,64.0,50.0,178,176,172,93690.55564846096,97071.0259217229,93431.35427019099,96962.87319601221,1.0360812277167606,1.0377980063909653,0.9662921348314607
2024-10-13 00:00:00,64.0,60.0,220,216,209,104187.64836770143,109955.4191661397,103956.32420666557,109853.98855113497,1.0553594489251021,1.0567321362069788,0.95
2024-10-13 00:00:00,64.0,70.0,286,285,274,149055.3681529903,157599.20038146328,148683.30539123394,157441.08493693994,1.0573198559323513,1.0589022387056937,0.958041958041958
2024-10-13 00:00:00,64.0,80.0,300,306,292,130576.53077270891,141056.0405043683,130291.49501565317,140847.67924080143,1.0802556911999814,1.0810197490164652,0.9733333333333334
2024-10-13 00:00:00,64.0,90.0,339,337,328,119970.51745916028,139715.2334690332,119644.02531372927,139577.7056203233,1.1645797353220078,1.1666082385169185,0.967551622418879
2024-10-13 00:00:00,64.0,100.0,379,375,363,144003.43838573998,170015.24612874124,143447.54120614048,169863.3189983286,1.18063324066835,1.1841493940577725,0.9577836411609498
2024-10-13 00:00:00,64.0,110.0,504,504,490,133811.45715247325,159248.76291395625,133248.4737766437,159013.98161739716,1.19009811493569,1.1933643749191651,0.9722222222222222
2024-10-13 00:00:00,64.0,120.0,443,450,438,75139.7470600693,88115.03856172456,75061.2682070822,87937.87233845491,1.1726821290905114,1.1715479159750963,0.9887133182844243
2024-10-13 00:00:00,64.0,130.0,328,339,323,64213.4034738213,75105.49678893219,64009.092733525125,74775.7392390288,1.1696233609475537,1.16820495410435,0.9847560975609756
2024-10-13 00:00:00,64.0,140.0,294,301,287,77074.04169715545,87449.36967414494,76768.18078460699,86884.4746955091,1.1346150759519908,1.1317771739216538,0.9761904761904762
2024-10-13 00:00:00,64.0,150.0,420,425,409,112297.05363399355,125501.62232828207,112075.10941835564,125169.98376473598,1.1175860654129517,1.1168401656205358,0.9738095238095238
2024-10-13 00:00:00,64.0,160.0,402,406,394,144883.06315192085,161897.60783931718,144710.87708324814,161701.23147584396,1.1174363953746291,1.117408965621995,0.9800995024875622
2024-10-13 00:00:00,64.0,170.0,429,445,422,135763.9929767953,155549.37647607533,135645.4613833637,155061.56140166539,1.1457336593117273,1.14313858952809,0.9836829836829837
2024-10-13 00:00:00,64.0,180.0,346,353,341,133928.73999107291,154986.31972890112,133800.11124169215,154732.48417536946,1.1572297308197763,1.156445108598346,0.9855491329479769
2024-10-13 00:00:00,64.0,190.0,383,391,379,121719.63748846954,141767.80005877072,121656.69280187454,141512.94626428312,1.1647077085010242,1.1632154631619465,0.9895561357702349
2024-10-13 00:00:00,64.0,200.0,498,513,489,107890.26940576345,125501.01615215014,107727.69572090848,125077.58104323572,1.1632283137615924,1.1610531554232424,0.9819277108433735
2024-10-13 00:00:00,64.0,210.0,617,621,602,148965.43196558484,172560.9556692044,148643.05264796506,172072.2534401714,1.1583959673883992,1.1576205572667717,0.9756888168557536
2024-10-13 00:00:00,64.0,220.0,497,502,483,121634.59376979683,138554.52819404623,121260.59430353393,138262.54138962,1.1391046239384144,1.1402099930627716,0.971830985915493
2024-10-13 00:00:00,64.0,230.0,430,430,417,51632.21539751417,59341.66113036542,51389.222461362864,59082.77085605141,1.1493146415178308,1.14971132128868,0.9697674418604652
2024-10-13 00:00:00,64.0,240.0,386,403,377,49069.16505437874,56890.201024551374,48920.689249089075,56553.89323823003,1.1593879977681567,1.1560322249401482,0.9766839378238342
2024-10-13 00:00:00,64.0,250.0,492,502,483,183209.5902700955,208085.6921156798,182978.71643878514,207774.5400981364,1.1357794742562923,1.1355120646922159,0.9817073170731707
2024-10-13 00:00:00,64.0,260.0,546,559,537,245047.54563971597,274531.0784958933,244831.63892329318,274180.5357421621,1.1203176011382125,1.119873791426377,0.9835164835164835
2024-10-13 00:00:00,64.0,270.0,505,513,501,251212.76434517297,284751.2445226373,250971.96337598297,284340.66552544886,1.1335062741134505,1.1329578878078743,0.9920792079207921
2024-10-13 00:00:00,64.0,280.0,445,467,442,247242.4269893656,276717.0843258369,247195.06371759117,276394.5781887276,1.119213590059683,1.1181233720123778,0.9932584269662922
2024-10-13 00:00:00,64.0,290.0,373,376,360,147076.94868791092,162796.61806447632,146550.51420505627,162540.2100978684,1.1068805786141354,1.1091070609990425,0.9651474530831099
2024-10-13 00:00:00,64.0,300.0,134,140,130,12986.275713329713,14783.828825332761,12886.272280814115,14525.099388781395,1.1384194477064704,1.1271761974490688,0.9701492537313433
2024-10-13 00:00:00,64.0,310.0,80,82,79,20313.17070363968,21787.18344376556,20291.324676909317,21742.516686500665,1.0725643850303375,1.0715178546841126,0.9875
2024-10-13 00:00:00,64.0,320.0,41,37,37,6108.483141532572,5902.649883175595,5980.4837967283875,5902.649883175595,0.9663037036220199,0.9869853483098857,0.9024390243902439
2024-10-13 00:00:00,64.0,330.0,8,8,7,293.77459319357644,307.99727010049145,273.4108951436253,296.93822240326136,1.0484135702556936,1.0860511694213097,0.875
2024-10-13 00:00:00,64.0,340.0,8,8,8,164.20202615333693,170.15754794276592,164.20202615333693,170.15754794276592,1.036269478087119,1.036269478087119,1.0
2024-10-13 08:00:00,72.0,0.0,27,27,27,18443.72470656788,17201.035317713562,18443.72470656788,17201.035317713562,0.9326226449036191,0.9326226449036191,1.0
2024-10-13 08:00:00,72.0,10.0,99,98,98,72630.6807839896,80959.01914869051,72598.82531640792,80959.01914869051,1.1146669461831171,1.1151560482672591,0.98989898989899
2024-10-13 08:00:00,72.0,20.0,141,142,139,58181.91355946469,63666.44116964423,58025.49364723668,63610.374131852295,1.094265163770767,1.0962487371252476,0.9858156028368794
2024-10-13 08:00:00,72.0,30.0,145,142,136,30952.050936237836,36935.56140940711,30653.560000616526,36832.768180816754,1.1933154764282177,1.2015820733407783,0.9379310344827586
2024-10-13 08:00:00,72.0,40.0,151,159,148,40569.12750156347,41977.85992853323,40482.97069271245,41750.77427423034,1.0347242475676972,1.0313169601890435,0.9801324503311258
2024-10-13 08:00:00,72.0,50.0,183,181,176,111617.61145206947,116285.44419503085,111163.32612532351,116223.69500279488,1.0418198587322918,1.045521927544399,0.9617486338797814
2024-10-13 08:00:00,72.0,60.0,227,229,218,121932.06649268272,131446.66724068046,121474.04775974485,131077.93109430833,1.078031981427697,1.079061194647587,0.960352422907489
2024-10-13 08:00:00,72.0,70.0,293,292,283,186055.86877080245,193544.16037017654,185568.1845428457,193435.5764434009,1.040247543110821,1.0423962325219531,0.9658703071672355
2024-10-13 08:00:00,72.0,80.0,309,308,294,160539.46821846772,171099.6140169651,159829.2717972167,170910.49892974138,1.065779125318434,1.069331650003286,0.9514563106796117
2024-10-13 08:00:00,72.0,90.0,350,345,336,142402.3898431457,162687.33818167078,142010.5549258617,162578.7927667679,1.142448089255164,1.144835979632951,0.96
2024-10-13 08:00:00,72.0,100.0,389,386,375,172987.70342339796,201845.59131424857,172304.98247895524,201608.6566123354,1.166820457869304,1.1700686405685292,0.9640102827763496
2024-10-13 08:00:00,72.0,110.0,511,511,497,159037.1410670115,186391.19773081993,158581.4055057844,186136.1662497652,1.1719979149542346,1.1737578290222412,0.9726027397260274
2024-10-13 08:00:00,72.0,120.0,454,455,444,89620.09920386053,103370.97407309039,89404.39796161227,103174.84386680539,1.1534351667916645,1.1540242562911252,0.9779735682819384
2024-10-13 08:00:00,72.0,130.0,338,348,331,75374.99966541181,86950.72955671453,75061.38047438143,86650.27966009671,1.1535751899527318,1.1543923001745298,0.9792899408284024
2024-10-13 08:00:00,72.0,140.0,306,319,299,85222.19148339973,96821.80274405268,85105.82868817585,96044.13554315019,1.1361102203398796,1.128525942624351,0.9771241830065359
2024-10-13 08:00:00,72.0,150.0,434,444,423,132765.00920294266,150634.50760815968,132532.7266364169,150107.50275907756,1.13459493967949,1.1326070667124684,0.9746543778801844
2024-10-13 08:00:00,72.0,160.0,416,420,405,172434.15862483796,191435.2563265419,172168.33545106518,191244.88244771436,1.1101933506286552,1.1108017159291828,0.9735576923076923
2024-10-13 08:00:00,72.0,170.0,450,453,436,168145.42412015022,190538.62995297264,167891.7654461673,190105.54969211505,1.1331776106902625,1.1323101474745667,0.9688888888888889
2024-10-13 08:00:00,72.0,180.0,358,371,347,162018.69358896784,184578.15477707004,161762.3925354857,184128.77753345566,1.13923986602024,1.1382669027540715,0.9692737430167597
2024-10-13 08:00:00,72.0,190.0,393,394,385,147299.47696106017,168770.1591790735,147053.31033754617,168557.56630257575,1.145762107652896,1.1462344228475287,0.9796437659033079
2024-10-13 08:00:00,72.0,200.0,514,532,504,127713.91335927235,145270.60580772592,127435.81567506018,144836.11396328796,1.1374689098991493,1.136541663707757,0.980544747081712
2024-10-13 08:00:00,72.0,210.0,630,637,613,176955.11916679237,203568.5464513671,176476.68442161512,202887.0765678547,1.1503964813783643,1.1496537190326135,0.973015873015873
2024-10-13 08:00:00,72.0,220.0,504,507,490,143320.02324667442,163429.07419778628,142851.2392588721,163217.30161344275,1.1403087335291684,1.142568328144943,0.9722222222222222
2024-10-13 08:00:00,72.0,230.0,443,451,431,60830.08404089469,69946.98424101279,60477.92168551534,69625.38588169464,1.1498748578744198,1.1512529521722992,0.9729119638826185
2024-10-13 08:00:00,72.0,240.0,411,425,395,58243.79774921678,67106.8950398679,57916.65118863304,66632.41196513297,1.1521723794319423,1.1504879960706451,0.9610705596107056
2024-10-13 08:00:00,72.0,250.0,502,512,495,224187.99065917605,253007.96336924843,224074.71619573107,252773.66350752307,1.1285527053671944,1.128077579653044,0.9860557768924303
2024-10-13 08:00:00,72.0,260.0,560,574,554,302510.00599362573,338075.18971114804,302425.58991466404,337718.0243739488,1.1175669664238204,1.1166979106141226,0.9892857142857143
2024-10-13 08:00:00,72.0,270.0,512,517,504,317589.66067185765,356210.7377560369,316876.4692238978,356031.7018320205,1.121606846401979,1.12356623609201,0.984375
2024-10-13 08:00:00,72.0,280.0,458,472,454,312987.841020791,349665.3077112528,312937.70938853966,349429.66064510756,1.1171849569965417,1.1166109106117983,0.9912663755458515
2024-10-13 08:00:00,72.0,290.0,383,384,374,185925.03778902118,204173.69234780333,185101.30729180446,204022.08528883517,1.0981506029300359,1.1022185000952094,0.9765013054830287
2024-10-13 08:00:00,72.0,300.0,144,146,137,15295.412053816644,16889.012332269413,15162.010337402964,16645.02172323064,1.1041881233958073,1.0978109995195857,0.9513888888888888
2024-10-13 08:00:00,72.0,310.0,83,82,80,23937.059044606758,25830.465960561414,23890.189800142034,25785.350157900113,1.0790993961466313,1.079327974102023,0.963855421686747
2024-10-13 08:00:00,72.0,320.0,45,41,41,6927.682508270811,6815.502343219545,6795.767371775825,6815.502343219545,0.9838069708134954,1.0029040092698998,0.9111111111111111
2024-10-13 08:00:00,72.0,330.0,8,7,7,321.8639967946428,285.12824818555373,280.4780631670802,285.12824818555373,0.8858656172329601,1.0165794963283934,0.875
2024-10-13 08:00:00,72.0,340.0,8,8,8,159.36281058365103,176.48624447157795,159.36281058365103,176.48624447157795,1.1074493718152558,1.1074493718152558,1.0
2024-10-13 16:00:00,80.0,0.0,27,27,27,15081.422148247999,14622.499332931786,15081.422148247999,14622.499332931786,0.9695703222942058,0.9695703222942058,1.0
2024-10-13 16:00:00,80.0,10.0,98,98,98,64864.814502578585,73518.30580190818,64864.814502578585,73518.30580190818,1.1334080944451879,1.1334080944451879,1.0
2024-10-13 16:00:00,80.0,20.0,140,140,137,51065.648003390714,57287.49927049444,50948.52979834557,57237.60931450772,1.121840248980892,1.123439862564324,0.9785714285714285
2024-10-13 16:00:00,80.0,30.0,137,139,133,28267.25895340579,34211.78069316431,28165.733738416788,34087.6574310077,1.210297070174266,1.2102527755033654,0.9708029197080292
2024-10-13 16:00:00,80.0,40.0,150,148,142,36410.539601260534,38025.52816760962,36080.80336704236,37947.90207685306,1.0443549747967256,1.0517477033650582,0.9466666666666667
2024-10-13 16:00:00,80.0,50.0,178,174,173,98323.14823650889,104824.27465326303,98142.54348366009,104784.71432182136,1.0661199985288934,1.0676788129020431,0.9719101123595506
2024-10-13 16:00:00,80.0,60.0,212,211,203,110640.35752133816,120448.90210778381,110395.1208323875,120289.10916650669,1.0886525026327214,1.0896234204874071,0.9575471698113207
2024-10-13 16:00:00,80.0,70.0,286,289,280,160293.14661429188,174141.28722011566,160195.56889826554,174042.08296391228,1.0863925931851977,1.086435062847713,0.9790209790209791
2024-10-13 16:00:00,80.0,80.0,298,298,289,144944.98920963748,159826.661714903,144598.6114530838,159606.30215803214,1.1026711760538461,1.1037886225471654,0.9697986577181208
2024-10-13 16:00:00,80.0,90.0,335,333,326,129072.94192018383,148856.59071463323,128696.70116381705,148750.59177493182,1.1532749505832385,1.1558228799166212,0.9731343283582089
2024-10-13 16:00:00,80.0,100.0,378,375,367,154909.39821714314,181562.43910133495,154457.78161345943,181291.45635607967,1.1720556737741057,1.1737282153240634,0.9708994708994709
2024-10-13 16:00:00,80.0,110.0,500,501,491,143252.26745941053,168303.76183918453,143054.68108074937,168159.5262267235,1.174876773848429,1.175491252410002,0.982
2024-10-13 16:00:00,80.0,120.0,445,448,442,81180.99508400819,94948.02446389478,81120.03764470817,94867.798643694,1.1695843881396146,1.1694742926426966,0.9932584269662922
2024-10-13 16:00:00,80.0,130.0,328,336,322,69156.61169984577,80703.2034964527,68783.0072652565,80500.79546056417,1.1669629484845434,1.170358765357829,0.9817073170731707
2024-10-13 16:00:00,80.0,140.0,296,301,289,80979.41552742932,93180.77908075452,80689.15701525583,92683.56849294165,1.1506724082145587,1.1486496069777758,0.9763513513513513
2024-10-13 16:00:00,80.0,150.0,416,417,401,117952.12156852699,136341.6106003093,117451.5885791535,136083.13821963329,1.1559063863136918,1.1586317381133038,0.9639423076923077
2024-10-13 16:00:00,80.0,160.0,400,408,395,155875.3262051163,178247.69063580167,155766.1995962728,178059.15529147524,1.1435272982283649,1.143118056118613,0.9875
2024-10-13 16:00:00,80.0,170.0,432,444,422,146256.092345531,169221.4622128415,146121.62158251373,168526.12607352162,1.1570216289729294,1.1533277844056518,0.9768518518518519
2024-10-13 16:00:00,80.0,180.0,348,352,345,145784.48771395982,166346.31190704525,145743.60917857895,166265.09591826066,1.1410426069022466,1.1408053969250675,0.9913793103448276
2024-10-13 16:00:00,80.0,190.0,379,387,376,132532.56775536475,152408.48653901895,132477.46903527004,152106.9562329461,1.1499700724152735,1.1481722691460086,0.9920844327176781
2024-10-13 16:00:00,80.0,200.0,502,497,489,116658.34214349242,133401.2430836508,116243.66376440079,133286.990736606,1.1435208201361564,1.1466172556875713,0.9741035856573705
2024-10-13 16:00:00,80.0,210.0,611,614,602,156359.58511947092,180706.9776750588,155913.54830940918,180466.46353550878,1.1557141030847873,1.1574777528465618,0.9852700490998363
2024-10-13 16:00:00,80.0,220.0,489,495,482,127249.87258221995,145640.47724171015,127051.98140501523,145447.36530982103,1.1445235605057873,1.1447862811849046,0.9856850715746421
2024-10-13 16:00:00,80.0,230.0,409,416,403,52632.37374906393,60882.32970662848,52415.7039390094,60725.43115834719,1.1567467961239593,1.158535068593316,0.9853300733496333
2024-10-13 16:00:00,80.0,240.0,380,402,375,51780.56781116157,59432.72572374948,51635.32037684728,59004.7623159897,1.1477804944220493,1.1427209492525352,0.9868421052631579
2024-10-13 16:00:00,80.0,250.0,492,500,487,199471.11689339913,226126.52063941726,199391.62249279904,225976.62338073523,1.1336303930170664,1.1333305810724135,0.9898373983739838
2024-10-13 16:00:00,80.0,260.0,551,567,548,269317.60028691683,302074.5611139146,269217.5641159321,301816.87753883144,1.121629484267275,1.1210891032683932,0.9945553539019963
2024-10-13 16:00:00,80.0,270.0,507,511,500,285968.7540221242,319090.38567482197,285755.24621628004,318948.1677351182,1.1158225546911857,1.1161585726188745,0.9861932938856016
2024-10-13 16:00:00,80.0,280.0,452,461,449,280612.4605358435,312095.59122755326,280516.4495519828,311962.17071542086,1.1121943431577883,1.1120993838816244,0.9933628318584071
2024-10-13 16:00:00,80.0,290.0,374,370,359,165585.17288676644,182983.310048835,164645.53573196966,182836.9329624911,1.1050706223193432,1.1104882507117328,0.9598930481283422
2024-10-13 16:00:00,80.0,300.0,132,139,127,13074.51419075843,15075.134484672524,12928.462410028704,14791.086471523233,1.1530167977735044,1.1440715842627718,0.9621212121212122
2024-10-13 16:00:00,80.0,310.0,80,81,78,19985.713125996754,21954.478331910097,19957.25706342565,21905.871683976184,1.0985086293144295,1.0976394007632255,0.975
2024-10-13 16:00:00,80.0,320.0,37,36,35,5401.187828193337,5623.155039578067,5370.845834667728,5540.045360047558,1.0410959993329794,1.0315033293802032,0.9459459459459459
2024-10-13 16:00:00,80.0,330.0,7,8,7,237.21302673901397,265.3770939731605,237.21302673901397,254.97849033766684,1.1187290075141327,1.0748924451699642,1.0
2024-10-13 16:00:00,80.0,340.0,5,8,5,102.28836635768022,141.84766273562045,102.28836635768022,108.73268978999937,1.3867428700504412,1.0630015285392744,1.0
2024-10-14 00:00:00,88.0,0.0,27,27,27,17327.728814621514,16969.14670255961,17327.728814621514,16969.14670255961,0.9793058792702639,0.9793058792702639,1.0
2024-10-14 00:00:00,88.0,10.0,98,98,98,64850.98787051491,73626.05337512639,64850.98787051491,73626.05337512639,1.1353112079361423,1.1353112079361423,1.0
2024-10-14 00:00:00,88.0,20.0,142,143,140,52006.57579600807,58165.239449184504,51953.60913654316,58113.61841538093,1.1184208642640372,1.1185674947557194,0.9859154929577465
2024-10-14 00:00:00,88.0,30.0,141,139,135,27238.298322316237,33123.84346746058,27102.81714965875,33074.074344437206,1.2160760953382443,1.2203186909244834,0.9574468085106383
2024-10-14 00:00:00,88.0,40.0,149,151,145,33971.57553490051,36773.58364647487,33764.08978102153,36651.800683251604,1.0824809584911872,1.0855260995027096,0.9731543624161074
2024-10-14 00:00:00,88.0,50.0,182,178,174,96079.96540301258,103793.57975721959,95889.11028640775,103703.4888259842,1.0802832757261291,1.081493910165982,0.9560439560439561
2024-10-14 00:00:00,88.0,60.0,223,227,217,111067.69974675786,121487.32719373316,110914.97101330393,121353.72203882124,1.0938133000929413,1.0941148965748295,0.9730941704035875
2024-10-14 00:00:00,88.0,70.0,288,292,282,165254.83226512186,177637.14885747433,165098.22782697095,177510.15982987537,1.0749286203775708,1.0751790747015928,0.9791666666666666
2024-10-14 00:00:00,88.0,80.0,304,307,296,138261.87269295912,150594.90157718683,138048.87964527635,150441.0692677743,1.0892005051285245,1.0897666801377912,0.9736842105263158
2024-10-14 00:00:00,88.0,90.0,349,350,341,123371.09130794002,142574.77010521432,123194.60675742631,142441.96417662408,1.1556578497740693,1.1562353898908608,0.9770773638968482
2024-10-14 00:00:00,88.0,100.0,377,382,368,152804.27503799592,178560.41248469858,152440.12621184677,178296.2102527492,1.1685563930740694,1.1696146853419034,0.9761273209549072
2024-10-14 00:00:00,88.0,110.0,503,503,495,138222.13657700294,161660.31981177258,138032.73212596794,161567.27543065732,1.169568954837508,1.1704997281602154,0.9840954274353877
2024-10-14 00:00:00,88.0,120.0,451,461,447,74556.8539234458,87066.51064874721,74508.74403890796,86857.41310745812,1.1677868105613227,1.1657344950292248,0.991130820399113
2024-10-14 00:00:00,88.0,130.0,325,340,321,64533.90218199491,74887.75351482132,64460.29764737212,74665.0122282838,1.1604404968976936,1.1583100754007718,0.9876923076923076
2024-10-14 00:00:00,88.0,140.0,299,303,288,77079.69892770276,88054.40132089019,76782.27854579723,87419.3552248611,1.1423812306724395,1.138535569411623,0.9632107023411371
2024-10-14 00:00:00,88.0,150.0,425,431,416,109564.11298565369,126568.20962036226,109332.14455915832,126370.13714037891,1.1551976844547183,1.1558369924043843,0.9788235294117648
2024-10-14 00:00:00,88.0,160.0,397,408,390,144063.43236723135,163655.72155590594,143804.59937626068,163408.6981286597,1.1359976564957301,1.1363245601144192,0.982367758186398
2024-10-14 00:00:00,88.0,170.0,432,447,424,145753.10649624566,165552.73011087763,145584.88632432037,165193.85071031467,1.1358435788477823,1.1346909344855434,0.9814814814814815
2024-10-14 00:00:00,88.0,180.0,359,364,354,146503.4491261504,166867.99930475268,146357.08516772345,166699.87077403892,1.1390038958131756,1.1389941975340852,0.9860724233983287
2024-10-14 00:00:00,88.0,190.0,385,394,380,126578.04078608297,143540.37427892638,126518.83969180562,143302.33776182943,1.1340069208490102,1.1326561175466647,0.987012987012987
2024-10-14 00:00:00,88.0,200.0,502,520,492,110246.64182112305,125583.36225935545,110002.96623166524,125086.62524935,1.1391128127341645,1.1371204753326263,0.9800796812749004
2024-10-14 00:00:00,88.0,210.0,616,625,611,156909.71832187506,180265.55666992045,156673.71255361335,179974.65895390668,1.1488488960265333,1.1487227564887108,0.9918831168831169
2024-10-14 00:00:00,88.0,220.0,505,512,495,121567.41776314579,136786.8401959624,121298.0001338411,136555.6676576534,1.125193268993088,1.1257866371001737,0.9801980198019802
2024-10-14 00:00:00,88.0,230.0,431,449,422,53523.641802318016,61198.52711733848,53299.946588991734,60760.599819864554,1.1433924347555902,1.1399748725529437,0.9791183294663574
2024-10-14 00:00:00,88.0,240.0,389,407,383,50377.66574321918,57437.498894039614,50218.493666931376,57135.46211940027,1.1401381554041274,1.1377374737351726,0.9845758354755784
2024-10-14 00:00:00,88.0,250.0,481,484,473,192722.48029296615,216838.42430161743,192478.0985954249,216681.1084248183,1.1251330097661234,1.125744227556333,0.9833679833679834
2024-10-14 00:00:00,88.0,260.0,545,561,542,262620.78356819757,292944.37694106274,262572.8971382586,292676.70492469054,1.115465322130496,1.1146493340117303,0.9944954128440368
2024-10-14 00:00:00,88.0,270.0,506,504,498,272830.69805973803,306526.3782069427,272618.6672020155,306453.8261179669,1.1235039912547773,1.1241116731411458,0.9841897233201581
2024-10-14 00:00:00,88.0,280.0,430,454,426,264299.0335492382,295796.0265701205,264247.02578123746,295440.0580139013,1.11917180550346,1.118044970006541,0.9906976744186047
2024-10-14 00:00:00,88.0,290.0,363,372,355,157359.44938615957,175183.34565126867,157173.98437469342,174957.8395665956,1.1132686745831788,1.1131475750433768,0.977961432506887
2024-10-14 00:00:00,88.0,300.0,138,146,135,13258.4909579604,15446.25699624883,13219.5963722981,15294.964072561006,1.1650086759666187,1.1569917599460053,0.9782608695652174
2024-10-14 00:00:00,88.0,310.0,79,82,79,20711.589012346114,22694.448667178996,20711.589012346114,22532.87420487993,1.0957367227425625,1.0879355606876977,1.0
2024-10-14 00:00:00,88.0,320.0,38,38,36,5457.350890573054,5800.557679075577,5413.532689053114,5651.877522248493,1.0628888989152911,1.0440275965595154,0.9473684210526315
2024-10-14 00:00:00,88.0,330.0,7,8,7,249.55655032729334,324.3505865251163,249.55655032729334,264.6014933147825,1.299707766034314,1.0602867084344518,1.0
2024-10-14 00:00:00,88.0,340.0,5,6,4,86.77503987480551,111.20622393562272,74.97265879541322,90.60280667266187,1.2815462153179673,1.2084779722151842,0.8
2024-10-14 08:00:00,96.0,0.0,27,27,27,21911.066859108847,22240.850776415136,21911.066859108847,22240.850776415136,1.015051020538016,1.015051020538016,1.0
2024-10-14 08:00:00,96.0,10.0,99,98,98,74362.82964619099,84336.084325746,74351.1522998059,84336.084325746,1.1341161266590647,1.13429424719173,0.98989898989899
2024-10-14 08:00:00,96.0,20.0,144,145,141,59593.6618693934,67391.68620953406,59481.73457537764,67313.74792069753,1.130853250086074,1.1316708969775393,0.9791666666666666
2024-10-14 08:00:00,96.0,30.0,143,146,136,29635.988574549567,35758.21034590177,29416.949492815307,35595.525618610336,1.20658064960282,1.2100345628055031,0.951048951048951
2024-10-14 08:00:00,96.0,40.0,150,159,148,38082.75764860388,41030.54707351211,37995.75025907031,40874.1965551991,1.0774048311340263,1.0757570590527201,0.9866666666666667
2024-10-14 08:00:00,96.0,50.0,182,183,177,110290.44179164406,120673.08973855354,110035.10433741058,120519.5032257076,1.094139145498428,1.0952823096904398,0.9725274725274725
2024-10-14 08:00:00,96.0,60.0,226,229,218,125757.64623392622,139128.35107610785,125277.3315835892,138967.79842688923,1.1063212078358267,1.1092812775483272,0.9646017699115044
2024-10-14 08:00:00,96.0,70.0,292,297,288,196529.7712219409,210606.125910405,196196.68313552663,210487.27091034834,1.0716245411621006,1.0728380701775178,0.9863013698630136
2024-10-14 08:00:00,96.0,80.0,307,311,299,159912.47797915014,173409.01698261872,159657.918312062,173263.97181654692,1.0843995363840733,1.085220035738478,0.9739413680781759
2024-10-14 08:00:00,96.0,90.0,349,352,341,138595.49846305823,157962.3270574023,138413.40687668213,157814.03412565307,1.1397363464839096,1.1401643647587962,0.9770773638968482
2024-10-14 08:00:00,96.0,100.0,383,396,376,175268.39864852303,202318.64185394126,175050.6847708013,201820.03622303967,1.1543361120087816,1.152923431789417,0.9817232375979112
2024-10-14 08:00:00,96.0,110.0,507,508,499,156489.1157515333,180729.49457955195,156281.19931049278,180595.16511031805,1.1549013726073223,1.1555783159273005,0.9842209072978304
2024-10-14 08:00:00,96.0,120.0,452,457,446,84399.40352736614,96639.80732899271,84222.5125291173,96459.27043251364,1.1450295060160902,1.1452908199475273,0.9867256637168141
2024-10-14 08:00:00,96.0,130.0,332,344,327,72805.4950549647,83571.10750560404,72733.85665983037,83337.07932696168,1.147868130592503,1.1457811142439707,0.9849397590361446
2024-10-14 08:00:00,96.0,140.0,299,306,286,83379.12018095866,94524.62928704983,82936.75613027636,94221.99927648912,1.1336726638743841,1.136070467097676,0.9565217391304348
2024-10-14 08:00:00,96.0,150.0,439,455,433,126566.9467259921,144489.29238133735,126442.60792656691,144119.81355699242,1.1416036818376112,1.139804184050773,0.9863325740318907
2024-10-14 08:00:00,96.0,160.0,407,413,402,164978.38391775187,184981.00141594498,164688.22399251012,184836.243910929,1.121243868579566,1.1223403800828844,0.9877149877149877
2024-10-14 08:00:00,96.0,170.0,448,457,441,173233.97939661148,194497.93448642,173018.85629570254,194032.12945989025,1.1227470220557922,1.1214507690900142,0.984375
2024-10-14 08:00:00,96.0,180.0,364,366,354,170163.75539400274,191669.00495975575,170013.5518599744,191310.0105546443,1.126379730606903,1.1252633008468054,0.9725274725274725
2024-10-14 08:00:00,96.0,190.0,395,398,387,146357.30384746916,164567.25668780727,146231.6960579754,164243.76488253253,1.1244212100225361,1.123174860923558,0.979746835443038
2024-10-14 08:00:00,96.0,200.0,512,541,504,124267.47235229259,139760.48082081936,124121.53649264216,139111.80568058998,1.1246746890015176,1.1207708961034046,0.984375
2024-10-14 08:00:00,96.0,210.0,619,631,610,179514.43030987302,204058.75297954972,179190.2062095259,203695.88626690948,1.1367261819972296,1.136757920958745,0.9854604200323102
2024-10-14 08:00:00,96.0,220.0,511,517,497,137124.86187854357,154321.5708975655,136680.8104719136,154044.70296996794,1.125409125547588,1.1270397244360972,0.9726027397260274
2024-10-14 08:00:00,96.0,230.0,446,454,433,60295.67685966813,68987.08460920979,59994.04678173335,68546.52551531041,1.1441464496662008,1.1425554566220906,0.9708520179372198
2024-10-14 08:00:00,96.0,240.0,406,417,392,56892.88746137597,64888.014485660315,56607.9566175416,64478.533462179854,1.1405294647720625,1.1390365827513254,0.9655172413793104
2024-10-14 08:00:00,96.0,250.0,485,490,477,223501.78680109355,249451.78588304992,223361.9394948902,249259.59792938543,1.1161064502139784,1.1159448135750438,0.9835051546391752
2024-10-14 08:00:00,96.0,260.0,549,565,546,310442.4654491365,344735.67618898954,310315.2540681041,344465.45803640183,1.1104655920388948,1.110050033057037,0.994535519125683
2024-10-14 08:00:00,96.0,270.0,505,511,500,323338.727806917,358454.7188079562,323110.0951773726,358309.7639363023,1.1086043457869015,1.1089401701906176,0.9900990099009901
2024-10-14 08:00:00,96.0,280.0,445,463,439,315951.7642113995,346586.23647092714,315885.00451125234,346155.0244501601,1.0969593328145828,1.0958260743834376,0.9865168539325843
2024-10-14 08:00:00,96.0,290.0,365,372,356,187538.50555406619,205885.59641678215,186597.30399971688,205663.58891311265,1.0978310603921637,1.1021787802112333,0.9753424657534246
2024-10-14 08:00:00,96.0,300.0,139,147,135,15007.304315983612,17006.094822432646,14955.640311308469,16821.818764724525,1.1331878440234073,1.1247809130582644,0.9712230215827338
2024-10-14 08:00:00,96.0,310.0,81,83,80,24225.315908913013,26963.248017416594,24210.496703387853,26911.470660374416,1.1130194594282354,1.1115621042425208,0.9876543209876543
2024-10-14 08:00:00,96.0,320.0,44,42,40,6120.835191714702,6549.204889100577,6054.271188612395,6492.124349366212,1.0699854977251675,1.072321365712422,0.9090909090909091
2024-10-14 08:00:00,96.0,330.0,8,7,7,284.4121511842401,267.2807495238183,260.1963889909165,267.2807495238183,0.9397655775637934,1.0272269748261154,0.875
2024-10-14 08:00:00,96.0,340.0,6,9,6,107.32763384570826,151.15555929904434,107.32763384570826,115.97520270798127,1.4083563932504288,1.0805716901828335,1.0
2024-10-14 16:00:00,104.0,0.0,27,27,27,14988.9836535503,15566.44733382789,14988.9836535503,15566.44733382789,1.0385258729761047,1.0385258729761047,1.0
2024-10-14 16:00:00,104.0,10.0,98,97,97,66004.95915921968,75810.44768109222,65941.23908930786,75810.44768109222,1.148556845527612,1.1496667143063228,0.9897959183673469
2024-10-14 16:00:00,104.0,20.0,141,140,138,51660.58016547573,59074.46714535916,51591.00090580314,59039.19032168488,1.1435114928275245,1.1443699343899323,0.9787234042553191
2024-10-14 16:00:00,104.0,30.0,137,139,133,28634.312875973766,34607.066370497094,28501.256559684356,34518.14690722714,1.208587281992539,1.2111096517777329,0.9708029197080292
2024-10-14 16:00:00,104.0,40.0,146,149,143,36567.13411573133,39907.12278023963,36374.11783803986,39790.81574677325,1.0913385406123863,1.0939321174453398,0.9794520547945206
2024-10-14 16:00:00,104.0,50.0,176,172,169,99286.61820145458,109679.19208234342,99025.87059635003,109570.53860833848,1.104672453036945,1.1064839717993564,0.9602272727272727
2024-10-14 16:00:00,104.0,60.0,211,219,208,112859.52257990526,126197.74100200967,112785.84614706937,126012.67417712859,1.1181842534612962,1.1172738289591038,0.985781990521327
2024-10-14 16:00:00,104.0,70.0,288,288,280,160816.49685592746,179816.719395665,160599.67729701975,179664.87758047393,1.1181484668003898,1.1187125690682067,0.9722222222222222
2024-10-14 16:00:00,104.0,80.0,294,298,288,146541.87341969862,164992.51689081074,146346.56526643562,164849.61694629988,1.1259069714379122,1.1264331120185702,0.9795918367346939
2024-10-14 16:00:00,104.0,90.0,340,336,331,131224.08742576255,151259.40333291277,130852.70185955473,151202.48084555136,1.152680169473343,1.1555166893522628,0.9735294117647059
2024-10-14 16:00:00,104.0,100.0,374,377,371,156949.78307826412,182147.66112213145,156905.21198279425,182075.27299522609,1.1605473900610759,1.160415710188084,0.9919786096256684
2024-10-14 16:00:00,104.0,110.0,504,499,493,145037.00429486285,168518.7379604777,144810.11265751213,168432.5156100178,1.16190167316112,1.1631267493615907,0.9781746031746031
2024-10-14 16:00:00,104.0,120.0,446,454,442,81672.41412308742,94803.78041194646,81617.83505257388,94607.7611648534,1.1607809249897882,1.1591554848754821,0.9910313901345291
2024-10-14 16:00:00,104.0,130.0,325,333,318,69328.01019597134,81151.62086510673,69147.02803912842,80891.95593726431,1.1705459400278946,1.1698544135763833,0.9784615384615385
2024-10-14 16:00:00,104.0,140.0,296,297,285,79964.3797093026,92656.2327487607,79592.97853214605,92277.43641007751,1.158718833130417,1.1593665435300735,0.9628378378378378
2024-10-14 16:00:00,104.0,150.0,415,418,405,117021.46911310204,135974.99805737822,116800.09075772573,135744.9433384128,1.1619662536107582,1.1621989542797848,0.9759036144578314
2024-10-14 16:00:00,104.0,160.0,400,400,392,154897.92597777658,175614.58886356946,154755.70833307022,175508.90915255173,1.1337439656149115,1.134102974572129,0.98
2024-10-14 16:00:00,104.0,170.0,428,436,420,146404.2217961789,165897.23275811627,146284.23292062138,165544.0955270785,1.1331451424199717,1.131660550299417,0.9813084112149533
2024-10-14 16:00:00,104.0,180.0,344,354,341,147566.16290500556,168236.67593074165,147499.13400039112,167885.7165217331,1.1400762384737384,1.1382149302740172,0.9912790697674418
2024-10-14 16:00:00,104.0,190.0,380,389,378,134971.07362749244,153483.1995545663,134912.64817585627,153330.93395403263,1.1371562471094034,1.1365200818989813,0.9947368421052631
2024-10-14 16:00:00,104.0,200.0,498,501,486,118471.37076288134,134883.27400611673,118214.29007544182,134558.0385374297,1.138530542337385,1.138255268898182,0.9759036144578314
2024-10-14 16:00:00,104.0,210.0,610,612,602,158849.7448332495,182404.81675647816,158663.84691895213,182133.17775038502,1.1482852361390652,1.147918579356149,0.9868852459016394
2024-10-14 16:00:00,104.0,220.0,494,496,486,127831.73110494719,145135.16430915275,127592.60635781565,145010.5496902542,1.1353610176021147,1.1365121681392132,0.9838056680161943
2024-10-14 16:00:00,104.0,230.0,410,422,405,52990.085249944284,61191.249645156495,52900.59919847689,60904.08319261263,1.1547679034017186,1.1512928797669681,0.9878048780487805
2024-10-14 16:00:00,104.0,240.0,381,399,375,52589.28526893639,60003.68836173801,52419.19965731296,59579.80482252273,1.1409869530434782,1.1366027183173677,0.984251968503937
2024-10-14 16:00:00,104.0,250.0,494,495,481,202927.18413738237,229171.35011686385,202648.96751617012,229006.9025839019,1.129327995611047,1.1300669595843293,0.9736842105263158
2024-10-14 16:00:00,104.0,260.0,556,566,553,274485.66482200986,306839.08758094296,274453.38621154986,306646.31956851995,1.117869262061145,1.1172983645833237,0.9946043165467626
2024-10-14 16:00:00,104.0,270.0,510,513,504,289264.37668211595,320569.51342305494,289138.71390512434,320407.0161016338,1.108223270006529,1.108142910972377,0.9882352941176471
2024-10-14 16:00:00,104.0,280.0,449,467,447,283129.5122698715,310554.61033630744,283101.0894505945,310299.0853568403,1.0968641447744771,1.0960716751709718,0.9955456570155902
2024-10-14 16:00:00,104.0,290.0,373,371,360,164325.3705787667,181754.07093649884,163845.2139960527,181519.8701160468,1.1060621393783985,1.107874106840984,0.9651474530831099
2024-10-14 16:00:00,104.0,300.0,133,136,129,13159.331114512606,14765.760058003823,13008.414300869124,14591.398917531262,1.122075273394374,1.1216892835705867,0.9699248120300752
2024-10-14 16:00:00,104.0,310.0,77,80,77,19618.667010958707,22043.611866722058,19618.667010958707,21995.7828092396,1.1236039560898206,1.1211660199417766,1.0
2024-10-14 16:00:00,104.0,320.0,39,36,36,5113.845450477525,5445.663129064171,5057.656452007401,5445.663129064171,1.0648861374087206,1.0767166929463485,0.9230769230769231
2024-10-14 16:00:00,104.0,330.0,8,7,7,239.31769672788798,247.97761308034308,224.30940983658468,247.97761308034308,1.0361858586759747,1.1055158731905241,0.875
2024-10-14 16:00:00,104.0,340.0,6,5,5,100.81374607744134,100.45424840951362,88.32559023976758,100.45424840951362,0.9964340411708185,1.1373176011258088,0.8333333333333334
2024-10-15 00:00:00,112.0,0.0,27,27,27,17726.413980551217,18640.190915913023,17726.413980551217,18640.190915913023,1.0515488883631157,1.0515488883631157,1.0
2024-10-15 00:00:00,112.0,10.0,98,99,98,65307.13707896325,75305.65380639222,65307.13707896325,75243.59643019506,1.153099908748713,1.1521496699390998,1.0
2024-10-15 00:00:00,112.0,20.0,142,142,140,52362.8543209333,60273.51851290414,52288.018394099665,60212.19447262282,1.151073968265484,1.1515486018000893,0.9859154929577465
2024-10-15 00:00:00,112.0,30.0,138,142,135,27049.672786178322,33027.84030641399,26970.02386258342,32910.561401323495,1.2210070179958095,1.2202644524531407,0.9782608695652174
2024-10-15 00:00:00,112.0,40.0,147,150,145,33736.015173479536,37290.0642229716,33583.96228639486,37194.61125654881,1.1053488099058588,1.1075111072172878,0.9863945578231292
2024-10-15 00:00:00,112.0,50.0,181,179,174,96351.75319292684,107286.38600580856,96206.27524750252,107179.6508237638,1.1134865993666674,1.1140609128461831,0.9613259668508287
2024-10-15 00:00:00,112.0,60.0,224,226,217,111799.70744336503,124918.31807019602,111657.08012128991,124800.19764069069,1.1173402947720286,1.1177096652099785,0.96875
2024-10-15 00:00:00,112.0,70.0,288,292,284,167244.64886967192,183206.0260706166,167096.53441673488,183118.05160131963,1.0954372968511705,1.0958818041350125,0.9861111111111112
2024-10-15 00:00:00,112.0,80.0,307,312,299,139323.657591083,155248.65763774188,139014.34315715695,155041.54340107235,1.1143021962099142,1.115291702136063,0.9739413680781759
2024-10-15 00:00:00,112.0,90.0,351,350,343,124318.29522350819,142771.8345925343,124125.6151398838,142689.08951027368,1.1484378412352665,1.1495539365462133,0.9772079772079773
2024-10-15 00:00:00,112.0,100.0,378,380,368,153872.55892903166,178021.88259738177,153518.04898892823,177786.54589891067,1.1569436671257813,1.1580823692706823,0.9735449735449735
2024-10-15 00:00:00,112.0,110.0,500,509,496,138756.42994769948,160736.91769089387,138600.33479056292,160494.70721004248,1.158410588622663,1.1579676734011057,0.992
2024-10-15 00:00:00,112.0,120.0,449,457,445,74202.42045213003,86083.16291583049,74033.03131424153,85874.78546280385,1.1601125999840536,1.1599523069411903,0.9910913140311804
2024-10-15 00:00:00,112.0,130.0,325,343,321,64464.13771182173,75078.56000218661,64386.63220104007,74686.53643425321,1.1646562362753572,1.1599696067508678,0.9876923076923076
2024-10-15 00:00:00,112.0,140.0,296,303,289,76197.25427254273,88297.74128208896,75996.64812183195,88018.35208815453,1.1588047643588986,1.1581872919849083,0.9763513513513513
2024-10-15 00:00:00,112.0,150.0,427,435,417,108898.96512619611,126514.93645747361,108706.83252223066,126210.98050428923,1.161764359384531,1.161021598881367,0.9765807962529274
2024-10-15 00:00:00,112.0,160.0,397,411,387,143541.56171384268,164000.20876341325,143101.62893012958,163677.34708437408,1.1425276888818858,1.1437839548583388,0.9748110831234257
2024-10-15 00:00:00,112.0,170.0,439,445,428,146071.97609573987,166315.40021825512,145497.5803719098,166001.63788484162,1.138585269150101,1.1409237010025934,0.9749430523917996
2024-10-15 00:00:00,112.0,180.0,363,370,356,147846.52345040935,167716.24726402562,147589.39086067845,167469.9067570297,1.134394257977131,1.1347015241435483,0.9807162534435262
2024-10-15 00:00:00,112.0,190.0,384,388,382,127317.3109096226,144003.571497479,127296.42167888235,143916.5229321781,1.1310604227236727,1.1305622030383664,0.9947916666666666
2024-10-15 00:00:00,112.0,200.0,500,520,491,110710.45583234438,125497.59738875277,110466.99328951395,125018.88251980429,1.1335658989499733,1.131730653627482,0.982
2024-10-15 00:00:00,112.0,210.0,613,622,606,157819.51826249843,180969.31727710128,157685.29273987765,180512.84993080364,1.1466852723254306,1.144766558721383,0.9885807504078303
2024-10-15 00:00:00,112.0,220.0,505,510,496,120343.62660407629,136115.1653069404,120141.85272365151,135935.74766281445,1.1310542082527693,1.1314603910386818,0.9821782178217822
2024-10-15 00:00:00,112.0,230.0,432,447,423,52664.000699172364,60217.255581401245,52367.19482085212,59879.55310396537,1.1434234919860082,1.1434554267955919,0.9791666666666666
2024-10-15 00:00:00,112.0,240.0,395,403,386,50732.53834044038,57894.28458271532,50569.478200244244,57695.63862081306,1.1411667240896974,1.140918211422921,0.9772151898734177
2024-10-15 00:00:00,112.0,250.0,481,484,475,193985.159328227,219145.47362635052,193909.56738499686,219045.03680157254,1.1297022637466392,1.1296246995728199,0.9875259875259875
2024-10-15 00:00:00,112.0,260.0,546,560,544,266026.8236983775,296192.9463770547,266005.0509269824,295965.23166819126,1.113395041369511,1.1126301197545034,0.9963369963369964
2024-10-15 00:00:00,112.0,270.0,503,507,496,274206.4499951771,304116.1254433859,273990.94038676016,303935.2853189165,1.109077213350506,1.1092895439896204,0.9860834990059643
2024-10-15 00:00:00,112.0,280.0,429,454,426,264247.48762133694,292052.9463958803,264199.4921101586,291663.59322156676,1.1052250639157948,1.103952134396825,0.993006993006993
2024-10-15 00:00:00,112.0,290.0,363,367,351,154805.4674564588,171585.13987637678,154458.47285172553,171398.8831891278,1.1083919883168047,1.1096761480586723,0.9669421487603306
2024-10-15 00:00:00,112.0,300.0,140,147,135,13253.100204254675,14926.18126527331,13180.567715600297,14758.76383639801,1.1262407312427565,1.119736581522948,0.9642857142857143
2024-10-15 00:00:00,112.0,310.0,79,82,78,20518.923673577938,22956.59000417431,20508.651523027354,22899.35362023037,1.1188008868971688,1.1165704188068488,0.9873417721518988
2024-10-15 00:00:00,112.0,320.0,39,39,37,5306.438501938587,5747.700770846926,5262.18940157994,5647.441667284683,1.0831560129731332,1.0732114023849224,0.9487179487179487
2024-10-15 00:00:00,112.0,330.0,8,9,8,255.86262409118072,330.92031953443586,255.86262409118072,320.1992964517576,1.2933515424922208,1.2514500607077708,1.0
2024-10-15 00:00:00,112.0,340.0,5,4,4,80.91372110942245,72.3285612859044,70.76468646349267,72.3285612859044,0.8938973550368788,1.0220996502714463,0.8
2024-10-15 08:00:00,120.0,0.0,27,27,27,22762.458883950778,24135.72416086076,22762.458883950778,24135.72416086076,1.0603302694103156,1.0603302694103156,1.0
2024-10-15 08:00:00,120.0,10.0,99,98,98,74315.19223314831,85091.2354625617,74288.54357136149,85091.2354625617,1.1450045798927064,1.1454153140157226,0.98989898989899
2024-10-15 08:00:00,120.0,20.0,145,144,142,59749.16889394833,68861.31997736613,59658.68984068079,68822.72282518705,1.1525067419697737,1.153607680775071,0.9793103448275862
2024-10-15 08:00:00,120.0,30.0,142,142,137,28975.709132527518,34790.53726755602,28860.135926401097,34713.19567869807,1.2006794073074436,1.202807768030733,0.9647887323943662
2024-10-15 08:00:00,120.0,40.0,150,154,148,37278.01557751037,41883.23942102259,37202.64877830408,41795.942729158676,1.123537258412718,1.123466852541245,0.9866666666666667
2024-10-15 08:00:00,120.0,50.0,179,185,175,109775.70037312413,123964.89695939844,109684.71686145428,123704.84118560905,1.1292562610673007,1.127822040529712,0.9776536312849162
2024-10-15 08:00:00,120.0,60.0,226,229,218,125960.65391053718,141474.6146894918,125472.87311864144,141245.09384067476,1.1231651336930446,1.1257022361089941,0.9646017699115044
2024-10-15 08:00:00,120.0,70.0,290,297,286,198869.90745802567,214821.77717359347,198627.38368767692,214684.76531173266,1.0802125868084624,1.0808417315172638,0.9862068965517241
2024-10-15 08:00:00,120.0,80.0,308,316,300,159269.2048922405,176737.05511010546,158893.8037266803,176513.91271832178,1.1096750010755907,1.1108923606734884,0.974025974025974
2024-10-15 08:00:00,120.0,90.0,354,351,345,137406.6387555073,155472.88060527004,137125.52143915227,155230.38331415603,1.1314801236198542,1.132031307410835,0.9745762711864406
2024-10-15 08:00:00,120.0,100.0,384,389,371,174461.033189113,200319.78854332905,173746.55434735885,199918.63812742947,1.1482208082889522,1.1506336852456174,0.9661458333333334
2024-10-15 08:00:00,120.0,110.0,506,508,498,155491.00977114937,178083.0232391305,155163.70212501654,177852.28553350916,1.1452946604516359,1.1462235245599661,0.9841897233201581
2024-10-15 08:00:00,120.0,120.0,454,458,447,83258.61791153128,95092.85624838561,83162.17699234944,94905.72795195194,1.1421382991179256,1.1412126447902253,0.9845814977973568
2024-10-15 08:00:00,120.0,130.0,331,343,322,71793.01783299129,82460.51666397142,71608.32134610222,82058.87405069414,1.1485868563959163,1.14594047881784,0.972809667673716
2024-10-15 08:00:00,120.0,140.0,299,303,283,82667.42316990349,93892.60184356282,82232.91644001112,93646.67783573062,1.1357872090749535,1.1387979642439878,0.9464882943143813
2024-10-15 08:00:00,120.0,150.0,437,441,424,125941.98519033875,144235.80478826218,125717.74282954092,143819.26229759087,1.145255925339557,1.143985399838061,0.9702517162471396
2024-10-15 08:00:00,120.0,160.0,403,412,390,163741.03750485904,183824.64352379908,163316.48169757845,183557.9712139308,1.1226546889220979,1.1239402741594358,0.967741935483871
2024-10-15 08:00:00,120.0,170.0,449,454,439,172881.6485567198,194186.35978364968,172654.7472334861,193751.73937087675,1.1232329249795425,1.1221917872252918,0.977728285077951
2024-10-15 08:00:00,120.0,180.0,367,373,363,170922.55983629168,191712.249485214,170839.06575869757,191544.46238274383,1.121632215600062,1.121198254814222,0.989100817438692
2024-10-15 08:00:00,120.0,190.0,391,403,384,145618.80715950433,163127.00600462747,145427.7335563215,162666.89424637659,1.1202330879276152,1.1185410806349305,0.9820971867007673
2024-10-15 08:00:00,120.0,200.0,511,530,501,123265.58251971661,137952.50252856812,123058.53176729985,137419.71228056052,1.119148587210078,1.1167020303835353,0.9804305283757339
2024-10-15 08:00:00,120.0,210.0,622,626,609,179255.61622277313,202328.82189855125,178985.81257365926,202033.08981839006,1.1287167797694186,1.1287659447043938,0.9790996784565916
2024-10-15 08:00:00,120.0,220.0,507,516,499,135305.81071173525,151816.30307849642,135077.01666897486,151578.43662238045,1.122023527887773,1.1221630471292139,0.9842209072978304
2024-10-15 08:00:00,120.0,230.0,438,454,427,59450.83665864165,67506.47347966467,59172.220139045356,66954.48791078097,1.135500815022627,1.131518941717051,0.9748858447488584
2024-10-15 08:00:00,120.0,240.0,398,410,387,56450.617370627835,64192.87218342467,56179.059610381984,63879.850540203675,1.1371509325038003,1.1370758247508752,0.9723618090452262
2024-10-15 08:00:00,120.0,250.0,480,488,474,222442.079002591,247799.93485794152,222241.92917951447,247603.56841934426,1.113997567227625,1.1141172565116824,0.9875
2024-10-15 08:00:00,120.0,260.0,547,561,542,311375.0225178214,344329.02781571326,311261.6951895132,344080.5960347367,1.105833811046953,1.1054382898777235,0.9908592321755028
2024-10-15 08:00:00,120.0,270.0,507,507,498,321431.21127759735,352486.21814890497,321117.9491517397,352327.8656573436,1.0966147834489153,1.0971914419235906,0.9822485207100592
2024-10-15 08:00:00,120.0,280.0,436,452,430,313061.83760280325,339791.50186188915,312981.367099057,339495.2338239343,1.085381420053501,1.0847138823969855,0.9862385321100917
2024-10-15 08:00:00,120.0,290.0,364,371,357,184577.83199664607,203249.69103426702,183831.26390879374,203086.61834569817,1.101159813373256,1.1047447209330934,0.9807692307692307
2024-10-15 08:00:00,120.0,300.0,139,143,132,14892.783233581426,16329.950305814167,14762.617997621812,16164.993432833038,1.0965009058207538,1.0949950364791083,0.9496402877697842
2024-10-15 08:00:00,120.0,310.0,80,84,79,24299.64901873194,26936.699156982257,24282.46976857496,26755.95576556746,1.1085221492795014,1.1018630320789506,0.9875
2024-10-15 08:00:00,120.0,320.0,43,39,38,6010.39450473806,6456.660604014713,5895.228213494824,6393.45702904443,1.0742490528574882,1.084513914899699,0.8837209302325582
2024-10-15 08:00:00,120.0,330.0,7,6,6,258.99462657094773,256.67635160805355,246.98877102976448,256.67635160805355,0.9910489457113925,1.0392227571233255,0.8571428571428571
2024-10-15 08:00:00,120.0,340.0,6,6,6,99.7931957311387,116.77962817567834,99.7931957311387,116.77962817567834,1.1702163391009566,1.1702163391009566,1.0
2024-10-15 16:00:00,128.0,0.0,27,27,27,15147.175217924134,16123.874165159032,15147.175217924134,16123.874165159032,1.0644806000579659,1.0644806000579659,1.0
2024-10-15 16:00:00,128.0,10.0,98,98,98,66049.91371411612,76254.27746268388,66049.91371411612,76254.27746268388,1.1544947324645316,1.1544947324645316,1.0
2024-10-15 16:00:00,128.0,20.0,140,138,137,51668.47119481003,59367.374425711714,51546.03343428299,59354.020670313286,1.1490058260457108,1.1514760053454909,0.9785714285714285
2024-10-15 16:00:00,128.0,30.0,136,139,134,28568.14999043758,34199.42455085774,28530.772417105713,34134.85711232669,1.197117228882692,1.1964224667068961,0.9852941176470589
2024-10-15 16:00:00,128.0,40.0,144,155,144,36473.39345061145,40197.58487096609,36473.39345061145,40018.31552773962,1.102107072252478,1.0971920005723719,1.0
2024-10-15 16:00:00,128.0,50.0,179,173,171,99970.64536779473,110793.49918170965,99607.66296600425,110716.79060937032,1.1082603175571923,1.1115288453977439,0.9553072625698324
2024-10-15 16:00:00,128.0,60.0,211,217,205,112932.79477881413,127468.71244943592,112733.20718956074,127286.92425762497,1.128712989872351,1.1290987583063452,0.9715639810426541
2024-10-15 16:00:00,128.0,70.0,291,287,283,162178.1613520384,184297.71494767186,162037.7717531353,184253.18393628974,1.1363904573293242,1.1371002078268493,0.9725085910652921
2024-10-15 16:00:00,128.0,80.0,296,304,291,146757.03199540748,165764.5434240866,146493.6928302801,165607.3070203601,1.129516869960098,1.1304739734578473,0.9831081081081081
2024-10-15 16:00:00,128.0,90.0,341,333,328,131304.30587488404,150485.59650296113,131028.70167781334,150412.2379114414,1.1460827236416327,1.1479335136914526,0.9618768328445748
2024-10-15 16:00:00,128.0,100.0,379,377,370,157398.8674358795,181206.72582511365,157125.75516266178,181014.51073574388,1.1512581302335794,1.1520358998329183,0.9762532981530343
2024-10-15 16:00:00,128.0,110.0,504,503,492,145142.4725756939,167691.473700771,144649.70874614286,167552.8309499251,1.1553577028482651,1.1583350730693605,0.9761904761904762
2024-10-15 16:00:00,128.0,120.0,445,455,441,81503.8793150505,94860.51152777876,81433.06376055564,94670.98428011949,1.1638772574382459,1.1625619853686016,0.9910112359550561
2024-10-15 16:00:00,128.0,130.0,327,335,320,69177.5560674477,79698.82690418622,69041.34310350363,79455.37952757654,1.1520908143456288,1.1508376858842486,0.9785932721712538
2024-10-15 16:00:00,128.0,140.0,298,301,288,79777.05668788403,92207.86149947414,79484.88589164769,91965.01352111493,1.1558192960192026,1.1570125878582744,0.9664429530201343
2024-10-15 16:00:00,128.0,150.0,413,418,403,117272.72701733152,135388.15253892879,116947.37715370275,135055.66718682996,1.154472621063208,1.1548413523573742,0.9757869249394673
2024-10-15 16:00:00,128.0,160.0,399,403,389,155230.27283118805,175424.07727676458,154952.7295130185,175140.25539619327,1.1300893445413007,1.1302818346383416,0.974937343358396
2024-10-15 16:00:00,128.0,170.0,423,437,420,146296.80744704293,164938.87761891534,146255.79459218218,164549.2012355551,1.1274263635494612,1.125078166607908,0.9929078014184397
2024-10-15 16:00:00,128.0,180.0,347,351,345,148658.55226571904,167628.41181713677,148595.1466150416,167554.67979151255,1.1276069170747078,1.1275918736806965,0.9942363112391931
2024-10-15 16:00:00,128.0,190.0,381,380,374,135084.7709226386,153014.5247725217,134875.70196580197,152848.94375863747,1.1327296461875132,1.133257818353321,0.9816272965879265
2024-10-15 16:00:00,128.0,200.0,496,497,483,118409.93139205547,134186.33302992856,118047.39569819464,133841.99399563455,1.1332354596645902,1.1337987865299552,0.9737903225806451
2024-10-15 16:00:00,128.0,210.0,610,614,602,159261.1103037821,181552.77860166592,159036.06118230755,180969.0856431346,1.1399693136344689,1.1379122715802463,0.9868852459016394
2024-10-15 16:00:00,128.0,220.0,491,495,483,127808.94304021593,144039.7537826844,127532.05122992602,143821.92277692826,1.126992762449818,1.1277315889605934,0.9837067209775967
2024-10-15 16:00:00,128.0,230.0,415,422,409,53170.40496848015,60698.70430580176,53096.58054749976,60499.66157469321,1.1415881511864439,1.1394267003798995,0.9855421686746988
2024-10-15 16:00:00,128.0,240.0,384,394,379,52752.39225676752,59924.51405941814,52506.11796881894,59634.78920439331,1.1359582285432852,1.1357683925482318,0.9869791666666666
2024-10-15 16:00:00,128.0,250.0,491,497,485,203128.15349840396,228051.8622603091,202941.37260878988,227872.61152518232,1.1226994305449687,1.1228494643349654,0.9877800407331976
2024-10-15 16:00:00,128.0,260.0,554,559,547,275461.32557421597,306072.2623617725,275233.9404109198,305907.70052060304,1.1111260781300103,1.1114461394691653,0.9873646209386282
2024-10-15 16:00:00,128.0,270.0,508,515,504,289493.26939676865,317428.10735432623,289375.0683325217,317241.01506104204,1.0964956387959097,1.0962969853937088,0.9921259842519685
2024-10-15 16:00:00,128.0,280.0,447,457,442,283049.8183337153,307348.5371302925,282977.3572249089,307169.0939731851,1.085846085115409,1.085490008760838,0.9888143176733781
2024-10-15 16:00:00,128.0,290.0,372,367,355,164410.64406983805,180972.57295356877,163532.38801270328,180811.06546738098,1.1007351377852128,1.10565905423784,0.9543010752688172
2024-10-15 16:00:00,128.0,300.0,130,135,126,13035.188664016072,14834.56727800052,12943.095540746308,14609.990966313653,1.1380400898186978,1.1287864576383426,0.9692307692307692
2024-10-15 16:00:00,128.0,310.0,80,80,78,19703.22948178682,22240.435053380595,19629.11078231937,22207.684653470147,1.1287710511588522,1.1313647826305708,0.975
2024-10-15 16:00:00,128.0,320.0,37,37,35,5067.693025412874,5481.650229673571,5017.659039768373,5355.112796852296,1.0816855326841688,1.0672532259385048,0.9459459459459459
2024-10-15 16:00:00,128.0,330.0,8,7,7,235.49410086931647,233.57887272500056,223.3221680520226,233.57887272500056,0.9918671926929553,1.0459278394189182,0.875
2024-10-15 16:00:00,128.0,340.0,5,6,5,86.55147447166918,114.80180867122901,86.55147447166918,103.20331408564026,1.3263992251086028,1.192392327405372,1.0
2024-10-16 00:00:00,136.0,0.0,27,27,27,17765.074412602662,19101.560165185692,17765.074412602662,19101.560165185692,1.0752310810268781,1.0752310810268781,1.0
2024-10-16 00:00:00,136.0,10.0,98,98,98,65267.96728704856,74987.48472669563,65267.96728704856,74987.48472669563,1.1489171157560436,1.1489171157560436,1.0
2024-10-16 00:00:00,136.0,20.0,144,144,143,52346.09548985456,60528.20577868639,52299.42402518085,60511.55949666074,1.1563079387729625,1.157021527952697,0.9930555555555556
2024-10-16 00:00:00,136.0,30.0,140,140,136,27102.309039619533,32660.63696416003,26990.91857955097,32617.667217519713,1.205086877151871,1.208468215758752,0.9714285714285714
2024-10-16 00:00:00,136.0,40.0,148,149,144,33653.13717711353,37791.59714256405,33599.03541314992,37726.89201811683,1.1229739724908905,1.1228564021022864,0.972972972972973
2024-10-16 00:00:00,136.0,50.0,175,178,170,96569.6159165445,108224.18758773836,96333.593148062,108131.67029807509,1.1206856997470689,1.1224710587912958,0.9714285714285714
2024-10-16 00:00:00,136.0,60.0,220,228,218,111954.67698399263,125478.36923335378,111894.58356966407,125355.20096016009,1.1207961347724202,1.120297309852497,0.990909090909091
2024-10-16 00:00:00,136.0,70.0,286,295,283,167073.0276207688,181981.47689227446,167001.62262842845,181814.5288969531,1.089233130468825,1.0886991757049136,0.9895104895104895
2024-10-16 00:00:00,136.0,80.0,304,312,297,139140.72273718903,152782.09821156284,139016.26537606394,152567.3754670956,1.0980401366761607,1.0974785939931093,0.9769736842105263
2024-10-16 00:00:00,136.0,90.0,351,352,343,124543.04105122713,140217.70384934222,124385.87577053743,140098.58995328395,1.1258573956907618,1.1263223343117572,0.9772079772079773
2024-10-16 00:00:00,136.0,100.0,378,384,369,154228.03575382577,175898.86345248163,153954.22362721755,175209.44506322333,1.1405115976011404,1.138061957218354,0.9761904761904762
2024-10-16 00:00:00,136.0,110.0,501,502,491,139023.37651835594,159338.44334268116,138721.19127440627,159091.75490434477,1.1461269847782967,1.1468453625779726,0.9800399201596807
2024-10-16 00:00:00,136.0,120.0,453,456,446,74388.20778544786,84828.51721308108,74264.57419429903,84615.32564926211,1.1403489845829518,1.1393767023814387,0.9845474613686535
2024-10-16 00:00:00,136.0,130.0,325,339,322,64546.2540574173,73944.06823760943,64480.936175880546,73734.68167803875,1.1455981345072679,1.1435113391796508,0.9907692307692307
2024-10-16 00:00:00,136.0,140.0,295,302,289,76146.04967204464,87283.83571761628,76010.84424360102,87102.24412104834,1.1462687308605142,1.1459186513164015,0.9796610169491525
2024-10-16 00:00:00,136.0,150.0,426,430,414,109093.65730569002,124027.41168564554,108810.2212122285,123783.15382485857,1.1368892999719482,1.1376059385397828,0.971830985915493
2024-10-16 00:00:00,136.0,160.0,399,403,388,143945.2600627973,161382.58863842825,143616.44954373754,161170.6772182969,1.1211386089963906,1.1222299237331677,0.9724310776942355
2024-10-16 00:00:00,136.0,170.0,433,443,426,146176.16044188646,164390.35029427218,146051.10492917526,164071.2833848521,1.1246043800666587,1.1233826917257175,0.9838337182448037
2024-10-16 00:00:00,136.0,180.0,362,363,354,147752.89731465996,165271.00369139406,147516.8243553382,165026.44540878464,1.1185635388213533,1.11869575643297,0.9779005524861878
2024-10-16 00:00:00,136.0,190.0,385,387,379,127547.74542933522,142386.53415805814,127274.0311406866,142270.06270132726,1.1163390907363706,1.117824755185638,0.9844155844155844
2024-10-16 00:00:00,136.0,200.0,506,524,495,111130.50060855642,124587.70682376005,110928.92270385526,124128.89399950346,1.1210937244186903,1.1189948570120698,0.9782608695652174
2024-10-16 00:00:00,136.0,210.0,615,624,607,158045.4101372323,178268.3731298381,157829.6567386156,178007.29116252396,1.1279566611586251,1.1278443788123096,0.9869918699186991
2024-10-16 00:00:00,136.0,220.0,500,510,496,120487.37527656392,135202.73856798213,120346.15688939509,135020.00535220248,1.1221319931456795,1.1219303452813494,0.992
2024-10-16 00:00:00,136.0,230.0,428,438,418,52716.7196204701,60027.68936902717,52424.922749307734,59600.321817730255,1.1386840797604976,1.1368699979346613,0.9766355140186916
2024-10-16 00:00:00,136.0,240.0,394,404,383,50890.73803668705,57545.327575707415,50708.233694447095,57301.78321368234,1.1307622918383122,1.1300291696012532,0.9720812182741116
2024-10-16 00:00:00,136.0,250.0,481,484,477,194551.18167198368,214529.00997989386,194400.84489742175,214437.26972111134,1.1026867487322338,1.1030675809781696,0.9916839916839917
2024-10-16 00:00:00,136.0,260.0,545,549,536,266319.56523482956,291827.20483032183,266142.7308737081,291634.7708457126,1.0957783164485144,1.0957833410979059,0.9834862385321101
2024-10-16 00:00:00,136.0,270.0,503,511,501,274200.0093722658,285201.3557291002,274106.4667461646,284805.63370664895,1.0401216118920642,1.0390328877953554,0.9960238568588469
2024-10-16 00:00:00,136.0,280.0,436,450,429,264153.45026089106,269049.5968349535,263822.7409981993,268775.4573403358,1.0185352361259215,1.018772893964324,0.9839449541284404
2024-10-16 00:00:00,136.0,290.0,364,362,353,155007.15148155807,162002.79423716723,153964.3532545407,161897.27434691088,1.045131096783244,1.0515244011011764,0.9697802197802198
2024-10-16 00:00:00,136.0,300.0,140,143,136,13339.556570226097,14723.589744043278,13282.029183861672,14630.068139326526,1.1037540615785044,1.1014934492918287,0.9714285714285714
2024-10-16 00:00:00,136.0,310.0,79,83,78,20601.082485351457,23105.59387858696,20584.86225675154,23030.6893320924,1.1215718346361825,1.1188167812266347,0.9873417721518988
2024-10-16 00:00:00,136.0,320.0,40,40,37,5260.761819927076,5595.744127842641,5197.370873400576,5345.198290840739,1.063675627101515,1.028442730188204,0.925
2024-10-16 00:00:00,136.0,330.0,8,7,7,264.6784338507855,257.39217573558574,239.51799163054278,257.39217573558574,0.9724712814369022,1.0746256428728491,0.875
2024-10-16 00:00:00,136.0,340.0,4,6,4,69.74238459091418,106.24030226476864,69.74238459091418,82.16824771990639,1.5233247742809368,1.1781680279772224,1.0
2024-10-16 08:00:00,144.0,0.0,27,27,27,22640.814206843166,24577.944251042903,22640.814206843166,24577.944251042903,1.0855592041214772,1.0855592041214772,1.0
2024-10-16 08:00:00,144.0,10.0,98,98,98,74111.08414411434,83981.92979589598,74111.08414411434,83981.92979589598,1.1331898698524916,1.1331898698524916,1.0
2024-10-16 08:00:00,144.0,20.0,144,144,140,59555.17187973953,67633.50572516094,59418.71250074297,67541.52870091802,1.1356445391801417,1.1367046820490005,0.9722222222222222
2024-10-16 08:00:00,144.0,30.0,140,143,134,28903.6469740666,33866.042323501766,28782.048988817885,33731.259803357636,1.1716875159002464,1.171954776967497,0.9571428571428572
2024-10-16 08:00:00,144.0,40.0,151,156,147,37316.594932304564,41320.82438479678,37239.3666165859,41192.308131253245,1.107304255914995,1.1061495367353202,0.9735099337748344
2024-10-16 08:00:00,144.0,50.0,178,183,173,109773.88496948825,121901.2319616128,109647.21292205095,121724.65972542884,1.1104757018984557,1.110148233425357,0.9719101123595506
2024-10-16 08:00:00,144.0,60.0,222,225,215,125696.81802309482,139020.7020882457,125270.33321341274,138898.94737108715,1.1060001698905604,1.1087936290107607,0.9684684684684685
2024-10-16 08:00:00,144.0,70.0,294,294,289,198433.35777132187,212474.42787104897,198275.73094570998,212416.69937800508,1.0707596255862801,1.071319714040883,0.9829931972789115
2024-10-16 08:00:00,144.0,80.0,307,311,299,158932.62446807342,172218.2931591147,158597.44709275183,172047.52113405586,1.083593086916589,1.0848063716526162,0.9739413680781759
2024-10-16 08:00:00,144.0,90.0,353,351,343,137584.7980593088,151630.68188650857,137299.27313189383,151490.9733193345,1.102088922797597,1.1033632579671977,0.9716713881019831
2024-10-16 08:00:00,144.0,100.0,383,389,373,174651.4819803896,193993.30433497424,174203.81408485968,193573.9188049998,1.1107452518310517,1.1111921964619236,0.9738903394255874
2024-10-16 08:00:00,144.0,110.0,505,510,499,155348.45106884817,172781.457190618,155040.44930549728,172555.99327601062,1.1122187315150236,1.112974027416549,0.9881188118811881
2024-10-16 08:00:00,144.0,120.0,452,458,446,83363.84593295342,92629.74052125296,83267.67009133822,92370.49937535924,1.1111500373405487,1.1093200911474514,0.9867256637168141
2024-10-16 08:00:00,144.0,130.0,330,339,326,72003.01595414302,80054.10348377172,71947.18822357085,79869.15793942749,1.111815976357938,1.1101081211296218,0.9878787878787879
2024-10-16 08:00:00,144.0,140.0,299,304,289,82672.61954342842,91441.63964112225,82409.98448194256,91218.90621725985,1.1060692179118314,1.1068914378602688,0.9665551839464883
2024-10-16 08:00:00,144.0,150.0,439,433,421,125746.58962158629,141145.19829124835,125328.8594977564,140783.0614965305,1.1224574655742288,1.1233092047650108,0.958997722095672
2024-10-16 08:00:00,144.0,160.0,403,410,392,164073.6708622404,180528.34126130596,163834.51107775027,180297.06766926352,1.1002883053240227,1.1004828377319151,0.9727047146401985
2024-10-16 08:00:00,144.0,170.0,446,453,436,173012.36390780497,189996.08938440282,172822.55338046467,189610.6207973939,1.098164807953541,1.0971404894126908,0.9775784753363229
2024-10-16 08:00:00,144.0,180.0,366,366,358,170834.25071486854,186535.27539442852,170602.79318407495,186424.96520752466,1.0919079435994707,1.092742748979368,0.9781420765027322
2024-10-16 08:00:00,144.0,190.0,389,397,387,145701.3266884734,158872.54195375775,145661.21944787848,158694.82278177192,1.090398732562305,1.0894788838326128,0.9948586118251928
2024-10-16 08:00:00,144.0,200.0,512,524,501,123368.5575070756,134283.28185242583,123200.7542058248,133882.27389558114,1.0884724970924964,1.0867001160716216,0.978515625
2024-10-16 08:00:00,144.0,210.0,617,637,611,179206.45185587596,198175.57348633255,179051.18984032655,197716.98514351412,1.1058506623729831,1.1042483734390889,0.9902755267423015
2024-10-16 08:00:00,144.0,220.0,508,518,503,135058.7134126046,147992.87024402915,134927.96209783654,147799.08117484394,1.0957669187319348,1.0953925255883916,0.9901574803149606
2024-10-16 08:00:00,144.0,230.0,442,450,432,58859.955499694304,64784.18239339438,58584.28586520646,64387.9158807763,1.1006495306258064,1.0990646199720366,0.9773755656108597
2024-10-16 08:00:00,144.0,240.0,402,407,387,56351.79343371163,62074.186169882334,56096.11166427523,61776.20902216971,1.1015476595771905,1.1012565254413496,0.9626865671641791
2024-10-16 08:00:00,144.0,250.0,483,484,478,222637.465303095,240914.18030451293,222502.05634550887,240793.6158893932,1.0820918212329462,1.0822084966058947,0.989648033126294
2024-10-16 08:00:00,144.0,260.0,546,549,539,310605.415090957,333741.146793805,310522.32114590856,333609.58753887174,1.074485925160297,1.0743497804208249,0.9871794871794872
2024-10-16 08:00:00,144.0,270.0,504,508,498,320662.0122187393,335873.36962738825,320517.99834420404,335674.7190570697,1.04743735406448,1.0472882046910479,0.9880952380952381
2024-10-16 08:00:00,144.0,280.0,441,441,428,312677.97811208945,320706.7846446584,312537.7445507132,320506.4162656311,1.0256775567663763,1.0254966699346129,0.9705215419501134
2024-10-16 08:00:00,144.0,290.0,364,363,355,184592.3992004912,192634.6947358428,184186.0102758007,192543.35492909414,1.043567858536887,1.045374481160535,0.9752747252747253
2024-10-16 08:00:00,144.0,300.0,139,143,134,14932.105052290384,16171.238184491638,14844.748234999028,16053.912441143268,1.082984490657008,1.0814540056188646,0.9640287769784173
2024-10-16 08:00:00,144.0,310.0,81,83,81,24351.765669510252,26743.532583045187,24351.765669510252,26711.551299314408,1.0982173919540281,1.0969040874419524,1.0
2024-10-16 08:00:00,144.0,320.0,43,40,38,6041.37324945518,6221.99873088951,5917.719781525663,6179.274089078012,1.0298980834284026,1.0441984948947545,0.8837209302325582
2024-10-16 08:00:00,144.0,330.0,7,7,7,257.53455051921514,261.4190181579692,257.53455051921514,261.4190181579692,1.0150832873916242,1.0150832873916242,1.0
2024-10-16 08:00:00,144.0,340.0,6,6,6,105.57655783089797,122.43542076186343,105.57655783089797,122.43542076186343,1.1596837714482822,1.1596837714482822,1.0
2024-10-16 16:00:00,152.0,0.0,27,27,27,15029.266974801752,16457.215726534665,15029.266974801752,16457.215726534665,1.0950112040811457,1.0950112040811457,1.0
2024-10-16 16:00:00,152.0,10.0,98,98,98,65604.59064969189,76239.69414361696,65604.59064969189,76239.69414361696,1.1621091357876647,1.1621091357876647,1.0
2024-10-16 16:00:00,152.0,20.0,140,140,138,51193.88013661771,59070.28008672623,51136.21050403133,59040.45944860976,1.1538543265149914,1.1545724422413994,0.9857142857142858
2024-10-16 16:00:00,152.0,30.0,138,140,134,28326.767531247606,33964.43968704411,28230.651294668605,33889.194870012434,1.199022784706286,1.2004397105925946,0.9710144927536232
2024-10-16 16:00:00,152.0,40.0,148,154,145,36161.28240811004,40483.245315862514,36128.48761141539,40334.51133924317,1.1195190717789136,1.1164184831943758,0.9797297297297297
2024-10-16 16:00:00,152.0,50.0,177,177,174,99024.1200409969,111271.86022014549,98882.68925575238,111167.36960652974,1.1236844131922394,1.1242348933189306,0.9830508474576272
2024-10-16 16:00:00,152.0,60.0,210,216,204,112058.6790937818,126969.05338084689,111964.06101043022,126572.02281520888,1.133058629707625,1.1304700961446712,0.9714285714285714
2024-10-16 16:00:00,152.0,70.0,287,290,284,162561.67114072604,182064.95916478947,162516.09460713854,181991.49138588694,1.119974701829805,1.1198367264843991,0.9895470383275261
2024-10-16 16:00:00,152.0,80.0,298,309,296,146380.05463780748,166049.38162734132,146344.21347544173,165870.91065667162,1.1343716330630034,1.1334299233123193,0.9932885906040269
2024-10-16 16:00:00,152.0,90.0,336,337,327,130677.35189877327,148716.7138509425,130462.39153017214,148593.00843375092,1.1380450528729957,1.1389719802843388,0.9732142857142857
2024-10-16 16:00:00,152.0,100.0,378,376,368,157098.36027200983,179295.31087484738,156771.35160520632,179101.29875834062,1.1412933309068558,1.1424364013226556,0.9735449735449735
2024-10-16 16:00:00,152.0,110.0,502,499,491,144633.43787921302,165360.88781092066,144374.87306392984,165259.7351304823,1.1433102208980033,1.1446571804589885,0.9780876494023905
2024-10-16 16:00:00,152.0,120.0,445,454,440,81242.41328944267,93653.69680992313,81140.5480532953,93409.95307893226,1.1527685234590794,1.151211759348459,0.9887640449438202
2024-10-16 16:00:00,152.0,130.0,328,334,322,69002.21306105664,79186.81226861205,68903.73067676884,78927.86682005346,1.1475981530989965,1.1454803106425164,0.9817073170731707
2024-10-16 16:00:00,152.0,140.0,295,300,287,79482.7153278222,91130.46569394696,79198.2787677196,90778.31258153927,1.1465444445133037,1.1462157258212986,0.9728813559322034
2024-10-16 16:00:00,152.0,150.0,415,425,405,117090.38508457594,134768.27929930817,116885.21863777109,134419.64710534798,1.150976480280283,1.1500140793842917,0.9759036144578314
2024-10-16 16:00:00,152.0,160.0,399,396,389,155245.73939317334,174408.26561356158,155006.2480171223,174311.14569455181,1.123433508032433,1.12454270666107,0.974937343358396
2024-10-16 16:00:00,152.0,170.0,428,435,420,147083.2622300688,168509.76438584708,146913.48212518595,167962.05807755375,1.1456760057596682,1.143271915197219,0.9813084112149533
2024-10-16 16:00:00,152.0,180.0,346,354,344,148318.5202958482,166689.28993386854,148204.4121953855,166545.01081327765,1.123860254278269,1.123752041833362,0.9942196531791907
2024-10-16 16:00:00,152.0,190.0,380,381,372,134577.66307663254,150664.73488907784,134316.43912459846,150532.07117225416,1.1195374584806457,1.1207270841405592,0.9789473684210527
2024-10-16 16:00:00,152.0,200.0,497,496,482,117850.17342382087,132412.84958944886,117568.53699398912,131959.03291463523,1.1235694080250243,1.1224009100443415,0.9698189134808853
2024-10-16 16:00:00,152.0,210.0,608,616,605,158969.73404785557,180056.92029708,158863.49070419322,179823.47742602346,1.1326490628893953,1.1319370903215147,0.9950657894736842
2024-10-16 16:00:00,152.0,220.0,491,492,480,127573.49100610448,143197.85016851488,127196.7228571311,142936.08226245368,1.1224733997571859,1.1237402902510407,0.9775967413441955
2024-10-16 16:00:00,152.0,230.0,411,418,402,52764.92237489729,59759.703820431794,52453.81805512206,59514.44822283134,1.1325649907307027,1.134606601187534,0.9781021897810219
2024-10-16 16:00:00,152.0,240.0,381,405,377,52467.9208432279,59642.161089701694,52335.329124043245,59190.81111440581,1.1367357450261875,1.1309914756457147,0.989501312335958
2024-10-16 16:00:00,152.0,250.0,490,494,484,202278.92042007274,226087.99837076405,202023.02913732888,225950.21539553843,1.1177041972601347,1.1184379145307468,0.9877551020408163
2024-10-16 16:00:00,152.0,260.0,552,560,547,274233.65853882924,303697.4359973216,274113.1519035964,303524.19520629407,1.1074404127322706,1.1072952651065837,0.9909420289855072
2024-10-16 16:00:00,152.0,270.0,508,512,503,288307.8109492223,314462.58380487224,288174.8878465628,314285.08283393644,1.090718224974683,1.0906053791934704,0.9901574803149606
2024-10-16 16:00:00,152.0,280.0,451,462,445,282046.80079243204,304746.10584156966,281809.8660565339,304547.178695374,1.0804806329494332,1.080683167544882,0.9866962305986696
2024-10-16 16:00:00,152.0,290.0,371,367,359,164386.13700603612,178852.45639068674,163764.20002998688,178761.61673629755,1.0880020642137203,1.0915793360427035,0.967654986522911
2024-10-16 16:00:00,152.0,300.0,130,137,126,13017.272418682991,14569.79588600124,12898.407209722976,14339.52546707997,1.1192664190610313,1.1117283889339964,0.9692307692307692
2024-10-16 16:00:00,152.0,310.0,79,82,79,19636.98251086657,21885.708132169384,19636.98251086657,21845.940047492568,1.114514825282267,1.1124896625743605,1.0
2024-10-16 16:00:00,152.0,320.0,39,36,35,5119.44027860015,5494.839946547797,5019.946628838339,5443.307196115683,1.0733282639348019,1.0843356709900547,0.8974358974358975
2024-10-16 16:00:00,152.0,330.0,8,7,7,229.16995133243267,225.16598313383452,216.39226314995847,225.16598313383452,0.9825283891918709,1.0405454421343887,0.875
2024-10-16 16:00:00,152.0,340.0,5,5,5,90.04776637223745,91.6517308944054,90.04776637223745,91.6517308944054,1.0178123743296144,1.0178123743296144,1.0
2024-10-17 00:00:00,160.0,0.0,27,27,27,17624.61072911858,19616.564690138384,17624.61072911858,19616.564690138384,1.1130211606732845,1.1130211606732845,1.0
2024-10-17 00:00:00,160.0,10.0,98,99,98,65233.18044015393,75892.54623837436,65233.18044015393,75820.8490550604,1.163404048772381,1.162304958051521,1.0
2024-10-17 00:00:00,160.0,20.0,145,143,142,52236.459854451095,60765.350249358744,52185.048432969146,60750.43961659682,1.1632746633036024,1.1641349666395304,0.9793103448275862
2024-10-17 00:00:00,160.0,30.0,138,138,134,27212.956103088698,32584.915087400597,27106.25040989875,32539.162290732762,1.1974044629316172,1.2004302254527246,0.9710144927536232
2024-10-17 00:00:00,160.0,40.0,146,153,144,33737.15143565342,38189.25145797504,33714.75803536513,38061.13815590827,1.1319643133123756,1.1289162483676733,0.9863013698630136
2024-10-17 00:00:00,160.0,50.0,179,181,176,96394.09572629698,108984.75691365937,96272.41419775684,108910.35685026486,1.130616518496242,1.1312727301773895,0.9832402234636871
2024-10-17 00:00:00,160.0,60.0,223,226,218,111672.22541447314,126698.68284251976,111546.54308939136,126500.39664202246,1.1345585920964294,1.1340593185451509,0.9775784753363229
2024-10-17 00:00:00,160.0,70.0,287,297,286,167049.97004126664,188353.6456744542,167036.27776766178,188210.0354184343,1.1275287605734072,1.1267614313114906,0.9965156794425087
2024-10-17 00:00:00,160.0,80.0,307,309,299,139266.9974047258,156874.56662953575,139032.72454250717,156720.68697475322,1.1264303069135637,1.127221576721948,0.9739413680781759
2024-10-17 00:00:00,160.0,90.0,353,350,345,124707.79087114605,141764.31190110682,124538.81661374123,141708.42976411252,1.1367718962128386,1.1378655556333337,0.9773371104815864
2024-10-17 00:00:00,160.0,100.0,378,377,368,153831.3235225645,175513.30717863902,153517.27176492225,175382.95848969065,1.1409464805969387,1.1424314441846704,0.9735449735449735
2024-10-17 00:00:00,160.0,110.0,499,501,490,138936.38219372893,159099.0609192353,138713.60701697136,158857.24982121954,1.1451216622107814,1.145217496952434,0.9819639278557114
2024-10-17 00:00:00,160.0,120.0,451,454,439,74712.82985210525,85564.77139053767,74414.64041509558,85316.1008675138,1.1452487017278552,1.1464961785961514,0.9733924611973392
2024-10-17 00:00:00,160.0,130.0,325,337,321,64573.516602872,73771.16146856846,64495.95473963936,73548.4457656059,1.1424367968413756,1.140357500908547,0.9876923076923076
2024-10-17 00:00:00,160.0,140.0,296,300,285,76408.30852431644,88550.06297384157,76138.36446096061,88154.29360292808,1.1589062064587008,1.1578170115294313,0.9628378378378378
2024-10-17 00:00:00,160.0,150.0,425,432,414,109491.09743842689,126514.81761207053,109265.64538488109,126014.77209171525,1.155480405000206,1.1532881323112718,0.9741176470588235
2024-10-17 00:00:00,160.0,160.0,397,394,385,144264.53207276535,163326.86641043326,143708.92471696416,163220.93707847063,1.1321345868162043,1.1357745345317665,0.9697732997481109
2024-10-17 00:00:00,160.0,170.0,436,450,431,146982.69797691365,167079.38070837822,146863.93167799944,166580.7140255466,1.1367282204509617,1.134252039437269,0.9885321100917431
2024-10-17 00:00:00,160.0,180.0,360,368,356,147628.50441802136,165981.31610961177,147542.28301395048,165751.42377582873,1.1243175345028424,1.123416422668182,0.9888888888888889
2024-10-17 00:00:00,160.0,190.0,383,389,382,127465.04640446523,141920.92427095812,127454.36698654645,141772.21034513856,1.1134105252715498,1.1123370167465776,0.9973890339425587
2024-10-17 00:00:00,160.0,200.0,504,525,497,111013.24865480492,124362.86275343955,110819.83246562346,123845.15173572948,1.1202524406807082,1.117535994959625,0.9861111111111112
2024-10-17 00:00:00,160.0,210.0,619,628,608,158338.6959309457,178660.00480728643,158095.0181643719,178394.66006568752,1.1283407619145938,1.1284015279988773,0.9822294022617124
2024-10-17 00:00:00,160.0,220.0,502,519,500,121382.27145526766,136599.16204094197,121347.54528066021,136360.0619167522,1.125363369817001,1.1237150417947894,0.9960159362549801
2024-10-17 00:00:00,160.0,230.0,431,440,422,52931.9847068204,60044.2075437618,52763.25129809376,59802.913809695194,1.1343653157223286,1.133419801441534,0.9791183294663574
2024-10-17 00:00:00,160.0,240.0,389,404,383,50905.315450714035,57819.959326846016,50718.39086424338,57512.882555233446,1.135833435367406,1.1339650484806725,0.9845758354755784
2024-10-17 00:00:00,160.0,250.0,480,481,474,194553.50650561703,219111.3830268778,194426.53478688348,218989.4673519332,1.1262268512264093,1.1263352895322332,0.9875
2024-10-17 00:00:00,160.0,260.0,541,554,537,265397.80419909616,295489.25299579767,265348.8155654237,295257.02203433425,1.1133824331648483,1.1127127943088047,0.9926062846580407
2024-10-17 00:00:00,160.0,270.0,501,507,498,274448.6740143748,302172.0680563463,274331.609542959,302062.14476954227,1.1010148587583246,1.101083995653227,0.9940119760479041
2024-10-17 00:00:00,160.0,280.0,434,442,426,265177.3613664039,290217.03361296107,265088.2077712574,289989.8830855861,1.0944261309394323,1.0939373181617198,0.9815668202764977
2024-10-17 00:00:00,160.0,290.0,359,366,349,155557.32074874203,170898.0580375903,154829.15976890517,170702.81078469814,1.0986179063448052,1.1025236527762965,0.9721448467966574
2024-10-17 00:00:00,160.0,300.0,136,141,131,13270.288109534384,14780.996738920068,13163.094498684142,14651.673187200397,1.1138414341057357,1.1130872902769984,0.9632352941176471
2024-10-17 00:00:00,160.0,310.0,79,82,78,20613.39482908432,23268.332589161335,20597.619806387538,23099.469062971446,1.1287967257256943,1.12146302728668,0.9873417721518988
2024-10-17 00:00:00,160.0,320.0,40,35,35,5287.4749936695025,5668.987761586822,5169.0898338056495,5668.987761586822,1.0721540562128598,1.0967090810672042,0.875
2024-10-17 00:00:00,160.0,330.0,8,7,7,245.16733030464988,251.8492580507043,233.1503148152273,251.8492580507043,1.0272545601314471,1.0802012352001154,0.875
2024-10-17 00:00:00,160.0,340.0,3,5,3,57.443805575648916,83.42232946808454,57.443805575648916,60.695071779284994,1.4522423894465692,1.0565990740177271,1.0
2024-10-17 08:00:00,168.0,0.0,27,27,27,22533.787604085333,25518.312075198493,22533.787604085333,25518.312075198493,1.1324466407312754,1.1324466407312754,1.0
2024-10-17 08:00:00,168.0,10.0,99,97,97,74545.99472953417,85243.68056669124,74468.64474129099,85243.68056669124,1.1435045018309855,1.1446922508504545,0.9797979797979798
2024-10-17 08:00:00,168.0,20.0,144,145,142,59666.45060510127,68334.04213476059,59591.273207850245,68286.09201984043,1.1452674231793212,1.145907585858474,0.9861111111111112
2024-10-17 08:00:00,168.0,30.0,140,140,134,29185.776414976237,34195.418395019355,29075.820706246195,34089.85802752056,1.1716466921699742,1.1724469748225277,0.9571428571428572
2024-10-17 08:00:00,168.0,40.0,149,156,145,37709.79498530556,42213.437746630436,37632.83661083448,42036.70922459896,1.1194289908783597,1.1170220746128028,0.9731543624161074
2024-10-17 08:00:00,168.0,50.0,180,181,173,110132.61177509463,123810.38683106807,109841.97281815717,123706.9216665616,1.1241936864614204,1.1262263276294007,0.9611111111111111
2024-10-17 08:00:00,168.0,60.0,225,227,215,125932.614701376,141576.7084550217,125666.69842614983,141424.2443567109,1.1242259107439525,1.1253915804895698,0.9555555555555556
2024-10-17 08:00:00,168.0,70.0,293,295,288,198726.8752241989,220290.65005870507,198638.62262816698,220193.0611097746,1.108509605508457,1.1085108132367365,0.9829351535836177
2024-10-17 08:00:00,168.0,80.0,309,317,299,159411.70004734705,175797.85384162574,159168.85176943007,175443.2326753151,1.1027914123581382,1.102246015630369,0.9676375404530745
2024-10-17 08:00:00,168.0,90.0,352,352,345,137996.66887010442,152841.5206730609,137812.64400718338,152710.09390763886,1.1075739865643415,1.1080992967501513,0.9801136363636364
2024-10-17 08:00:00,168.0,100.0,383,390,374,174638.55989454515,196402.73217879314,174169.22800568046,196164.91680982953,1.1246240938850516,1.126289178955491,0.9765013054830287
2024-10-17 08:00:00,168.0,110.0,507,502,495,155893.776737637,174152.17228454287,155551.56985401805,174008.82676316754,1.1171207467610078,1.1186568346849295,0.9763313609467456
2024-10-17 08:00:00,168.0,120.0,455,462,447,83972.34940896093,94094.94638783575,83839.68915555687,93866.77353325416,1.1205467877238482,1.1195983009800161,0.9824175824175824
2024-10-17 08:00:00,168.0,130.0,334,344,331,72361.03102899872,81047.9545581443,72323.41093428986,80767.45156814775,1.1200497478492848,1.1167539047837471,0.9910179640718563
2024-10-17 08:00:00,168.0,140.0,302,295,286,83535.2466471115,93760.86592423591,83232.73793688347,93636.76077778511,1.122410834797936,1.1249991661789518,0.9470198675496688
2024-10-17 08:00:00,168.0,150.0,442,440,424,127424.5418142479,144558.3256014926,127108.89569814196,144288.68152071134,1.134462196554109,1.1351580133570502,0.9592760180995475
2024-10-17 08:00:00,168.0,160.0,408,410,394,165320.97845026542,183136.54022734362,164920.47760412993,182950.36386164842,1.1077634668272773,1.109324727404664,0.9656862745098039
2024-10-17 08:00:00,168.0,170.0,445,461,436,173933.36388227777,195916.49676359736,173751.9238567985,195105.00003778195,1.126388246571246,1.1228940417291844,0.9797752808988764
2024-10-17 08:00:00,168.0,180.0,365,370,359,170130.6285969587,189926.91109710935,169981.74508402572,189771.80190176182,1.1163593096869597,1.1164246008178904,0.9835616438356164
2024-10-17 08:00:00,168.0,190.0,393,401,384,145980.5392127305,161147.6367320623,145831.21419116575,160768.89741634502,1.1038980784776353,1.102431316285949,0.9770992366412213
2024-10-17 08:00:00,168.0,200.0,517,527,505,123648.10451907886,135979.23063654004,123436.49037736701,135675.47277335485,1.0997275790471863,1.0991520607769316,0.97678916827853
2024-10-17 08:00:00,168.0,210.0,618,629,608,179881.83086983446,201238.83425380554,179631.63909775988,200888.33699992558,1.118727963133894,1.1183349325816556,0.9838187702265372
2024-10-17 08:00:00,168.0,220.0,510,521,504,136443.54158620912,150852.4282151469,136194.3209961137,150637.6345292345,1.105603288081128,1.1060493082786684,0.9882352941176471
2024-10-17 08:00:00,168.0,230.0,440,450,429,59351.65456524829,66290.47008497457,59132.34043941735,65879.58470567898,1.1169102288816244,1.1141041300939942,0.975
2024-10-17 08:00:00,168.0,240.0,404,409,386,56724.62478004895,63813.446078842135,56416.81555426678,63397.275151617316,1.124969029346254,1.123730124232838,0.9554455445544554
2024-10-17 08:00:00,168.0,250.0,486,485,475,223037.51253457132,247021.3123584938,222884.42256687602,246864.0292540987,1.1075325829784124,1.1075876295483489,0.977366255144033
2024-10-17 08:00:00,168.0,260.0,545,553,539,310991.82001453097,343781.7065965355,310886.0296972939,343575.35592622036,1.1054364921253312,1.1051489070150746,0.9889908256880734
2024-10-17 08:00:00,168.0,270.0,507,507,502,322808.72315735056,351162.7146748033,322750.951495418,351054.61213009374,1.0878352704974203,1.0876950493981041,0.9901380670611439
2024-10-17 08:00:00,168.0,280.0,440,445,430,315221.19543362316,338925.0578206093,315111.6939641089,338720.10643594526,1.07519755248177,1.074920775471206,0.9772727272727273
2024-10-17 08:00:00,168.0,290.0,364,373,361,186395.55113593012,202016.4353262722,185835.81007340286,201837.9513876161,1.0838050269716495,1.086109029836029,0.9917582417582418
2024-10-17 08:00:00,168.0,300.0,138,144,133,15071.861313843663,16582.741048119227,14930.37297276486,16437.671238406227,1.100245066141088,1.1009551649105414,0.9637681159420289
2024-10-17 08:00:00,168.0,310.0,81,83,80,24537.414710875608,27269.78755367039,24523.271102263487,27109.570819253113,1.1113553679142785,1.1054630806063597,0.9876543209876543
2024-10-17 08:00:00,168.0,320.0,41,39,39,6138.398510113147,6666.188819004225,6093.424670817738,6666.188819004225,1.0859817602297297,1.0939970835989052,0.9512195121951219
2024-10-17 08:00:00,168.0,330.0,7,7,7,263.33495365218914,276.92285211136146,263.33495365218914,276.92285211136146,1.0515992969057921,1.0515992969057921,1.0
2024-10-17 08:00:00,168.0,340.0,5,4,4,88.40912499824395,84.1302811393594,76.6046939435545,84.1302811393594,0.9516017847821755,1.0982392436859034,0.8
2024-10-17 16:00:00,176.0,0.0,27,26,26,15316.002544464529,16628.990229325966,14960.318550389999,16628.990229325966,1.08572652564203,1.1115398494567796,0.9629629629629629
2024-10-17 16:00:00,176.0,10.0,98,98,98,66214.78148916575,75523.3907688372,66214.78148916575,75523.3907688372,1.1405820433190519,1.1405820433190519,1.0
2024-10-17 16:00:00,176.0,20.0,140,139,139,51725.80436107435,58713.51262737381,51687.66815151306,58713.51262737381,1.135091340823266,1.1359288342291967,0.9928571428571429
2024-10-17 16:00:00,176.0,30.0,138,137,134,28496.22666487871,33253.14959688054,28393.025563135117,33212.381881601366,1.1669316779356154,1.1697373288996575,0.9710144927536232
2024-10-17 16:00:00,176.0,40.0,145,151,145,36481.979508973294,40318.818349579524,36481.979508973294,40235.60840160263,1.1051707964383484,1.1028899457526988,1.0
2024-10-17 16:00:00,176.0,50.0,176,177,174,99541.21897536359,110010.86043594108,99465.51867809452,109974.41163080919,1.1051789556964209,1.1056536284370582,0.9886363636363636
2024-10-17 16:00:00,176.0,60.0,213,215,206,112494.27227942135,125556.13897183482,112342.92947495639,125401.94741234108,1.1161113932980469,1.1162424551186003,0.9671361502347418
2024-10-17 16:00:00,176.0,70.0,291,294,285,164138.94209800556,183876.62601972924,164058.5341567116,183771.1136580609,1.1202498546014665,1.120155770028516,0.979381443298969
2024-10-17 16:00:00,176.0,80.0,298,304,294,146989.83057404513,164576.78013943275,146928.43239301673,164428.15924155718,1.1196473898684325,1.1191037470659913,0.9865771812080537
2024-10-17 16:00:00,176.0,90.0,337,336,328,130953.17956334984,147258.48642581014,130749.06949120022,147156.8803986459,1.124512493066825,1.1254908426598782,0.973293768545994
2024-10-17 16:00:00,176.0,100.0,378,380,373,157452.95041616153,177556.5038566616,157269.51178986763,177470.5560026614,1.1276797506008283,1.1284485720270117,0.9867724867724867
2024-10-17 16:00:00,176.0,110.0,498,497,488,145092.31966518657,163874.69815405936,144903.4582071827,163740.74558480477,1.1294512247940813,1.129998880707792,0.9799196787148594
2024-10-17 16:00:00,176.0,120.0,446,453,442,81646.96813328388,92814.04898521965,81594.05363221277,92620.98863574302,1.136772756015951,1.1351438556200975,0.9910313901345291
2024-10-17 16:00:00,176.0,130.0,328,335,324,69383.1491810084,78272.08279296319,69305.95288745346,78130.5593695284,1.1281137238202483,1.1273282613458226,0.9878048780487805
2024-10-17 16:00:00,176.0,140.0,298,298,285,80929.88699175975,91092.05892158102,80564.16756347245,90739.21616634559,1.1255676031137418,1.1262974460060886,0.9563758389261745
2024-10-17 16:00:00,176.0,150.0,415,422,406,119307.20694626673,134058.4484895053,119020.71206842115,133833.75898743703,1.1236408254019574,1.1244577238833888,0.9783132530120482
2024-10-17 16:00:00,176.0,160.0,401,401,392,157527.58786954646,174281.29777677482,157259.94697367074,174159.76422308863,1.1063541322114487,1.1074642181600591,0.9775561097256857
2024-10-17 16:00:00,176.0,170.0,425,435,419,148420.33370572928,168520.11943518568,148205.1020534806,168253.0785040986,1.1354247442220953,1.135271837290619,0.9858823529411764
2024-10-17 16:00:00,176.0,180.0,346,352,344,148296.56345748005,165163.8798800357,148271.9172916622,165038.1092316086,1.1137404402994941,1.1130773260789906,0.9942196531791907
2024-10-17 16:00:00,176.0,190.0,380,394,378,134889.39134038638,149905.5592938906,134838.6129036355,149480.1731178825,1.11132208251731,1.1085858115784002,0.9947368421052631
2024-10-17 16:00:00,176.0,200.0,498,497,484,118037.62686245271,131012.4028405089,117767.19151691723,130705.61081993007,1.1099206780323996,1.1098643784941942,0.9718875502008032
2024-10-17 16:00:00,176.0,210.0,610,617,601,159591.91357198288,178689.23283583444,159412.33684541666,178348.34156926395,1.1196634518404833,1.1187863191680685,0.9852459016393442
2024-10-17 16:00:00,176.0,220.0,494,497,486,128271.94848083354,141557.2153150459,128124.29975795624,141408.91740970736,1.1035711002409654,1.1036853873687311,0.9838056680161943
2024-10-17 16:00:00,176.0,230.0,410,423,405,53103.226390927084,59535.24838305896,52949.02820443477,59203.89462470251,1.1211229981542292,1.1181299569109724,0.9878048780487805
2024-10-17 16:00:00,176.0,240.0,384,401,376,52788.45665665418,59140.412207655274,52652.40203391614,58679.45575501881,1.1203284951540708,1.1144687324468185,0.9791666666666666
2024-10-17 16:00:00,176.0,250.0,490,496,483,202723.6153831522,225491.46627967746,202479.76462910452,225058.59814360147,1.1123098108402096,1.111511555516948,0.9857142857142858
2024-10-17 16:00:00,176.0,260.0,556,559,549,274772.84579810326,302898.1105076088,274576.7176119898,302772.6856803361,1.1023582393224232,1.102688852549365,0.987410071942446
2024-10-17 16:00:00,176.0,270.0,505,506,497,289513.1747167915,314636.35976675164,289246.35151431663,314425.14942580205,1.0867773464006818,1.0870496646877814,0.9841584158415841
2024-10-17 16:00:00,176.0,280.0,448,458,443,283701.7646627797,306247.48899654276,283573.0409787599,306074.39308909787,1.079469806472871,1.07934940512213,0.9888392857142857
2024-10-17 16:00:00,176.0,290.0,375,372,362,166185.30102674235,180817.0159985329,165585.87679536294,180689.6147465104,1.0880445796432745,1.091213926232448,0.9653333333333334
2024-10-17 16:00:00,176.0,300.0,130,134,124,13217.468800196777,14746.6441211306,13117.43370876375,14594.538454584614,1.1156935071343657,1.1126062291310845,0.9538461538461539
2024-10-17 16:00:00,176.0,310.0,78,79,77,20240.212329817565,22156.61885786798,20220.012131805102,22124.804249165976,1.0946831237154164,1.094203312290042,0.9871794871794872
2024-10-17 16:00:00,176.0,320.0,39,37,36,5312.070850113327,5703.206810859441,5206.897486827716,5620.064857554562,1.0736315406519419,1.0793500105911564,0.9230769230769231
2024-10-17 16:00:00,176.0,330.0,7,7,7,227.48296706806101,231.0331690636594,227.48296706806101,231.0331690636594,1.0156064519526693,1.0156064519526693,1.0
2024-10-17 16:00:00,176.0,340.0,5,4,4,93.66512247571512,71.7073323056824,82.48062705372553,71.7073323056824,0.7655713291174546,0.8693839373817356,0.8
2024-10-18 00:00:00,184.0,0.0,27,27,27,17648.06567679725,19243.53955536699,17648.06567679725,19243.53955536699,1.090405028391717,1.090405028391717,1.0
2024-10-18 00:00:00,184.0,10.0,99,98,98,65419.56868510668,74536.20113705145,65408.563974287135,74536.20113705145,1.139356352161647,1.1395480439893544,0.98989898989899
2024-10-18 00:00:00,184.0,20.0,144,142,141,52509.54390962409,59770.41308160195,52381.077855646705,59756.93607375805,1.1382771327146697,1.1408115014058693,0.9791666666666666
2024-10-18 00:00:00,184.0,30.0,137,139,135,27417.4155502266,32021.769426244726,27349.02869251576,31905.877174153044,1.1679353718654957,1.166618293207769,0.9854014598540146
2024-10-18 00:00:00,184.0,40.0,148,147,145,34129.90515277215,37647.72207340374,34080.89694793204,37612.887233281916,1.1030713945698105,1.103635485026875,0.9797297297297297
2024-10-18 00:00:00,184.0,50.0,181,178,176,97089.39574789861,107561.53871130277,96985.89850707987,107498.41693705013,1.1078608315844918,1.1083922363126106,0.9723756906077348
2024-10-18 00:00:00,184.0,60.0,221,225,215,111724.41394315097,124615.76750120652,111553.29981134439,124480.80311831637,1.1153852869133427,1.1158863371037395,0.9728506787330317
2024-10-18 00:00:00,184.0,70.0,288,295,284,166964.61714250717,185255.1134801198,166844.1896601879,185095.50708324387,1.109547140290217,1.1093913876187627,0.9861111111111112
2024-10-18 00:00:00,184.0,80.0,303,316,297,139659.7338509311,155441.02817360492,139373.18365953793,155100.30293871992,1.1129981698197873,1.1128417882567736,0.9801980198019802
2024-10-18 00:00:00,184.0,90.0,345,351,338,124995.48397636396,139624.61198802455,124803.15398906863,139411.70873049228,1.1170372524372711,1.117052768896395,0.9797101449275363
2024-10-18 00:00:00,184.0,100.0,379,385,372,154485.5289243109,172134.6337378471,154326.97079637484,171962.4772640376,1.114244388690822,1.1142736514340823,0.9815303430079155
2024-10-18 00:00:00,184.0,110.0,501,502,494,140039.20317129028,156366.9876583324,139869.10919313377,156166.48388318415,1.1165943829819613,1.116518756600835,0.9860279441117764
2024-10-18 00:00:00,184.0,120.0,452,449,438,75277.52740660644,84449.42214558885,75039.36331710716,84261.10674144748,1.1218410733583348,1.1228920797924467,0.9690265486725663
2024-10-18 00:00:00,184.0,130.0,328,346,325,65284.736886674014,73185.33948421599,65236.26181059062,72933.31793865855,1.121017606477551,1.1179873879103597,0.9908536585365854
2024-10-18 00:00:00,184.0,140.0,296,305,287,78112.47737452446,88799.58176914492,77951.5468013311,88541.88554763442,1.136816866572791,1.1358579679412144,0.9695945945945946
2024-10-18 00:00:00,184.0,150.0,428,436,417,111677.56542991755,126450.17222917234,111414.79549758353,125898.11744399753,1.132279090633698,1.1299946015404043,0.9742990654205608
2024-10-18 00:00:00,184.0,160.0,400,406,390,146498.58836552576,161907.56643996385,146174.26366349187,161639.90609801904,1.1051817512124515,1.105802772984242,0.975
2024-10-18 00:00:00,184.0,170.0,436,445,430,148094.38639530243,166091.17941268947,147978.9552481423,165596.03712649707,1.1215224523726979,1.1190512654236078,0.9862385321100917
2024-10-18 00:00:00,184.0,180.0,361,367,355,148049.20336079548,164068.58913461032,147943.97553790337,163866.05318773733,1.108203120382726,1.1076223454989873,0.9833795013850416
2024-10-18 00:00:00,184.0,190.0,384,402,378,127998.8933178102,141111.54163312365,127907.39851196342,140543.34268785518,1.1024434506848109,1.0987897832564384,0.984375
2024-10-18 00:00:00,184.0,200.0,506,526,495,111915.82529516266,122662.39216830005,111656.20700724523,122169.49350717798,1.0960236574657318,1.094157653942611,0.9782608695652174
2024-10-18 00:00:00,184.0,210.0,617,626,610,158747.78075281635,175999.04955694696,158543.38222902565,175754.80296096375,1.1086709289561174,1.1085596919275706,0.9886547811993517
2024-10-18 00:00:00,184.0,220.0,500,508,496,122846.51505021489,135616.86527655902,122788.89669145847,135451.89661899424,1.1039537037019251,1.1031282165467706,0.992
2024-10-18 00:00:00,184.0,230.0,436,439,426,53835.45861415834,60233.93743681448,53626.10069406994,60007.1936822242,1.1188524995860885,1.1189922986300567,0.9770642201834863
2024-10-18 00:00:00,184.0,240.0,389,422,386,51072.39089693688,57940.93071279213,50985.257482788904,57322.21194534461,1.1344863574081705,1.124289937433284,0.9922879177377892
2024-10-18 00:00:00,184.0,250.0,481,489,475,195548.63583568152,216544.80270734572,195256.26582228913,216380.63210793564,1.1073705617118554,1.1081879047347585,0.9875259875259875
2024-10-18 00:00:00,184.0,260.0,542,556,537,265950.5037900142,291734.9806066175,265893.0238666559,291464.75223096006,1.0969521638393358,1.0961729946594172,0.9907749077490775
2024-10-18 00:00:00,184.0,270.0,503,510,498,275780.28585331235,299726.0689525105,275630.9862752744,299502.35733793816,1.0868292054492064,1.0866062679862243,0.9900596421471173
2024-10-18 00:00:00,184.0,280.0,436,444,430,267842.24201490474,289573.4061123623,267776.310904182,289399.9375892447,1.0811341927769864,1.080752575207447,0.9862385321100917
2024-10-18 00:00:00,184.0,290.0,361,370,353,159036.25918190996,174518.3000735812,158492.99212035094,174288.94386097798,1.0973491263647144,1.09966340801133,0.9778393351800554
2024-10-18 00:00:00,184.0,300.0,135,136,127,13474.930396968484,15021.19185024998,13338.808951208635,14885.27830912508,1.114750978871799,1.1159375895983816,0.9407407407407408
2024-10-18 00:00:00,184.0,310.0,78,80,77,21057.51442589709,23271.135914387403,21031.60035755736,23232.257722769908,1.1051226390598097,1.1046357541888998,0.9871794871794872
2024-10-18 00:00:00,184.0,320.0,41,37,37,5510.656021006055,5868.1452115613965,5398.887913201009,5868.1452115613965,1.0648723471747519,1.0869173996394683,0.9024390243902439
2024-10-18 00:00:00,184.0,330.0,7,7,7,246.1435448444514,251.36184062859652,246.1435448444514,251.36184062859652,1.0212002138323097,1.0212002138323097,1.0
2024-10-18 00:00:00,184.0,340.0,3,4,3,62.388523253330604,75.20009220184497,62.388523253330604,64.92385001885,1.205351373625123,1.0406377108049925,1.0
2024-10-18 08:00:00,192.0,0.0,27,27,27,22481.085174140007,23994.885082590925,22481.085174140007,23994.885082590925,1.0673366030476252,1.0673366030476252,1.0
2024-10-18 08:00:00,192.0,10.0,99,98,98,73929.43779225499,83270.6971039487,73878.43777936485,83270.6971039487,1.126353717688792,1.1271312659944634,0.98989898989899
2024-10-18 08:00:00,192.0,20.0,144,143,141,59748.49316704927,66968.10780990108,59545.14502285032,66937.89105555756,1.1208334178849777,1.1241536321705201,0.9791666666666666
2024-10-18 08:00:00,192.0,30.0,143,144,138,29197.12615414027,34004.005057314964,29086.604046617536,33898.95516065397,1.1646353438279424,1.1654490536717041,0.965034965034965
2024-10-18 08:00:00,192.0,40.0,148,156,144,37866.13801012268,41618.41184538646,37751.153696297835,41352.51964045764,1.0990931220464228,1.0953975068717696,0.972972972972973
2024-10-18 08:00:00,192.0,50.0,181,182,177,110491.88873025209,121690.40176269785,110371.43083340011,121624.35871899588,1.1013514490623388,1.1019550784168184,0.9779005524861878
2024-10-18 08:00:00,192.0,60.0,225,226,218,124652.86806654191,138554.6448734994,124447.94651518884,138467.08448302158,1.1115239225746212,1.1126506170684118,0.9688888888888889
2024-10-18 08:00:00,192.0,70.0,294,300,291,197512.3022453505,214732.19053888298,197245.97304364434,214608.2909117908,1.0871838771447353,1.0880236873799431,0.9897959183673469
2024-10-18 08:00:00,192.0,80.0,307,316,298,159000.6871399862,173407.08827000562,158643.8255296332,173084.25230795244,1.0906059048495549,1.0910241966878307,0.9706840390879479
2024-10-18 08:00:00,192.0,90.0,352,351,344,137830.63000310888,151509.55929087888,137650.79791530117,151400.5419557601,1.0992444806169823,1.0998885894502362,0.9772727272727273
2024-10-18 08:00:00,192.0,100.0,387,389,378,174532.61635072884,193295.42664537468,174041.41182081308,193115.28041586117,1.1075031744034671,1.1095938512305672,0.9767441860465116
2024-10-18 08:00:00,192.0,110.0,503,503,495,155782.09826114145,171923.48359414013,155430.40359842707,171713.24522904417,1.1036151490650772,1.1047596947163938,0.9840954274353877
2024-10-18 08:00:00,192.0,120.0,453,461,447,84081.51984207293,93449.25792913261,83978.19033874474,93263.49577509984,1.1114125684770535,1.1105680581934518,0.9867549668874173
2024-10-18 08:00:00,192.0,130.0,337,357,333,72942.19182260426,80991.24340465949,72861.31348021879,80652.32170120304,1.1103483646560903,1.1069292859110953,0.9881305637982196
2024-10-18 08:00:00,192.0,140.0,299,315,291,84347.80319786933,94215.18324559384,84214.95712286234,93920.74734355824,1.1169844343731974,1.1152501948856424,0.9732441471571907
2024-10-18 08:00:00,192.0,150.0,438,448,426,129329.11288224102,145052.47803181782,129080.91183315733,144444.40211414645,1.1215763782737265,1.1190221703798242,0.9726027397260274
2024-10-18 08:00:00,192.0,160.0,409,419,398,167757.1168290861,182376.46147274648,167506.45663596774,182061.99316004213,1.0871458983081763,1.0868953759538182,0.9731051344743277
2024-10-18 08:00:00,192.0,170.0,450,463,444,174130.57232786942,193329.766672132,174031.21717017505,193025.15609711394,1.110257458455443,1.1091409876675506,0.9866666666666667
2024-10-18 08:00:00,192.0,180.0,369,372,360,168563.76957478188,185508.84300512593,168376.7623256187,185262.55856679805,1.100526189424273,1.1002857877058143,0.975609756097561
2024-10-18 08:00:00,192.0,190.0,396,411,385,145365.81991929203,158714.86821723852,145077.94079798652,157904.70381987616,1.0918307226922943,1.0884129106833011,0.9722222222222222
2024-10-18 08:00:00,192.0,200.0,521,537,509,123827.80389049843,136107.56414020827,123624.5719996279,135595.02420891958,1.0991680370958439,1.096829068976091,0.9769673704414588
2024-10-18 08:00:00,192.0,210.0,621,633,607,178952.30809712922,197503.3391838249,178569.17463710904,197119.0787975852,1.1036646650940474,1.103880774485146,0.9774557165861514
2024-10-18 08:00:00,192.0,220.0,505,517,498,137373.6283998382,149767.68571904922,137231.42361853813,149530.98886503704,1.0902215182315562,1.0896264494106538,0.9861386138613861
2024-10-18 08:00:00,192.0,230.0,444,448,431,60159.83335305763,66697.28924752964,59916.43111301648,66386.59243051107,1.108668118412262,1.1079864270502084,0.9707207207207207
2024-10-18 08:00:00,192.0,240.0,403,411,390,56791.34457732162,63867.62198405884,56511.22579541242,63401.73005289302,1.124601335985325,1.1219316013852945,0.967741935483871
2024-10-18 08:00:00,192.0,250.0,483,488,475,222967.01402173797,245823.5083926457,222826.957940216,245626.96698784022,1.10251065374486,1.1023215918683476,0.9834368530020704
2024-10-18 08:00:00,192.0,260.0,549,563,544,308588.938005961,337794.3217468576,308298.20703299635,337553.75090824737,1.0946417066328296,1.0948936555836664,0.9908925318761385
2024-10-18 08:00:00,192.0,270.0,506,510,500,321631.6294828624,351414.4880883079,321521.6378803127,351217.0549257544,1.092599284011128,1.0923590002875512,0.9881422924901185
2024-10-18 08:00:00,192.0,280.0,442,451,432,315133.7296494086,340702.5652918105,315025.63326780207,340465.2014625103,1.0811364612440808,1.0807539625611422,0.9773755656108597
2024-10-18 08:00:00,192.0,290.0,370,382,364,188730.909118543,206349.0738169038,188631.4537984359,206097.43937735786,1.093350711765473,1.0925931769448451,0.9837837837837838
2024-10-18 08:00:00,192.0,300.0,137,143,130,15178.858534911857,16329.784341386548,15031.812700054368,16115.330363045563,1.0758242659569905,1.0720816367667538,0.948905109489051
2024-10-18 08:00:00,192.0,310.0,81,83,79,25280.93959909032,27963.723409346174,25225.656763805466,27881.84786921199,1.106118833113006,1.1052972031720383,0.9753086419753086
2024-10-18 08:00:00,192.0,320.0,43,38,37,6381.6353742062765,6680.78006678148,6197.484977013212,6538.158749613465,1.046875867239972,1.054969681066405,0.8604651162790697
2024-10-18 08:00:00,192.0,330.0,8,7,7,301.2414722986963,272.9544395511033,276.46294794893294,272.9544395511033,0.9060984779693781,0.9873092997674404,0.875
2024-10-18 08:00:00,192.0,340.0,8,7,7,137.4347704191644,143.9245490456718,127.17713233124243,143.9245490456718,1.0472207914104568,1.131685755193862,0.875
2024-10-18 16:00:00,200.0,0.0,27,27,27,15972.823362843348,16378.808559150162,15972.823362843348,16378.808559150162,1.0254172469753364,1.0254172469753364,1.0
2024-10-18 16:00:00,200.0,10.0,98,97,97,65401.92264573049,73719.1493209912,65359.84527596635,73719.1493209912,1.1271709812005606,1.127896631482674,0.9897959183673469
2024-10-18 16:00:00,200.0,20.0,141,140,139,51333.78610390691,56772.13687882204,51291.731939903446,56758.54248428803,1.1059409637915103,1.1065826857004915,0.9858156028368794
2024-10-18 16:00:00,200.0,30.0,139,136,133,27569.440898826477,31652.526376835518,27413.354898167774,31616.894867149094,1.148101860062851,1.1533391292162591,0.9568345323741008
2024-10-18 16:00:00,200.0,40.0,146,147,142,35942.82104663526,38934.149302868725,35848.35454763277,38819.64559956403,1.0832246376085022,1.082885005167621,0.9726027397260274
2024-10-18 16:00:00,200.0,50.0,177,179,172,99471.0173783342,106999.34803582433,99286.49499536758,106917.77129648278,1.0756836599836554,1.0768611713151044,0.9717514124293786
2024-10-18 16:00:00,200.0,60.0,213,216,207,109964.2032242994,121011.0892772776,109797.2975765793,120903.251336865,1.100458928715605,1.101149609374855,0.971830985915493
2024-10-18 16:00:00,200.0,70.0,289,288,283,166792.5405941212,181037.05303099618,166677.6580398633,180974.5059397734,1.0854025748761635,1.0857754306608436,0.9792387543252595
2024-10-18 16:00:00,200.0,80.0,301,302,294,145490.2488863072,162055.04291856725,145199.00738606052,161940.218545626,1.1138550119960586,1.1152983857186662,0.9767441860465116
2024-10-18 16:00:00,200.0,90.0,337,335,328,127916.48400716457,142079.59857017,127706.31951461674,141973.76052230754,1.1107215748848456,1.1117207125059916,0.973293768545994
2024-10-18 16:00:00,200.0,100.0,379,375,369,156604.117188521,174210.68789142556,156180.1555103251,174063.27534877567,1.112427252993034,1.1145031504163685,0.9736147757255936
2024-10-18 16:00:00,200.0,110.0,498,496,491,142934.31095965413,159810.3077927879,142743.32408458128,159744.98041610557,1.1180682001391349,1.1191064902023027,0.9859437751004017
2024-10-18 16:00:00,200.0,120.0,445,454,440,80275.01420002441,90448.45744697438,80201.46293736191,90237.68387204726,1.1267323755508831,1.1251376292540165,0.9887640449438202
2024-10-18 16:00:00,200.0,130.0,332,343,324,69007.45104697564,77115.01368671791,68777.1563575,76845.53893220455,1.1174882207172554,1.117311953590601,0.9759036144578314
2024-10-18 16:00:00,200.0,140.0,297,310,290,82037.21703209556,91833.28131194503,81841.69059533672,90973.882583672,1.1194100023653526,1.1115836185922536,0.9764309764309764
2024-10-18 16:00:00,200.0,150.0,414,429,409,123077.49127408862,137079.37542820172,122915.44363497896,136803.50385868293,1.1137647835454452,1.112988732847495,0.9879227053140096
2024-10-18 16:00:00,200.0,160.0,401,405,393,161343.92857039813,176125.07506450254,161019.12787030492,175931.7761741365,1.0916126601420584,1.0926141415685917,0.9800498753117207
2024-10-18 16:00:00,200.0,170.0,435,439,427,149409.37650272256,166140.10334687406,148898.92630674958,165724.6080315078,1.1119790955278275,1.1130006920942823,0.9816091954022989
2024-10-18 16:00:00,200.0,180.0,344,355,342,147130.1450468857,163608.3654895062,147068.89030911846,163447.4688939634,1.1119975817149463,1.1113667108687597,0.9941860465116279
2024-10-18 16:00:00,200.0,190.0,380,394,376,132222.70081626874,145600.05814004553,132057.4041642138,144943.75319467048,1.1011729244766026,1.097581420080259,0.9894736842105263
2024-10-18 16:00:00,200.0,200.0,498,501,487,115357.85511978657,127123.07951088919,115131.0019962537,126851.34630912585,1.101988931563314,1.101800072175638,0.9779116465863453
2024-10-18 16:00:00,200.0,210.0,612,617,604,157991.84111708018,174731.44598989218,157799.11857575842,174520.72426322862,1.1059523375033466,1.1059676748412397,0.9869281045751634
2024-10-18 16:00:00,200.0,220.0,496,494,481,127097.81526438973,138898.6377684775,126762.61377486106,138720.20295076596,1.0928483505364714,1.094330566559178,0.969758064516129
2024-10-18 16:00:00,200.0,230.0,420,424,409,52545.67102318225,57663.37263076834,52232.94203606448,57418.9128403788,1.0973953040837225,1.0992854432885217,0.9738095238095238
2024-10-18 16:00:00,200.0,240.0,378,398,370,51544.60897407633,57285.33747746619,51403.62279432675,56897.182048168135,1.1113739849355941,1.1068710521789855,0.9788359788359788
2024-10-18 16:00:00,200.0,250.0,493,497,484,199637.7158676788,219137.18112724018,199420.8926128836,218966.68639678578,1.0976742554622583,1.098012768510893,0.9817444219066938
2024-10-18 16:00:00,200.0,260.0,552,558,547,270987.7640604795,297463.3785771513,270870.67771863216,297238.36979963304,1.0977004058041637,1.0973442098018096,0.9909420289855072
2024-10-18 16:00:00,200.0,270.0,505,514,501,287101.6044822497,318562.53074576065,287011.27966396656,318331.54294452467,1.1095811579327348,1.1091255483660014,0.9920792079207921
2024-10-18 16:00:00,200.0,280.0,441,452,438,281851.01042127644,304852.506915793,281628.18921465776,304662.17059968406,1.08160870688431,1.0817886215483554,0.9931972789115646
2024-10-18 16:00:00,200.0,290.0,376,376,364,167727.45345771202,180875.54109892732,167054.98113567228,180690.54988274834,1.0783895979469469,1.0816232395728569,0.9680851063829787
2024-10-18 16:00:00,200.0,300.0,132,137,122,13234.06814910927,14325.568428953675,12842.389109792846,14004.884648780231,1.082476549731072,1.0905201928588921,0.9242424242424242
2024-10-18 16:00:00,200.0,310.0,80,80,78,21357.436022109374,23138.636788088388,21334.915902230565,23000.81036217409,1.083399559953503,1.0780830103843697,0.975
2024-10-18 16:00:00,200.0,320.0,39,37,37,5785.0654776892525,5858.442706240207,5742.804086937195,5858.442706240207,1.0126839063160031,1.020136264018835,0.9487179487179487
2024-10-18 16:00:00,200.0,330.0,8,7,7,281.56994661856635,233.00075008267243,257.4801627120815,233.00075008267243,0.8275057508119322,0.9049269956506034,0.875
2024-10-18 16:00:00,200.0,340.0,8,7,7,160.98383055739805,132.66512425544065,148.8998638718491,132.66512425544065,0.8240897473745943,0.8909687410434377,0.875
2024-10-19 00:00:00,208.0,0.0,27,26,26,15485.722303150553,16262.223945561484,15122.517809760486,16262.223945561484,1.0501430690290083,1.0753648400443874,0.9629629629629629
2024-10-19 00:00:00,208.0,10.0,99,98,98,62233.02066068117,71240.72741496858,62221.24264690704,71240.72741496858,1.1447415963207213,1.1449582873046316,0.98989898989899
2024-10-19 00:00:00,208.0,20.0,143,143,141,49924.318267468596,56750.76406440098,49838.89389651063,56725.42250971417,1.1367358841108222,1.1381757915314747,0.986013986013986
2024-10-19 00:00:00,208.0,30.0,142,138,134,27535.964694955142,32634.330128114765,27270.376723684814,32567.303978253654,1.1851529623036483,1.1942374067010362,0.9436619718309859
2024-10-19 00:00:00,208.0,40.0,149,149,144,34782.27581823429,38915.76052217238,34663.825744641814,38810.979838367726,1.1188388225525816,1.1196392494087863,0.9664429530201343
2024-10-19 00:00:00,208.0,50.0,178,180,174,94417.8785269784,104689.25068241959,94244.59092689966,104569.32057418644,1.1087863052600393,1.1095524904479144,0.9775280898876404
2024-10-19 00:00:00,208.0,60.0,220,221,215,105653.17526137369,118980.52818727358,105536.77480619491,118910.30596347166,1.1261424741180714,1.126719157202175,0.9772727272727273
2024-10-19 00:00:00,208.0,70.0,287,289,280,153585.29534075368,170305.24495976925,153311.3593236605,170185.8699505778,1.1088642606176566,1.1100669298175943,0.975609756097561
2024-10-19 00:00:00,208.0,80.0,305,311,297,133144.05646472127,149196.50991224736,132786.74945139833,148862.80821275877,1.1205645514621936,1.1210667391722282,0.9737704918032787
2024-10-19 00:00:00,208.0,90.0,339,344,333,121648.14908442211,136846.67091960588,121476.9923354508,136671.60698432373,1.1249383730831466,1.1250822427914084,0.9823008849557522
2024-10-19 00:00:00,208.0,100.0,381,382,368,146949.73755518484,165959.36848779727,146519.87063928443,165780.5924329979,1.1293614486754264,1.1314546737563753,0.9658792650918635
2024-10-19 00:00:00,208.0,110.0,506,501,494,135903.76345590767,153705.49826926715,135570.82792763843,153546.67929892562,1.1309877987237273,1.1325938009383691,0.9762845849802372
2024-10-19 00:00:00,208.0,120.0,454,455,446,75890.36641712885,86252.19120309628,75743.799521342,86117.2877457109,1.1365367605291825,1.1369549493149733,0.9823788546255506
2024-10-19 00:00:00,208.0,130.0,332,345,326,64713.509471641766,73171.82731010273,64481.204131937666,72907.54019647774,1.1307040509395878,1.1306789502146797,0.9819277108433735
2024-10-19 00:00:00,208.0,140.0,297,313,287,77675.74050357973,88377.3073617143,77411.14389498241,87512.29771432433,1.1377723184710595,1.1304870760344965,0.9663299663299664
2024-10-19 00:00:00,208.0,150.0,421,436,412,112608.07632737905,127436.62602609643,112425.8452982071,126868.21920411428,1.1316828258002312,1.1284613326019395,0.9786223277909739
2024-10-19 00:00:00,208.0,160.0,404,410,393,146564.83977124054,162055.35254412307,146056.52307163272,161816.22103774518,1.1056905107463717,1.107901363353578,0.9727722772277227
2024-10-19 00:00:00,208.0,170.0,436,442,424,139129.44316428038,156199.11409016864,138868.4375916854,155890.35593065651,1.12268913421678,1.1225758612552454,0.9724770642201835
2024-10-19 00:00:00,208.0,180.0,356,363,348,136612.1128882838,153172.63793573118,136468.07825351294,152901.39838631015,1.1212229625713348,1.120418784693879,0.9775280898876404
2024-10-19 00:00:00,208.0,190.0,388,403,380,124132.64483100818,137904.55659450783,123982.93364810312,137006.35384857815,1.1109451247272502,1.1050420393942202,0.979381443298969
2024-10-19 00:00:00,208.0,200.0,505,515,492,109634.64179027354,121883.8617878395,109376.2839340331,121481.6174804357,1.1117276418980617,1.1106760360747268,0.9742574257425742
2024-10-19 00:00:00,208.0,210.0,624,625,611,151750.45063486212,169338.36140126322,151414.05538706557,169058.35797286546,1.1159002210063986,1.1165301499962805,0.9791666666666666
2024-10-19 00:00:00,208.0,220.0,501,511,491,123055.15012874956,136368.24437260386,122847.28287495513,136097.41736613613,1.108188029756781,1.1078585881681091,0.9800399201596807
2024-10-19 00:00:00,208.0,230.0,432,438,417,52255.2018169097,58508.89312996959,52021.59764333607,58185.86326021879,1.1196759575242174,1.1184943541939136,0.9652777777777778
2024-10-19 00:00:00,208.0,240.0,391,415,386,50209.424618923265,57196.47881184111,50094.88302349001,56797.66846018171,1.1391582207115059,1.1338017983503164,0.9872122762148338
2024-10-19 00:00:00,208.0,250.0,489,500,482,186994.62942737632,208378.9317052458,186755.55222629014,208129.08387617973,1.1143578419516833,1.1144465660865144,0.9856850715746421
2024-10-19 00:00:00,208.0,260.0,550,566,540,250592.04655746615,277518.09297046345,250382.22566979745,277178.27280500927,1.107449724693567,1.1070205645130349,0.9818181818181818
2024-10-19 00:00:00,208.0,270.0,505,512,497,258485.15968392446,286326.9957627913,258279.68535764085,285983.8941159561,1.1077115456566706,1.1072643739671322,0.9841584158415841
2024-10-19 00:00:00,208.0,280.0,442,461,438,254432.74469663354,280051.96287383424,254389.64535302407,279714.06733102864,1.100691513616878,1.0995497357719144,0.9909502262443439
2024-10-19 00:00:00,208.0,290.0,373,379,364,151279.17034018046,167518.47230803524,150953.0829851055,167241.54628460284,1.1073465826877393,1.1079041446348237,0.9758713136729222
2024-10-19 00:00:00,208.0,300.0,138,141,131,13351.308934913035,14772.99153518771,13111.285899414685,14594.9725699919,1.106482638309495,1.1131610340861724,0.9492753623188406
2024-10-19 00:00:00,208.0,310.0,81,82,79,20478.10219278079,22431.25976579297,20453.4363987505,22297.259237698567,1.0953778604396618,1.0901473377383522,0.9753086419753086
2024-10-19 00:00:00,208.0,320.0,40,40,40,5911.2548594110785,6083.1462545490995,5911.2548594110785,6083.1462545490995,1.029078664213633,1.029078664213633,1.0
2024-10-19 00:00:00,208.0,330.0,8,7,7,288.30379672872954,234.29377099603286,261.2412152833906,234.29377099603286,0.8126628010261144,0.896848419350195,0.875
2024-10-19 00:00:00,208.0,340.0,8,6,5,139.4351167554603,122.35913757500991,102.85331949546068,111.60454689885495,0.8775345868544862,1.0850845402591065,0.625
2024-10-19 08:00:00,216.0,0.0,27,27,27,19727.083720204217,20323.693559921845,19727.083720204217,20323.693559921845,1.0302431848609528,1.0302431848609528,1.0
2024-10-19 08:00:00,216.0,10.0,100,98,98,71951.66811754325,81874.28103734985,71894.99230263279,81874.28103734985,1.1379066417695363,1.1388036692835368,0.98
2024-10-19 08:00:00,216.0,20.0,143,144,142,57782.16099021018,65321.479483440526,57696.850953246074,65283.837074367766,1.1304783061766712,1.1314974040311092,0.993006993006993
2024-10-19 08:00:00,216.0,30.0,146,143,138,29768.30107934122,35183.452216347236,29426.03990113317,35124.926868891176,1.1819099827891775,1.1936681587772382,0.9452054794520548
2024-10-19 08:00:00,216.0,40.0,150,155,146,39755.91148546408,43353.37525420869,39573.93085450311,43200.49968471466,1.0904887759914634,1.0916403488838382,0.9733333333333334
2024-10-19 08:00:00,216.0,50.0,183,187,176,110484.15833927291,121052.21637541903,110272.1711971456,120844.66851117022,1.0956522472995078,1.0958763865737533,0.9617486338797814
2024-10-19 08:00:00,216.0,60.0,229,225,220,119531.95586765348,133306.18415823008,119299.77338281393,133247.74184337986,1.1152346934390291,1.1169152971968281,0.9606986899563319
2024-10-19 08:00:00,216.0,70.0,294,292,285,185819.25236477278,205682.5435574202,185360.15888525674,205602.3389071452,1.1068957653195954,1.1092045892905118,0.9693877551020408
2024-10-19 08:00:00,216.0,80.0,315,318,304,157676.6977637648,174374.7064020267,157309.81197097315,173946.25291082286,1.1059002939247198,1.1057559012461313,0.9650793650793651
2024-10-19 08:00:00,216.0,90.0,349,351,337,138121.13596812292,155090.7150379193,137836.05593057044,154549.63801235697,1.1228601180467614,1.1212569669739052,0.9656160458452722
2024-10-19 08:00:00,216.0,100.0,393,389,379,170113.95808548434,191899.13380321808,169404.34609783522,191668.7796324318,1.1280622469955488,1.1314277587762613,0.9643765903307888
2024-10-19 08:00:00,216.0,110.0,510,511,499,155248.49453128234,174132.13458412493,154764.90639896158,173973.0737623219,1.1216349318546053,1.124111905019633,0.9784313725490196
2024-10-19 08:00:00,216.0,120.0,454,465,447,86802.24983258502,97820.23451278897,86668.96966402687,97514.36750036485,1.1269320173319732,1.1251358805623313,0.9845814977973568
2024-10-19 08:00:00,216.0,130.0,341,347,332,73736.22571264916,82776.95475072869,73370.54474835441,82515.85457252472,1.1226090561417037,1.124645521653639,0.9736070381231672
2024-10-19 08:00:00,216.0,140.0,304,331,296,85039.27733235218,95506.24875255633,84867.08174908825,94141.69323029822,1.1230839648283573,1.109283968413461,0.9736842105263158
2024-10-19 08:00:00,216.0,150.0,443,453,433,134589.55845958463,151959.64115092045,134379.32625780033,151609.87660495745,1.1290596602748482,1.1282232232218603,0.9774266365688488
2024-10-19 08:00:00,216.0,160.0,417,431,408,173364.2863539046,189387.49417862936,173165.4338974535,188673.12762129612,1.0924250787847682,1.0895542105304115,0.9784172661870504
2024-10-19 08:00:00,216.0,170.0,451,467,442,168167.02700590465,186920.16531428153,167902.4218452659,186177.6748081899,1.111514954163508,1.108844486947103,0.9800443458980045
2024-10-19 08:00:00,216.0,180.0,364,374,353,158902.12011899415,181067.4992371252,158665.51935724734,180626.16495291074,1.1394907701768386,1.1384084310480675,0.9697802197802198
2024-10-19 08:00:00,216.0,190.0,393,404,387,144752.53862408275,159842.98736038053,144638.35509411746,158995.79698153492,1.1042499764061973,1.0992644162613363,0.9847328244274809
2024-10-19 08:00:00,216.0,200.0,515,533,502,124370.79317070347,138461.87258951555,124012.63414813668,137844.1055674847,1.113298943100504,1.1115327604671787,0.974757281553398
2024-10-19 08:00:00,216.0,210.0,630,645,618,173966.03680808158,193980.9066278882,173711.87632846998,193245.84069713138,1.1150504442535927,1.1124503677096023,0.9809523809523809
2024-10-19 08:00:00,216.0,220.0,506,512,495,139889.01195483963,153248.13094589912,139476.35545645066,153008.21791130482,1.0954979866136463,1.0970190424790622,0.9782608695652174
2024-10-19 08:00:00,216.0,230.0,444,452,430,59262.64538996552,65330.9810825148,58981.985823624724,65016.4484436819,1.1023973137314047,1.1023102653427468,0.9684684684684685
2024-10-19 08:00:00,216.0,240.0,405,429,392,57484.90825604564,65967.25115986558,57132.18053931668,65285.64121374625,1.1475577357806406,1.1427122262350655,0.9679012345679012
2024-10-19 08:00:00,216.0,250.0,496,516,492,220873.23004760887,246562.72399101785,220820.48063116398,246246.95484580047,1.1163087710442394,1.1151454527313809,0.9919354838709677
2024-10-19 08:00:00,216.0,260.0,559,570,550,300657.26817821467,336940.8976335563,300444.58854685037,336638.3141815243,1.120681032177258,1.1204672242882818,0.9838998211091234
2024-10-19 08:00:00,216.0,270.0,515,519,505,312312.55929362297,347961.4172639605,311990.4372468685,347720.51392890495,1.1141448107337304,1.114522986657326,0.9805825242718447
2024-10-19 08:00:00,216.0,280.0,453,467,448,309575.6726482255,338259.7804954532,309520.223278911,337989.9524069084,1.0926562077758022,1.0919801905878799,0.9889624724061811
2024-10-19 08:00:00,216.0,290.0,382,393,374,184782.12772252146,203549.21366699733,183901.64810566022,203264.573890987,1.1015633177070971,1.1052895718161364,0.9790575916230366
2024-10-19 08:00:00,216.0,300.0,142,152,136,15201.180426269355,16736.926405269856,15116.77293826102,16392.065549813215,1.1010280738689582,1.0843627549848547,0.9577464788732394
2024-10-19 08:00:00,216.0,310.0,87,83,80,25204.811833011965,27090.69424168346,25054.845544526022,26991.196627703026,1.074822316515034,1.0772844949187905,0.9195402298850575
2024-10-19 08:00:00,216.0,320.0,45,39,39,7046.7199385597305,6913.962087891478,6720.347563338727,6913.962087891478,0.9811603339105618,1.0288101951168374,0.8666666666666667
2024-10-19 08:00:00,216.0,330.0,8,8,7,355.7195172657349,274.81793096696964,297.81021383769536,264.4492944928762,0.7725691665146139,0.8879792639919307,0.875
2024-10-19 08:00:00,216.0,340.0,8,9,8,171.94819970164272,166.41442529950706,171.94819970164272,155.73281070921763,0.9678172006933621,0.9056960816073599,1.0
2024-10-19 16:00:00,224.0,0.0,27,27,27,16238.977343352954,16233.761093972966,16238.977343352954,16233.761093972966,0.9996787821505199,0.9996787821505199,1.0
2024-10-19 16:00:00,224.0,10.0,98,97,97,64540.546535207824,72892.67061405501,64489.50100443328,72892.67061405501,1.129408945650793,1.1303029094463617,0.9897959183673469
2024-10-19 16:00:00,224.0,20.0,139,138,137,50781.00295529905,56339.39418674075,50695.684324181304,56327.540321073706,1.1094580829042422,1.1110914286288875,0.9856115107913669
2024-10-19 16:00:00,224.0,30.0,140,139,135,27351.993267646772,31898.24539382421,27249.007727268097,31849.039641127627,1.166212827039372,1.1688146577629788,0.9642857142857143
2024-10-19 16:00:00,224.0,40.0,145,149,143,36167.93418104634,38760.262325419455,36124.21699024052,38664.02034248274,1.0716747639330646,1.070307499064364,0.9862068965517241
2024-10-19 16:00:00,224.0,50.0,178,178,175,99314.30646854844,106519.29498094239,99206.500186272,106484.75080293452,1.072547337524586,1.0733646545639322,0.9831460674157303
2024-10-19 16:00:00,224.0,60.0,216,216,208,108945.57412484218,118913.60324403469,108673.54246956493,118784.5253035237,1.0914954939589379,1.0930399672651736,0.9629629629629629
2024-10-19 16:00:00,224.0,70.0,287,289,281,165214.14633410604,180348.7641594711,165117.52647396855,180260.31373759764,1.0916060649840413,1.091709145521971,0.9790940766550522
2024-10-19 16:00:00,224.0,80.0,298,299,287,143747.65446587387,162323.06399181753,143138.88069628895,162157.52445388594,1.1292223486704163,1.1328684677781615,0.9630872483221476
2024-10-19 16:00:00,224.0,90.0,335,333,327,126258.18577706226,140881.64929282395,125978.58723088511,140803.98188380065,1.115821904344347,1.1176818614876554,0.9761194029850746
2024-10-19 16:00:00,224.0,100.0,378,381,368,154216.29297044085,172560.80425206714,153896.98951682713,172226.67072437413,1.118953133474311,1.1191035722342237,0.9735449735449735
2024-10-19 16:00:00,224.0,110.0,498,504,490,141383.4905266181,158577.356495102,141038.46500419773,158347.3845255496,1.1216115538274027,1.1227248149704174,0.9839357429718876
2024-10-19 16:00:00,224.0,120.0,443,460,440,79858.66946536879,90267.93135574351,79811.63400553082,89946.08548617264,1.130346047086206,1.126979626553436,0.9932279909706546
2024-10-19 16:00:00,224.0,130.0,335,342,325,68745.13928313565,77021.15913017705,68403.36412106984,76786.0330570795,1.1203869820229115,1.1225476121492044,0.9701492537313433
2024-10-19 16:00:00,224.0,140.0,299,303,287,82596.76490688138,91913.86079173868,82295.33016267273,91134.33735213838,1.11280218898841,1.1074059387330195,0.959866220735786
2024-10-19 16:00:00,224.0,150.0,417,425,410,124538.86182466017,138830.52778026712,124379.92265095018,138642.27064175287,1.114756677122426,1.1146676062086596,0.9832134292565947
2024-10-19 16:00:00,224.0,160.0,407,405,397,163181.39506334657,177455.74394827668,162981.74214260367,177306.88592995034,1.087475345332039,1.087894162861584,0.9754299754299754
2024-10-19 16:00:00,224.0,170.0,437,444,427,147775.61512160997,164261.90234548098,147598.02505435568,163981.90785148583,1.1115629747864952,1.1110034012385768,0.977116704805492
2024-10-19 16:00:00,224.0,180.0,346,355,342,145895.1226333553,163857.5584521608,145774.41221237,163673.57095164526,1.1231188232655753,1.1227866980742756,0.9884393063583815
2024-10-19 16:00:00,224.0,190.0,382,395,376,130798.73841385766,144406.1720609311,130692.43778540935,143699.85069994416,1.1040333707502472,1.099526897921151,0.9842931937172775
2024-10-19 16:00:00,224.0,200.0,495,504,483,113810.01718298224,126350.6102772393,113599.58846384405,125897.83043733587,1.1101888340293848,1.1082595644913453,0.9757575757575757
2024-10-19 16:00:00,224.0,210.0,613,622,603,155598.4791933128,171129.0998508093,155272.95754214324,170488.44669895805,1.0998121622911334,1.0979918808636406,0.9836867862969005
2024-10-19 16:00:00,224.0,220.0,491,489,480,125878.31011634559,137009.29856522311,125645.74556141661,136888.80468034797,1.0884265799134853,1.089482211026681,0.9775967413441955
2024-10-19 16:00:00,224.0,230.0,420,422,408,52082.07602709861,57362.26889379519,51774.90867263857,57017.804756994534,1.101382150434043,1.1012632608877333,0.9714285714285714
2024-10-19 16:00:00,224.0,240.0,382,396,369,52017.633594685154,57019.55070265311,51734.9448102039,56533.175816457675,1.0961581056712857,1.0927464216663743,0.9659685863874345
2024-10-19 16:00:00,224.0,250.0,494,494,480,197734.66482724948,217422.72686334667,197388.40505549364,217235.88222571102,1.0995680856125942,1.100550370041429,0.97165991902834
2024-10-19 16:00:00,224.0,260.0,553,560,545,269473.9988521151,303070.10991169943,269306.836487977,302836.37401926576,1.1246729228151675,1.1245031057085164,0.9855334538878843
2024-10-19 16:00:00,224.0,270.0,501,510,498,284905.911362475,316982.91700597794,284801.27814449975,316492.35565918125,1.1125880663202266,1.111274351439541,0.9940119760479041
2024-10-19 16:00:00,224.0,280.0,448,449,439,279280.0581379158,302041.3755820643,279170.13947735605,301861.469755798,1.081499973882519,1.081281365983207,0.9799107142857143
2024-10-19 16:00:00,224.0,290.0,376,372,361,168374.25086761473,181095.9164158937,167276.55786203855,180916.69592592586,1.0755558850758093,1.081542436299634,0.9601063829787234
2024-10-19 16:00:00,224.0,300.0,134,144,130,13314.258115313962,14578.119707857633,13187.152562427302,14379.613602156169,1.0949254236771921,1.0904259683114923,0.9701492537313433
2024-10-19 16:00:00,224.0,310.0,79,81,79,21784.835249315583,23346.895524845004,21784.835249315583,23322.546236082817,1.0717040206020605,1.0705863032319947,1.0
2024-10-19 16:00:00,224.0,320.0,41,37,37,6206.42389904086,5835.185637436358,6102.706412353886,5835.185637436358,0.9401848362852119,0.9561635843441563,0.9024390243902439
2024-10-19 16:00:00,224.0,330.0,8,7,7,290.6801070216588,233.848485095893,274.61974818411124,233.848485095893,0.8044874053884561,0.851535574707161,0.875
2024-10-19 16:00:00,224.0,340.0,8,7,7,177.8339730732211,123.09556182515809,163.82531343626098,123.09556182515809,0.6921937338400177,0.751383038696584,0.875
