quadkey,n_points,tau_hours,tau_r2,phi0,phi_inf,t_first_overlap_hours,t_intensity_geq_thr_hours,intensity_thr,lat,lon,distance_km,n_crisis_pre
3232100101111,31,524.2732415986477,0.222253475164359,1.063674871534554,1.1198462661881348,16.0,304.0,0.95,11.167623574461771,-60.831298828125,43.13005970642305,340.0441574483357
3232100101113,31,677.3706450534526,0.061296315328845385,1.0587744052899788,1.0705361233315593,16.0,280.0,0.95,11.146066176133006,-60.83129882812501,44.10039204045356,363.5734479942202
3230322332222,31,416.5698963273028,0.2948490832091697,1.139872952870863,1.0019497735781235,16.0,16.0,0.95,11.189179371666796,-60.809326171875,44.54104961091613,231.86872914181265
3232100110000,31,370.99284217694947,0.5436492332254822,1.1800943120683576,1.052368419156543,16.0,16.0,0.95,11.167623574461771,-60.80932617187499,45.3548844721242,352.07755004286906
3230322332203,31,2518.4165728825533,0.011573102912025512,1.248294970727516,0.9539607382578239,16.0,16.0,0.95,11.232286150979158,-60.787353515625,45.61103198744882,77.60652641069632
3232100110002,31,1507.3758227243338,0.03131187662967905,1.0215740592787304,1.0597706624052383,16.0,16.0,0.95,11.146066176133006,-60.80932617187501,46.278750528368505,194.3485978340176
3230322332223,31,384.51366157171145,0.16425180593426647,1.1884109970157821,1.0291360295975613,16.0,16.0,0.95,11.189179371666796,-60.78735351562501,46.82134369767123,290.981290881806
3232100110001,31,324.62029285488853,0.25931530668159786,1.2300762569206725,1.0277043742350402,16.0,16.0,0.95,11.167623574461771,-60.787353515625,47.596367746135385,484.22230615674414
3230322332212,31,12065.164368191705,0.00027743088238418867,1.2963931626240863,0.9817973482603435,16.0,16.0,0.95,11.232286150979158,-60.765380859375,47.95988751688803,143.49849458993975
3232100110003,31,301.8068294894231,0.3674268979745764,1.1532429532277912,1.089976984437971,16.0,16.0,0.95,11.146066176133006,-60.78735351562501,48.477695500588794,175.99875417880264
3230322332232,31,2166.827094824687,0.008601767361032353,1.1190962821265213,1.0041121626368386,16.0,16.0,0.95,11.189179371666796,-60.76538085937499,49.112683436547954,326.6711392574064
3232100110010,31,419.77202448632653,0.21737900093093432,1.176042990605913,0.9999409269811359,16.0,16.0,0.95,11.167623574461771,-60.76538085937501,49.852262541956826,318.9104683438673
3230322332211,31,1069.5132643493655,0.04021130274182738,1.4486615074228308,0.9553231822998485,16.0,16.0,0.95,11.2538371272261,-60.743408203125,49.92677715962494,50.51329798582138
3230322332213,31,309.70307947595666,0.38674199228720874,1.3316403964298738,0.9840383294859577,16.0,16.0,0.95,11.232286150979158,-60.743408203125,50.31319893286575,155.68779904523174
3232100110012,31,418.7068922912055,0.210729950085369,1.2261698723045213,1.0585640250733246,16.0,16.0,0.95,11.146066176133006,-60.76538085937501,50.69454811616388,141.9912407399256
3230322332231,31,1462.6086932594603,0.007589993722145749,1.1733644264363676,0.9814664461727517,16.0,16.0,0.95,11.21073356481618,-60.74340820312501,50.80986047155804,255.9441079799313
3230322332233,31,252.0288748369412,0.5536981005808155,0.7126676391924732,0.9608785527028169,16.0,40.0,0.95,11.189179371666796,-60.74340820312499,51.41359202837428,498.94735081275655
3230322332300,31,415.63216844748393,0.16904215601471662,1.2883725229486827,0.9214705550895295,16.0,16.0,0.95,11.2538371272261,-60.72143554687499,52.30119184616023,83.5764677578358
3230322332302,31,545.7213773775129,0.19022478222981065,1.3413370398961801,0.9613706479114147,16.0,16.0,0.95,11.232286150979158,-60.721435546875,52.670368959564684,125.21882019532951
3230322332320,31,447.8963553248983,0.2045781859214414,1.1548443088840108,0.9604677772366713,16.0,16.0,0.95,11.21073356481618,-60.72143554687501,53.14517727490762,227.2507580609696
3230322332322,31,821.8818722569415,0.03814422795518391,1.0508245318112646,0.9655530998947665,16.0,16.0,0.95,11.189179371666796,-60.721435546875,53.72283999496667,311.950843460224
3230322332123,31,3235.4381704395505,0.010585057830022948,0.6479138117531626,0.8571745518568356,16.0,40.0,0.95,11.275386490628511,-60.699462890625,54.42740361546074,46.248903372550174
3230322332301,31,441.9090981248274,0.339516677533361,1.1185078522837242,0.918041079024714,16.0,,0.95,11.2538371272261,-60.69946289062499,54.67749080767946,43.50305053143327
3230322332303,31,3073.125165294168,0.004588238302144498,1.268422186614543,0.9235918509588488,16.0,16.0,0.95,11.232286150979158,-60.699462890625,55.03090175259689,65.37642876365433
3230322332321,31,1748.9462114116945,0.010102130195252856,1.1534049481432498,0.9430051421486773,16.0,16.0,0.95,11.21073356481618,-60.699462890625,55.48568531854996,96.05101621132783
3230322332323,31,579.9846991398715,0.15909157188943324,1.2111359768962615,0.9572875486457888,16.0,16.0,0.95,11.189179371666796,-60.699462890625,56.039396397296365,135.19440206270264
3232100120101,30,1470.2186188308656,0.019952793293388282,0.8794081792453176,0.9866328194279763,16.0,16.0,0.95,10.822515063459,-61.051025390625,57.072609873741364,15.509791608807664
3230322332330,31,1720.0243473726412,0.009032823848886595,1.1344749207316969,0.9250964848686147,16.0,160.0,0.95,11.21073356481618,-60.677490234375,57.8307542988684,41.93790952707407
3232100103223,29,644.7347923536022,0.05830388114734364,1.2484722595204647,0.9907681836517712,16.0,16.0,0.95,10.844096126057472,-60.96313476562501,58.28706683580026,14.79731501503313
3230322332332,31,597.0996332781315,0.24094369754497313,1.2874320502183583,0.9277645965585778,16.0,16.0,0.95,11.189179371666796,-60.677490234375,58.362390956690966,97.5768686578284
3232100031003,31,4467.154604682921,0.007442670199704571,0.6653685766909092,0.9415890986212124,16.0,136.0,0.95,10.800932446798624,-61.314697265625,58.63201162121506,28.72837461056796
3230322332131,30,3721.9116473827316,0.0043687011584488955,0.8599970184762414,1.0075931792969186,40.0,40.0,0.95,11.29693423825902,-60.65551757812501,59.070557320881164,17.840718651940715
3232100103232,31,10497.945363094821,0.0006198845259367536,0.980300721306579,0.9100998957629256,16.0,16.0,0.95,10.844096126057472,-60.94116210937501,59.37572264541024,36.85941480345848
3230322332331,29,487.1566950022539,0.10339549299106077,1.2595286492190543,0.937880335642925,16.0,16.0,0.95,11.21073356481618,-60.655517578125,60.17985101851992,28.208218684130607
3232100121001,29,925.7083018777233,0.08684646213295666,1.13973929487563,0.8620417918082435,16.0,160.0,0.95,10.822515063459,-60.963134765625,60.45419523839647,16.713386901652164
3232100103233,30,945.4643991236677,0.03414211255255506,0.8895865724648978,1.0520024800637202,16.0,136.0,0.95,10.844096126057472,-60.91918945312499,60.539810402129525,18.692236384952118
3230322333020,25,730.6733100990551,0.027952942426469396,1.4027221248205235,1.1573866740226835,112.0,112.0,0.95,11.29693423825902,-60.633544921875,61.4649977919825,13.190022383033522
3230322333220,31,618.1291971085938,0.11837670871024852,1.2873246189193612,0.9197063260935006,16.0,16.0,0.95,11.21073356481618,-60.63354492187501,62.532521548544125,86.5828342018119
3232100121003,31,805.3839780233303,0.050689840851640855,0.9752871497255003,0.8399856045179486,16.0,160.0,0.95,10.800932446798624,-60.963134765625,62.638439966337906,24.298547050921123
3232100030130,31,751.3999429764814,0.1710355352092472,1.141238326303755,1.0465750601718216,16.0,136.0,0.95,10.779348279027085,-61.38061523437499,62.886709424249375,28.46872413370692
3230322333222,31,1107.3587770162871,0.05906510498535866,1.3652891681197599,0.9468855547655977,16.0,16.0,0.95,11.189179371666796,-60.633544921875,63.0248449887865,27.224012791278994
3232100030121,28,404.98088387114245,0.16538758118168062,0.967740879778563,0.7829457326375012,16.0,136.0,0.95,10.779348279027085,-61.402587890625,63.69163853653081,16.70898894601433
3230322333203,31,804.6010944506809,0.10840372206940574,1.364853757899138,0.8828213259768459,16.0,16.0,0.95,11.232286150979158,-60.611572265625,64.49926869747769,118.29044565047636
3230322333221,31,395.69866517452647,0.2791756951621496,1.5181217156011375,0.9571850214051124,16.0,16.0,0.95,11.21073356481618,-60.611572265625,64.88837714861025,70.73118542043076
3232100030122,31,944.0635909334221,0.06482018965619085,0.8440549792127681,0.9560493524531511,16.0,160.0,0.95,10.757762563096207,-61.424560546875,66.79786616640423,28.764045078758016
3230322333212,31,2062.697621187339,0.012312079421384237,1.1831226570541717,0.8826261563216892,16.0,16.0,0.95,11.232286150979158,-60.589599609375,66.87152630673772,76.027025326877
3232100030033,31,1272.863272484102,0.04160678576540178,0.7340734376370629,0.9425018469033528,16.0,136.0,0.95,10.757762563096207,-61.446533203125,67.72629851955391,88.07198586431025
3232100031203,29,259.63127800274793,0.1806895019283622,1.0878619009380537,0.8423029928894906,16.0,16.0,0.95,10.714586498569318,-61.314697265625,68.03268847878297,10.32493397869158
3232100121200,29,2743.0291920259256,0.0064517501667549215,0.8132763526178705,1.076835167391999,16.0,,0.95,10.736175301958951,-60.98510742187499,68.4307994942226,29.788129142297727
3232100030300,31,283.90248006629423,0.28676540829888486,1.1464455395654165,0.9670202897202996,16.0,16.0,0.95,10.736175301958951,-61.424560546875,69.03218232201196,38.83417023986306
3232100031321,31,623.6799563929852,0.2082361519921483,1.1464980283020862,0.7985053609915884,16.0,,0.95,10.692996155882406,-61.226806640625,69.28502994042404,35.02369611756746
3232100030023,31,618.3469801264035,0.05934883242681199,1.1337136739224263,0.9037728542202704,16.0,,0.95,10.757762563096207,-61.49047851562499,69.79361382658232,41.73627750545055
3232100030211,31,27803.862025382274,2.4799909328243608e-05,1.1256924223236504,0.9595818823570759,16.0,160.0,0.95,10.736175301958951,-61.446533203125,69.93102223181724,64.83016179439309
3232100031230,31,705.0866309875514,0.0477431287673622,0.8403218107762661,0.9276703791399564,16.0,16.0,0.95,10.692996155882406,-61.292724609375,69.99354119983172,28.98129722451148
3232100031221,31,325.0899085404297,0.44710737132251177,1.1168776086767729,1.007402971807195,16.0,16.0,0.95,10.692996155882406,-61.314697265625,70.39173868376811,38.66131580745657
3232100030303,31,585.4591328276477,0.09954269277185979,1.2606496365705742,0.9289112850840832,16.0,,0.95,10.714586498569318,-61.40258789062499,70.47740285739222,95.67692737124182
3232100031220,31,3159.6820346935096,0.0038435487746159014,1.1129033259746957,0.9230977253162298,16.0,16.0,0.95,10.692996155882406,-61.336669921875,70.86890526186481,46.70197596534111
3232100030210,31,345.9279985729372,0.4507470319691218,1.1993905571390324,0.9591858872837801,16.0,16.0,0.95,10.736175301958951,-61.468505859375,70.8996168100077,122.16280550002516
3230322333122,31,527.9364429234373,0.12228874868352879,1.1508732053118675,0.9845777849757896,16.0,328.0,0.95,11.275386490628511,-60.545654296875,71.15593163306518,35.26970806215028
3232100030302,31,7832.780841058697,0.0003376862557337157,1.2913684754800951,0.9145803699807648,16.0,16.0,0.95,10.714586498569318,-61.424560546875,71.27745862781192,123.94981138517508
3230322333300,31,1438.359688751768,0.035255159388929425,1.1883468509339248,0.8776989349987183,16.0,16.0,0.95,11.2538371272261,-60.54565429687501,71.34851058322857,23.85466514464195
3232100030331,31,533.0116748806,0.10539902441185711,1.0532705521043044,0.9527592457017439,16.0,16.0,0.95,10.692996155882406,-61.358642578125,71.42345821650679,76.42271109432687
3232100120330,26,800.3567131252787,0.09082730441361464,1.1013341886248622,0.9339596360309466,16.0,16.0,0.95,10.692996155882406,-61.029052734375,71.593148536182,15.374354674848034
3232100031332,31,5671.864574845944,0.0009500888452891321,1.1268345796973611,0.9130988430028515,16.0,16.0,0.95,10.671404276854425,-61.20483398437501,71.6143788607515,88.55479613100886
3232100031333,28,477.0253144422577,0.1332755149365379,1.2578689769189226,0.9189550003969826,16.0,16.0,0.95,10.671404276854425,-61.18286132812501,71.62567472072622,65.70066841958838
3232100031323,31,966.8363480779361,0.08664085327031745,1.08361544627214,0.9098732749713527,16.0,16.0,0.95,10.671404276854425,-61.22680664062499,71.68337232241674,57.64021819147685
3232100120222,31,1597.5636968569904,0.02085541584675077,1.3419772029812196,0.9195657312183478,16.0,16.0,0.95,10.671404276854425,-61.16088867187499,71.71722196425121,29.73052740417668
3232100030201,31,895.1640964244506,0.05720362782074684,1.225181764746767,0.9205383999627432,16.0,16.0,0.95,10.736175301958951,-61.49047851562499,71.93514840231339,117.49395925828878
3232100030330,31,1525.4867762437243,0.009381483636433652,1.057886151693742,0.9573816906308992,16.0,,0.95,10.692996155882406,-61.380615234375,72.05361077885605,130.92668125185054
3232100030213,31,286.9346915066023,0.45749634060830346,1.2485219171672608,0.9666622277275055,16.0,16.0,0.95,10.714586498569318,-61.446533203125,72.14839470847349,129.25625761299574
3232100031232,28,3501.145581263023,0.0018137734928025395,1.1249651537909844,0.9598422125287902,16.0,16.0,0.95,10.671404276854425,-61.292724609375,72.36845621769697,170.09340639909448
3232100120233,31,651.632678206218,0.15178568729885256,1.1550065048721943,0.7532178313632357,16.0,16.0,0.95,10.671404276854425,-61.09497070312501,72.46899772568516,16.11258758709903
3232100030200,31,817.2357341665075,0.05470932123379901,1.2095367484218453,0.9249797649101944,16.0,,0.95,10.736175301958951,-61.512451171875,73.0347698371255,173.01139836664885
3232100030212,31,359.7013210487004,0.24499282060885508,1.222502621040605,0.9437920284092521,16.0,16.0,0.95,10.714586498569318,-61.46850585937501,73.08767724153807,378.3538531527048
3232100031222,31,620.890509529322,0.0513394207897363,1.1383306036678313,0.952711081784026,16.0,16.0,0.95,10.671404276854425,-61.33666992187499,73.2154923181542,199.900113349834
3232100021132,30,617.0139755832746,0.04944332278235952,1.2175587391517075,0.9520695534509694,16.0,16.0,0.95,10.757762563096207,-61.556396484375,73.3747481385769,152.84512232286522
3232100030320,31,284.84676225755516,0.2972713493165664,1.1155433851083227,0.949370272967081,16.0,16.0,0.95,10.692996155882406,-61.424560546875,73.53270759213359,197.1176129625113
3232100033110,31,460.8898180322265,0.11836760488543552,1.0987403954636448,0.908423162060946,16.0,16.0,0.95,10.64981086444264,-61.204833984375,74.01528887732216,297.1216507076044
3232100033111,31,794.9000892236048,0.03837633986049538,1.1996418553584127,0.92728384535379,16.0,16.0,0.95,10.64981086444264,-61.182861328125,74.02621916791458,219.18196787765183
3232100033101,31,772.3369541646447,0.11702949600073675,1.0943378674136401,0.9259198295644961,16.0,16.0,0.95,10.64981086444264,-61.226806640625,74.08205120745309,108.3736508081554
3232100030203,31,579.1147896229357,0.048583021266863424,1.1209306129226548,0.9440817449082548,16.0,16.0,0.95,10.714586498569318,-61.490478515625,74.09270695802354,227.7000419701695
3232100122000,31,857.697851885975,0.11837014149738323,1.247007100112901,0.8801676486839038,16.0,16.0,0.95,10.64981086444264,-61.16088867187499,74.11480770536419,74.34633148618417
3232100021311,31,998.6450292623598,0.07161577335598301,1.1944173214564573,0.9398486265060197,16.0,16.0,0.95,10.736175301958951,-61.534423828125,74.19563161969486,257.4921255000508
3232100033100,31,348.0149747090233,0.3229272802211445,1.0688648018600528,0.9485972152158468,16.0,16.0,0.95,10.64981086444264,-61.24877929687501,74.22629651797358,211.7535538277956
3232100122001,31,15323.071440208587,0.00017841817867469967,1.1998019623161205,0.924875402961725,16.0,,0.95,10.64981086444264,-61.13891601562501,74.28077664001839,29.43417351562974
3232100030231,31,924.550349602895,0.024415370056779295,1.1598249398269243,0.9556274619298055,16.0,16.0,0.95,10.692996155882406,-61.446533203125,74.3773009833631,274.8630792041315
3232100033011,31,900.3010139422162,0.08596111888518199,0.9752094768212348,0.9320034298254716,16.0,16.0,0.95,10.64981086444264,-61.270751953125,74.44757442986638,707.2251580079236
3232100122010,31,3088.4579100759474,0.013245702060823095,1.0671209937397994,0.8628260132710428,16.0,112.0,0.95,10.64981086444264,-61.11694335937499,74.5236089792242,21.157128226911286
3232100122011,31,654.0778610057276,0.08690404234151683,1.1730520600696739,0.8222922158820954,16.0,16.0,0.95,10.64981086444264,-61.09497070312501,74.84255655803142,20.49841476236196
3232100030323,31,1483.3064194025508,0.015885724911792187,1.0132565695326439,0.9435943908413493,16.0,16.0,0.95,10.671404276854425,-61.402587890625,75.04508845451898,543.9929919670847
3232100033001,31,1491.8605814872549,0.014015892039490052,1.1225670981719575,0.9484067230459445,16.0,16.0,0.95,10.64981086444264,-61.314697265625,75.11826811966056,488.8142479887938
3232100030202,31,1389.7348895797134,0.025718140237935172,1.1319287991494047,0.9419427392512282,16.0,16.0,0.95,10.714586498569318,-61.512451171875,75.16084644034105,475.9819858356883
3232100122100,31,768.3038575175865,0.055622366685354696,1.070741430100604,0.8580791183664791,16.0,136.0,0.95,10.64981086444264,-61.07299804687499,75.23665136455489,19.180712189584572
3232100030230,31,421.8547626226506,0.16501568090506125,1.1046000204237418,0.946486841920414,16.0,16.0,0.95,10.692996155882406,-61.468505859375,75.28884716262512,309.33946673857486
3232100021310,31,671.8607148390431,0.05138381442232842,1.2077711400041224,0.9521001278601255,16.0,16.0,0.95,10.736175301958951,-61.556396484375,75.41490577859312,661.7842277688533
3232100033000,31,1522.2860780051462,0.009904453260830337,1.159567968042231,0.9504815982817103,16.0,16.0,0.95,10.64981086444264,-61.33666992187501,75.5656590512652,720.6068914801212
3232100030322,31,758.2694909720514,0.028112966372132786,1.028819515578227,0.9648896415324628,16.0,16.0,0.95,10.671404276854425,-61.42456054687499,75.79705500021025,514.8789182252418
3232100032111,31,1520.6984276430173,0.012920284044321217,1.0949373532096243,0.9728542714128056,16.0,16.0,0.95,10.64981086444264,-61.358642578125,76.08606251726934,1137.4155539148562
3232100030221,31,8366.6037249046,0.00018432238938637102,1.0113919151612265,0.9472710200444668,16.0,16.0,0.95,10.692996155882406,-61.490478515625,76.26494543118271,417.6557715744084
3232100033112,31,387.7027324082674,0.20220199937182703,0.9972483538699056,0.920895650125348,16.0,16.0,0.95,10.628215921605417,-61.204833984375,76.41637960853144,86.09504081320104
3232100033103,31,301.5238950937446,0.36021241355216027,1.0496566565578205,0.9375552370528581,16.0,16.0,0.95,10.628215921605417,-61.226806640625,76.48105066426051,133.0258223229982
3232100122002,24,612.6951111301377,0.09240435859711726,2.129606911895878,1.3061046034957915,16.0,16.0,0.95,10.628215921605417,-61.160888671875,76.5127824073778,80.66311906808916
3232100030233,31,1199.9185575569968,0.05349895809344796,1.109473411918672,0.9559910302227402,16.0,16.0,0.95,10.671404276854425,-61.44653320312501,76.61675023424405,883.5896541482501
3232100033102,31,1117.7015579546055,0.0209722157963792,1.154149295019084,0.9314351225951528,16.0,16.0,0.95,10.628215921605417,-61.248779296875,76.62078987322725,353.7938956164371
3232100032110,31,1205.797861462075,0.02067120546264345,1.0176865061585818,0.9560129306527078,16.0,16.0,0.95,10.64981086444264,-61.380615234375,76.67799194987623,1466.65601827721
3232100021301,31,4144.37755810387,0.00125665581116019,1.2255734406269836,0.9216320350431482,16.0,16.0,0.95,10.736175301958951,-61.578369140625,76.68980630192237,215.53767111966351
3232100033013,31,459.87892945483753,0.11983082709922288,1.1280314221425252,0.9387720219417628,16.0,16.0,0.95,10.628215921605417,-61.270751953125,76.83518765920576,1140.200924139632
3232100033012,31,848.9955291089564,0.07283483404081115,1.1278131632517665,0.9490220772043072,16.0,16.0,0.95,10.628215921605417,-61.292724609375,77.12362138812117,1188.8651430558914
3232100122013,31,3109.831442596255,0.004689199142931644,1.1468051110958515,0.902555162418432,16.0,16.0,0.95,10.628215921605417,-61.09497070312499,77.2179853325256,57.1633746448993
3232100032101,31,476.4676445835794,0.1687361358751368,0.948512834304445,0.9366137259965456,16.0,16.0,0.95,10.64981086444264,-61.40258789062499,77.33980506582385,1495.8004341275405
3232100021312,31,777.5142798261962,0.12457792567601544,1.1500193874217384,0.9377720962707793,16.0,16.0,0.95,10.714586498569318,-61.556396484375,77.47586024714067,1014.5830331229264
3232100033003,31,1281.0265137288377,0.03451940299147771,1.1452698243554726,0.9494405532349451,16.0,16.0,0.95,10.628215921605417,-61.314697265625,77.48526428127693,1138.1605264957986
3232100030232,31,365.04073274948666,0.19704251191977007,1.0997346136098667,0.9315822492080901,16.0,16.0,0.95,10.671404276854425,-61.46850585937501,77.50202519762348,886.2211140751808
3232100122102,28,537.5016005684845,0.050952253202596554,1.224691718067548,1.0166714430436228,16.0,,0.95,10.628215921605417,-61.07299804687501,77.60004491406609,27.109737303659376
3232100033002,31,400.1591028780082,0.2742324563695705,1.0876372919330608,0.9654824032628776,16.0,16.0,0.95,10.628215921605417,-61.33666992187501,77.91909699483604,1056.7243404235903
3232100021300,31,322.1365994390772,0.2512064834720239,1.2828221639279673,0.9632483104004972,16.0,16.0,0.95,10.736175301958951,-61.60034179687501,78.01760622769139,58.42007902725689
3232100032100,31,889.0489667092525,0.04080089379675511,0.9389717993223341,0.9666852186926089,16.0,16.0,0.95,10.64981086444264,-61.424560546875,78.0697246267778,1274.7229667394806
3232100032113,31,532.5312778815884,0.152406086357198,1.0649229163790057,0.9719968820802923,16.0,16.0,0.95,10.628215921605417,-61.35864257812499,78.42392149665193,984.761534898479
3232100030223,31,385.1326034207277,0.24155352717433753,0.9959733182337304,0.9467274139911921,16.0,16.0,0.95,10.671404276854425,-61.490478515625,78.4506598175229,1047.4360746234374
3232100021303,31,8925.66689114473,0.0006611502788064216,1.177342481153831,0.9316403406818039,16.0,16.0,0.95,10.714586498569318,-61.578369140625,78.71747829600568,335.18249248692666
3232100033131,31,4371.37977006486,0.0011875273166803701,1.0894466502015303,0.9336562486365511,16.0,16.0,0.95,10.606619451302173,-61.18286132812501,78.82791564342207,69.42037093250823
3232100032011,31,746.0133968540539,0.1616176708640259,1.055220094315631,0.9520327194237309,16.0,16.0,0.95,10.64981086444264,-61.44653320312499,78.86585963459288,2025.2941038333136
3232100033121,31,988.6937929970439,0.0700516951271003,1.0962771718401794,0.9111729671618007,16.0,16.0,0.95,10.606619451302173,-61.226806640625,78.88035665653557,86.57444328577935
3232100122020,31,609.5203089143938,0.08203497903365176,1.0354571772633643,0.9278792541947823,16.0,16.0,0.95,10.606619451302173,-61.160888671875,78.91112581726377,185.7405908516172
3232100032112,31,1607.1421908895115,0.061044820491989116,0.9958151607939495,0.9557027958221544,16.0,16.0,0.95,10.628215921605417,-61.38061523437499,78.99837681614713,774.1816829640841
3232100033120,31,532.9101924264223,0.08482326129516671,1.153918096713667,0.9276193312785632,16.0,16.0,0.95,10.606619451302173,-61.248779296875,79.01586259008779,269.88045631054763
3232100122021,31,742.7142669197666,0.14126429205217939,1.1127364803069486,0.8895506914147023,16.0,16.0,0.95,10.606619451302173,-61.138916015625,79.06704998482773,402.5423559870465
3232100033031,31,324.32331007411204,0.3516830174086074,1.1472034553582098,0.9372866027861403,16.0,16.0,0.95,10.606619451302173,-61.270751953125,79.22379401325529,907.1155940682842
3232100122030,31,744.1301126496669,0.07316516083492475,1.230563178714016,0.9066478615393729,16.0,16.0,0.95,10.606619451302173,-61.116943359375,79.29525919764133,372.5158888865256
3232100021211,20,10378.654379213287,0.0007885416574293647,1.1751582174892434,1.2461085340970877,64.0,64.0,0.95,10.736175301958951,-61.622314453125,79.39565155036539,13.48359352674331
3232100030222,31,4797.935024405446,0.0020274104563545725,0.7504826258703191,0.9767182455806795,16.0,16.0,0.95,10.671404276854425,-61.51245117187499,79.46038487120694,1261.0681484397735
3232100033030,31,322.0557280594368,0.33009563800473984,1.09421621373031,0.950416236736277,16.0,16.0,0.95,10.606619451302173,-61.292724609375,79.50358266823261,739.8460977812564
3232100021330,31,371.3532351924137,0.2307702025214069,1.0645221659057778,0.9451337637334615,16.0,16.0,0.95,10.692996155882406,-61.55639648437499,79.55601052867178,1077.248663587092
3232100122031,31,349.71160826173684,0.2339453299460118,1.1596286451230056,0.9604823386932133,16.0,,0.95,10.606619451302173,-61.094970703125,79.59513170608767,167.51937244376325
3232100032103,31,574.3438642273755,0.24574180067630658,1.0320870145525907,0.9317110918309601,16.0,16.0,0.95,10.628215921605417,-61.402587890625,79.64095620990278,1146.09964749367
3232100032010,31,732.4471963362631,0.14590232108872858,1.0029750269652133,0.9606983680311125,16.0,16.0,0.95,10.64981086444264,-61.468505859375,79.72622645503823,1492.6823705678944
3232100033021,31,747.3711883988698,0.06493559669551607,1.0690513342748587,0.9515543693155335,16.0,16.0,0.95,10.606619451302173,-61.314697265625,79.85447325171492,532.2755832602935
3232100122120,31,1317.1451160418158,0.07217419281293369,1.152137478459813,0.932232294155691,16.0,16.0,0.95,10.606619451302173,-61.07299804687499,79.96586129915029,72.37341540006675
3232100021302,31,935.5876598115782,0.033603011269865535,1.1809201686642454,0.9853704840686707,16.0,16.0,0.95,10.714586498569318,-61.600341796875,80.01172918511148,112.1662045691414
3232100032102,31,983.5207751789935,0.030368422029768194,1.0417394880831041,0.9696814475254457,16.0,16.0,0.95,10.628215921605417,-61.424560546875,80.3500252750112,1045.999346047634
3232100122121,31,372.64310705890483,0.23454048933159655,1.1889197770355133,0.9420528548058025,16.0,,0.95,10.606619451302173,-61.051025390625,80.4064678799095,30.69034318713921
3232100021333,31,7166.69178289634,0.0005362753085002003,0.8388949332884643,0.9713344621150524,16.0,16.0,0.95,10.671404276854425,-61.534423828125,80.52890240843371,1278.0867083721382
3232100032131,31,40193.56458150344,2.8786423623250457e-05,1.0540744091764187,0.9534656106408226,16.0,16.0,0.95,10.606619451302173,-61.35864257812501,80.7656656351614,569.0477733025302
3232100021321,31,1801.8981086707076,0.028843502811702337,1.1204258273042824,0.9317320742151259,16.0,16.0,0.95,10.692996155882406,-61.578369140625,80.76574368743948,504.25655080964026
3232100033132,31,1684.8408677365671,0.022365086105282872,1.030098626770901,0.9373330219071252,16.0,160.0,0.95,10.585021456493422,-61.20483398437501,81.21909816352533,84.30725387000491
3232100122022,31,435.9995525585507,0.13540713188197573,1.0712184087346432,0.9454399958935151,16.0,16.0,0.95,10.585021456493422,-61.160888671875,81.30982002841948,207.3363694775309
3232100032130,31,3075.471991508581,0.010465315167641487,1.0272817000263124,0.9396429114856886,16.0,16.0,0.95,10.606619451302173,-61.38061523437499,81.3236211113957,423.1286175288466
3232100122023,31,869.2966812278963,0.05876531741131563,1.036414051298309,0.9372667084903078,16.0,16.0,0.95,10.585021456493422,-61.13891601562501,81.46116390380752,625.5179482032594
3232100033033,31,810.9689105804157,0.06080202828450687,1.1554600227529386,0.9323641621507476,16.0,16.0,0.95,10.585021456493422,-61.27075195312501,81.61332095889756,555.2480327749707
3232100032000,31,1346.3099038579742,0.07324088892753056,0.6740140238578591,0.9978915276537753,16.0,16.0,0.95,10.64981086444264,-61.512451171875,81.63138053629427,1269.069035398461
3232100122032,31,776.6827590484802,0.04176047658970361,1.0975035735955705,0.9607385829121081,16.0,16.0,0.95,10.585021456493422,-61.11694335937499,81.68270054345405,428.8776416062327
3232100033032,31,561.0305577765098,0.2382738977396206,1.1081579572153772,0.9358960568020492,16.0,16.0,0.95,10.585021456493422,-61.292724609375,81.88496491442163,336.7228775927387
3232100122033,31,771.4181881556167,0.09441193039361495,1.157994417650137,0.9336363649281818,16.0,16.0,0.95,10.585021456493422,-61.094970703125,81.973860854469,172.6748283241844
3232100021320,31,565.6520163823955,0.07757841157803769,1.0783421480500288,0.9718496621892746,16.0,16.0,0.95,10.692996155882406,-61.60034179687499,82.02777383294251,283.8821762326164
3232100033023,31,624.6181677467024,0.08711420865242481,1.0394443661417259,0.9417034084777781,16.0,16.0,0.95,10.585021456493422,-61.314697265625,82.22571831102628,251.3780808178435
3232100122122,31,480.9962077018755,0.12104407319133048,1.1753379883964818,0.9342506484965797,16.0,16.0,0.95,10.585021456493422,-61.072998046875,82.33390620065919,96.34996703101544
3232100032120,30,928.0264355322568,0.01696818845501813,0.9547652013778022,0.9667937884238365,40.0,40.0,0.95,10.606619451302173,-61.42456054687499,82.63733975510203,344.1647521425385
3232100023111,31,1888.5789797383106,0.014084127302130822,0.7142372074426176,0.9991668296266117,16.0,16.0,0.95,10.64981086444264,-61.53442382812501,82.67191797257843,615.8571650663687
3232100122123,31,411.96975873387805,0.24874111975199054,1.1214390515652322,0.8768981305757936,16.0,,0.95,10.585021456493422,-61.051025390625,82.76193755810029,58.817879099777535
3232100021323,31,811.6403629495501,0.0773854965377776,1.0201199059128658,0.9564737559430941,16.0,16.0,0.95,10.671404276854425,-61.578369140625,82.833089410541,337.9328857417927
3232100032133,31,609.5675635449868,0.0845033225457914,1.1204107565938357,0.951998345587414,16.0,16.0,0.95,10.585021456493422,-61.35864257812501,83.11098092832705,542.5136159801118
3232100021231,31,1090.2329354781898,0.04721026356932634,1.1294393115389338,1.160956101720201,16.0,16.0,0.95,10.692996155882406,-61.622314453125,83.33972516121618,87.22222390398078
3232100033310,31,3301.660692477878,0.006988853175382892,1.0504939063228547,0.9139221628352443,16.0,16.0,0.95,10.563421940140763,-61.204833984375,83.62072372917196,38.31743032092471
3232100033311,31,674.5089673407074,0.2607882082445142,1.090004899741911,0.9863884193826833,16.0,160.0,0.95,10.563421940140763,-61.18286132812499,83.63040141423033,81.06484578847727
3232100032132,31,1172.8938748107184,0.031198628677565732,1.0852275770432005,0.9420759086798404,16.0,16.0,0.95,10.585021456493422,-61.38061523437499,83.65333392321067,403.8105014813416
3232100033301,26,4512.455191746783,0.0019164352855106648,1.1333109724067558,0.9391180791761597,16.0,16.0,0.95,10.563421940140763,-61.22680664062499,83.67983995020265,30.66182440898609
3232100122200,31,794.1480225945033,0.11903322682119089,1.1395814892579086,0.9438740104680604,16.0,16.0,0.95,10.563421940140763,-61.16088867187499,83.70884914528065,129.9300473642454
3232100122201,31,465.1780729891596,0.12762866001239137,1.1066586831116223,0.9313936492131236,16.0,16.0,0.95,10.563421940140763,-61.13891601562499,83.85587391761602,268.530396188374
3232100033211,31,523.0599501485041,0.18017983299358942,1.2121942877873333,0.9729529409497604,16.0,16.0,0.95,10.563421940140763,-61.270751953125,84.00370414732063,258.53621122714344
3232100021322,30,545.3966362944485,0.2938927588354705,1.0636183859967339,0.9796622113683037,16.0,16.0,0.95,10.671404276854425,-61.60034179687499,84.0641773780137,119.97624581419872
3232100122210,31,4841.150574331194,0.005337205114207655,1.121787955534459,0.9308832773178625,16.0,16.0,0.95,10.563421940140763,-61.11694335937499,84.07111594569274,206.5969048832874
3232100033210,31,1087.4920538826336,0.08870211201773237,1.1980059968010939,0.9275222478478162,16.0,16.0,0.95,10.563421940140763,-61.292724609375,84.2676618250496,185.3780043081026
3232100122211,31,3038.089402049458,0.008591011819163108,1.1778657203759166,0.9421142079597714,16.0,16.0,0.95,10.563421940140763,-61.094970703125,84.3540530302892,140.6857193288663
3232100033201,31,1024.1309710291982,0.1192288498741324,1.1995253323880894,0.9278410678014533,16.0,16.0,0.95,10.563421940140763,-61.31469726562499,84.59884236023412,242.9719709296497
3232100021230,31,550.7681046946461,0.1307275178023961,0.866773651806214,1.1153622249175326,16.0,16.0,0.95,10.692996155882406,-61.64428710937501,84.69927793138825,46.01278025070234
3232100122300,26,287.2982563249048,0.20247151503594973,1.1841490837459627,0.9629699419859339,16.0,16.0,0.95,10.563421940140763,-61.072998046875,84.70400680654332,45.87284353342476
3232100032122,31,295.8772204646066,0.27665451787310524,1.0776787728962052,0.9545480993278112,16.0,16.0,0.95,10.585021456493422,-61.424560546875,84.93111548402958,226.6910174912317
3232100033200,31,442.9823837898397,0.2155266842467164,1.1362115695205315,0.943768650299285,16.0,16.0,0.95,10.563421940140763,-61.336669921875,84.99645997255944,340.77173501464125
3232100122301,31,292.541863313616,0.1548861019763923,1.1612241339644056,0.9332596823802154,16.0,,0.95,10.563421940140763,-61.051025390625,85.12015070110594,31.7359575431405
3232100021233,31,268.02908762753293,0.2720792726372948,1.118566734509485,1.0791665887852444,16.0,16.0,0.95,10.671404276854425,-61.622314453125,85.34492224095187,100.8694138170187
3232100032311,31,1396.196278073124,0.03878085521242636,1.1581656957639466,0.9556304581850009,16.0,16.0,0.95,10.563421940140763,-61.358642578125,85.4595873300886,549.151151252733
3232100032310,31,662.874026168117,0.07317150074963641,1.1015689898393888,0.9531997397966657,16.0,16.0,0.95,10.563421940140763,-61.380615234375,85.9871659293416,950.1105523975313
3232100033313,31,698.5272645397068,0.04322039671734512,1.1471986512399954,0.9048979258202701,16.0,16.0,0.95,10.541820905206848,-61.18286132812499,86.03193364787482,41.520835630029296
3232100122202,31,2682.4651822551787,0.002079905797191084,1.1972854334773653,0.9434229416453859,16.0,16.0,0.95,10.541820905206848,-61.16088867187501,86.10819900383082,72.555584249963
3232100033302,16,749.1573795276606,0.010679462954492402,1.3060220223346328,1.013440613159815,16.0,16.0,0.95,10.541820905206848,-61.248779296875,86.20421261169876,43.98141173807424
3232100033213,31,1661.287374051406,0.03559281164034378,1.2369887623438491,0.9842213456269022,16.0,16.0,0.95,10.541820905206848,-61.270751953125,86.39488628883134,130.7377450394212
3232100122212,31,1242.0972286750355,0.037088052295112806,1.131642691400583,0.9304200392860199,16.0,16.0,0.95,10.541820905206848,-61.116943359375,86.46043845298286,76.84904263065377
3232100032301,31,572.5614179704822,0.13636151333693214,1.09103566960557,0.9693924580112524,16.0,16.0,0.95,10.563421940140763,-61.402587890625,86.57801754014116,717.3843782326736
3232100033212,31,920.5342466059784,0.05839793708618235,1.2061102267807033,0.9130496303863398,16.0,16.0,0.95,10.541820905206848,-61.292724609375,86.65157869174354,91.53667713217132
3232100021232,31,2408.884965830124,0.011240613537719435,1.0968523188144708,1.0793867314571726,16.0,16.0,0.95,10.671404276854425,-61.644287109375,86.67312272181019,103.70356920487733
3232100033203,31,492.7739834592525,0.17273862128414974,1.2321382056106538,0.9010835833096127,16.0,16.0,0.95,10.541820905206848,-61.314697265625,86.97370528212595,198.51971717710072
3232100122302,31,754.1980409663201,0.0567655485088947,1.0073215523145798,0.8745828447056592,16.0,,0.95,10.541820905206848,-61.072998046875,87.07600893011227,40.2766319108578
3232100032300,31,4492.198352536135,0.002797742421313365,1.009911123479717,0.9563886434643049,16.0,16.0,0.95,10.563421940140763,-61.424560546875,87.23085644398745,468.8860574371754
3232100033202,31,558.2905112457466,0.22204316376746513,1.1390255737127337,0.891602687059503,16.0,,0.95,10.541820905206848,-61.33666992187499,87.36054223021064,321.7874246440692
3232100023011,31,424.70625400212754,0.3655260833453695,1.2798203243189334,1.044432302529819,16.0,16.0,0.95,10.64981086444264,-61.622314453125,87.37022074455253,39.5864059068576
3232100122303,31,26583.467838069824,4.359774659623561e-05,1.1424048152369903,0.9067210017859775,16.0,,0.95,10.541820905206848,-61.05102539062501,87.48089905433748,27.25137608128964
3232100032313,31,303.4400105031971,0.2814286986978555,1.1872088774657714,0.9481109984364499,16.0,16.0,0.95,10.541820905206848,-61.358642578125,87.81123432783474,656.6066115493595
3232100032211,31,1600.9094361293808,0.01177404084495215,1.0481173330423508,0.9656068159009253,16.0,16.0,0.95,10.563421940140763,-61.446533203125,87.94430219332429,250.5040847424831
3232100021223,31,2568.2574853926135,0.008196631351811146,1.304794034293179,1.0545291730104187,16.0,16.0,0.95,10.671404276854425,-61.666259765625,88.04663120828437,38.52164831384789
3232100032312,31,298.842645815415,0.33378413590609013,1.0981169853896853,0.9494100407582066,16.0,16.0,0.95,10.541820905206848,-61.380615234375,88.32480408327635,1167.494329311298
3232100033330,30,509.4896430354785,0.21032338809482176,1.0836955000706516,0.9804781819807822,16.0,328.0,0.95,10.520218354655414,-61.20483398437501,88.42450244145726,15.95479230977812
3232100122220,30,333.9438304261998,0.21459371181471876,1.196937305731927,0.8454591755199512,16.0,16.0,0.95,10.520218354655414,-61.160888671875,88.50785693743138,24.66609276552072
3232100122221,31,671.7191467582121,0.11791637342842132,1.1291648487809527,0.9095999030121996,16.0,16.0,0.95,10.520218354655414,-61.138916015625,88.64694267602104,28.069088191060267
3232100033231,31,450.58923672455415,0.22152238266248736,1.1511891858616594,0.974844430744527,16.0,328.0,0.95,10.520218354655414,-61.270751953125,88.78681620793675,82.30981775685639
3232100032303,31,375.6142865173068,0.2708833866219811,1.040741495835628,0.9630575541838386,16.0,16.0,0.95,10.541820905206848,-61.40258789062499,88.90016178158433,1063.1145533827562
3232100033230,23,503.88276627020093,0.2668763687926048,1.961893387245227,1.4117586950128307,16.0,328.0,0.95,10.520218354655414,-61.292724609375,89.03663086168291,40.547510649524185
3232100033221,31,423.28375803070037,0.08757046340621377,1.172371292639463,0.9197771882138522,16.0,328.0,0.95,10.520218354655414,-61.314697265625,89.35018171456376,69.90049037769258
3232100032302,31,784.9858067156366,0.14390846333907348,1.0213782260349045,0.9630766458940988,16.0,16.0,0.95,10.541820905206848,-61.424560546875,89.53611628257707,718.100400891603
3232100032331,31,694.0089673347906,0.26959262113380655,1.1578608686840657,0.9354739959449818,16.0,16.0,0.95,10.520218354655414,-61.35864257812501,90.16569718435754,485.0187168490117
3232100032213,31,516.6046276193024,0.10038087009527075,1.0597875800786316,1.01740864486871,16.0,16.0,0.95,10.541820905206848,-61.446533203125,90.23138632579531,530.6200963024128
3232100122330,30,3329.448210587332,0.003987973438239423,1.0440143550234726,0.9618100498923918,16.0,88.0,0.95,10.520218354655414,-61.029052734375,90.30025189793056,15.60134059264216
3232100032330,31,486.62722790351825,0.4271739411822383,1.0923775549986607,0.9291467975970925,16.0,16.0,0.95,10.520218354655414,-61.380615234375,90.66596708279499,1348.2995222813474
3232100033332,30,7810.848445420145,0.0008330078734475332,1.1998536750332394,1.0584443440321332,16.0,160.0,0.95,10.49861429145127,-61.20483398437501,90.82665380184781,20.365580359787376
3232100033333,30,1840.094951647136,0.012366270462955131,1.0824529841903778,0.843405940734042,16.0,136.0,0.95,10.49861429145127,-61.182861328125,90.83556568489259,18.48907639922594
3232100033322,29,1920.0455821452483,0.011414938338259906,1.1688513528533169,0.9838504433572985,16.0,160.0,0.95,10.49861429145127,-61.24877929687501,90.99877426239729,15.334587913940476
3232100033233,31,248.41925563840948,0.4752190113853144,1.1395642769122925,0.8866739682838364,16.0,160.0,0.95,10.49861429145127,-61.27075195312499,91.17944804595854,38.72511109231304
3232100033232,31,1231.3699993801938,0.07714691221747394,1.0725877064899905,0.8768904488627797,16.0,136.0,0.95,10.49861429145127,-61.29272460937501,91.42274243750089,24.05917416189568
3232100122322,31,903.8951710672177,0.07904293018473907,1.2951058431824247,0.9124711971581595,16.0,16.0,0.95,10.49861429145127,-61.072998046875,91.8251798801979,28.97146726059081
3232100032320,31,389.8446865671378,0.17820572445648297,0.9639142219291671,1.022876764093084,16.0,16.0,0.95,10.520218354655414,-61.424560546875,91.84649237518609,741.2201418478935
3232100033222,31,488.5627496194123,0.1517296311627997,1.1838986373200304,0.9246324267187639,16.0,16.0,0.95,10.49861429145127,-61.33666992187501,92.09508017161532,103.00398144210376
3232100032333,31,433.5280614378323,0.2612246206621077,1.1847591265646675,0.9399636493032504,16.0,16.0,0.95,10.49861429145127,-61.358642578124986,92.52277373361132,341.307227802535
3232100032332,31,460.30865612947844,0.1654874097834177,1.1385051659189742,0.9417585970466371,16.0,16.0,0.95,10.49861429145127,-61.380615234375,93.0104014921313,764.239879272024
3232100211110,28,1683.9979799823047,0.012672412728863103,1.0751762404450682,0.8134937903857051,16.0,664.0,0.95,10.477008718560276,-61.20483398437501,93.22897873737882,17.90086113690506
3232100211101,29,644.8173413632837,0.11064055979707643,1.1606233046870502,0.8142045677417293,16.0,64.0,0.95,10.477008718560276,-61.226806640625,93.28202127393418,18.76458104516056
3232100300000,29,441.36829927703275,0.2824751793753181,1.001629278534913,0.7013807904521435,16.0,16.0,0.95,10.477008718560276,-61.16088867187501,93.3080526973575,21.43499569700688
3232100032323,31,687.9393942920271,0.19154737680627798,1.0347311208868126,0.9431133803948752,16.0,16.0,0.95,10.49861429145127,-61.40258789062501,93.55702630181739,1016.333757763068
3230322023002,31,348.1152224964346,0.17379087132106197,0.5255018319788634,1.0083916829518698,16.0,160.0,0.95,12.007084369852215,-61.688232421875,93.68999766758193,69.4395703365079
3232100211001,31,586.7036874622216,0.20144856432993696,1.0504516155553518,0.9586357589858702,16.0,160.0,0.95,10.477008718560276,-61.314697265625,94.10753639645702,63.67071717803536
3232100300100,29,871.4203304929578,0.24492796259101302,1.2861598080628946,1.1835042018518191,16.0,,0.95,10.477008718560276,-61.072998046875,94.20211334495006,17.647778827626233
3230322023001,31,528.622886201179,0.11041723152112559,0.4239079786450127,0.9317568082871072,16.0,496.0,0.95,12.028575447654388,-61.666259765625,94.34299989161146,135.2022042297964
3232100211000,31,681.6790060431005,0.12541282016892186,1.1415791689453378,0.9273536063670179,16.0,160.0,0.95,10.477008718560276,-61.336669921874986,94.46524146948383,132.9455490964814
3230322022130,31,275.16678357598624,0.08443955127494629,0.5144028469459458,1.0036263260885043,16.0,64.0,0.95,11.985591577434027,-61.73217773437501,94.61050836130353,83.87703405609972
3232100032233,28,7128.215923798659,0.0029977318299320155,1.0538327417387732,1.0365033063789895,16.0,16.0,0.95,10.49861429145127,-61.44653320312501,94.82307584490208,198.688853980248
3232100210111,31,20874.535162986307,0.00030696482674241743,1.152432748607847,0.930551253793001,16.0,16.0,0.95,10.477008718560276,-61.358642578125,94.88228163831293,153.86407174686832
3230322022113,31,233.13538911062955,0.22822244472025066,0.557009163496655,1.0540599367966619,16.0,40.0,0.95,12.007084369852215,-61.71020507812501,95.0766962856225,124.48759961384218
3230322021232,31,163.66221599834034,0.5107121803275643,0.40662244567878486,1.0334444021274198,16.0,496.0,0.95,12.05006480795393,-61.644287109375,95.1118599701538,117.30730700621572
3232100210110,31,804.459207810573,0.12261104648118026,1.1119789328167509,0.9547654723024694,16.0,16.0,0.95,10.477008718560276,-61.380615234374986,95.35787841184369,317.11935440692014
3230322023000,31,569.1382241158439,0.1022246574164265,0.44337684929513255,0.9712800095337654,16.0,160.0,0.95,12.028575447654388,-61.688232421875,95.66030289878005,185.02971378067048
3232100210101,31,849.6872819558738,0.08858687349688488,1.0508975745034048,0.9587357366904037,16.0,16.0,0.95,10.477008718560276,-61.40258789062501,95.8911605121145,696.2348334840179
3232100211013,28,4975.040275174629,0.0012855535034742571,1.1460500949263495,1.1043062416384597,16.0,16.0,0.95,10.455401638949368,-61.270751953125,95.96665667248604,14.424021107567484
3230322021231,31,391.3812708502782,0.3788107310272152,0.2800800924672192,1.0153690671472364,16.0,160.0,0.95,12.071552447865429,-61.622314453125,95.99376582481545,59.55795693360781
3230322022121,31,310.01237120958734,0.25509581803766845,0.46195711896523944,0.9426682172617028,16.0,40.0,0.95,11.985591577434027,-61.754150390625,96.10325200821939,129.94600760800515
3232100300013,31,1026.2155213896665,0.10043361892760705,1.3288912289435182,1.008925347071804,16.0,,0.95,10.455401638949368,-61.09497070312499,96.27359087242374,47.61939123615757
3230322021223,31,265.32357055593354,0.45806093648217194,0.35345605296843546,0.9733855552437347,16.0,160.0,0.95,12.05006480795393,-61.66625976562501,96.35916670849272,158.4175446556678
3232100210100,31,634.1586265254961,0.15254257430772078,1.1043856752697145,0.9678199964837159,16.0,16.0,0.95,10.477008718560276,-61.42456054687499,96.48117140567938,757.2192937712808
3232100211003,31,544.2056753339946,0.23270899136252587,1.1476466322230676,0.94409070733245,16.0,160.0,0.95,10.455401638949368,-61.314697265625,96.48822207087224,77.52797195343793
3230322022112,31,269.50233991796705,0.23478777494594327,0.5327178867974777,1.0406515806127958,16.0,40.0,0.95,12.007084369852215,-61.73217773437499,96.50280657601948,248.03860700345032
3232100211002,31,476.7047193195383,0.09439924712672043,1.1454418189813989,0.9428258325356677,16.0,160.0,0.95,10.455401638949368,-61.336669921875,96.83715848064152,94.54994579567598
3230322022111,31,564.736630355179,0.17763474782070132,0.5032494621371668,1.0396409560244986,16.0,40.0,0.95,12.028575447654388,-61.71020507812501,97.01873821286712,246.988764179649
3230322021230,31,460.2658327726872,0.10788754544263879,0.31355361152588956,0.9599112684258739,16.0,160.0,0.95,12.071552447865429,-61.644287109375,97.17077303827422,114.53499427601696
3232100210113,31,594.9764718588211,0.08540784127435974,1.1381633676937377,0.9657800026301572,16.0,16.0,0.95,10.455401638949368,-61.358642578125,97.24405603427371,80.41975184142332
3230322022120,31,1286.5297819894429,0.01811421801510671,0.4406262549543077,0.9009129129749319,16.0,40.0,0.95,11.985591577434027,-61.776123046875,97.63182718767557,108.09349922415096
3230322021222,31,572.1186768783282,0.04362650262801793,0.4295834951812684,0.990713768427617,16.0,160.0,0.95,12.05006480795393,-61.688232421875,97.64917462949543,174.61780799650884
3232100210112,31,2324.941770873859,0.0033998858020967138,1.1004962323112526,0.9607053077519013,16.0,16.0,0.95,10.455401638949368,-61.380615234375,97.70819060938567,238.52357865903824
3232100210010,31,377.8739101493817,0.16673441287656998,1.1562291432672034,0.9747433602312517,16.0,16.0,0.95,10.477008718560276,-61.46850585937499,97.82717527951932,198.60382503495163
3230322022103,31,625.1510814108481,0.14514248415788367,0.4141730570098714,1.0081643467470662,16.0,40.0,0.95,12.007084369852215,-61.754150390625,97.96660738583529,391.18698455901927
3230322021213,31,486.32278273585894,0.13231903047801152,0.23514861529614953,1.0015831401597621,16.0,88.0,0.95,12.093038364504697,-61.62231445312501,98.09229578841234,100.82655019149558
3232100210103,31,387.9359943844372,0.3001448719159545,1.0231116830037823,0.9631462414751235,16.0,16.0,0.95,10.455401638949368,-61.402587890625,98.22875086561683,542.073654830869
3232100300021,31,310684.8175886676,3.0713905518897633e-07,1.131875874352192,0.9255996750493254,16.0,16.0,0.95,10.433793055586548,-61.138916015625,98.2348865748053,81.37191007673268
3232100211031,29,606.2161024003443,0.11009099426963953,0.992966540258062,0.9319031003945855,16.0,40.0,0.95,10.433793055586548,-61.270751953125,98.36116272871482,13.717123590669196
3230322021221,31,358.2475053130972,0.4322930608053728,0.3493384982893722,0.951835114471262,16.0,160.0,0.95,12.071552447865429,-61.666259765625,98.39188729975722,75.28001312669521
3230322022110,31,452.59670123253665,0.06274668846677611,0.4327186299321781,1.0366953987183114,16.0,40.0,0.95,12.028575447654388,-61.732177734375,98.4166026042568,434.2033189262341
3232100211030,31,807.8186901806048,0.10007071510811671,1.10459630757656,0.8781161330751657,16.0,16.0,0.95,10.433793055586548,-61.292724609375,98.58678388209219,27.697886028684053
3232100210102,31,18470.318178510333,0.00010639530281020271,1.1086853804674648,0.9511887530913475,16.0,16.0,0.95,10.455401638949368,-61.424560546875,98.80484495630796,726.3177462226112
3232100211021,31,426.62045264513006,0.26819513474235346,1.1080636507771182,0.9491708631344107,16.0,136.0,0.95,10.433793055586548,-61.31469726562501,98.87013355580416,53.12833151723799
3230322020333,31,549.271989322333,0.07003833197629283,0.3886271842775517,1.0261128053516877,16.0,40.0,0.95,12.05006480795393,-61.71020507812499,98.9802141676425,307.5959844970253
3232100211020,31,314.14932579861915,0.3942528613196735,1.1112481895751962,0.9621691825152066,16.0,160.0,0.95,10.433793055586548,-61.33666992187499,99.21071712489706,40.76968485154796
3230322021212,31,190.031683208769,0.6597345384084974,0.28870867930261757,0.9601519661230073,16.0,160.0,0.95,12.093038364504697,-61.644287109375,99.24432819719027,107.94473621117602
3232100210013,31,685.5636432469175,0.04377510899328374,1.1066733821215955,0.9620000634178307,16.0,16.0,0.95,10.455401638949368,-61.446533203125,99.4355076530839,405.8457542641734
3230322022102,31,512.4379021920387,0.159168880320525,0.4067973058748725,0.8675766019697643,16.0,40.0,0.95,12.007084369852215,-61.77612304687501,99.46643469936502,427.4426247711503
3232100210131,31,538.4840551218534,0.14455012446106974,1.154722479396633,0.9397914842817845,16.0,328.0,0.95,10.433793055586548,-61.358642578125,99.6079474998989,60.76580484046804
3230322022101,31,657.468679109377,0.09838779916665352,0.3636301372493336,1.0496977557620486,16.0,40.0,0.95,12.028575447654388,-61.754150390625,99.85224013653418,536.9835146446267
3232100210130,31,763.9942849251137,0.08262018548930639,1.1077408990844844,0.9279829543471656,16.0,,0.95,10.433793055586548,-61.380615234375,100.0611500386031,217.4873848053349
3230322021211,31,561.1311380547209,0.0968178957564797,0.2329850833710367,0.9966941096479789,16.0,64.0,0.95,12.114522554988696,-61.62231445312501,100.2036698213419,224.01379690725253
3230322020332,31,346.02124929088757,0.2580832894630444,0.3261397414656481,1.025279750110834,16.0,40.0,0.95,12.05006480795393,-61.73217773437499,100.35065261237207,506.64678998164686
3232100210121,31,1065.2754457575854,0.056554504705982445,1.0820120031989433,0.9402723316295619,16.0,16.0,0.95,10.433793055586548,-61.402587890625,100.5695680495759,419.6977805574351
3232100211033,31,694.56007737951,0.0716267842567726,1.1008661977276357,0.8370752935265768,16.0,16.0,0.95,10.412182971440885,-61.27075195312499,100.7562283246935,18.294423909101344
3230322020331,31,180.83218127766435,0.4322050670754152,0.3624313991760903,1.0193492466580574,16.0,40.0,0.95,12.071552447865429,-61.71020507812499,100.95997762207575,145.1626369023859
3230322022013,31,1379.7389534101317,0.01249617242664225,0.6770932349379128,0.9032772303306862,16.0,16.0,0.95,12.007084369852215,-61.79809570312499,101.00068357494894,204.71412535629705
3232100210120,31,650.7789274930959,0.13033567013070846,1.0813236018802757,0.9626749828565091,16.0,16.0,0.95,10.433793055586548,-61.424560546875,101.13236878714885,511.7758877029741
3232100211023,31,577.0818097966592,0.16803509972313502,1.0557045635666653,0.8388857228668655,16.0,160.0,0.95,10.412182971440885,-61.31469726562499,101.25319591852883,38.92573176878475
3230322021122,29,218.3858874625882,0.6501661351368597,0.27622867005852736,0.9217991306057707,16.0,136.0,0.95,12.136005016435634,-61.600341796875,101.2668471643351,84.15067331883569
3230322022100,31,582.1139178038733,0.13492473393748583,0.3769045653997954,0.9832459563827859,16.0,40.0,0.95,12.028575447654388,-61.776123046875,101.32404521663518,237.01617277914025
3230322021210,31,318.1977148435402,0.4722731886772531,0.3095004550417942,1.029005205230801,16.0,160.0,0.95,12.114522554988696,-61.64428710937501,101.3316127506274,152.28800441854142
3232100211022,31,1000.5325106782678,0.05620885209962634,1.0610088931594572,0.9194533121663347,16.0,136.0,0.95,10.412182971440885,-61.33666992187501,101.58581387010803,34.81337940373321
3230322021202,26,550.7793365732226,0.14036058544186447,0.7214376563513853,0.9831936921521878,88.0,160.0,0.95,12.093038364504697,-61.68823242187499,101.67819453918435,37.99023239830289
3232100210031,31,5726.132308177769,0.0019051544755349648,1.0879348723538895,0.9442254592963747,16.0,16.0,0.95,10.433793055586548,-61.44653320312501,101.74864983339249,565.7477673697742
3230322020323,31,387.3769041344018,0.17065464686225673,0.263163581663009,1.0271841204682806,16.0,40.0,0.95,12.05006480795393,-61.75415039062499,101.75889815315325,528.6087380107741
3232100210133,31,497.55620931659,0.19892669129282659,1.052020315606324,0.9165680516140493,16.0,136.0,0.95,10.412182971440885,-61.358642578125,101.9738203000969,54.12125361428069
3230322020330,31,176.88709822144278,0.6083725569868058,0.3350845860322611,1.0408488328156016,16.0,40.0,0.95,12.071552447865429,-61.73217773437501,102.30379425928768,306.0213394652292
3230322021033,31,224.5203434611364,0.5262300318266071,0.29892349779174604,0.9476107581216358,16.0,160.0,0.95,12.136005016435634,-61.622314453125,102.32707914088176,262.82377935858034
3232100210132,31,375.38480993351027,0.10754553780222997,1.1015546971947345,0.9202221421867979,16.0,16.0,0.95,10.412182971440885,-61.380615234375,102.41658568872568,124.5457972334727
3232100210030,31,622.1241419309299,0.11465395739092166,1.1423440522592596,0.9455679581128565,16.0,16.0,0.95,10.433793055586548,-61.468505859375,102.41744576134933,637.3105658010226
3230322021201,31,238.27616317257903,0.5379715863981969,0.32222614606555716,0.9969372266986531,16.0,160.0,0.95,12.114522554988696,-61.666259765625,102.50298794142194,97.26063422175078
3232100211311,31,541.5561224509049,0.3360735506346615,1.1386844226902955,0.7870323524528795,16.0,16.0,0.95,10.3905713894825,-61.182861328125,102.84787337374621,26.415505190014752
3232100300200,31,886.187153710432,0.06957875235750977,1.1898824105906116,0.8605787267156639,16.0,16.0,0.95,10.3905713894825,-61.160888671875,102.91170954202286,26.24835951617834
3232100210123,31,517.963419148915,0.20871021859357508,1.1070337624204778,0.9248817538107986,16.0,16.0,0.95,10.412182971440885,-61.40258789062501,102.9134032660386,308.58526166844774
3230322020313,31,495.1373571404398,0.08149731070140176,0.39637992688036294,1.0352947455111416,16.0,40.0,0.95,12.093038364504697,-61.710205078125,102.95696004134217,81.09068396005549
3232100210021,31,912.9986788305276,0.053287510126094895,1.0298597311688178,0.9080268632175675,16.0,16.0,0.95,10.433793055586548,-61.49047851562499,103.13773497545395,241.3028520648478
3232100211211,31,3036.9108901440436,0.0026048455803545645,0.982925952573699,0.9053395385821651,16.0,136.0,0.95,10.3905713894825,-61.27075195312499,103.15182581799189,22.15795730959961
3230322021032,31,203.269682400546,0.5692730701911467,0.2893327232647397,0.9403424598744974,16.0,160.0,0.95,12.136005016435634,-61.64428710937499,103.43178193022977,143.49980668447037
3232100210122,31,271.2601034598065,0.3733161805837648,1.0666958429724434,0.9830760167498119,16.0,16.0,0.95,10.412182971440885,-61.424560546875,103.46349437869291,393.2576138189887
3232100211201,31,2697.438799184444,0.005692738388469509,1.0593404700914058,0.9233575476621961,16.0,16.0,0.95,10.3905713894825,-61.31469726562501,103.63734104842105,59.80273497933338
3230322020321,31,279.806459908566,0.3542824973890558,0.40361097988410655,1.0305523341344405,16.0,40.0,0.95,12.071552447865429,-61.754150390625,103.68540808610659,332.50663527350724
3230322021200,31,278.2406986078024,0.6222416251042664,0.3676610713035605,0.9999493157538746,16.0,,0.95,12.114522554988696,-61.688232421875,103.71632382149595,47.58745953445009
3232100210033,31,647.0193358365927,0.07988813486676327,0.9771378967337586,0.9650617095002827,16.0,16.0,0.95,10.412182971440885,-61.446533203125,104.06601421836854,380.126060214528
3230322020312,31,301.44353182513123,0.3226759826528316,0.3872103514141829,1.0189771040393987,16.0,40.0,0.95,12.093038364504697,-61.732177734375,104.2749413365004,134.4325991648562
3232100210311,31,401.48576059187695,0.119908356496225,1.1557156005090983,0.9059199023820841,16.0,16.0,0.95,10.3905713894825,-61.35864257812501,104.34155086264788,35.001428551395804
3230322021031,31,228.65210193510646,0.6220403927549485,0.23924734451059537,0.917014790406703,16.0,160.0,0.95,12.157485745964896,-61.622314453125,104.46177634469379,166.15525006237974
3230322021023,31,251.28781403301676,0.49339182917907576,0.2642459884704214,1.0057456611733158,16.0,160.0,0.95,12.136005016435634,-61.666259765625,104.57954626263846,57.19737287534108
3232100210032,31,1934.6244007762673,0.01640409803656462,0.8945204059622015,0.9625774733688375,16.0,16.0,0.95,10.412182971440885,-61.468505859375,104.72005782030662,682.3519458311267
3232100210310,31,412.7685149391163,0.26916265210431634,1.158518870867716,0.9247058191559806,16.0,16.0,0.95,10.3905713894825,-61.380615234375,104.77434171344655,70.66009190209114
3232100211313,31,524.5307101615628,0.12368571362623981,1.2571831937990396,0.8957188474580694,16.0,16.0,0.95,10.368958312682564,-61.18286132812499,105.25087632973738,43.73031454575031
3232100210301,31,414.0934114940925,0.16786894864230473,1.125764322674541,0.9087785417514588,16.0,16.0,0.95,10.3905713894825,-61.402587890625,105.26006601288775,132.09612738344066
3230322021030,31,156.28896065777033,0.6131798584241008,0.22272109186493824,0.9478169938577575,16.0,328.0,0.95,12.157485745964896,-61.644287109375,105.54405324652956,87.60365166784521
3230322021102,30,388.71778275055107,0.1272678030003208,0.20957999452854784,0.9317110842606059,16.0,160.0,0.95,12.17896474069709,-61.600341796875,105.58998380398785,64.36543823548436
3230322020303,31,237.41248834975067,0.7417464821438071,0.491064581649646,0.9728736941289858,16.0,40.0,0.95,12.093038364504697,-61.75415039062501,105.63067051014747,197.92809455620096
3230322021022,27,754.2029093066624,0.12647802710217804,0.5732454864241082,1.071060035034794,64.0,472.0,0.95,12.136005016435634,-61.68823242187501,105.76897027845003,29.945712708593195
3232100210300,31,567.3559578276505,0.1061454435770064,1.0951678490078414,0.9564271628202698,16.0,16.0,0.95,10.3905713894825,-61.424560546875,105.7979947000165,218.49029620307536
3232100211203,31,870.0908061612412,0.0851500996035619,1.1054812896095152,0.9276141785739371,16.0,16.0,0.95,10.368958312682564,-61.314697265625,106.02250689743182,31.143542864814908
3230322020310,31,316.90984588505216,0.34357444796634895,0.3709919389428406,1.008532785254005,16.0,160.0,0.95,12.114522554988696,-61.73217773437501,106.26307867132596,74.65977514036584
3232100211202,31,608.0061801512771,0.14632558772812776,1.202831817953849,0.992318055794131,16.0,16.0,0.95,10.368958312682564,-61.33666992187501,106.34025330182003,48.42748800227381
3230322021013,31,196.68077352920147,0.6495803773516053,0.14346220074267305,0.9356542241149682,16.0,496.0,0.95,12.17896474069709,-61.622314453124986,106.60707011766907,123.15889971738382
3232100210313,31,811.1118893748554,0.055022321113632144,1.2168149681700446,0.9863591617685453,16.0,16.0,0.95,10.368958312682564,-61.358642578125,106.71102645217871,61.11478601975542
3232100300312,27,706.9113867625205,0.11404590164129624,0.8391891021987298,0.8521896891220997,16.0,16.0,0.95,10.368958312682564,-61.02905273437499,106.8247998151686,12.393306179392049
3230322020133,31,251.59964929578078,0.5723890532198663,0.39451083982334506,1.004415873970809,16.0,472.0,0.95,12.136005016435634,-61.710205078125,106.99866468108644,42.45383377312567
3232100210312,31,798.3354913834376,0.06151907881595364,1.1875380756295433,0.950388145853856,16.0,16.0,0.95,10.368958312682564,-61.380615234374986,107.13427579888655,77.97359708169206
3230322020301,31,239.8611981683585,0.39248982267088417,0.41208757072224944,0.9618580367443106,16.0,160.0,0.95,12.114522554988696,-61.754150390625,107.59365528228072,85.99554269972411
3232100210303,31,415.12598911497173,0.1624828520671896,1.1307044097578358,0.9205878183344638,16.0,16.0,0.95,10.368958312682564,-61.40258789062501,107.60938214322792,119.358681276918
3232100211330,31,801.71692118384,0.10058994714066072,1.0463392370422906,0.9257844962386667,16.0,,0.95,10.347343744013315,-61.204833984375,107.64653357808179,65.07685457763372
3232100211331,31,777.3015004092533,0.20485761846273465,1.1692599459097388,0.9717457282610152,16.0,16.0,0.95,10.347343744013315,-61.182861328125,107.65405683242884,87.8360031718861
3230322021012,31,172.22284789102815,0.8389866787188269,0.1579153723138972,0.9281808472592533,16.0,,0.95,12.17896474069709,-61.64428710937501,107.66770132512754,85.73311927718103
3232100300220,31,452.2525794398163,0.25268612383392397,1.1657378861094585,0.9104712663049578,16.0,16.0,0.95,10.347343744013315,-61.160888671875,107.7150533759412,47.67687477825672
3232100210201,31,277.97335521266626,0.4703558382635371,0.7803839703236954,0.9884451933409122,16.0,16.0,0.95,10.3905713894825,-61.490478515625,107.71680673219075,166.15121101931786
3230322021100,11,178.48536560298396,0.5396262111195058,0.5259749069141323,1.1933902929197628,88.0,496.0,0.95,12.200441997754028,-61.60034179687499,107.76565635226481,36.38672797474983
3232100300221,31,511.4944620746852,0.1698480966532382,1.1887018295367169,1.0207821617666966,16.0,16.0,0.95,10.347343744013315,-61.13891601562499,107.8294324626397,40.886463047408654
3232100210302,31,640.9229936504813,0.22342212294765507,1.1227953418047045,0.9479211871425923,16.0,16.0,0.95,10.368958312682564,-61.42456054687499,108.13566196603341,239.2032212740056
3232100211230,31,2108.248249613712,0.04205339317257728,1.0478539070820447,0.9981389956168096,16.0,160.0,0.95,10.347343744013315,-61.292724609375,108.1502068802004,32.23636387873337
3230322020132,31,492.29246665916133,0.12520910243484107,0.3616009705881486,0.9671253432835869,16.0,160.0,0.95,12.136005016435634,-61.73217773437499,108.26725730444052,73.09174603306583
3232100210213,31,454.0898543487602,0.35059647296699314,1.0519000317795917,0.9808930136610147,16.0,16.0,0.95,10.368958312682564,-61.44653320312501,108.71237207013895,336.21182226053145
3230322021011,31,157.52227062740548,0.5376792909500533,0.15869105849780224,0.9667756727190949,16.0,328.0,0.95,12.200441997754028,-61.622314453125,108.76232042507542,121.49020799603548
3230322020131,31,437.5302628998748,0.13017722654558872,0.37054655452708357,1.031240410535444,16.0,160.0,0.95,12.157485745964896,-61.710205078125,109.04159161352001,73.29242074369225
3232100210331,31,854.0944866582375,0.05071059168468339,1.1672008299794856,0.9490406335091398,16.0,,0.95,10.347343744013315,-61.358642578125,109.08214401269953,148.09939910190488
3232100210330,31,639.2059234116452,0.19822297164482838,1.1336207556607125,0.962218785773951,16.0,16.0,0.95,10.347343744013315,-61.38061523437499,109.49625773594543,182.4008559838182
3230322020123,31,1069.634979609018,0.05594154940661822,0.3679396651538561,0.922609652157042,16.0,160.0,0.95,12.136005016435634,-61.75415039062499,109.57339710977088,83.29268518895864
3232100300331,31,2425.698417560405,0.03283697248015882,0.8833090468227203,0.9224274570132528,16.0,64.0,0.95,10.347343744013315,-61.007080078125,109.621924792473,24.50838596334628
3230322021010,31,148.36348179737467,0.8470202868166113,0.20088550250665263,0.9586561055303636,16.0,664.0,0.95,12.200441997754028,-61.644287109375,109.80205319050006,92.67487733895696
3230322003322,20,2015.5271519504959,0.009554094402375424,0.8828068615418756,0.8513394669555612,232.0,232.0,0.95,12.221917514258726,-61.60034179687501,109.94997111118833,21.058357852560416
3232100210321,31,1084.4857108709882,0.03024458923453721,1.1560728438966947,0.9462283145826186,16.0,16.0,0.95,10.347343744013315,-61.402587890625,109.96119216372274,248.85621708978576
3232100210203,31,1275.8713214234608,0.018110915840223507,0.896484036573599,1.0178096008510968,16.0,16.0,0.95,10.368958312682564,-61.49047851562501,110.01384144332708,100.76001327368051
3232100211332,31,681.2285132447822,0.1262297406327969,1.1356941728003762,0.9316980888521381,16.0,16.0,0.95,10.32572768644806,-61.204833984375,110.05005431077532,150.22310652203885
3232100211333,31,587.9620807615279,0.08367647724538207,1.1296763065713047,0.9742490241748232,16.0,16.0,0.95,10.32572768644806,-61.182861328125,110.057413788658,134.61993035858248
3232100211323,31,761.3154425778754,0.041483539326197194,1.0701876951662033,0.8853156801853731,16.0,,0.95,10.32572768644806,-61.22680664062501,110.09501535143414,98.16662848721816
3232100301220,31,2847.360909845999,0.005916690530166524,0.9276512893220378,0.8762961157256942,16.0,88.0,0.95,10.347343744013315,-60.98510742187501,110.1010410514862,21.095121120796197
3232100211322,31,521.9564360981375,0.17927713696636782,1.0377586664604375,0.9231632346155172,16.0,328.0,0.95,10.32572768644806,-61.248779296875,110.19223286638814,51.04914481699726
3230322020130,31,276.3309752187653,0.32390638842216735,0.42381699410418094,1.0206779964551744,16.0,160.0,0.95,12.157485745964896,-61.732177734375,110.28658994570763,186.43913662056536
3232100211233,31,435.7039870658733,0.19523690534579508,1.0806533937211875,0.9357192282587767,16.0,160.0,0.95,10.32572768644806,-61.27075195312499,110.34156873199233,54.07477125723791
3232100300232,31,847.7473222812503,0.06545345458959462,1.1145843267774598,0.9767476708309641,16.0,304.0,0.95,10.32572768644806,-61.11694335937501,110.39293873442459,27.99350749339748
3232100210320,31,567.439550393493,0.15297524053527933,1.1476828365596543,0.9407768060542014,16.0,16.0,0.95,10.347343744013315,-61.424560546875,110.47630566573547,348.64875208684043
3232100211232,31,457.535790931429,0.0949394183429727,1.1403825129721776,0.957061967553538,16.0,160.0,0.95,10.32572768644806,-61.292724609375,110.542811722571,55.37867160445148
3232100211223,31,803.3329680535041,0.08763222867925535,1.152105171107989,0.9663044816781184,16.0,,0.95,10.32572768644806,-61.314697265625,110.79567899396729,83.58654034123255
3232100300322,31,1107.954222818558,0.04211309286735232,1.1832036660381593,0.985782155323701,16.0,16.0,0.95,10.32572768644806,-61.07299804687499,110.87606197799664,14.70097042848505
3230322021001,31,291.3468427293909,0.5983728499669942,0.17667443044810172,0.8641164165906139,16.0,,0.95,12.200441997754028,-61.666259765625,110.88364311048886,93.53812303706924
3230322003233,31,136.16768667813798,0.42007098922237496,0.16812833725781515,0.877462834653949,16.0,328.0,0.95,12.221917514258726,-61.622314453125,110.92693414825784,65.00652082909397
3232100210231,31,2447.476626765347,0.003258265993972387,1.1153051473695674,0.9462609795370797,16.0,16.0,0.95,10.347343744013315,-61.44653320312501,111.04089990644121,424.1948291700067
3230322020113,31,263.166250961445,0.2583995708801189,0.33956725571255736,0.962435529906412,16.0,,0.95,12.17896474069709,-61.71020507812499,111.09813753800769,58.63708525686795
3232100211222,31,397.80927935737105,0.16449521206848927,1.2185624890014752,1.0200228990816003,16.0,16.0,0.95,10.32572768644806,-61.33666992187501,111.0998180491499,97.51419551371836
3232100210333,31,483.59181608012045,0.09329366885109458,1.1519337357284882,0.9333227579851355,16.0,160.0,0.95,10.32572768644806,-61.358642578125,111.45480915439117,171.81686719173797
3232100210230,31,1213.7131945663457,0.04276121754835105,1.0096040589602566,0.996367694446452,16.0,16.0,0.95,10.347343744013315,-61.46850585937501,111.65422426790369,270.036872365286
3232100210332,31,837.0675976453675,0.06360023915199475,1.1432917626606203,0.9527649880470016,16.0,16.0,0.95,10.32572768644806,-61.380615234375,111.86016816806321,240.68554052367983
3230322003232,31,163.79170096291958,0.6034922958643709,0.15573441160153184,0.8932639575858852,16.0,,0.95,12.221917514258726,-61.644287109375,111.9464839612025,137.07313835548655
3232100300333,31,1033.3816652412927,0.05109343834392721,1.0504063588967398,0.9720326422697146,16.0,16.0,0.95,10.32572768644806,-61.00708007812501,111.9831912101547,66.29026718483297
3230322021000,30,209.36404624622276,0.4738023963188055,0.23458456429983007,0.9097172961283488,16.0,,0.95,12.200441997754028,-61.68823242187501,112.00587759846977,60.129907046007474
3232100210323,31,844.7488553693605,0.042298326152971466,1.1426858532020714,0.9423426985751948,16.0,16.0,0.95,10.32572768644806,-61.402587890625,112.31534973867878,379.1698920962306
3230322020112,31,505.68856735169356,0.10508819522515633,0.43241833783964156,0.985629826851146,16.0,160.0,0.95,12.17896474069709,-61.73217773437501,112.32024670684038,97.98642181155334
3232100301222,31,481.36791399519507,0.12389037829411698,1.003353394661743,0.940275724937319,16.0,136.0,0.95,10.32572768644806,-60.98510742187499,112.45228067651992,45.63554273147216
3232100213110,31,301.824478933266,0.37451090330236536,1.1512161073911231,0.9346524490670135,16.0,16.0,0.95,10.304110142961129,-61.20483398437499,112.45374347999368,143.15424721531232
3232100213111,31,591.1399145231532,0.18774241732699604,1.0213315269649448,0.9593439579351565,16.0,16.0,0.95,10.304110142961129,-61.182861328125,112.46094617022722,258.51822772027214
3232100213101,31,967.8135180484354,0.08991871451948863,1.018663428402046,0.8958174853688154,16.0,16.0,0.95,10.304110142961129,-61.226806640625,112.49774697978208,75.91363859162468
3232100302000,31,2347.352367116837,0.012718211436300697,1.005447623910164,0.9190658073401801,16.0,16.0,0.95,10.304110142961129,-61.16088867187501,112.51934521687477,148.42561192442187
3232100213100,31,1486.4693640666862,0.06041529281586999,1.013250208112947,0.9402119783152698,16.0,,0.95,10.304110142961129,-61.248779296875,112.59289663224787,39.43932290110256
3232100302001,31,44145.8978408821,4.693376998798904e-05,1.0444159041780468,0.8713546423261839,16.0,16.0,0.95,10.304110142961129,-61.138916015625,112.62886098239098,71.1356477165127
3232100210322,31,676.6134020046645,0.13853534674009194,1.0879064303942019,0.9376174303980918,16.0,16.0,0.95,10.32572768644806,-61.424560546875,112.81975082455992,698.2849006241424
3232100213010,31,973.3686328712137,0.08995478971791515,1.1099338002981243,0.9242662772347922,16.0,,0.95,10.304110142961129,-61.292724609375,112.93604781252799,61.77919031110781
3232100302011,31,1085.1236449377566,0.020799108193381488,1.2550321431771108,0.9851027814770402,16.0,16.0,0.95,10.304110142961129,-61.09497070312499,113.0005788162558,34.20505140940993
3230322003223,30,300.5122343441611,0.48516008147567846,0.2232239070801185,0.8760397568484063,40.0,,0.95,12.221917514258726,-61.66625976562501,113.00746790009977,70.73414515515088
3230322020111,31,390.79516871024936,0.2977237056715776,0.2832010981539484,0.9542081742157292,16.0,,0.95,12.200441997754028,-61.710205078125,113.16754748941393,136.35984527053287
3232100213001,31,469.92216519171075,0.2829060875915095,1.0458656235837516,0.9663984913857288,16.0,,0.95,10.304110142961129,-61.31469726562501,113.18358592160676,125.21178115344976
3232100302100,31,487.44480643890165,0.1327429142695704,1.2693285630625355,0.9715656168845858,16.0,16.0,0.95,10.304110142961129,-61.072998046875,113.26227977944123,30.119290133007464
3232100210233,31,494.37795024154906,0.06849134114035305,1.0175939479642913,0.9525376521818291,16.0,16.0,0.95,10.32572768644806,-61.44653320312501,113.37271448448618,382.8503501389613
3232100213000,31,22337.6861002462,8.361488491925861e-05,1.0849880456363878,0.9782138026406777,16.0,160.0,0.95,10.304110142961129,-61.336669921875,113.48134644726042,150.9440683720366
3232100302101,31,523.6664877686783,0.2992139124637727,1.0828855161940794,0.9068438247337627,16.0,16.0,0.95,10.304110142961129,-61.051025390625,113.57409859479895,46.17284658059257
3232100212111,31,4998.198833129715,0.0018909652763333673,1.1330528592739546,0.9564674028246103,16.0,16.0,0.95,10.304110142961129,-61.358642578125,113.82893526424895,179.61934590999465
3230322003230,28,230.44798172971167,0.6317787339622023,0.3844632303087316,0.9445560066887713,40.0,472.0,0.95,12.24339128733542,-61.644287109375,114.10041292207731,37.77253087155061
3230322003222,29,383.70605772496566,0.3210927680936989,0.31272529023997253,0.8595522578934127,64.0,496.0,0.95,12.221917514258726,-61.68823242187499,114.10873019984147,45.18838671507644
3232100212110,31,595.9563642849077,0.12295289261959297,1.129685672594203,0.9349867795185095,16.0,16.0,0.95,10.304110142961129,-61.380615234375,114.22589748998817,329.6473034475532
3232100302111,31,1075.3109070967553,0.03835364273021202,0.9834260110125421,0.9133788555291905,16.0,16.0,0.95,10.304110142961129,-61.007080078125,114.34638385160328,231.40867537755557
3232100212101,31,392.9228504930821,0.3143705675857189,1.0808754604354696,0.9355916951870121,16.0,16.0,0.95,10.304110142961129,-61.402587890625,114.67172037175003,361.5975807321246
3232100303000,31,4120.215048162338,0.0025816853069720036,1.0246813868848637,0.9707264347726124,16.0,16.0,0.95,10.304110142961129,-60.98510742187499,114.80585035859376,61.03220251370859
3232100213112,31,1247.7296470550737,0.06840481562806655,1.128741575447837,0.9394591167178873,16.0,16.0,0.95,10.282491116527916,-61.20483398437501,114.85760055370284,56.16295657665767
3232100213113,31,354.6107917774123,0.21164833251270776,1.04297313237851,0.97963420395127,16.0,16.0,0.95,10.282491116527916,-61.18286132812499,114.86465300710368,73.67052892038976
3232100213103,31,1715.832635527934,0.021200769095634175,1.0933722079738255,0.9485267708645532,16.0,,0.95,10.282491116527916,-61.22680664062501,114.90068650083619,71.25483865775321
3232100213013,31,1535.1138873994835,0.024046885773667537,1.0644326786659142,0.9275709796982019,16.0,,0.95,10.282491116527916,-61.27075195312499,115.13698294471676,98.50746844471
3232100212100,31,647.8730910532173,0.13068407657887304,1.018615023448367,0.9626703269876367,16.0,16.0,0.95,10.304110142961129,-61.42456054687499,115.16583646956725,600.5136399420694
3232100213012,31,1142.1724214088908,0.035310289339589906,1.0862127387657448,0.9169994152317863,16.0,,0.95,10.282491116527916,-61.292724609375,115.32988585431961,87.44653143672544
3232100213003,31,466.6597359946105,0.084312856450804,1.1110206843583155,0.9044957057473891,16.0,16.0,0.95,10.282491116527916,-61.31469726562501,115.57231398161602,215.6724519874064
3232100212011,31,688.1848597750028,0.16067787552640456,1.0063897593503353,0.9656587549017196,16.0,16.0,0.95,10.304110142961129,-61.446533203125,115.70762709070095,1097.13429069541
3232100213002,31,609.3554138153877,0.16144952234825072,1.1128515698665087,0.9573549206855216,16.0,16.0,0.95,10.282491116527916,-61.336669921875,115.8639564532796,292.47257181922674
3232100212113,31,629.4968083508197,0.10899156520129583,1.0947911640488373,0.9457755728374756,16.0,16.0,0.95,10.282491116527916,-61.35864257812499,116.2044427233679,315.01674750299674
3232100212112,31,448.71146833155075,0.32133368873573387,1.0616938934997129,0.931195161742335,16.0,16.0,0.95,10.282491116527916,-61.380615234375,116.59334487688538,502.0860110758091
3232100302113,31,6252.396592368486,0.0019629783301395864,0.9886874922299635,1.0132912666738698,16.0,136.0,0.95,10.282491116527916,-61.00708007812499,116.71139559261566,202.65337806689
3232100212103,31,296.71794639569356,0.2098500575643366,1.064749668267184,0.9533429214330031,16.0,16.0,0.95,10.282491116527916,-61.402587890625,117.03018024140376,356.7164105459806
3232100213121,31,41269.55605451503,2.7448061891588438e-05,1.2927587474074156,0.9444203840755893,16.0,16.0,0.95,10.260870610124869,-61.226806640625,117.30383094559376,25.376094756803177
3232100213120,31,359.6336265867021,0.38329118360112857,1.1991694015835874,1.0552599280935822,16.0,,0.95,10.260870610124869,-61.248779296875,117.39509819659973,36.56817279440102
3232100212102,31,207.76655071477018,0.4845560788649057,1.028173353000174,0.9563937078922891,16.0,16.0,0.95,10.282491116527916,-61.424560546875,117.51441427070468,610.8327373583614
3232100213021,31,682.3398601614011,0.08615225792756043,1.1072162457608594,0.9374140748376877,16.0,328.0,0.95,10.260870610124869,-61.31469726562501,117.96182304235114,140.75473358002654
3232100212013,31,422.69116204723974,0.17081066609083395,0.9793141597520115,0.961761619716072,16.0,16.0,0.95,10.282491116527916,-61.446533203125,118.04546366187851,1305.027870291173
3232100213020,31,888.8968010066793,0.033163969827909034,1.1280117360852586,0.9175438389959782,16.0,16.0,0.95,10.260870610124869,-61.33666992187501,118.24759241477773,323.1085182365581
3232100212131,31,392.0284867942411,0.22089477359838972,1.073231680792853,0.9376577091651782,16.0,16.0,0.95,10.260870610124869,-61.35864257812501,118.58125821634474,488.59424208805575
3232100212130,31,524.4989704621797,0.2947569387979059,1.0563257327123128,0.950460152031621,16.0,16.0,0.95,10.260870610124869,-61.38061523437501,118.96241742629384,567.02350698432
3232100212121,31,343.7228268127914,0.34372684962903577,1.0912023798418444,0.956822686994245,16.0,16.0,0.95,10.260870610124869,-61.40258789062501,119.39061516984414,428.6053392898232
3232100212120,31,431.2217618234686,0.0704179959439225,1.0510193271717356,0.9600713288149163,16.0,16.0,0.95,10.260870610124869,-61.42456054687501,119.86534733534727,555.4066905426594
3232100213032,31,1509.6435885238457,0.031527601478977374,1.1038510306427618,0.9331904969488689,16.0,160.0,0.95,10.239248626729475,-61.29272460937501,120.11926211207779,35.266063275003155
3232100213023,31,394.73771974858334,0.19770417870548151,1.1175408086904801,0.9086465588801999,16.0,16.0,0.95,10.239248626729475,-61.314697265625,120.35207611769235,88.8614088950631
3232100212031,31,411.6549815286201,0.37612941311363834,1.0604333195907711,0.9518482712573674,16.0,16.0,0.95,10.260870610124869,-61.446533203125,120.38606340806815,1208.458044835003
3232100213022,31,629.9285992608615,0.13695185335254023,1.0922356975126202,0.9037609127709945,16.0,,0.95,10.239248626729475,-61.33666992187501,120.63220302501661,222.0401610345761
3232100212030,31,1095.8812742603145,0.07290855895841064,0.9866288247782914,0.9537312330163528,16.0,16.0,0.95,10.260870610124869,-61.468505859375,120.95216948526713,1252.4486413836028
3232100212133,31,230.2234457804867,0.5792086375167012,1.1167900069985894,0.9236606759131684,16.0,16.0,0.95,10.239248626729475,-61.35864257812501,120.95931412046302,261.6435376751298
3232100212132,31,611.0745574585742,0.14621031841355026,1.1146716404890356,0.953781227969608,16.0,16.0,0.95,10.239248626729475,-61.380615234375,121.33302939803451,288.35536311036327
3232100302133,31,900.1083956516136,0.06420133883925727,0.9837073294757779,1.0537160279382973,16.0,136.0,0.95,10.239248626729475,-61.007080078125,121.44648906075517,51.68142394325435
3232100212021,31,426.7095013709006,0.2838503796256332,0.9804041811098609,0.9508791741387218,16.0,16.0,0.95,10.260870610124869,-61.490478515625,121.56303143646755,480.0053304225184
3232100212123,31,265.3103881822384,0.3010714893249944,1.1222341234920568,0.9452791035248197,16.0,16.0,0.95,10.239248626729475,-61.402587890625,121.7529197080611,249.288807292662
3232100212122,31,742.5401268608075,0.06378999149846298,1.1021774516972076,0.9557428647477654,16.0,16.0,0.95,10.239248626729475,-61.424560546875,122.21850913657707,392.6934998502876
3232100213211,29,1907.678528782486,0.020494960810733764,1.0436246125093502,1.1471195353955679,16.0,64.0,0.95,10.217625169320264,-61.27075195312499,122.33314126880236,11.680783813792177
3232100213210,31,21041.669513455487,0.00017509502887980144,1.1116061488314972,0.9725668963494856,16.0,160.0,0.95,10.217625169320264,-61.292724609375,122.51475256765488,33.21106732143776
3232100212033,31,2860.373704566715,0.005046153600850034,1.0681683861324696,0.9630402457767434,16.0,16.0,0.95,10.239248626729475,-61.44653320312499,122.72927758570874,789.1628759646171
3232100213201,31,1611.0561517249341,0.024241531366458235,1.152337863540817,0.9706114529948249,16.0,16.0,0.95,10.217625169320264,-61.314697265625,122.74303906315161,127.35641407944856
3232100213200,31,373.68323000952364,0.2860376426704263,1.1377577008619337,0.9365795100956268,16.0,16.0,0.95,10.217625169320264,-61.336669921875,123.01774090609585,119.72351368625384
3232100212032,31,514.3312328453118,0.2752558335476408,1.0750634492162063,0.9501362888647084,16.0,16.0,0.95,10.239248626729475,-61.468505859375,123.28466352398137,842.8970318755412
3232100212311,31,422.600755406561,0.15324039196501615,1.1078863686647196,0.9319096087039684,16.0,16.0,0.95,10.217625169320264,-61.35864257812501,123.33854796417059,176.9601841099906
3232100212310,31,442.10842503110115,0.24593611494662804,1.1030707359301346,0.9196619274209948,16.0,16.0,0.95,10.217625169320264,-61.38061523437501,123.70510153936536,217.4038601415764
3232100302311,31,3038.87799220726,0.0232530015016722,0.9397601246115815,1.0735523927275714,16.0,160.0,0.95,10.217625169320264,-61.00708007812501,123.81639540374334,34.307804767769525
3232100212023,31,523.9693829026675,0.160583886895868,1.0505419113501024,0.9550317797613673,16.0,16.0,0.95,10.239248626729475,-61.490478515625,123.88406687463383,701.4575215729241
3232100212301,31,605.7313410930315,0.25452098256612965,1.120888918621022,0.9318259444678638,16.0,16.0,0.95,10.217625169320264,-61.40258789062501,124.1169963221738,201.8027244633324
3232100212300,31,522.6288323253402,0.1839381142201144,1.100811165171443,0.954634649628466,16.0,16.0,0.95,10.217625169320264,-61.424560546875,124.57378255839933,266.52407415950336
3232100213212,31,351.41576415704895,0.20041681700077307,1.1249264307751354,0.9533978841439843,16.0,16.0,0.95,10.196000240876812,-61.292724609375,124.91074906678826,36.1934655044491
3232100212211,31,309.81550896924387,0.3937193110826259,1.0642745177967945,0.9658843162147638,16.0,16.0,0.95,10.217625169320264,-61.44653320312501,125.07496840250731,509.7653450238958
3232100213203,31,426.8745211637213,0.1838406679756006,1.1107210869750206,0.9114376070847207,16.0,16.0,0.95,10.196000240876812,-61.314697265625,125.13468030644867,125.28381966679108
3232100203133,31,1119.9216953616362,0.02187056383758934,1.0634850883840028,0.9557241683642289,16.0,424.0,0.95,10.239248626729475,-61.53442382812499,125.21235081909569,136.6712450951498
3232100213202,31,1999.2331941221375,0.013976839153974518,1.1235905976238216,0.9266912632673364,16.0,16.0,0.95,10.196000240876812,-61.336669921875,125.40416223899591,132.64977553572595
3232100212210,31,623.0312318952032,0.1274641960523436,1.0511629371130067,0.9564547757429701,16.0,16.0,0.95,10.217625169320264,-61.468505859375,125.62002243009904,337.47206102139074
3232100203132,31,1006.2827646886832,0.03297109787028063,1.0936092796467247,0.9870023743573426,16.0,16.0,0.95,10.239248626729475,-61.55639648437499,125.9398658209963,109.09504735910951
3232100212312,31,2303.6117278886,0.004633600591309128,1.0828555748669784,0.9372981595420391,16.0,16.0,0.95,10.196000240876812,-61.380615234375,126.07856048450589,213.92003695197445
3232100302313,31,4761.568686836531,0.002633876287707837,0.9821471912787322,0.9431931533008803,16.0,16.0,0.95,10.196000240876812,-61.007080078125,126.18776872943674,30.801110446311636
3232100212201,31,76672.60677601484,3.824281307962529e-06,1.0937674379410032,0.9205256668500018,16.0,16.0,0.95,10.217625169320264,-61.490478515625,126.20837628128008,252.09571044526805
3232100212303,31,745.5973204266629,0.09877229544409649,1.0890024207919202,0.9245379214886226,16.0,16.0,0.95,10.196000240876812,-61.40258789062501,126.48275466833371,229.03808862896292
3232100212302,31,533.4526232467816,0.27485334750536483,1.086321213876273,0.9415779857014627,16.0,16.0,0.95,10.196000240876812,-61.42456054687501,126.93105904345434,279.55755189212624
3232100212213,31,542.234732856553,0.29428169380757396,1.0587282384616474,0.9609588198072988,16.0,16.0,0.95,10.196000240876812,-61.446533203125,127.42300803807899,540.9056460371287
3232100203311,31,823.020605742643,0.04256708944900822,1.1191894623769583,0.9806276811974999,16.0,16.0,0.95,10.217625169320264,-61.534423828125,127.51254188587555,373.3289038380633
3232100213221,31,783.9307739409882,0.16639512072716145,1.1473621067415178,0.9010695789994638,16.0,16.0,0.95,10.174373844379769,-61.314697265625,127.52697060808508,43.77313692078911
3232100213220,31,829.0006364119565,0.06492623755284677,1.1661787831852373,0.9173950077645026,16.0,16.0,0.95,10.174373844379769,-61.33666992187499,127.79142643449269,69.5722090585551
3232100212212,31,3354.5493996698146,0.007999721266530924,1.0731358334480172,0.9507960611222772,16.0,16.0,0.95,10.196000240876812,-61.468505859375,127.95809826105966,319.1508358398139
3232100212331,31,1038.6616000181982,0.04587693573586793,1.1598939897734724,0.9765600170222368,16.0,16.0,0.95,10.174373844379769,-61.358642578125,128.1003225055467,142.3042235655667
3232100203310,31,765.8870083809198,0.07192127473370791,1.1294273539629287,0.9628120099765421,16.0,16.0,0.95,10.217625169320264,-61.55639648437499,128.22705729649945,325.5985167819804
3232100212330,31,682.1307570750538,0.0956942088070406,1.1100950789042663,0.9349292169860041,16.0,16.0,0.95,10.174373844379769,-61.380615234375,128.45333821921227,188.4486602058521
3232100212203,31,373.9684371065051,0.3098656050592481,1.1157267263539585,0.9530399234752318,16.0,16.0,0.95,10.196000240876812,-61.490478515625,128.5357909243059,212.8728242713289
3232100203301,31,441.57392997705597,0.18748284916811186,1.1077408060063805,0.9671069613189419,16.0,160.0,0.95,10.217625169320264,-61.578369140625,128.9822855977258,239.11086371447587
3232100212202,31,1135.3243698879185,0.06976570309894148,1.123811654875589,0.9361145114703826,16.0,16.0,0.95,10.196000240876812,-61.51245117187499,129.1555143637419,220.85393633312165
3232100212320,31,529.2663380485893,0.26306180125585565,1.110430642123041,0.9299062189670184,16.0,16.0,0.95,10.174373844379769,-61.424560546875,129.2902378307471,356.824668880467
3232100213232,29,4951.150793564398,0.001884514283664207,0.9996022004292576,0.8540988300855955,16.0,136.0,0.95,10.15274598281075,-61.292724609375,129.704183081895,17.11028939932857
3232100212231,31,1810.642379587504,0.043878361804957966,1.0302369254594324,0.9161388433078179,16.0,16.0,0.95,10.174373844379769,-61.44653320312499,129.77327776651723,544.3263071928664
3232100203300,31,745.9867683033698,0.06969532009200097,1.0616495761169344,0.9518208910833624,16.0,16.0,0.95,10.217625169320264,-61.60034179687499,129.77751601290626,150.14789269526028
3232100203313,31,1533.7022050313196,0.027948142580533575,1.103988378814803,0.9500210907659505,16.0,16.0,0.95,10.196000240876812,-61.53442382812499,129.81666663354997,354.9172428270548
3232100213223,31,461.38937601932884,0.17592267520185834,1.0944715718259146,1.008827146313038,16.0,,0.95,10.15274598281075,-61.31469726562499,129.9198828481226,25.071287714555268
3232100212230,31,714.2472640096016,0.1730487831098021,1.0600322080940008,0.9368008671729613,16.0,16.0,0.95,10.174373844379769,-61.46850585937501,130.29875349275545,433.6497176097015
3230322010210,27,254.7856228618482,0.6381036318249516,0.2716821707174587,0.572150802842166,88.0,,0.95,12.458032497762233,-61.468505859375,130.44562174373843,55.31531613118564
3232100203312,31,394.1087238228196,0.21476981724337063,1.0748590243772542,0.9544399835013136,16.0,16.0,0.95,10.196000240876812,-61.55639648437499,130.51861814894596,264.4843025249106
3232100302332,31,734.7039370904594,0.06241176579629104,0.9600206672035955,1.1151154556408582,16.0,64.0,0.95,10.15274598281075,-61.02905273437499,130.5758878810803,56.33176555495654
3232100203211,31,3708.2823475059836,0.005916825115514057,0.9659625351916253,0.9199791833176846,16.0,16.0,0.95,10.217625169320264,-61.62231445312501,130.61201788221624,141.664856028293
3232100212332,31,222.46528213441744,0.343129910760118,1.1269208113254938,0.9605965526474621,16.0,16.0,0.95,10.15274598281075,-61.380615234375,130.82937160239197,90.41817884603778
3232100212221,31,347.76336936381506,0.37206073570219733,1.1051751285585163,0.9636563377081488,16.0,16.0,0.95,10.174373844379769,-61.490478515625,130.8661538218828,270.77911439319047
3232100302333,31,732.6769511548168,0.09167252263637904,0.6072990559374948,0.9927657744511342,16.0,40.0,0.95,10.15274598281075,-61.007080078125,130.9346321942071,40.424786799422144
3230322010201,30,379.2166229279413,0.14000059308439283,0.310801372133865,0.5490299846632867,40.0,136.0,0.95,12.458032497762233,-61.490478515625,131.00789259973584,52.77096276834865
3232100212323,31,1162.7967812757945,0.07185023813548597,1.1567413603131946,0.9475109107364565,16.0,16.0,0.95,10.15274598281075,-61.40258789062499,131.21898731487653,221.81908002144303
3232100203303,31,1032.2180975999443,0.05099464588157521,1.1060020391092844,0.9330491790957405,16.0,16.0,0.95,10.196000240876812,-61.578369140625,131.26071435360555,153.97558755753616
3232100303222,31,508.13109977674594,0.3337696799892669,0.5422420108982237,0.9268416299761552,16.0,40.0,0.95,10.15274598281075,-60.985107421875,131.33627696067532,29.66240288555188
3232100212220,31,404.42343806980995,0.15543137452827627,1.1076901673540438,0.9478840889727806,16.0,16.0,0.95,10.174373844379769,-61.512451171875,131.47493595590245,272.6224145203382
3232100212322,31,5824.542391337713,0.0006589478761347412,1.1213832237943036,0.93583981652259,16.0,16.0,0.95,10.15274598281075,-61.42456054687501,131.65122527263264,231.4768849823151
3230322010122,14,135.78788260738781,0.6367994142215678,0.35971992808637465,0.51306579054141,304.0,,0.95,12.479486903678255,-61.424560546875,131.78843611146985,28.395227547733956
3232100203302,31,998.9431970358219,0.1342675063712524,1.1240018780936742,0.9362058557127114,16.0,16.0,0.95,10.196000240876812,-61.60034179687499,132.04227838906726,78.10183991424904
3232100231010,31,3707.186535062444,0.005085325706974841,0.9577036493673168,0.8867932252996015,16.0,40.0,0.95,10.13111665915246,-61.292724609375,132.10158546607488,54.32652191665375
3232100203331,31,619.8928430737848,0.21177968958127635,1.0660536838974948,0.9347000848769337,16.0,16.0,0.95,10.174373844379769,-61.534423828125,132.12452787570143,283.3358804428969
3232100212233,31,4708.932744933817,0.0018317722968237415,1.111970734816106,0.9517255083714754,16.0,16.0,0.95,10.15274598281075,-61.446533203125,132.1256671689039,313.1772931496456
3230322010033,28,184.13061134276094,0.8047790946142224,0.1587297797723374,0.6673507936582976,88.0,,0.95,12.479486903678255,-61.44653320312499,132.25855625146244,86.42076828467344
3232100231000,31,3769.628814744041,0.00824771780132294,1.198643953936941,0.9397662847727365,16.0,16.0,0.95,10.13111665915246,-61.33666992187501,132.5683354765576,14.410431672684632
3232100212232,31,1244.890660278078,0.044498999782431437,1.101313803047202,0.9657432024210937,16.0,16.0,0.95,10.15274598281075,-61.46850585937499,132.64186012880904,336.4502368817912
3230322010032,28,182.62486019848416,0.541704373305028,0.16624209166397905,0.5498855158348321,88.0,,0.95,12.479486903678255,-61.468505859375,132.7700664725903,90.9307864000006
3232100203330,31,392.33689188506787,0.25364984636876464,1.0963600338738704,0.9442794455385204,16.0,16.0,0.95,10.174373844379769,-61.556396484375,132.8143307800863,221.9161233974399
3232100203213,31,744.062112925965,0.04476372121257932,0.9837068184042495,0.9132864240403477,16.0,16.0,0.95,10.196000240876812,-61.622314453125,132.86261374490456,78.14121239119112
3232100212223,31,1074.5670265941706,0.029077038733262395,1.0791973568715105,0.9473510479131734,16.0,16.0,0.95,10.15274598281075,-61.490478515625,133.19931875162075,236.9297258873669
3232100230110,31,26738.377961341594,3.202212028208251e-05,1.1129952620131347,0.8961706065567003,16.0,160.0,0.95,10.13111665915246,-61.380615234375,133.20660193780284,58.71062891022714
3232100320111,31,3631.539627156838,0.005425770793718088,0.6960778828290405,1.3223679395449675,16.0,40.0,0.95,10.13111665915246,-61.007080078125,133.30999274435518,17.733608142135864
3230322010023,26,327.0228869007619,0.318650598255413,0.2956882778500992,0.42040841318254296,136.0,,0.95,12.479486903678255,-61.49047851562501,133.3224903761693,48.08770016858335
3232100230101,31,655.9256872102314,0.10560463960232946,1.116677755448775,0.92644307926574,16.0,160.0,0.95,10.13111665915246,-61.40258789062501,133.58931138315265,107.92659891715648
3232100203212,31,725.9206457412464,0.0853384791654378,0.9649607558322952,0.8930565340847203,16.0,16.0,0.95,10.196000240876812,-61.644287109375,133.72100687012707,83.6076377398805
3232100212222,31,323.5290780027291,0.41781834733047896,1.0534261104122726,0.9549036693009622,16.0,16.0,0.95,10.15274598281075,-61.51245117187501,133.79752724347225,306.0650001504987
3232100230100,31,1172.6620793289142,0.04109011280386499,1.0953188442538062,0.9422847758724289,16.0,,0.95,10.13111665915246,-61.424560546875,134.01393422166328,209.7694907682429
3232100231013,31,836.7270496684359,0.12443004411947023,1.0094102971745027,0.900659356117438,16.0,,0.95,10.10948587638864,-61.270751953125,134.33395749633334,25.919095324167664
3232100203333,31,254.73308380188791,0.45992164333305774,1.0625520644709063,0.9173236073909262,16.0,16.0,0.95,10.15274598281075,-61.534423828125,134.43594162027745,136.60822245348643
3232100230011,31,2610.26035990505,0.009488569894962162,1.1132366974336825,0.9438555598922106,16.0,16.0,0.95,10.13111665915246,-61.446533203125,134.48007342527686,223.8945317964539
3232100231012,31,865.4453247354554,0.02064691658962614,1.152933031682297,0.861894462500545,16.0,16.0,0.95,10.10948587638864,-61.29272460937499,134.49942338727666,51.75739591237046
3230322010031,28,240.25827043062537,0.4522957607719923,0.3237625420739977,0.5261763900319538,88.0,,0.95,12.50093953175215,-61.446533203125,134.59382265316341,61.24030038436632
3232100230010,31,1159.7894617795555,0.06376686191197656,1.109115172789182,0.9686175268859338,16.0,16.0,0.95,10.13111665915246,-61.468505859375,134.98729889840007,131.80063034650155
3232100203332,31,2167.265475428437,0.004410040803523363,1.044266186192346,0.9334049176099881,16.0,16.0,0.95,10.15274598281075,-61.55639648437499,135.11399196090304,75.9938002708925
3232100203231,31,1439.309850600976,0.020350691941561028,1.0626775182950874,0.8433175794429171,16.0,16.0,0.95,10.174373844379769,-61.622314453125,135.1186675037123,53.54148987646552
3232100230001,31,292.89461081340346,0.22519378027443349,1.1507150747681854,0.9810895622277392,16.0,16.0,0.95,10.13111665915246,-61.49047851562499,135.5351493566402,129.8917393644998
3232100230103,31,472.7442214252728,0.10503912985153263,1.1508270603313289,0.9343360554722473,16.0,,0.95,10.10948587638864,-61.402587890625,135.96101573360403,51.11470517342586
3232100203230,31,973.4952183527556,0.04784205674072817,1.0055709903511498,0.8762686199063034,16.0,16.0,0.95,10.174373844379769,-61.64428710937499,135.9628770727389,170.10850677082368
3232100230102,31,389.16657833290043,0.4054624513385603,1.1992593866367904,0.952796626018276,16.0,16.0,0.95,10.10948587638864,-61.42456054687501,136.37828347921956,97.86901071428028
3232100202313,30,283.75339448875025,0.4544200047576996,0.8674658127225944,0.9556789317408498,16.0,16.0,0.95,10.196000240876812,-61.71020507812501,136.51719487934895,66.52196530841515
3232100231031,31,2962.9668257689405,0.007176327328604848,0.9954086005392193,0.8940694677225849,16.0,,0.95,10.087853637504049,-61.27075195312501,136.73510712790315,53.48282537593535
3232100230013,31,781.8780669034606,0.07060851094092191,1.2128473397946835,0.9865294685803307,16.0,16.0,0.95,10.10948587638864,-61.44653320312499,136.83640067701415,127.71061514559015
3232100203221,31,8018.949802489998,0.001238747495364012,0.9259781924012336,0.8815668198535467,16.0,16.0,0.95,10.174373844379769,-61.66625976562501,136.84398811409267,242.69925164187617
3232100231030,31,438.37538038526236,0.18730857632604536,1.0202368523561216,0.8764756844975987,16.0,,0.95,10.087853637504049,-61.292724609375,136.89768218029383,32.4753227545117
3232100231021,31,1455.9540016450305,0.01127904551437553,1.0720804116210636,0.7785272777601786,16.0,16.0,0.95,10.087853637504049,-61.314697265625,137.10210793396854,28.4752211555136
3232100230012,31,1045.536091785487,0.05104078026756076,1.2129078639294886,1.0046291694677738,16.0,16.0,0.95,10.10948587638864,-61.468505859375,137.3349585327174,103.5999923808596
3232100231020,31,675.5704616610269,0.18571151161032884,1.0554686378290976,0.8401839281721362,16.0,16.0,0.95,10.087853637504049,-61.33666992187501,137.34819751928836,18.337779878712432
3232100221110,31,793.0045044057939,0.09660906419263993,1.042119722269084,0.9388288819649725,16.0,16.0,0.95,10.13111665915246,-61.55639648437499,137.41741169132192,73.20721977839361
3232100230003,31,3965.323955651563,0.0023074020244492344,1.1723136152688918,0.9307752204572012,16.0,16.0,0.95,10.10948587638864,-61.490478515625,137.87351833790294,87.8184349962258
3232100221101,27,776.8448721391794,0.10911851881942602,1.082850068593388,1.1689212816752375,16.0,160.0,0.95,10.13111665915246,-61.578369140625,138.12259555314574,32.8448835800005
3232100203232,31,895.6112779637182,0.025323590020872255,1.0190570762265367,0.880687470729578,16.0,16.0,0.95,10.15274598281075,-61.64428710937501,138.21037484707892,75.49313328703994
3232100202331,31,253.55481227168056,0.4144839607647792,0.9482171764926841,0.8933122125809978,16.0,16.0,0.95,10.174373844379769,-61.710205078125,138.71407239932614,148.68519654389482
3232100203223,31,610.9440402361496,0.15575366101805055,1.0350129998139115,0.9079198526054881,16.0,16.0,0.95,10.15274598281075,-61.666259765625,139.07730847111682,232.569361516223
3232100221112,31,913.3459586451506,0.2150059004720879,1.0417814321933907,0.9460836225701856,16.0,16.0,0.95,10.10948587638864,-61.55639648437499,139.7244121640435,148.38217972124065
3232100203222,31,723.4691472934088,0.31023170144215795,1.0620455866879492,0.8899653974692936,16.0,16.0,0.95,10.15274598281075,-61.688232421875,139.98004165847803,400.6607250444127
3232100221103,31,720.9697612801078,0.026143648204929648,1.1306878822987703,0.9259816234464405,16.0,16.0,0.95,10.10948587638864,-61.57836914062501,140.4180591132799,89.26985190739269
3232100202333,31,709.9100384218743,0.236475264646684,1.14416360574669,0.9067300661213624,16.0,16.0,0.95,10.15274598281075,-61.71020507812499,140.91788640020596,306.3125769947964
3232100221000,31,436.53647532498474,0.3793837562031591,1.1293581622485434,0.9102623342622955,16.0,16.0,0.95,10.13111665915246,-61.688232421875,142.20499331735007,109.82676009417492
3232100221121,31,426.4817453582026,0.23510892606311307,1.104501406779413,0.9538404768477349,16.0,16.0,0.95,10.087853637504049,-61.578369140625,142.71729253161197,86.02812078887916
3232100220111,31,817.6777210200613,0.2341939608308119,1.195924954455674,0.9020236142620788,16.0,16.0,0.95,10.13111665915246,-61.71020507812499,143.12832437589552,97.23273713146752
3232100221120,31,296.32053261432924,0.5053309271610215,1.2041649969488237,0.9073004147180644,16.0,16.0,0.95,10.087853637504049,-61.600341796875,143.43669643809238,120.30406952605934
3230320232320,14,1169.3241757499702,0.05454643366164458,0.21776040769484722,0.3296798943633767,328.0,,0.95,12.586732208447891,-61.42456054687501,143.51774242735885,44.60480152846912
3232100220110,31,637.1465470078901,0.10471748973600659,1.209045778479678,0.9435158003163862,16.0,16.0,0.95,10.13111665915246,-61.73217773437501,144.08573653629472,54.1352487616028
3232100221031,31,832.9697348011456,0.0932382594966964,1.0195593561028513,0.9446972561668403,16.0,,0.95,10.087853637504049,-61.622314453125,144.19248566356418,75.88977859609989
3232100221002,31,391.03476875892346,0.16113857268147425,1.334232107518612,0.8889970253146121,16.0,16.0,0.95,10.10948587638864,-61.68823242187499,144.43586871686657,45.25523624978701
3232100221030,31,5518.35723703372,0.00026975155255559713,1.083628076384008,0.8969260762121557,16.0,16.0,0.95,10.087853637504049,-61.644287109375,144.98409118500498,43.59363243410581
3232100202233,29,1158.8585270266278,0.05457776999319208,1.1513622791358769,1.0426236418992012,16.0,472.0,0.95,10.15274598281075,-61.79809570312501,145.00637363726972,18.627524561318587
3232100220101,31,465.27479892983075,0.29542296445193805,1.309516166670646,0.9299271354811727,16.0,,0.95,10.13111665915246,-61.754150390625,145.0765550550856,32.02826370592636
3232100221122,22,1963.0841323080715,0.014350228951600097,1.1969920770375848,1.2347376105762478,40.0,40.0,0.95,10.066219945484471,-61.60034179687501,145.7282097112909,30.91449449915208
3232100221021,31,930.9877965925723,0.09259870485346988,1.2468907464134582,0.8557735511631571,16.0,16.0,0.95,10.087853637504049,-61.666259765625,145.81092966107246,24.54281131444335
3230320232302,20,255.35138286617547,0.37040264843331905,0.25027925564939824,0.4485691503371577,184.0,,0.95,12.608175904438006,-61.424560546875,145.86682603105652,33.59610498970298
3232100220112,31,1686.127587628689,0.02561856747029201,1.243778568306227,0.8758029756085779,16.0,16.0,0.95,10.10948587638864,-61.732177734375,146.28806246348776,19.09364560124031
3232100221033,26,411.5923676799164,0.24668578366694083,1.7118922963044603,1.0630017602496236,16.0,16.0,0.95,10.066219945484471,-61.622314453125,146.47222713311183,27.04734659835973
3232100221020,31,464.821016127337,0.12134223062940264,1.373929916196971,0.9025387175093668,16.0,16.0,0.95,10.087853637504049,-61.688232421875,146.67240523108126,20.18502692535996
3232100220102,31,65911.47527470166,1.3809145387067012e-05,1.149508933278666,0.9803009902851777,16.0,640.0,0.95,10.10948587638864,-61.776123046875,148.2726474099021,19.69863222865057
3232100220013,31,439.9339400826629,0.17509184298494096,1.1932390569325875,1.0667455607480323,16.0,640.0,0.95,10.10948587638864,-61.798095703125,149.31295064497476,37.981753313893975
3232100220012,31,2544.796959716073,0.0051080673403408605,1.059544647810469,0.9452237492260985,16.0,160.0,0.95,10.10948587638864,-61.820068359375,150.38438220762546,17.08436604937077
3232100220021,31,3790.465469831848,0.0021731191092879687,1.0289298868649637,0.8874458254600588,16.0,160.0,0.95,10.087853637504049,-61.84204101562499,153.6206811478029,38.85132036784098
3230320233002,20,84.29115999893983,0.749441381356119,0.1420815806202218,0.4298349204356971,280.0,,0.95,12.693932710053277,-61.336669921875,154.03722200145114,96.62481819174891
3230320232113,19,349.7079789071064,0.17863228479894955,0.4446443779805031,0.5117579753696296,160.0,,0.95,12.693932710053277,-61.358642578125,154.29132208718616,22.662214186831648
3232100220020,31,412.5096356660839,0.13210536606885004,1.0484277261583663,0.8595892033723684,16.0,304.0,0.95,10.087853637504049,-61.864013671875,154.73685649873008,84.9641639777154
3232011331131,31,1105.7376493381173,0.1423606155158883,1.0932935381087852,0.93919602510136,16.0,,0.95,10.087853637504049,-61.885986328125,155.88201488322008,61.16170238926276
3230320233001,17,235.2551140526312,0.3735423561183442,0.39198697587161835,0.5335625743179928,352.0,568.0,0.95,12.715367402618044,-61.31469726562501,156.19506997979195,25.224702130447337
3230320233000,17,179.17139563733093,0.7385890000591573,0.34224816193913893,0.6689240271428329,280.0,,0.95,12.715367402618044,-61.33666992187499,156.4091395758064,25.41705622345693
3232011331310,31,3958.614242376539,0.0013150200795591926,1.1695698980544822,0.879225718012901,16.0,328.0,0.95,10.044584803316733,-61.907958984375,161.25717801796483,36.08634373811146
3230320231113,31,260.44751795324714,0.3782462914232798,0.1713519845242296,1.048165527447717,16.0,112.0,0.95,12.865359432767718,-61.182861328125,172.35428567163066,28.30129032123832
3230320231111,31,220.60391435356922,0.3353053625509037,0.31955324751473974,1.0639041662628017,16.0,64.0,0.95,12.886779571851196,-61.18286132812499,174.73600328997028,71.12335313970564
3230320320000,27,303.40376534238857,0.33189472280473287,0.4970694051466694,1.0624070737339442,40.0,64.0,0.95,12.886779571851196,-61.160888671875,174.77325154431395,14.96369902377014
3230320213123,31,153.0284852537352,0.7679419398940126,0.2640192107339821,0.7840565998288234,16.0,376.0,0.95,12.993852731068172,-61.226806640625,186.66353029079895,64.37685797750156
3230320213122,31,181.30542903627259,0.7230645225483872,0.21756827156649675,0.6926960553760851,16.0,,0.95,12.993852731068172,-61.24877929687499,186.72034288948166,137.0441920115876
3230320213033,27,144.96843965784532,0.7895372006400765,0.22943899161611597,0.6202244402509534,16.0,,0.95,12.993852731068172,-61.27075195312499,186.8076767060807,49.47387036232592
3230320213121,31,325.49521098686165,0.6536722340591492,0.26057602463158824,0.9649654621059959,16.0,232.0,0.95,13.015261835836649,-61.226806640625,189.0437562398291,113.2194800612877
3230320213120,31,211.78422064653475,0.43796754731823295,0.24646499862212704,0.7288038309841705,16.0,256.0,0.95,13.015261835836649,-61.24877929687501,189.09984909765996,73.34558091995234
3230320213103,13,235.64239770442214,0.9086092561742038,0.39068328453609685,0.996084429890379,40.0,376.0,0.95,13.03666909164116,-61.226806640625,191.42378552141597,26.087277052620944
3230320211312,31,227.82919843614656,0.35627173429440695,0.40614397560964516,0.9529456369787097,16.0,64.0,0.95,13.122279568669557,-61.204833984375,200.9175383887514,217.12910894681067
3230320211313,31,826.2962334223041,0.03795897387468239,0.3857496472690354,0.9841199984720946,16.0,136.0,0.95,13.122279568669557,-61.182861328125,200.92152937336144,243.9860202771692
3230320300202,31,223.06003567719017,0.7193924561136807,0.37590277381951365,0.9559932498107552,16.0,160.0,0.95,13.122279568669557,-61.160888671875,200.95389458386023,112.38065412818634
3230320211310,31,176.18519960598067,0.7608951285423009,0.36231203312830884,0.9729192723161586,16.0,64.0,0.95,13.14367753725299,-61.204833984375,203.29686233992282,626.4370198074736
3230320211311,31,386.5255837517119,0.2578564559456886,0.3456287175547133,1.0133071956308253,16.0,160.0,0.95,13.14367753725299,-61.182861328125,203.30080628809907,426.4163222351916
3230320211301,31,290.26946179601373,0.49305826465184643,0.30360490981414395,0.9895768600172711,16.0,64.0,0.95,13.14367753725299,-61.226806640625,203.32095990763844,531.3000391684914
3230320300200,31,346.0640696689807,0.326754453970436,0.35661939108819013,0.9917808532194952,16.0,328.0,0.95,13.14367753725299,-61.160888671875,203.3327901204177,280.68320686982054
3230320300201,28,211.23470184434015,0.6576812772015865,0.34849054224108,0.9246601733939115,16.0,328.0,0.95,13.14367753725299,-61.13891601562501,203.39280060872278,74.90089359838659
3230320211132,31,250.16373923524515,0.6430394192203353,0.3138450592804242,0.9810634335921352,16.0,376.0,0.95,13.165073639920948,-61.204833984375,205.6759793120662,430.4233455205343
3230320211133,31,255.77227513626724,0.49911152855819396,0.34425745062666346,0.9296582601323201,16.0,,0.95,13.165073639920948,-61.18286132812501,205.67987731562633,298.5309619760448
3230320211123,31,153.23567847418244,0.4117037229372411,0.2784149895393069,0.9580544142520506,16.0,88.0,0.95,13.165073639920948,-61.22680664062499,205.69979618490632,845.7840194370622
3230320300022,31,328.984616248128,0.26405981869020534,0.32444841716662626,0.9867720911012807,16.0,160.0,0.95,13.165073639920948,-61.160888671875,205.71148862006282,258.9706473828376
3230320211122,31,168.01135201209706,0.6468318025206719,0.30766878008579146,0.9563639134174335,16.0,232.0,0.95,13.165073639920948,-61.248779296875,205.75131830953075,451.1753685712915
3230320300023,31,236.71675452138876,0.4386098210026338,0.34171657614700746,0.9342011150892677,16.0,,0.95,13.165073639920948,-61.13891601562499,205.7708004528944,91.5721064616623
3230320211130,30,353.4435020441717,0.19398988724616595,0.3201477203843085,0.9737219193974984,16.0,376.0,0.95,13.186467873852685,-61.204833984375,208.0548889742715,168.88066884745191
3230320211131,31,306.925605145032,0.3922320297503554,0.3951430362012873,0.9317987135968279,16.0,,0.95,13.186467873852685,-61.18286132812501,208.05874208744888,169.96422324739677
3230320211121,30,160.20321633377955,0.5511289909854356,0.32287158467773214,0.96433106573524,16.0,232.0,0.95,13.186467873852685,-61.22680664062501,208.0784315920643,223.848590540058
3230320300020,31,232.46211670263338,0.4309296556678547,0.4009038419643136,0.9270415319783204,16.0,304.0,0.95,13.186467873852685,-61.16088867187499,208.0899894097458,210.51115196389924
3230320211120,31,175.8496348106953,0.7766293310176355,0.42294094323926346,0.9559710992993977,16.0,,0.95,13.186467873852685,-61.248779296875,208.1293606440414,338.71579181436925
3230320300021,31,323.5320131956375,0.3401522159593705,0.4158991866980928,0.8971807285252029,16.0,,0.95,13.186467873852685,-61.138916015625,208.14861860367935,134.262320142229
3230320211031,31,369.41737448095097,0.34825792130421307,0.5400264977660414,0.8720755101190681,16.0,232.0,0.95,13.186467873852685,-61.27075195312501,208.2076560331254,193.7509820276996
3230320211113,31,318.2816832556832,0.11286699281216894,0.4614643583176883,0.9775828484889192,16.0,496.0,0.95,13.207860236228724,-61.18286132812501,210.43740023770138,94.62694044982436
3230320211103,31,160.724574920739,0.5602328413131005,0.41896278605551257,0.9471540650824105,16.0,,0.95,13.207860236228724,-61.226806640625,210.45686557999935,138.23016886626274
3230320300002,31,315.2551038455952,0.16223640333306855,0.4620110728436607,0.9900771548588737,16.0,160.0,0.95,13.207860236228724,-61.160888671875,210.46829183286,149.03528750296158
3230320211102,31,276.8909365168816,0.5231041323719872,0.47112646486731985,0.9893405287085292,16.0,328.0,0.95,13.207860236228724,-61.24877929687501,210.50721500437535,136.10941859231988
3230320300003,31,516.6635902209333,0.17780015697924467,0.42374352347146044,0.9771796309327231,16.0,328.0,0.95,13.207860236228724,-61.138916015625,210.5262538600262,156.86902350737134
3230320211013,31,189.8732788240327,0.7649874432726642,0.5338163873536825,0.9878791309705106,16.0,160.0,0.95,13.207860236228724,-61.27075195312501,210.58461984908774,185.88899601523948
3230320300000,30,564.2314642332485,0.09464255875600869,0.41195701312237365,0.9546026563308062,16.0,160.0,0.95,13.22925072423088,-61.16088867187499,212.8463952483309,62.90169283757261
3230320300001,31,445.2591155651724,0.29602568760792636,0.3565595236339735,0.9552979935159864,16.0,160.0,0.95,13.22925072423088,-61.138916015625,212.90370506080774,130.02184080691836
3230320211011,31,192.5664465483193,0.5210003286146574,0.5220132282149856,0.9614802844096498,16.0,328.0,0.95,13.22925072423088,-61.27075195312501,212.96141464501767,192.8460896890861
3230320300010,31,420.96339120108325,0.22829738660267396,0.3079811210336084,1.005315534556518,16.0,136.0,0.95,13.22925072423088,-61.11694335937501,212.9877592338549,83.14365569752374
3230320033322,31,152.79296925545674,0.6608188877762375,0.41715845662549006,0.9441705495548631,16.0,304.0,0.95,13.250639335042289,-61.248779296875,215.26235587088382,74.84308888498563
3230320122223,31,274.42468796461384,0.48177594111581157,0.32528269927504844,0.9702749372801702,16.0,136.0,0.95,13.250639335042289,-61.138916015625,215.2809710826216,131.74570994265358
3230320033233,31,154.07612813985924,0.6610912530526408,0.40631959795978306,0.968529389106501,16.0,160.0,0.95,13.250639335042289,-61.270751953125,215.33803879826485,121.14098526351827
3230320122232,31,520.7200413311986,0.11373695200559786,0.31663150969759224,0.9981704576784898,16.0,136.0,0.95,13.250639335042289,-61.11694335937501,215.36409048557556,130.9973891458106
3230320033321,28,8349.642568525129,0.0012406169249268295,0.850882027650525,0.9520973609538614,88.0,304.0,0.95,13.272026065847342,-61.226806640625,217.59095369455426,33.57031319738045
3230320033320,31,203.41694774041954,0.40155714447749535,0.3260158001314294,0.8636286675897777,16.0,328.0,0.95,13.272026065847342,-61.248779296875,217.63964048500577,94.49690781255356
3230320033231,27,2343.2620976945523,0.005216147911546121,0.35135868293548206,0.8841734196547824,16.0,160.0,0.95,13.272026065847342,-61.270751953125,217.71449074368618,39.82695166172002
3230320122230,31,233.10872637692884,0.35740194265900904,0.31360376880722707,0.9375094366135637,16.0,160.0,0.95,13.272026065847342,-61.116943359375,217.74025594123785,148.54668186398973
3230320033303,30,276.1184951669855,0.35724382540711597,0.17172390410609978,0.81656453041049,16.0,136.0,0.95,13.293410913831742,-61.226806640625,219.96857672016347,53.14221704446354
3230320033302,31,273.1276254063997,0.4090816614033471,0.20831303867420067,0.8615169287473907,16.0,160.0,0.95,13.293410913831742,-61.248779296875,220.0167333376604,110.06531892710962
3230320122203,31,211.32728035351457,0.5323022788645522,0.3540712272813676,0.9480746621964071,16.0,328.0,0.95,13.293410913831742,-61.13891601562501,220.03494327210683,62.07561425949921
3230320122212,31,183.4737546366177,0.5592549735692938,0.3715123505584386,0.9012561655828082,16.0,,0.95,13.293410913831742,-61.116943359375,220.11625388196225,179.21484186868557
3230320122210,30,198.23598514077278,0.4413063070862623,0.2936719104734054,0.888424958012184,16.0,,0.95,13.314793876182502,-61.116943359375,222.49208264927537,65.16995024543606
3230320122023,24,519.9631668487212,0.07957569103093087,0.37228467238586194,0.822303606739414,184.0,,0.95,13.336174950087928,-61.138916015625,224.78816212070174,33.35285878394527
3230320122032,26,190.40553254853566,0.34894148048647977,0.24136601316112147,0.9028724830803955,16.0,544.0,0.95,13.336174950087928,-61.116943359375,224.867740641915,71.50686928402082
3230320122021,26,202.8316632765549,0.44307017494567424,0.15186291822513714,0.8764119005008171,16.0,,0.95,13.357554132737604,-61.13891601562499,227.1644865799457,75.52257200279652
3230320122003,27,236.8388338302684,0.3993815434218524,0.23301525643488122,0.9277075556800003,16.0,,0.95,13.378931421322436,-61.138916015625,229.54061980547874,56.98131652143714
3230321303000,31,743.4428226523148,0.10473593066079179,0.941800059620557,0.8052581700664523,16.0,16.0,0.95,13.058074495653235,-59.57885742187499,261.6791171300941,407.61868957064735
3230321300333,31,3177.672229259439,0.006608979889618727,0.9357033808018972,0.9014468370068687,16.0,16.0,0.95,13.079478045045704,-59.600830078125,261.8535148339239,931.4690508586872
3230321303012,31,228.034268369124,0.36949949068090193,1.0711573925814648,0.8836776428467892,16.0,16.0,0.95,13.03666909164116,-59.53491210937499,263.18161163013474,159.430292186711
3230321303001,31,359.1710325531183,0.25434067916809244,0.9733773490306271,0.8412213711878169,16.0,16.0,0.95,13.058074495653235,-59.556884765625,263.28994505726513,613.9351082990939
3230321300331,31,308.18765257074955,0.14701248744917583,0.8392966893196809,0.9266294764337298,16.0,16.0,0.95,13.10087973699268,-59.600830078125,263.6361870546217,884.5017816872986
3230321303013,31,881.0004150789645,0.023044885762889322,1.1392228797468404,0.8998732435313644,16.0,16.0,0.95,13.03666909164116,-59.512939453125,264.8265070042067,113.25028325041328
3230321303010,31,464.12399531503144,0.07624911186354555,1.087589487702163,0.8906268321644363,16.0,16.0,0.95,13.058074495653235,-59.53491210937501,264.9125056975991,443.90365899092507
3230321301223,31,2504.6128757652937,0.005870571563777793,1.096529003747436,0.9266936299023609,16.0,16.0,0.95,13.079478045045704,-59.556884765625,265.0414833874919,580.8304822749967
3230321301220,31,1115.30195478924,0.05956223436845709,0.8708421183988148,0.9571322060568696,16.0,16.0,0.95,13.10087973699268,-59.578857421875,265.21336666458217,652.4553544065667
3230321300313,31,2585.436553868553,0.0012340678375716285,1.0209551129433072,0.9502615276856775,16.0,16.0,0.95,13.122279568669557,-59.600830078125,265.4280614572018,628.4722049819119
3230321300310,31,342.80073494622786,0.3635850164625186,1.1019806833292691,0.9437618655472502,16.0,16.0,0.95,13.14367753725299,-59.622802734375,265.68545324987673,716.9031263575806
3230321300123,31,1119.8757404982873,0.11261759304187136,0.8793721624518969,0.835735692778236,16.0,16.0,0.95,13.165073639920948,-59.64477539062501,265.9854073498823,257.8787846888314
3230321303011,31,414.6999555165748,0.20371347980047683,1.1869610566692794,0.9240369324386875,16.0,16.0,0.95,13.058074495653235,-59.51293945312501,266.54658477746926,377.28132800724944
3230321301232,31,327.21937913410915,0.21785264861843978,1.1764363585198696,0.9545905510920046,16.0,16.0,0.95,13.079478045045704,-59.534912109375,266.653253052546,431.6542376983037
3230321301221,31,331.5047361043655,0.12492257978934618,1.060986649322139,0.9527494723962955,16.0,16.0,0.95,13.10087973699268,-59.556884765625,266.8025944094708,298.4691133551891
3230321301202,31,498.399588597841,0.31038590748788353,0.8777751671882444,0.9695439141622137,16.0,16.0,0.95,13.122279568669557,-59.57885742187501,266.99452659167633,332.89006355184887
3230321300311,31,1592.5977953749093,0.027551115362377865,0.9401533516057674,0.9798576428689146,16.0,16.0,0.95,13.14367753725299,-59.60083007812501,267.2289471663937,512.547460195549
3230321300132,31,764.7373468690744,0.0456227692953034,1.085937752773245,0.9470567687426393,16.0,16.0,0.95,13.165073639920948,-59.622802734375,267.505733759898,364.8346285564275
3230321300121,31,2581.636808639143,0.011145728375873243,0.6323357158510208,0.7699404513848305,16.0,40.0,0.95,13.186467873852685,-59.644775390625,267.824744338611,251.5369767289456
3230321301233,31,1284.3459844879108,0.03973255976710899,1.0465047847786002,0.940343206723141,16.0,16.0,0.95,13.079478045045704,-59.512939453125,268.27659521410334,348.4286591373732
3230321301230,31,254.46831492460845,0.4801354770466416,1.2113104025049866,0.9583976203215685,16.0,16.0,0.95,13.10087973699268,-59.53491210937501,268.40365626667744,234.96053324746364
3230321301203,31,235.08436033158736,0.9185993001415771,1.0589918676118084,0.9573812093135365,16.0,16.0,0.95,13.122279568669557,-59.55688476562501,268.57308408740545,193.54566796955243
3230320103003,31,1905.3940230673595,0.009188240110611368,0.6182877962653319,0.9483295718383328,16.0,40.0,0.95,13.720708158709693,-60.963134765625,268.65919748626584,142.24816237984567
3230321301200,31,799.9823978722596,0.16633583861511803,0.9319526804902692,0.9569536556616153,16.0,16.0,0.95,13.14367753725299,-59.57885742187499,268.7847879637022,245.2190101591869
3230320103012,31,208.4194096115675,0.252116349515783,0.3550150004369261,0.9707557207923789,16.0,40.0,0.95,13.720708158709693,-60.941162109375,268.89496394590856,137.09130507733647
3230321300133,31,639.4954827144501,0.05075815536882933,1.0855032751747797,0.9505464423018327,16.0,16.0,0.95,13.165073639920948,-59.60083007812499,269.0386574887134,265.3924696204551
3230321300130,31,3066.9820717121897,0.005170126967385946,0.9204354229110424,0.8787405585319855,16.0,16.0,0.95,13.186467873852685,-59.62280273437501,269.3345628117641,168.19297919845928
3230321300103,31,719.1047625867142,0.0816327932575659,0.7294128672650816,0.8760393543746297,16.0,40.0,0.95,13.207860236228724,-59.64477539062501,269.6723549325723,188.63544019356905
3230321301322,31,1405.2866732971056,0.021993976469425025,0.5931119241509092,0.9157909911076181,16.0,,0.95,13.079478045045704,-59.490966796875,269.91130105839727,377.914683943356
3230321301231,31,273.8062961975683,0.45503820742508205,1.1086290491701662,0.9739341451813982,16.0,16.0,0.95,13.10087973699268,-59.51293945312499,270.01634171473967,173.78426701478406
3230321301212,31,1540.6632294373503,0.02292173479777948,1.3059018301844336,0.9264569453023135,16.0,16.0,0.95,13.122279568669557,-59.53491210937499,270.1635219682234,154.85665399924974
3230321301201,31,295.4879236473106,0.24157562568044133,1.2534826188372397,0.9645213313515983,16.0,16.0,0.95,13.14367753725299,-59.55688476562501,270.3527624681916,218.90902590281613
3230321301022,31,191.19210524423988,0.7081590058290577,1.093150962101856,0.9584247774728626,16.0,16.0,0.95,13.165073639920948,-59.578857421875,270.5839644257624,146.18843834375352
3230320102111,31,417.17754502866325,0.30560027191440153,1.046333541915777,0.9101642858876354,16.0,16.0,0.95,13.742052819669835,-61.007080078125,270.61706130444696,56.81337110943587
3230320103000,31,451.96829228759884,0.2640270344252136,1.0008618592862373,0.9529662610279569,16.0,16.0,0.95,13.742052819669835,-60.985107421875,270.8091024300726,161.99960186350177
3230321300131,31,288.4988772475693,0.227006908095865,1.1190228669447784,0.905126475304681,16.0,16.0,0.95,13.186467873852685,-59.600830078125,270.85700983492865,151.8392922704795
3230320103001,31,1413.638195810742,0.021633089349878065,0.5644375020148733,0.9773413741147398,16.0,40.0,0.95,13.742052819669835,-60.96313476562499,271.02199392060174,223.15060231315604
3230320103010,31,871.8097355977915,0.05396045599739774,0.31735897155222875,0.9963968836329404,16.0,40.0,0.95,13.742052819669835,-60.941162109375,271.25568668215425,279.4207889470734
3230321300101,31,696.3394438330453,0.028569733174438228,0.9298397531022552,0.8968288108336677,16.0,16.0,0.95,13.22925072423088,-59.644775390625,271.52806452561066,164.51176139982215
3230321301323,31,4110.379744632536,0.010003918132046707,0.886213014031645,0.9593632358517727,16.0,160.0,0.95,13.079478045045704,-59.468994140625,271.55716535532207,182.06197164807028
3230321301320,31,1238.3264572822939,0.041025835909393016,1.05920261298082,0.9511402307909304,16.0,,0.95,13.10087973699268,-59.490966796875,271.64044372106594,199.0390289766385
3230321301213,31,336.2853790171812,0.17174655985591902,1.2461077540906156,0.932343972719215,16.0,16.0,0.95,13.122279568669557,-59.51293945312499,271.76563164319487,106.44922909396595
3230321301210,31,1092.4799699850946,0.037424001685313124,1.4398006400236216,0.9329524401447835,16.0,16.0,0.95,13.14367753725299,-59.53491210937499,271.9326607793678,154.42150426839822
3230321301023,31,333.2312724442482,0.3492003091499798,1.302742395598137,0.9356028980721377,16.0,16.0,0.95,13.165073639920948,-59.55688476562501,272.14144361343335,139.76150217732442
3230321301020,31,361.6808698622492,0.23523690499306238,1.1019149132144803,0.8827256060181238,16.0,16.0,0.95,13.186467873852685,-59.57885742187501,272.39187364848823,124.93652800164098
3230320100323,31,900.7228547004878,0.0374693323183779,1.279610413139618,0.9343519916698106,16.0,16.0,0.95,13.763395536225888,-61.05102539062499,272.6648237978964,52.98152641658878
3230321300113,31,446.1977640065515,0.17956595954007848,1.102439270289196,0.9004164386069695,16.0,16.0,0.95,13.207860236228724,-59.600830078125,272.6838256423741,131.30281304407123
3230320100332,31,404.432469055047,0.15218903315878862,1.2168837706974533,0.88729461749354,16.0,16.0,0.95,13.763395536225888,-61.029052734375,272.81371844006077,74.58479447313152
3230320100333,31,440.0406378314757,0.3777403013224413,0.9562305119352998,0.9128626886416168,16.0,64.0,0.95,13.763395536225888,-61.00708007812501,272.98336573071066,59.1244126325825
3230321300110,31,433.9282023352335,0.1298599708389807,1.0383932450878441,0.9190743408829432,16.0,16.0,0.95,13.22925072423088,-59.622802734375,273.0171558843859,135.17254378020704
3230320101222,31,375.5590370548823,0.22573292816069956,0.5324229255655564,0.9845531482937455,16.0,160.0,0.95,13.763395536225888,-60.985107421875,273.17372700502887,139.57055188947993
3230321301332,15,4025.9142989921274,0.0028493051855864593,2.0291871558146277,1.7010746371981702,16.0,16.0,0.95,13.079478045045704,-59.447021484375,273.2139864358306,78.73785303962592
3230321301321,31,508.341952074093,0.15066801446611067,1.1913655939650951,0.9521397740052924,16.0,16.0,0.95,13.10087973699268,-59.468994140625,273.27575872629217,237.10135457368324
3230321301302,31,1379.9904034127458,0.01270743053572787,1.2233585023996252,0.9440609325462141,16.0,16.0,0.95,13.122279568669557,-59.490966796875,273.37920789801257,116.26322461963866
3230320101223,31,519.8834308599887,0.12608053156941756,0.43431941158185094,0.9530321840330274,16.0,160.0,0.95,13.763395536225888,-60.96313476562501,273.3847589914703,128.9135186860439
3230321122323,31,933.0026787775379,0.07350307091478492,0.9865751977687918,0.9360360615538534,16.0,16.0,0.95,13.250639335042289,-59.644775390625,273.3917025117436,187.5984043358945
3230321301211,31,397.64481683712387,0.10484691010452607,1.3350600794482055,0.8994557006999192,16.0,16.0,0.95,13.14367753725299,-59.512939453125,273.5242762683481,91.50144489461898
3230320101232,31,552.9375632473434,0.16180852108046728,0.33492376456492123,0.9409997146382441,16.0,40.0,0.95,13.763395536225888,-60.94116210937501,273.6164138605091,148.03095554167564
3230321301032,31,319.24155658902623,0.1943028871310638,1.3017445935636467,0.9535018748501455,16.0,16.0,0.95,13.165073639920948,-59.534912109375,273.7108872527006,98.9574105087222
3230320101233,31,506.5990449704424,0.14499301699588463,0.32548152268563085,0.9206688155284036,16.0,40.0,0.95,13.763395536225888,-60.919189453125,273.8686392782532,50.25642713058928
3230321301021,31,1993.9717479127378,0.009452543789722156,0.8955461267755663,0.9526390050308469,16.0,64.0,0.95,13.186467873852685,-59.556884765625,273.9389455307963,99.6215809501974
3230321301002,31,742.8077774946393,0.12198380831318278,1.2125516376566914,0.8825489319440029,16.0,16.0,0.95,13.207860236228724,-59.578857421875,274.20833725466775,70.2312748880308
3230321122332,31,3535.0840146810424,0.004591813957140034,1.02575148160557,0.950833519941514,16.0,16.0,0.95,13.250639335042289,-59.622802734375,274.8705745402567,97.37856614299017
3230320100320,31,337.4508626577328,0.36981654961851207,1.2023325811214005,0.9388761517692334,16.0,16.0,0.95,13.784736305593816,-61.072998046875,274.9068055721932,27.21084386194993
3230321301330,31,468.83949944402235,0.10402657103325685,1.211885785617248,0.9493860310727726,16.0,16.0,0.95,13.10087973699268,-59.447021484375,274.9220866254718,220.48178516896223
3230321301303,31,457.8938659561213,0.22536783963777995,1.1535796710482085,0.965894386978985,16.0,16.0,0.95,13.122279568669557,-59.468994140625,275.0040488829853,178.20434767934785
3230320100321,31,492.32120122724564,0.1991148083647678,1.3985703007110506,0.9163148121496097,16.0,16.0,0.95,13.784736305593816,-61.051025390625,275.0337986730462,67.6776126193941
3230320100330,31,382.2960407184121,0.31350759343562984,1.3345359131027252,0.9499048276428164,16.0,16.0,0.95,13.784736305593816,-61.029052734375,275.1813988299741,63.9372069690457
3230321122321,31,264.2241653605566,0.4882496880400876,1.1950596806153564,0.8963171416310975,16.0,16.0,0.95,13.272026065847342,-59.64477539062501,275.2631022000074,146.12117466822687
3230321301033,31,505.7066490175779,0.17008200495329695,1.2994399592933774,0.9236688105816895,16.0,16.0,0.95,13.165073639920948,-59.51293945312499,275.2920907048784,78.1808158812681
3230320101220,31,449.3180797705554,0.16322266145128517,0.4889109248559857,0.9833891027100602,16.0,160.0,0.95,13.784736305593816,-60.985107421875,275.53828321906167,58.60974129361325
3230320101221,31,315.16872909407516,0.5741795012856168,0.3650078666216846,1.002454836014508,16.0,160.0,0.95,13.784736305593816,-60.963134765625,275.7474876145429,86.41452887827919
3230321301000,31,6926.453711322522,0.00048247696757008907,1.0357096441893123,0.9202955214012433,16.0,160.0,0.95,13.22925072423088,-59.57885742187501,276.0331807456912,33.789101471086234
3230321122333,31,564.325114922089,0.1573131466685348,1.0931424543203052,1.0105091851266166,16.0,16.0,0.95,13.250639335042289,-59.60083007812499,276.36215305702177,54.84729958540044
3230320101320,30,351.81163051923244,0.21625835240840308,0.94332766114798,0.8932353998231983,40.0,136.0,0.95,13.784736305593816,-60.897216796875,276.4975772882542,24.606295788573064
3230321301312,31,338.3603164187009,0.30918549589855204,1.3391338048784038,0.982185441796739,16.0,16.0,0.95,13.122279568669557,-59.447021484375,276.6399560978491,277.6883447715969
3230321122330,31,264.03499131602445,0.5993708377590455,1.333702387756964,1.0128757098863628,16.0,16.0,0.95,13.272026065847342,-59.62280273437501,276.7318508453682,141.30155802092267
3230321301301,31,598.9835114294166,0.17667460452278094,1.3734615975926396,0.9338591209827738,16.0,16.0,0.95,13.14367753725299,-59.468994140625,276.7418485880009,107.07349693800768
3230321301122,31,562.9798765189347,0.10477197231565671,1.2618458480829682,0.9176716319404609,16.0,16.0,0.95,13.165073639920948,-59.490966796875,276.88485248974195,75.1106089563156
3230321301031,31,1096.7836529551632,0.034610721035403635,1.0857759341856312,0.9003546223713934,16.0,160.0,0.95,13.186467873852685,-59.51293945312499,277.0688938530289,84.19085818195978
3230321122303,31,626.2735848494482,0.08242889584089241,1.4310752049197981,0.9450219375325175,16.0,16.0,0.95,13.293410913831742,-59.644775390625,277.1421007300347,96.12650408302736
3230320100302,31,1419.5840919595566,0.009974928382783022,0.9782829289450035,0.9322091556040367,16.0,16.0,0.95,13.806075124990883,-61.07299804687501,277.2767282570085,26.647562035552216
3230321301012,31,3080.7065002545824,0.006017776708236,0.8064742175558363,0.9352291683331746,16.0,328.0,0.95,13.207860236228724,-59.534912109375,277.29388066137176,59.39069447748864
3230320100303,31,417.9436195200286,0.37924047221225254,1.1251363685396985,0.9557630575633229,16.0,16.0,0.95,13.806075124990883,-61.051025390625,277.4026255906753,73.3502297827206
3230320100312,31,560.3722199517246,0.20625331661762047,1.304272166723521,0.9390842098373361,16.0,16.0,0.95,13.806075124990883,-61.029052734375,277.54895341955256,62.177541568865
3230320100313,31,2734.1662291066605,0.003088920824852903,0.6314726936369481,0.8971867417549946,16.0,160.0,0.95,13.806075124990883,-61.007080078125,277.7156794482645,47.85285497460749
3230320101203,30,1299.9440081233158,0.018923773825162526,1.144340797878468,0.9064810882296297,40.0,160.0,0.95,13.806075124990883,-60.96313476562499,278.1101748683403,44.79058516093913
3230321122331,31,771.7034271487731,0.02659076809861849,1.2090554703899774,1.0069577473071765,16.0,16.0,0.95,13.272026065847342,-59.60083007812501,278.2133269731768,59.60916846784777
3230320101212,31,301.83726843406447,0.5697206293738712,0.3229519156258742,0.9221254332718306,16.0,160.0,0.95,13.806075124990883,-60.94116210937501,278.3378577386433,90.37064309173984
3230321301310,31,1256.073876626485,0.0299399892947807,1.3444274446269129,0.940271424371342,16.0,16.0,0.95,13.14367753725299,-59.447021484375,278.36740845582267,114.11705943893016
3230321301123,31,499.57368952370547,0.1206871655309969,1.2351994506072552,0.8711018591572386,16.0,16.0,0.95,13.165073639920948,-59.46899414062501,278.48897428022303,81.93174337767945
3230320101213,31,176.03538034092128,0.6602890887018995,0.3611258977591152,0.8891573549728103,16.0,160.0,0.95,13.806075124990883,-60.91918945312499,278.58576586063367,95.9975195148346
3230321122312,31,373.29589094492127,0.24194862607600254,1.338798039424314,0.9331680907312345,16.0,16.0,0.95,13.293410913831742,-59.622802734375,278.6008217152107,67.00319153100664
3230321301120,31,514.8772451035984,0.20195955957775602,1.1695782433703823,0.8959422842817949,16.0,16.0,0.95,13.186467873852685,-59.490966796875,278.65136809844404,86.38079971774782
3230320101302,31,301.49782680713065,0.44124125572830064,0.4694381728948015,0.8631628819192319,16.0,160.0,0.95,13.806075124990883,-60.89721679687501,278.8538452903108,50.199574339661886
3230321301013,31,830.1987521492774,0.05916793964430356,1.0030107986809143,0.8665662891830918,16.0,328.0,0.95,13.207860236228724,-59.512939453125,278.854508337605,54.70651078055259
3230321122301,31,248.49161430149786,0.458498228227068,1.380082757720086,0.9314568513130398,16.0,16.0,0.95,13.314793876182502,-59.644775390625,279.02853898844563,61.01443147706806
3230321123223,31,175.0877921274354,0.24722586864709495,1.0452820929388669,0.8567095171751254,16.0,,0.95,13.250639335042289,-59.556884765625,279.38261372885427,50.50910523926861
3230320100300,31,1332.6806403332125,0.014313989533669025,0.8120291720926731,0.9024941866881974,16.0,16.0,0.95,13.8274119916357,-61.072998046875,279.6464822924232,40.231481496162296
3230320100301,31,2090.6636084525794,0.008273214418843766,0.7486744044694531,0.9272957354503073,16.0,40.0,0.95,13.8274119916357,-61.051025390625,279.771302483502,105.75097835950712
3230321301311,31,791.455643621583,0.10390206445829464,1.3865726211094913,0.9381708006650002,16.0,16.0,0.95,13.14367753725299,-59.42504882812501,280.0038915492757,145.47280731963377
3230321122313,31,1091.5249854599126,0.06423004051040049,1.476044410414018,0.97112687354626,16.0,16.0,0.95,13.293410913831742,-59.60083007812501,280.07228881422725,65.50507754375738
3230321122310,31,560.0511787094088,0.15896858429324612,1.332426433578566,0.8906283152738309,16.0,16.0,0.95,13.314793876182502,-59.62280273437501,280.4773277598092,45.43947100641801
3230320101210,31,391.49916779465036,0.26693375211197345,0.5158309396741962,0.9212338973291994,16.0,160.0,0.95,13.8274119916357,-60.94116210937501,280.6985630119302,40.1571792577648
3230320101211,31,239.65861792545564,0.29940690583726814,0.575705732601647,0.9244642375071541,16.0,160.0,0.95,13.8274119916357,-60.91918945312499,280.9443668603412,58.70079792324649
3230320101300,31,2399.6967232231345,0.00970607850609484,0.5745272245487477,0.9418695865884189,16.0,40.0,0.95,13.8274119916357,-60.89721679687501,281.21017493631575,99.33366123720508
3230321123202,31,584.8871508338708,0.12598327273088716,1.3566604233370911,0.9673112384110402,16.0,16.0,0.95,13.293410913831742,-59.57885742187501,281.5563021765052,71.2983316013574
3230321301130,31,1117.1676139098076,0.03585609671022505,0.9936289151565467,0.8950581469537321,16.0,496.0,0.95,13.186467873852685,-59.447021484375,281.85033414978665,27.08432268342635
3230321122311,31,601.8645818090594,0.08471830073141917,1.411294205684141,0.9195094944870845,16.0,16.0,0.95,13.314793876182502,-59.600830078125,281.9388789892933,58.46133150935945
3230320100122,31,720.8677109732741,0.03179547421829154,0.8197752290890491,0.9468018863864711,16.0,16.0,0.95,13.84874690274824,-61.07299804687499,282.0160661409263,54.17325340341394
3230320100132,31,532.8389768192872,0.13857981107264528,1.14857510939012,0.9603860477188982,16.0,16.0,0.95,13.84874690274824,-61.02905273437499,282.2836747542519,80.68357889125113
3230321122132,31,512.0298939003604,0.15467162710328908,1.3395295657594426,1.0511156730155227,16.0,,0.95,13.336174950087928,-59.622802734375,282.36121320445403,32.14420431357981
3230320101033,31,556.0795249429201,0.08948602855008048,1.2051187739893674,0.9669071315617562,16.0,16.0,0.95,13.84874690274824,-60.919189453125,283.3029844816627,60.126768524323424
3230321123200,31,491.14327248147845,0.1553024957936019,1.4346696353329107,0.9417826760030316,16.0,16.0,0.95,13.314793876182502,-59.57885742187499,283.4129952205593,39.78647219784339
3230320101122,31,745.2560711944119,0.05968175458777958,1.1488148603658388,0.9623033821648916,16.0,16.0,0.95,13.84874690274824,-60.89721679687499,283.56655893231886,81.31336349771634
3230321122133,29,603.1767060513164,0.5325349610422832,1.217092369545599,1.0162874234764714,16.0,16.0,0.95,13.336174950087928,-59.60083007812499,283.8129414722326,19.9804250441118
3230320100120,31,766.5939649601848,0.07421086562404589,0.6523327298586725,0.8887923410971206,16.0,40.0,0.95,13.870079855549804,-61.07299804687501,284.385478306277,50.39041881935061
3230320100121,31,543.880376343955,0.2781211314701959,1.0189067551807687,0.9677184002777197,16.0,16.0,0.95,13.870079855549804,-61.05102539062501,284.5081982203152,69.56478989044774
3230320101120,31,482.40712577572776,0.11262019699263259,1.2970071181285425,1.00967722526287,16.0,16.0,0.95,13.870079855549804,-60.89721679687499,285.9229902151652,54.55828582231831
3230320100102,31,1208.0427955786645,0.06644125848870219,0.7650024965869751,0.9472184850957188,16.0,88.0,0.95,13.891410847263032,-61.07299804687501,286.75471733180257,21.618842535910467
3230320100103,31,1029.1317539477957,0.06959845757332361,0.8441783484573633,0.9254637253043188,16.0,40.0,0.95,13.891410847263032,-61.051025390625,286.87641321711976,24.40902189108884
3230320101102,31,748.390240128573,0.16255141667223139,1.1604613583040073,0.8538710541490672,16.0,16.0,0.95,13.891410847263032,-60.89721679687501,288.279461943087,38.38878548569269
3230320100100,31,1113.3792526160923,0.042014651890326604,0.8532702375356319,0.8291921903538547,16.0,64.0,0.95,13.912739875111912,-61.07299804687499,289.1237817987761,50.62448285088167
3230320100101,31,740.5701767818532,0.15168110418345726,1.0174096345699253,0.9019694124162159,16.0,16.0,0.95,13.912739875111912,-61.051025390625,289.24447049017033,27.5989847903136
3230320100111,28,1094.9143154743106,0.034582038824285566,1.0386629659209865,0.8268154653894475,40.0,160.0,0.95,13.912739875111912,-61.00708007812501,289.54459176554036,23.98023992953569
3230320101000,30,1307.8904466328856,0.06311012615798772,1.1078998670115607,0.8870964202575532,40.0,160.0,0.95,13.912739875111912,-60.985107421875,289.7239634953853,36.66388879518819
3230320101100,31,901.944593849493,0.01888163794823383,1.0852615764901334,0.872396296307831,16.0,16.0,0.95,13.912739875111912,-60.897216796875,290.635967486747,155.45967345016925
3230320101101,31,652.4264994203786,0.07734417378257075,1.2106626430944538,0.919456903770004,16.0,16.0,0.95,13.912739875111912,-60.875244140625,290.9123690671309,38.158545838185184
3230302322323,31,568.7496893832722,0.16368138724729397,1.1641503612000608,0.9309043354206016,16.0,16.0,0.95,13.934066936321754,-61.05102539062501,291.6123682457798,71.73892252736167
3230302322332,31,334.8677006063656,0.23937533601697214,1.0765188157718388,0.9129028861200437,16.0,16.0,0.95,13.934066936321754,-61.029052734375,291.7514971495757,46.7395297341629
3230302322333,31,1043.4324670711164,0.1138870052040063,0.7899788387573515,0.9110416517872408,16.0,496.0,0.95,13.934066936321754,-61.00708007812501,291.9100292519478,60.21287055151942
3230302323232,31,521.0723642800905,0.20551837172640108,1.1674487923538774,0.8268599448598913,16.0,16.0,0.95,13.934066936321754,-60.941162109375,292.50170994374145,69.96540777649605
3230302323233,31,452.4197251831241,0.39664410828171537,1.3741788745221626,0.9180212564910218,16.0,16.0,0.95,13.934066936321754,-60.91918945312499,292.73750128152204,95.11448671482368
3230302323322,31,319.6999861247175,0.17925847435049935,1.29176208117104,0.9371295369592939,16.0,16.0,0.95,13.934066936321754,-60.897216796875,292.99250042070906,79.82867708142935
3230302322321,31,671.4546374630062,0.12610636108184936,1.1706072597478057,0.9215334470419219,16.0,16.0,0.95,13.955392028119231,-61.05102539062499,293.98010473847705,42.15566411455554
3230302322330,31,956.297510699019,0.05459726933696196,1.0727550457574042,0.9329293324437423,16.0,16.0,0.95,13.955392028119231,-61.02905273437501,294.1181016510078,108.83604296209886
3230302322331,31,678.7959370502851,0.1419304828519723,0.9780362735321142,0.9331551037226679,16.0,160.0,0.95,13.955392028119231,-61.007080078125,294.27534518475727,144.66267569654917
3230302323220,31,1253.3340450566511,0.03952725192139861,0.8448358190455116,0.9046192990270877,16.0,160.0,0.95,13.955392028119231,-60.98510742187499,294.451804504303,115.94147562419688
3230302323231,31,242.54998569114665,0.45200148777965465,1.4898945638526724,0.8495442132129273,16.0,16.0,0.95,13.955392028119231,-60.91918945312499,295.09611368047143,110.3729210988377
3230302323320,31,1417.3944001001728,0.022801017119169043,1.466896912212391,0.9161961104988168,16.0,16.0,0.95,13.955392028119231,-60.89721679687501,295.34905451532495,65.55319375537017
3230302322313,31,448.46603915481273,0.20662988932424875,0.866643922143834,0.9555995694069435,16.0,64.0,0.95,13.976715147732378,-61.007080078125,296.64053691263797,197.5251639943051
3230302323202,31,542.7919024257295,0.07647707838373385,0.8614195798767873,0.9549100434127129,16.0,64.0,0.95,13.976715147732378,-60.98510742187501,296.8155749172669,200.34079526411335
3230302323203,31,640.2385741184819,0.2118011651220656,0.8985423721735056,0.9410949399812479,16.0,496.0,0.95,13.976715147732378,-60.963134765625,297.0096416400506,149.826693555144
3230302323213,26,723.5935562485962,0.05060370122461488,0.9783109405650665,0.9403473262476777,40.0,688.0,0.95,13.976715147732378,-60.919189453125,297.4547086050026,48.79190483614666
3230302322311,31,2564.6058911438886,0.0035225984712977665,1.0567025334188471,0.9498022511544928,16.0,16.0,0.95,13.998036292390568,-61.007080078125,299.00560185885064,465.8389805273405
3230302323201,31,1691.2712985294393,0.01618037723711263,0.7047771912762401,0.948019776951773,16.0,64.0,0.95,13.998036292390568,-60.963134765625,299.37175883473174,301.8662533339516
3230302323210,31,326.5044973927409,0.23204487708372812,0.4677317583575106,0.9524735149725709,16.0,160.0,0.95,13.998036292390568,-60.941162109375,299.5831187467356,211.77034510013647
3230302323211,31,306.65751126571274,0.5313513602092661,0.48263624814300804,0.9018536704429907,16.0,160.0,0.95,13.998036292390568,-60.919189453125,299.8132809582404,73.38894676565188
3230302323300,26,408.6034446074041,0.1638589570440102,1.585672048871402,1.0454108772165003,40.0,160.0,0.95,13.998036292390568,-60.897216796875,300.06220220080684,23.029775734269755
3230302322133,31,215.7667925372512,0.4325037002404394,0.7639598003175094,0.8908640532729404,16.0,16.0,0.95,14.019355459324496,-61.007080078125,301.3705375183161,308.369153293706
3230302323022,31,312.6266369458265,0.4032003743223237,0.5927676458486967,0.9072783391061552,16.0,40.0,0.95,14.019355459324496,-60.985107421875,301.54279993723304,628.2220897690868
3230302323033,31,7421.798108156508,0.0011230853749411018,0.584355199073619,0.9616557917997466,16.0,160.0,0.95,14.019355459324496,-60.91918945312501,302.1718257933935,119.12125914439524
3230302323021,31,319.0271174114994,0.20257665083958354,1.0378792386649394,0.9577373921381529,16.0,16.0,0.95,14.040672645766236,-60.96313476562499,304.09574076671885,437.1637725619625
3230302323030,31,576.167907952522,0.2511890122450994,1.056228655436674,0.9469165309978536,16.0,160.0,0.95,14.040672645766236,-60.941162109375,304.3037833562573,275.50541085256043
3230302323002,31,346.71273599417236,0.4272932041655577,0.7590989335320902,0.9890049367350023,16.0,40.0,0.95,14.061987848949242,-60.985107421875,306.26958407199317,175.61122967670005
3230302323012,31,4534.989618107821,0.001517982146118202,1.0498541243736006,0.9467733562712795,16.0,16.0,0.95,14.061987848949242,-60.94116210937499,306.6640208755281,370.6927680705705
3230302323010,31,1879.826049429779,0.011936713062535631,0.9575039807800688,0.9005574773275958,16.0,16.0,0.95,14.08330106610827,-60.941162109375,309.02418996408375,403.6681412686539
3230302323011,31,675.9119769746977,0.07536446502076266,1.0519575947648507,0.9126674014010591,16.0,16.0,0.95,14.08330106610827,-60.919189453125,309.2472478536718,133.78523628392216
3230302321232,31,425.68799018325797,0.1496689903691487,1.0928789088690511,0.8168962068569812,16.0,16.0,0.95,14.104612294479468,-60.94116210937499,311.38428682960597,374.2436352001377
