window_start_pt,hours_since_quake,r_bin_km,n_tiles,n_tiles_crisis,n_tiles_overlap,baseline_sum,crisis_sum,baseline_sum_overlap,crisis_sum_overlap,phi_aggregate,phi_overlap,tile_overlap_ratio
2024-06-30 08:00:00,-8.0,40.0,17,16,16,3573.8508339352816,3868.038441226397,3542.7957182846453,3868.038441226397,1.0823167000977418,1.0918039731343097,0.9411764705882352
2024-06-30 08:00:00,-8.0,50.0,29,26,26,2694.805915900469,2845.41022581033,2655.7640751128247,2845.41022581033,1.0558868855902508,1.071409261264839,0.896551724137931
2024-06-30 08:00:00,-8.0,60.0,34,34,33,1461.0184443808091,1347.0717122523863,1450.4916466865716,1336.813141164429,0.92200869703824,0.9216276041424823,0.9705882352941176
2024-06-30 08:00:00,-8.0,70.0,103,100,99,40368.28289719689,40845.98957776901,40177.44999833724,40835.708970125226,1.0118337131601227,1.016383791699454,0.9611650485436892
2024-06-30 08:00:00,-8.0,80.0,97,92,92,27350.956786678817,27812.3185204276,27225.491984360207,27812.3185204276,1.0168682118635604,1.0215543041941904,0.9484536082474226
2024-06-30 08:00:00,-8.0,90.0,82,81,79,18157.293934447676,18052.177733506163,18070.555519271908,17918.77840005525,0.994210800281088,0.9916008603579016,0.9634146341463414
2024-06-30 08:00:00,-8.0,100.0,93,92,92,14440.121670521134,14310.68859676279,14416.01933230552,14310.68859676279,0.9910365662622792,0.9926934937367424,0.989247311827957
2024-06-30 08:00:00,-8.0,110.0,90,89,89,17892.096798744686,18139.13947037669,17881.90431095434,18139.13947037669,1.0138073627932382,1.014385221783385,0.9888888888888888
2024-06-30 08:00:00,-8.0,120.0,62,61,60,15467.796856906809,15668.270389995743,15312.82697609933,15653.897476244592,1.0129607037733637,1.0222735162277752,0.967741935483871
2024-06-30 08:00:00,-8.0,130.0,88,85,85,9585.258729487492,9674.020463833473,9545.95513979295,9674.020463833473,1.0092602335368288,1.01341566371988,0.9659090909090908
2024-06-30 08:00:00,-8.0,140.0,36,33,32,1674.2773659401696,1640.6299792595908,1584.1578931582435,1615.1646039508698,0.9799033377831728,1.019572992645834,0.8888888888888888
2024-06-30 08:00:00,-8.0,150.0,14,12,12,491.77512192859865,448.8853653204284,468.70585092249934,448.8853653204284,0.9127858350378336,0.9577123145293353,0.8571428571428571
2024-06-30 08:00:00,-8.0,160.0,2,2,2,52.60872895642077,57.03784064129757,52.60872895642077,57.03784064129757,1.0841896729446878,1.0841896729446878,1.0
2024-06-30 08:00:00,-8.0,170.0,3,3,3,194.58574743175944,114.3883424847141,194.58574743175944,114.3883424847141,0.5878557088300094,0.5878557088300094,1.0
2024-06-30 08:00:00,-8.0,180.0,5,5,5,519.4083317205483,437.4599813326551,519.4083317205483,437.4599813326551,0.8422275012100057,0.8422275012100057,1.0
2024-06-30 08:00:00,-8.0,190.0,2,2,2,39.58802121047096,39.058909991531365,39.58802121047096,39.058909991531365,0.9866345626085588,0.9866345626085588,1.0
2024-06-30 08:00:00,-8.0,200.0,21,21,21,5915.970004522984,6329.623442964064,5915.970004522984,6329.623442964064,1.0699214901571217,1.0699214901571217,1.0
2024-06-30 08:00:00,-8.0,210.0,20,20,19,2176.8999397936545,2172.3453904931785,2124.021821738785,2157.983358782156,0.9979077819714084,1.0159892599481717,0.95
2024-06-30 08:00:00,-8.0,220.0,10,11,10,700.8885676638314,737.6305331427851,700.8885676638314,706.9903011249284,1.052421978577023,1.008705711210892,1.0
2024-06-30 08:00:00,-8.0,260.0,36,35,35,15307.305699191582,14552.596517802844,15043.25951223494,14552.596517802844,0.9506961449506692,0.9673831994965564,0.9722222222222222
2024-06-30 08:00:00,-8.0,270.0,85,84,84,8950.020372141164,8720.450561506626,8919.753859107874,8720.450561506626,0.9743498002139612,0.9776559644190472,0.9882352941176472
2024-06-30 08:00:00,-8.0,280.0,32,32,32,1897.765827660879,1789.905628919018,1897.765827660879,1789.905628919018,0.9431646427763926,0.9431646427763926,1.0
2024-06-30 08:00:00,-8.0,290.0,28,28,27,3791.3829311855943,3755.871920139174,3775.883741250188,3730.090958421118,0.990633757736701,0.9878723006408276,0.9642857142857144
2024-06-30 08:00:00,-8.0,300.0,17,17,17,4951.786326311311,4873.955858996618,4951.786326311311,4873.955858996618,0.9842823453626944,0.9842823453626944,1.0
2024-06-30 08:00:00,-8.0,310.0,3,2,2,556.7632781734009,471.3824087958467,456.8476109537928,471.3824087958467,0.8466478075607515,1.031815418300445,0.6666666666666666
2024-07-01 08:00:00,16.0,40.0,17,16,16,3474.7891501618383,3968.8355657864354,3451.796571456749,3968.8355657864354,1.1421802573550648,1.1497883735690375,0.9411764705882352
2024-07-01 08:00:00,16.0,50.0,26,24,23,2872.1857915960945,2886.454395744446,2828.297594378064,2865.21399085712,1.004967855557987,1.0130525148953335,0.8846153846153846
2024-07-01 08:00:00,16.0,60.0,32,31,31,1163.42498736476,1277.7024591993222,1151.523331875322,1277.7024591993222,1.0982250450829742,1.1095758321444606,0.96875
2024-07-01 08:00:00,16.0,70.0,100,102,99,40779.11994368787,43228.07698640912,40731.197513366176,43044.94794795287,1.0600541906275327,1.056805362371863,0.99
2024-07-01 08:00:00,16.0,80.0,96,92,89,31006.596026147425,30440.21885795688,30313.110476241272,30394.29406258414,0.9817336553901972,1.0026781674683796,0.9270833333333334
2024-07-01 08:00:00,16.0,90.0,79,81,78,17806.56115209586,15978.024009621427,17786.904674533947,15938.296342498606,0.8973110458074489,0.8960691381743306,0.9873417721518988
2024-07-01 08:00:00,16.0,100.0,93,88,86,14882.981200436869,11478.039201164813,14676.248292679702,11439.046900344296,0.7712190888763529,0.7794258227458529,0.9247311827956988
2024-07-01 08:00:00,16.0,110.0,89,86,85,18283.769821961923,18315.457044508832,18144.58132862308,18296.828255657383,1.001733079274978,1.0083907655005595,0.9550561797752808
2024-07-01 08:00:00,16.0,120.0,61,60,59,15161.58301365017,16134.487351445434,15068.798793505212,16075.910213940057,1.064169047316454,1.0668342204468824,0.9672131147540984
2024-07-01 08:00:00,16.0,130.0,87,74,73,9266.893549850558,9052.602560370942,8623.001938477857,9040.678210025771,0.9768756392498896,1.048437455369707,0.8390804597701149
2024-07-01 08:00:00,16.0,140.0,36,24,23,1534.1653288368182,1381.8432157931672,1183.1977348905366,1370.7496681895643,0.9007133649936286,1.1585127555339507,0.6388888888888888
2024-07-01 08:00:00,16.0,150.0,12,8,6,420.2392837409818,229.33460007919183,191.6441538072164,200.7522285347329,0.5457238505587789,1.0475259722072123,0.5
2024-07-01 08:00:00,16.0,160.0,2,2,2,42.97172062029948,47.71941346829348,42.97172062029948,47.71941346829348,1.110484122568535,1.110484122568535,1.0
2024-07-01 08:00:00,16.0,170.0,3,2,2,213.4804164518845,50.77609487291318,186.83768993870936,50.77609487291318,0.2378489592480132,0.2717658031929739,0.6666666666666666
2024-07-01 08:00:00,16.0,180.0,5,5,5,519.5412199267523,125.9759287252254,519.5412199267523,125.9759287252254,0.2424753299516564,0.2424753299516564,1.0
2024-07-01 08:00:00,16.0,190.0,2,0,0,39.48604801891741,,,,,,0.0
2024-07-01 08:00:00,16.0,200.0,22,21,21,6303.842857217112,2156.793142845777,6275.6003907372415,2156.793142845777,0.3421394206196809,0.3436791714828104,0.9545454545454546
2024-07-01 08:00:00,16.0,210.0,21,19,19,1952.465003409894,765.5511182149834,1908.0709520262997,765.5511182149834,0.3920946684718968,0.4012173223443274,0.9047619047619048
2024-07-01 08:00:00,16.0,220.0,11,7,7,678.2932904977266,158.14488672070996,573.223232208435,158.14488672070996,0.2331511883372227,0.2758870852310561,0.6363636363636364
2024-07-01 08:00:00,16.0,260.0,36,36,36,16108.840294140462,15117.178798524646,16108.840294140462,15117.178798524646,0.9384399200992434,0.9384399200992434,1.0
2024-07-01 08:00:00,16.0,270.0,85,83,83,7992.665829376396,8016.174690309521,7937.580152967323,8016.174690309521,1.0029413041199249,1.009901574009658,0.976470588235294
2024-07-01 08:00:00,16.0,280.0,31,29,29,1657.6434023410995,1705.7361557341806,1612.8299066602815,1705.7361557341806,1.029012725731698,1.0576044930034076,0.935483870967742
2024-07-01 08:00:00,16.0,290.0,27,26,26,3532.856862591522,3227.830459486089,3497.1478098043367,3227.830459486089,0.9136601297563806,0.922989428824481,0.9629629629629628
2024-07-01 08:00:00,16.0,300.0,17,16,16,5554.625787575602,4599.295663470179,5538.48659612731,4599.295663470179,0.8280117940181906,0.8304246265913429,0.9411764705882352
2024-07-01 08:00:00,16.0,310.0,3,2,2,538.1885829123117,505.7856313786416,467.023136290078,505.7856313786416,0.9397925698120028,1.082999089502254,0.6666666666666666
2024-07-02 08:00:00,40.0,40.0,17,16,16,3408.2997067981023,3391.070121896481,3381.700775270815,3391.070121896481,0.9949448151912064,1.0027706019096014,0.9411764705882352
2024-07-02 08:00:00,40.0,50.0,26,23,23,2856.704994616244,2854.8220786841143,2815.8635428820826,2854.8220786841143,0.9993408784121294,1.0138353777478,0.8846153846153846
2024-07-02 08:00:00,40.0,60.0,32,29,29,1113.6619755040126,980.1634799864372,1076.6288328455444,980.1634799864372,0.8801265568422074,0.9104005485305944,0.90625
2024-07-02 08:00:00,40.0,70.0,100,102,98,40646.55376658992,39304.13227776177,40596.25409866315,39198.68353757096,0.9669733011921032,0.9655739035011554,0.98
2024-07-02 08:00:00,40.0,80.0,94,89,89,31321.331711554805,30955.74077465784,31077.933723168502,30955.74077465784,0.9883277333076456,0.9960681765525624,0.946808510638298
2024-07-02 08:00:00,40.0,90.0,79,77,76,17765.17154846006,16622.75225821074,17539.686300959667,16612.27739275832,0.9356933150274956,0.94712511431002,0.9620253164556962
2024-07-02 08:00:00,40.0,100.0,94,87,85,14845.445745535031,12770.961756288629,14557.058018559625,12737.891166087324,0.8602612528579456,0.8750319707352309,0.9042553191489362
2024-07-02 08:00:00,40.0,110.0,88,86,86,18168.46672153706,17151.418140534966,18085.89353015813,17151.418140534966,0.9440212211305384,0.948331256729731,0.9772727272727272
2024-07-02 08:00:00,40.0,120.0,63,58,57,15077.12260867546,14631.545788163106,14948.856747814714,14620.987668894097,0.9704468264882342,0.9780672806990042,0.9047619047619048
2024-07-02 08:00:00,40.0,130.0,86,76,74,9178.41053701179,8585.865804794132,8638.069557808445,8559.828633201432,0.9354414656188856,0.9909423136635562,0.8604651162790697
2024-07-02 08:00:00,40.0,140.0,36,24,24,1533.685028363885,1223.9273850817865,1215.7169114326568,1223.9273850817865,0.7980304706941399,1.0067536065114484,0.6666666666666666
2024-07-02 08:00:00,40.0,150.0,13,7,6,438.6556432863985,195.48601729569037,204.39578719231764,184.31423360770697,0.4456480163599706,0.9017516267802732,0.4615384615384615
2024-07-02 08:00:00,40.0,160.0,2,2,2,46.93917993636589,42.13784304349504,46.93917993636589,42.13784304349504,0.8977115301251559,0.8977115301251559,1.0
2024-07-02 08:00:00,40.0,170.0,3,3,3,220.80619055785,91.30157107941947,220.80619055785,91.30157107941947,0.4134918991571433,0.4134918991571433,1.0
2024-07-02 08:00:00,40.0,180.0,5,4,4,527.0854115805818,120.9591782846449,472.88015070392765,120.9591782846449,0.2294868642293137,0.2557924626453141,0.8
2024-07-02 08:00:00,40.0,190.0,2,1,1,42.02671225847397,10.941282988039294,28.00550579232264,10.941282988039294,0.260341159231012,0.3906832845360968,0.5
2024-07-02 08:00:00,40.0,200.0,22,21,21,6363.562591925085,2889.5439379698464,6351.951839700744,2889.5439379698464,0.454076454223374,0.4549064619649225,0.9545454545454546
2024-07-02 08:00:00,40.0,210.0,20,18,17,1922.872089075439,703.8210208861414,1800.8123245664735,687.2892405493554,0.366025917628538,0.3816551181782993,0.85
2024-07-02 08:00:00,40.0,220.0,11,3,3,662.4861719256681,70.78240149732461,321.7930776265172,70.78240149732461,0.1068435908504766,0.2199624740824189,0.2727272727272727
2024-07-02 08:00:00,40.0,260.0,36,36,36,16286.599920697749,15337.607054128051,16286.599920697749,15337.607054128051,0.9417316768883311,0.9417316768883311,1.0
2024-07-02 08:00:00,40.0,270.0,85,84,84,7706.4152700173345,7545.010296239086,7672.087601851376,7545.010296239086,0.9790557648241184,0.9834364110256476,0.9882352941176472
2024-07-02 08:00:00,40.0,280.0,32,32,31,1599.724356787002,1572.7135152883684,1584.95876324477,1550.7232083267209,0.983115315220377,0.978399718836873,0.96875
2024-07-02 08:00:00,40.0,290.0,27,28,27,3482.6918795023016,3387.8649974671007,3482.6918795023016,3346.549669143843,0.9727719576361856,0.9609089132576626,1.0
2024-07-02 08:00:00,40.0,300.0,17,17,17,5546.734898907472,5207.314957857439,5546.734898907472,5207.314957857439,0.9388072537743084,0.9388072537743084,1.0
2024-07-02 08:00:00,40.0,310.0,3,2,2,558.861568788715,410.3618552001267,442.96835516366497,410.3618552001267,0.7342817579844525,0.9263909044891232,0.6666666666666666
2024-07-03 08:00:00,64.0,40.0,17,17,17,3375.212225237183,3372.789696209422,3375.212225237183,3372.789696209422,0.9992822587540876,0.9992822587540876,1.0
2024-07-03 08:00:00,64.0,50.0,26,24,24,2738.217679888517,2782.707919401792,2715.9319683103263,2782.707919401792,1.0162478826428023,1.0245867539653466,0.9230769230769232
2024-07-03 08:00:00,64.0,60.0,32,32,31,1143.676510144467,1097.9137212806406,1132.1365235938902,1085.02443728795,0.9599862474590426,0.9583865679411294,0.96875
2024-07-03 08:00:00,64.0,70.0,101,100,100,40203.41441528824,39514.98954271195,40171.87651582334,39514.98954271195,0.98287645756987,0.9836480884119853,0.99009900990099
2024-07-03 08:00:00,64.0,80.0,95,94,91,30463.13448839925,30834.896096420543,30355.294023813243,30801.58228754031,1.0122036558044565,1.0147021558538345,0.9578947368421052
2024-07-03 08:00:00,64.0,90.0,80,78,78,17594.122498611563,16992.814248158866,17563.741014603045,16992.814248158866,0.9658233452392896,0.9674940113288226,0.975
2024-07-03 08:00:00,64.0,100.0,93,89,89,14702.034628988624,13567.533672031634,14537.283735936666,13567.533672031634,0.9228337447444148,0.9332922104624142,0.956989247311828
2024-07-03 08:00:00,64.0,110.0,88,87,87,17951.286139967357,17351.080243237375,17916.75901657826,17351.080243237375,0.9665647412642115,0.9684273939936644,0.9886363636363636
2024-07-03 08:00:00,64.0,120.0,62,58,58,15018.9080119721,14669.099309903444,14773.910786076276,14669.099309903444,0.9767087792408202,0.9929056376682868,0.935483870967742
2024-07-03 08:00:00,64.0,130.0,87,76,74,9160.305867630952,8285.240849055494,8622.622494020556,8262.211849432435,0.9044720742712744,0.958201736787381,0.8505747126436781
2024-07-03 08:00:00,64.0,140.0,35,29,26,1527.353890485644,1248.4827708578548,1269.5602652125417,1202.7797929207816,0.8174155175398687,0.9473987378767088,0.7428571428571429
2024-07-03 08:00:00,64.0,150.0,13,6,6,448.2979940463538,175.8024574801255,210.68754296823835,175.8024574801255,0.3921553516073677,0.8344226478858702,0.4615384615384615
2024-07-03 08:00:00,64.0,160.0,2,2,2,48.196199142447576,41.12560212237816,48.196199142447576,41.12560212237816,0.853295547244883,0.853295547244883,1.0
2024-07-03 08:00:00,64.0,170.0,3,3,3,228.98104793738835,124.82219951118724,228.98104793738835,124.82219951118724,0.5451202212390877,0.5451202212390877,1.0
2024-07-03 08:00:00,64.0,180.0,5,4,4,512.5682934661563,107.0,459.1944026416478,107.0,0.2087526703542871,0.2330167776097699,0.8
2024-07-03 08:00:00,64.0,190.0,2,0,0,45.44623500201187,,,,,,0.0
2024-07-03 08:00:00,64.0,200.0,22,20,20,6341.590333951236,4321.836238835546,6176.284423540844,4321.836238835546,0.6815066901590208,0.6997469582784939,0.9090909090909092
2024-07-03 08:00:00,64.0,210.0,20,17,17,1933.7095052421207,992.313963987467,1799.974758675864,992.313963987467,0.5131659958734177,0.5512932663108311,0.85
2024-07-03 08:00:00,64.0,220.0,11,4,4,682.7332380678338,87.49334362603267,392.1367685322711,87.49334362603267,0.1281515806578317,0.2231194589416125,0.3636363636363636
2024-07-03 08:00:00,64.0,260.0,36,36,36,15973.663111331214,15569.091096704014,15973.663111331214,15569.091096704014,0.9746725587107062,0.9746725587107062,1.0
2024-07-03 08:00:00,64.0,270.0,85,85,85,7672.322906370981,8188.794693737007,7672.322906370981,8188.794693737007,1.067316221393283,1.067316221393283,1.0
2024-07-03 08:00:00,64.0,280.0,31,32,31,1582.13167884853,1667.064836269054,1582.13167884853,1656.7442200277758,1.053682736118613,1.0471595014351451,1.0
2024-07-03 08:00:00,64.0,290.0,27,27,27,3446.382988164368,3560.472217936407,3446.382988164368,3560.472217936407,1.0331040485528875,1.0331040485528875,1.0
2024-07-03 08:00:00,64.0,300.0,17,17,17,5479.887927929137,5309.154777139929,5479.887927929137,5309.154777139929,0.9688436783681216,0.9688436783681216,1.0
2024-07-03 08:00:00,64.0,310.0,3,3,3,542.931726671149,540.3581018664588,542.931726671149,540.3581018664588,0.995259763468844,0.995259763468844,1.0
2024-07-04 08:00:00,88.0,40.0,17,17,17,3435.091572756842,3324.055623510423,3435.091572756842,3324.055623510423,0.9676759856630818,0.9676759856630818,1.0
2024-07-04 08:00:00,88.0,50.0,26,24,24,2828.2478210150416,2757.557730910416,2806.0387071184477,2757.557730910416,0.9750056944871064,0.9827226274231204,0.9230769230769232
2024-07-04 08:00:00,88.0,60.0,32,33,29,1116.2186645817478,1053.3607911141066,1078.6760300381677,995.605137555824,0.9436867744088526,0.922988098215732,0.90625
2024-07-04 08:00:00,88.0,70.0,101,99,99,40197.219163291855,38639.98198784637,39814.78952774039,38639.98198784637,0.9612600769938942,0.97049318723447,0.9801980198019802
2024-07-04 08:00:00,88.0,80.0,94,89,88,30857.268453422985,29965.23376275109,30491.30904922073,29953.6706671847,0.971091586022322,0.982367487694013,0.9361702127659576
2024-07-04 08:00:00,88.0,90.0,79,77,77,17556.293791580974,16941.813835166107,17523.74266168104,16941.813835166107,0.9649994489890836,0.9667919783033888,0.9746835443037974
2024-07-04 08:00:00,88.0,100.0,93,93,91,14686.994544926602,13610.405742612122,14642.702997196597,13575.277854872616,0.9266978142450274,0.9271019058073948,0.978494623655914
2024-07-04 08:00:00,88.0,110.0,88,87,87,17971.09371302687,17186.798322873266,17941.227837120186,17186.798322873266,0.956357948899622,0.9579499507449531,0.9886363636363636
2024-07-04 08:00:00,88.0,120.0,62,59,59,14986.443478768366,14492.62103666731,14889.10098678028,14492.62103666731,0.9670487235480076,0.9733711289576854,0.9516129032258064
2024-07-04 08:00:00,88.0,130.0,88,83,80,9154.77255801916,8351.848834929451,8941.9668333139,8301.597962331725,0.9122945198254668,0.9283861276921272,0.9090909090909092
2024-07-04 08:00:00,88.0,140.0,34,24,22,1490.6020452341183,1109.1802599044672,1170.383536138093,1074.922912410124,0.7441156165395278,0.9184364605444127,0.6470588235294118
2024-07-04 08:00:00,88.0,150.0,14,7,6,450.8935730720681,187.84727453744503,203.49168899813205,174.50550610915522,0.416611115695412,0.8575559373864998,0.4285714285714285
2024-07-04 08:00:00,88.0,160.0,2,2,2,46.55757839285658,40.25010505446695,46.55757839285658,40.25010505446695,0.8645231655915033,0.8645231655915033,1.0
2024-07-04 08:00:00,88.0,170.0,3,2,2,218.82022198400088,71.0,191.4931855962361,71.0,0.3244672697809034,0.3707703737808387,0.6666666666666666
2024-07-04 08:00:00,88.0,180.0,6,4,4,505.7357766581344,129.90539215673863,444.4524079113567,129.90539215673863,0.2568641534817728,0.2922818953039567,0.6666666666666666
2024-07-04 08:00:00,88.0,190.0,2,1,1,40.24791102756765,11.691658857400633,28.06740759588338,11.691658857400633,0.2904910729253122,0.4165564210894716,0.5
2024-07-04 08:00:00,88.0,200.0,22,20,20,6306.846713777843,5004.034236920794,6063.326017816562,5004.034236920794,0.7934288661224405,0.8252952624049688,0.9090909090909092
2024-07-04 08:00:00,88.0,210.0,20,19,19,1923.2370177273317,1492.8939557747422,1871.9098192850429,1492.8939557747422,0.7762402356101064,0.7975245070005232,0.95
2024-07-04 08:00:00,88.0,220.0,11,6,6,665.5116051599407,218.7527323243479,417.0914685614671,218.7527323243479,0.3286985991352857,0.5244718456573036,0.5454545454545454
2024-07-04 08:00:00,88.0,260.0,36,36,36,16312.079989230357,14903.55117789708,16312.079989230357,14903.55117789708,0.913651182910872,0.913651182910872,1.0
2024-07-04 08:00:00,88.0,270.0,85,84,84,7578.457646514735,7137.323474161339,7548.742960409319,7137.323474161339,0.9417910354679796,0.9454982785338246,0.9882352941176472
2024-07-04 08:00:00,88.0,280.0,31,34,31,1579.9081924171396,1544.4805130431023,1579.9081924171396,1492.3447762444807,0.9775761151539852,0.944576895927925,1.0
2024-07-04 08:00:00,88.0,290.0,27,27,27,3541.1171787791063,3318.2808547284862,3541.1171787791063,3318.2808547284862,0.9370717452147548,0.9370717452147548,1.0
2024-07-04 08:00:00,88.0,300.0,17,17,17,5709.488726465154,5439.0526005125885,5709.488726465154,5439.0526005125885,0.9526339154154004,0.9526339154154004,1.0
2024-07-04 08:00:00,88.0,310.0,3,2,2,564.9141171501782,382.8654725513287,459.32633162813545,382.8654725513287,0.6777410245698405,0.8335369565995,0.6666666666666666
2024-07-05 08:00:00,112.0,40.0,17,17,17,3534.539655039498,3423.2419207063185,3534.539655039498,3423.2419207063185,0.9685113918089748,0.9685113918089748,1.0
2024-07-05 08:00:00,112.0,50.0,27,25,24,2802.915732408413,2680.8595097571,2770.5268375398828,2666.440263640146,0.9564538379659252,0.9624307649760356,0.8888888888888888
2024-07-05 08:00:00,112.0,60.0,34,33,33,1130.6023817104185,1016.9210717645914,1118.6697656879712,1016.9210717645914,0.8994506717968825,0.9090449236725324,0.9705882352941176
2024-07-05 08:00:00,112.0,70.0,101,98,98,39619.03733048998,37787.13772613977,39408.07264866493,37787.13772613977,0.9537621374020512,0.9588679472610526,0.9702970297029704
2024-07-05 08:00:00,112.0,80.0,96,89,89,30561.120430505383,29732.89498702191,30424.796213652997,29732.89498702191,0.9728993756833352,0.977258640558434,0.9270833333333334
2024-07-05 08:00:00,112.0,90.0,79,74,74,17301.684938528302,16753.85575526044,17219.02089402091,16753.85575526044,0.9683366570819976,0.9729853897254988,0.9367088607594936
2024-07-05 08:00:00,112.0,100.0,93,90,88,14347.639675725795,13670.32055113548,14197.299542758215,13635.433913076706,0.9527922961616992,0.9604244717110229,0.946236559139785
2024-07-05 08:00:00,112.0,110.0,88,87,87,17872.07056123963,17118.708322611907,17849.613747101706,17118.708322611907,0.9578469525371284,0.9590520313298948,0.9886363636363636
2024-07-05 08:00:00,112.0,120.0,62,58,58,14841.737848889326,14220.128711566353,14658.163775172352,14220.128711566353,0.9581174965053374,0.9701166482838776,0.935483870967742
2024-07-05 08:00:00,112.0,130.0,88,75,75,8997.89158260157,8017.675940739806,8573.47687896006,8017.675940739806,0.8910616300648565,0.9351720490919816,0.8522727272727273
2024-07-05 08:00:00,112.0,140.0,35,29,26,1480.7586756274538,1204.4277477067824,1231.9142136166622,1161.284904790014,0.8133855756046274,0.942667023364156,0.7428571428571429
2024-07-05 08:00:00,112.0,150.0,12,8,6,424.61083964861575,201.99734037394632,202.75798134321187,177.57595021306815,0.4757234660827501,0.8758025160670856,0.5
2024-07-05 08:00:00,112.0,160.0,2,2,2,46.99770501229826,41.19743293135269,46.99770501229826,41.19743293135269,0.8765839293763863,0.8765839293763863,1.0
2024-07-05 08:00:00,112.0,170.0,3,3,3,201.58929883115127,134.65733384112747,201.58929883115127,134.65733384112747,0.6679785813130626,0.6679785813130626,1.0
2024-07-05 08:00:00,112.0,180.0,6,4,4,491.3939574389663,170.09099462382818,432.5930692028396,170.09099462382818,0.3461397765456943,0.3931893660184227,0.6666666666666666
2024-07-05 08:00:00,112.0,190.0,2,0,0,40.43972652721124,,,,,,0.0
2024-07-05 08:00:00,112.0,200.0,22,21,21,6236.926866132411,5735.3083560444775,6199.141650733397,5735.3083560444775,0.9195728087158102,0.925177819636684,0.9545454545454546
2024-07-05 08:00:00,112.0,210.0,20,20,20,1791.1414252697048,1543.8918920855854,1791.1414252697048,1543.8918920855854,0.8619597929589009,0.8619597929589009,1.0
2024-07-05 08:00:00,112.0,220.0,11,6,6,617.1674508264147,206.9656549439228,394.8975253092715,206.9656549439228,0.335347651057726,0.5240996503633031,0.5454545454545454
2024-07-05 08:00:00,112.0,260.0,36,36,36,16165.065682149903,14959.745213746435,16165.065682149903,14959.745213746435,0.9254367107376228,0.9254367107376228,1.0
2024-07-05 08:00:00,112.0,270.0,85,85,85,7355.708597470875,7016.398480534214,7355.708597470875,7016.398480534214,0.9538711855641852,0.9538711855641852,1.0
2024-07-05 08:00:00,112.0,280.0,31,33,31,1506.7919297800795,1495.2762741054232,1506.7919297800795,1465.2784100368322,0.9923575010941708,0.9724490694947466,1.0
2024-07-05 08:00:00,112.0,290.0,28,27,27,3318.7248308875323,3142.5498173120573,3305.4324973784733,3142.5498173120573,0.9469148475535526,0.9507227328963463,0.9642857142857144
2024-07-05 08:00:00,112.0,300.0,17,18,17,5537.230498946858,5177.147657928476,5537.230498946858,5157.34297824579,0.9349705884400394,0.9313939485139152,1.0
2024-07-05 08:00:00,112.0,310.0,3,2,2,559.620162537316,410.7989036192107,462.7486749741129,410.7989036192107,0.7340673748362636,0.8877365313735186,0.6666666666666666
2024-07-06 08:00:00,136.0,40.0,17,17,17,3677.4731577683274,3565.2872855120218,3677.4731577683274,3565.2872855120218,0.9694937617642913,0.9694937617642913,1.0
2024-07-06 08:00:00,136.0,50.0,29,28,28,2692.217068533083,2648.679132696087,2681.436163496925,2648.679132696087,0.983828222342889,0.987783773767667,0.9655172413793104
2024-07-06 08:00:00,136.0,60.0,33,34,33,1279.4364938398312,1261.4518096452755,1279.4364938398312,1237.4537364059947,0.9859432771527564,0.967186524977228,1.0
2024-07-06 08:00:00,136.0,70.0,102,102,99,39525.235108564426,38156.75095390793,39410.54084572843,38118.82316465046,0.9653769509302688,0.967224055966794,0.9705882352941176
2024-07-06 08:00:00,136.0,80.0,96,92,89,27786.349530491432,26995.05604022778,27546.11046123901,26955.67865862265,0.9715222221114248,0.978565692479627,0.9270833333333334
2024-07-06 08:00:00,136.0,90.0,79,80,78,17859.42029692727,17421.352042137223,17652.102856548434,17359.975306017128,0.9754713060386726,0.9834508356933274,0.9873417721518988
2024-07-06 08:00:00,136.0,100.0,93,91,91,14044.522694392555,13582.995188391857,14006.654853268185,13582.995188391857,0.967138256240992,0.969752973189207,0.978494623655914
2024-07-06 08:00:00,136.0,110.0,89,88,88,17919.553232555318,17405.072934013457,17908.753789579227,17405.072934013457,0.9712894461226198,0.9718751588478004,0.9887640449438202
2024-07-06 08:00:00,136.0,120.0,62,60,59,15254.149995286356,14943.884597153105,15148.935572250575,14933.465838781356,0.9796602630609292,0.98577657602136,0.9516129032258064
2024-07-06 08:00:00,136.0,130.0,86,79,77,9146.164940862036,8547.076153079026,8907.183237446197,8502.007324809081,0.9344983617005987,0.954511330705117,0.8953488372093024
2024-07-06 08:00:00,136.0,140.0,34,26,25,1509.5433316657602,1240.4523290273592,1244.8444956570834,1225.6505601648591,0.8217401269684237,0.9845812584951884,0.7352941176470589
2024-07-06 08:00:00,136.0,150.0,13,8,7,455.87136446618496,226.87733709103432,232.68804664176855,212.11438750345465,0.4976784127616845,0.9115826556832642,0.5384615384615384
2024-07-06 08:00:00,136.0,160.0,2,2,2,45.18893623336504,36.75924737207955,45.18893623336504,36.75924737207955,0.8134567979703521,0.8134567979703521,1.0
2024-07-06 08:00:00,136.0,170.0,3,3,3,201.2916185829924,159.80484523012836,201.2916185829924,159.80484523012836,0.7938971644973928,0.7938971644973928,1.0
2024-07-06 08:00:00,136.0,180.0,5,5,5,510.3900542425679,207.6322694965218,510.3900542425679,207.6322694965218,0.4068109630479644,0.4068109630479644,1.0
2024-07-06 08:00:00,136.0,190.0,2,1,1,36.15183005253062,16.868295165688146,23.81621774329784,16.868295165688146,0.4665958857733502,0.7082692704401008,0.5
2024-07-06 08:00:00,136.0,200.0,21,21,21,6001.7872687450745,5824.79699062238,6001.7872687450745,5824.79699062238,0.9705104046182392,0.9705104046182392,1.0
2024-07-06 08:00:00,136.0,210.0,20,19,19,2053.321311511555,1818.043901477862,2008.122060735414,1818.043901477862,0.8854161748993423,0.9053453159177278,0.95
2024-07-06 08:00:00,136.0,220.0,11,7,7,704.379551864323,244.3699673779328,489.94032176077314,244.3699673779328,0.3469293887523344,0.4987749661013881,0.6363636363636364
2024-07-06 08:00:00,136.0,260.0,36,36,36,15148.106192402596,13869.477774798794,15148.106192402596,13869.477774798794,0.9155915332673672,0.9155915332673672,1.0
2024-07-06 08:00:00,136.0,270.0,85,84,84,8074.927788147862,7602.407774118397,8035.878462323583,7602.407774118397,0.9414830662977548,0.9460580831034808,0.9882352941176472
2024-07-06 08:00:00,136.0,280.0,31,34,31,1671.32481801546,1627.594384488909,1671.32481801546,1583.3362590086422,0.9738348685694284,0.9473540044051426,1.0
2024-07-06 08:00:00,136.0,290.0,27,28,27,3519.6238616679248,3325.9659111916167,3519.6238616679248,3286.7448113049813,0.9449776572475744,0.9338341085536954,1.0
2024-07-06 08:00:00,136.0,300.0,17,17,17,5130.218491919972,4741.946045496692,5130.218491919972,4741.946045496692,0.9243165867038988,0.9243165867038988,1.0
2024-07-06 08:00:00,136.0,310.0,3,3,3,531.5588689859279,488.6306650220501,531.5588689859279,488.6306650220501,0.9192409223727686,0.9192409223727686,1.0
2024-07-07 08:00:00,160.0,40.0,17,16,16,3573.850833935282,3651.98135232403,3542.795718284645,3651.98135232403,1.0218617177994291,1.030819060064872,0.9411764705882352
2024-07-07 08:00:00,160.0,50.0,29,29,28,2694.805915900469,2746.7548217109,2684.31428457038,2736.100175217093,1.0192774201303,1.0192920370555647,0.9655172413793104
2024-07-07 08:00:00,160.0,60.0,34,36,34,1461.0184443808091,1456.0924754305934,1461.0184443808091,1418.7071730579237,0.9966284005727912,0.9710398787327988,1.0
2024-07-07 08:00:00,160.0,70.0,103,101,100,40368.28289719689,38898.915084236345,40291.58826731767,38888.83543714926,0.9636009335174726,0.9651849705982865,0.970873786407767
2024-07-07 08:00:00,160.0,80.0,97,91,91,27350.95678667882,26540.16241457516,27209.769492489027,26540.16241457516,0.97035590460592,0.9753909316248082,0.9381443298969072
2024-07-07 08:00:00,160.0,90.0,82,83,82,18157.293934447676,17947.903154742537,18157.293934447676,17937.23336468321,0.9884679523027446,0.9878803212329472,1.0
2024-07-07 08:00:00,160.0,100.0,93,91,91,14440.121670521132,14235.452252906294,14364.499837645384,14235.452252906294,0.9858263370430832,0.9910162145429602,0.978494623655914
2024-07-07 08:00:00,160.0,110.0,90,88,88,17892.096798744686,17300.394133109174,17871.717167511957,17300.394133109174,0.9669293838340386,0.9680320011195476,0.9777777777777776
2024-07-07 08:00:00,160.0,120.0,62,59,59,15467.796856906803,15016.31486599778,15222.400692621566,15016.31486599778,0.9708114869179042,0.9864616737671558,0.9516129032258064
2024-07-07 08:00:00,160.0,130.0,88,79,79,9585.258729487494,8869.200017039537,9346.030055919524,8869.200017039537,0.9252958388859012,0.9489804723474032,0.8977272727272727
2024-07-07 08:00:00,160.0,140.0,36,26,25,1674.2773659401696,1354.8124322203105,1367.466264723576,1341.3247990130378,0.8091923475651432,0.980883282911683,0.6944444444444444
2024-07-07 08:00:00,160.0,150.0,14,8,8,491.7751219285986,248.31819724825831,280.6568820598836,248.31819724825831,0.5049425767501755,0.8847750157620392,0.5714285714285714
2024-07-07 08:00:00,160.0,160.0,2,2,2,52.60872895642077,46.37704675901861,52.60872895642077,46.37704675901861,0.8815466117312154,0.8815466117312154,1.0
2024-07-07 08:00:00,160.0,170.0,3,3,3,194.58574743175944,160.58791671689175,194.58574743175944,160.58791671689175,0.8252809819650816,0.8252809819650816,1.0
2024-07-07 08:00:00,160.0,180.0,5,5,5,519.4083317205484,243.88836019612623,519.4083317205484,243.88836019612623,0.4695503427683613,0.4695503427683613,1.0
2024-07-07 08:00:00,160.0,190.0,2,0,0,39.58802121047096,,,,,,0.0
2024-07-07 08:00:00,160.0,200.0,21,21,21,5915.970004522984,5972.4559841054415,5915.970004522984,5972.4559841054415,1.0095480503686245,1.0095480503686245,1.0
2024-07-07 08:00:00,160.0,210.0,20,19,19,2176.899939793655,2076.28474478657,2124.021821738785,2076.28474478657,0.95378051458965,0.9775251475932876,0.95
2024-07-07 08:00:00,160.0,220.0,10,10,8,700.8885676638315,400.911469061819,630.2834041210991,358.18288095362493,0.5720045775580533,0.5682886120936252,0.8
2024-07-07 08:00:00,160.0,260.0,36,36,36,15307.30569919158,14325.0354807081,15307.30569919158,14325.0354807081,0.9358299731000108,0.9358299731000108,1.0
2024-07-07 08:00:00,160.0,270.0,85,84,84,8950.020372141165,8713.351836070238,8909.490723421795,8713.351836070238,0.9735566483393034,0.9779853985552804,0.9882352941176472
2024-07-07 08:00:00,160.0,280.0,32,33,32,1897.765827660879,1831.6781448860395,1897.765827660879,1815.338869073235,0.9651760602854268,0.956566317410594,1.0
2024-07-07 08:00:00,160.0,290.0,28,28,28,3791.382931185595,3690.553858150757,3791.382931185595,3690.553858150757,0.973405726916825,0.973405726916825,1.0
2024-07-07 08:00:00,160.0,300.0,17,17,17,4951.786326311312,4737.492976808557,4951.786326311312,4737.492976808557,0.956724031413854,0.956724031413854,1.0
2024-07-07 08:00:00,160.0,310.0,3,3,3,556.7632781734009,502.8028870724168,556.7632781734009,502.8028870724168,0.903081986157538,0.903081986157538,1.0
2024-07-08 08:00:00,184.0,40.0,17,17,17,3474.7891501618383,3569.536493013122,3474.7891501618383,3569.536493013122,1.0272670768661951,1.0272670768661951,1.0
2024-07-08 08:00:00,184.0,50.0,26,25,25,2872.185791596094,2842.2514167406894,2860.4946175332075,2842.2514167406894,0.989577841745826,0.9936223614333348,0.9615384615384616
2024-07-08 08:00:00,184.0,60.0,32,31,30,1163.4249873647602,1062.6892319002377,1128.653995782825,1050.51726160156,0.913414481759846,0.9307699840046462,0.9375
2024-07-08 08:00:00,184.0,70.0,100,103,100,40779.11994368787,39095.33734345156,40779.11994368787,38993.537323194905,0.9587096876401096,0.9562133115437832,1.0
2024-07-08 08:00:00,184.0,80.0,96,91,90,31006.59602614743,30413.81685551119,30826.504869886558,30398.480245246137,0.9808821590691104,0.98611504526877,0.9375
2024-07-08 08:00:00,184.0,90.0,79,78,77,17806.56115209586,17109.02658834019,17776.83990237609,17031.029931112484,0.9608271042455848,0.9580459758112622,0.9746835443037974
2024-07-08 08:00:00,184.0,100.0,93,91,90,14882.981200436869,14341.704461343075,14814.521500280429,14319.74046315053,0.9636311615392014,0.9666016187481634,0.967741935483871
2024-07-08 08:00:00,184.0,110.0,89,89,89,18283.769821961923,17334.000677068827,18283.769821961923,17334.000677068827,0.9480539760595618,0.9480539760595618,1.0
2024-07-08 08:00:00,184.0,120.0,61,61,59,15161.583013650172,14648.264334462048,14991.742257188522,14623.567153651342,0.9661434641273292,0.9754414732309956,0.9672131147540984
2024-07-08 08:00:00,184.0,130.0,87,81,80,9266.89354985056,8484.065494463413,9104.276293779933,8470.541792610704,0.9155242205841708,0.9303915565916868,0.9195402298850576
2024-07-08 08:00:00,184.0,140.0,36,27,26,1534.1653288368184,1231.9244711933252,1264.951074923713,1219.1323016572887,0.802993294162991,0.9637782249647978,0.7222222222222222
2024-07-08 08:00:00,184.0,150.0,12,8,7,420.2392837409819,219.3359520940142,221.76787556623404,208.21544661164512,0.5219311011133453,0.9388891248564027,0.5833333333333334
2024-07-08 08:00:00,184.0,160.0,2,2,2,42.97172062029948,38.213310044339536,42.97172062029948,38.213310044339536,0.8892664639145934,0.8892664639145934,1.0
2024-07-08 08:00:00,184.0,170.0,3,3,3,213.4804164518845,157.84823093277564,213.4804164518845,157.84823093277564,0.7394037989819661,0.7394037989819661,1.0
2024-07-08 08:00:00,184.0,180.0,5,5,5,519.5412199267523,238.8058478308544,519.5412199267523,238.8058478308544,0.4596475480126919,0.4596475480126919,1.0
2024-07-08 08:00:00,184.0,190.0,2,1,1,39.48604801891741,17.697655946488872,26.03929560924288,17.697655946488872,0.4482002336118845,0.6796518696998445,0.5
2024-07-08 08:00:00,184.0,200.0,22,21,21,6303.842857217112,5970.576757404202,6275.600390737242,5970.576757404202,0.9471328668303712,0.9513953065298336,0.9545454545454546
2024-07-08 08:00:00,184.0,210.0,21,20,19,1952.4650034098936,1967.0013416319607,1892.120672421688,1931.2195570398287,1.0074451210119924,1.020664054459116,0.9047619047619048
2024-07-08 08:00:00,184.0,220.0,11,10,10,678.2932904977266,436.079621062289,642.3088516555754,436.079621062289,0.6429071718257702,0.6789251307035195,0.9090909090909092
2024-07-08 08:00:00,184.0,260.0,36,35,35,16108.840294140464,15015.251990324268,15815.217799646194,15015.251990324268,0.9321125367284208,0.949417970750942,0.9722222222222222
2024-07-08 08:00:00,184.0,270.0,85,84,84,7992.665829376394,7337.539145244583,7954.611536870068,7337.539145244583,0.9180340204235804,0.9224258294996154,0.9882352941176472
2024-07-08 08:00:00,184.0,280.0,31,32,31,1657.6434023410995,1529.756478331907,1657.6434023410995,1517.1967770858528,0.9228501595526656,0.91527331809912,1.0
2024-07-08 08:00:00,184.0,290.0,27,28,27,3532.8568625915213,3346.2846794233437,3532.8568625915213,3309.330680311075,0.9471894304171388,0.9367293408778302,1.0
2024-07-08 08:00:00,184.0,300.0,17,17,17,5554.625787575602,5309.951358965062,5554.625787575602,5309.951358965062,0.9559512309257954,0.9559512309257954,1.0
2024-07-08 08:00:00,184.0,310.0,3,3,3,538.1885829123117,526.1363431201748,538.1885829123117,526.1363431201748,0.9776059170060458,0.9776059170060458,1.0
2024-07-09 08:00:00,208.0,40.0,17,17,17,3408.2997067981023,3541.2357050052647,3408.2997067981023,3541.2357050052647,1.039003611666548,1.039003611666548,1.0
2024-07-09 08:00:00,208.0,50.0,26,24,24,2856.7049946162447,2830.4202932945827,2835.967886430035,2830.4202932945827,0.9907989444583188,0.9980438448679207,0.9230769230769232
2024-07-09 08:00:00,208.0,60.0,32,31,30,1113.6619755040126,1077.9226756639569,1085.8340614241836,1067.6802788510267,0.9679083055485654,0.9832812551953416,0.9375
2024-07-09 08:00:00,208.0,70.0,100,102,99,40646.55376658992,38745.88560276228,40607.120061522335,38648.975653557456,0.9532391312990004,0.9517782988550244,0.99
2024-07-09 08:00:00,208.0,80.0,94,91,90,31321.33171155481,30369.412045877376,31212.839695834493,30356.523282062848,0.9696079440541074,0.9725652512838836,0.9574468085106383
2024-07-09 08:00:00,208.0,90.0,79,77,77,17765.171548460065,16946.24928002259,17554.34952883174,16946.24928002259,0.9539029349531688,0.9653589984744014,0.9746835443037974
2024-07-09 08:00:00,208.0,100.0,94,92,90,14845.445745535031,14415.214131740362,14713.311008502393,14375.44760817941,0.9710192862397502,0.9770368885611308,0.9574468085106383
2024-07-09 08:00:00,208.0,110.0,88,88,88,18168.466721537065,17335.124130385215,18168.466721537065,17335.124130385215,0.9541324755729664,0.9541324755729664,1.0
2024-07-09 08:00:00,208.0,120.0,63,59,58,15077.12260867546,14351.930397008417,14887.503560401536,14337.39659160599,0.9519011531252144,0.963049078943044,0.9206349206349206
2024-07-09 08:00:00,208.0,130.0,86,80,80,9178.410537011792,8361.199399626686,9013.615927215822,8361.199399626686,0.910963762833476,0.9276187788721704,0.9302325581395348
2024-07-09 08:00:00,208.0,140.0,36,26,26,1533.6850283638853,1201.0237542160655,1266.339742546951,1201.0237542160655,0.7830967454232123,0.9484214337303216,0.7222222222222222
2024-07-09 08:00:00,208.0,150.0,13,8,7,438.6556432863986,199.37235383278096,232.2157236655404,189.31541619335812,0.4545076687925125,0.8152566639545415,0.5384615384615384
2024-07-09 08:00:00,208.0,160.0,2,2,2,46.93917993636589,39.07995220553191,46.93917993636589,39.07995220553191,0.8325657213975934,0.8325657213975934,1.0
2024-07-09 08:00:00,208.0,170.0,3,3,3,220.80619055785,164.91764805701138,220.80619055785,164.91764805701138,0.7468886974606985,0.7468886974606985,1.0
2024-07-09 08:00:00,208.0,180.0,5,5,5,527.0854115805818,279.52059420114153,527.0854115805818,279.52059420114153,0.5303136608598926,0.5303136608598926,1.0
2024-07-09 08:00:00,208.0,190.0,2,1,1,42.02671225847397,20.00946009668077,28.00550579232264,20.00946009668077,0.4761129058494506,0.7144830821861505,0.5
2024-07-09 08:00:00,208.0,200.0,22,21,21,6363.562591925087,5892.303399465895,6351.951839700746,5892.303399465895,0.9259441255347772,0.9276366616380852,0.9545454545454546
2024-07-09 08:00:00,208.0,210.0,20,20,20,1922.8720890754385,1972.6812092813288,1922.8720890754385,1972.6812092813288,1.0259035015843616,1.0259035015843616,1.0
2024-07-09 08:00:00,208.0,220.0,11,9,9,662.4861719256681,510.79135639197904,617.8546935243188,510.79135639197904,0.7710219141740675,0.8267176113502717,0.8181818181818182
2024-07-09 08:00:00,208.0,260.0,36,36,36,16286.599920697749,14866.180606778627,16286.599920697749,14866.180606778627,0.9127860129901032,0.9127860129901032,1.0
2024-07-09 08:00:00,208.0,270.0,85,84,84,7706.4152700173345,7388.550342281552,7672.087601851376,7388.550342281552,0.9587532054011584,0.9630430106792052,0.9882352941176472
2024-07-09 08:00:00,208.0,280.0,32,33,32,1599.7243567870023,1504.7667938398938,1599.7243567870023,1487.403813889477,0.9406412970183012,0.9297875647007602,1.0
2024-07-09 08:00:00,208.0,290.0,27,26,26,3482.691879502302,3231.6359200696184,3447.220444179324,3231.6359200696184,0.9279132440884892,0.9374613467282829,0.9629629629629628
2024-07-09 08:00:00,208.0,300.0,17,16,16,5546.734898907473,5403.578342180816,5535.488230832754,5403.578342180816,0.9741908421195948,0.9761701437793332,0.9411764705882352
2024-07-09 08:00:00,208.0,310.0,3,3,3,558.861568788715,525.6142292677278,558.861568788715,525.6142292677278,0.9405088104500584,0.9405088104500584,1.0
2024-07-10 08:00:00,232.0,40.0,17,17,17,3375.2122252371823,3505.15152239981,3375.2122252371823,3505.15152239981,1.0384981116716288,1.0384981116716288,1.0
2024-07-10 08:00:00,232.0,50.0,26,27,26,2738.217679888517,2784.3016949192584,2738.217679888517,2773.937697168635,1.016829931151645,1.013044988184275,1.0
2024-07-10 08:00:00,232.0,60.0,32,33,31,1143.676510144467,1127.3970150664684,1128.115672782409,1103.0697484946345,0.9857656470745016,0.9777984431100036,0.96875
2024-07-10 08:00:00,232.0,70.0,101,98,98,40203.41441528823,38592.63591162421,39735.71197759218,38592.63591162421,0.9599342860030444,0.9712330292052505,0.9702970297029704
2024-07-10 08:00:00,232.0,80.0,95,91,89,30463.13448839925,30174.533393214493,30233.414933446707,30148.666931771288,0.9905262179998364,0.9971968763084826,0.936842105263158
2024-07-10 08:00:00,232.0,90.0,80,77,77,17594.122498611563,16868.241404370074,17318.675377407242,16868.241404370074,0.958742978270228,0.9739914304517322,0.9625
2024-07-10 08:00:00,232.0,100.0,93,92,92,14702.034628988627,14387.654161702158,14677.543234103012,14387.654161702158,0.9786165333424944,0.9802494826431646,0.989247311827957
2024-07-10 08:00:00,232.0,110.0,88,89,88,17951.28613996736,17365.463299743144,17951.28613996736,17351.187999310132,0.9673659683402897,0.9665707439579412,1.0
2024-07-10 08:00:00,232.0,120.0,62,59,59,15018.908011972102,14412.454940305714,14808.698165907192,14412.454940305714,0.959620694714758,0.9732425348155374,0.9516129032258064
2024-07-10 08:00:00,232.0,130.0,87,82,80,9160.305867630952,8347.032341665581,8999.077429531504,8321.295867135246,0.9112176451619184,0.9246832169515466,0.9195402298850576
2024-07-10 08:00:00,232.0,140.0,35,25,24,1527.3538904856437,1160.7376020627485,1237.2965218654786,1148.853863345471,0.7599663766814877,0.9285194317149924,0.6857142857142857
2024-07-10 08:00:00,232.0,150.0,13,8,7,448.2979940463538,223.7189270720436,238.8862991373489,212.93445613914537,0.4990406605498018,0.891363200435022,0.5384615384615384
2024-07-10 08:00:00,232.0,160.0,2,2,2,48.196199142447576,38.34947169960353,48.196199142447576,38.34947169960353,0.7956949382306832,0.7956949382306832,1.0
2024-07-10 08:00:00,232.0,170.0,3,3,3,228.98104793738835,177.23002511607203,228.98104793738835,177.23002511607203,0.7739942965259426,0.7739942965259426,1.0
2024-07-10 08:00:00,232.0,180.0,5,5,5,512.5682934661563,325.75845527096385,512.5682934661563,325.75845527096385,0.6355415647504793,0.6355415647504793,1.0
2024-07-10 08:00:00,232.0,190.0,2,0,0,45.44623500201187,,,,,,0.0
2024-07-10 08:00:00,232.0,200.0,22,21,21,6341.590333951235,6491.865917565019,6329.6679644197375,6491.865917565019,1.023696829296785,1.0256250334230843,0.9545454545454546
2024-07-10 08:00:00,232.0,210.0,20,20,20,1933.7095052421207,1848.1329764081256,1933.7095052421207,1848.1329764081256,0.9557448889804776,0.9557448889804776,1.0
2024-07-10 08:00:00,232.0,220.0,11,10,10,682.7332380678337,508.0287359374961,647.5464875269344,508.0287359374961,0.7441101554909508,0.7845440377226429,0.9090909090909092
2024-07-10 08:00:00,232.0,260.0,36,35,35,15973.66311133122,14852.606876625528,15717.428444090516,14852.606876625528,0.929818462622362,0.9449769044254728,0.9722222222222222
2024-07-10 08:00:00,232.0,270.0,85,84,84,7672.32290637098,7289.768349367702,7626.617779189501,7289.768349367702,0.950138365958814,0.9558323965387452,0.9882352941176472
2024-07-10 08:00:00,232.0,280.0,31,32,31,1582.13167884853,1566.4285841809565,1582.13167884853,1555.5522683233348,0.990074723313168,0.983200253884974,1.0
2024-07-10 08:00:00,232.0,290.0,27,29,27,3446.3829881643683,3329.937586752415,3446.3829881643683,3239.051964835371,0.9662122863849282,0.939840979937222,1.0
2024-07-10 08:00:00,232.0,300.0,17,17,16,5479.887927929137,5272.08454075861,5463.279821404003,5242.081166231067,0.9620788983454528,0.959511747081611,0.9411764705882352
2024-07-10 08:00:00,232.0,310.0,3,3,3,542.931726671149,497.0592938469174,542.931726671149,497.0592938469174,0.9155097582793936,0.9155097582793936,1.0
2024-07-11 08:00:00,256.0,40.0,17,17,17,3435.0915727568417,3555.495633915699,3435.0915727568417,3555.495633915699,1.035051194010012,1.035051194010012,1.0
2024-07-11 08:00:00,256.0,50.0,26,25,25,2828.2478210150416,2867.038747415854,2817.2214242646587,2867.038747415854,1.01371553302811,1.0176831408146054,0.9615384615384616
2024-07-11 08:00:00,256.0,60.0,32,34,31,1116.2186645817476,1059.5334560759995,1105.2537988973727,1022.9666368069694,0.9492167526808124,0.9255490800642396,0.96875
2024-07-11 08:00:00,256.0,70.0,101,100,100,40197.21916329186,38626.37970422695,40169.55938092038,38626.37970422695,0.9609216883216788,0.9615833556435174,0.99009900990099
2024-07-11 08:00:00,256.0,80.0,94,93,90,30857.268453422992,30025.739107404035,30541.478058822828,29988.303024688485,0.9730523993958152,0.98188774514878,0.9574468085106383
2024-07-11 08:00:00,256.0,90.0,79,78,78,17556.293791580974,16980.723672810327,17535.492809824376,16980.723672810327,0.9672157389478946,0.96836307122756,0.9873417721518988
2024-07-11 08:00:00,256.0,100.0,93,92,90,14686.994544926602,14349.871080891096,14633.331029484716,14301.964425338148,0.9770461231530884,0.977355353782478,0.967741935483871
2024-07-11 08:00:00,256.0,110.0,88,89,88,17971.09371302687,17297.162115601786,17971.09371302687,17283.757622639485,0.962499132874892,0.961753240990049,1.0
2024-07-11 08:00:00,256.0,120.0,62,63,60,14986.443478768368,14455.97426533333,14907.162177371512,14419.95987032197,0.9646033954495898,0.9673175684779832,0.967741935483871
2024-07-11 08:00:00,256.0,130.0,88,80,77,9154.772558019164,8365.776774279719,8955.832698545795,8326.413196435633,0.9138159054483204,0.929719600254216,0.875
2024-07-11 08:00:00,256.0,140.0,34,25,23,1490.6020452341183,1225.2225853735968,1196.3431743857911,1188.680637504985,0.821964916317527,0.9935950343974336,0.6764705882352942
2024-07-11 08:00:00,256.0,150.0,14,7,6,450.893573072068,205.12612083625032,203.49168899813205,190.233308462278,0.4549324565410566,0.9348455919692338,0.4285714285714285
2024-07-11 08:00:00,256.0,160.0,2,2,2,46.55757839285658,37.75502289153676,46.55757839285658,37.75502289153676,0.8109318438548682,0.8109318438548682,1.0
2024-07-11 08:00:00,256.0,170.0,3,3,3,218.82022198400088,211.2994422403077,218.82022198400088,211.2994422403077,0.965630325773808,0.965630325773808,1.0
2024-07-11 08:00:00,256.0,180.0,6,5,5,505.7357766581344,363.567593825609,493.73248425123415,363.567593825609,0.7188884208035222,0.7363655530524276,0.8333333333333334
2024-07-11 08:00:00,256.0,190.0,2,0,0,40.24791102756765,,,,,,0.0
2024-07-11 08:00:00,256.0,200.0,22,20,20,6306.8467137778425,6293.283352702063,6235.778194599638,6293.283352702063,0.9978494227477974,1.009221809421032,0.9090909090909092
2024-07-11 08:00:00,256.0,210.0,20,20,20,1923.237017727332,1867.4437256326269,1923.237017727332,1867.4437256326269,0.970989903178634,0.970989903178634,1.0
2024-07-11 08:00:00,256.0,220.0,11,10,10,665.5116051599409,529.9305719454502,631.5459460663361,529.9305719454502,0.7962754786493815,0.8391005836490438,0.9090909090909092
2024-07-11 08:00:00,256.0,260.0,36,36,36,16312.079989230351,14776.81646463623,16312.079989230351,14776.81646463623,0.9058818050421684,0.9058818050421684,1.0
2024-07-11 08:00:00,256.0,270.0,85,84,84,7578.457646514735,7233.2120968581885,7548.742960409319,7233.2120968581885,0.9544438240919216,0.958200873283673,0.9882352941176472
2024-07-11 08:00:00,256.0,280.0,31,31,30,1579.9081924171392,1528.7787587494042,1565.522813516447,1515.8364834005426,0.967637718499636,0.9682621487934118,0.967741935483871
2024-07-11 08:00:00,256.0,290.0,27,27,27,3541.117178779106,3229.087406708744,3541.117178779106,3229.087406708744,0.911883804935836,0.911883804935836,1.0
2024-07-11 08:00:00,256.0,300.0,17,17,17,5709.488726465153,5334.841250655808,5709.488726465153,5334.841250655808,0.9343816068726531,0.9343816068726531,1.0
2024-07-11 08:00:00,256.0,310.0,3,3,3,564.9141171501782,507.2355468993133,564.9141171501782,507.2355468993133,0.8978985150135104,0.8978985150135104,1.0
2024-07-12 08:00:00,280.0,40.0,17,16,16,3534.5396550394985,3859.297998146729,3499.4472610395774,3859.297998146729,1.0918813692312646,1.102830735903204,0.9411764705882352
2024-07-12 08:00:00,280.0,50.0,27,25,25,2802.915732408414,3009.985500974436,2781.7955113762746,3009.985500974436,1.0738765586748826,1.082029749729974,0.925925925925926
2024-07-12 08:00:00,280.0,60.0,34,35,33,1130.6023817104185,1191.049103738536,1114.8042205875984,1167.4668934382605,1.0534641736174937,1.0472393913461362,0.9705882352941176
2024-07-12 08:00:00,280.0,70.0,101,100,99,39619.037330489984,39060.23686571469,39207.43755270712,39048.11987939402,0.9858956576830994,0.9959365446135332,0.9801980198019802
2024-07-12 08:00:00,280.0,80.0,96,93,91,30561.12043050538,30083.105331587467,30389.78885762357,30058.221906122268,0.9843587181299556,0.9890895276352626,0.9479166666666666
2024-07-12 08:00:00,280.0,90.0,79,77,76,17301.684938528302,17200.301631079892,17068.910909380113,17188.570842174704,0.994140263921773,1.007010402329116,0.9620253164556962
2024-07-12 08:00:00,280.0,100.0,93,93,91,14347.6396757258,14543.508956025831,14305.677511452426,14493.381070613335,1.0136516726602367,1.0131209136380044,0.978494623655914
2024-07-12 08:00:00,280.0,110.0,88,89,88,17872.07056123963,17360.686764546816,17872.07056123963,17345.477845843387,0.9713864269425004,0.970535438879796,1.0
2024-07-12 08:00:00,280.0,120.0,62,60,60,14841.737848889325,14516.847704488684,14746.619551486305,14516.847704488684,0.978109696606388,0.9844186766875354,0.967741935483871
2024-07-12 08:00:00,280.0,130.0,88,80,78,8997.89158260157,8403.951516248413,8773.289430198643,8380.11352665762,0.9339911955038884,0.955184893115726,0.8863636363636364
2024-07-12 08:00:00,280.0,140.0,35,25,25,1480.7586756274543,1151.103854255969,1204.0465634713903,1151.103854255969,0.7773743778797731,0.956029350673298,0.7142857142857143
2024-07-12 08:00:00,280.0,150.0,12,9,8,424.6108396486158,229.96003726358992,323.7985589071904,215.11085498364395,0.5415783484328662,0.6643354303664478,0.6666666666666666
2024-07-12 08:00:00,280.0,160.0,2,2,2,46.99770501229826,44.35463676514213,46.99770501229826,44.35463676514213,0.9437617592930444,0.9437617592930444,1.0
2024-07-12 08:00:00,280.0,170.0,3,3,3,201.58929883115127,214.48166219142644,201.58929883115127,214.48166219142644,1.0639536098147435,1.0639536098147435,1.0
2024-07-12 08:00:00,280.0,180.0,6,5,5,491.3939574389663,358.3028935480752,479.6653819739568,358.3028935480752,0.729156083675649,0.7469851004747495,0.8333333333333334
2024-07-12 08:00:00,280.0,190.0,2,0,0,40.43972652721124,,,,,,0.0
2024-07-12 08:00:00,280.0,200.0,22,20,20,6236.926866132411,6430.639617380392,6144.741207116834,6430.639617380392,1.0310590063673626,1.04652733135977,0.9090909090909092
2024-07-12 08:00:00,280.0,210.0,20,19,19,1791.141425269704,1874.231109307508,1753.5130065466176,1874.231109307508,1.0463892369779189,1.0688435741908944,0.95
2024-07-12 08:00:00,280.0,220.0,11,10,10,617.1674508264147,605.8555931019017,599.7794150779636,605.8555931019017,0.9816713313228592,1.010130687834874,0.9090909090909092
2024-07-12 08:00:00,280.0,260.0,36,36,36,16165.065682149903,14653.42568409333,16165.065682149903,14653.42568409333,0.9064872343991904,0.9064872343991904,1.0
2024-07-12 08:00:00,280.0,270.0,85,85,84,7355.708597470875,7151.221311740051,7311.7676750965,7138.035822533446,0.9722001921336124,0.976239418389239,0.9882352941176472
2024-07-12 08:00:00,280.0,280.0,31,32,31,1506.79192978008,1550.7992046073207,1506.79192978008,1539.0329034313415,1.0292059400886648,1.021397097378911,1.0
2024-07-12 08:00:00,280.0,290.0,28,27,27,3318.7248308875323,3242.7434541568305,3305.4324973784737,3242.7434541568305,0.9771052495755178,0.98103454138865,0.9642857142857144
2024-07-12 08:00:00,280.0,300.0,17,17,17,5537.2304989468585,5526.850436359133,5537.2304989468585,5526.850436359133,0.9981254053647036,0.9981254053647036,1.0
2024-07-12 08:00:00,280.0,310.0,3,3,3,559.620162537316,533.2532128753794,559.620162537316,533.2532128753794,0.9528842035598056,0.9528842035598056,1.0
2024-07-13 08:00:00,304.0,40.0,17,17,17,3677.473157768327,3648.7645590578622,3677.473157768327,3648.7645590578622,0.9921933900048134,0.9921933900048134,1.0
2024-07-13 08:00:00,304.0,50.0,29,27,27,2692.217068533083,2662.383852103256,2668.4441505282657,2662.383852103256,0.9889187180415276,0.9977289019057004,0.9310344827586208
2024-07-13 08:00:00,304.0,60.0,33,36,33,1279.436493839831,1285.231431335294,1279.436493839831,1238.3421749207455,1.0045292888887916,0.9678809232682166,1.0
2024-07-13 08:00:00,304.0,70.0,102,100,100,39525.23510856443,38384.26529704091,39473.809009929566,38384.26529704091,0.9711331303054972,0.9723983132052296,0.9803921568627452
2024-07-13 08:00:00,304.0,80.0,96,90,90,27786.349530491432,26740.7377000834,27557.871231973742,26740.7377000834,0.9623695862149642,0.9703484523527974,0.9375
2024-07-13 08:00:00,304.0,90.0,79,78,77,17859.42029692727,17260.600677373914,17639.832209692635,17250.23341010042,0.9664703775599937,0.977913690166614,0.9746835443037974
2024-07-13 08:00:00,304.0,100.0,93,92,91,14044.522694392555,14003.867669964004,14006.654853268185,13985.69879472618,0.9971052754648057,0.9985038498655434,0.978494623655914
2024-07-13 08:00:00,304.0,110.0,89,88,88,17919.553232555318,17683.44177105255,17908.75378957923,17683.44177105255,0.9868238086944148,0.9874188890430898,0.9887640449438202
2024-07-13 08:00:00,304.0,120.0,62,59,58,15254.14999528635,14971.712177737058,15024.982317008593,14950.17300490554,0.9814845260052794,0.9950210049819248,0.935483870967742
2024-07-13 08:00:00,304.0,130.0,86,82,79,9146.164940862038,8657.195682052215,8986.488551650667,8605.132115540515,0.9465383292372884,0.957563353703922,0.9186046511627908
2024-07-13 08:00:00,304.0,140.0,34,28,26,1509.5433316657602,1298.539734927933,1282.766256170161,1253.1909514528438,0.8602202452148309,0.9769441201192668,0.7647058823529411
2024-07-13 08:00:00,304.0,150.0,13,8,8,455.8713644661849,251.96437127849836,327.2630047695367,251.96437127849836,0.5527093625929826,0.7699140067968736,0.6153846153846154
2024-07-13 08:00:00,304.0,160.0,2,2,2,45.18893623336504,37.239499642846425,45.18893623336504,37.239499642846425,0.8240844495770806,0.8240844495770806,1.0
2024-07-13 08:00:00,304.0,170.0,3,3,3,201.2916185829924,202.3515050834845,201.2916185829924,202.3515050834845,1.0052654278799749,1.0052654278799749,1.0
2024-07-13 08:00:00,304.0,180.0,5,5,5,510.3900542425679,365.26925876329153,510.3900542425679,365.26925876329153,0.7156668820777877,0.7156668820777877,1.0
2024-07-13 08:00:00,304.0,190.0,2,0,0,36.15183005253062,,,,,,0.0
2024-07-13 08:00:00,304.0,200.0,21,21,21,6001.7872687450745,6021.7084245281,6001.7872687450745,6021.7084245281,1.0033192039122691,1.0033192039122691,1.0
2024-07-13 08:00:00,304.0,210.0,20,19,19,2053.3213115115545,2054.868663857097,2008.1220607354137,2054.868663857097,1.0007535850998417,1.0232787657860618,0.95
2024-07-13 08:00:00,304.0,220.0,11,11,11,704.379551864323,662.9579939124243,704.379551864323,662.9579939124243,0.9411942640267368,0.9411942640267368,1.0
2024-07-13 08:00:00,304.0,260.0,36,36,36,15148.106192402594,14055.580820448831,15148.106192402594,14055.580820448831,0.9278770984255637,0.9278770984255637,1.0
2024-07-13 08:00:00,304.0,270.0,85,85,85,8074.927788147861,7621.502770218354,8074.927788147861,7621.502770218354,0.9438477928440387,0.9438477928440387,1.0
2024-07-13 08:00:00,304.0,280.0,31,34,31,1671.32481801546,1654.0284630866229,1671.32481801546,1607.3212751256283,0.98965111105729,0.9617049048755048,1.0
2024-07-13 08:00:00,304.0,290.0,27,27,27,3519.6238616679243,3262.6504361913626,3519.6238616679243,3262.6504361913626,0.9269883841068222,0.9269883841068222,1.0
2024-07-13 08:00:00,304.0,300.0,17,17,17,5130.218491919972,5194.16195081199,5130.218491919972,5194.16195081199,1.012464081011896,1.012464081011896,1.0
2024-07-13 08:00:00,304.0,310.0,3,3,3,531.558868985928,514.6876861417421,531.558868985928,514.6876861417421,0.9682609324600836,0.9682609324600836,1.0
2024-07-14 08:00:00,328.0,40.0,17,17,17,3573.850833935282,3607.042660452824,3573.850833935282,3607.042660452824,1.0092874123906823,1.0092874123906823,1.0
2024-07-14 08:00:00,328.0,50.0,29,29,28,2694.8059159004683,2663.0194848145698,2684.314284570379,2652.504022992218,0.9882045564400964,0.9881495763141416,0.9655172413793104
2024-07-14 08:00:00,328.0,60.0,34,38,34,1461.0184443808091,1446.6220963055034,1461.0184443808091,1382.7669688467788,0.9901463611697202,0.9464404601906352,1.0
2024-07-14 08:00:00,328.0,70.0,103,104,101,40368.28289719689,38617.071080894166,40210.54131205166,38568.24789197178,0.95661911553775,0.959157639601642,0.9805825242718448
2024-07-14 08:00:00,328.0,80.0,97,94,91,27350.956786678824,26478.99311344825,27222.70079667272,26441.54189155812,0.9681194453257568,0.9713048712194612,0.9381443298969072
2024-07-14 08:00:00,328.0,90.0,82,81,80,18157.29393444767,17504.735761628017,17947.77407885583,17436.960420455798,0.964060824527292,0.9715388852034962,0.975609756097561
2024-07-14 08:00:00,328.0,100.0,93,93,91,14440.121670521134,13775.336553045396,14364.093934201615,13685.117575592503,0.9539626373901776,0.9527309998305958,0.978494623655914
2024-07-14 08:00:00,328.0,110.0,90,91,90,17892.096798744686,17365.14151198712,17892.096798744686,17353.063513148947,0.970548153596255,0.969873107011496,1.0
2024-07-14 08:00:00,328.0,120.0,62,64,62,15467.796856906809,14890.154863336493,15467.796856906809,14859.682514444376,0.9626551861965796,0.9606851351819448,1.0
2024-07-14 08:00:00,328.0,130.0,88,81,80,9585.258729487492,8215.029931365785,9390.789491118594,8202.426558714375,0.8570483242245281,0.8734544168487514,0.9090909090909092
2024-07-14 08:00:00,328.0,140.0,36,28,27,1674.2773659401694,1342.1672705640906,1454.2205336319546,1322.4216817986155,0.8016397389511465,0.9093680437146848,0.75
2024-07-14 08:00:00,328.0,150.0,14,8,8,491.7751219285986,261.20193401207547,355.7245043449941,261.20193401207547,0.5311410080845849,0.7342815319766464,0.5714285714285714
2024-07-14 08:00:00,328.0,160.0,2,2,2,52.60872895642077,48.131218919457936,52.60872895642077,48.131218919457936,0.9148903589616878,0.9148903589616878,1.0
2024-07-14 08:00:00,328.0,170.0,3,3,3,194.58574743175944,214.29944224030777,194.58574743175944,214.29944224030777,1.101311093277589,1.101311093277589,1.0
2024-07-14 08:00:00,328.0,180.0,5,5,5,519.4083317205484,339.67966618160585,519.4083317205484,339.67966618160585,0.6539742345996098,0.6539742345996098,1.0
2024-07-14 08:00:00,328.0,190.0,2,1,1,39.58802121047096,20.89909809061694,26.551292611262003,20.89909809061694,0.5279146936773178,0.7871216816672937,0.5
2024-07-14 08:00:00,328.0,200.0,21,22,21,5915.970004522985,6030.149551428896,5915.970004522985,5853.3125063341495,1.0193002241084077,0.989408753232195,1.0
2024-07-14 08:00:00,328.0,210.0,20,19,19,2176.8999397936545,2237.460824140219,2124.021821738785,2237.460824140219,1.0278197831877862,1.053407644516839,0.95
2024-07-14 08:00:00,328.0,220.0,10,11,10,700.8885676638314,682.1408502024146,700.8885676638314,652.9933354855278,0.9732515005574912,0.9316649830115712,1.0
2024-07-14 08:00:00,328.0,260.0,36,36,36,15307.305699191578,13742.298242506422,15307.305699191578,13742.298242506422,0.8977607498380458,0.8977607498380458,1.0
2024-07-14 08:00:00,328.0,270.0,85,86,85,8950.020372141162,8236.150151014728,8950.020372141162,8214.528038171702,0.9202381456752315,0.9178222726443356,1.0
2024-07-14 08:00:00,328.0,280.0,32,33,31,1897.765827660879,1798.580086310743,1887.102652345115,1768.0569815737952,0.9477355214724308,0.9369161658358218,0.96875
2024-07-14 08:00:00,328.0,290.0,28,27,27,3791.3829311855943,3572.9141295031886,3775.883741250188,3572.9141295031886,0.942377542535887,0.9462457994853952,0.9642857142857144
2024-07-14 08:00:00,328.0,300.0,17,18,17,4951.786326311312,5191.148109237597,4951.786326311312,5163.717105639677,1.0483384716449569,1.0427988538605293,1.0
2024-07-14 08:00:00,328.0,310.0,3,3,3,556.7632781734009,552.875257198833,556.7632781734009,552.875257198833,0.9930167431528109,0.9930167431528109,1.0
2024-07-15 08:00:00,352.0,40.0,17,17,17,3474.7891501618387,3376.120799965025,3474.7891501618387,3376.120799965025,0.9716045072282392,0.9716045072282392,1.0
2024-07-15 08:00:00,352.0,50.0,26,24,24,2872.1857915960945,2628.4946180493766,2848.487592425188,2628.4946180493766,0.9151548015244176,0.92276849828631,0.9230769230769232
2024-07-15 08:00:00,352.0,60.0,32,30,30,1163.4249873647602,1064.5990526793564,1134.3582451541745,1064.5990526793564,0.9150560321819704,0.9385033848232516,0.9375
2024-07-15 08:00:00,352.0,70.0,100,98,98,40779.11994368787,38797.45856120255,40712.13571486986,38797.45856120255,0.9514049988027744,0.9529703583453132,0.98
2024-07-15 08:00:00,352.0,80.0,96,91,90,31006.596026147425,30048.876070465754,30846.037946677567,30035.266390512515,0.969112379995726,0.973715536576639,0.9375
2024-07-15 08:00:00,352.0,90.0,79,78,78,17806.56115209586,17034.752988824188,17592.235935506647,17034.752988824188,0.9566559676133296,0.9683108532237632,0.9873417721518988
2024-07-15 08:00:00,352.0,100.0,93,90,90,14882.981200436869,14344.785456276535,14776.79324055624,14344.785456276535,0.9638381761750436,0.970764442782212,0.967741935483871
2024-07-15 08:00:00,352.0,110.0,89,89,89,18283.769821961927,17316.956097782186,18283.769821961927,17316.956097782186,0.9471217514990572,0.9471217514990572,1.0
2024-07-15 08:00:00,352.0,120.0,61,59,59,15161.58301365017,14339.10034779689,15068.798793505215,14339.10034779689,0.9457521905784648,0.9515755399147786,0.9672131147540984
2024-07-15 08:00:00,352.0,130.0,87,78,78,9266.89354985056,8309.064329350293,9081.585296286836,8309.064329350293,0.8966396651318269,0.9149354499536108,0.896551724137931
2024-07-15 08:00:00,352.0,140.0,36,27,26,1534.1653288368182,1217.1272404537906,1316.4836702610737,1199.7522086078786,0.793348159794876,0.9113308700365071,0.7222222222222222
2024-07-15 08:00:00,352.0,150.0,12,8,7,420.2392837409818,185.84696059169525,310.93147195125897,175.1056750912622,0.442240808468167,0.5631648478437443,0.5833333333333334
2024-07-15 08:00:00,352.0,160.0,2,2,2,42.97172062029948,37.27336244710529,42.97172062029948,37.27336244710529,0.8673928320547087,0.8673928320547087,1.0
2024-07-15 08:00:00,352.0,170.0,3,3,3,213.4804164518845,228.6465278614863,213.4804164518845,228.6465278614863,1.0710421670599466,1.0710421670599466,1.0
2024-07-15 08:00:00,352.0,180.0,5,5,5,519.5412199267523,381.47444942433566,519.5412199267523,381.47444942433566,0.7342525189399177,0.7342525189399177,1.0
2024-07-15 08:00:00,352.0,190.0,2,0,0,39.48604801891741,,,,,,0.0
2024-07-15 08:00:00,352.0,200.0,22,21,21,6303.842857217111,6295.227484833192,6275.60039073724,6295.227484833192,0.9986333142213316,1.0031275245193945,0.9545454545454546
2024-07-15 08:00:00,352.0,210.0,21,20,20,1952.4650034098936,1848.177858482271,1940.6296295551035,1848.177858482271,0.9465869325465552,0.9523599095547008,0.9523809523809524
2024-07-15 08:00:00,352.0,220.0,11,11,11,678.2932904977267,608.7803119038031,678.2932904977267,608.7803119038031,0.897517814833587,0.897517814833587,1.0
2024-07-15 08:00:00,352.0,260.0,36,36,36,16108.840294140458,14576.2687669223,16108.840294140458,14576.2687669223,0.9048614612080036,0.9048614612080036,1.0
2024-07-15 08:00:00,352.0,270.0,85,84,84,7992.665829376394,7577.473480477475,7954.611536870068,7577.473480477475,0.9480533331729056,0.9525887524935016,0.9882352941176472
2024-07-15 08:00:00,352.0,280.0,31,35,31,1657.6434023410995,1591.135503683227,1657.6434023410995,1532.410752062669,0.9598780421869124,0.924451392801634,1.0
2024-07-15 08:00:00,352.0,290.0,27,27,27,3532.856862591522,3478.832494078744,3532.856862591522,3478.832494078744,0.9847080222567668,0.9847080222567668,1.0
2024-07-15 08:00:00,352.0,300.0,17,17,17,5554.625787575603,4902.20125907545,5554.625787575603,4902.20125907545,0.882543927628847,0.882543927628847,1.0
2024-07-15 08:00:00,352.0,310.0,3,3,3,538.1885829123117,451.6396069599081,538.1885829123117,451.6396069599081,0.8391846674188828,0.8391846674188828,1.0
2024-07-16 08:00:00,376.0,40.0,17,17,17,3408.2997067981023,3503.6396292702093,3408.2997067981023,3503.6396292702093,1.02797286937001,1.02797286937001,1.0
2024-07-16 08:00:00,376.0,50.0,26,27,26,2856.704994616244,2855.4984751422926,2856.704994616244,2843.063462963188,0.9995776534587136,0.995224732102627,1.0
2024-07-16 08:00:00,376.0,60.0,32,32,32,1113.6619755040126,1074.8977913012006,1113.6619755040126,1074.8977913012006,0.9651921453228496,0.9651921453228496,1.0
2024-07-16 08:00:00,376.0,70.0,100,100,99,40646.55376658991,38481.82281397377,40253.38283719169,38464.73296264221,0.9467425709680836,0.9555652283490352,0.99
2024-07-16 08:00:00,376.0,80.0,94,90,89,31321.331711554805,30123.05438547093,31188.02452034896,30109.379217870013,0.961742452807592,0.965414760342542,0.946808510638298
2024-07-16 08:00:00,376.0,90.0,79,79,78,17765.171548460065,17060.819339888003,17574.136436191024,16982.291381301977,0.9603520739076052,0.9663229509433966,0.9873417721518988
2024-07-16 08:00:00,376.0,100.0,94,92,91,14845.445745535031,14259.767817570662,14790.683965854048,14245.099012501663,0.9605483096968968,0.9631129328020308,0.9680851063829788
2024-07-16 08:00:00,376.0,110.0,88,88,88,18168.46672153706,17315.56333328188,18168.46672153706,17315.56333328188,0.9530558411269708,0.9530558411269708,1.0
2024-07-16 08:00:00,376.0,120.0,63,61,61,15077.12260867546,14214.624314665243,15041.228413255183,14214.624314665243,0.9427942375746198,0.945044109704398,0.9682539682539684
2024-07-16 08:00:00,376.0,130.0,86,81,80,9178.410537011792,8261.7483324805,9000.687167734348,8251.038707904236,0.9001284371803956,0.9167120858819034,0.9302325581395348
2024-07-16 08:00:00,376.0,140.0,36,29,28,1533.6850283638853,1250.585357178414,1362.0316357932002,1230.9116053468863,0.8154121179056704,0.9037320228102088,0.7777777777777778
2024-07-16 08:00:00,376.0,150.0,13,11,10,438.6556432863985,253.90532346251445,392.5121563868496,239.9148274551546,0.5788260731362335,0.6112290372446476,0.7692307692307693
2024-07-16 08:00:00,376.0,160.0,2,2,2,46.93917993636589,36.73185128388265,46.93917993636589,36.73185128388265,0.782541393643412,0.782541393643412,1.0
2024-07-16 08:00:00,376.0,170.0,3,3,3,220.80619055785,251.7593306883693,220.80619055785,251.7593306883693,1.140182392768602,1.140182392768602,1.0
2024-07-16 08:00:00,376.0,180.0,5,5,5,527.0854115805818,394.068006259786,527.0854115805818,394.068006259786,0.7476359572883762,0.7476359572883762,1.0
2024-07-16 08:00:00,376.0,190.0,2,1,1,42.02671225847397,28.299220209236648,28.00550579232264,28.299220209236648,0.6733626945450769,1.010487738343027,0.5
2024-07-16 08:00:00,376.0,200.0,22,21,21,6363.562591925087,6416.164873072209,6351.951839700745,6416.164873072209,1.0082661685788823,1.01010918139683,0.9545454545454546
2024-07-16 08:00:00,376.0,210.0,20,20,20,1922.8720890754385,1940.333522380357,1922.8720890754385,1940.333522380357,1.0090809125599791,1.0090809125599791,1.0
2024-07-16 08:00:00,376.0,220.0,11,11,11,662.4861719256683,602.2422837453125,662.4861719256683,602.2422837453125,0.9090639310927154,0.9090639310927154,1.0
2024-07-16 08:00:00,376.0,260.0,36,36,36,16286.599920697749,14805.877640786144,16286.599920697749,14805.877640786144,0.909083400640926,0.909083400640926,1.0
2024-07-16 08:00:00,376.0,270.0,85,86,85,7706.415270017334,7500.312087201351,7706.415270017334,7480.202141070426,0.9732556350008996,0.970646127801208,1.0
2024-07-16 08:00:00,376.0,280.0,32,33,32,1599.7243567870023,1550.0443438200557,1599.7243567870023,1529.9869025695343,0.9689446417714562,0.9564065809702782,1.0
2024-07-16 08:00:00,376.0,290.0,27,26,26,3482.691879502302,3373.2969574770063,3447.220444179324,3373.2969574770063,0.9685889749049724,0.9785556253511032,0.9629629629629628
2024-07-16 08:00:00,376.0,300.0,17,17,17,5546.734898907473,5030.08352649052,5546.734898907473,5030.08352649052,0.9068548647387644,0.9068548647387644,1.0
2024-07-16 08:00:00,376.0,310.0,3,3,3,558.861568788715,481.8538127628317,558.861568788715,481.8538127628317,0.8622060268112708,0.8622060268112708,1.0
2024-07-17 08:00:00,400.0,40.0,17,16,16,3375.2122252371823,3490.519736385393,3356.6459267979985,3490.519736385393,1.034163040263374,1.0398832085679948,0.9411764705882352
2024-07-17 08:00:00,400.0,50.0,26,26,26,2738.2176798885166,2824.508141378165,2738.2176798885166,2824.508141378165,1.0315133680289297,1.0315133680289297,1.0
2024-07-17 08:00:00,400.0,60.0,32,35,32,1143.676510144467,1141.8451644981178,1143.676510144467,1097.5448319082834,0.9983987205909144,0.9596637005070984,1.0
2024-07-17 08:00:00,400.0,70.0,101,100,98,40203.41441528824,38876.21400489582,40068.06165551288,38838.36175430773,0.9669878683267328,0.969309723245972,0.9702970297029704
2024-07-17 08:00:00,400.0,80.0,95,92,88,30463.13448839925,30158.233637745023,30170.353522660385,30109.127336025696,0.9899911530518852,0.9979706506723992,0.9263157894736842
2024-07-17 08:00:00,400.0,90.0,80,76,75,17594.122498611567,16992.002398850782,17294.046485607032,16962.03174360818,0.965777202028217,0.98080178966356,0.9375
2024-07-17 08:00:00,400.0,100.0,93,91,90,14702.034628988626,14311.104143005898,14593.609236261447,14286.767650952204,0.9734097697462968,0.9789742495950337,0.967741935483871
2024-07-17 08:00:00,400.0,110.0,88,89,88,17951.28613996736,17239.95555379768,17951.28613996736,17223.583212352565,0.9603743943122856,0.9594623515027922,1.0
2024-07-17 08:00:00,400.0,120.0,62,63,60,15018.908011972102,14638.388061577178,14971.739894458466,14601.747603964111,0.9746639402750454,0.9752872883777992,0.967741935483871
2024-07-17 08:00:00,400.0,130.0,87,81,80,9160.305867630952,8606.26530260941,9020.499570975926,8594.538764231533,0.939517241779086,0.9527785791249356,0.9195402298850576
2024-07-17 08:00:00,400.0,140.0,35,28,28,1527.353890485644,1259.7817227198616,1374.6018367262543,1259.7817227198616,0.8248132476483863,0.916470274563398,0.8
2024-07-17 08:00:00,400.0,150.0,13,11,10,448.2979940463538,297.93829832717336,398.72683261619466,286.5966021166958,0.6645987764477185,0.7187793212616999,0.7692307692307693
2024-07-17 08:00:00,400.0,160.0,2,2,2,48.196199142447576,51.83850989496717,48.196199142447576,51.83850989496717,1.0755725724710048,1.0755725724710048,1.0
2024-07-17 08:00:00,400.0,170.0,3,3,3,228.98104793738835,246.64652786148625,228.98104793738835,246.64652786148625,1.077148218523868,1.077148218523868,1.0
2024-07-17 08:00:00,400.0,180.0,5,5,5,512.5682934661563,350.2596403874239,512.5682934661563,350.2596403874239,0.6833423854972619,0.6833423854972619,1.0
2024-07-17 08:00:00,400.0,190.0,2,1,1,45.44623500201187,24.96693749691621,31.826372572158785,24.96693749691621,0.5493730667856411,0.7844732364742345,0.5
2024-07-17 08:00:00,400.0,200.0,22,21,21,6341.590333951236,6284.417151437533,6329.667964419739,6284.417151437533,0.9909844093511352,0.992850997360909,0.9545454545454546
2024-07-17 08:00:00,400.0,210.0,20,19,19,1933.7095052421207,1929.9473341513396,1882.7298159418672,1929.9473341513396,0.9980544279890112,1.0250792853067188,0.95
2024-07-17 08:00:00,400.0,220.0,11,12,11,682.7332380678338,617.7526679665785,682.7332380678338,596.3795548946205,0.9048228993725964,0.8735176810527078,1.0
2024-07-17 08:00:00,400.0,260.0,36,36,36,15973.663111331214,14583.222721636996,15973.663111331214,14583.222721636996,0.9129541934117864,0.9129541934117864,1.0
2024-07-17 08:00:00,400.0,270.0,85,84,84,7672.32290637098,7336.630419043004,7626.6177791895025,7336.630419043004,0.9562463035739512,0.9619769380684348,0.9882352941176472
2024-07-17 08:00:00,400.0,280.0,31,33,31,1582.13167884853,1552.7560449339785,1582.13167884853,1522.549592669082,0.9814328767274726,0.9623406275368864,1.0
2024-07-17 08:00:00,400.0,290.0,27,27,27,3446.382988164368,3296.596763195028,3446.382988164368,3296.596763195028,0.9565381370893082,0.9565381370893082,1.0
2024-07-17 08:00:00,400.0,300.0,17,17,17,5479.887927929137,5474.6980225486,5479.887927929137,5474.6980225486,0.9990529176054704,0.9990529176054704,1.0
2024-07-17 08:00:00,400.0,310.0,3,3,3,542.931726671149,499.62103076692654,542.931726671149,499.62103076692654,0.9202280990838916,0.9202280990838916,1.0
2024-07-18 08:00:00,424.0,40.0,17,17,17,3435.091572756842,3470.459964717972,3435.091572756842,3470.459964717972,1.0102962006141645,1.0102962006141645,1.0
2024-07-18 08:00:00,424.0,50.0,26,26,26,2828.247821015041,2728.36052659742,2828.247821015041,2728.36052659742,0.964682269468956,0.964682269468956,1.0
2024-07-18 08:00:00,424.0,60.0,32,35,32,1116.2186645817478,1111.7703939515957,1116.2186645817478,1059.7422586279397,0.9960148752468504,0.9494038150894294,1.0
2024-07-18 08:00:00,424.0,70.0,101,99,98,40197.219163291855,38481.11087572681,39803.511263034175,38465.91435402221,0.9573077858795715,0.966395002185292,0.9702970297029704
2024-07-18 08:00:00,424.0,80.0,94,93,90,30857.268453422992,29999.323892287983,30605.22039013564,29961.461644938357,0.9721963542421124,0.9789657209786088,0.9574468085106383
2024-07-18 08:00:00,424.0,90.0,79,77,77,17556.293791580974,16968.604180958348,17289.309353871104,16968.604180958348,0.9665254171752098,0.9814506660533002,0.9746835443037974
2024-07-18 08:00:00,424.0,100.0,93,91,90,14686.994544926602,14458.7680822146,14633.331029484718,14437.260568462569,0.984460642235968,0.9866011053377328,0.967741935483871
2024-07-18 08:00:00,424.0,110.0,88,89,88,17971.093713026872,17368.467159369327,17971.093713026872,17349.007313266542,0.966466896045358,0.9653840545436924,1.0
2024-07-18 08:00:00,424.0,120.0,62,62,60,14986.443478768368,14601.861544494745,14907.16217737151,14574.787317055856,0.9743380118959866,0.9777036798579822,0.967741935483871
2024-07-18 08:00:00,424.0,130.0,88,80,79,9154.772558019164,8478.187826301373,8958.521121144839,8464.890916014854,0.926094861731422,0.9448982484436113,0.8977272727272727
2024-07-18 08:00:00,424.0,140.0,34,29,27,1490.6020452341183,1255.345267124198,1341.359062525611,1219.2930274142436,0.8421733159013811,0.9089982402761476,0.7941176470588235
2024-07-18 08:00:00,424.0,150.0,14,10,10,450.8935730720681,291.8226079551256,391.7543922420057,291.8226079551256,0.6472095088134744,0.7449121534669422,0.7142857142857143
2024-07-18 08:00:00,424.0,160.0,2,2,2,46.55757839285658,46.87981770198736,46.55757839285658,46.87981770198736,1.0069213073414536,1.0069213073414536,1.0
2024-07-18 08:00:00,424.0,170.0,3,2,2,218.82022198400088,237.00000000000009,191.4931855962361,237.00000000000009,1.0830808864517485,1.237641951916321,0.6666666666666666
2024-07-18 08:00:00,424.0,180.0,6,5,5,505.7357766581344,366.8271838287475,493.73248425123415,366.8271838287475,0.7253336638604354,0.7429674885278333,0.8333333333333334
2024-07-18 08:00:00,424.0,190.0,2,1,1,40.24791102756765,25.75154383377452,28.06740759588338,25.75154383377452,0.6398231156925411,0.9174892175489509,0.5
2024-07-18 08:00:00,424.0,200.0,22,21,21,6306.846713777843,6381.600793515612,6295.124185667938,6381.600793515612,1.0118528455074802,1.0137370773470291,0.9545454545454546
2024-07-18 08:00:00,424.0,210.0,20,20,20,1923.2370177273312,1895.0130197604449,1923.2370177273312,1895.0130197604449,0.9853247427609112,0.9853247427609112,1.0
2024-07-18 08:00:00,424.0,220.0,11,12,11,665.5116051599408,617.2635602544999,665.5116051599408,595.4720142128233,0.9275023237290572,0.8947582725769522,1.0
2024-07-18 08:00:00,424.0,260.0,36,35,35,16312.079989230351,14663.05570814949,16049.770117921244,14663.05570814949,0.8989077859984999,0.9135991107920391,0.9722222222222222
2024-07-18 08:00:00,424.0,270.0,85,86,85,7578.457646514735,7299.014326948141,7578.457646514735,7279.718563419152,0.963126623832871,0.9605804905127404,1.0
2024-07-18 08:00:00,424.0,280.0,31,33,30,1579.9081924171392,1569.9963109353412,1563.7530765484908,1526.1180799998056,0.9937262927495594,0.97593290327412,0.967741935483871
2024-07-18 08:00:00,424.0,290.0,27,27,27,3541.117178779106,3379.3032907109587,3541.117178779106,3379.3032907109587,0.9543042831121626,0.9543042831121626,1.0
2024-07-18 08:00:00,424.0,300.0,17,17,16,5709.488726465154,5645.88381121244,5695.89870240817,5622.209872220151,0.9888597879249876,0.987062826423359,0.9411764705882352
2024-07-18 08:00:00,424.0,310.0,3,2,2,564.9141171501782,408.9357974573084,459.32633162813545,408.9357974573084,0.7238902074535976,0.8902946974709419,0.6666666666666666
2024-07-19 08:00:00,448.0,40.0,17,17,17,3534.5396550394985,3467.56721830949,3534.5396550394985,3467.56721830949,0.981052005843386,0.981052005843386,1.0
2024-07-19 08:00:00,448.0,50.0,27,26,26,2802.915732408413,2611.097985198856,2792.8749773039144,2611.097985198856,0.9315649254126032,0.934914024586759,0.9629629629629628
2024-07-19 08:00:00,448.0,60.0,34,32,31,1130.6023817104187,1026.0466756821463,1093.6489282340988,1013.2890250096626,0.9075221247366414,0.926521298426002,0.9117647058823528
2024-07-19 08:00:00,448.0,70.0,101,102,100,39619.03733048998,37650.512211107016,39567.1499813445,37628.03054099147,0.950313655958823,0.950991682714896,0.99009900990099
2024-07-19 08:00:00,448.0,80.0,96,89,89,30561.120430505383,29572.75879313258,30411.336097591884,29572.75879313258,0.9676595090935788,0.9724255027214768,0.9270833333333334
2024-07-19 08:00:00,448.0,90.0,79,74,73,17301.684938528302,16678.346917227245,17033.65542966582,16668.11263595948,0.9639724094204852,0.9785399678174942,0.9240506329113924
2024-07-19 08:00:00,448.0,100.0,93,91,90,14347.6396757258,14140.671690951744,14234.981003002224,14119.002282456277,0.9855747712200902,0.9918525552987048,0.967741935483871
2024-07-19 08:00:00,448.0,110.0,88,89,88,17872.070561239627,17081.818937184886,17872.070561239627,17066.53944122251,0.9557828724239366,0.9549279353359242,1.0
2024-07-19 08:00:00,448.0,120.0,62,60,59,14841.737848889326,14191.06768259832,14733.252885813505,14175.252548061244,0.956159435443761,0.96212646710968,0.9516129032258064
2024-07-19 08:00:00,448.0,130.0,88,81,81,8997.891582601567,8317.387564143875,8844.618719972186,8317.387564143875,0.9243707248291896,0.9403896117491464,0.9204545454545454
2024-07-19 08:00:00,448.0,140.0,35,26,26,1480.7586756274543,1184.431359267579,1250.0393463404532,1184.431359267579,0.7998814248146747,0.9475152624075838,0.7428571428571429
2024-07-19 08:00:00,448.0,150.0,12,11,11,424.6108396486159,301.5847846671696,414.3604741195644,301.5847846671696,0.7102616243069636,0.7278319325895616,0.9166666666666666
2024-07-19 08:00:00,448.0,160.0,2,2,2,46.99770501229826,35.4553173893009,46.99770501229826,35.4553173893009,0.7544052923440203,0.7544052923440203,1.0
2024-07-19 08:00:00,448.0,170.0,3,2,2,201.58929883115127,232.0,176.25966296035307,232.0,1.1508547395381357,1.3162398934813853,0.6666666666666666
2024-07-19 08:00:00,448.0,180.0,6,6,6,491.3939574389663,378.8836617617934,491.3939574389663,378.8836617617934,0.7710385038848442,0.7710385038848442,1.0
2024-07-19 08:00:00,448.0,190.0,2,1,1,40.43972652721124,27.27774315124231,26.961664984615577,27.27774315124231,0.6745283782492335,1.0117232436055816,0.5
2024-07-19 08:00:00,448.0,200.0,22,21,21,6236.92686613241,6255.58344490867,6199.141650733396,6255.58344490867,1.002991309530591,1.0091047756859364,0.9545454545454546
2024-07-19 08:00:00,448.0,210.0,20,20,20,1791.1414252697043,1840.69299223299,1791.1414252697043,1840.69299223299,1.0276647986943992,1.0276647986943992,1.0
2024-07-19 08:00:00,448.0,220.0,11,11,11,617.1674508264148,602.0732419087557,617.1674508264148,602.0732419087557,0.9755427657478578,0.9755427657478578,1.0
2024-07-19 08:00:00,448.0,260.0,36,36,36,16165.0656821499,14799.689702633905,16165.0656821499,14799.689702633905,0.9155353893165,0.9155353893165,1.0
2024-07-19 08:00:00,448.0,270.0,85,84,84,7355.708597470876,7043.059566772255,7311.767675096501,7043.059566772255,0.9574957291257948,0.963249911613104,0.9882352941176472
2024-07-19 08:00:00,448.0,280.0,31,32,31,1506.79192978008,1467.6831069833338,1506.79192978008,1455.5426946503426,0.9740449746087676,0.9659878486758172,1.0
2024-07-19 08:00:00,448.0,290.0,28,27,27,3318.7248308875323,3190.344471890705,3305.4324973784733,3190.344471890705,0.9613163592829436,0.965182158286686,0.9642857142857144
2024-07-19 08:00:00,448.0,300.0,17,17,17,5537.230498946858,5381.946843307487,5537.230498946858,5381.946843307487,0.9719564400165562,0.9719564400165562,1.0
2024-07-19 08:00:00,448.0,310.0,3,2,2,559.620162537316,410.9442215435159,462.7486749741129,410.9442215435159,0.734327047260585,0.8880505634435473,0.6666666666666666
2024-07-20 08:00:00,472.0,40.0,17,17,17,3677.473157768327,3597.213823924398,3677.473157768327,3597.213823924398,0.9781754127356748,0.9781754127356748,1.0
2024-07-20 08:00:00,472.0,50.0,29,28,28,2692.217068533083,2634.0230126478245,2680.371702070803,2634.0230126478245,0.9783843373680984,0.9827081111969768,0.9655172413793104
2024-07-20 08:00:00,472.0,60.0,33,34,32,1279.4364938398314,1245.46998644456,1267.7991393356008,1224.0306102590544,0.9734519786180778,0.9654767638511856,0.9696969696969696
2024-07-20 08:00:00,472.0,70.0,102,102,101,39525.235108564426,37333.87433709337,39512.600319509984,37260.045977938826,0.9445579320286897,0.942991493261482,0.9901960784313726
2024-07-20 08:00:00,472.0,80.0,96,92,90,27786.349530491432,26434.578216847927,27548.282746141147,26368.11616374133,0.9513512448923838,0.95716006717097,0.9375
2024-07-20 08:00:00,472.0,90.0,79,76,76,17859.420296927266,17177.52092348923,17627.57896709628,17177.52092348923,0.9618185046266392,0.9744685277287864,0.9620253164556962
2024-07-20 08:00:00,472.0,100.0,93,90,90,14044.522694392555,13888.46520466685,13972.899364812618,13888.46520466685,0.9888883735587528,0.9939572913293576,0.967741935483871
2024-07-20 08:00:00,472.0,110.0,89,88,88,17919.55323255532,17135.308166552342,17908.75378957923,17135.308166552342,0.9562352333328152,0.9568118679772716,0.9887640449438202
2024-07-20 08:00:00,472.0,120.0,62,61,59,15254.149995286352,14605.671944636088,15148.935572250575,14584.961550953947,0.9574884178501818,0.96277137633817,0.9516129032258064
2024-07-20 08:00:00,472.0,130.0,86,79,77,9146.164940862036,8393.872954120678,8968.820167485495,8370.951466370503,0.917747821999102,0.9333392029330196,0.8953488372093024
2024-07-20 08:00:00,472.0,140.0,34,28,27,1509.54333166576,1283.646195568779,1311.7376152206612,1261.2347561408303,0.850353990270881,0.9614992674649075,0.7941176470588235
2024-07-20 08:00:00,472.0,150.0,13,12,11,455.8713644661849,323.945109363774,416.9704346140392,306.698970738734,0.7106064004329521,0.7355412884911711,0.8461538461538461
2024-07-20 08:00:00,472.0,160.0,2,2,2,45.18893623336504,42.773461413261046,45.18893623336504,42.773461413261046,0.9465472077583332,0.9465472077583332,1.0
2024-07-20 08:00:00,472.0,170.0,3,3,3,201.2916185829924,230.5250478940738,201.2916185829924,230.5250478940738,1.1452292426126451,1.1452292426126451,1.0
2024-07-20 08:00:00,472.0,180.0,5,6,5,510.3900542425679,409.5206771265238,510.3900542425679,386.3996397870039,0.8023680589432002,0.7570673381565615,1.0
2024-07-20 08:00:00,472.0,190.0,2,0,0,36.15183005253062,,,,,,0.0
2024-07-20 08:00:00,472.0,200.0,21,20,20,6001.787268745074,5938.851766653128,5935.4309757593055,5938.851766653128,0.989513873239112,1.0005763340367015,0.9523809523809524
2024-07-20 08:00:00,472.0,210.0,20,20,20,2053.3213115115545,2034.6305361319207,2053.3213115115545,2034.6305361319207,0.9908972963584184,0.9908972963584184,1.0
2024-07-20 08:00:00,472.0,220.0,11,11,11,704.3795518643228,611.0635756080974,704.3795518643228,611.0635756080974,0.867520321949664,0.867520321949664,1.0
2024-07-20 08:00:00,472.0,260.0,36,36,36,15148.106192402593,13497.547053245196,15148.106192402593,13497.547053245196,0.8910385814442453,0.8910385814442453,1.0
2024-07-20 08:00:00,472.0,270.0,85,86,85,8074.927788147863,7729.037718420795,8074.927788147863,7705.929501095201,0.9571649333837072,0.9543032090523128,1.0
2024-07-20 08:00:00,472.0,280.0,31,36,31,1671.32481801546,1662.3689441141253,1671.32481801546,1585.2395589185378,0.994641452215154,0.9484928015374412,1.0
2024-07-20 08:00:00,472.0,290.0,27,26,26,3519.6238616679248,3367.500809198738,3485.22453056834,3367.500809198738,0.956778605200984,0.9662220553261156,0.9629629629629628
2024-07-20 08:00:00,472.0,300.0,17,17,17,5130.218491919972,4913.1296054656905,5130.218491919972,4913.1296054656905,0.9576842805435688,0.9576842805435688,1.0
2024-07-20 08:00:00,472.0,310.0,3,2,2,531.5588689859279,386.88963876659545,441.3507709500965,386.88963876659545,0.7278396831279993,0.8766035186338013,0.6666666666666666
2024-07-21 08:00:00,496.0,40.0,17,17,17,3573.8508339352816,3504.1817529378964,3573.8508339352816,3504.1817529378964,0.9805058788867608,0.9805058788867608,1.0
2024-07-21 08:00:00,496.0,50.0,29,28,28,2694.805915900469,2676.9429896372885,2684.31428457038,2676.9429896372885,0.993371349618248,0.9972539374485834,0.9655172413793104
2024-07-21 08:00:00,496.0,60.0,34,36,33,1461.018444380809,1492.4140008694255,1448.7323343970515,1432.7261428127474,1.0214888159758464,0.988951588085479,0.9705882352941176
2024-07-21 08:00:00,496.0,70.0,103,102,99,40368.2828971969,37768.69319301045,40227.19125165316,37733.563710394985,0.935603163731124,0.9380113931977366,0.9611650485436892
2024-07-21 08:00:00,496.0,80.0,97,93,90,27350.95678667882,26011.74765339303,27201.84152999792,25968.214102320177,0.9510361138832976,0.9546491208575968,0.9278350515463918
2024-07-21 08:00:00,496.0,90.0,82,79,78,18157.293934447676,17117.294008142813,17889.049510582874,17101.814160863618,0.9427227465689813,0.9559934501129566,0.951219512195122
2024-07-21 08:00:00,496.0,100.0,93,93,92,14440.12167052113,13773.853677056464,14395.021508728763,13753.179959479516,0.953859946012448,0.9554122549341068,0.989247311827957
2024-07-21 08:00:00,496.0,110.0,90,89,88,17892.096798744686,16940.913148492047,17871.717167511953,16929.6420706828,0.9468377764243164,0.94728681704175,0.9777777777777776
2024-07-21 08:00:00,496.0,120.0,62,59,59,15467.796856906809,14479.617932074983,15286.142797451092,14479.617932074983,0.9361137895736864,0.9472381701477632,0.9516129032258064
2024-07-21 08:00:00,496.0,130.0,88,80,79,9585.258729487492,8701.386408109667,9307.98987502734,8689.259373600844,0.907788371047436,0.9335269473072264,0.8977272727272727
2024-07-21 08:00:00,496.0,140.0,36,30,30,1674.2773659401694,1400.7228860897626,1537.9900854744242,1400.7228860897626,0.8366134038389776,0.910748969917892,0.8333333333333334
2024-07-21 08:00:00,496.0,150.0,14,10,10,491.7751219285986,304.8376808745308,415.4637489488211,304.8376808745308,0.619872106744738,0.7337287107378464,0.7142857142857143
2024-07-21 08:00:00,496.0,160.0,2,2,2,52.60872895642077,45.1986283549065,52.60872895642077,45.1986283549065,0.8591469372382569,0.8591469372382569,1.0
2024-07-21 08:00:00,496.0,170.0,3,3,3,194.58574743175944,231.3081193808372,194.58574743175944,231.3081193808372,1.1887207692945558,1.1887207692945558,1.0
2024-07-21 08:00:00,496.0,180.0,5,6,5,519.4083317205483,406.45329580369287,519.4083317205483,379.6197543305858,0.7825313361018101,0.7308695897755229,1.0
2024-07-21 08:00:00,496.0,190.0,2,0,0,39.58802121047096,,,,,,0.0
2024-07-21 08:00:00,496.0,200.0,21,21,21,5915.970004522983,5726.782539248898,5915.970004522983,5726.782539248898,0.968020888353145,0.968020888353145,1.0
2024-07-21 08:00:00,496.0,210.0,20,19,19,2176.899939793654,2126.734377865489,2124.021821738785,2126.734377865489,0.976955504012316,1.0012770848674633,0.95
2024-07-21 08:00:00,496.0,220.0,10,11,10,700.8885676638314,652.310230159591,700.8885676638314,624.9858556087329,0.930690355435302,0.8917050219436539,1.0
2024-07-21 08:00:00,496.0,260.0,36,36,36,15307.305699191582,13610.081613484295,15307.305699191582,13610.081613484295,0.8891232644686177,0.8891232644686177,1.0
2024-07-21 08:00:00,496.0,270.0,85,84,84,8950.020372141164,8446.072402469226,8909.490723421794,8446.072402469226,0.9436930924491992,0.9479859920910736,0.9882352941176472
2024-07-21 08:00:00,496.0,280.0,32,33,31,1897.765827660879,1818.4623512964936,1887.102652345115,1782.0118849445655,0.958212190772698,0.9443110488610928,0.96875
2024-07-21 08:00:00,496.0,290.0,28,27,27,3791.382931185595,3644.8001478173614,3775.883741250187,3644.8001478173614,0.9613379112506594,0.965283996432204,0.9642857142857144
2024-07-21 08:00:00,496.0,300.0,17,17,17,4951.786326311312,4616.913982910718,4951.786326311312,4616.913982910718,0.9323734262075788,0.9323734262075788,1.0
2024-07-21 08:00:00,496.0,310.0,3,3,3,556.7632781734009,492.9783731847946,556.7632781734009,492.9783731847946,0.8854362213006066,0.8854362213006066,1.0
2024-07-22 08:00:00,520.0,40.0,17,17,17,3474.7891501618387,3532.162211468739,3474.7891501618387,3532.162211468739,1.0165112353088324,1.0165112353088324,1.0
2024-07-22 08:00:00,520.0,50.0,26,25,25,2872.185791596094,2812.5938142734044,2860.494617533207,2812.5938142734044,0.9792520464737854,0.9832543634355408,0.9615384615384616
2024-07-22 08:00:00,520.0,60.0,32,31,30,1163.42498736476,1106.3727324486858,1126.2138970062758,1093.7629576732793,0.9509618105716454,0.9711858116657428,0.9375
2024-07-22 08:00:00,520.0,70.0,100,100,99,40779.119943687874,38608.444379751,40731.19751336618,38595.1469690609,0.9467699262040384,0.947557384149967,0.99
2024-07-22 08:00:00,520.0,80.0,96,90,88,31006.59602614742,30078.729030351125,30808.12498407009,30053.202040815784,0.9700751738432094,0.9754959789456626,0.9166666666666666
2024-07-22 08:00:00,520.0,90.0,79,77,76,17806.56115209586,17128.583047889904,17547.56165018552,17118.58098714562,0.9619253769206214,0.9755532608124294,0.9620253164556962
2024-07-22 08:00:00,520.0,100.0,93,93,92,14882.981200436869,14347.529843668874,14857.469796768964,14324.357033315506,0.9640225738676416,0.9641181997509836,0.989247311827957
2024-07-22 08:00:00,520.0,110.0,89,88,88,18283.769821961923,17479.760876514196,18272.173706158614,17479.760876514196,0.9560260847037148,0.9566328099553182,0.9887640449438202
2024-07-22 08:00:00,520.0,120.0,61,60,59,15161.58301365017,14525.571768973556,15068.798793505215,14511.789785526236,0.958051131989054,0.9630356065130384,0.9672131147540984
2024-07-22 08:00:00,520.0,130.0,87,80,80,9266.893549850562,8505.476451265977,9129.377212767731,8505.476451265977,0.9178346989216398,0.9316600960874736,0.9195402298850576
2024-07-22 08:00:00,520.0,140.0,36,26,25,1534.165328836818,1219.7006020540282,1260.1171790549852,1198.7930707762464,0.7950255289492089,0.9513345986404784,0.6944444444444444
2024-07-22 08:00:00,520.0,150.0,12,10,10,420.2392837409818,265.6786034138899,383.2206219816253,265.6786034138899,0.6322079198517844,0.6932784619994399,0.8333333333333334
2024-07-22 08:00:00,520.0,160.0,2,2,2,42.97172062029948,45.77823722163403,42.97172062029948,45.77823722163403,1.0653107802252808,1.0653107802252808,1.0
2024-07-22 08:00:00,520.0,170.0,3,3,3,213.4804164518845,232.7940392504872,213.4804164518845,232.7940392504872,1.0904702319753796,1.0904702319753796,1.0
2024-07-22 08:00:00,520.0,180.0,5,5,5,519.5412199267522,387.63621969685687,519.5412199267522,387.63621969685687,0.7461125408904186,0.7461125408904186,1.0
2024-07-22 08:00:00,520.0,190.0,2,1,1,39.48604801891741,29.09621989998531,26.03929560924288,29.09621989998531,0.7368734365628481,1.1173965815595008,0.5
2024-07-22 08:00:00,520.0,200.0,22,21,21,6303.842857217112,6100.0180474923445,6275.6003907372415,6100.0180474923445,0.9676665782537056,0.9720214270647226,0.9545454545454546
2024-07-22 08:00:00,520.0,210.0,21,19,19,1952.465003409894,1873.7596516367057,1904.1199040272477,1873.7596516367057,0.9596892381498604,0.984055493392864,0.9047619047619048
2024-07-22 08:00:00,520.0,220.0,11,12,11,678.2932904977266,611.5743359095928,678.2932904977266,589.6653690915415,0.9016370123030762,0.8693368744055383,1.0
2024-07-22 08:00:00,520.0,260.0,36,36,36,16108.840294140464,14647.13703143496,16108.840294140464,14647.13703143496,0.9092608011492178,0.9092608011492178,1.0
2024-07-22 08:00:00,520.0,270.0,85,86,85,7992.665829376395,7334.64268752876,7992.665829376395,7321.387086206239,0.917671630980852,0.9160131603772392,1.0
2024-07-22 08:00:00,520.0,280.0,31,33,31,1657.643402341099,1525.931734373342,1657.643402341099,1502.2041866419254,0.9205428213439996,0.9062287971709438,1.0
2024-07-22 08:00:00,520.0,290.0,27,27,27,3532.856862591522,3297.0049985955097,3532.856862591522,3297.0049985955097,0.9332404699173112,0.9332404699173112,1.0
2024-07-22 08:00:00,520.0,300.0,17,17,17,5554.625787575602,5286.815058230322,5554.625787575602,5286.815058230322,0.9517859997077914,0.9517859997077914,1.0
2024-07-22 08:00:00,520.0,310.0,3,2,2,538.1885829123117,415.1360104666057,467.023136290078,415.1360104666057,0.7713578913550545,0.888898168438396,0.6666666666666666
2024-07-23 08:00:00,544.0,40.0,17,17,17,3408.2997067981023,3575.255870705983,3408.2997067981023,3575.255870705983,1.0489851768536889,1.0489851768536889,1.0
2024-07-23 08:00:00,544.0,50.0,26,25,24,2856.704994616244,2841.842781998524,2833.872295642064,2831.7284949324367,0.9947974282798784,0.9992435083567724,0.9230769230769232
2024-07-23 08:00:00,544.0,60.0,32,29,28,1113.6619755040126,1051.4201693046498,1051.6151802202935,1041.1013686271822,0.9441106838803632,0.9900022253473852,0.875
2024-07-23 08:00:00,544.0,70.0,100,101,99,40646.55376658991,38984.59825731757,40587.810427098266,38957.55237795817,0.9591120192177666,0.9598338015284594,0.99
2024-07-23 08:00:00,544.0,80.0,94,88,87,31321.331711554813,30232.375976682302,31026.26132752256,30217.658084001247,0.9652327766615753,0.9739381024679238,0.925531914893617
2024-07-23 08:00:00,544.0,90.0,79,77,77,17765.171548460065,17071.057502184332,17554.34952883174,17071.057502184332,0.960928379195083,0.972468816013169,0.9746835443037974
2024-07-23 08:00:00,544.0,100.0,94,91,89,14845.445745535037,14427.7173465962,14696.693965967308,14393.55251096244,0.9718615118670672,0.9793734934056024,0.946808510638298
2024-07-23 08:00:00,544.0,110.0,88,88,88,18168.466721537057,17358.357395430758,18168.466721537057,17358.357395430758,0.9554112441890328,0.9554112441890328,1.0
2024-07-23 08:00:00,544.0,120.0,63,61,60,15077.12260867546,14530.17311152724,14998.844028499412,14516.055449808038,0.9637232175300146,0.9678116141634632,0.9523809523809524
2024-07-23 08:00:00,544.0,130.0,86,81,80,9178.41053701179,8424.169902353251,9073.773582830709,8411.616850124385,0.9178244826141656,0.9270252087886292,0.9302325581395348
2024-07-23 08:00:00,544.0,140.0,36,27,27,1533.685028363885,1211.1313025681409,1346.5995010023605,1211.1313025681409,0.7896871131748348,0.8993997856575903,0.75
2024-07-23 08:00:00,544.0,150.0,13,12,11,438.6556432863985,316.41329483207767,415.74981672087085,305.7745508992846,0.7213250294958391,0.7354772957232059,0.8461538461538461
2024-07-23 08:00:00,544.0,160.0,2,2,2,46.93917993636589,41.33203401820835,46.93917993636589,41.33203401820835,0.8805444422812885,0.8805444422812885,1.0
2024-07-23 08:00:00,544.0,170.0,3,3,3,220.80619055785,226.5337250346033,220.80619055785,226.5337250346033,1.025939193381685,1.025939193381685,1.0
2024-07-23 08:00:00,544.0,180.0,5,5,5,527.0854115805818,374.9828948669274,527.0854115805818,374.9828948669274,0.7114271930662215,0.7114271930662215,1.0
2024-07-23 08:00:00,544.0,190.0,2,1,1,42.02671225847397,27.895848270937403,28.00550579232264,27.895848270937403,0.6637647051563659,0.996084429890379,0.5
2024-07-23 08:00:00,544.0,200.0,22,21,21,6363.562591925086,6222.678152002388,6351.951839700746,6222.678152002388,0.9778607599300632,0.9796481946084076,0.9545454545454546
2024-07-23 08:00:00,544.0,210.0,20,19,19,1922.8720890754385,1926.7517271983431,1872.062172953802,1926.7517271983431,1.0020176267287595,1.0292135352311778,0.95
2024-07-23 08:00:00,544.0,220.0,11,11,11,662.4861719256681,679.8144026360337,662.4861719256681,679.8144026360337,1.0261563658906223,1.0261563658906223,1.0
2024-07-23 08:00:00,544.0,260.0,36,36,36,16286.599920697749,15020.2844316861,16286.599920697749,15020.2844316861,0.9222480140006168,0.9222480140006168,1.0
2024-07-23 08:00:00,544.0,270.0,85,85,84,7706.415270017335,7382.0614152975395,7672.087601851376,7366.016103711822,0.957911189138518,0.9601058389810754,0.9882352941176472
2024-07-23 08:00:00,544.0,280.0,32,32,32,1599.7243567870023,1524.6233375727656,1599.7243567870023,1524.6233375727656,0.9530537752359568,0.9530537752359568,1.0
2024-07-23 08:00:00,544.0,290.0,27,26,26,3482.6918795023025,3236.718599270744,3447.220444179324,3236.718599270744,0.929372655192595,0.9389357749766148,0.9629629629629628
2024-07-23 08:00:00,544.0,300.0,17,17,17,5546.734898907473,5306.554681597362,5546.734898907473,5306.554681597362,0.9566988107981476,0.9566988107981476,1.0
2024-07-23 08:00:00,544.0,310.0,3,2,2,558.861568788715,425.08246634347086,442.96835516366497,425.08246634347086,0.7606221112408946,0.9596226488603554,0.6666666666666666
2024-07-24 08:00:00,568.0,40.0,17,17,17,3375.212225237183,3480.532741471437,3375.212225237183,3480.532741471437,1.031204116720943,1.031204116720943,1.0
2024-07-24 08:00:00,568.0,50.0,26,25,25,2738.2176798885166,2737.174517055906,2727.665549530023,2737.174517055906,0.9996190358274756,1.003486119303564,0.9615384615384616
2024-07-24 08:00:00,568.0,60.0,32,34,32,1143.676510144467,1125.4617413336046,1143.676510144467,1099.262498045135,0.9840734957400132,0.96116558160863,1.0
2024-07-24 08:00:00,568.0,70.0,101,98,97,40203.41441528823,38251.35102773356,40033.23070691391,38239.97753090026,0.9514453332895936,0.9552058841030796,0.9603960396039604
2024-07-24 08:00:00,568.0,80.0,95,90,87,30463.13448839925,29851.44848048457,30185.82526415257,29814.61605819661,0.979920450794464,0.9877025324731872,0.9157894736842104
2024-07-24 08:00:00,568.0,90.0,80,77,77,17594.122498611563,16904.57509450976,17318.675377407242,16904.57509450976,0.9608080821219576,0.9760893790158056,0.9625
2024-07-24 08:00:00,568.0,100.0,93,94,92,14702.034628988626,14340.62358627394,14677.54323410301,14279.274045496217,0.9754176172322384,0.9728654051802468,0.989247311827957
2024-07-24 08:00:00,568.0,110.0,88,89,88,17951.28613996736,17188.704481294168,17951.28613996736,17170.058814235763,0.957519385924368,0.95648070452221,1.0
2024-07-24 08:00:00,568.0,120.0,62,62,60,15018.9080119721,14297.94536257088,14953.827868829443,14268.941627142707,0.9519963336331432,0.9541999381232448,0.967741935483871
2024-07-24 08:00:00,568.0,130.0,87,82,80,9160.30586763095,8443.315480456858,9050.913569428652,8412.167982767865,0.9217285538785704,0.9294275012394017,0.9195402298850576
2024-07-24 08:00:00,568.0,140.0,35,27,27,1527.3538904856437,1189.7990685903992,1309.887023904018,1189.7990685903992,0.7789937066989012,0.9083218986659584,0.7714285714285715
2024-07-24 08:00:00,568.0,150.0,13,10,9,448.2979940463538,291.1097105239492,384.3409922952308,280.1420706517017,0.6493665249232602,0.7288893879852169,0.6923076923076923
2024-07-24 08:00:00,568.0,160.0,2,2,2,48.196199142447576,39.10848618073798,48.196199142447576,39.10848618073798,0.8114433684936406,0.8114433684936406,1.0
2024-07-24 08:00:00,568.0,170.0,3,3,3,228.98104793738835,243.9068420773702,228.98104793738835,243.9068420773702,1.065183534945054,1.065183534945054,1.0
2024-07-24 08:00:00,568.0,180.0,5,5,5,512.5682934661563,391.6724759272808,512.5682934661563,391.6724759272808,0.7641371519074306,0.7641371519074306,1.0
2024-07-24 08:00:00,568.0,190.0,2,0,0,45.44623500201187,,,,,,0.0
2024-07-24 08:00:00,568.0,200.0,22,21,21,6341.590333951235,5925.203834353211,6329.6679644197375,5925.203834353211,0.9343403661115102,0.9361002611290046,0.9545454545454546
2024-07-24 08:00:00,568.0,210.0,20,20,20,1933.7095052421207,1723.483534018172,1933.7095052421207,1723.483534018172,0.8912835818130672,0.8912835818130672,1.0
2024-07-24 08:00:00,568.0,220.0,11,11,11,682.7332380678338,637.0678027954207,682.7332380678338,637.0678027954207,0.9331137950722184,0.9331137950722184,1.0
2024-07-24 08:00:00,568.0,260.0,36,36,36,15973.663111331218,14921.5689309829,15973.663111331218,14921.5689309829,0.9341356974279748,0.9341356974279748,1.0
2024-07-24 08:00:00,568.0,270.0,85,86,85,7672.322906370982,7368.996343642348,7672.322906370982,7354.863552002294,0.9604648336064224,0.9586227850101208,1.0
2024-07-24 08:00:00,568.0,280.0,31,32,30,1582.1316788485296,1502.46081650165,1565.596294611974,1475.628813935885,0.9496433429581136,0.9425346872717358,0.967741935483871
2024-07-24 08:00:00,568.0,290.0,27,27,27,3446.382988164368,3304.3345075462985,3446.382988164368,3304.3345075462985,0.9587833154046156,0.9587833154046156,1.0
2024-07-24 08:00:00,568.0,300.0,17,17,17,5479.887927929138,5285.15673638123,5479.887927929138,5285.15673638123,0.9644643842886952,0.9644643842886952,1.0
2024-07-24 08:00:00,568.0,310.0,3,3,3,542.931726671149,512.8038220275439,542.931726671149,512.8038220275439,0.9445088522854856,0.9445088522854856,1.0
2024-07-25 08:00:00,592.0,40.0,17,17,17,3435.0915727568427,3550.3405144815333,3435.0915727568427,3550.3405144815333,1.0335504714455683,1.0335504714455683,1.0
2024-07-25 08:00:00,592.0,50.0,26,24,24,2828.247821015041,2730.4409970440965,2806.038707118448,2730.4409970440965,0.965417873481878,0.9730589211465356,0.9230769230769232
2024-07-25 08:00:00,592.0,60.0,32,33,31,1116.2186645817476,1106.2351916052362,1102.9539167047244,1080.5059417931814,0.9910559881380838,0.9796474045093284,0.96875
2024-07-25 08:00:00,592.0,70.0,101,102,100,40197.219163291855,39154.14873450747,40149.81952765558,39131.87556229933,0.9740511793975808,0.9746463626155262,0.99009900990099
2024-07-25 08:00:00,592.0,80.0,94,87,87,30857.26845342299,30340.76046448984,30480.19032770707,30340.76046448984,0.9832613833038144,0.9954255579864116,0.925531914893617
2024-07-25 08:00:00,592.0,90.0,79,73,72,17556.293791580974,16909.03197126186,17219.43403535174,16898.476160008828,0.9631322061476604,0.9813607186691512,0.9113924050632912
2024-07-25 08:00:00,592.0,100.0,93,92,90,14686.994544926603,14548.723409719263,14590.590782359515,14506.739073559109,0.9905854710584676,0.9942530285407092,0.967741935483871
2024-07-25 08:00:00,592.0,110.0,88,87,87,17971.09371302687,17474.89439542954,17941.227837120186,17474.89439542954,0.9723890306555109,0.9740077186509049,0.9886363636363636
2024-07-25 08:00:00,592.0,120.0,62,63,60,14986.443478768368,14519.126930194236,14914.04507764775,14478.667736694528,0.9688173815731403,0.9708075616852104,0.967741935483871
2024-07-25 08:00:00,592.0,130.0,88,84,81,9154.772558019162,8478.04444668025,9048.518540245524,8429.669037891028,0.9260791999964948,0.9316076438809284,0.9204545454545454
2024-07-25 08:00:00,592.0,140.0,34,30,28,1490.6020452341186,1271.844236238534,1361.8953679309711,1229.5790725731624,0.8532419771628411,0.9028440080835084,0.8235294117647058
2024-07-25 08:00:00,592.0,150.0,14,11,10,450.89357307206814,293.58411633263853,391.7543922420057,276.70972303944933,0.6511162142595317,0.7063347049048841,0.7142857142857143
2024-07-25 08:00:00,592.0,160.0,2,2,2,46.55757839285658,40.80200380154123,46.55757839285658,40.80200380154123,0.8763772775562046,0.8763772775562046,1.0
2024-07-25 08:00:00,592.0,170.0,3,3,3,218.82022198400088,228.62049643989792,218.82022198400088,228.62049643989792,1.0447868774057527,1.0447868774057527,1.0
2024-07-25 08:00:00,592.0,180.0,6,5,5,505.7357766581344,399.0073234619354,493.73248425123415,399.0073234619354,0.7889640042841088,0.8081447670331975,0.8333333333333334
2024-07-25 08:00:00,592.0,190.0,2,0,0,40.24791102756765,,,,,,0.0
2024-07-25 08:00:00,592.0,200.0,22,21,21,6306.846713777843,6225.619767507224,6295.124185667938,6225.619767507224,0.9871208307484036,0.9889590076206988,0.9545454545454546
2024-07-25 08:00:00,592.0,210.0,20,20,20,1923.2370177273312,1864.7740399800196,1923.2370177273312,1864.7740399800196,0.9696017821992648,0.9696017821992648,1.0
2024-07-25 08:00:00,592.0,220.0,11,10,10,665.5116051599407,622.1042468623992,647.5140304084705,622.1042468623992,0.9347759558796732,0.9607579413684024,0.9090909090909092
2024-07-25 08:00:00,592.0,260.0,36,36,36,16312.079989230351,14878.055650022934,16312.079989230351,14878.055650022934,0.9120881984299858,0.9120881984299858,1.0
2024-07-25 08:00:00,592.0,270.0,85,86,85,7578.457646514734,7251.462278140936,7578.457646514734,7238.527712795661,0.9568519897285196,0.9551452354061248,1.0
2024-07-25 08:00:00,592.0,280.0,31,32,31,1579.9081924171394,1522.3041109396036,1579.9081924171394,1510.6127509840055,0.963539602013579,0.9561395771186444,1.0
2024-07-25 08:00:00,592.0,290.0,27,27,27,3541.117178779106,3310.543141806684,3541.117178779106,3310.543141806684,0.9348866401953072,0.9348866401953072,1.0
2024-07-25 08:00:00,592.0,300.0,17,17,17,5709.488726465154,5530.907384040604,5709.488726465154,5530.907384040604,0.9687220080500776,0.9687220080500776,1.0
2024-07-25 08:00:00,592.0,310.0,3,3,3,564.9141171501782,524.6434196192688,564.9141171501782,524.6434196192688,0.928713593255444,0.928713593255444,1.0
2024-07-26 08:00:00,616.0,40.0,17,16,16,3534.5396550394985,3535.192869610719,3499.4472610395774,3535.192869610719,1.0001848089525007,1.0102146441722692,0.9411764705882352
2024-07-26 08:00:00,616.0,50.0,27,25,24,2802.915732408413,2613.275532528289,2770.5268375398828,2597.4808626338786,0.9323418118898724,0.9375404083579778,0.8888888888888888
2024-07-26 08:00:00,616.0,60.0,34,29,28,1130.6023817104185,945.1663683992194,1052.2418923875646,933.5956125858818,0.8359847667836464,0.8872442917735662,0.8235294117647058
2024-07-26 08:00:00,616.0,70.0,101,100,99,39619.03733048998,37154.50915456433,39224.68400041521,37140.80503843411,0.937794344790175,0.9468732759718588,0.9801980198019802
2024-07-26 08:00:00,616.0,80.0,96,91,89,30561.120430505383,29301.30291433287,30341.38135134877,29228.05631541542,0.9587771162043198,0.9633067122738675,0.9270833333333334
2024-07-26 08:00:00,616.0,90.0,79,74,74,17301.6849385283,16588.1526753704,17042.988102372023,16588.1526753704,0.9587593771535527,0.9733124599823948,0.9367088607594936
2024-07-26 08:00:00,616.0,100.0,93,94,92,14347.639675725795,14110.657928453744,14331.276729444762,14071.55778065972,0.9834828757462462,0.9818774730480622,0.989247311827957
2024-07-26 08:00:00,616.0,110.0,88,88,88,17872.07056123963,17006.55559269293,17872.07056123963,17006.55559269293,0.951571645513542,0.951571645513542,1.0
2024-07-26 08:00:00,616.0,120.0,62,61,60,14841.737848889326,14137.996323325566,14798.811083824716,14124.094029326036,0.9525836170447908,0.954407347274258,0.967741935483871
2024-07-26 08:00:00,616.0,130.0,88,86,85,8997.891582601567,8254.657067112872,8949.67089784185,8239.672991251113,0.9173990363558256,0.920667707819072,0.9659090909090908
2024-07-26 08:00:00,616.0,140.0,35,27,26,1480.7586756274538,1177.668751372479,1292.3618435172853,1165.708435048219,0.7953144362793997,0.9019984928335804,0.7428571428571429
2024-07-26 08:00:00,616.0,150.0,12,10,10,424.6108396486158,267.204600198175,389.10387258278615,267.204600198175,0.6292929318980612,0.6867179152562257,0.8333333333333334
2024-07-26 08:00:00,616.0,160.0,2,2,2,46.99770501229826,39.188669448000674,46.99770501229826,39.188669448000674,0.8338421937357551,0.8338421937357551,1.0
2024-07-26 08:00:00,616.0,170.0,3,3,3,201.58929883115127,228.5424021751327,201.58929883115127,228.5424021751327,1.1337030462443198,1.1337030462443198,1.0
2024-07-26 08:00:00,616.0,180.0,6,5,5,491.3939574389663,382.0757813144546,479.6653819739568,382.0757813144546,0.7775345535499599,0.796546500275059,0.8333333333333334
2024-07-26 08:00:00,616.0,190.0,2,0,0,40.43972652721124,,,,,,0.0
2024-07-26 08:00:00,616.0,200.0,22,21,21,6236.926866132411,6057.118820053522,6199.141650733397,6057.118820053522,0.9711704097325112,0.977089920075778,0.9545454545454546
2024-07-26 08:00:00,616.0,210.0,20,20,20,1791.1414252697043,1761.4880593932205,1791.1414252697043,1761.4880593932205,0.9834444307645784,0.9834444307645784,1.0
2024-07-26 08:00:00,616.0,220.0,11,10,10,617.1674508264148,575.1145688917499,599.7794150779637,575.1145688917499,0.9318614715044446,0.9588768044281618,0.9090909090909092
2024-07-26 08:00:00,616.0,260.0,36,36,36,16165.0656821499,14926.46586318665,16165.0656821499,14926.46586318665,0.9233779903331316,0.9233779903331316,1.0
2024-07-26 08:00:00,616.0,270.0,85,85,85,7355.708597470876,6980.1317206292815,7355.708597470876,6980.1317206292815,0.9489407618770094,0.9489407618770094,1.0
2024-07-26 08:00:00,616.0,280.0,31,32,31,1506.79192978008,1387.719138104248,1506.79192978008,1377.5155659943389,0.9209759560543898,0.914204236676122,1.0
2024-07-26 08:00:00,616.0,290.0,28,27,27,3318.724830887532,3138.9231930271712,3305.4324973784737,3138.9231930271712,0.945822071119926,0.9496255620154516,0.9642857142857144
2024-07-26 08:00:00,616.0,300.0,17,16,16,5537.2304989468585,5225.459772652983,5527.146211861363,5225.459772652983,0.9436955484599796,0.9454173224943904,0.9411764705882352
2024-07-26 08:00:00,616.0,310.0,3,2,2,559.620162537316,433.21995106300176,462.7486749741129,433.21995106300176,0.774132134730071,0.9361884203930718,0.6666666666666666
2024-07-27 08:00:00,640.0,40.0,17,16,16,3677.473157768327,3789.7775130318346,3647.7371381914672,3789.7775130318346,1.030538456827693,1.038939312088368,0.9411764705882352
2024-07-27 08:00:00,640.0,50.0,29,29,28,2692.217068533083,2629.8068994067976,2680.2895169905464,2619.3155924849066,0.97681829973677,0.97725099317849,0.9655172413793104
2024-07-27 08:00:00,640.0,60.0,33,33,32,1279.4364938398314,1240.3977412067627,1267.7991393356008,1228.8772905013564,0.9694875417255716,0.96929967245865,0.9696969696969696
2024-07-27 08:00:00,640.0,70.0,102,102,101,39525.235108564426,37196.03117986891,39373.5200727619,37181.36616501473,0.9410704598644924,0.9443241573601728,0.9901960784313726
2024-07-27 08:00:00,640.0,80.0,96,89,88,27786.349530491432,26068.11306828589,27520.619700972777,26056.350851063187,0.9381625693465048,0.9467937544350488,0.9166666666666666
2024-07-27 08:00:00,640.0,90.0,79,78,76,17859.42029692727,17023.16423793738,17606.75669052377,16985.96646784918,0.9531756325184996,0.9647413641486448,0.9620253164556962
2024-07-27 08:00:00,640.0,100.0,93,93,91,14044.522694392555,13393.024369548604,14011.630171867797,13328.621406059869,0.9536119283637832,0.9512541540541616,0.978494623655914
2024-07-27 08:00:00,640.0,110.0,89,88,88,17919.553232555318,17087.19056510522,17908.753789579227,17087.19056510522,0.9535500323781564,0.9541250477767996,0.9887640449438202
2024-07-27 08:00:00,640.0,120.0,62,61,59,15254.149995286354,14526.88974730686,15148.935572250575,14503.124318838023,0.9523237775815616,0.957369199285821,0.9516129032258064
2024-07-27 08:00:00,640.0,130.0,86,81,80,9146.164940862034,8136.21939395851,8989.133614517645,8124.765975997519,0.8895771557331728,0.9038430536704724,0.9302325581395348
2024-07-27 08:00:00,640.0,140.0,34,30,29,1509.5433316657604,1290.2568114474805,1387.53998422409,1269.8580611960467,0.8547332059846866,0.9151866437248288,0.8529411764705882
2024-07-27 08:00:00,640.0,150.0,13,11,11,455.8713644661848,316.3190671196028,416.9704346140392,316.3190671196028,0.6938779045488092,0.7586126997526756,0.8461538461538461
2024-07-27 08:00:00,640.0,160.0,2,2,2,45.18893623336504,35.46051683649266,45.18893623336504,35.46051683649266,0.7847167867233518,0.7847167867233518,1.0
2024-07-27 08:00:00,640.0,170.0,3,3,3,201.2916185829924,225.25605653766044,201.2916185829924,225.25605653766044,1.1190533322915657,1.1190533322915657,1.0
2024-07-27 08:00:00,640.0,180.0,5,5,5,510.3900542425679,393.5507968338277,510.3900542425679,393.5507968338277,0.7710784988117907,0.7710784988117907,1.0
2024-07-27 08:00:00,640.0,190.0,2,0,0,36.15183005253062,,,,,,0.0
2024-07-27 08:00:00,640.0,200.0,21,21,21,6001.787268745074,5808.804808784617,6001.787268745074,5808.804808784617,0.9678458346957026,0.9678458346957026,1.0
2024-07-27 08:00:00,640.0,210.0,20,19,19,2053.321311511555,1934.0955189985837,2008.122060735414,1934.0955189985837,0.9419351507021552,0.9631364331958384,0.95
2024-07-27 08:00:00,640.0,220.0,11,11,11,704.3795518643229,646.9283864227996,704.3795518643229,646.9283864227996,0.9184372043602572,0.9184372043602572,1.0
2024-07-27 08:00:00,640.0,260.0,36,36,36,15148.106192402594,13917.73786006841,15148.106192402594,13917.73786006841,0.9187774156909948,0.9187774156909948,1.0
2024-07-27 08:00:00,640.0,270.0,85,85,85,8074.927788147863,7597.418386333015,8074.927788147863,7597.418386333015,0.940865179931922,0.940865179931922,1.0
2024-07-27 08:00:00,640.0,280.0,31,31,31,1671.32481801546,1608.884303963909,1671.32481801546,1608.884303963909,0.9626401083867746,0.9626401083867746,1.0
2024-07-27 08:00:00,640.0,290.0,27,27,27,3519.6238616679248,3216.693166603057,3519.6238616679248,3216.693166603057,0.9139309463252384,0.9139309463252384,1.0
2024-07-27 08:00:00,640.0,300.0,17,17,17,5130.218491919972,4680.090645844772,5130.218491919972,4680.090645844772,0.9122595174485948,0.9122595174485948,1.0
2024-07-27 08:00:00,640.0,310.0,3,3,3,531.5588689859279,494.2542352833045,531.5588689859279,494.2542352833045,0.9298203155300736,0.9298203155300736,1.0
2024-07-28 08:00:00,664.0,40.0,17,16,16,3573.8508339352816,3643.1510092018,3542.7957182846444,3643.1510092018,1.0193908975182966,1.0283265812926254,0.9411764705882352
2024-07-28 08:00:00,664.0,50.0,29,29,28,2694.805915900469,2577.7237206914715,2682.266689339795,2565.424931652133,0.9565526428014114,0.9564391720808266,0.9655172413793104
2024-07-28 08:00:00,664.0,60.0,34,38,34,1461.0184443808091,1468.951527694902,1461.0184443808091,1405.743086727454,1.0054298310501173,0.9621665572628816,1.0
2024-07-28 08:00:00,664.0,70.0,103,105,102,40368.28289719689,37787.34983403022,40356.09104116944,37747.87993742533,0.9360653246079512,0.9353700758310972,0.9902912621359224
2024-07-28 08:00:00,664.0,80.0,97,93,92,27350.95678667882,25663.11950703028,27253.610177807408,25651.87754885439,0.938289644021865,0.9412286072009166,0.9484536082474226
2024-07-28 08:00:00,664.0,90.0,82,80,77,18157.293934447665,17189.80074578921,17699.59238372257,17033.56019824921,0.9467160033785128,0.9623701963845294,0.9390243902439024
2024-07-28 08:00:00,664.0,100.0,93,94,93,14440.121670521132,13759.861663976262,14440.121670521132,13743.164156415838,0.9528909782018256,0.9517346508562944,1.0
2024-07-28 08:00:00,664.0,110.0,90,88,88,17892.09679874469,16950.16351405872,17871.717167511957,16950.16351405872,0.947354784892956,0.9484350807023468,0.9777777777777776
2024-07-28 08:00:00,664.0,120.0,62,60,59,15467.796856906809,14507.643608028598,15335.702699270772,14491.635243950745,0.9379256620861636,0.9449606273757404,0.9516129032258064
2024-07-28 08:00:00,664.0,130.0,88,82,81,9585.258729487494,8624.519159083471,9423.62516641474,8611.025624323236,0.8997690518829228,0.9137699634968968,0.9204545454545454
2024-07-28 08:00:00,664.0,140.0,36,30,29,1674.2773659401696,1382.5831512537532,1507.1702738284923,1358.540236812954,0.8257790372011514,0.9013847077556868,0.8055555555555556
2024-07-28 08:00:00,664.0,150.0,14,12,11,491.77512192859854,336.26422395719004,442.13266170984326,318.49819349583703,0.6837764029999319,0.720367937225268,0.7857142857142857
2024-07-28 08:00:00,664.0,160.0,2,2,2,52.60872895642077,51.70714689506565,52.60872895642077,51.70714689506565,0.9828625005918322,0.9828625005918322,1.0
2024-07-28 08:00:00,664.0,170.0,3,3,3,194.58574743175944,215.2647336781899,194.58574743175944,215.2647336781899,1.1062718442607549,1.1062718442607549,1.0
2024-07-28 08:00:00,664.0,180.0,5,5,5,519.4083317205483,385.71955132143626,519.4083317205483,385.71955132143626,0.7426133309100649,0.7426133309100649,1.0
2024-07-28 08:00:00,664.0,190.0,2,1,1,39.58802121047096,25.394735083410445,26.551292611262003,25.394735083410445,0.6414752318232462,0.9564406319200824,0.5
2024-07-28 08:00:00,664.0,200.0,21,21,21,5915.970004522984,5668.920565086512,5915.970004522984,5668.920565086512,0.958240248133849,0.958240248133849,1.0
2024-07-28 08:00:00,664.0,210.0,20,19,19,2176.8999397936545,2174.0085878677373,2124.021821738785,2174.0085878677373,0.9986718030199444,1.0235340172202334,0.95
2024-07-28 08:00:00,664.0,220.0,10,11,10,700.8885676638315,660.8933103455917,700.8885676638315,633.0919024981642,0.9429363537037704,0.903270408031274,1.0
2024-07-28 08:00:00,664.0,260.0,36,36,36,15307.30569919158,13656.81805849695,15307.30569919158,13656.81805849695,0.8921764761788356,0.8921764761788356,1.0
2024-07-28 08:00:00,664.0,270.0,85,85,84,8950.020372141162,8321.098860313103,8909.490723421792,8296.12586371751,0.9297295999698828,0.931156013430506,0.9882352941176472
2024-07-28 08:00:00,664.0,280.0,32,32,31,1897.7658276608795,1790.5654452418005,1887.1026523451155,1773.074314152313,0.9435123233559272,0.9395749149888064,0.96875
2024-07-28 08:00:00,664.0,290.0,28,28,27,3791.382931185596,3565.5295036145926,3775.883741250188,3541.470735371392,0.940429803142998,0.937918373037306,0.9642857142857144
2024-07-28 08:00:00,664.0,300.0,17,17,17,4951.786326311312,4499.62933607861,4951.786326311312,4499.62933607861,0.9086881055771396,0.9086881055771396,1.0
2024-07-28 08:00:00,664.0,310.0,3,3,3,556.7632781734009,470.5768353077008,556.7632781734009,470.5768353077008,0.84520092067053,0.84520092067053,1.0
2024-07-29 08:00:00,688.0,40.0,17,16,16,3474.7891501618387,3603.686156967352,3451.796571456749,3603.686156967352,1.037094914607843,1.0440030524297383,0.9411764705882352
2024-07-29 08:00:00,688.0,50.0,26,25,25,2872.1857915960945,2727.348282385825,2860.4946175332075,2727.348282385825,0.9495723745886988,0.953453387280902,0.9615384615384616
2024-07-29 08:00:00,688.0,60.0,32,33,31,1163.42498736476,1107.1752848133908,1141.6126837556965,1084.0102474502112,0.951651629316662,0.949542925437738,0.96875
2024-07-29 08:00:00,688.0,70.0,100,99,97,40779.11994368787,38791.450922591815,40546.50575000976,38765.321458789855,0.9512576773642776,0.9560705846712948,0.97
2024-07-29 08:00:00,688.0,80.0,96,92,90,31006.596026147425,29997.9306231622,30724.819139956217,29972.08280055507,0.9674693280702392,0.9755007072304536,0.9375
2024-07-29 08:00:00,688.0,90.0,79,78,77,17806.561152095856,17081.364742681166,17579.900410497823,17071.311751301004,0.9592736405856032,0.9710698782518064,0.9746835443037974
2024-07-29 08:00:00,688.0,100.0,93,95,92,14882.98120043687,14575.09295672051,14865.252466124311,14492.649745090126,0.9793127304556885,0.9749346523455764,0.989247311827957
2024-07-29 08:00:00,688.0,110.0,89,88,88,18283.769821961923,17462.6730927617,18272.173706158614,17462.6730927617,0.955091497147708,0.9556976292796476,0.9887640449438202
2024-07-29 08:00:00,688.0,120.0,61,62,59,15161.583013650168,14424.116787363211,14991.742257188518,14385.213776509718,0.9513595496180705,0.9595424954435852,0.9672131147540984
2024-07-29 08:00:00,688.0,130.0,87,82,81,9266.89354985056,8445.1424174069,9158.88780456658,8432.352767695551,0.9113239913652712,0.9206743163172298,0.9310344827586208
2024-07-29 08:00:00,688.0,140.0,36,29,28,1534.1653288368182,1265.5528051052086,1351.0493049478175,1254.1421628629885,0.8249129225627412,0.928272682773356,0.7777777777777778
2024-07-29 08:00:00,688.0,150.0,12,10,10,420.2392837409819,263.13104303707144,383.2206219816253,263.13104303707144,0.6261457536636544,0.6866306976812121,0.8333333333333334
2024-07-29 08:00:00,688.0,160.0,2,2,2,42.97172062029948,43.92479813207967,42.97172062029948,43.92479813207967,1.0221791796563522,1.0221791796563522,1.0
2024-07-29 08:00:00,688.0,170.0,3,3,3,213.4804164518845,231.62049643989792,213.4804164518845,231.62049643989792,1.0849730401013242,1.0849730401013242,1.0
2024-07-29 08:00:00,688.0,180.0,5,5,5,519.5412199267523,382.191357296172,519.5412199267523,382.191357296172,0.7356324053557395,0.7356324053557395,1.0
2024-07-29 08:00:00,688.0,190.0,2,0,0,39.48604801891741,,,,,,0.0
2024-07-29 08:00:00,688.0,200.0,22,21,21,6303.842857217111,6089.971210179574,6275.60039073724,6089.971210179574,0.9660728143321846,0.970420490630402,0.9545454545454546
2024-07-29 08:00:00,688.0,210.0,21,20,20,1952.465003409894,1841.4070299074488,1940.629629555104,1841.4070299074488,0.943119096471134,0.948870924087456,0.9523809523809524
2024-07-29 08:00:00,688.0,220.0,11,11,11,678.2932904977267,626.939224429762,678.2932904977267,626.939224429762,0.9242892908017984,0.9242892908017984,1.0
2024-07-29 08:00:00,688.0,260.0,36,36,36,16108.840294140462,15364.034031956202,16108.840294140462,15364.034031956202,0.9537641289761136,0.9537641289761136,1.0
2024-07-29 08:00:00,688.0,270.0,85,86,85,7992.665829376395,7524.320643335478,7992.665829376395,7509.500736860743,0.9414031318162268,0.9395489436403286,1.0
2024-07-29 08:00:00,688.0,280.0,31,33,31,1657.643402341099,1600.5354365667683,1657.643402341099,1552.4603200453491,0.9655487026379274,0.9365466166322628,1.0
2024-07-29 08:00:00,688.0,290.0,27,27,27,3532.856862591522,3355.672392363635,3532.856862591522,3355.672392363635,0.9498466886377296,0.9498466886377296,1.0
2024-07-29 08:00:00,688.0,300.0,17,17,17,5554.625787575603,5285.8336703951045,5554.625787575603,5285.8336703951045,0.9516093203287028,0.9516093203287028,1.0
2024-07-29 08:00:00,688.0,310.0,3,3,3,538.1885829123117,502.8202802771064,538.1885829123117,502.8202802771064,0.934282696143764,0.934282696143764,1.0
2024-07-30 08:00:00,712.0,40.0,17,17,17,3408.2997067981023,3584.008779186021,3408.2997067981023,3584.008779186021,1.051553292698249,1.051553292698249,1.0
2024-07-30 08:00:00,712.0,50.0,26,25,25,2856.704994616244,2709.764402719363,2846.33752287536,2709.764402719363,0.9485629100051262,0.952017946199848,0.9615384615384616
2024-07-30 08:00:00,712.0,60.0,32,33,32,1113.6619755040126,1089.779823100304,1113.6619755040126,1075.601562793461,0.9785552951173536,0.9658240888638344,1.0
2024-07-30 08:00:00,712.0,70.0,100,101,98,40646.55376658992,38312.31390600657,40213.94913212412,38280.648038225925,0.9425722565807778,0.9519246148259084,0.98
2024-07-30 08:00:00,712.0,80.0,94,88,88,31321.331711554805,29442.637262362907,31029.43246101954,29442.637262362907,0.9400186918457611,0.9488616106449892,0.9361702127659576
2024-07-30 08:00:00,712.0,90.0,79,75,75,17765.17154846006,16761.906167479647,17356.754743982077,16761.906167479647,0.9435262767801766,0.9657281222626783,0.9493670886075948
2024-07-30 08:00:00,712.0,100.0,94,93,92,14845.445745535037,14380.163499247505,14814.54481712526,14358.218427217333,0.9686582501958574,0.969197407308767,0.9787234042553192
2024-07-30 08:00:00,712.0,110.0,88,90,88,18168.46672153706,17255.58276606809,18168.46672153706,17220.73093313877,0.9497544856447996,0.947836226197622,1.0
2024-07-30 08:00:00,712.0,120.0,63,58,57,15077.12260867546,14216.317181280185,14871.685443304894,14198.613272852945,0.9429065180580304,0.9547413658648246,0.9047619047619048
2024-07-30 08:00:00,712.0,130.0,86,81,80,9178.410537011789,8143.266991297141,9040.87432915991,8130.507943183638,0.8872197379338778,0.8993054927176647,0.9302325581395348
2024-07-30 08:00:00,712.0,140.0,36,27,27,1533.6850283638853,1184.1782969018543,1346.5995010023605,1184.1782969018543,0.7721130968886879,0.8793841792013103,0.75
2024-07-30 08:00:00,712.0,150.0,13,12,10,438.6556432863985,296.3652345920229,392.5121563868496,272.3192729963804,0.6756216160167484,0.6937855772497139,0.7692307692307693
2024-07-30 08:00:00,712.0,160.0,2,2,2,46.93917993636589,40.37709987488221,46.93917993636589,40.37709987488221,0.8602003684261271,0.8602003684261271,1.0
2024-07-30 08:00:00,712.0,170.0,3,3,3,220.80619055785,210.25605653766047,220.80619055785,210.25605653766047,0.9522199355301796,0.9522199355301796,1.0
2024-07-30 08:00:00,712.0,180.0,5,5,5,527.0854115805816,409.1367104663442,527.0854115805816,409.1367104663442,0.7762246904907835,0.7762246904907835,1.0
2024-07-30 08:00:00,712.0,190.0,2,0,0,42.02671225847397,,,,,,0.0
2024-07-30 08:00:00,712.0,200.0,22,21,21,6363.562591925086,5987.921624285317,6351.951839700745,5987.921624285317,0.9409700207684872,0.9426900227517188,0.9545454545454546
2024-07-30 08:00:00,712.0,210.0,20,20,20,1922.8720890754385,1811.237267549402,1922.8720890754385,1811.237267549402,0.9419437090172166,0.9419437090172166,1.0
2024-07-30 08:00:00,712.0,220.0,11,12,11,662.4861719256683,569.5266568631413,662.4861719256683,548.7535672250801,0.8596808220278488,0.8283245605413949,1.0
2024-07-30 08:00:00,712.0,260.0,36,36,36,16286.599920697745,15091.870878883135,16286.599920697745,15091.870878883135,0.926643434011276,0.926643434011276,1.0
2024-07-30 08:00:00,712.0,270.0,85,85,84,7706.415270017334,7225.322741704179,7672.087601851375,7211.6674961389135,0.937572462493048,0.9399876370544366,0.9882352941176472
2024-07-30 08:00:00,712.0,280.0,32,33,32,1599.7243567870023,1506.1014686349602,1599.7243567870023,1487.4066340562229,0.9414756124985928,0.9297893276086848,1.0
2024-07-30 08:00:00,712.0,290.0,27,27,27,3482.6918795023025,3152.819134389653,3482.6918795023025,3152.819134389653,0.9052822481787304,0.9052822481787304,1.0
2024-07-30 08:00:00,712.0,300.0,17,17,17,5546.734898907473,5019.413474547098,5546.734898907473,5019.413474547098,0.9049312011532696,0.9049312011532696,1.0
2024-07-30 08:00:00,712.0,310.0,3,3,3,558.861568788715,491.4837784634049,558.861568788715,491.4837784634049,0.8794374240630901,0.8794374240630901,1.0
2024-07-31 08:00:00,736.0,40.0,17,17,17,3375.212225237183,3504.3662394738544,3375.212225237183,3504.3662394738544,1.0382654498792578,1.0382654498792578,1.0
2024-07-31 08:00:00,736.0,50.0,26,28,26,2738.2176798885166,2791.6795999574806,2738.2176798885166,2768.32456399856,1.0195243498943227,1.0109950659990148,1.0
2024-07-31 08:00:00,736.0,60.0,32,32,29,1143.676510144467,1018.952671414134,1097.4318227464803,972.3411278626706,0.8909448278214802,0.8860150650901008,0.90625
2024-07-31 08:00:00,736.0,70.0,101,102,101,40203.41441528824,38271.247849381005,40203.41441528824,38260.92194384326,0.9519402370667184,0.951683395559898,1.0
2024-07-31 08:00:00,736.0,80.0,95,90,86,30463.13448839925,30014.23521098807,30134.72160824782,29964.25905097188,0.9852641796404068,0.9943433173369924,0.9052631578947368
2024-07-31 08:00:00,736.0,90.0,80,76,75,17594.122498611563,16934.662853238446,17355.67610958028,16920.049132374323,0.9625181849549383,0.9749000284140188,0.9375
2024-07-31 08:00:00,736.0,100.0,93,93,92,14702.034628988626,14384.030068724356,14628.421692648071,14367.728802199088,0.9783700305237176,0.982179014528956,0.989247311827957
2024-07-31 08:00:00,736.0,110.0,88,89,87,17951.286139967357,16672.72015807729,17916.759016578257,16637.164495745354,0.9287758006907691,0.9285811390526096,0.9886363636363636
2024-07-31 08:00:00,736.0,120.0,62,62,61,15018.908011972102,14139.231259103808,14990.607131986208,14123.309601490988,0.9414287142469298,0.942143935675252,0.9838709677419356
2024-07-31 08:00:00,736.0,130.0,87,80,79,9160.305867630952,8110.849893842991,9003.67076787883,8097.094383151303,0.8854343960831766,0.8993103581750461,0.9080459770114944
2024-07-31 08:00:00,736.0,140.0,35,29,27,1527.3538904856437,1254.524410847593,1357.4095868579125,1233.5807515366446,0.8213711430352917,0.9087756293162016,0.7714285714285715
2024-07-31 08:00:00,736.0,150.0,13,12,12,448.2979940463538,301.1731255813844,438.0961390145541,301.1731255813844,0.6718145732997485,0.6874589816263572,0.9230769230769232
2024-07-31 08:00:00,736.0,160.0,2,2,2,48.196199142447576,40.26545093870818,48.196199142447576,40.26545093870818,0.8354486796707878,0.8354486796707878,1.0
2024-07-31 08:00:00,736.0,170.0,3,3,3,228.98104793738835,199.3775365050729,228.98104793738835,199.3775365050729,0.8707163247833065,0.8707163247833065,1.0
2024-07-31 08:00:00,736.0,180.0,5,5,5,512.5682934661563,405.1947531807304,512.5682934661563,405.1947531807304,0.7905185676637732,0.7905185676637732,1.0
2024-07-31 08:00:00,736.0,190.0,2,0,0,45.44623500201187,,,,,,0.0
2024-07-31 08:00:00,736.0,200.0,22,21,21,6341.590333951236,5958.763991232494,6329.667964419738,5958.763991232494,0.9396324387797192,0.9414023017838904,0.9545454545454546
2024-07-31 08:00:00,736.0,210.0,20,19,19,1933.7095052421207,1742.7578408970192,1893.142920437566,1742.7578408970192,0.9012511114893688,0.9205632718390916,0.95
2024-07-31 08:00:00,736.0,220.0,11,11,11,682.7332380678338,630.8958132934868,682.7332380678338,630.8958132934868,0.9240736763877948,0.9240736763877948,1.0
2024-07-31 08:00:00,736.0,260.0,36,36,36,15973.663111331216,14967.052613501945,15973.663111331216,14967.052613501945,0.936983114592218,0.936983114592218,1.0
2024-07-31 08:00:00,736.0,270.0,85,85,85,7672.322906370981,7170.900391608417,7672.322906370981,7170.900391608417,0.934645280069457,0.934645280069457,1.0
2024-07-31 08:00:00,736.0,280.0,31,34,31,1582.13167884853,1511.6526824917903,1582.13167884853,1470.3079132373673,0.955453141290974,0.9293208225926256,1.0
2024-07-31 08:00:00,736.0,290.0,27,27,27,3446.382988164368,3192.324028207666,3446.382988164368,3192.324028207666,0.9262824355768944,0.9262824355768944,1.0
2024-07-31 08:00:00,736.0,300.0,17,17,17,5479.887927929137,5039.910446164815,5479.887927929137,5039.910446164815,0.9197104963548788,0.9197104963548788,1.0
2024-07-31 08:00:00,736.0,310.0,3,3,3,542.931726671149,501.60826952221225,542.931726671149,501.60826952221225,0.9238882991747392,0.9238882991747392,1.0
